basin,FHV_1%,mNSE,NSE,Alpha-NSE,Beta-NSE,FHV,FMS,FLV,KGE,Beta-KGE,Peak-Timing,Peak-MAPE,Pearson-r
01013500,-16.4075568318367,0.6746435463428497,0.8523540496826172,0.922448754310608,-0.0211025848984718,-10.266716033220291,1.3292255046852546,14.970952905126133,0.888247541840361,0.975143015384674,1.0588235294117647,25.69334647234748,0.9234719233707076
01022500,-11.016517132520676,0.6953898072242737,0.8605343401432037,0.8989717960357666,-0.0109175015240907,-9.334518015384674,-5.769374751356978,25.26789374230033,0.875303641156654,0.9864554405212402,0.3181818181818182,27.96793200752952,0.9281736202981378
01030500,-6.695247441530228,0.7204317450523376,0.8736865520477295,0.9394885301589966,0.0119648519903421,-8.557375520467758,-8.638397106832134,-412.4292398232974,0.9097569764810044,1.0152043104171753,0.8571428571428571,20.79380126226516,0.934800350796423
01031500,-3.161577880382538,0.7122605443000793,0.8756220787763596,0.9533798098564148,0.0052239755168557,-3.149620071053505,-20.10251578493287,-366.56855381522985,0.920290968052866,1.0086241960525513,0.0454545454545454,25.176343050870027,0.9359241786055588
01047000,2.38922368735075,0.6821593344211578,0.8379039019346237,0.9685133695602416,0.0137055851519107,-1.5188549645245075,-13.390202872616472,-557.9422944315204,0.9086705212278988,1.0211743116378784,0.0454545454545454,27.71127874200994,0.9169258504527686
01052500,-15.051797032356262,0.634758710861206,0.7885562628507614,0.8808534145355225,-0.0005882014520466,-11.884266138076782,-13.463089821966342,-441.45279600677713,0.8364986538365828,0.9990639090538024,0.391304347826087,34.71679272858993,0.8880361437644007
01054200,10.61915084719658,0.5555607676506042,0.5905958414077759,1.0248446464538574,0.0014950453769415,4.73429411649704,-8.844280317588689,-514.3576747564622,0.7990040511419733,1.002616286277771,0.2608695652173913,43.66849401722784,0.8005626162274633
01055000,14.558222889900208,0.6020604968070984,0.674737811088562,1.0607004165649414,0.0130948014557361,5.471103265881538,-15.415413405496247,-336.1055087833938,0.8353424343497331,1.021756291389465,0.1739130434782608,49.73089383996051,0.848493441925139
01057000,17.919433116912842,0.662598580121994,0.7525371313095093,1.067618489265442,0.0325069613754749,8.741617947816849,-11.731195719908168,-272.5970502065637,0.8592916818202277,1.0489802360534668,0.1428571428571428,30.90891611008417,0.8867414144950325
01073000,-0.6112379021942616,0.6862743198871613,0.8669877052307129,0.951062798500061,0.0381784886121749,0.3029144136235118,-9.618099098953529,-68.98492313249798,0.8906816242460989,1.070319652557373,0.3157894736842105,29.124370374177637,0.9320970983607044
01078000,-2.693290822207928,0.6402988135814667,0.806501179933548,1.0173841714859009,0.0658398419618606,2.43965182453394,-5.1423141942329496,-391.4939824929669,0.865657878271503,1.0955538749694824,0.2857142857142857,32.921100798107325,0.9071826889498537
01118300,-11.297791451215744,0.6364108324050903,0.7658732831478119,0.8576064705848694,-0.0338152758777141,-11.164027452468872,-14.259749953704343,-182.69226818146004,0.8048534818082302,0.9507331848144532,0.2631578947368421,29.220977582429587,0.8759877938888827
01121000,-25.0582218170166,0.6002180576324463,0.7504062950611115,0.77642822265625,0.0290555674582719,-21.64422422647476,-17.142142056317013,2.3837988881662846,0.7383532842528991,1.045724630355835,0.1,36.27471446990967,0.8720003030651122
01123000,-19.313906133174896,0.6206601858139038,0.7820843607187271,0.8368442058563232,0.011078605428338,-17.127451300621033,-8.134803583054827,-803.3428282658475,0.8001526521349379,1.0165027379989624,0.0526315789473684,34.371039741917656,0.8857773712236366
01134500,1.0756329633295536,0.6332261860370636,0.7846757471561432,0.949635684490204,-0.0092531656846404,-3.613069653511048,-12.807435242526374,-330.87529665261644,0.876569859749769,0.9874956011772156,0.4166666666666667,32.05595811208089,0.888008592939002
01137500,-8.797454833984375,0.6318362951278687,0.7845531553030014,0.8738077878952026,-0.089613988995552,-11.137407273054125,-7.304250347735229,-16.660138649553595,0.7980079118261485,0.8865537047386169,0.1666666666666666,35.481834411621094,0.890426885686324
01139000,-11.475012451410294,0.6467525959014893,0.8351025432348251,0.9497162103652954,0.0431097894906997,-8.851298689842224,-2.684490099081309,-515.0931373588976,0.8906292818349271,1.047879934310913,0.0476190476190476,22.59950410752069,0.9154955244836154
01139800,-12.204843014478683,0.5410381853580475,0.7200099229812622,0.9807204008102416,0.0864836797118187,-6.671305745840073,-10.46611944658932,-540.5315385794684,0.834219550168271,1.0886647701263428,0.52,44.165435791015625,0.8612555833918515
01142500,-13.052405416965485,0.6473090946674347,0.7611780613660812,0.9012680649757384,0.0054783155210316,-12.087860703468325,-3.5254688370056138,-24.487839694507755,0.8389575030276015,1.006365418434143,0.5,35.920711664053115,0.8729324105618264
01144000,-8.206313848495483,0.6696544885635376,0.8302198350429535,0.950824499130249,0.0106760831549763,-4.873484745621681,-6.158774866684523,-543.8885782387354,0.8984578928979111,1.012552261352539,0.125,25.18619696299235,0.9120510923099168
01162500,-17.460931837558746,0.6661643385887146,0.8107064217329025,0.8954813480377197,-0.0395209863781929,-14.879299700260162,-6.614215118972154,-322.77885206778257,0.8474065650846037,0.9488672018051147,0.6666666666666666,23.522118159702845,0.9012779420796538
01169000,-29.9771785736084,0.6077020764350891,0.6600471138954163,0.7262208461761475,-0.0648475959897041,-24.92606490850449,-15.827806287004549,-25.17499518173221,0.6578307287376572,0.9005770683288574,0.2727272727272727,48.34234064275568,0.8204453682423836
01170100,-18.40379536151886,0.5794250667095184,0.6690407991409302,0.8463548421859741,-0.0488799326121807,-15.823046863079073,-3.4476258054478777,-502.21564580945903,0.7547525284044639,0.9361181259155272,0.3181818181818182,42.69336353648793,0.8198373124985033
01181000,-25.246554613113403,0.6180745363235474,0.6800978779792786,0.7355003952980042,-0.0301724337041378,-22.007614374160767,-5.024450181845923,-479.58634826099234,0.6817093457245597,0.948150098323822,0.5238095238095238,48.51977938697451,0.8307059144336504
01187300,-21.401111781597137,0.570893794298172,0.6996158957481384,0.7984336018562317,0.0231333412230014,-18.238042294979092,-19.89799355979685,6.048635094944454,0.7377485492931618,1.0423754453659058,0.45,42.04795837402344,0.8376696819222293
01333000,-26.65354311466217,0.5523891746997833,0.6469386219978333,0.7433301210403442,-0.1265728175640106,-25.37518441677093,-11.57648763098593,-474.6731095243215,0.6501336174630914,0.8474920988082886,0.3043478260869565,39.19426461924677,0.8176037310184296
01350000,-10.266777127981186,0.6011198163032532,0.6797188520431519,0.8780571222305298,-0.014499032869935,-10.561560839414597,-7.098232176730046,-401.5824178651896,0.7861731574724925,0.974549114704132,0.2608695652173913,35.15431777290676,0.8262067159403444
01350140,-34.44717526435852,0.4681317210197449,0.5264067649841309,0.7274948358535767,0.013142648153007,-31.138214468955997,-9.900095469462642,-268.1593086446021,0.612501701056323,1.025171160697937,0.3181818181818182,51.54450589960272,0.7256602838324483
01365000,-10.226203501224518,0.5711193680763245,0.6892790794372559,0.921250343322754,0.0205236431211233,-6.34375587105751,-13.276736612529035,21.709866758459945,0.8150086031865693,1.027928113937378,0.2608695652173913,38.55837946352752,0.8349535552636747
01411300,9.07437950372696,0.4582849144935608,0.6338045597076416,1.129500389099121,0.234570175409317,13.793639838695526,3.693323449137436,44.56982666665708,0.7213666658217626,1.2094799280166626,0.3888888888888889,45.6845760345459,0.8696760041412502
01413500,-0.0625133339781314,0.5537874102592468,0.6969660818576813,1.0241650342941284,0.0973100811243057,1.706043817102909,-1.9338722126171728,-433.77271921648014,0.8013003474205619,1.1357898712158203,0.35,49.75046157836914,0.8569660392496106
01414500,-14.709484577178957,0.530842125415802,0.6407780349254608,0.8675730228424072,0.0137196099385619,-15.971280634403229,-12.679682233366131,-573.858162143868,0.7620215605718931,1.0190273523330688,0.4583333333333333,44.74681218465169,0.8031884322080309
01415000,-11.07022613286972,0.5178614854812622,0.6842878758907318,0.9111038446426392,0.0401843711733818,-9.25784483551979,-3.924605356349149,-380.8197762630488,0.801558093557831,1.056928634643555,0.4,44.093971252441406,0.8319649014262105
01423000,2.9008226469159126,0.6248026192188263,0.7524883449077606,0.9968544840812684,0.0504938997328281,3.821619972586632,10.402445379677625,-469.8788500172621,0.8576495314189551,1.0718231201171875,0.0952380952380952,25.35128139314197,0.8771374709218465
01435000,-6.704958528280258,0.5740796029567719,0.7107807695865631,0.9253738522529602,0.0285105910152196,-2.2659067064523697,-17.59534416494796,-25.489331305310674,0.825006104831888,1.0412170886993408,0.375,34.16725794474284,0.8471767261910155
01439500,-18.814030289649963,0.6397266089916229,0.794325515627861,0.8917183876037598,0.0432919822633266,-15.707679092884064,-4.562498855094139,-25.015581191378335,0.839362663261588,1.04980206489563,0.0909090909090909,27.60639190673828,0.8923004145624887
01440000,-11.189739406108856,0.6085519790649414,0.7998175919055939,0.9506415724754332,0.0970511361956596,-6.5667517483234406,-0.9517280189760652,-7.473322144093999,0.8260039982628697,1.134264349937439,0.2,22.283761501312256,0.9009472938850912
01440400,-20.673750340938568,0.6132082641124725,0.7625367641448975,0.8221296072006226,0.0316556096076965,-17.54896342754364,-7.713907611938403,-22.319065006370117,0.7781744375690933,1.0452916622161863,0.4210526315789473,38.96119469090512,0.8754312685828498
01451800,-2.1650681272149086,0.6301271319389343,0.8001242280006409,0.9418874382972716,-0.015119188465178,-3.086094744503498,-7.835370549910456,-344.2324989541166,0.8783669145457914,0.9762929081916808,0.05,39.22070264816284,0.8958102142844638
01466500,-11.72681599855423,0.4368519783020019,0.6289267838001251,0.8841175436973572,0.0865205004811286,-8.469890803098679,-10.792690421213544,16.359785351976722,0.7644423845623827,1.0533279180526731,0.1428571428571428,34.91487843649728,0.8019727804868991
01484100,-8.174867182970047,0.4844569563865661,0.5462061762809753,0.8937771916389465,0.0053775683045387,-8.737098425626755,-13.08820195293969,7.528659808231961,0.7305584921064062,1.0064843893051147,0.2857142857142857,41.18051983061291,0.7524653683720111
01485500,-3.4099508076906204,0.68991819024086,0.8236157894134521,0.937239408493042,0.0107932444661855,-1.534978486597538,-17.36562144505723,-361.28318122156367,0.8871525253134771,1.018540620803833,0.25,27.788901329040527,0.908065751338086
01486000,-22.1109002828598,0.5572561025619507,0.5836563408374786,0.7953124046325684,-0.0473301485180854,-18.83554756641388,-5.432924765885691,-395.10109465279606,0.6781284067928102,0.9166440963745116,0.3181818181818182,41.05668067932129,0.7659997774633288
01487000,-27.822914719581604,0.6063193380832672,0.7203698456287384,0.7575493454933167,-0.076277881860733,-27.143582701683044,-14.760968685287873,31.073694640549117,0.7102698280215451,0.9291571974754332,0.3157894736842105,42.68145812185188,0.8580755482152173
01491000,-21.48456573486328,0.5774358212947845,0.7080704271793365,0.8248273730278015,0.0113352956250309,-19.088612496852875,-13.398557131855371,-167.90076468410183,0.7631759725137748,1.0186017751693726,0.3157894736842105,42.996547096653984,0.8417149889755714
01510000,-25.665339827537537,0.5846104621887207,0.7359483242034912,0.7585745453834534,-0.0656285062432289,-24.644283950328827,-4.135993793435839,-445.3312281629863,0.7089722337231408,0.9063068628311156,0.16,35.69892883300781,0.867212550838776
01516500,-19.42586898803711,0.4278586506843567,0.4910180568695068,0.8000420928001404,0.05188575014472,-16.763561964035034,-22.4507966596318,-164.97914942265294,0.6264297988337368,1.1210050582885742,0.2105263157894736,55.54046630859375,0.708573668972357
01532000,11.370348930358888,0.5679221749305725,0.6564181745052338,1.0767221450805664,0.0542653873562812,9.612088650465012,-15.922210693540316,-322.1647567760722,0.7981148481242492,1.103474259376526,0.0588235294117647,42.411094553330365,0.8445509580325085
01539000,-25.052878260612488,0.6506160795688629,0.7159461081027985,0.7399533987045288,0.0100942132994532,-21.36191576719284,-7.512483102442315,-497.6659004618598,0.7012100951519625,1.0168392658233645,0.1578947368421052,35.68121257581209,0.8538233550791933
01542810,-4.855455085635185,0.6061749458312988,0.7352931797504425,0.9337719082832336,0.0154502671211957,-5.035635083913803,-17.045471171164607,-336.18174263025054,0.8429246246543927,1.0298664569854736,0.2272727272727272,54.18971668590199,0.8607358331994411
01543000,-7.375209778547287,0.688252717256546,0.8415688425302505,0.9056293964385986,-0.0090924650430679,-7.2113193571567535,-5.693782967348761,-332.5395925683398,0.8737906933099019,0.9853211641311646,0.0952380952380952,25.298014141264414,0.9174923636492484
01543500,-8.198675513267517,0.7091542482376099,0.8453114032745361,0.9061439633369446,-0.0038812414277344,-6.112948805093765,-13.97779893720735,-315.5822068035102,0.8762200500381356,0.9941301345825196,0.1904761904761904,20.425004050845192,0.9195135721102898
01544500,14.97848778963089,0.5879206657409668,0.723904550075531,1.129894495010376,0.0789675638079643,17.944492399692535,-4.260648992310171,-393.048706427729,0.7943173244546367,1.1135765314102173,0.3157894736842105,32.927972392032025,0.8880484269948717
01545600,5.721677094697952,0.554816722869873,0.7310961484909058,1.0501288175582886,0.1104552671313285,6.130233034491539,-4.261766613168228,-320.352080174419,0.797218327005808,1.1547890901565552,0.3684210526315789,40.19731973346911,0.8789717135499427
01547700,-21.899449825286865,0.6008102893829346,0.688840389251709,0.7376000881195068,-0.0003143667127005,-21.30110412836075,-24.663137646516628,-277.430165691621,0.6904306771242485,0.9993246793746948,0.375,45.24690508842468,0.835747158767607
01548500,-6.302802264690399,0.6291988492012024,0.8344521969556808,0.973061978816986,0.0988417267799377,-2.94302050024271,-14.440024252542408,-34.593188682675176,0.8328780633687907,1.144417405128479,0.1052631578947368,21.7318058013916,0.9203275592562508
01549500,2.8972532600164413,0.4398593306541443,0.6013556122779846,1.0095243453979492,0.1331083327531814,3.2601729035377502,-17.760603526328655,-390.8374233185176,0.7069214112374164,1.2241122722625732,0.3684210526315789,33.97727514568128,0.8113785922618686
01550000,7.524046301841736,0.5323621928691864,0.7179584205150604,1.0684880018234253,0.1257600337266922,9.710299223661425,-13.810459201189666,-460.6032605910588,0.7612214491070736,1.1932519674301147,0.3684210526315789,38.31803924158999,0.8776142693891554
01552000,8.773723244667053,0.6198493242263794,0.794426903128624,1.0529654026031494,0.076468326151371,8.974985778331757,-10.068253966143864,-453.4434876450022,0.8440755973205344,1.1129753589630127,0.1,23.498806953430176,0.90649249364242
01552500,-15.659625828266144,0.5516850054264069,0.6963518559932709,0.8533008098602295,0.022909415885806,-12.985920906066896,-17.407447239441005,-435.0334280703875,0.7759413682450855,1.0381317138671875,0.2916666666666667,48.96442890167236,0.8349921502662048
01557500,-25.768086314201355,0.6049198508262634,0.7326487302780151,0.7713951468467712,-0.0146008254960179,-21.666301786899567,-22.141378128369148,-514.1139180793018,0.7314324628167062,0.9783258438110352,0.4,36.834917068481445,0.8607212360157263
01567500,7.713434845209122,0.4422058463096618,0.5324468016624451,0.947245717048645,0.0187836717814207,4.948102682828903,-13.249974473019158,-607.0634654352333,0.747386949889421,1.030598521232605,0.4761904761904761,51.432037353515625,0.7548590829444498
01568000,-9.890275448560716,0.5892172455787659,0.7370125353336334,0.8894607424736023,0.033012319356203,-6.766773760318756,-10.498399194410526,22.97796831059028,0.8128638667741487,1.055693507194519,0.0476190476190476,30.52128383091518,0.8596460254905107
01580000,0.993663351982832,0.5216479599475861,0.7095857262611389,0.9913561344146729,0.100041851401329,3.15941758453846,-19.35197364904044,71.1072549452107,0.8207083584541744,1.1099103689193726,0.1428571428571428,31.700399943760463,0.858612280872959
01583500,-12.154951691627502,0.4898192882537842,0.6479876339435577,0.8584322929382324,0.1072630062699318,-8.80424901843071,-15.594074078944187,68.85222024539573,0.7388831650017875,1.115323781967163,0.0833333333333333,26.11989974975586,0.8133425298854946
01591400,7.860562205314636,0.4058549404144287,0.4931613802909851,1.042486310005188,0.0547183901071548,4.165949299931526,-19.45379360051369,50.58372133050825,0.7390339809902418,1.091206431388855,0.1363636363636363,58.50919376720082,0.7592105413161643
01596500,-13.675808906555176,0.6216592490673065,0.7856845855712891,0.8489652872085571,0.0354652367532253,-14.194919168949127,-15.344150258967424,-312.493081890146,0.8020050140016056,1.06193745136261,0.2,32.11418390274048,0.8879541070310246
01605500,-34.7244530916214,0.5699674487113953,0.6993882656097412,0.7107055187225342,-0.0478075332939624,-31.439515948295597,-28.394554526183352,-1002.4675864555352,0.6638897001695772,0.9195173978805542,0.2631578947368421,40.50795655501516,0.8489987168578302
01606500,-9.517420083284378,0.559413880109787,0.7123486399650574,0.9787436723709106,0.0853958576917648,-6.32256343960762,-20.602901892989838,-135.48275893508358,0.8051737136672961,1.1306079626083374,0.2105263157894736,33.614128514340045,0.8570069565146029
01620500,-12.80653029680252,0.4779809713363647,0.5497004091739655,0.8860001564025879,0.032409880310297,-7.137126475572586,-30.75742774134734,-219.24010524813764,0.7215120241919204,1.0628397464752195,0.75,52.57224082946777,0.7538074846946455
01632000,-13.001346588134766,0.5394118130207062,0.617313414812088,0.960073173046112,0.0266338735818862,-9.187120199203491,-28.779267377165112,-173.50723064946231,0.7893676449321879,1.0593953132629397,0.3,58.19977283477783,0.8018989291972292
01632900,-17.62399822473526,0.4955413341522217,0.6131759881973267,0.7422775626182556,-0.0015337310032919,-17.992255091667175,-36.06922630751978,49.0667142162503,0.6638333963198322,0.9972318410873412,0.1578947368421052,48.55277412816098,0.7841772301259524
01634500,-11.386166512966156,0.4377152919769287,0.5115653872489929,0.940556824207306,0.1048508062958717,-7.75660052895546,-22.059831591807644,-592.5821631910816,0.6701424647759823,1.2044607400894165,0.5625,49.88888502120972,0.7480708271004903
01638480,-10.73089763522148,0.4144520163536072,0.3969603776931762,0.8013723492622375,0.0338144190609455,-5.389820039272308,-27.923884256746103,-152.16408253767574,0.5874903129614759,1.0869650840759275,0.2,79.26663398742676,0.6490749760779586
01639500,-1.6807012259960177,0.5271393656730652,0.663121372461319,0.9734289050102234,0.075078435242176,-1.2962069362401962,-3.4007024877407823,84.89256204874232,0.7892920398551844,1.1219297647476196,0.1363636363636363,38.00558610395952,0.8302208674541433
01644000,-18.7177836894989,0.5500249862670898,0.6362980604171753,0.8023144006729126,0.058812815696001,-13.1052628159523,-22.8068489161826,-209.2267474379018,0.6921952948458268,1.1249195337295532,0.2,35.2010178565979,0.7998519287464184
01658500,-9.297921508550644,0.3341183662414551,0.4314187169075012,0.9087979793548584,0.0748965442180633,-3.407258540391922,-42.08661898592951,,0.6044682591438737,1.2345339059829712,0.3809523809523809,48.90468234107608,0.6948420140332359
01664000,7.225268334150314,0.4817608594894409,0.7038314342498779,1.0747889280319214,0.1529577225446701,9.938869625329971,-26.49019440489795,-241.70265810996105,0.7194470137525337,1.2401409149169922,0.2,29.207458496093757,0.8757062539021492
01666500,2.729075588285923,0.3916678428649902,0.5555135607719421,0.9567038416862488,0.1153652891516685,8.065493404865265,-25.411395136565552,68.12844596324295,0.6989628933176582,1.1959818601608276,0.1578947368421052,63.49696611103258,0.7756344661877675
01667500,-10.662974417209623,0.5308367609977722,0.7545848488807678,0.8907370567321777,0.0883445367217063,-6.995392590761185,-30.976332878664422,-183.40865404565128,0.7825945565382101,1.1388511657714844,0.0454545454545454,32.21004659479315,0.8733228914161286
01669000,-13.964085280895231,0.5320993661880493,0.7231501340866089,0.872765839099884,0.0244166012853384,-12.596428394317629,-10.33240091582095,-3.0839457896111693,0.8016904162817965,1.0306661128997805,0.15,38.09369087219238,0.8510109104190897
02011400,-11.987252533435822,0.646465927362442,0.7952040135860443,0.8849026560783386,-0.0085967173799872,-13.350772857666016,-22.71056630476888,-153.115760708806,0.8415226299694172,0.9872456789016724,0.25,32.03235626220703,0.8918103261521239
02011460,-27.27583646774292,0.6525126993656158,0.778339758515358,0.7546550035476685,-0.0064932461827993,-26.221901178359985,-17.69353131078969,-357.74042965059823,0.7320811163381793,0.987850785255432,0.35,38.2837986946106,0.8930478727678031
02013000,-0.5087283905595541,0.570522278547287,0.7209614515304565,0.9850056767463684,0.0810947865247726,1.3539387844502926,-18.783345498638475,-780.968652693005,0.7793168525039977,1.1714046001434326,0.45,29.626390933990475,0.8618092444894454
02014000,-17.800550162792206,0.6173434555530548,0.7860069870948792,0.8496130108833313,0.0225307904183864,-16.133801639080048,-12.882128159779816,-1003.285219361202,0.8080362900541342,1.040205001831055,0.2352941176470588,41.1280351526597,0.8876729005610474
02015700,-16.553565859794617,0.584304928779602,0.709418773651123,0.8269252181053162,-0.033123567700386,-17.082475125789642,-12.754153874468471,-1133.4515587732346,0.761694811082719,0.952997088432312,0.3,39.97495889663696,0.8430757850388643
02016000,-13.9058917760849,0.6726337969303131,0.8325394541025162,0.8812754154205322,-0.0199530608952045,-14.041157066822052,-12.05381243959383,-866.088261411552,0.8488704632245595,0.9651777744293212,0.3,25.84957361221313,0.913212774507438
02017500,-12.8893181681633,0.6211458146572113,0.7893769890069962,0.8922485113143921,0.0682664141058921,-9.038595110177994,-19.76072651840632,-644.6571733382428,0.80709435118534,1.1172198057174685,0.4117647058823529,35.26689024532543,0.8910884616847267
02018000,2.664810046553612,0.6347079575061798,0.846230536699295,1.011022686958313,0.0444826520979404,-0.2271875040605664,-13.201294689041331,-763.7318078799149,0.8906323556048081,1.0788264274597168,0.0555555555555555,24.639823701646595,0.9249921580985682
02027000,-14.961251616477966,0.4032421708106994,0.550356537103653,0.8405751585960388,0.1338729560375213,-10.49967110157013,-19.93132195739595,29.12455036868724,0.6341873512734071,1.223588943481445,0.3684210526315789,49.44637700131065,0.7583171535575216
02027500,29.31582927703857,0.2083461880683899,0.2066556811332702,1.261399269104004,0.3102138936519623,34.130844473838806,-19.256010806934817,-196.9002304167143,0.4327702785165253,1.4373779296875,0.3157894736842105,81.72540162739,0.7507601041799505
02028500,-5.283188819885254,0.4763101935386657,0.6411517560482025,0.9692681431770324,0.1238707900047302,-2.2120770066976547,-21.912536626723885,58.190023584453776,0.7352910969215203,1.194678544998169,0.2777777777777778,46.95574442545573,0.8232894443938887
02038850,3.524452075362205,0.3698912858963012,0.3687426447868347,1.0201133489608765,0.0526160337030887,-3.8711663335561752,-38.86183501483901,76.95432519860331,0.6700821396441685,1.1169164180755615,0.3,71.52443885803223,0.6921497133999572
02046000,-16.741596162319183,0.5774148106575012,0.6221035420894623,0.76678466796875,0.0076219998300075,-13.24569433927536,-25.224630892600075,-1.0782863620359564,0.6849493092085226,1.0195820331573486,0.5,51.22634887695312,0.789087481046844
02051500,9.522232413291931,0.5906985104084015,0.7480334341526031,1.0521098375320437,0.066269040107727,6.219962611794472,-23.43142327303501,-224.2117850216852,0.8135532937469594,1.136036396026611,0.2857142857142857,30.17396018618629,0.8836340339227889
02053200,6.285239011049271,0.6462501287460327,0.716612845659256,1.0079138278961182,-0.0100449919700622,-0.0372410024283453,-31.525833627068828,-108.04343214352691,0.858106657941303,0.9818103313446044,1.0588235294117647,29.08829240237965,0.8595000789935314
02053800,-17.804962396621704,0.4955605864524841,0.6640216708183289,0.8135855793952942,0.0499052964150905,-15.003541111946106,-22.77889366312234,-665.6893163252782,0.7251252045793228,1.0842578411102295,0.25,40.80246925354004,0.8164068815025621
02055100,-29.59827482700348,0.4825119972229004,0.4876590371131897,0.6801432371139526,-0.0488765761256217,-27.04768776893616,-32.586530583530184,-468.41738255649847,0.553463072900839,0.91466623544693,0.2941176470588235,52.91772169225356,0.70032513097288
02056900,-12.424324452877045,0.5010166466236115,0.6790532767772675,0.8221302628517151,0.0364001840353012,-12.102610617876053,-28.812884020941155,50.44486665229252,0.7439248744500473,1.0571054220199585,0.3333333333333333,59.03344835553851,0.8248549249674815
02059500,-26.804247498512268,0.4055452346801758,0.5510764718055725,0.7646631002426147,0.0693240761756897,-20.22047191858292,-33.097117643947314,43.13736189858554,0.6269479771047979,1.1384685039520264,0.4210526315789473,69.95413930792557,0.7458133976542579
02064000,35.66097915172577,0.4116039872169494,0.1823151111602783,1.342010498046875,0.1562563925981521,28.3320426940918,-32.764422954075,72.26609791971926,0.4858731607261703,1.289595365524292,0.3684210526315789,50.6534174868935,0.748028274692817
02065500,18.53173077106476,0.3824938535690307,0.5530069470405579,1.1436599493026731,0.1472445130348205,22.362636029720303,-34.50463988506415,92.80091676103092,0.6563933561592776,1.257150650024414,0.2631578947368421,50.69383821989361,0.8230794306761939
02069700,-0.7555224467068911,0.4683965444564819,0.7367209494113922,0.9994508624076844,0.1179278269410133,0.9475757367908956,-24.17780366429147,62.19376929213269,0.8118601792806589,1.1408283710479736,0.0833333333333333,34.76070562998454,0.8752455992913084
02070000,0.7111504673957825,0.4383165836334228,0.6936443746089935,0.9912680983543396,0.0857909768819809,-3.0905475839972496,-29.4865382455497,-76.60961731804933,0.8036699934657076,1.1254422664642334,0.1428571428571428,39.28897040230887,0.8492237978203387
02074500,-11.41650676727295,0.4592695832252502,0.6631556749343872,0.8581655025482178,0.0381632931530475,-10.801813006401062,-21.89349551377617,70.06569121273004,0.7564592664041047,1.0738476514816284,0.0952380952380952,43.80824679420108,0.8163111635845139
02077200,-13.861751556396484,0.5243458151817322,0.4842173457145691,0.9022120833396912,0.0091366562992334,-15.953630208969116,-31.58164197877325,-13.529368852295596,0.7016417350541593,1.0278611183166504,0.1666666666666666,41.50689178042942,0.7195023427854084
02081500,-4.55709733068943,0.6060365736484528,0.7795494049787521,0.9723109006881714,0.0633783265948295,-3.849835693836212,-33.30272516651134,11.724860872341896,0.7877493997348333,1.1788402795791626,0.0476190476190476,37.98696654183524,0.8890956020156539
02082950,17.158910632133484,0.4692114591598511,0.5201243162155151,1.1577091217041016,0.145332783460617,15.66048413515091,-24.646293776360608,-138.9846900498433,0.645504071734891,1.2562828063964844,0.4,48.0789852142334,0.8126118487379624
02092500,-20.442254841327667,0.529672235250473,0.7092618346214294,0.8226236701011658,0.0409161038696765,-15.163187682628632,-21.20998955890192,-155.96829131239028,0.7472910538308529,1.088793396949768,0.5882352941176471,54.73001143511604,0.8434267528481902
02102908,-15.274371206760406,0.3754777312278747,0.5623329281806946,0.7986845970153809,0.1693315953016281,-7.541703432798386,-26.104332410753344,60.97454448150646,0.6527806785415817,1.163781762123108,0.24,33.17353439331055,0.7693294554759222
02108000,-6.321693956851959,0.5837385356426239,0.789165735244751,0.8973374962806702,0.0191007424145936,-5.032669752836227,-28.71897675596799,-253.4353005837582,0.8459174501242688,1.0281336307525637,0.9473684210526316,33.495335829885384,0.8885982884917643
02111180,11.487311124801636,0.3812955021858215,0.5212040543556213,1.0222359895706177,0.0977176576852798,5.855974927544594,-24.30648077443079,59.00482625655626,0.7349044599948719,1.1311973333358765,0.1904761904761904,44.72581772577195,0.7707218592539167
02111500,7.03287348151207,0.4545071125030517,0.6109295785427094,1.0393763780593872,0.1085302084684372,2.247072570025921,-28.6662825709133,60.011885780969735,0.7849267540942381,1.1097010374069214,0.3333333333333333,40.3326431910197,0.8192468967148564
02112120,-3.809850662946701,0.415073037147522,0.6407804489135742,0.9613757729530334,0.1519440859556198,-1.5921557322144508,-27.08937645753462,47.15950002724328,0.7557490939413549,1.166960597038269,0.2916666666666667,34.59433714548747,0.8259573809892583
02112360,-13.465602695941923,0.4120612740516662,0.6135549545288086,0.8663156628608704,0.1451421231031417,-7.349590957164764,-27.19206957474381,41.13839983101606,0.7191797440585235,1.1440892219543457,0.25,38.65331268310547,0.7994337758562046
02118500,-8.134803920984268,0.4970278143882751,0.741578996181488,0.8618384599685669,0.0649408027529716,-2.310367114841938,-16.995043923218294,74.57227105488087,0.7757206070306883,1.112280011177063,0.1666666666666666,59.48106977674696,0.8635967960167201
02125000,-34.67801213264465,0.5409243106842041,0.6303201019763947,0.6484127044677734,-0.0040100221522152,-29.222509264945984,-39.37650556749016,-10.007465438298706,0.6001294790267582,0.9831386804580688,0.2105263157894736,54.8730448672646,0.8102672851955903
02128000,1.531914249062538,0.4380619525909424,0.5802134275436401,0.9630080461502076,0.0378193967044353,-1.091391872614622,-44.27975779079506,-2.945308684390863,0.7550984194977588,1.108327865600586,0.3684210526315789,52.088330921373874,0.7834972216868985
02137727,-9.214898198843002,0.5339591801166534,0.68182572722435,0.7567842602729797,0.0413866378366947,-7.095789164304733,-15.307594099078427,52.90040232091107,0.6955612554374655,1.06803560256958,0.238095238095238,45.90385073707217,0.82999938258099
02143000,3.537944331765175,0.4868756532669067,0.70066237449646,0.8974258899688721,0.0775418207049369,1.242594514042139,-25.08945278491955,59.43617196894904,0.7707708926970545,1.131142020225525,0.25,59.49718356132507,0.842436342650358
02143040,-10.92931181192398,0.5200044512748718,0.7493431270122528,0.8082864880561829,0.0618106089532375,-11.910399049520493,-28.6854246263036,53.03211024131617,0.7424754889789613,1.1125895977020264,0.3157894736842105,46.03884345606753,0.8700446784310516
02149000,-10.493618249893188,0.4868493676185608,0.7139419913291931,0.8448731899261475,0.0864743366837501,-12.133105099201202,-24.831612949882164,43.53828240151987,0.7544206872908776,1.1164361238479614,0.3636363636363636,33.48228714682839,0.8493762943947469
02152100,-24.39129501581192,0.4820464849472046,0.6018099784851074,0.6644324064254761,0.0187164694070816,-23.58539253473282,-30.569985069859605,62.75496854714474,0.5998274654193405,1.0382099151611328,0.3529411764705882,61.621845469755286,0.785355060719589
02177000,-21.1391419172287,0.6846079230308533,0.76983642578125,0.7416524887084961,0.0202501565217971,-17.156970500946045,-16.96061147422871,23.54806235920051,0.7184504537234346,1.0212005376815796,0.2272727272727272,23.970729654485528,0.8901034685713967
02178400,-19.90334838628769,0.6563619375228882,0.7489745020866394,0.7676370143890381,-0.072294108569622,-18.6294823884964,-11.791359616250094,2.2971970583493277,0.7280043046199234,0.9338122010231018,0.3636363636363636,38.53587670759721,0.8750669119494557
02202600,15.117207169532776,0.555535763502121,0.6180315017700195,1.1129987239837646,0.0938874408602714,16.651341319084167,-42.78266992139908,-1.88908454777034,0.6799891288454993,1.2518476247787476,0.3636363636363636,47.25281975486062,0.8381018223437752
02212600,24.95500296354294,0.4947649836540222,0.6542083323001862,1.1795554161071775,0.1070076525211334,17.790743708610535,-43.69153037571088,82.68976705070595,0.615039178290951,1.3155250549316406,0.0,45.01082301139832,0.8719428779494495
02221525,21.236418187618256,0.3791707158088684,0.6330804824829102,1.1776204109191897,0.2256292998790741,20.085716247558597,-27.776677698544503,76.47829832891875,0.5091471514587793,1.441361665725708,0.7058823529411765,38.298216988058655,0.8792217379916517
02231000,-29.841691255569454,0.5115079283714294,0.7706017643213272,0.7749583125114441,0.0723628401756286,-24.33706223964691,-9.40530028081676,-492.580273272248,0.6850915926715112,1.1897103786468506,0.6923076923076923,34.344335702749405,0.8880468127647223
02231342,-24.55088049173355,0.3605092763900757,0.537102997303009,0.916934370994568,0.1281814873218536,-14.144665002822876,-28.499908804871872,,0.5864517270554933,1.326602578163147,0.7333333333333333,38.69549751281738,0.7603063804134503
02245500,0.2012048382312059,0.3841983079910278,0.6472426652908325,0.9334232807159424,0.0998424813151359,0.7510853931307793,-25.788419440700217,-804.6471652650107,0.6897441852375191,1.2428507804870603,0.625,30.91084361076355,0.8187551119062163
02246000,-20.08400708436966,0.5205642879009247,0.7742169350385666,0.8560351133346558,0.0450970157980918,-14.275497198104858,-12.367190282277424,-349.8522013298134,0.7786095922845958,1.119271755218506,0.2857142857142857,45.434495380946565,0.8814163904963072
02296500,-16.9925257563591,0.5961278676986694,0.6866514384746552,0.8438270092010498,-0.0319407433271408,-14.658784866333008,-11.91439156796829,-211.05176412657508,0.7586500232357262,0.9310763478279114,1.7272727272727273,52.21620472994718,0.829385409767255
02297155,17.58078932762146,0.4605236649513244,0.5330170094966888,1.1323237419128418,0.0739012733101844,19.75038945674896,-36.01286590154877,-15.744023769231818,0.7009144472151844,1.183035969734192,0.8571428571428571,65.93076160975865,0.8039376910412245
02297310,-33.23432207107544,0.6081209182739258,0.7490682601928711,0.7158482670783997,-0.0378011986613273,-30.17665445804596,-20.04568712808076,-2.471438436639677,0.6780157060472365,0.9049354195594788,0.8571428571428571,46.33086068289621,0.8821254744417659
02298123,-4.039463400840759,0.5563748180866241,0.6320554614067078,0.937843143939972,-0.00527158472687,-8.009865880012512,8.886332844239973,-46.37856026840934,0.7959913953991444,0.9907894730567932,1.1428571428571428,65.3801441192627,0.8059092939130015
02298608,-17.17316210269928,0.5082957744598389,0.7154844999313354,0.8625687956809998,0.0612099431455135,-12.471605837345123,-24.68633258162722,-8.378990827084914,0.7453728920280165,1.1513386964797974,0.7777777777777778,52.962652842203774,0.8481967485809307
02299950,-15.300187468528748,0.5007436573505402,0.6112601161003113,0.8788866400718689,0.0587868392467498,-8.174309134483337,-9.927755421895451,-320.8555534670857,0.7075376664925174,1.1625136137008667,0.7777777777777778,46.15576532151964,0.7891562286207002
02300700,-3.1304221600294118,0.2740804553031921,0.4399557709693908,0.9750217795372008,0.1053068861365318,7.4378907680511475,-25.26359870202048,85.61583639244431,0.567606738031825,1.32752525806427,1.0,48.9746935227338,0.7188110478202887
02312200,-24.26469773054123,0.4449545741081238,0.5085148513317108,0.781743586063385,-0.0150325745344161,-26.39094889163971,-29.418908434777936,-39.16780037727929,0.64072251141622,0.9694013595581056,1.6,62.13415145874024,0.7162603750236765
02314500,-25.820639729499817,0.5577265918254852,0.705632746219635,0.9170302748680116,0.0863524973392486,-19.96167153120041,-10.94160739045756,-84.47967120847657,0.7689728913779699,1.1522432565689087,1.4,20.38837432861328,0.8473188274243645
02315500,-6.693346053361893,0.6378216743469238,0.8129283785820007,0.9332740902900696,0.0712242424488067,-8.421612530946732,-20.41081724119877,-223.08292707244743,0.8253355681879586,1.1304126977920532,1.6,19.21831488609314,0.9048798393178183
02324400,-28.776994347572327,0.5576112568378448,0.6758247315883636,0.7655724287033081,-0.0337123647332191,-24.848106503486637,-40.88206852045492,-435.647352770514,0.6979070071386124,0.924842357635498,0.9230769230769232,53.27363014221192,0.8249136814422828
02327100,17.03784167766571,0.4470652937889099,0.6342562735080719,1.1189006567001345,0.128457024693489,15.64904898405075,-28.27031869255045,-361.7936819437524,0.667434701257801,1.272099256515503,0.5625,49.73981976509094,0.8502525246707798
02342933,-19.35791522264481,0.5764842629432678,0.7219026982784271,0.8088259696960449,0.0010820367606356,-20.69230228662491,-36.70291417367065,-280.99365074677263,0.7573944353786835,1.003651738166809,0.2105263157894736,45.79028581318102,0.8506794892490273
02349900,36.42849028110504,0.4379879236221313,0.4912665486335754,1.3464152812957764,0.1539347469806671,35.68935990333557,-23.445699390665837,-17.79803448808836,0.4738146228168332,1.37214457988739,0.3888888888888889,57.993412017822266,0.8644422052901508
02361000,-27.19194293022156,0.5997591912746429,0.7893535047769547,0.7550805807113647,0.0558422952890396,-23.011255264282227,-22.344495930297956,6.27427875804951,0.7225267049659674,1.0863749980926514,0.4,21.23311281204224,0.902300116597534
02369800,-8.793221414089203,0.4369701743125915,0.5919283926486969,0.914139449596405,0.0663689151406288,-6.695298105478287,-18.821915831422157,-47.04054546644548,0.7479188071038867,1.0958577394485474,0.238095238095238,68.58634948730469,0.7832416380295015
02371500,4.581934586167336,0.642403781414032,0.8174665421247482,1.030596375465393,0.0837453454732894,4.197058081626892,-14.67241058573917,-484.234317478611,0.8404007593822571,1.1317634582519531,1.2222222222222223,31.234192848205566,0.9152995248913756
02372250,-11.717244237661362,0.5971066355705261,0.7329411506652832,0.9173611402511596,0.0344106256961822,-5.232532694935799,-23.42589765445125,-181.5411061191532,0.8262534019613367,1.05851411819458,0.95,48.05736064910889,0.8588093588040232
02374500,-18.174095451831818,0.5498019754886627,0.7592852860689163,0.7675605416297913,0.0038784251082688,-18.19431781768799,-29.238829893602396,30.51884368337013,0.7376284908473716,1.0049006938934326,0.3333333333333333,39.99598366873605,0.8783994646107403
02381600,-19.219067692756653,0.3083087205886841,0.3636267185211181,0.7306182980537415,0.1200422495603561,-17.40301549434662,-23.743744977356545,49.05884379043734,0.4914622782778053,1.2113828659057615,0.5263157894736842,56.35967254638672,0.6240194192881708
02395120,-5.405320972204208,0.5658020377159119,0.6259686052799225,0.9359622001647948,0.0299091544002294,-7.70784318447113,-19.073656933353565,51.84606535649926,0.784955692941759,1.0572539567947388,0.3888888888888889,46.3305049472385,0.8028574155039774
02408540,16.057345271110535,0.6120706796646118,0.6869089901447296,1.1427780389785769,0.0727900117635726,12.65171468257904,-28.857256132010782,46.05686343318872,0.7708214799270705,1.127766728401184,0.1111111111111111,41.0363064871894,0.8742506908094193
02422500,11.794021725654602,0.528883695602417,0.7250936627388,1.0784376859664917,0.1196383833885192,10.87259128689766,-18.306852961902635,-29.371849615805655,0.7637858373618324,1.1890195608139038,0.1764705882352941,36.32631862864775,0.8820327770912968
02430085,-1.5762466937303543,0.4976057410240173,0.5237641036510468,0.9630509614944458,0.0472507439553737,-7.8947655856609344,-22.35826804133547,-890.8934335080387,0.7375737279496012,1.0853705406188965,0.4583333333333333,68.17732652028403,0.7546142065843616
02430615,26.29387080669403,0.2767751216888428,0.1448122859001159,1.2174816131591797,0.1585233211517334,26.064684987068176,-25.75372381243741,2.34170914498411,0.5380430777306332,1.2505295276641846,0.44,105.16281127929688,0.6785332027430713
02450250,-0.9473029524087906,0.618959903717041,0.7278355658054352,0.9735994338989258,-0.0073185320943593,-7.265965640544891,-21.784081116920277,-297.3538777383616,0.8570777474812485,0.9826480150222778,0.2,32.760329246521,0.8606131677958443
02464000,-7.476824522018433,0.6551409959793091,0.8225249648094177,0.9674450159072876,0.0550655759871006,-5.259627103805542,-8.428514148520412,-227.0753522445824,0.8421285099733531,1.1258326768875122,0.1052631578947368,31.7742573587518,0.910391307334166
02465493,7.409410923719406,0.4625492691993713,0.5640849769115448,0.9645525813102722,0.0927894860506057,9.662020206451416,-4.391622793855156,33.869388046246755,0.738092481437146,1.1362460851669312,0.2,38.08124780654907,0.7791470329276236
02469800,-7.022878527641296,0.6068404912948608,0.8221800476312637,0.9597968459129332,0.0568024404346942,-7.241228222846985,-12.565428016065743,-413.7055784983449,0.8385374403305828,1.1278038024902344,0.4705882352941176,31.04359682868509,0.9098886652773978
02472000,4.332250729203224,0.6677462458610535,0.8487142324447632,1.062493920326233,0.0882224887609481,7.007499039173126,-5.056543635565221,-696.9794489737317,0.8009885232642214,1.177156686782837,0.7,26.65761709213257,0.9343068791809858
02472500,-3.897574171423912,0.5967040061950684,0.8204066157341003,0.95970356464386,0.0663763731718063,-4.2666226625442505,-6.964191508789322,-17.558564552756213,0.8392129166821571,1.126695990562439,0.4,30.0985312461853,0.9095742877559168
02479155,27.740895748138428,0.5750759840011597,0.6964340507984161,1.2520760297775269,0.0372004397213459,21.77743762731552,-14.210556927310686,-569.2928207591939,0.7160205638806352,1.0895564556121826,0.0476190476190476,42.86869594029018,0.9047023787891064
02479300,18.384304642677307,0.6157501339912415,0.7050497233867645,1.1539307832717896,0.0734415799379348,11.16284802556038,-7.881014227193374,9.688411156796509,0.7734984765440819,1.119739651679993,0.5,29.95608329772949,0.8848016063274353
02479560,2.112461067736149,0.6320585906505585,0.7866247296333313,0.9926945567131042,0.0641259476542472,3.2554592937231064,-14.565622435011068,-105.74674202216828,0.8560643555402982,1.0977766513824463,0.8,35.25420904159546,0.8946253033748273
02481000,0.2596696373075247,0.6242615878582001,0.7881582379341125,0.9700619578361512,0.009164510294795,0.8797773160040379,-16.25947028229401,-271.4307261677166,0.8850667313259866,1.0223839282989502,0.0434782608695652,27.21701497616975,0.8913154581672443
02481510,-14.881858229637146,0.6587094962596893,0.8130801022052765,0.9034947156906128,0.0265807751566171,-10.73409765958786,-7.737672665142559,-43.14677888704513,0.8523266234597526,1.0539462566375732,0.2857142857142857,32.48634338378906,0.902102310374784
03010655,-0.9766805917024612,0.6192546486854553,0.8050196170806885,0.9819251894950868,0.0353665500879287,-1.2539840303361416,-13.47326262857126,-537.9700891826745,0.8881459311362291,1.0498601198196411,0.3157894736842105,31.884873540777907,0.9015185174859572
03011800,-7.519588619470596,0.6035653054714203,0.7403333187103271,0.8725348114967346,-0.0862336605787277,-7.750909030437469,-20.666910441956954,-3.5465276901552976,0.7879671407925545,0.8979028463363647,0.2,41.86364364624024,0.8647715624681869
03015500,-17.348718643188477,0.6343384981155396,0.7885269075632095,0.8197699189186096,-0.0746250376105308,-15.97534716129303,-7.607457377940809,-696.9476350990586,0.7677686155748192,0.8987067937850952,0.48,39.04196548461914,0.8942256167111511
03021350,-22.138477861881256,0.588831901550293,0.6770144402980804,0.7397722005844116,-0.0830122306942939,-25.409463047981266,-1.1293685660856918,-406.2863806299493,0.6588193622091093,0.8568068742752075,0.28,42.75962066650391,0.832126688363269
03026500,-1.297477912157774,0.5708772540092468,0.6535511016845703,0.9540440440177916,-0.0113123720511794,0.0823990965727716,-12.241745996485353,-267.21985741278644,0.8132318096179567,0.9848953485488892,0.5,50.554661317305126,0.8196052757066189
03028000,-8.612159639596939,0.6455791294574738,0.8121654838323593,0.91087007522583,-0.0569595471024513,-4.930996149778366,-9.826239675393971,-491.6814110100023,0.8489421944408954,0.9260269999504088,0.2727272727272727,44.56063183871182,0.9030344783247866
03049000,-2.8789542615413666,0.5135717391967773,0.6135861277580261,0.9186180830001832,0.0805964767932891,-0.5174241960048676,-24.266802556893545,9.600519896095845,0.7438066091805827,1.133149266242981,0.0434782608695652,48.51972745812457,0.796817052920425
03049800,-52.68899202346802,0.4010437130928039,0.2480262517929077,0.4249335527420044,-0.0526155680418014,-47.718435525894165,-33.86823599796274,-3.8731917926798713,0.230170800962029,0.8605586290359497,0.4545454545454545,73.06162227283825,0.5075655566543126
03069500,5.873413011431694,0.6902546882629395,0.8813455030322075,1.0250837802886963,0.0484926328063011,4.174954444169998,-2.4021570105466026,-443.98546208705136,0.911384898451544,1.0635613203048706,0.1666666666666666,19.698419173558555,0.943578384018417
03070500,-7.597398012876511,0.650134950876236,0.7594743967056274,0.9017295241355896,-0.0107712624594569,-9.45144072175026,-16.941092416039943,-273.201541479213,0.8378657479937704,0.9838990569114684,0.3636363636363636,38.65174380215732,0.8720500532291562
03076600,-11.395175755023956,0.5469935834407806,0.6809265613555908,0.9365905523300172,0.0787676349282264,-8.301973342895508,-11.360136322404214,-1.7704785855770848,0.784480211633436,1.123462200164795,0.2,33.708789348602295,0.835120934457329
03078000,-3.9326421916484833,0.5762090682983398,0.7233119308948517,0.8780734539031982,0.0326663553714752,-8.800027519464493,-21.809543469113645,-241.1655500686478,0.8017804687990844,1.0487669706344604,0.1904761904761904,33.753887812296554,0.8515187470366952
03140000,-15.608219802379608,0.5672911107540131,0.7030935883522034,0.8418492078781128,-0.0050845458172261,-14.786309003829956,-4.990689983264814,-286.9996494376816,0.7737522152835379,0.9898304343223572,0.2608695652173913,47.75786192520805,0.838528742575484
03144000,-8.867162466049194,0.6289271712303162,0.8122051060199738,0.8841833472251892,0.0087413555011153,-7.937975227832794,-19.542231132455093,-432.4782745274083,0.846700669877645,1.0192735195159912,0.25,32.11366415023804,0.9014316531463148
03164000,0.8896050974726677,0.6168187260627747,0.8310459852218628,1.0086731910705566,0.0784153714776039,2.1190719678998,-13.566419216330154,16.721102213272086,0.8902709473545629,1.073880672454834,0.217391304347826,22.029447555541992,0.9193347225335444
03165000,-6.559903919696808,0.4186468124389648,0.6568090617656708,0.9177005290985109,0.0516688711941242,-4.381224885582924,-14.84924666580679,42.98021071217657,0.7896778267429458,1.0663074254989624,0.2083333333333333,38.53778044382732,0.8181606781342254
03170000,-4.345997795462608,0.5600602626800537,0.7512785047292709,0.9196823835372924,0.0541905425488948,-4.232613742351532,-25.486306347301426,45.46272840823471,0.8354130420281537,1.0608878135681152,0.1904761904761904,32.63637224833171,0.8698822787662258
03173000,2.674080803990364,0.6057177484035492,0.7378318905830383,1.0074914693832395,0.0328152440488338,3.055274859070778,-12.004649434298315,-62.40091742496328,0.8597672685842098,1.0531662702560425,0.2222222222222222,41.15003479851617,0.870452925336484
03180500,6.461481004953384,0.6481336653232574,0.8012352585792542,0.986520767211914,-0.0217711385339498,1.8351322039961813,-9.550211274274323,-281.5369638142384,0.8941909043106661,0.969469428062439,0.0,31.178058896745952,0.8995920362162212
03182500,-8.398769050836563,0.7284233868122101,0.8798453435301781,0.9090052843093872,-0.0121295107528567,-9.26864966750145,-17.619479521020754,-479.0615180486855,0.8884342945587353,0.980250597000122,0.1578947368421052,22.292767072978773,0.93854408549098
03186500,-13.54176551103592,0.6150447130203247,0.7292837500572205,0.8894365429878235,0.0324051901698112,-11.858291923999786,-18.565004545462934,-301.64942302386874,0.8116042020632441,1.0482107400894165,0.5,40.40491978327434,0.8552781177783598
03213700,-7.865983247756958,0.6962493062019348,0.8656266182661057,0.908032476902008,0.0213850773870944,-7.5479209423065186,5.259887725013984,-679.4026399385106,0.880427714061569,1.03266704082489,0.2222222222222222,23.369359970092773,0.930917652735976
03237280,-33.694928884506226,0.4550209045410156,0.4103544354438782,0.6671087145805359,-0.067618116736412,-31.82344734668732,-44.054462336501,-7.919766822305734,0.4850769657359223,0.8327290415763855,0.3333333333333333,57.348242260160895,0.644543181559916
03237500,-5.271804332733154,0.5981442034244537,0.6763347089290619,0.9664328694343568,0.018928924575448,-5.943126976490021,-4.459600866202545,-97.5755169672095,0.8236228251229538,1.0468847751617432,0.15,47.64681339263916,0.8333147474392831
03238500,-2.2355401888489723,0.5672081708908081,0.6706752777099609,0.9193333387374878,-0.0140653457492589,-9.267779439687729,-9.295439906285385,0.9134004664331354,0.8027253101140918,0.9597187042236328,0.1428571428571428,35.669097446260004,0.8245360144049008
03241500,-15.49188196659088,0.6244409382343292,0.79537433385849,0.8332626819610596,-0.0319239348173141,-15.906216204166412,-19.86123105612944,-116.65345768746953,0.7938355176974553,0.9402180314064026,0.238095238095238,36.08950887407576,0.8945079303107023
03280700,-6.347735226154327,0.4788641333580017,0.5499000251293182,0.943190574645996,0.0450609661638736,-6.600161641836166,-9.609907141219376,-248.48056311700603,0.7318698446374017,1.1142648458480835,0.1578947368421052,44.620438625938014,0.7641822432278844
03281500,-19.022223353385925,0.7067517042160034,0.8614126592874527,0.8169735670089722,-0.0316019169986248,-19.33827251195908,-18.57908204901188,-0.2032641878457965,0.7953578640559966,0.9342622756958008,0.25,22.837746143341064,0.9362953672515896
03285000,-2.9446782544255257,0.6500647664070129,0.7744176834821701,0.9168707728385924,0.0024074588436633,-7.116013765335083,-22.667367906985938,-155.36414303714895,0.8545105442155406,1.006094455718994,0.2857142857142857,20.67385401044573,0.8807541575337132
03291780,-5.0544507801532745,0.5345470309257507,0.6758958697319031,0.940917670726776,0.0098190689459443,-3.983082249760628,-21.811092613704343,-9.973021104267277,0.8178464762914701,1.0260725021362305,0.1666666666666666,50.70151090621948,0.8296785122204465
03340800,-1.853366196155548,0.5854828059673309,0.7255067229270935,0.9596548080444336,-0.0392005108296871,-10.29568538069725,-35.483570664606205,-274.9325793457717,0.8275640817541028,0.9098805785179138,0.217391304347826,40.36997919497283,0.8586320359518878
03346000,-16.76815003156662,0.635542243719101,0.7392776608467102,0.8169451951980591,0.0014482026454061,-11.27643883228302,-19.19357869330152,-83.72139958512972,0.7700718186485391,1.0044519901275637,0.4444444444444444,39.55071237352159,0.8609385502649363
03357350,-23.91063421964645,0.4814526438713074,0.5051836669445038,0.7267119884490967,-0.0439760349690914,-22.59596437215805,-30.53930580872288,-7.566848419608594,0.5826935849869496,0.8708922863006592,0.2608695652173913,60.8749182327934,0.7122683454728579
03364500,-23.7268328666687,0.6223120391368866,0.6802773177623749,0.7743250727653503,-0.012541058473289,-21.006113290786743,-15.819798218580102,-9.283485152265936,0.713528268584397,0.967644989490509,0.217391304347826,42.7412572114364,0.8265352098758376
03366500,-8.242974430322647,0.6655600070953369,0.8498965799808502,0.8822550177574158,0.0053491415455937,-9.878648072481155,-7.420541550519021,-137.73746867538063,0.8584237105510365,1.0148638486862185,0.3636363636363636,38.64225040782582,0.9228052405077688
03368000,-16.569983959197998,0.4322566986083984,0.4456753134727478,0.8544628620147705,0.0215124562382698,-11.459118872880936,-28.694754906563865,-21.60716837276935,0.648163432639342,1.0738095045089722,0.5238095238095238,55.7854970296224,0.6882949011592221
03384450,-6.098071485757828,0.5767930150032043,0.6844740211963654,0.9314154386520386,0.0083295833319425,-5.501498654484749,-7.566013579987151,10.190444710951589,0.8175619052782817,1.0274178981781006,0.2272727272727272,45.62757231972434,0.8331825092806702
03439000,-3.848833218216896,0.5104745030403137,0.704992413520813,0.956270396709442,0.1427965760231018,-0.3505779430270195,-0.3983971222931639,31.50922761344976,0.7917555278374522,1.145335078239441,0.217391304347826,37.48453803684401,0.857412493480515
03455500,5.18135093152523,0.373811662197113,0.5093612968921661,1.0000345706939695,0.1437176913022995,9.04182270169258,-5.738983527928077,26.39712757114013,0.6929762312215317,1.197601079940796,0.4090909090909091,38.52387775074352,0.7650161567127803
03456500,-12.142366915941238,0.5297078490257263,0.651419460773468,0.7845767140388489,0.0025947354733943,-11.50449439883232,-14.376795012068772,-32.00235321764454,0.7110262204494409,1.004090666770935,0.2857142857142857,50.13440450032552,0.807433337311973
03460000,7.819066196680069,0.5023463070392609,0.7149953544139862,0.9785903692245485,-0.0201182216405868,4.827922582626343,-11.799708179540533,24.931445022562308,0.851998495011742,0.9807872176170348,0.2857142857142857,39.123503367106125,0.8548209995145544
03463300,-13.89329582452774,0.5216297507286072,0.6262056231498718,0.739323616027832,0.0392847396433353,-11.243722587823868,-8.292947005665317,-33.40402608890236,0.6579851788972841,1.0816712379455566,0.4285714285714285,38.22335742768787,0.7942045443029467
03471500,3.972158208489418,0.4260333776473999,0.4816323518753052,1.0717591047286987,0.1400021165609359,10.20883098244667,-6.39198550632903,-21.414483788012472,0.7054589182240102,1.1690397262573242,0.4210526315789473,31.420213297793744,0.7697161519143063
03473000,2.666217088699341,0.4826374053955078,0.6260577440261841,1.044310450553894,0.0889069661498069,5.572867766022682,-9.85483526986046,2.03697923827875,0.7953760177845026,1.0975829362869265,0.2631578947368421,28.777084852519792,0.8256866940963462
03479000,-8.607249706983566,0.5162965357303619,0.7354286313056946,0.7994083166122437,0.0329423435032367,-5.957551673054695,-14.950941123500996,40.67723659600866,0.7485161557855255,1.0592405796051023,0.0869565217391304,53.66442721822987,0.860365999181404
03488000,-14.14661854505539,0.5844936072826385,0.7310134470462799,0.8796117901802063,0.0694632083177566,-5.357515066862106,-6.260834020029617,-638.561440395083,0.7805795302376088,1.1162363290786743,0.3,35.75610876083374,0.85808052533409
03498500,-0.5302079021930695,0.6431156098842621,0.7988251596689224,0.9370783567428588,0.0256891194730997,-2.110636793076992,-15.47955999731703,16.482071838965282,0.8710892245255759,1.0407392978668213,0.2631578947368421,41.6843389209948,0.8951230985747726
03500000,-13.286903500556946,0.7397622764110565,0.8723727613687515,0.8272808194160461,-0.0413304418325424,-11.708368360996246,-7.5582818389065265,41.010121582829626,0.814012519705809,0.962759792804718,0.1818181818181818,21.54227170077237,0.941925957152596
03500240,-11.937098205089567,0.5838674306869507,0.7707752138376236,0.8561633825302124,0.0612882785499095,-9.93368998169899,-11.206114204413463,41.00106219842331,0.8031017921459114,1.0614640712738037,0.3478260869565217,32.17420370682426,0.8804086137154911
03504000,-20.237699151039124,0.5713970363140106,0.7642293870449066,0.7452036738395691,-0.053517922759056,-20.100037753582,-23.930919858054185,26.252738217414112,0.7181159944109565,0.9571787118911744,0.25,37.476464112599686,0.8872890330678859
03574500,-13.888095319271088,0.6631145179271698,0.7994910627603531,0.9192072749137878,0.0224569626152515,-12.372665852308272,-10.797362186382465,-280.31726879089115,0.8570998465071105,1.0530778169631958,0.4210526315789473,33.94336700439453,0.8947586830761957
03592718,-26.74281895160675,0.5205817222595215,0.5607069730758667,0.791573166847229,-0.0100082987919449,-28.95953059196472,-21.866717440638023,-673.254244228543,0.6736080027941631,0.9754806756973268,0.1739130434782608,46.59242215363876,0.7500224134093971
03604000,-6.584755331277847,0.6410256624221802,0.8479646444320679,0.875567615032196,-0.001132147735916,-6.667245924472809,-10.194700595331431,-64.54309674955724,0.853129587221747,0.9973782896995544,0.2631578947368421,45.96912986353824,0.922021628921994
04015330,2.60936189442873,0.5887656211853027,0.6787765622138977,1.008129358291626,0.0465570949018001,-0.650791684165597,-24.008634503510866,-6.8781141943491,0.8056573605472663,1.1125742197036743,0.5263157894736842,42.53681584408409,0.8417912135773412
04024430,-12.474235892295836,0.6208891570568085,0.7777123898267746,0.9478702545166016,0.0640206262469291,-5.90718537569046,-12.628267643976429,-715.6200962987963,0.8185685884681252,1.1314574480056765,0.5,23.829751544528538,0.8863391620208635
04027000,-24.30741786956787,0.6464366018772125,0.8052588850259781,0.8373516798019409,0.0242776591330766,-19.30917650461197,-14.659342610659088,-803.1746016591474,0.8026663222644859,1.0495882034301758,0.8421052631578947,36.93827829862896,0.8998645198446579
04040500,-5.751435831189156,0.6822005212306976,0.8784226477146149,0.9827110767364502,0.0424769259989261,-1.5465778298676014,-5.239373699900099,17.244548790983593,0.902391939796577,1.0743857622146606,0.5882352941176471,21.51483086978688,0.9392119672237528
04043050,-17.850345373153687,0.5751619040966034,0.7231719493865967,0.8341301083564758,-0.0075968359597027,-18.952448666095734,-30.808805974434623,-994.349363945589,0.7763333975158626,0.9862128496170044,0.4375,42.36322641372681,0.8505883451758889
04045500,-5.131157115101814,0.7136470377445221,0.9207546412944794,0.9861248135566713,0.0759409442543983,-2.846768870949745,-10.168676537812894,19.03394640083062,0.912408011096482,1.078096628189087,1.1764705882352942,11.27007428337546,0.9628415233529094
04056500,21.14589959383011,0.5509342849254608,0.7456013858318329,1.186436891555786,0.1725335419178009,19.569969177246094,-15.632984166946388,25.592118110790985,0.7489446119690036,1.1478757858276367,1.0625,27.204620838165283,0.9199822188993652
04057510,21.540425717830654,0.5029297769069672,0.691789984703064,1.1943317651748655,0.1706873774528503,21.30821794271469,-3.9664832296800023,13.473258604323398,0.7255084632023019,1.1654540300369265,1.0588235294117647,29.057878606459678,0.8989765732014459
04057800,6.415965408086777,0.5961464047431946,0.786009356379509,1.0700349807739258,0.1049031764268875,12.154072523117064,-13.712262472158208,28.48309668738782,0.7884250955221977,1.1768954992294312,0.625,34.115466475486755,0.907441780347949
04059500,14.523489773273468,0.5886501371860504,0.7412726283073425,1.1142692565917969,0.1188941523432731,14.0873983502388,-13.172946709741726,36.10358877877847,0.7611043188899456,1.1822621822357178,1.0714285714285714,25.52671432495117,0.8961049549898122
04063700,-15.45797437429428,0.5256869196891785,0.7570905685424805,0.977287769317627,0.1799291521310806,-7.4861593544483185,9.609323283644096,-40.16756841643608,0.7476556369096556,1.2271922826766968,0.8333333333333334,30.767771932813854,0.8925500169704337
04074950,6.937496364116669,0.5432488918304443,0.80960413813591,0.97091943025589,0.1784660220146179,5.008549988269806,-8.545173895416426,25.87186372701213,0.8604431215163726,1.109704613685608,1.2777777777777777,19.325726562076145,0.918788298062758
04105700,-16.788430511951447,0.3539851307868957,0.6473845541477203,0.835105836391449,0.2557270228862762,-12.056153267621994,-20.2772118923914,13.568159462285308,0.7436243184459679,1.1195833683013916,0.3333333333333333,21.608241399129238,0.8443137034745041
04122200,-6.875579059123993,0.5907664000988007,0.8195023834705353,0.9841488599777222,0.1406730860471725,-2.8989670798182487,-8.629428013212188,27.651418393310426,0.8917815751355231,1.0693851709365845,0.5,20.9183406829834,0.9184790401538137
04122500,-1.5009804628789425,0.5466325283050537,0.759996086359024,1.0271642208099363,0.1643004864454269,0.0837252067867666,1.5648405727030028,7.337406829487818,0.870725743309003,1.0727810859680176,0.4736842105263157,20.1387367750469,0.896671145965346
04124000,4.3704695999622345,0.5610597133636475,0.8007640242576599,1.0540000200271606,0.1049870923161506,4.271597787737846,8.662751884729662,45.234791043287885,0.8928056597826373,1.0291177034378052,0.4,14.598339796066284,0.9120978739835608
04127918,35.37096083164215,0.4379622936248779,0.5235292017459869,1.2963907718658447,0.1886027604341507,33.85940194129944,-12.830101266937696,14.163821780445144,0.5941226575856133,1.2415519952774048,0.4,39.28278207778931,0.8638325992917592
04127997,11.456413567066193,0.1337695121765136,0.4607132077217102,1.1305837631225586,0.5038907527923584,11.08565479516983,2.8379221155184973,1.1486935487578454,0.7745595895319981,1.1403179168701172,0.5416666666666666,14.340713620185852,0.8813318000222319
04161580,-12.243018299341202,0.4068426489830017,0.625177413225174,0.9486817121505736,0.123868703842163,-8.311550319194794,-9.8100724051957,19.061174089914072,0.7666080681083063,1.128320813179016,0.7619047619047619,38.01573798769996,0.811925557000914
04185000,4.635278880596161,0.6649475693702698,0.7989407479763031,1.014248013496399,0.0259413290768861,6.147358193993568,-11.775647858271553,-299.14079405248464,0.8930153631318805,1.0387797355651855,0.8695652173913043,27.133327981700067,0.901314445096032
04196800,-18.907293677330017,0.6539508700370789,0.7558842599391937,0.8067476749420166,-0.0754704847931861,-17.72620677947998,-14.48747283767522,-110.0009196797291,0.7158456373020621,0.8330654501914978,0.391304347826087,41.59731242967688,0.875380191060219
04197100,-21.805837750434875,0.5992019176483154,0.7063723802566528,0.7565256357192993,-0.0651596114039421,-23.845605552196503,-13.07817849904276,-149.91724846083903,0.6747236358077459,0.8470386266708374,0.45,42.30964660644531,0.8479218447327258
04213000,-9.476930648088455,0.6113789081573486,0.7040069997310638,0.8774128556251526,-0.0554847791790962,-8.74112993478775,-13.958391371659593,-300.5214446196558,0.7769084331343579,0.9016858339309692,0.3181818181818182,40.77164910056374,0.8416441854849067
04216418,-13.35018426179886,0.5742173492908478,0.6768016219139099,0.8651642203330994,-0.0658149495720863,-13.741999864578249,-0.4986566084846333,21.756772613240106,0.7584444187467279,0.9001450538635254,0.3333333333333333,41.19998613993327,0.8262260057191901
04221000,-10.338234901428224,0.6567643880844116,0.8030834197998047,0.8697630167007446,-0.0447617620229721,-13.859954476356506,-5.054304988381173,-526.8641084508201,0.8216080185399828,0.9336901307106018,0.1904761904761904,37.37213498070127,0.8977012782818693
04224775,-20.87796628475189,0.5731945335865021,0.67787966132164,0.8102146983146667,-0.0292830392718315,-19.520825147628784,-8.715233089155582,-59.21820568783582,0.7368672717891978,0.9527372121810912,0.2857142857142857,54.37838236490885,0.8239698866459156
04233000,-17.47065633535385,0.5645924508571625,0.655704140663147,0.8031778931617737,-0.0589154846966266,-15.91460406780243,-13.013132293481572,-583.807227531113,0.7150528059051899,0.9157939553260804,0.3636363636363636,43.1731180711226,0.8119433496984457
04256000,4.250001162290573,0.6318943798542023,0.7975634187459946,0.9664944410324096,0.0105649614706635,0.65511972643435,-14.282350434342485,-77.855309322148,0.8900033091842706,1.0119242668151855,0.625,25.197831789652508,0.8959112812568012
04296000,-17.208555340766907,0.6217059195041656,0.773649662733078,0.8410875201225281,-0.1109320148825645,-14.477264881134031,-10.68989642032979,-8.913572639849832,0.7665337115190344,0.8709354400634766,0.4347826086956521,36.66315078735352,0.8877695631093726
05056000,-43.13217997550965,0.417794406414032,0.4863073229789734,0.648253858089447,-0.1441964507102966,-36.23186647891998,-14.3041387534902,-145.32484836952125,0.4259468363950967,0.6468262672424316,1.9090909090909087,70.35890059037642,0.7152544982165219
05057000,-40.63272774219513,0.433487057685852,0.5183205008506775,0.6353091597557068,-0.1387526392936706,-39.4419014453888,-11.16427545820187,-252.4004297931693,0.4660064074196028,0.7085707187652588,2.333333333333333,61.04823218451606,0.7407342637411709
05057200,-46.39815390110016,0.4546572566032409,0.4856384396553039,0.5570310354232788,-0.0760747566819191,-44.47162747383118,-30.708622480288835,-221.03247117920137,0.3984565163215021,0.7050014138221741,2.333333333333333,68.53938897450766,0.7196272243405673
05120500,-18.198347091674805,0.0104510188102722,-0.0054905414581298,0.8717432618141174,0.1627857089042663,-10.4436494410038,-0.0446873456311809,-15.53180514889326,0.1689302339581195,1.6078128814697266,1.3333333333333333,62.35008239746094,0.447921503535691
05123400,-37.58375346660614,0.3627504706382751,0.1699607372283935,0.662625789642334,-0.081961303949356,-36.72099113464356,-79.89532463899887,-154.67754378436618,0.3205397067985973,0.7525657415390015,1.7142857142857142,68.73512949262347,0.4646298290316006
05129115,-10.804412513971329,0.6232855319976807,0.8207761943340302,0.8735958337783813,0.0099130505695939,-10.602140426635742,-0.9664799903865038,46.70338660018788,0.8424568406114313,1.011070966720581,0.8666666666666667,27.19916661580404,0.906622981800546
05131500,-11.888925731182098,0.6385410726070404,0.8043999671936035,0.8739786148071289,-0.0004157721996307,-12.63054460287094,-9.641538500707576,-506.6264520239325,0.8373560586430595,0.9993129968643188,0.9444444444444444,35.390403535630966,0.8971837067343824
05291000,-19.00608539581299,0.4396353363990783,0.4744797348976135,0.8187977075576782,0.0554063953459262,-7.002051174640656,-12.328141912959342,-425.4036149490561,0.5910636560380955,1.212138533592224,0.6666666666666666,61.04256841871474,0.7010152090959857
05362000,10.17579585313797,0.6215470731258392,0.7482823431491852,1.1098313331604004,0.10618457198143,12.03259602189064,-7.386139844108825,-767.1015633055601,0.7221716577596233,1.2335368394851685,0.4210526315789473,77.76322113840205,0.8971106875738608
05393500,7.04900249838829,0.5654245018959045,0.6910529136657715,1.0888240337371826,0.1065331473946571,10.65358966588974,-6.048317057727816,-507.8998430840043,0.7153037194707421,1.2355066537857056,0.4736842105263157,50.935002377158725,0.8669628653326089
05399500,-24.448874592781067,0.5738018453121185,0.6829176545143127,0.8331254720687866,0.013089932501316,-17.26755052804947,-17.980193056896592,-340.72584971518955,0.7546997320706,1.0472148656845093,0.125,47.770267724990845,0.8265183876246135
05408000,-24.841248989105225,0.4987713694572449,0.4893764853477478,0.56121826171875,0.0163011867552995,-19.35383826494217,-8.81062807777201,12.40541196624654,0.4771887652727156,1.024959683418274,0.2222222222222222,32.669663429260254,0.716840702939826
05412500,-3.411787375807762,0.5384074449539185,0.6748978495597839,0.887890100479126,0.0401515401899814,-0.7104750722646713,-13.58733402414486,-38.20903582389339,0.7806684932201668,1.069865345954895,0.7857142857142857,39.65522902352469,0.8249099839216
05413500,-8.149831742048264,0.3707461953163147,0.6060749888420105,0.7970044016838074,-0.0224668271839618,-6.407442688941956,-35.926236981007044,-279.7113182293303,0.6985341673807985,0.9708301424980164,0.5,54.33290269639757,0.7790394724971146
05414000,-21.02048248052597,0.4346545934677124,0.5192422270774841,0.6801636219024658,-0.0185405630618333,-14.182113111019136,-2.398833694120941,-1544.0486875092502,0.5753453236628057,0.9721846580505372,0.4666666666666667,51.783529917399086,0.7220385060251457
05444000,-9.250398725271223,0.3758898973464966,0.5558727979660034,0.8420760631561279,0.0465367101132869,-5.769157782196999,-39.04947394315606,-72.78140941453721,0.6963498529929082,1.077137470245361,0.4666666666666667,48.5171635945638,0.7523848699426725
05454000,-13.102291524410248,0.3920297026634216,0.4396917223930359,0.8471347093582153,-0.0270740743726491,-11.802591383457184,-30.027641601655358,-3.2024975591176488,0.6434623376850787,0.9400849342346193,0.2352941176470588,77.2362652946921,0.683516994989744
05458000,-17.74509847164154,0.5762262642383575,0.6571753919124603,0.7351962327957153,-0.0071875667199492,-12.994952499866486,-24.791920471839425,-678.832606760688,0.6761966519479092,0.9814512729644777,0.8,55.354804992675774,0.8145720684213834
05466500,-9.426306933164597,0.5908187925815582,0.7170650064945221,0.9313425421714784,0.0186839532107114,-8.688707649707794,-12.356827018235204,-476.0507985377059,0.8329249014475467,1.0307587385177612,0.7222222222222222,50.10598500569662,0.8508217775758381
05487980,17.89579689502716,0.504335880279541,0.5339018106460571,1.1601020097732544,0.0667562335729599,13.491679728031158,-29.99258774799161,-265.3979432903797,0.6764210131449238,1.209182620048523,0.2777777777777778,46.0861947801378,0.8120815637826942
05489000,18.689079582691196,0.5418055951595306,0.5438975393772125,1.1530946493148804,0.0654191970825195,7.117367535829544,-42.56312281523808,-98.49747153068763,0.6724015894087498,1.2222117185592651,0.2352941176470588,43.63243159125833,0.8142455946471119
05495000,0.5840815603733063,0.6488543748855591,0.7932289689779282,0.9655641317367554,0.0198951065540313,-0.1692669466137886,-12.597988665230442,-113.09376990040936,0.8733835364998942,1.0596327781677246,0.4444444444444444,31.571719381544327,0.893746380888795
05495500,-5.302414298057556,0.5981521606445312,0.7657847702503204,0.9111267924308776,0.0171918049454689,-7.682445645332336,-27.41845585501233,-133.8398148527926,0.8361544429249583,1.0596867799758911,0.3333333333333333,50.80178578694662,0.8759661020296629
05501000,10.819248855113983,0.5419929921627045,0.686638355255127,1.101594090461731,0.0741124674677848,15.367376804351808,-24.042238463597226,-182.08843173408465,0.6860191901229762,1.264618992805481,0.25,45.886605978012085,0.8649467571625983
05503800,18.54623407125473,0.5461724400520325,0.7126152813434601,1.137830376625061,0.0807132273912429,17.087720334529877,-33.32225072340202,-27.01174630241059,0.6367887063982232,1.3157259225845337,0.1052631578947368,43.83065073113692,0.8849244904968265
05507600,-14.0484020113945,0.6068412959575653,0.7078880071640015,0.7980211973190308,-0.0225359965115785,-17.77530461549759,-44.97396891381851,-34.13107375773489,0.7240919769787059,0.8968713283538818,0.1111111111111111,54.32900852627225,0.8428558702350348
05508805,-0.5333336535841227,0.5654335618019104,0.703355461359024,0.9210771322250366,0.0220019686967134,-3.8303423672914505,-43.08187941629015,-15.843099362382349,0.8026301642618605,1.0891923904418943,0.4117647058823529,54.88017026115867,0.8426127372093394
05514500,-5.9724111109972,0.6095506250858307,0.748922199010849,0.9512838125228882,0.0191900115460157,-10.115712881088257,-23.79600514599565,-160.29984877159052,0.8469670218261194,1.063313126564026,0.2777777777777778,31.329658296373157,0.8694730928461494
05525500,0.2326959744095802,0.6933735609054565,0.8617885857820511,0.9410555362701416,0.0070949415676295,-3.889844194054604,-9.011325474482303,-361.5901758951757,0.9062313070954592,1.014038324356079,0.4210526315789473,22.838823418868216,0.9284385340151626
05556500,-19.4962278008461,0.5542907416820526,0.7144832015037537,0.7682868838310242,-0.020847612991929,-14.952172338962557,-33.64246034600786,-322.245434169025,0.7196178967876894,0.952607035636902,0.1578947368421052,41.8186162647448,0.8494109481871287
05584500,-15.521730482578278,0.6222701966762543,0.7651830315589905,0.8177533149719238,-0.0350696891546249,-17.704297602176666,-20.41156437540878,-274.96448254422023,0.7649864672804703,0.9162879586219788,0.45,47.2095251083374,0.8774855090778436
05585000,-3.620871901512146,0.6375540792942047,0.7911425530910492,0.957281768321991,-0.0041466304101049,-3.106147050857544,-9.423093953861308,-311.5647458531073,0.8834414545410134,0.9916533827781676,1.2173913043478262,34.99269070832626,0.8918733095726554
05591550,-27.168670296669006,0.5791355073451996,0.700910359621048,0.7116581797599792,-0.0691904425621032,-28.940117359161377,-52.46318851501977,-25.85951747829297,0.6288880226083633,0.8195206522941589,0.3157894736842105,57.67106006019994,0.8516413146597868
05592050,9.386943280696867,0.5505981743335724,0.6634896397590637,1.079657793045044,0.0283740814775228,8.229850232601166,-36.84228327295653,,0.8078190806355072,1.085573434829712,0.25,37.85085678100586,0.8474702356049166
05593575,1.5219690278172493,0.6453083455562592,0.7967575192451477,0.958338975906372,0.0033460913691669,-4.131842032074928,-10.033190119883963,9.777528314989087,0.8862755308436692,1.0120753049850464,0.0555555555555555,32.00400140550401,0.8948724538197647
05593900,-15.708275139331818,0.5620118081569672,0.6763851046562195,0.83729088306427,-0.0192822180688381,-13.177397847175598,-17.904166691144805,10.333117938660566,0.7489408747129509,0.9282391667366028,0.05,40.74557781219482,0.8227803327357934
05595730,-1.7854060977697372,0.6087584495544434,0.7470866441726685,0.9126489162445068,-0.0008027509320527,-3.651532158255577,-20.36596259095941,3.402516038449736,0.8396914893084355,0.9967180490493774,0.3333333333333333,44.76379288567437,0.8656205537857594
06191500,-7.32252299785614,0.7770833671092987,0.9174823462963104,0.9913758635520936,0.0678856894373893,-6.833510100841522,-5.61562444351223,16.500816205779948,0.9053396741395684,1.08570396900177,1.0,17.468291521072388,0.960744028990807
06224000,-2.6587797328829765,0.7245201766490936,0.8363616019487381,1.0291963815689087,0.0628678277134895,0.8211273699998856,-8.121212249623424,-794.5153173684878,0.8736191188974277,1.0957362651824951,1.0,28.87763977050781,0.9228361098670358
06278300,-7.727082073688507,0.6729995906352997,0.7542938590049744,1.0073479413986206,0.0474225394427776,-2.1795354783535004,-0.7735454245070829,-872.1218429603738,0.8285371013762557,1.1214476823806765,0.9,38.1294059753418,0.8791861191500694
06280300,-4.378140717744827,0.7485255599021912,0.8722346276044846,0.9329133629798888,-0.0205804370343685,-1.2678380124270916,-14.877708177454446,-0.2329451635655842,0.9010621609926543,0.969120979309082,1.2,26.217544078826904,0.9341625850906558
06289000,-18.661756813526157,0.5623407959938049,0.7236747145652771,0.8463419675827026,0.0673218816518783,-19.84989941120148,9.549103501445757,47.81429166241028,0.7705180747369098,1.0869113206863403,1.1111111111111112,33.827834659152565,0.8533794508513374
06311000,-22.568126022815704,0.5576731264591217,0.5698042213916779,0.8315102458000183,0.0051609370857477,-19.09642517566681,-20.662833968218965,-73.1796420680665,0.7052532847385788,1.0108553171157837,0.9,49.24426078796387,0.7584032471713604
06332515,79.15774583816528,-0.041866660118103,-1.2286372184753418,1.60960853099823,0.1184398382902145,63.25014233589173,7.997085494481962,2.918766198939092,-0.1525466416321645,1.7930890321731567,0.6363636363636364,60.67872047424317,0.4275045964215898
06339100,-19.98989433050156,0.2868691086769104,0.1475580334663391,0.682161808013916,0.0333499759435653,-8.867412060499191,-13.12100189999035,-6.041037230133978,0.3168074124051632,1.2515689134597778,0.9,79.19800758361816,0.4500508412223791
06339500,-33.57729613780975,0.3490052819252014,0.1670854091644287,0.6183868050575256,0.0106627270579338,-26.496508717536926,-8.79403140324748,-85.56283045962583,0.3227965565409395,1.0653131008148191,1.2222222222222223,62.3146480984158,0.4443831606758491
06344600,15.391600131988524,0.0105646252632141,-0.197268009185791,0.9087966084480286,0.0738893374800682,20.980140566825867,-49.35443362815427,-42.83237777743357,0.1083380301557503,1.6023056507110596,1.1111111111111112,121.1011462741428,0.3488695115743139
06350000,-14.0560582280159,0.2888031601905823,0.4919614195823669,0.7133744955062866,0.0325309410691261,-6.982307881116867,-4.169163005653155,-285.6196690113873,0.5027465522853465,1.276490330696106,2.0,74.31687778896756,0.7022418624631867
06352000,-37.07325458526611,0.3990256786346435,0.4543383121490478,0.5745723843574524,0.0047921300865709,-32.48854875564575,-19.268640137314847,-101.31373015161113,0.4678347701908675,1.038951754570007,1.1428571428571428,65.47888347080776,0.6826769209741884
06353000,-33.65664184093475,0.5562683939933777,0.7521579563617706,0.6511127948760986,-0.0065065030939877,-32.4439138174057,-63.029752097211286,-50.69034018844157,0.6351380392970889,0.9549615383148192,0.375,57.982856035232544,0.9031831345382536
06354000,10.32937318086624,0.3152756690979004,0.2654885053634643,1.043498158454895,0.062856875360012,10.59119999408722,-34.78190081509456,-19.05976131852849,0.4634116844137881,1.405131220817566,1.0,61.30431038992745,0.650853004375593
06360500,-33.44602286815643,0.5099439322948456,0.647536426782608,0.6798545122146606,0.0211565177887678,-30.65241575241089,-72.69953895077713,-75.29412675577446,0.6139897669140522,1.1132878065109253,1.875,66.20525121688843,0.8164880396440108
06404000,25.489845871925358,0.5074732005596161,0.6196516752243042,1.263936161994934,0.0914747044444084,26.64567232131958,-43.99393439599834,-22.12096652746905,0.5966394156170427,1.2805970907211304,0.3333333333333333,41.87212785085042,0.8804059528906956
06406000,21.044284105300903,0.1433677077293396,0.1818979978561401,0.9330729842185974,0.039960078895092,28.353577852249146,-25.63718090045209,-297.7140952680243,0.5463309087425712,1.10951566696167,1.3333333333333333,101.61512692769368,0.5648646904572351
06409000,-9.465940296649933,-0.160738468170166,-0.2938860654830932,0.9576699137687684,0.3369613289833069,-1.6558438539505005,-10.792504514761976,56.65365729957787,0.3568115755368929,1.1824225187301636,0.8461538461538461,39.27508867703951,0.3846776959810951
06431500,-21.647225320339203,0.0280233025550842,0.3901435732841491,0.905390441417694,-0.1757660955190658,-16.352669894695282,64.59067552760462,33.25547551875745,0.6587941731039195,0.9084627628326416,1.0,39.88004525502522,0.6852121636014726
06447000,8.137403428554535,0.4006208181381225,0.4732893705368042,1.0124061107635498,0.0802306607365608,5.5251386016607285,-38.83406370211069,,0.6630538586988421,1.217703938484192,0.4,46.54407501220703,0.743126907360982
06447500,2.5749508291482925,0.4977816343307495,0.5504709184169769,1.0093790292739868,0.0520828887820243,3.724668174982071,-18.831802495339943,17.7231962931282,0.7722549724549873,1.0530197620391846,1.3571428571428572,44.61321490151541,0.778711192748787
06450500,-4.240833967924118,0.321955919265747,0.2618271112442016,1.0036717653274536,-0.0391139574348926,-3.140133991837501,-9.15922147798727,66.17548477848824,0.6309348167186282,0.9608768820762634,1.0588235294117647,79.8803217270795,0.6330326863413881
06452000,-4.077840968966484,0.4336801767349243,0.4237541556358337,0.9593517184257508,0.0593713521957397,-1.22421532869339,-6.296940164498281,-3.99490882803707,0.6627841425950161,1.1532224416732788,1.1875,59.23663377761841,0.7023674495991447
06453600,-25.984948873519897,0.3461107015609741,0.3666663765907287,0.7669404149055481,0.0414776615798473,-23.913170397281647,-34.83243098829044,-10.676893191589128,0.5342934802129609,1.1446250677108765,0.7272727272727273,47.8682431307706,0.6236366354739317
06464500,-14.83241468667984,0.3956984877586365,0.4866505265235901,0.969577431678772,0.0900775045156478,-8.922018855810165,1.3072513488307906,22.78605223310737,0.7039159892217977,1.138222336769104,1.3076923076923077,56.50182870718149,0.7399330963130156
06468170,-55.1548957824707,0.2364981174468994,0.0162618160247802,0.4791393280029297,-0.0605727322399616,-51.17954015731812,-31.178187630045198,-3.4948499475044867,0.056889111275328,0.7333406805992126,1.8,86.23542785644531,0.2603682563771956
06470800,-61.54390573501587,0.3861569762229919,0.1661725044250488,0.4435238838195801,-0.0751795321702957,-52.46521830558777,-41.62198368390839,4.41343991299448,0.1268897882605828,0.6668701767921448,1.1666666666666667,45.70355812708537,0.4154657453545524
06477500,-20.892134308815,0.4743720293045044,0.4198437929153442,0.819829523563385,0.0162311568856239,-15.521085262298584,-63.73652255541072,-33.33325755968216,0.6111850001709326,1.0851304531097412,1.0,63.63342830113002,0.6661309995432175
06479438,-20.55867463350296,0.4025026559829712,0.4389770627021789,0.7301197648048401,0.0207043197005987,-11.904361844062803,-49.55828294629232,-166.08205842441498,0.5618212786723381,1.0871291160583496,1.0909090909090908,101.31384242664684,0.6659734028400723
06601000,41.68349206447601,0.1296665668487548,-0.119729995727539,1.2695095539093018,0.0797302648425102,54.85674142837525,-25.13915530700371,-892.8385855506377,0.4964878538898145,1.113459587097168,0.5,90.33434126112196,0.5901024472775739
06614800,14.259584248065948,0.6677193939685822,0.7306117713451385,1.1606392860412598,0.1069128066301345,17.48037040233612,6.913165463516356,-1142.2988061774508,0.7179784826183423,1.2091147899627686,1.8,32.13871479034424,0.8999891972573253
06622700,2.0705964416265488,0.674068033695221,0.7763713598251343,1.1500637531280518,0.1232132166624069,5.252388119697571,8.72558370781229,21.170111337032917,0.6800663755673144,1.2707476615905762,0.9,36.02100372314453,0.9191662336458783
06623800,-10.62830239534378,0.7709335535764694,0.8825125470757484,0.9463991522789,-0.0132897123694419,-6.0634564608335495,-0.3866803333294604,-1.652121437810888,0.9153939664307618,0.9749047756195068,0.9,22.1600341796875,0.9395404287710272
06632400,3.5903554409742355,0.6332064867019653,0.7429999709129333,1.1989240646362305,0.1418819725513458,13.646546006202698,4.843936472723893,-94.24482982024752,0.610034972472554,1.3251640796661377,1.0,34.606053829193115,0.9177184072957012
06746095,-21.27809226512909,0.6451167166233063,0.68230339884758,0.7780754566192627,-0.0521518848836422,-21.14747315645218,-9.08608603250274,-816.6733252550855,0.7005076300126876,0.8937613368034363,1.6,38.78489971160889,0.8292413306210323
06784000,11.088752746582031,0.2923453450202942,0.1534917950630188,1.0728554725646973,0.1382894963026046,8.324147015810013,-37.05463132259347,44.14251078700552,0.581529168177159,1.151739239692688,0.75,43.98495554924011,0.6168745370751768
06803510,7.3833271861076355,0.1387016773223877,0.6372845470905304,1.1217198371887207,0.1058511584997177,5.591392517089844,-11.118989920740123,-239.472930784178,0.4803180729381622,1.482420563697815,0.1111111111111111,49.635818269517685,0.8499200670611186
06803530,3.273874893784523,0.3432091474533081,0.5626688599586487,1.0414990186691284,0.0469993278384208,-2.570723742246628,-32.84488776738084,-748.5712732603314,0.7142178418737303,1.1914628744125366,0.2666666666666666,101.2867037455241,0.7919345269524595
06814000,-6.449265033006668,0.5355706810951233,0.6782450377941132,0.922677755355835,0.0177439711987972,-7.496264576911926,-32.64799850291564,-7.837668048055849,0.799595523844065,1.070425271987915,0.3333333333333333,45.45296563042535,0.8290511608347374
06847900,11.243203282356262,-0.1797815561294555,-0.1450670957565307,0.9852409958839417,0.0737708881497383,14.630483090877531,-35.550918234685106,28.88898515905705,0.2496195120315285,1.4780105352401731,0.75,70.74999809265137,0.4217621797904373
06853800,12.81878501176834,0.1192252039909362,0.3384159803390503,1.0188952684402466,0.1074858903884887,12.730975449085236,-76.27189281251151,-36.55216156338973,0.3516935383523492,1.5641831159591677,0.5,74.37541484832764,0.6811871258696215
06876700,-23.620830476284027,0.3367437124252319,0.3395195007324219,0.8291426301002502,0.0758867934346199,-17.637744545936584,-30.16777484595426,-134.81078353753654,0.5276945351137506,1.2271329164505005,1.0,53.72560207660382,0.6227854064633154
06878000,-24.949224293231964,0.4629403352737427,0.7430905699729919,0.7682486176490784,0.0307575706392526,-23.064178228378296,-15.47312295658033,-268.41138973650413,0.7032355101927498,1.130510687828064,0.6666666666666666,44.13416862487793,0.86836634339334
06879650,-36.393505334854126,0.2328118681907653,0.2416143417358398,0.5840275883674622,0.0338368117809295,-30.732107162475582,-88.74271194542992,-378.22514633046666,0.3289405135302923,1.164722919464111,0.75,87.97994454701742,0.4998458768091397
06885500,-34.00537669658661,0.5777310132980347,0.7087746560573578,0.672722578048706,0.0062270830385386,-29.19996380805969,-36.06059200953482,-195.03070937893511,0.644274084838973,1.026688575744629,0.2941176470588235,46.61458520328297,0.8631857619880589
06888500,20.0905442237854,0.3919885754585266,0.4195713400840759,1.188542127609253,0.0714021697640419,10.32356023788452,-28.457010970422303,-210.87445067732023,0.6206331747274341,1.2383419275283811,0.1111111111111111,44.76757579379612,0.7729225246396781
06889200,-23.96833300590515,0.5192083120346069,0.3836219906806946,0.5741065144538879,0.0037707162555307,-20.5948144197464,-16.79530864021087,1.595990403349106,0.4294928798834103,1.024086833000183,0.1111111111111111,54.00305324130588,0.6211689854973199
06889500,-18.26663166284561,0.5287942290306091,0.6182775795459747,0.6781848073005676,0.0085660712793469,-15.253807604312897,-25.04439887715909,-199.67153929713385,0.6157696171507465,1.0451046228408811,0.2,68.21289539337158,0.7949791672763645
06892000,-14.380501210689545,0.5826184153556824,0.7479099929332733,0.798778235912323,0.0138956252485513,-14.567126333713531,-16.207647195700087,-76.08388895485709,0.7540010134254205,1.0501371622085571,0.4285714285714285,32.00652031671433,0.8676687186685013
06903400,29.750683903694156,0.5712434649467468,0.5168342888355255,1.1469439268112185,0.046518612653017,10.65661907196045,-45.08620288266278,-17.454263638213337,0.7146518101006084,1.140430927276611,0.3529411764705882,40.82467976738425,0.799724623289857
06910800,-7.108385115861893,0.5208849310874939,0.6617360413074493,1.0079069137573242,0.004650195594877,-11.882971972227097,-33.07582488480415,-6.128915225111426,0.8308404701878239,1.020195722579956,0.2272727272727272,66.80238897150214,0.8322365950793077
06911900,-12.246035039424896,0.5498418211936951,0.7393124997615814,0.8411833643913269,-0.0127999698743224,-15.583927929401398,-36.526653790322186,-15.031336522518604,0.779041451247307,0.9364525079727172,0.0476190476190476,65.87714240664528,0.8601369499192849
06917000,-3.730970248579979,0.6236617565155029,0.7665325403213501,0.9049963355064392,0.0124286478385329,-5.884663015604019,-40.54842363154995,-9.22594147995274,0.8345331340419899,1.0547574758529663,0.3888888888888889,26.26388602786594,0.8760838739268662
06918460,23.29970002174377,0.5496830344200134,0.5416720807552338,1.20421302318573,0.0864146500825882,24.637675285339355,-16.815905326457838,-386.5556612868079,0.6773940312025668,1.1830586194992063,0.125,55.278587341308594,0.8301141733630505
06919500,10.940271615982056,0.596391350030899,0.7313770055770874,1.0681085586547852,0.0623807497322559,5.868607386946678,-35.13134472170924,-11.250140798451442,0.7602618306627036,1.1949656009674072,0.5625,46.02970480918884,0.878246032858951
06921070,20.47511786222458,0.5443534255027771,0.6942381262779236,1.178364872932434,0.0939373597502708,22.102703154087067,-27.689838092719665,-266.9603085413565,0.6295218712922308,1.3046056032180786,0.1111111111111111,38.06023862626817,0.8875035892005547
06921200,20.62983512878418,0.413993775844574,0.5494694411754608,1.200318455696106,0.1136325299739837,21.938127279281616,-40.41950456339379,-16.2351945010568,0.4842021322331431,1.44553804397583,0.1666666666666666,37.31674618191189,0.8344228032893585
07014500,1.29757234826684,0.5636165142059326,0.7358133494853973,1.0021357536315918,0.0876608863472938,1.7944853752851486,-20.63891455917691,-7.529200809468961,0.7839039245559409,1.1741126775741575,0.1111111111111111,44.42275630103217,0.8720245027878111
07056000,2.076476253569126,0.6865727603435516,0.8778702169656754,0.9792786836624146,0.0271798744797706,4.984509944915772,-23.89160064483116,-441.4001090318951,0.8939541003592458,1.083677887916565,0.1428571428571428,27.833001954214915,0.9382394061421248
07057500,3.405530378222465,0.5011566579341888,0.866078570485115,0.99696946144104,0.1474875211715698,6.034815311431885,-5.165199676386891,-140.0084107149717,0.7616060286406371,1.2316428422927856,0.25,31.842386722564697,0.943749710835845
07060710,-33.30780267715454,0.5169655978679657,0.585352897644043,0.6970664858818054,-0.0092579182237386,-32.14690685272217,-16.733419239862144,-461.9078743669748,0.6161829277998998,0.9559810161590576,0.2666666666666666,65.22088368733723,0.7684634802069674
07066000,-2.561667375266552,0.5550638437271118,0.7603487819433212,0.946402668952942,0.0446368902921676,-1.4350814744830132,-15.399281641068214,-1737.4768533334652,0.8407039454684666,1.0843582153320312,0.1578947368421052,39.314761914704974,0.8759586738222298
07067000,-5.627680569887161,0.4812314510345459,0.7152122557163239,0.943024754524231,0.1066822633147239,-3.528829663991928,-7.748320488964177,-30.04489084077632,0.7807709697216918,1.1558752059936523,0.1666666666666666,46.4667903052436,0.8567585629917807
07068000,-7.727213948965073,0.6283526420593262,0.849921703338623,0.8712731003761292,0.0655422583222389,-6.336817145347595,-11.74760730310334,2.9146693738049434,0.8271488855892265,1.08836567401886,0.2777777777777778,27.01814439561632,0.9258487982466584
07071500,-22.41818755865097,0.5187314450740814,0.6827121675014496,0.7426917552947998,0.053156454116106,-17.019206285476685,-2.687216772698509,-79.00791374500056,0.6824875473423255,1.0816922187805176,0.2857142857142857,57.75916916983468,0.8328682968729845
07083000,-7.250449061393738,0.7369386553764343,0.8560373932123184,0.9998382329940796,0.0569108873605728,-1.599964126944542,-1.7407397083029612,-58.83544716048775,0.8903673513837257,1.0840648412704468,1.2,21.828055381774902,0.929626752695148
07142300,10.459493100643158,-0.0373227596282959,-0.1200132369995117,1.0264220237731934,0.1555978655815124,10.459477454423904,-69.62099759207105,-57.40368421502272,0.2640018639012057,1.506377935409546,0.875,55.28519153594971,0.4665428606429622
07145700,7.362412661314011,0.5461582839488983,0.6852147579193115,1.0523114204406738,0.0583140812814235,10.031867772340776,16.646976377546153,-206.3345884674556,0.7056875342862075,1.249752640724182,0.2272727272727272,40.46429287303578,0.8533474813809563
07148400,34.67947840690613,0.2066120505332946,0.1964659094810485,1.4262336492538452,0.2469396442174911,32.435342669487,-6.081455165170113,-194.94996671400847,0.294216835627279,1.5270593166351318,0.2941176470588235,54.91987677181468,0.8033703275092259
07149000,18.34253817796707,0.2720949649810791,0.4943008422851562,1.1996636390686035,0.223433569073677,15.079213678836824,0.7613285011522908,-4.449745403897245,0.5775426114284419,1.329478740692139,0.631578947368421,52.7261031301398,0.8266551534527048
07151500,5.587411671876907,0.4979914426803589,0.5227177441120148,1.068071961402893,0.0222868062555789,4.596796631813049,5.76175999556607,-279.5737906770149,0.7606210769793497,1.0617594718933103,0.4,36.42886400222778,0.7789700371244911
07167500,-5.269918590784073,0.5345578491687775,0.690121978521347,0.8971899747848511,-0.0085994331166148,-11.062967777252195,-36.09357575150437,-77.61027129904735,0.7988814068055305,0.9545108675956726,0.2352941176470588,55.22402595071232,0.8332381156352433
07180500,-7.044026255607605,0.5306121408939362,0.6801791191101074,0.9247329235076904,0.0036969955544918,-6.500525772571564,-19.501678950110293,0.0370340699944623,0.8134988819273452,1.0163284540176392,0.2105263157894736,52.53798836155942,0.8301444265617257
07184000,-11.866295337677002,0.5971696376800537,0.7706482708454132,0.8906934857368469,0.0096428748220205,-13.32295835018158,-34.08605723970987,-13.539878892339663,0.8307126701224227,1.0427645444869995,0.2222222222222222,34.894866413540306,0.8780103294063869
07195800,34.38916206359863,0.2818934917449951,0.1823773980140686,1.3376625776290894,0.0967744886875152,24.605169892311096,-10.289871492148327,92.47804142451896,0.5318720704567499,1.1943928003311155,0.0625,83.91716480255127,0.7405020592244393
07196900,35.96958816051483,0.3389140963554382,0.2909597754478454,1.27747905254364,0.067838042974472,26.896440982818604,-35.66090054260705,-1.3109067082531929,0.5742308384676131,1.209704041481018,0.3181818181818182,56.472115083174266,0.7544211546203481
07197000,5.547068268060684,0.586934506893158,0.8330795168876648,1.0486034154891968,0.0501613207161426,6.283612549304962,-8.351829619254486,-445.44367910859137,0.8392202073250621,1.1323550939559937,0.2631578947368421,47.41321362947163,0.9227343618464158
07208500,9.764067828655245,0.5152189135551453,0.7179048657417297,1.0209417343139648,0.0675779059529304,5.863790214061737,-15.895839291025425,-30.85475484726429,0.8234434615624046,1.1109880208969116,1.5454545454545454,45.03274397416549,0.8642969630171228
07226500,-34.28630232810974,0.3819529414176941,-0.0443609952926635,0.7976540923118591,-0.0445425324141979,-41.98809862136841,-61.69441360018524,-1360076757812.5,0.2721343997302691,0.6921179294586182,0.3333333333333333,79.95373407999674,0.3722635136165578
07261000,-8.242322504520416,0.6747636497020721,0.863604262471199,0.9101287722587584,0.0324443466961383,-7.2369202971458435,-24.07533907682525,-5.495434186774083,0.8571841297078351,1.0862044095993042,0.2631578947368421,31.310791718332396,0.9300833710965282
07291000,-19.923609495162964,0.5063761174678802,0.6020216643810272,0.7174826264381409,0.0255428869277238,-14.7846981883049,-8.53906296261289,-1105.0570380523884,0.6261686669590087,1.1047611236572266,0.2631578947368421,43.11193666960064,0.778733404760256
07292500,1.6399286687374115,0.5815191864967346,0.7396585047245026,0.971564769744873,0.054187573492527,5.5411942303180695,-2.7776486264459823,-125.4909697643489,0.8028263451901134,1.14363431930542,0.2631578947368421,48.99176547401829,0.867946714735699
07299670,-25.07334649562836,0.1252529025077819,0.3980294466018677,0.7638344764709473,0.0411714389920234,-19.088225066661835,-29.25647134982553,-578.0989884058688,0.5253192070292181,1.2061747312545776,0.6666666666666666,67.72518157958984,0.6435737370735408
07301410,18.142884969711304,0.2941824793815613,-0.0668854713439941,0.8717256188392639,0.0822492390871048,20.303253829479218,-18.49402322177506,-4.521953001744804,0.3730282186887436,1.1352494955062866,0.4375,67.61013269424438,0.4013791920892366
07301500,-6.683436036109924,0.3576551079750061,0.3252254128456116,0.8953609466552734,0.0454850904643535,-7.004162669181824,-19.66930590437809,57.73048719287017,0.6018664187879257,1.10486102104187,0.8125,52.28662490844727,0.6304527320221035
07315200,3.3693943172693253,0.3117181062698364,0.3324167728424072,1.210943341255188,0.0625211670994758,3.8808397948741913,-61.0596483483498,-927.7175570191612,0.392295618023978,1.5093584060668943,0.7272727272727273,72.31847589666192,0.7443409754732904
07315700,18.647097051143646,0.3784669637680053,0.295674204826355,1.246867537498474,0.1174490675330162,14.738455414772034,-50.969997029263055,-38.7372319510845,0.3342900765564844,1.5643457174301147,0.8333333333333334,43.89059543609619,0.7475321162624841
07335700,-11.021380871534348,0.3786994814872741,0.4123699069023132,0.8725727796554565,0.0817775279283523,-5.441714823246002,-35.43861715139729,-25.486325197920497,0.5627970705104637,1.2649542093276978,0.4210526315789473,52.15916884572882,0.6764138877686031
07340300,-6.315308809280396,0.5780234336853027,0.6651392877101898,0.9328740239143372,0.0285446159541606,-5.329586938023567,-15.940138758038383,-680.951990886314,0.7963926028219713,1.075850248336792,0.125,38.62673441569011,0.8233737976759804
07346045,-10.114867985248566,0.6571747064590454,0.840327113866806,0.9002215266227722,0.0493588671088218,-8.000263571739197,-36.86876686365361,-20.180180983977493,0.8358795953075626,1.1014302968978882,1.1428571428571428,37.04115663255964,0.9181974428387136
07362100,-19.1400945186615,0.6215745508670807,0.6999210119247437,0.8496220111846924,0.0473628565669059,-14.580833911895752,-31.00103310219156,-5.79882957848286,0.7397557377268107,1.1374047994613647,0.3333333333333333,85.3830083211263,0.838032541506135
07375000,-5.829531326889992,0.4987520575523376,0.518572986125946,0.8665996789932251,0.0310963038355112,-6.625586003065109,-2.4663457555801824,-126.9299938366274,0.6912024554874259,1.0793853998184204,0.4117647058823529,69.55315085018383,0.7330576164264017
08013000,26.059409976005558,0.539137214422226,0.6231324374675751,1.3115103244781494,0.1898037940263748,27.24567055702209,-5.766652330777181,-640.1754282194464,0.4647650916231659,1.4252040386199951,0.7647058823529411,31.32753091699937,0.9070524318235184
08014500,8.172690123319626,0.5423786640167236,0.7269996404647827,1.0620965957641602,0.1237075626850128,11.887455731630324,-5.617566130933087,-33.547403927337434,0.7053236232499766,1.2621029615402222,0.8888888888888888,41.5556722217136,0.8805001365654794
08023080,-11.30407527089119,0.6466552317142487,0.6953504681587219,0.893392026424408,0.0039280820637941,-7.7742427587509155,-44.20830627465072,-18.04846758535681,0.803735869594812,1.0146615505218506,0.2142857142857142,31.221682684762136,0.8358677734565643
08029500,-17.675118148326874,0.5562202036380768,0.4646380543708801,0.6282774209976196,0.0327253863215446,-9.750372916460035,-12.259378952517473,11.47210947159122,0.5003132253768979,1.110156774520874,0.3157894736842105,34.82710938704641,0.6847624990261862
08066200,15.91033935546875,0.4774626493453979,0.410133957862854,1.2069958448410034,0.0507469959557056,11.332370340824127,-29.963198150967017,-8.685459111367019,0.6257032002945044,1.2153695821762085,0.35,73.48137378692627,0.7744634008379562
08066300,13.458596169948578,0.4834558963775635,0.6145730912685394,1.1111526489257812,0.1205197572708129,15.536798536777496,-9.425054447389686,-126.98620822404578,0.6656075733373087,1.270984768867493,0.7894736842105263,39.94779084858141,0.8386598664684544
08070000,23.31035733222961,0.432239294052124,0.2838298082351684,1.268750786781311,0.1286909580230713,24.85722452402115,16.353102263664894,-661.0202823960111,0.4545798949916286,1.405125379562378,0.5294117647058824,45.59329818276798,0.7527561277074629
08079600,-56.69122934341431,0.471653938293457,0.2691431641578674,0.3960550129413605,-0.0549418143928051,-57.85720348358154,-86.22311154464583,-233.33864339065244,0.1057777405427564,0.5259007811546326,0.4444444444444444,79.65715726216635,0.5416182457756745
08082700,-63.35904598236084,0.42815762758255,0.3448241353034973,0.2425616979598999,-0.0232399720698595,-60.60096025466919,-53.04112790951074,-3121.6483589758377,0.1320863994960043,0.6104669570922852,0.4166666666666667,83.01716645558676,0.8331909923730858
08086212,3.2928206026554108,0.0928457379341125,-0.4047576189041137,1.1442804336547852,0.0572049096226692,3.986332193017006,-75.11737003394991,-134.89692262940193,0.1460797832692465,1.5868583917617798,0.1666666666666666,97.18960126241048,0.3967089251243133
08086290,-26.57942771911621,0.221958577632904,0.1219907402992248,0.8809910416603088,0.0269638765603303,-26.59657895565033,-79.24121755751509,-297.3476188019133,0.4298566097227165,1.2663466930389404,0.5714285714285714,102.91087968008858,0.5101430898527644
08101000,-28.041809797286987,0.5608254671096802,0.6582380533218384,0.7545385956764221,-0.0303495768457651,-29.738250374794006,-54.82446003388185,-23.843199869042834,0.6506262300209598,0.8349573612213135,0.3529411764705882,71.6935438268325,0.8140654482839933
08103900,-45.999762415885925,0.5297177135944366,0.3900484442710876,0.5123234391212463,-0.0182101838290691,-41.78273677825928,-77.68243245495398,-60.089469133622174,0.3850824469810531,0.9070687890052797,0.3333333333333333,58.952903747558594,0.6371516032785381
08104900,-13.73477578163147,0.4986675977706909,0.4947397112846374,0.6499673128128052,0.0040931641124188,-7.241751253604889,-26.785550720394628,14.60495016470814,0.541776045367995,1.0276750326156616,0.3333333333333333,42.30026006698608,0.7055846419277225
08109700,-38.36554884910584,0.5964907109737396,0.619422048330307,0.631269633769989,-0.0764993354678154,-38.85514736175537,6.408533828312992,2.3416082376868204,0.484581023156286,0.6935190558433533,0.6,60.04692077636719,0.8108860936383754
08150800,-63.49639296531677,0.3702143430709839,0.3176301717758178,0.3722398579120636,-0.0736439824104309,-62.62497305870056,-25.247819904962498,10.294615716257818,0.1307478253433378,0.534000039100647,0.4285714285714285,79.23204558236259,0.6200518672333398
08158700,19.152504205703732,0.5539574325084686,0.5640498399734497,1.0471954345703125,0.0539416670799255,18.636445701122284,-51.5617397009681,-45.29180374426892,0.7294950331622985,1.1692148447036743,0.7142857142857143,67.32918875558036,0.7943015207360619
08158810,-10.550538450479507,0.4623762369155884,0.4897440671920776,0.7819743156433105,-0.0015907974448055,-13.195465505123138,-47.92236627355687,,0.6324253673287183,0.9937056303024292,0.6153846153846154,69.62188573984,0.7041346717603849
08164000,-10.497520118951796,0.597189337015152,0.5502716898918152,0.983937680721283,-0.0485219694674015,-21.113747358322144,-27.150480907192303,-121.57418920618466,0.7136262671580587,0.8264237642288208,0.3333333333333333,56.42438161940802,0.7727925900488186
08164300,-15.5315101146698,0.5622695684432983,0.5969743430614471,0.8803087472915649,-0.0257762782275676,-21.334253251552585,-37.67072488849682,0.0263546053007797,0.7139711494424191,0.8624807000160217,0.5882352941176471,61.82811400469612,0.7796027461416702
08164600,-8.169898390769958,0.5148851871490479,0.5792249441146851,0.9422451853752136,-0.0040682302787899,-14.966821670532228,-26.52107888967758,-10.83289210017967,0.770075609867943,0.9784265756607056,0.4444444444444444,72.04194068908691,0.7784956119451995
08165300,34.424641728401184,-0.0706931352615356,0.2502782344818115,0.9086318016052246,0.0497221946716308,35.71532666683197,-55.50665723614687,-497.3280720104335,0.5188283863750709,1.2405277490615845,0.2857142857142857,61.17194720676967,0.5933989965434436
08171300,14.837414026260376,0.5540974140167236,0.5355643630027771,1.1078181266784668,0.0359169356524944,14.716361463069916,-23.094219738375344,-26.799355249543183,0.730857027526252,1.1388649940490725,0.1666666666666666,69.38437620798746,0.7962116180463128
08175000,-26.35304629802704,0.5666764974594116,0.6714831590652466,0.8233178853988647,-0.0147211514413356,-25.558319687843323,-4.933037254867108,4.834376963420637,0.7350911816328627,0.9199420809745787,0.3333333333333333,49.982194900512695,0.8195814809115668
08176900,1.1514892801642418,0.4427891373634338,0.5564358234405518,0.9489778876304626,0.0173059124499559,0.2401019213721156,-14.907125671020394,-2.8943144488115204,0.7417070546402973,1.1010242700576782,0.1428571428571428,63.2518972669329,0.7678231567721407
08189500,-10.045070946216583,0.57984659075737,0.7122056782245636,0.8429155349731445,0.0088745951652526,-4.871056973934174,-0.8713663379852717,3.4395465935771066,0.7730583670123705,1.0498161315917969,0.2307692307692307,42.45773095351,0.8439701033021322
08190000,-5.3459905087947845,0.4773156642913818,0.4998257756233215,0.9658617973327636,0.0084395501762628,-7.155628502368927,-29.47169232243232,-708.1218598257925,0.7379889760741654,1.0277951955795288,0.2,69.98664379119873,0.7417137501143146
08190500,80.29668927192688,-0.0135318040847778,-1.4072144031524658,1.9660476446151731,0.0903466269373893,77.31764912605286,-78.62973662388877,-79.77292611420825,-0.3697258887217616,1.89662504196167,0.5,76.23388767242432,0.6272205843996623
08194200,-54.58935499191284,0.4196259975433349,0.2038418650627136,0.4443347454071045,-0.0322783328592777,-47.14957177639008,-57.26876365962814,-192.99187040605275,0.170483419728523,0.7174811363220215,1.0,79.49037551879883,0.4527185610222085
08195000,23.42447340488434,0.2525601387023926,0.0631153583526611,0.9902744889259338,0.0944855064153671,23.934489488601685,-22.53603142359544,-329.7860951410801,0.4033398386635322,1.3693618774414062,0.625,60.703933238983154,0.5315124696927701
08196000,62.53693103790283,0.1015369892120361,0.0943362116813659,0.9220137596130372,0.0837447419762611,59.20379161834717,-44.17968250826768,-212.4979759985481,0.2707966729686204,1.539785623550415,0.5384615384615384,129.36512873722955,0.515967853265685
08198500,2.854384109377861,0.051739752292633,0.3075613379478454,0.6374314427375793,0.0655199512839317,19.544070959091187,30.960870315684303,39.50317719443127,-0.0584987935995329,1.8934686183929443,0.0,25.535021509443013,0.5633335766476698
08200000,-31.424984335899357,0.4966542720794678,0.3831732869148254,0.3847852647304535,-0.0100601837038993,-24.953433871269223,-46.92556177608753,-11.44570128554016,0.3051538653316548,0.9078693389892578,0.2857142857142857,57.84401212419782,0.6904294560645576
08202700,-54.21348810195923,0.2618933916091919,0.1047897338867187,0.2450528591871261,-0.0095738861709833,-46.26545608043671,952118301.3916016,-468196972656.25,-0.0338470759347209,0.7577318549156189,0.4285714285714285,80.55456706455776,0.3365237480703529
08267500,-19.424624741077423,0.62711301445961,0.7620549499988556,0.8116018772125244,-0.0907986611127853,-13.718536496162416,-23.131452573292613,69.54435162657563,0.746031960500769,0.8787927627563477,2.25,44.24106180667877,0.8803558691075939
08269000,-4.688941687345505,0.7059955894947052,0.8889509215950966,0.869115948677063,-0.0450764261186122,-7.868620753288269,-28.71157986270724,53.57492868110049,0.8416721270596262,0.9282875061035156,0.875,23.899376392364506,0.9471379277906682
08271000,-28.72827649116516,0.6722966730594635,0.839770719408989,0.7229485511779785,-0.0825384408235549,-27.35660076141357,-12.703991767071148,-27.925038856933103,0.6992945142187297,0.8958110809326172,0.8888888888888888,34.43674246470134,0.9469815784076994
08324000,-3.954759240150452,0.550993800163269,0.7039335668087006,1.0060862302780151,0.1102069243788719,-0.3360920352861285,-12.812398246723022,36.66946621469334,0.7759324701091603,1.1739675998687744,1.0769230769230769,47.15843200683594,0.858916726901155
08377900,9.584561735391617,0.6067335903644562,0.7419178187847137,1.0786899328231812,0.0724992901086807,16.05970561504364,-13.345285697601032,30.12727966123284,0.8208533843840757,1.113278865814209,0.7272727272727273,32.827117226340555,0.8856789480508099
08378500,8.379346877336502,0.6517893970012665,0.7869616746902466,1.1182349920272827,0.0836635380983352,20.32303512096405,-18.326562601746694,33.23461426747789,0.8115154867137631,1.1190470457077026,1.2,35.05107402801514,0.9141239304734654
08380500,-37.17404305934906,0.5129517018795013,0.4440280199050903,0.6574201583862305,-0.1109871044754982,-38.762056827545166,-29.801843231596013,-606.0759601874341,0.4878322721843168,0.8004041910171509,0.9375,58.7701141834259,0.6757834881252246
09034900,7.09703266620636,0.7265006899833679,0.8226910829544067,1.115641951560974,0.0774889439344406,12.734508514404297,-2.062686434484631,-1051.060460766699,0.8056640281783838,1.1392247676849363,1.2,16.738502979278564,0.9292195433322392
09035800,46.37250006198883,0.5804389119148254,0.6010265052318573,1.3590883016586304,0.1884182691574096,41.82478189468384,-7.685906851255483,9.893083764217543,0.538122706627797,1.277383804321289,1.6,29.034204483032227,0.91371876887178
09035900,-3.145386651158333,0.763666495680809,0.8945579826831818,0.9149253368377686,-0.0508657954633235,-4.529699310660362,-8.921121131760163,17.15171034373253,0.8760529383604179,0.9265514016151428,1.2,28.123061656951904,0.9477460128581638
09047700,18.13401430845261,0.5663169324398041,0.6673460900783539,1.0718679428100586,0.065365083515644,15.828436613082886,-21.81494550040967,-46.9219791368367,0.8133183738434395,1.0833828449249268,1.625,31.434303522109985,0.8492275571832386
09065500,-9.617792069911957,0.7249630689620972,0.8318397700786591,0.8513420820236206,-0.0505989231169223,-13.501918315887451,-18.75688734532331,-979.3285332939316,0.8043431262965095,0.904713809490204,1.3,37.91289806365967,0.915720835620644
09066000,-8.15676674246788,0.7292901277542114,0.8427607715129852,0.8396642804145813,-0.0459449850022792,-13.045074045658112,-17.652385257208017,24.601922750472585,0.8010983331580768,0.9110336303710938,1.2,27.614963054656982,0.9229330474679696
09066200,-28.598731756210327,0.6581190824508667,0.697318822145462,0.7241628170013428,-0.0933456271886825,-28.35550308227539,-29.33898292659235,-2.685321662615827,0.6372940358970538,0.8187868595123291,1.6,49.34426307678223,0.849563094335836
09066300,-9.436056762933733,0.7454715967178345,0.8224530071020126,0.8547361493110657,-0.0571133308112621,-10.37258505821228,-6.81382110575789,,0.7923439704186033,0.8817217946052551,1.6,27.28733062744141,0.9103913707663628
09081600,-11.962912231683733,0.8022950440645218,0.9124592915177344,0.8883048892021179,-0.0353778563439846,-13.05060088634491,-12.46575192800644,-24.4327206169754,0.8700008540800122,0.948059618473053,0.9090909090909092,26.79799036546187,0.9584527145217608
09210500,-38.563549518585205,0.6187331974506378,0.7212173044681549,0.6313101053237915,-0.1578152775764465,-35.78129708766937,-33.93592783174689,12.296293550831797,0.573014968754217,0.8059431910514832,1.0,47.11346626281738,0.906587295444745
09223000,-16.5144219994545,0.7358827292919159,0.8815985545516014,0.7984552979469299,-0.0483733154833316,-18.314464390277863,-22.52166918516006,35.77746173569681,0.7749444059607261,0.9116939902305604,1.1,27.98803329467773,0.9527580470205848
09306242,34.6233606338501,-0.9699950218200684,-2.416800022125244,1.399753451347351,0.5666300654411316,54.33403253555298,-31.898638131067163,-5.657156408849078,-0.3823457263819907,1.8069953918457031,1.4444444444444444,69.25395859612358,-0.0487303385152137
09312600,-23.83733689785004,0.6319114565849304,0.7183560132980347,0.7474530935287476,-0.0248999372124671,-26.632753014564518,-35.22077682668557,83.0893913496171,0.702399733309392,0.9394422769546508,1.0,45.848894119262695,0.8546771148590688
09352900,-27.129676938056942,0.6853156983852386,0.8229833394289017,0.8029233813285828,-0.0121394423767924,-24.453429877758023,-19.740338867999814,-48.15432906812575,0.7843024817459012,0.9827370047569276,1.0,41.251593828201294,0.9140452750033152
09378630,19.05683130025864,0.3045427799224853,0.1497784852981567,1.363823413848877,0.2190868854522705,25.766873359680176,-78.19100317556774,-309.78055107980134,0.1035556160372657,1.7816237211227417,0.8,24.689946174621586,0.7544202458427944
09386900,16.434863209724426,-0.1904081106185913,-0.5717277526855469,1.1543346643447876,0.1916347295045852,31.01041913032532,-83.78481494609184,-208.6015195607511,-0.3600273364582353,2.182114124298096,1.75,72.972043355306,0.3454303975663014
09404450,-8.134634047746658,0.4870059490203857,0.7858661115169525,0.9799035787582396,0.0861608013510704,-5.898607149720192,-0.3385564492746683,23.97775133702589,0.8458258453620295,1.1108345985412598,0.3333333333333333,26.250700155893963,0.8947313172030527
09430500,7.6847143471241,0.4179019331932068,0.3455918431282043,0.9600430130958556,0.0347258225083351,10.476738214492798,5.009504590547518,25.40351681236434,0.6469242936509652,1.0888750553131104,0.3333333333333333,53.21640173594157,0.6606371880206915
09430600,-10.16991063952446,0.4129941463470459,0.2359208464622497,0.5565859079360962,0.0207430608570575,-6.90377801656723,-27.226938573112776,,0.3139453260378394,1.1207565069198608,1.0,69.19070720672607,0.4906152488923684
09480000,-36.58518195152283,-0.015263557434082,0.0136825442314147,0.4226959347724914,0.0461368337273597,-25.472742319107056,-50.52549973595494,-42.35491178067624,-0.0874590079151467,1.5064239501953125,1.6666666666666667,64.76792494455972,0.2300507206080628
09492400,23.80474656820297,0.5090141892433167,0.601320207118988,1.069985270500183,0.0423133969306945,18.29617321491241,-15.338958140067232,-854.6518619141102,0.7978684486947608,1.0490484237670898,0.875,54.96138334274292,0.8168239151197878
09494000,0.2061700215563178,0.6348337829113007,0.632437527179718,1.001820087432861,0.0721148625016212,3.685002028942108,-21.741663446807,-309.94266915930734,0.7886774316647038,1.109302997589111,0.8666666666666667,38.19168408711751,0.8191498689865075
09497980,-17.911531031131744,0.574772298336029,0.7624956369400024,0.7180095314979553,0.0266230925917625,-13.259369134902954,8.870015946348143,-45.69855047529934,0.6547196756123366,1.1664470434188845,0.125,50.9717583656311,0.8904771264969754
09505350,54.73105311393738,0.4719285368919372,-0.271090030670166,1.533050775527954,0.0703969523310661,41.824859380722046,16.79951197844732,-10835.74357356285,0.2894271256109841,1.3437957763671875,0.7777777777777778,61.68604426913791,0.6797264533580745
09505800,25.626569986343384,0.3443023562431335,0.0303362011909484,1.1771655082702637,0.0618678927421569,28.713145852088928,111.60293204294686,-3935.999005562623,0.4889317506605923,1.2688281536102295,0.2222222222222222,51.67668660481771,0.6030937617160685
09508300,-29.511350393295288,0.6093406081199646,0.7506759762763977,0.7327819466590881,-0.0092091932892799,-27.51052975654602,-85.76688852912469,-104.93338737793944,0.6985583642514129,0.9311681985855104,0.6666666666666666,56.26920594109429,0.8786585196830298
09510200,-31.549900770187374,0.6658159494400024,0.7751467376947403,0.7355429530143738,-0.0274406336247921,-30.90171813964844,-68.82098171586871,-79.13551242909014,0.6458666613780468,0.7890714406967163,0.3636363636363636,57.85531564192339,0.8952047964198054
09512280,11.39940395951271,0.345421552658081,0.4774633646011352,0.8208045363426208,0.0287726316601037,17.97001212835312,-85.85565572904285,-679.9534548519608,0.4708377634606469,1.3986891508102417,0.5555555555555556,86.85761557685005,0.7017574486929212
09513780,23.050254583358765,0.4171953201293945,0.4761953353881836,0.9373528957366944,0.015550916083157,17.224833369255066,7.720013440018618,-381.3319276061193,0.6619889484529861,1.183018922805786,0.3333333333333333,66.78334342108833,0.7228161527246757
10172700,-56.38769865036011,0.3125418424606323,0.4676032662391662,0.5774791240692139,-0.087929219007492,-47.71648049354553,22.04091735146526,45.83321577219318,0.4773171717112147,0.9303350448608398,0.625,57.27473497390747,0.700299745718987
10172800,-4.306308925151825,0.6134047210216522,0.7730521559715271,0.8851844668388367,-0.0481832511723041,-3.783772885799408,-23.381561099020303,20.3545170736193,0.826043417351155,0.9469563961029052,1.8,37.17427968978882,0.8805652392417085
10205030,0.0953706505242735,0.4626072645187378,0.6047712862491608,1.0755457878112793,0.1241807416081428,9.48563814163208,-9.054726406556815,46.18391067444976,0.7579133262673686,1.1505104303359983,0.9,42.75825023651123,0.8260879477926408
10234500,-32.86738097667694,0.650020956993103,0.7022118866443634,0.735173761844635,-0.0216297432780265,-27.930104732513428,-12.596148383404104,5.174032008307812,0.6917434059505001,0.968140423297882,1.5555555555555556,30.79670800103081,0.8454873509002
10242000,-15.281613171100616,0.6553750038146973,0.8429094702005386,0.8922381401062012,0.0237736385315656,-9.667692333459854,-10.862151940572373,2.5232327068926006,0.8544687927260521,1.0545166730880735,1.0,45.14840602874756,0.91879257301053
10244950,-36.883628368377686,0.3641146421432495,0.6291918754577637,0.802684485912323,-0.0285100471228361,-27.797597646713257,-9.03914298722902,-3.346347713936622,0.7129329917171612,0.9692318439483644,2.333333333333333,39.57763115564983,0.7937783335389867
10249300,-36.402201652526855,0.4921011328697204,0.5438579022884369,0.6319562792778015,-0.0786997377872467,-32.83849358558655,-18.50780650555692,36.063042474282106,0.5276420124573027,0.8395248055458069,1.7142857142857142,52.947040966578896,0.7511755639065242
10258500,74.53810572624207,0.1920432448387146,-0.0794134140014648,1.6017451286315918,0.1349754929542541,75.25430917739868,-70.51787317269923,-1714273046875.0,-0.3072849837572355,2.139856338500977,0.7142857142857143,76.49481637137276,0.7817699459184148
10259000,-0.7689551915973425,-0.0045181512832641,0.6330266296863556,0.7356134653091431,0.1846415996551513,16.727714240550995,-12.720151159358547,60.10793687069943,0.3603522617809761,1.5543444156646729,0.375,42.55377352237701,0.8212508514586275
10259200,57.30483531951904,0.1553074121475219,0.3137410283088684,1.280725359916687,0.1215654164552688,60.0427508354187,-84.41046442101283,-568.5647258887136,-0.1550081504483891,2.0962204933166504,0.7777777777777778,89.77041244506836,0.7686177838846414
10263500,-46.69888913631439,0.5333566069602966,0.5556294023990631,0.4856896698474884,-0.0898380950093269,-43.63296627998352,-43.34679336957837,-828.6304758197297,0.3944370905934437,0.7336979508399963,0.8571428571428571,68.80865097045898,0.8231539082689963
10316500,-10.368333756923676,0.7497948706150055,0.8482549637556076,0.990085244178772,0.0194266140460968,-4.027622938156128,-14.069114039342828,-982.5568983597612,0.9135379194148538,1.0392637252807615,0.4,35.27724504470825,0.9236079266337496
10329500,36.97436451911926,0.5662966966629028,0.5493346750736237,1.343295931816101,0.1387983709573745,37.84641921520233,-1.0817477238862367,-818.948420850222,0.5584546330658664,1.251970887184143,0.9,39.79598045349121,0.8832914473093364
10336645,-4.236176982522011,0.7300078570842743,0.8675291389226913,0.9155809283256532,0.0188848320394754,-4.784302785992622,-12.720999618123956,-727.0778096245886,0.8843996702037658,1.0397238731384275,0.8181818181818182,30.826269496570934,0.9317440809195152
10336660,0.5565701052546501,0.6882925033569336,0.86643186211586,0.9589085578918456,0.0512347146868705,-0.3794895485043525,-20.46735567579561,-458.9060365667845,0.874257748186698,1.0978789329528809,1.0909090909090908,25.656420534307305,0.9326032511128504
10343500,-16.647326946258545,0.5218356549739838,0.7332326471805573,1.020227313041687,0.1432952880859375,-6.972870230674744,-20.319722117695004,-321.9960648092785,0.7099934989342118,1.263021469116211,1.181818181818182,31.986787102439184,0.8795245533252326
10396000,4.697956889867783,0.6269292831420898,0.8131252080202103,1.0747674703598022,0.1491478830575943,5.695276707410812,-8.940242558636852,4.478783922968415,0.7692790889057959,1.2053478956222534,0.5,33.09095587049212,0.9260121229143056
11098000,-35.65300405025482,0.6999076306819916,0.8118332773447037,0.6363810896873474,-0.020925547927618,-32.03193843364716,-50.054273500274725,-9.693839740183313,0.6095832011053325,0.86470627784729,0.375,40.78826606273651,0.9563860840067792
11124500,10.073112696409224,0.4511022567749023,0.6744912266731262,0.954263150691986,0.079527348279953,13.609404861927032,-53.900525403456655,,0.5459517586134613,1.4200758934020996,0.125,75.78465938568115,0.8338549130909604
11141280,-28.193828463554382,0.3831182718276977,0.4645881652832031,0.7125341296195984,0.0403486415743827,-18.498046696186066,1.808203198408649,-1052.7897639397906,0.5581104109192628,1.111388087272644,0.6,62.37764835357667,0.6834206634694509
11143000,-11.344099044799805,0.6109411120414734,0.629784494638443,0.8833332061767578,-0.0657695606350898,-11.083735525608065,5.566230935045317,-899.4949393366485,0.7389853130579888,0.878525972366333,0.4166666666666667,41.08161528905232,0.8005969242240824
11148900,-40.26773273944855,0.6237289607524872,0.6370458900928497,0.6427288055419922,-0.0227296203374862,-37.42367029190064,-82.88513920252598,-85.43134114210396,0.5900094342865839,0.9158165454864502,0.0,52.02076651833274,0.8173453981671406
11151300,-34.997186064720154,0.430567979812622,0.4602993726730346,0.5713291168212891,0.0192353408783674,-32.66291618347168,-40.20658620444692,-30.73302699219216,0.4562305679720804,1.1228564977645874,0.3,60.99178791046143,0.6888203893572553
11162500,-23.030591011047363,0.672104150056839,0.7857157438993454,0.7950521111488342,-0.0229667630046606,-21.224762499332428,-23.13634962905529,-498.8411147068079,0.7591661336775899,0.9341946840286256,0.1538461538461538,44.12109668438251,0.8919862304464922
11176400,-9.68066304922104,0.5302852690219879,0.5022155046463013,0.9472383260726928,0.0513388738036155,-7.662432640790939,-78.73700662004384,-147.47602144939785,0.6553005032204845,1.2202011346817017,0.6,49.64837074279785,0.7401050036469905
11180500,-16.462941467761993,0.5598297119140625,0.6125683486461639,0.8082453012466431,-0.0052024940960109,-14.449428021907806,-82.10379516236917,-628.0060071644483,0.7098124917682456,0.9802892208099364,0.5,64.9113655090332,0.7830889338381178
11180960,-36.69670522212982,0.5547142326831818,0.5759466290473938,0.6430051922798157,-0.0494769178330898,-38.2901668548584,-61.10232381481193,-73.09123260102682,0.5334037104910627,0.805203914642334,0.2307692307692307,63.24523045466497,0.7712615253752321
11224500,99.71625804901124,-0.2237241268157959,-0.7705680131912231,1.6342339515686035,0.191568523645401,98.66046905517578,-83.9632500013616,-773.7574993128181,-0.5735310698547513,2.3812174797058105,0.6666666666666666,57.40509563022189,0.5925867009644362
11230500,19.10507827997208,0.385790467262268,0.332537829875946,1.4155797958374023,0.3431280851364136,21.95858806371689,5.665002019487428,-618.1897744861151,0.2974478089567751,1.550580978393555,0.75,36.84922059377034,0.8668324338940785
11237500,-13.408751785755156,0.7195805311203003,0.8628829419612885,0.8525878190994263,-0.0442645773291587,-13.460636138916016,-38.507356454202,4.007375185907041,0.8115025260722605,0.9031696915626526,0.6666666666666666,30.88213602701823,0.9334805444459776
11253310,-11.866550147533417,0.376767098903656,0.4487396478652954,0.8076643943786621,0.0468790866434574,-3.67143377661705,-84.84006883884213,-445.1039035138911,0.5003300424168293,1.3349387645721436,0.125,56.88741207122803,0.6829935248164054
11264500,-6.737513095140457,0.7362540364265442,0.8966797068715096,1.0209649801254272,0.0569846704602241,-2.1143052726984024,-30.321388926875915,-397.4633850774127,0.8902989530548193,1.0959893465042114,0.75,25.0091830889384,0.9512062025775448
11266500,-3.084164671599865,0.7780346572399139,0.9405484534800052,1.0102834701538086,0.0439523048698902,-2.7447951957583427,-27.189024683456136,-556.7448318451793,0.9218580129077802,1.072062611579895,0.6923076923076923,25.257835021385777,0.9715852080668966
11274500,-17.15148091316223,0.4861449599266052,0.2424197793006897,0.9395684003829956,-0.0009670350700616,-18.66932511329651,-67.12964644916748,-1466383105468.75,0.5942264799481876,0.994409441947937,0.4444444444444444,59.34261745876736,0.5987906818085662
11274630,18.84675770998001,0.2741107940673828,-0.3392848968505859,1.3356943130493164,0.0894640982151031,17.546558380126953,-84.82180237802862,-286.5235302196845,0.326259007973729,1.3648985624313354,0.4444444444444444,127.85747316148546,0.5438363323779105
11284400,-21.86850607395172,0.622450053691864,0.7676958739757538,0.8135892152786255,0.0127458851784467,-20.64936608076096,-82.56033696405497,-106.96138823974115,0.7693254137813246,1.0612022876739502,0.0833333333333333,62.83785104751587,0.8786902145324065
11381500,-10.15693098306656,0.6946589350700378,0.8678586184978485,0.8732020854949951,-0.0542589165270328,-10.273802280426024,-10.988002352334444,-255.99550844473143,0.8444173575697703,0.9372885823249816,0.0666666666666666,25.916034380594887,0.9352271229916136
11383500,-4.255528002977371,0.7048118412494659,0.8850347697734833,0.9456354975700378,-0.0276171825826168,-5.107298865914345,-11.067597553873412,-405.4013312526681,0.9098489322078892,0.9586264491081238,0.0,26.82974155132587,0.9411787012537316
11451100,3.8113392889499664,0.580290824174881,0.7315036356449127,1.109963059425354,0.1284949481487274,5.502495542168617,-23.614635735685795,-1.6578483758311475,0.6203486641192022,1.3469372987747192,0.2307692307692307,26.311740508446324,0.8919362543829265
11468500,1.2434897013008597,0.7353773415088654,0.8243460357189178,1.029063701629639,0.0445573329925537,2.589607425034046,-8.025111692457578,-360.6410382231503,0.8539000592244259,1.1159710884094238,0.2307692307692307,22.54171738257775,0.916028572744396
11473900,-9.51988399028778,0.6517943143844604,0.7500111311674118,0.90208637714386,-0.011072851717472,-8.709914982318878,-32.64260387787858,-278.7395604269262,0.8331751042496918,0.9774913787841796,0.2307692307692307,31.999650368323696,0.866820308334005
11475560,-34.720662236213684,0.713566392660141,0.7785695344209671,0.682858407497406,-0.0863367840647697,-33.27168822288513,-19.28184053383953,-510.06433905877753,0.6206330359646048,0.8090909719467163,0.25,48.47044150034587,0.9169683993042292
11476600,-9.621009230613708,0.6720805466175079,0.7391720414161682,0.9146671295166016,-0.0242896359413862,-9.770922362804413,-29.38133734962701,-243.7787344012346,0.8299333650593133,0.9497982263565063,0.0,43.83654594421387,0.8617222235564956
11478500,-29.65760827064514,0.6811099052429199,0.7869150042533875,0.7131330370903015,-0.1253661066293716,-28.463634848594666,-31.12628245490597,-334.3326699962624,0.6034348953453854,0.7383486032485962,0.0833333333333333,36.19707028071086,0.9193168270410084
11480390,-16.17429405450821,0.6539678275585175,0.6879215836524963,0.8385452628135681,-0.0404912456870079,-12.396178394556046,-46.82394601015413,-31.644834069060217,0.7461427555146812,0.9018954038619996,0.0769230769230769,29.895202930157,0.830437749972646
11481200,-27.164655923843384,0.6750559508800507,0.7779990583658218,0.740318775177002,-0.1026919335126876,-27.315184473991398,-24.64886860371838,-513.6251125064628,0.6573694210107213,0.7987538576126099,0.0555555555555555,46.62786059909397,0.9027304502572866
11482500,-35.655564069747925,0.6500774621963501,0.7387480437755585,0.6504573822021484,-0.1758050769567489,-35.90884208679199,-25.65979908714542,-249.23883525381456,0.5293097292623437,0.6959338784217834,0.3125,46.87614440917969,0.9168550481478612
11522500,-31.268715858459476,0.5923026502132416,0.713674008846283,0.7705832719802856,-0.0470161028206348,-24.790558218955997,-10.102333385869708,-546.2336016467847,0.7182477692608042,0.9352527856826782,0.4375,42.58981347084045,0.8497998579581622
11523200,-6.580591201782227,0.7285551428794861,0.8687055855989456,0.9253711700439452,-0.009725946933031,-6.806700676679611,-13.5120309005702,-732.6879383348127,0.8981969838545855,0.9863415360450744,0.4375,34.69012677669525,0.932118940800207
11528700,-0.9429619647562504,0.6897578239440918,0.7854694575071335,0.928155481815338,-0.0791798755526542,-4.869883134961128,-23.06246321427425,-367.549176664558,0.8062881615495294,0.8571993112564087,0.3076923076923077,44.57834317133977,0.8905897406225954
11532500,-7.239188998937607,0.7833402752876282,0.907227598130703,0.9438843131065368,0.0064613921567797,-6.362286955118179,-11.8348169127018,-883.0225573413136,0.925759557999609,1.0105268955230713,0.25,21.35871946811676,0.9525462605948216
12010000,-12.93107122182846,0.7539649158716202,0.9043698534369468,0.9023719429969788,0.0082642193883657,-10.99029928445816,-3.852263246697702,-730.2419927530166,0.8905635394901265,1.013143539428711,0.3529411764705882,21.027511708876663,0.9523308407245328
12013500,-16.430656611919403,0.7667865455150604,0.8962911814451218,0.865466296672821,-0.0221561603248119,-13.68149071931839,-17.284221085224257,-536.095528278771,0.8524329536960018,0.9645241498947144,0.2352941176470588,22.73002091576071,0.9508250075417572
12020000,-34.360501170158386,0.6848264038562775,0.5288206338882446,0.5933528542518616,-0.0130452197045087,-26.971757411956787,-18.98143317269287,-664.2430992923025,0.5176213888783492,0.9685295224189758,0.4285714285714285,32.76548385620117,0.7424406236158985
12025700,-22.830909490585327,0.6948340535163879,0.8266611844301224,0.7573695182800293,-0.0806255266070365,-23.05903434753418,-8.459477041285577,-953.4084008238056,0.7198796151679039,0.8795126080513,0.2777777777777778,32.14515580071343,0.928721197258814
12035000,4.046774283051491,0.7926318496465683,0.9191389605402946,0.977106273174286,-0.0532255247235298,-1.9184036180377009,-6.296801497253656,-101.78922264758135,0.913233088296202,0.9263015389442444,0.0588235294117647,20.18581839168773,0.9603400570265472
12040500,-4.191160202026367,0.6756284534931183,0.8309845179319382,0.8944791555404663,-0.1019177958369255,-7.292798906564712,-16.20704597629802,-32.577911400500966,0.8035929644416555,0.8563210964202881,0.3636363636363636,30.14332381161777,0.9175533647290836
12041200,-20.174580812454224,0.5535373687744141,0.7408081889152527,0.7541235685348511,-0.1583368927240371,-21.743574738502502,-18.048546137588875,36.45467845513658,0.6732458523993055,0.8181900978088379,0.3478260869565217,44.32715540346892,0.8848556866820577
12048000,-8.203276991844177,0.4194651842117309,0.519266277551651,0.9250466227531432,0.102406233549118,-7.07942470908165,-12.21763865852301,-51.45774064525573,0.7221343439263326,1.0923093557357788,0.9473684210526316,40.86115485743472,0.7488619962885237
12054000,-16.120630502700806,0.5185167789459229,0.7342123091220856,0.8330381512641907,0.0166771784424781,-15.080025792121887,-18.99828814974883,2.649827969011928,0.7794571051833625,1.020480394363403,0.3333333333333333,39.57836514427549,0.8573694879503595
12056500,-18.805280327796936,0.5009479224681854,0.6988615095615387,0.7841067314147949,-0.0086740627884864,-21.07971161603928,0.3106450494417416,-34.48661265939604,0.7296868522230833,0.9885101318359376,0.3809523809523809,33.75137874058315,0.8377431746574765
12073500,5.4794203490018845,0.6411532759666443,0.7658006548881531,1.0420582294464111,0.0757896155118942,9.71822664141655,6.973808340008237,-96.83979267125474,0.8401951258539483,1.1092616319656372,0.4,31.61339282989502,0.8912314433447143
12082500,-2.427355945110321,0.5914283394813538,0.819765254855156,0.9394221305847168,-0.012167434208095,-5.313009023666382,-12.364252808866125,36.32122774264554,0.8877168831591596,0.9889883995056152,0.45,26.546852588653564,0.9061034360631296
12092000,-20.66435068845749,0.5625399351119995,0.7905740886926651,0.7455494999885559,-0.0987187772989273,-22.125786542892456,-26.332737531382044,17.201386647414793,0.7181945223613566,0.9195008277893066,0.32,28.962635040283203,0.9095060579681536
12114500,7.00845792889595,0.6572774052619934,0.8196692317724228,0.9832385182380676,0.0129127213731408,4.39368411898613,-10.492510613845337,-1038.231141220629,0.9058440473964656,1.01472270488739,0.2857142857142857,22.33629680815197,0.9085252051075148
12115000,7.012903690338135,0.6503334045410156,0.8388321995735168,0.9959607124328612,0.016387153416872,5.353663116693497,-14.223468751353302,-898.5599328956065,0.916744974757364,1.0197904109954834,0.2,28.323318958282474,0.9192322897642148
12115500,-0.8548557758331299,0.6343535780906677,0.8034785985946655,0.910536527633667,-0.0120540093630552,-1.3770713470876217,-14.430213561516544,-628.4615530643621,0.8621892243164745,0.9830236434936525,0.238095238095238,29.157817931402292,0.8965596774636566
12117000,-0.0008729989531275,0.6530324816703796,0.8177955150604248,0.9968393445014954,0.0241508930921554,0.3237833501771092,-11.335267039225933,-57.1024554674081,0.9062799749991258,1.0218042135238647,0.3,25.80637216567993,0.908906478739759
12145500,1.0609189979732037,0.7580121904611588,0.9160482734441756,0.9531254172325134,-0.0036892183125019,-4.180925711989403,-14.131520176234302,-818.0091373426163,0.9362348376898252,0.9945194721221924,0.1904761904761904,19.92299216134208,0.9571195472388924
12147500,5.150837823748589,0.54366534948349,0.7775974273681641,1.042380928993225,0.1182617098093032,7.122451066970825,-5.135744724317391,-78.07647675989321,0.8308375084204671,1.1303726434707642,0.32,32.968833923339844,0.9008900648294444
12147600,-14.88809883594513,0.4525918960571289,0.7061245739459991,0.8868736028671265,0.0808732435107231,-11.465898901224136,-14.582648776722898,-687.5703805224709,0.7633321567078015,1.1387724876403809,0.2272727272727272,41.580625013871625,0.8452218264921817
12167000,20.185312628746036,0.5407151281833649,0.7118415832519531,1.19217848777771,0.0900890976190567,23.856931924819943,2.3341830883938592,-797.8079031105559,0.7576085462754322,1.1068884134292605,0.3181818181818182,28.949215195395727,0.8980396510953526
12175500,-1.7193354666233065,0.6715473830699921,0.833504930138588,0.9213205575942992,0.0457516722381114,-3.270984068512917,-17.3103062270439,-6.130809766812938,0.8758659100226013,1.0429729223251345,0.3333333333333333,28.82317588442848,0.9141388004737708
12178100,9.56391841173172,0.5656055212020874,0.7746472954750061,0.9842369556427002,0.0499489977955818,1.6956552863121033,-19.593355579711822,20.22389021590865,0.8744412437361403,1.052228331565857,0.25,23.063981533050537,0.8869127368402434
12186000,-6.130213662981987,0.5651358962059021,0.6439206898212433,0.8611363768577576,0.0495837070047855,-6.002792716026306,-11.688018173687672,-38.22656407656319,0.7536744859949713,1.060895919799805,0.4761904761904761,25.137236004783997,0.8058741646009306
12189500,0.8358457125723362,0.5832894146442413,0.7641292810440063,0.9524477124214172,0.0287695322185754,-3.839457407593727,-14.753839775988666,9.2274906453899,0.8662205901139987,1.0265029668807983,0.391304347826087,26.110350567361586,0.8777981047528074
12358500,-13.239037990570068,0.7864468395709991,0.9149690791964532,0.95308655500412,0.0022580178920179,-11.865100264549255,-5.937480072351512,-49.22232663020585,0.9359802798726488,1.0031099319458008,0.5384615384615384,24.465007048386795,0.9565490901465185
12390700,-19.8903426527977,0.7210592925548553,0.8755755126476288,0.8434457182884216,0.0176182202994823,-19.656801223754883,-11.420341524869746,-1403.816753714996,0.8309562126410532,1.0240849256515503,0.5,25.644737482070923,0.9409536175639196
12411000,-19.190607964992523,0.654569536447525,0.7917779386043549,0.8338446617126465,0.0072984364815056,-18.62061470746994,-6.896246488463349,-32.245350853135704,0.8013663239247626,1.011193037033081,0.5,31.09654017857143,0.8917297051276134
12414500,-13.746517896652222,0.7029451429843903,0.8409128189086914,0.8987711668014526,0.0367806926369667,-14.344267547130585,-5.716201640492123,17.907208728314,0.861346995707585,1.04738450050354,0.4,26.49343649546305,0.9179506975008128
12447390,4.275472462177277,0.5768565237522125,0.6894001066684723,1.0399945974349976,-0.0061682402156293,4.1933707892894745,8.203721716400736,25.41182350021035,0.8457743213381282,0.9889653325080872,0.8333333333333334,45.30613819758098,0.8514596746736082
12451000,-3.6305036395788193,0.7348097562789917,0.8955280408263206,0.9424071907997132,0.0434419102966785,-2.076408453285694,-10.171498947475577,-5.917749699688816,0.907337967467172,1.049954891204834,0.5555555555555556,32.318788104587135,0.9473328428121714
12488500,-10.212510079145432,0.6116516590118408,0.7436967194080353,0.9383148550987244,0.0041016703471541,-4.875297471880913,2.2421918468945305,-940.902818646152,0.8519159774353193,1.0047812461853027,0.3888888888888889,36.95487181345622,0.8654601905666542
13011500,-15.955860912799835,0.7668482512235641,0.8873756155371666,0.8727187514305115,-0.0070040998980402,-12.433378398418428,-12.478165395777545,-7.239063400078541,0.8606029940301541,0.986498773097992,0.7,30.15651941299439,0.9447847312051292
13011900,-0.9862849488854408,0.766566812992096,0.9094441384077072,1.035754919052124,0.0481475889682769,0.8643687702715397,-4.274391992651968,-0.2971559377124583,0.9101072454849076,1.0709935426712036,0.3,13.81770372390747,0.95802131520785
13018300,-32.03672170639038,0.7229797840118408,0.8434619456529617,0.8281810283660889,0.0101631758734583,-25.929883122444156,-2.8592904817896265,14.55453958195761,0.8114661420473506,1.0123450756072998,0.9,20.766053199768063,0.9233784906868502
13023000,-13.485519587993622,0.809730663895607,0.9473821334540844,0.9068431854248048,0.0026466404087841,-12.589879333972933,-9.291821066166795,41.69580793398202,0.9037038746619336,1.0028291940689087,1.0,18.8591742515564,0.9757771324107208
13083000,-8.808236569166183,0.3337832689285278,0.5958786904811859,1.02133047580719,0.2275794148445129,-2.089794725179672,-23.564655170851108,46.95532113121874,0.784430470164922,1.1278313398361206,0.6666666666666666,27.529776891072597,0.8277374632984359
13161500,-27.88618803024292,0.7319320142269135,0.8864411488175392,0.8300356268882751,0.0392891317605972,-22.351017594337463,-14.842353012055328,14.452691478741215,0.8093576315254445,1.0703502893447876,0.7272727272727273,25.13240467418324,0.9499254423940536
13235000,-6.976808607578278,0.810260146856308,0.9396602064371108,0.9572128653526306,0.0297740306705236,-5.002442374825478,-9.348344136402748,30.324545777906074,0.9377132680950676,1.033807396888733,0.9090909090909092,23.283136974681508,0.9699008638716572
13240000,-19.92194801568985,0.7017239034175873,0.8660934269428253,0.8923211693763733,0.0934345796704292,-15.031580626964567,-17.625150731619904,-17.007154144805057,0.7835849892929724,1.176607370376587,0.4166666666666667,27.80507206916809,0.9363559663164076
13313000,-21.216824650764465,0.7839498817920685,0.909474566578865,0.9043256044387816,0.0275050811469554,-17.31458753347397,-8.35997719116068,-3.4273135482489225,0.8842400196398286,1.0475406646728516,0.5454545454545454,24.161293289878152,0.9554279427281362
13331500,-13.586275279521942,0.7911086678504944,0.9375343397259712,0.8909093737602234,0.0059619871899485,-12.56529539823532,-11.612138411678774,-3.2656575512715627,0.8869686644753934,1.0084335803985596,0.3333333333333333,26.554425557454422,0.9716417067024372
13337000,-13.510014116764069,0.7592857778072357,0.894711546599865,0.9139305353164672,0.0258557554334402,-13.52393627166748,-6.25476075919492,28.86391812694064,0.8927262227354151,1.0356543064117432,0.4615384615384615,18.65050609295185,0.946816534787592
13338500,-12.147879600524902,0.7295972406864166,0.8722787350416183,0.9582383632659912,0.0553034842014312,-13.930635154247284,-2.7737229674699404,37.01660054952483,0.8951696064014738,1.0716359615325928,1.0769230769230769,23.628381582406853,0.9358621318204332
13340000,-12.780140340328217,0.8048522174358368,0.9316036179661752,0.92555832862854,0.0218790732324123,-12.229149043560028,-5.140344052638382,1.3029250325095962,0.9136370012199772,1.027956247329712,0.3076923076923077,16.64565893319937,0.9663035112075194
13340600,-9.77085828781128,0.7136513888835907,0.8748477697372437,0.93917053937912,0.0681909099221229,-10.824552178382874,-3.8830669014573713,46.59764305324845,0.8828343896170993,1.0784904956817627,0.2,17.93181260426839,0.937816408397378
14020000,-14.930818974971771,0.6563838720321655,0.7545475512742996,0.8929654955863953,-0.0260197725147008,-15.027175843715668,-2.261694237621279,-227.2546886304008,0.8281027644504663,0.9679885506629944,0.3125,25.133320689201355,0.869357198568577
14137000,37.36661076545715,0.6185105443000793,0.6726643145084381,1.221123218536377,0.0188107918947935,29.94542419910431,2.59880111340335,-1330.4524474611906,0.7506525805589322,1.017703890800476,0.2631578947368421,40.699444319072526,0.8861350358689809
14138800,9.480879455804825,0.6244475841522217,0.77569280564785,1.0526376962661743,0.0375761836767196,6.72919899225235,-3.1059439600976977,-473.595590050734,0.8701095014727347,1.0562878847122192,0.3684210526315789,25.088355415745784,0.8954414586268754
14138870,8.876634389162064,0.6672703325748444,0.8286730647087097,1.0581820011138916,0.0431707166135311,6.735154986381531,1.289085584395492,-631.0106168894625,0.8874932414974086,1.0558083057403564,0.15,22.21012592315674,0.9215267022132086
14138900,-11.395731568336489,0.6656198501586914,0.826567530632019,0.8883383870124817,-0.0258214231580495,-11.98556050658226,-7.55358428404211,-459.6733642217167,0.8526970209269202,0.9669904708862304,0.2,26.2492036819458,0.9097768166349854
14139800,-0.3722937311977148,0.6863820552825928,0.8373813927173615,0.9389192461967468,0.015609729103744,-1.2267268262803557,-13.66395502162212,-721.7662838798626,0.8937998594715443,1.0202572345733645,0.0476190476190476,23.314946038382395,0.9155177189552164
14141500,10.611697286367416,0.6718405485153198,0.81119504570961,1.029172420501709,0.0244333930313587,7.259415835142136,-10.434289960811192,-866.4558139549544,0.9001263218205623,1.0289571285247805,0.2,30.8367919921875,0.9089768920396544
14154500,-4.709877446293831,0.7444664835929871,0.8939047828316689,0.9519070386886596,-0.0074955336749553,-4.342921078205109,-16.482965325875483,-495.2794067758549,0.9264260244678478,0.9885210990905762,0.3157894736842105,23.1379182715165,0.9455166834542602
14158500,-8.823567628860474,0.5875538289546967,0.7768664509057999,0.9706214666366576,0.032440785318613,-9.05800610780716,5.4178466640014005,-42.95069017325931,0.8810601607527035,1.017245531082153,0.7777777777777778,13.820425669352211,0.8860430836004843
14158790,1.4213175512850285,0.633667379617691,0.76832315325737,1.0144132375717163,0.0354243777692317,1.429169811308384,-10.044891603881563,-634.8441326384172,0.8756424328651455,1.0487980842590332,0.4117647058823529,23.01216265734504,0.886528373330381
14166500,-4.0620312094688416,0.7540606111288071,0.901152953505516,1.0071742534637451,0.0683699771761894,-1.1128105223178864,1.1557022708936373,-536.9927227663301,0.874668646403,1.1160742044448853,0.2666666666666666,32.14584986368816,0.9532746605771432
14182500,-9.535151720046995,0.6769796907901764,0.8113562911748886,0.9292944073677064,0.0066536231897771,-8.641940355300903,-10.493186950193724,-508.0886507072093,0.8781971880564075,1.0088443756103516,0.3157894736842105,28.28807077909771,0.9012152785702904
14185000,2.199346013367176,0.7394076287746429,0.8810060098767281,1.0191980600357056,0.0173059180378913,0.9271697141230106,-14.00132898318672,-620.3690346197366,0.9349382574227808,1.0222448110580444,0.2222222222222222,22.5063509411282,0.9419514580799684
14185900,3.2708562910556798,0.7003113329410553,0.8442287445068359,1.0055956840515137,-0.0160439368337392,2.155645564198494,-18.59778001510025,-564.8551965980766,0.919416217119832,0.9779590368270874,0.3888888888888889,28.005242347717285,0.9226913308503892
14222500,2.640691213309765,0.7559719979763031,0.8827711194753647,1.0208005905151367,0.0211752746254205,3.133400902152061,-4.748865506041214,-725.5262848264433,0.9338833090611492,1.0262880325317385,0.3333333333333333,26.86040931277805,0.9430114783440088
14236200,-5.164556205272675,0.6854669153690338,0.8140234053134918,0.9245301485061646,0.0033418552484363,-4.627330228686333,-9.917351751725736,-737.4359296066538,0.8766276290727364,1.0044981241226196,0.3157894736842105,32.54734089500026,0.9025073833406332
14301000,-17.21108853816986,0.7946654409170151,0.9175369665026664,0.8398380875587463,-0.0590100437402725,-16.558878123760223,-9.667066903649989,-484.7413211432265,0.8134636850986681,0.90980064868927,0.3333333333333333,20.69841543833415,0.9682504235736512
14305500,4.825262352824211,0.741739422082901,0.8527531921863556,1.060949444770813,0.0810285434126854,5.251520872116089,-1.7188988785594783,-623.4607436163316,0.851998971951282,1.1184183359146118,0.2,24.48963006337484,0.93545104799595
14306500,9.694603830575945,0.764454185962677,0.8613208532333374,1.091430425643921,0.073535531759262,8.91067460179329,-4.29972631649052,-770.8517247967227,0.8478332912428947,1.107334017753601,0.25,37.26239204406738,0.9427759390342592
14309500,-8.76004695892334,0.7097228467464447,0.8288344442844391,0.8909682035446167,-0.0363537222146987,-8.692913502454758,-24.76628933369943,-519.6536151619325,0.8418826369510464,0.9275044798851012,0.2857142857142857,37.88484164646694,0.9113570791177502
14316700,5.871212482452393,0.7508458644151688,0.8796974122524261,1.0295900106430054,0.0071186018176376,6.18421770632267,-14.357274124705638,-695.6249943232419,0.9340079623059552,1.010887622833252,0.2222222222222222,25.39750205145942,0.9420272479676882
14325000,-18.775570392608643,0.708141952753067,0.8215930312871933,0.8001267313957214,-0.0809944495558738,-18.602100014686584,-22.561663391697596,-541.8655232088727,0.7417775462817555,0.8588051795959473,0.1875,32.898956537246704,0.9175770978866908
14400000,-19.09787207841873,0.754970982670784,0.8769785612821579,0.8719701766967773,-0.0220656059682369,-16.095486283302307,-14.158276031547512,-629.9815761504269,0.8535107956728233,0.9630805850028992,0.25,25.49174726009369,0.9391361509134792
