basin,FHV_1%,mNSE,NSE,Alpha-NSE,Beta-NSE,FHV,FMS,FLV,KGE,Beta-KGE,Peak-Timing,Peak-MAPE,Pearson-r
01013500,-15.121304988861084,0.7146223485469818,0.8980828747153282,0.9162904024124146,-0.0048617059364914,-10.615938901901243,-1.0384274469318215,36.37487412947947,0.9014049332090638,0.99427330493927,1.3529411764705883,19.80249741498162,0.9482226359215236
01022500,-3.773152083158493,0.6905349791049957,0.8497579991817474,0.9273924231529236,-0.0120242284610867,-3.53173203766346,-8.260938285978533,0.2886166242941356,0.8923374886404626,0.9850823879241944,0.3636363636363636,22.526992451060902,0.9219178574410628
01030500,0.0204269410460256,0.7253006100654602,0.8786070421338081,0.9611237049102784,0.0033858579117804,-2.17625442892313,-12.850988036580343,-413.5247391457622,0.9263890761711756,1.0043025016784668,0.6190476190476191,21.63309823899042,0.9376406360974016
01031500,-5.913901329040527,0.71021968126297,0.8702689409255981,0.9310591220855712,-0.0011893537594005,-6.951779872179031,-20.21947820312476,-369.02104677938223,0.9037649928964578,0.9980365037918092,0.0909090909090909,21.854168718511406,0.9328846021598094
01047000,-6.415750086307526,0.679813951253891,0.8166447281837463,0.8712800145149231,-0.0404691621661186,-10.702858120203018,-16.20780279452822,-557.5035566498826,0.8283611173377557,0.937477707862854,0.1363636363636363,24.637517062100496,0.9052264047100532
01052500,-18.875300884246823,0.6608854532241821,0.8131570965051651,0.8428843021392822,-0.0253264587372541,-16.623808443546295,-9.763845815119684,-437.7549126203154,0.8116126755707317,0.9596938490867616,0.5652173913043478,33.68958597597869,0.904188436554259
01054200,6.506015360355377,0.5284616351127625,0.5780766010284424,1.0045214891433716,0.0179878175258636,0.075451418524608,-20.412968174272542,-522.1720866331143,0.7877631240133607,1.0314775705337524,0.2608695652173913,45.25725737861965,0.790159083547114
01055000,10.584435611963272,0.5902886986732483,0.6767963767051697,1.0078527927398682,0.0031804703176021,2.544308826327324,-21.6336086271883,-343.7616741304933,0.839413755978095,1.0052841901779177,0.0869565217391304,47.93666756671408,0.8396929422969435
01057000,14.369811117649078,0.652448982000351,0.7446776330471039,1.042019248008728,0.043681226670742,5.757458135485649,-15.580531840143536,-275.7374328882369,0.8562008087607413,1.0658172369003296,0.0952380952380952,23.72408594403948,0.8792495071453048
01073000,-4.069200530648232,0.680793970823288,0.8679793328046799,0.923198103904724,0.0298194848001003,-2.4995945394039154,-11.76639397830021,-114.37739144778756,0.8837440839482639,1.0549235343933103,0.1578947368421052,26.21369110910516,0.9321743990594584
01078000,-6.928562372922897,0.6687801778316498,0.8355248421430588,0.969085156917572,0.0489483587443828,-1.7855951562523842,-10.3269305467365,6.511740659322451,0.8863638839824131,1.071039080619812,0.3333333333333333,25.729072661626905,0.916868246948334
01118300,-10.812977701425552,0.648351401090622,0.771938756108284,0.8471961617469788,-0.064993143081665,-11.117006838321686,-13.357699463856395,-180.30623156559568,0.7847882536535736,0.905308961868286,0.1578947368421052,28.77683137592517,0.8816754882614706
01121000,-28.46892476081848,0.6202059090137482,0.7693970650434494,0.7296026945114136,-0.0108534321188926,-27.12986171245575,-19.90897192192044,54.435667789858655,0.7083883859484693,0.982919991016388,0.3,34.92088556289673,0.8921533314034658
01123000,-17.516985535621643,0.658779501914978,0.8305936455726624,0.8493788838386536,0.032188132405281,-14.556001126766205,-9.358021608078808,3.548114413965584,0.8201659892601498,1.0479475259780884,0.1052631578947368,26.11011203966643,0.914241119773686
01134500,-2.041873149573803,0.6345633864402771,0.785752609372139,0.9363765716552734,-0.0289253368973732,-4.041149839758873,-7.493326822288915,-100.58458882528193,0.8655611969852062,0.9609112739562988,0.5,31.71087900797526,0.8882058918457933
01137500,-10.033219307661057,0.6239956319332123,0.7743232101202011,0.8697894811630249,-0.0879271179437637,-11.417870968580246,-11.683071970616338,2.418835430212143,0.7933738653299298,0.8886891603469849,0.2083333333333333,35.91834704081218,0.8844600619325055
01139000,-12.086348980665209,0.6402408182621002,0.8004087507724762,0.9460736513137816,0.0520337373018264,-9.553846716880798,-3.4897226097570484,-151.03947874319223,0.8705494648444692,1.057791233062744,0.0952380952380952,20.76385815938314,0.8974838385886726
01139800,-13.989099860191343,0.5507598221302032,0.706505537033081,0.9900038838386536,0.0495888590812683,-6.451017409563065,-6.927878225946764,-48.345513704846695,0.8441959068480855,1.0508394241333008,0.56,44.28486633300781,0.8530634624799751
01142500,-16.821061074733734,0.6188673675060272,0.7655286639928818,0.9109086394309998,0.0097400052472949,-12.065843492746351,-0.6407330337454094,23.56212667412933,0.8466569076717654,1.011317253112793,0.4230769230769231,35.49425785358136,0.8757069864444068
01144000,-3.9454929530620575,0.6788832247257233,0.8491018414497375,0.9737815856933594,0.0258232094347476,-0.30033178627491,-5.811648534957091,-17.464353145590035,0.913367598937342,1.030361294746399,0.2916666666666667,22.91531960169474,0.923214848789308
01162500,-18.747179210186005,0.667406290769577,0.8056285232305527,0.846420407295227,-0.066253624856472,-18.017081916332245,-7.349913119912631,-324.9395508901512,0.7985150334867911,0.9142801761627196,0.6190476190476191,28.311011904761905,0.901706499519192
01169000,-26.417839527130127,0.6094754040241241,0.6938311457633972,0.7556419968605042,-0.0583616904914379,-22.02806919813156,-15.741008288037367,-74.9366546782505,0.6940883866707869,0.9105211496353148,0.2727272727272727,51.36551856994629,0.8391751984028134
01170100,-16.800124943256378,0.5420748591423035,0.6336948275566101,0.8609758019447327,-0.0339054800570011,-14.944440126419067,-5.253683449933999,-505.090933469068,0.7517544297627538,0.9556884765625,0.3181818181818182,44.16610977866433,0.7991651813351249
01181000,-31.524544954299927,0.6363865733146667,0.6949776709079742,0.6789340376853943,-0.0369089320302009,-28.098392486572266,-15.245192622715496,-485.2566234538107,0.6409376136697837,0.9365737438201904,0.4285714285714285,50.55039723714193,0.8522855621573884
01187300,-21.878330409526825,0.5743759870529175,0.6785351932048798,0.8148690462112427,0.0347524173557758,-16.915684938430786,-17.021454493194497,-235.84392858764997,0.7370958681303567,1.0636591911315918,0.6,46.06576919555664,0.8245217395576669
01333000,-23.003458976745605,0.5569097697734833,0.6568271219730377,0.7618578672409058,-0.1097557097673416,-23.339496552944183,-11.113997591362194,28.734965128565687,0.673449969582819,0.8677550554275513,0.391304347826087,38.27229790065599,0.8199041321811027
01350000,-8.60833004117012,0.5829674005508423,0.6681089401245117,0.9157407879829408,-0.0017639183206483,-5.446194112300873,-10.100497179787473,-405.843698237178,0.8036396233478189,0.9969037175178528,0.2608695652173913,44.09200004909349,0.8226636085174805
01350140,-29.83812093734741,0.4485443234443664,0.5274902284145355,0.7671365141868591,0.0190157014876604,-26.610782742500305,-2.4153493469920004,-268.3412274759727,0.639793352914342,1.03641939163208,0.3181818181818182,49.15109114213424,0.7276086391002936
01365000,-12.05667182803154,0.5705390870571136,0.6963364481925964,0.893253743648529,0.0080754095688462,-9.376168996095656,-17.031490162088268,16.00750501182429,0.8043783397261998,1.0109888315200806,0.2608695652173913,39.796140919560976,0.8364386466641724
01411300,9.738845378160477,0.4628700017929077,0.6250773966312408,1.133555293083191,0.2052765935659408,12.571866810321808,2.017828072059699,52.64880387391222,0.7340264922943079,1.1833196878433228,0.4444444444444444,40.35747051239014,0.8610799419098901
01413500,-4.318761080503464,0.5740708708763123,0.6942385733127594,0.9587377905845642,0.0474225506186485,-5.0406284630298615,-0.4520694781273391,-32.75222494780845,0.8243402125845974,1.066175103187561,0.3,45.04684448242188,0.8426003598889222
01414500,-11.668242514133452,0.5269900858402252,0.6391793787479401,0.8980191349983215,0.0332147926092147,-13.023455440998076,-10.92946462375452,-577.5070503150711,0.7756126695997956,1.0460647344589231,0.3333333333333333,44.25665934880574,0.8055067675808003
01415000,-13.712124526500702,0.5201174318790436,0.6548592746257782,0.889592707157135,0.0308836176991462,-13.283288478851318,-5.091128238480031,-28.136301659866213,0.7788126551278687,1.0437523126602173,0.25,42.517571449279785,0.8133993398844056
01423000,1.3438946567475796,0.623500257730484,0.7587185651063919,0.9766297340393066,0.0376370586454868,1.7703181132674215,5.166350644523003,-470.2923867503407,0.8642648649575218,1.0535353422164917,0.1428571428571428,33.1253483181908,0.8774772482855148
01435000,-3.2568473368883133,0.5719889402389526,0.7045891284942627,0.9649460911750792,0.0211261287331581,1.1716123670339584,-17.704477265977673,-38.19418849285298,0.8408542176893293,1.0305415391921997,0.3333333333333333,40.28768539428711,0.8477967875268697
01439500,-15.122580528259276,0.6336426138877869,0.803887739777565,0.924610435962677,0.0608603730797767,-11.531437188386915,-7.1574061989893965,5.41676574494035,0.8558431253472008,1.0700122117996216,0.1363636363636363,27.03645012595437,0.8990252093696146
01440000,-12.69623041152954,0.634545236825943,0.8166626691818237,0.9183297753334044,0.0493861734867095,-10.318300873041151,1.6176810065600615,1.122918866171142,0.8573930772118313,1.068322777748108,0.2,24.254844188690186,0.905138485829072
01440400,-17.28953868150711,0.6072457730770111,0.733015239238739,0.8534269332885742,0.0384158380329608,-14.042164385318756,-6.612143603477535,-20.949300808051817,0.7879987964939272,1.0549638271331787,0.5263157894736842,40.32350339387592,0.8570320871324434
01451800,-9.489871561527252,0.6423837542533875,0.8083824664354324,0.8767629861831665,-0.0510600768029689,-10.899415612220764,-11.873699736113007,31.61023676184705,0.8227326333684828,0.9199371933937072,0.15,36.85589551925659,0.9008722808882113
01466500,-5.783054977655411,0.3056324124336242,0.4314124584197998,0.9606444239616394,0.064607448875904,-2.725888229906559,0.7463620652835756,33.348679748405615,0.7017361122340755,1.0398216247558594,0.2857142857142857,38.27074255262102,0.707038016831985
01484100,-22.581537067890167,0.4652807116508484,0.5409243702888489,0.7716670036315918,-0.0371471270918846,-22.71313965320587,-16.758441800536055,63.09225138853656,0.6490063860988278,0.9552069902420044,0.2857142857142857,46.210938408261256,0.7372184442437983
01485500,-1.5773287042975426,0.686470627784729,0.8141609579324722,0.94380521774292,0.0197359547019004,-2.1501511335372925,-20.483694274740717,-42.67026489356447,0.8832373880021854,1.033902287483215,0.3,27.05831289291381,0.9034272869230808
01486000,-16.39585644006729,0.5672921538352966,0.6059370636940002,0.8321219086647034,-0.0554221682250499,-15.055356919765472,-8.738816652587921,6.021151323549045,0.7080495637720445,0.9023927450180054,0.2727272727272727,38.9452110637318,0.781998102214244
01487000,-24.282363057136536,0.5714794397354126,0.713051974773407,0.7537341713905334,-0.0649615824222564,-23.83667230606079,-19.9505966847817,18.4324501766233,0.7067590118220901,0.9396671652793884,0.2631578947368421,44.70991335417095,0.8526793705504037
01491000,-15.563595294952393,0.5817192494869232,0.6907320618629456,0.8586050868034363,-0.0114992568269371,-16.70082062482834,-15.20778224604343,50.29585558048565,0.7793185158377399,0.9811291694641112,0.2105263157894736,37.81981217233758,0.831620405841207
01510000,-27.06112265586853,0.5984002649784088,0.7563759237527847,0.7602394819259644,-0.0692458301782608,-25.28223693370819,-5.636939450131977,-444.4168857283797,0.714548318772555,0.9011426568031312,0.12,35.20650100708008,0.8807323095532515
01516500,-14.362946152687073,0.4456125497817993,0.500916987657547,0.8569874167442322,0.0545829460024833,-12.263160198926926,-21.19621897845989,-160.2756861989278,0.662849565550093,1.1272952556610107,0.2631578947368421,49.51173882735403,0.722486514982657
01532000,8.39463621377945,0.5849531590938568,0.7091068625450134,1.0199806690216064,0.0392651669681072,3.1597182154655457,-20.74884501762457,-323.39299429835563,0.8385424768438905,1.07487154006958,0.1176470588235294,41.36652665979722,0.8583541135903908
01539000,-26.08141303062439,0.6773359477519989,0.6875448524951935,0.7197946906089783,-0.0176627356559038,-22.473005950450897,-11.97479708882064,-86.45616101074442,0.6748529183585793,0.9705348610877992,0.1578947368421052,39.86164645144814,0.837711938584814
01542810,-5.545924976468086,0.597194492816925,0.7494847476482391,0.9374123215675354,0.0280648581683635,-5.322889983654022,-22.54574015877937,-340.50477501358023,0.8449175520977091,1.0542514324188232,0.2272727272727272,49.60728125138717,0.8688888630348016
01543000,-6.845159828662872,0.6755401790142059,0.8457616567611694,0.9095813632011414,0.01381900254637,-6.719531863927841,-16.113579254455956,-336.5862639961848,0.8771054532151763,1.0223093032836914,0.2857142857142857,22.428442182995024,0.9198137497080728
01543500,-7.1862079203128815,0.7110789120197296,0.8490267097949982,0.9156017303466796,-0.0008234125562012,-4.716680198907852,-10.814935325724754,10.475760108122916,0.884694093150816,0.9987546801567078,0.0476190476190476,20.60018494015648,0.9214453476086488
01544500,9.559649229049684,0.5921328365802765,0.7732412964105606,1.0662472248077393,0.0591241791844368,11.337075382471085,-2.1881101138903034,-5.705073636051591,0.8511565294783617,1.0850363969802856,0.3157894736842105,32.80434357492547,0.8973623114503745
01545600,6.546176224946976,0.5712423324584961,0.7730145454406738,1.0395514965057373,0.0731502398848533,7.163956016302109,-11.670887480982111,-319.2670390578001,0.8474329026775841,1.1025108098983765,0.4210526315789473,34.394334491930515,0.8941513714613029
01547700,-30.50611019134521,0.562335193157196,0.6557530760765076,0.688772976398468,0.0022271561902016,-27.12918519973755,-18.73348893365161,-281.1352974366791,0.6406476333778183,1.0047844648361206,0.375,49.84053075313568,0.8204200120466474
01548500,5.497936904430389,0.6149097979068756,0.795354887843132,1.058038353919983,0.107574239373207,7.237976044416428,-7.313736903678697,-6.418996621693086,0.809974133064425,1.1571763753890991,0.0,27.07616906417044,0.9103508695054956
01549500,11.709292978048325,0.4366885423660278,0.60578253865242,1.094287395477295,0.1663365215063095,14.769817888736725,-14.105113843517255,-389.8204995651788,0.6623181611763425,1.2800579071044922,0.3157894736842105,28.812744742945625,0.8365788263605771
01550000,3.381645306944847,0.5552389323711395,0.7623036205768585,1.0316678285598757,0.0996518805623054,6.327845901250839,-9.612175191614002,-455.84593717525166,0.8088701219802905,1.1531323194503784,0.2105263157894736,37.34723894219649,0.8900988096248333
01552000,5.876454338431358,0.5893816351890564,0.7812082916498184,1.0355278253555298,0.0533486641943454,5.875330418348312,-8.523887825493622,-449.5144612430702,0.8650196752107391,1.0788180828094482,0.1,28.809409141540527,0.8963410808084307
01552500,-10.089728981256483,0.5461945235729218,0.7288672029972076,0.8737133145332336,0.0206996072083711,-9.65851992368698,-23.434428760106947,-435.7171847424458,0.8040666429434974,1.0344536304473877,0.2916666666666667,42.87550449371338,0.8542107657258472
01557500,-19.511091709136963,0.5826055407524109,0.6817610263824463,0.8292367458343506,-0.0117874378338456,-14.172987639904022,-11.0281236650274,3.5246473160264946,0.7554207258388284,0.9825021624565125,0.65,43.3918571472168,0.8257795704939713
01567500,16.12822115421295,0.3793269991874695,0.472419798374176,1.0039334297180176,0.0682413429021835,14.344833791255953,-17.107020685535133,-610.665841448866,0.7168099098456862,1.1111648082733154,0.3809523809523809,45.75792494274321,0.7395704688522846
01568000,-9.522060304880142,0.5401605665683746,0.7076643407344818,0.8812537789344788,0.0460135824978351,-6.257560849189758,-16.762189619354643,43.95181159849324,0.7886481529021718,1.0776273012161257,0.238095238095238,35.86507070632208,0.8433381336756676
01580000,-8.328496664762497,0.5378919243812561,0.7207905948162079,0.8971201181411743,0.0435476042330265,-7.802796363830566,-25.719892455028955,64.92175896915582,0.8129904953384816,1.047843337059021,0.1904761904761904,37.22066652207148,0.8513416674332802
01583500,-5.127720907330513,0.4382207989692688,0.6354886591434479,0.921107053756714,0.1641829907894134,-1.9204169511795044,-20.215044129762315,55.74302937803661,0.735932494459409,1.1765213012695312,0.0833333333333333,28.91470988591512,0.8201451120664346
01591400,13.731755316257477,0.3880385756492615,0.4293054342269897,1.0910911560058594,0.0892216563224792,10.261980444192886,-25.182571894221933,67.37934537599514,0.6918306864220283,1.148717761039734,0.1363636363636363,59.99987775629217,0.7459256906336986
01596500,-18.63580346107483,0.6092647910118103,0.7687844485044479,0.8338366150856018,0.035056535154581,-17.36653745174408,-11.40629563406144,-305.7392559861463,0.7853257217608045,1.0612237453460691,0.25,30.43008089065552,0.8786475041166902
01605500,-26.32258534431457,0.5006242990493774,0.6409801244735718,0.8278394341468811,0.0126977795735001,-24.31652396917343,-26.59505151645568,-181.1150571019012,0.7361163909112696,1.021376371383667,0.1578947368421052,38.4220048000938,0.8011574757319366
01606500,-12.540610134601591,0.592116504907608,0.7621664106845856,0.9298880696296692,0.0741816535592079,-8.437780290842056,-19.540654015648865,-77.7808936369484,0.8190561976227544,1.1134564876556396,0.1052631578947368,33.83188749614515,0.8777191664759875
01620500,-7.127862423658371,0.4800399541854858,0.5217806994915009,0.8826770186424255,-0.00981299392879,-5.822311341762543,-28.323172201689857,-220.98005191954303,0.7113538463597221,0.9809735417366028,0.5,62.94726371765137,0.7369602426577907
01632000,-10.982416570186617,0.5322770476341248,0.5932690501213074,0.9517249464988708,0.0207355841994285,-7.802429050207138,-24.002504656621294,-162.71448034191545,0.7774901108918656,1.0462417602539062,0.35,54.06068801879883,0.7877693010683948
01632900,-23.160116374492645,0.5407670438289642,0.6390374600887299,0.730194091796875,-0.012145328335464,-21.78138643503189,-14.25095400965002,22.31049505141229,0.665079082578822,0.9780794382095336,0.1052631578947368,41.76483154296875,0.8027785970141151
01634500,-1.802431046962738,0.3593842387199402,0.4831740260124206,1.0093395709991455,0.1562215387821197,-0.2589325187727809,-34.888153098273555,-75.6087328890395,0.6096524471178117,1.30463445186615,0.3125,57.809191942214966,0.7561110187177882
01638480,-14.007435739040377,0.4498860836029053,0.4306814074516296,0.7673590183258057,0.0361518487334251,-9.087137132883072,-26.77873510124737,-154.1826009093203,0.5818057954209698,1.0929765701293943,0.05,57.134242057800286,0.6651568668822239
01639500,-1.2240675278007984,0.5212833285331726,0.6560110747814178,0.9709047079086304,0.0746618658304214,-0.9595783427357674,-12.46574232002132,77.50514498819943,0.7860609260394507,1.121253252029419,0.1363636363636363,38.73413692821156,0.8261580021470487
01644000,-22.013776004314423,0.5355778634548187,0.6054141819477081,0.7773874998092651,0.0502080060541629,-15.799495577812197,-22.061002991566333,-207.68959918087847,0.6691545124329403,1.106642723083496,0.0,37.94798135757446,0.7797053313953052
01658500,-9.301331639289856,0.3721399307250976,0.3932601809501648,0.8934614658355713,0.0390453971922397,-7.114255428314209,-37.570449906913,,0.6302035646646292,1.1222681999206543,0.4285714285714285,53.88501939319429,0.6676606679717177
01664000,7.509427517652512,0.4905875921249389,0.6634835302829742,1.0795631408691406,0.1312630772590637,9.6735417842865,-26.092283641249203,-240.5617972363553,0.7357864355404047,1.206080675125122,0.2,32.02845811843872,0.8550542529100771
01666500,-4.1906047612428665,0.3633164167404175,0.552473247051239,0.8866035342216492,0.1116110607981681,0.6117264740169048,-31.215427012076297,55.45721276219354,0.6751879160280927,1.1896041631698608,0.1052631578947368,58.8143599660773,0.7618941564097819
01667500,-8.109740167856216,0.5022264420986176,0.7128393650054932,0.9305768609046936,0.106899693608284,-4.343274235725403,-29.99254381845575,59.32400758270742,0.767112145762535,1.168014407157898,0.0454545454545454,30.12307557192716,0.8544378503976237
01669000,-15.578238666057588,0.5771091282367706,0.7563094645738602,0.8663468956947327,0.032449398189783,-15.498380362987518,-12.12052383746014,-2.9781968817914164,0.8093359115360352,1.0407549142837524,0.25,36.1985445022583,0.87027460040114
02011400,-11.961118876934052,0.6608489751815796,0.813704177737236,0.8845023512840271,-0.0056964582763612,-12.884759902954102,-16.491823690987655,-43.09867717377551,0.8484527251536707,0.9915485978126526,0.25,29.990239143371586,0.9022480513979476
02011460,-20.11784017086029,0.636304497718811,0.7656200975179672,0.8087751865386963,-0.0042129862122237,-20.62046378850937,-21.693485004315978,-369.9185391912395,0.7728840773961,0.9921172857284546,0.3,39.153337478637695,0.877719274484392
02013000,-0.4371006041765213,0.5599155426025391,0.6875274479389191,0.9936649799346924,0.0653782859444618,1.4775143936276436,-17.330922541993214,-779.9459578247249,0.7922033401638884,1.138185739517212,0.45,33.35164785385132,0.8449386548687968
02014000,-16.716179251670837,0.620747983455658,0.7862917482852936,0.8523339033126831,0.0219520721584558,-15.560439229011536,-15.263334910425238,-35.506151511633995,0.8103969757158805,1.0391722917556765,0.3529411764705882,35.85980920230641,0.8877076927593678
02015700,-19.84048038721085,0.5856530070304871,0.7269097566604614,0.810784637928009,-0.0397201515734195,-18.331609666347504,-16.70376358184654,-1133.4131347807972,0.754829406497623,0.943636417388916,0.25,35.87073802947998,0.8546407442592091
02016000,-17.776009440422058,0.6458813548088074,0.8247063010931015,0.8581603765487671,0.0307724345475435,-15.76029360294342,-17.433308524958502,-879.3806101897932,0.8237121229918262,1.0537042617797852,0.25,25.166432857513428,0.9101401698980583
02017500,-14.814627170562744,0.6124939918518066,0.7709264010190964,0.8723633885383606,0.0540630705654621,-11.211582273244858,-24.35300820063123,-642.2586351247887,0.8015646530717411,1.0928313732147217,0.2352941176470588,36.19867212632123,0.8797177549586056
02018000,0.8149858564138412,0.6333500742912292,0.8494276106357574,0.9772793054580688,0.0394289530813694,-2.7905113995075226,-19.905114678450925,-770.4802665188354,0.8943085360412133,1.069870948791504,0.1666666666666666,28.32028865814209,0.9240229896069948
02027000,-15.56323915719986,0.4185628890991211,0.574608713388443,0.8492720127105713,0.1281538009643554,-12.89113312959671,-21.878658590672902,-212.98521596698805,0.6532413614604424,1.21403706073761,0.2631578947368421,55.182733033832754,0.7725999914681397
02027500,19.900959730148315,0.2801812291145324,0.3418015241622925,1.1402229070663452,0.2716468870639801,22.525492310523987,-16.115287488287024,-209.92582570945245,0.5228404285099769,1.383001446723938,0.3157894736842105,94.98727698075145,0.7523537102927321
02028500,-12.9093736410141,0.5052439570426941,0.6866522133350372,0.8977990746498108,0.0817807093262672,-10.515101999044418,-23.27307183465107,64.1034106964176,0.76723655607056,1.128528714179993,0.3333333333333333,39.999447928534615,0.8350328477584208
02038850,2.983224019408226,0.3309332728385925,0.2334328293800354,1.0447787046432495,0.0652081966400146,-4.782592505216599,-44.25124647664723,62.290705891255485,0.6057974202771029,1.1448969841003418,0.3,85.00478744506836,0.6361382055377551
02046000,-17.28147566318512,0.5599672794342041,0.6261824369430542,0.7757172584533691,0.0313107743859291,-11.94823831319809,-23.577176180311472,-6.701797517159324,0.6837821591384474,1.0804420709609983,0.3,43.2045316696167,0.7921056808304395
02051500,9.04008522629738,0.5699612200260162,0.7377439439296722,1.045267105102539,0.0680789202451706,6.022993102669716,-23.78342591353044,46.04220205761877,0.8088842958217943,1.139751672744751,0.238095238095238,35.36063602992466,0.8777479180373148
02053200,4.107106477022171,0.6572851836681366,0.7781075239181519,0.9909120798110962,0.009062411263585,1.1181404814124107,-36.93337954068469,-110.06242022643222,0.886557652333966,1.0164103507995603,1.0588235294117647,23.72755162856158,0.8881193656736931
02053800,-9.826154261827469,0.4560098648071289,0.6509438753128052,0.8730261921882629,0.0752438977360725,-7.115538418292999,-25.18507868059734,-19.83742438920063,0.74039805371023,1.1270384788513184,0.25,43.0484676361084,0.81256455100924
02055100,-17.692916095256805,0.4124645590782165,0.4401861429214477,0.7835096716880798,0.0093032885342836,-18.78241896629333,-48.29205914315885,-5.612055833458297,0.6072580745375826,1.0162426233291626,0.3529411764705882,59.88733628216912,0.6727167359141153
02056900,-15.836939215660095,0.488070011138916,0.6533727943897247,0.809935450553894,0.0222850982099771,-13.54421079158783,-22.201678581735003,45.780722090121415,0.7280220700593893,1.0349613428115845,0.2857142857142857,65.04878089541481,0.8086229744001665
02059500,-19.162458181381226,0.4014933109283447,0.4631729125976562,0.8348014950752258,0.063325323164463,-16.45812690258026,-24.82289187435589,59.758190245908274,0.6326219489717215,1.1264865398406982,0.4736842105263157,89.41018957840768,0.6972175011875963
02064000,42.35760271549225,0.4194835424423218,-0.0700131654739379,1.4364532232284546,0.1471423804759979,32.82704949378967,-28.876019705682467,66.45835737767476,0.4049998656324882,1.272704005241394,0.3684210526315789,59.37777569419459,0.7013927841525736
02065500,18.141424655914307,0.2366968393325805,0.395169734954834,1.1392943859100342,0.1914265155792236,22.196927666664124,-37.10261711534327,93.05076339695856,0.5650606023290239,1.3343108892440796,0.3684210526315789,51.61173971075761,0.7591565175613616
02069700,-6.131132319569588,0.4860929846763611,0.7694695293903351,0.9271146059036256,0.1059214025735855,-3.972584754228592,-24.833026936326828,60.78951730836939,0.813903680054048,1.126490354537964,0.0833333333333333,33.26809207598369,0.8845887794289371
02070000,7.979073375463486,0.4290109872817993,0.6279881000518799,1.0802432298660278,0.0859091207385063,3.1110214069485664,-31.538853987422428,57.56771808791624,0.7770532085171749,1.1256150007247925,0.0952380952380952,42.14673723493304,0.8342074564823119
02074500,-15.41716754436493,0.4402658343315124,0.6561777293682098,0.8395276069641113,0.0551428385078907,-12.965629994869232,-24.884794717340316,68.38530123028616,0.7310397100700451,1.106703758239746,0.0952380952380952,41.45096824282691,0.8123765563420858
02077200,-16.590994596481323,0.4982028007507324,0.4369800686836242,0.8858357071876526,0.0256243497133255,-18.85919272899628,-38.10581829380637,-18.50665651810328,0.6604735652478005,1.0781383514404297,0.2777777777777778,47.80188666449653,0.6899369222619887
02081500,-9.034448117017746,0.5955444276332855,0.7766074389219284,0.9426771998405457,0.0483983904123306,-7.804635167121887,-31.078104737464727,22.40019625678955,0.8121749248440929,1.1365700960159302,0.1428571428571428,41.300492059616815,0.8844969077755881
02082950,25.920891761779785,0.4518887400627136,0.5079395174980164,1.2371186017990112,0.2052556127309799,24.126945436000824,-30.53441422231928,-145.7138563172909,0.5389638629984074,1.3619520664215088,0.35,43.54575157165527,0.8408780658883479
02092500,-24.44847971200943,0.5312006175518036,0.6947477757930756,0.7747775912284851,0.0335630141198635,-17.799991369247437,-28.508958856446657,-157.41553030093314,0.7122975465867432,1.07283616065979,0.4705882352941176,51.78094190709731,0.8364687736623212
02102908,-11.991021782159804,0.3285911679267883,0.5506434142589569,0.8465266227722168,0.2060144990682602,-4.925379902124405,-17.173453055826645,64.92090047581196,0.6615760366577002,1.1992623805999756,0.28,37.371856689453125,0.7735685421054765
02108000,-5.771513283252716,0.5551713407039642,0.7377185523509979,0.9251468181610109,0.0392508134245872,-2.062125876545906,-31.321083615015883,-261.46339953010977,0.8327902252423707,1.0578129291534424,0.8421052631578947,29.390385276392887,0.862109553754528
02111180,13.156896829605104,0.3831992745399475,0.5307864248752594,1.0423030853271484,0.1161985248327255,9.359049052000046,-25.102859929888925,20.229109120349623,0.7288108437651473,1.1560101509094238,0.2857142857142857,47.51091911679223,0.7822505103464209
02111500,0.2418351592496037,0.4085244536399841,0.6430642604827881,0.9760863184928894,0.1211087554693222,-1.1542793363332748,-26.832985579416125,50.2038264017871,0.7850715047094631,1.12241530418396,0.4166666666666667,42.52254962921143,0.8249660397917611
02112120,-2.660581469535828,0.4237511157989502,0.6842742264270782,0.9857971668243408,0.161747008562088,-0.1942785689607262,-18.15843411419177,53.71544287221801,0.7690657910933305,1.1777323484420776,0.1666666666666666,36.23817761739095,0.853234538496288
02112360,-3.171110898256302,0.4193881750106811,0.5865558385848999,0.9749802947044371,0.1703647375106811,2.7259813621640205,-17.75754909332342,40.236209791993424,0.7392909560586708,1.1691287755966189,0.125,37.9500617980957,0.8031785651792119
02118500,-2.6404213160276413,0.4356000423431396,0.7287753224372864,0.90926331281662,0.0856228843331337,3.3257588744163518,-17.87226181705068,75.54985137967869,0.7765876070749655,1.1480385065078735,0.1666666666666666,56.22234874301486,0.8594135443849811
02125000,-32.57128298282623,0.5488157272338867,0.644111305475235,0.6756861805915833,-0.0031391342636197,-29.208794236183167,-35.385825992888606,-18.10783631744128,0.6261425797257554,0.9868006110191344,0.2631578947368421,58.22916030883789,0.8144853284363475
02128000,7.19514936208725,0.4027861952781677,0.4862293004989624,1.009008288383484,0.059046946465969,4.044991359114647,-51.21593751439482,-8.824899925826031,0.6956870483977805,1.1691309213638306,0.2105263157894736,64.67379519813939,0.7471760401151099
02137727,-8.831747621297836,0.537114143371582,0.6566862463951111,0.7620648741722107,0.0377364009618759,-7.193620502948761,-10.249517488919922,27.818920518239143,0.6909767856697743,1.0620349645614624,0.238095238095238,43.15338588896252,0.8128265882552845
02143000,6.328364461660385,0.4871206283569336,0.7490381300449371,0.9378930330276488,0.1084688901901245,4.587065428495407,-24.283424680196227,69.86314030804652,0.7692387127627542,1.183447241783142,0.1875,46.35625779628754,0.8745384288993505
02143040,-8.852897584438324,0.5232891738414764,0.734455019235611,0.8245328664779663,0.0623609833419323,-9.68327447772026,-24.953253403926237,37.934641244305936,0.7484218205491955,1.1135921478271484,0.2631578947368421,44.67342276322214,0.8600011093566908
02149000,-11.07313707470894,0.481264054775238,0.6845855414867401,0.8265652656555176,0.0867571234703064,-12.855620682239532,-27.347977355541936,52.36400091805874,0.7317343028675394,1.1168168783187866,0.2727272727272727,32.97945152629506,0.8319503224618454
02152100,-27.77971625328064,0.4551567435264587,0.5867696404457092,0.6398864388465881,0.035467229783535,-27.05090045928955,-25.100917842163494,38.22108397517731,0.5715382075656692,1.0724068880081177,0.1764705882352941,59.41882413976332,0.7794212765962515
02177000,-19.154754281044006,0.6682961583137512,0.7630917429924011,0.7639495730400085,0.0359485112130641,-15.39257913827896,-11.937292350869626,22.000542702115744,0.7335433136656876,1.0376358032226562,0.1818181818181818,28.047912771051585,0.8822591492299576
02178400,-12.247653305530548,0.6456349194049835,0.7740152776241302,0.7986996173858643,0.0013833118136972,-13.244417309761047,-18.98508848464481,32.840821587889764,0.7676143636449655,1.0012664794921875,0.2727272727272727,35.478227788751774,0.8838981655044471
02202600,17.785947024822235,0.506573498249054,0.4831209778785705,1.1323513984680176,0.1198246628046035,19.038312137126923,-45.635742373833175,-12.582526609056584,0.5917193559226646,1.3214226961135864,0.4545454545454545,60.15554341402921,0.7858420160843005
02212600,30.040162801742557,0.4887085556983948,0.6328240931034088,1.2456854581832886,0.1273555159568786,23.57017695903778,-41.27715694448796,85.05876994497793,0.5363362595924095,1.3755232095718384,0.0,48.27597737312317,0.8833593600888171
02221525,15.754829347133636,0.507005363702774,0.6894312500953674,1.1272042989730835,0.1360671073198318,15.220966935157776,-21.571021906949447,-186.6091644840594,0.6806259496928326,1.266165852546692,0.6470588235294118,30.711807924158435,0.8776292957016913
02231000,-23.97378832101822,0.5374625325202942,0.8082457035779953,0.8014214038848877,0.0709630399942398,-19.488658010959625,-14.44646190407478,-13.854708018486605,0.7127921699789777,1.1860406398773191,0.5384615384615384,29.977052028362568,0.908110070712982
02231342,-19.104814529418945,0.3698249459266662,0.4845059514045715,0.9074522256851196,0.1038398742675781,-9.996403753757477,-33.99774803532217,,0.608463196523455,1.2645809650421145,0.4666666666666667,39.4087028503418,0.7266268285230314
02245500,-2.090294100344181,0.3769885301589966,0.6060648262500763,0.9134832620620728,0.0827626064419746,-1.7474748194217682,-23.53056366733823,-798.8716017440582,0.6980388414228548,1.201306700706482,0.3125,32.41879343986511,0.792223659680649
02246000,-7.952314615249634,0.4817780256271362,0.767260730266571,0.9836174249649048,0.0597585588693618,-3.800535947084427,-8.768823344347759,-349.02593393326714,0.8030573888563466,1.1580482721328735,0.2142857142857142,46.612521580287385,0.8836438785662186
02296500,-20.46850472688675,0.6044775247573853,0.6935050189495087,0.805662989616394,-0.0421951040625572,-19.281643629074097,-16.978953244472468,-210.61358733535064,0.7288845518337657,0.9089488983154296,1.5454545454545454,47.57244370200417,0.8343304206815073
02297155,21.103081107139587,0.4367079138755798,0.3876904249191284,1.1688064336776731,0.0819341987371444,25.75947642326355,-27.668527756379184,-13.91489336711933,0.6385796915717559,1.202931523323059,0.7142857142857143,73.13547134399414,0.7531238688427432
02297310,-31.101223826408383,0.5659352838993073,0.6843641102313995,0.7775872945785522,0.0088674295693635,-23.636315762996677,-21.86453615165933,-4.795336239162181,0.718504329987523,1.022300362586975,1.2142857142857142,44.8526246207101,0.8289003374305633
02298123,9.862322360277176,0.5236579179763794,0.5672633945941925,0.9918881058692932,0.0139961941167712,1.9758105278015137,6.768434213636349,-46.61321629304754,0.7804768980235579,1.0244542360305786,0.7857142857142857,71.12392016819545,0.7819940830731139
02298608,-22.335897386074063,0.4908993244171142,0.6351184844970703,0.8479509353637695,0.0567689426243305,-12.297164648771286,-24.777557921207837,-7.532605339322508,0.712478667177827,1.140358567237854,0.7777777777777778,67.95829137166342,0.8003776781669371
02299950,-16.96007251739502,0.5241747498512268,0.612249881029129,0.8578484654426575,0.0370152220129966,-10.247652977705002,-11.1061285903279,-314.21925794078925,0.7239054734621648,1.1023269891738892,0.6666666666666666,48.501899507310654,0.7865747997687461
02300700,-12.215787917375565,0.2451612949371338,0.5028224587440491,0.9196928143501282,0.1203633174300193,-1.2344327755272388,-27.57028957364296,89.43043096875978,0.5378032191667841,1.3743536472320557,0.7058823529411765,41.48875124314252,0.7410869509861612
02312200,-12.12688609957695,0.4056985974311828,0.3953034281730652,0.9084254503250122,-0.0090364282950758,-12.60431557893753,-37.03571401980598,-39.08277808019846,0.6588002785171074,0.9816064834594728,1.4,61.86283588409424,0.6718338373002176
02314500,-26.18662118911743,0.5801694095134735,0.7171733677387238,0.8803811073303223,0.0849542170763015,-21.31740301847458,-16.337461175778813,57.69413955715812,0.7575844500755565,1.1497780084609983,1.0,19.928362369537357,0.8515979530359924
02315500,-10.228458046913149,0.5574647188186646,0.8009600788354874,0.9087515473365784,0.1270200610160827,-10.895749181509018,-22.85861482698984,-228.768758347129,0.7323356566171915,1.2325756549835205,1.5,16.866509914398193,0.9039454045135386
02324400,-24.54463541507721,0.5298578441143036,0.6730897128582001,0.8009220957756042,-0.0235240012407302,-21.652019023895264,-48.29532269001033,-459.5165677132941,0.7271956403478497,0.9475560784339904,0.8461538461538461,56.09293350806603,0.8210032352649346
02327100,25.22733211517334,0.4251769185066223,0.5117132365703583,1.1968014240264893,0.1552031487226486,26.46213471889496,-29.19380405888577,-386.48046848419193,0.5776195057217868,1.3287532329559326,0.5625,44.01792883872986,0.8222479444032336
02342933,-25.46967566013336,0.5234749019145966,0.7021158635616302,0.7608981132507324,0.0214481558650732,-23.6697182059288,-34.03489144384055,30.281941178613764,0.7044765371039048,1.0723859071731567,0.3157894736842105,46.8454310768529,0.8421244625733316
02349900,38.81085216999054,0.4541974663734436,0.4602586030960083,1.3714585304260254,0.1546917110681533,37.581849098205566,-26.864639586865007,-191.18496627536396,0.4551946858418595,1.3739745616912842,0.3333333333333333,63.62308926052518,0.8622523404318624
02361000,-18.50716322660446,0.5960755348205566,0.7979258894920349,0.839273989200592,0.0710349157452583,-14.32664394378662,-18.387368795182752,-4.672042204324535,0.7802109914663709,1.1098743677139282,0.5,21.79093837738037,0.898009897322491
02369800,-7.711377739906311,0.4218302369117737,0.58357834815979,0.9177276492118835,0.0763349011540412,-7.59444460272789,-21.442762624038377,-100.41107924067867,0.740519051834118,1.110251784324646,0.2857142857142857,69.9358031863258,0.7799859849689252
02371500,-3.7491191178560257,0.6431984305381775,0.825075626373291,0.9779334664344788,0.0662386715412139,-2.90619395673275,-17.204101078564683,-488.3969360569193,0.8624948490037347,1.10421884059906,1.2777777777777777,32.29249318440755,0.9130565246203308
02372250,-8.058789372444153,0.603456974029541,0.7629194855690002,0.9359795451164246,0.0335184857249259,-1.8363751471042635,-20.885564193624734,19.45715285390333,0.8493737796939083,1.0569970607757568,0.75,43.7600564956665,0.8761413117172475
02374500,-14.035548269748688,0.5679506361484528,0.7850507646799088,0.8161633610725403,0.0245004184544086,-13.24227899312973,-22.53214194767216,-41.23241256719521,0.7832303577392137,1.0309581756591797,0.3333333333333333,35.40960266476586,0.8893891535446029
02381600,-17.54329949617386,0.3151072263717651,0.3711274266242981,0.7704535126686096,0.126083105802536,-12.672850489616394,-21.098841335426187,72.34756717336735,0.5160636253082382,1.2220202684402466,0.5263157894736842,53.84081288387901,0.6363933095976562
02395120,-10.450152307748796,0.5099439918994904,0.5981281399726868,0.899797797203064,0.0432644225656986,-11.256084591150284,-18.27347190153289,40.45735151128582,0.7473038321176719,1.0828194618225098,0.5,44.67233022054036,0.7833071100370729
02408540,18.78217458724976,0.5960465371608734,0.6701713800430298,1.1506966352462769,0.0737314522266388,12.501350045204164,-28.177129582271416,9.009437971604324,0.7620028920131546,1.129419207572937,0.1111111111111111,37.522215313381615,0.8689129440152622
02422500,11.601850390434263,0.5383104979991913,0.738457053899765,1.0969575643539429,0.1196430101990699,12.120676785707474,-13.863026278531263,-16.904301628693087,0.7614980213638722,1.1890268325805664,0.2352941176470588,31.788750255809116,0.8915966739788049
02430085,-4.623952507972717,0.5194233953952789,0.5900288820266724,0.9420226812362672,0.0468850135803222,-8.040805160999298,-19.44181668530805,-89.07005980836115,0.7620671994925798,1.0847097635269165,0.4583333333333333,56.748596827189125,0.7853493442137057
02430615,20.38762867450714,0.2993476390838623,0.2320405840873718,1.1485073566436768,0.1337505280971527,21.19002491235733,-29.78355909606031,-3.1108785460675143,0.5911157607060971,1.2113786935806274,0.44,84.32300567626953,0.6830600465927202
02450250,-1.9232556223869324,0.6149892508983612,0.7172068059444427,0.9654040336608888,-0.0047279889695346,-6.551208347082138,-18.236603618799656,-302.8800554542096,0.8497017240279761,0.9887900948524476,0.25,30.71188688278198,0.8541678056812947
02464000,-11.738069355487823,0.6514380872249603,0.8174674957990646,0.9141803979873656,0.0412814989686012,-10.403334349393845,-9.877799712513031,-235.2269410376361,0.841050488787499,1.0943341255187988,0.1052631578947368,32.324873773675215,0.905126316674804
02465493,-8.608637750148773,0.5085647106170654,0.5882430076599121,0.8185001611709595,0.0644898787140846,-4.400510340929031,-10.666993273736248,29.70538325419007,0.6929345849970818,1.0946928262710571,0.25,34.82074499130249,0.7711326885535068
02469800,-2.8055839240550995,0.6036744117736816,0.7977961003780365,0.9892062544822692,0.0571078360080719,-4.509520530700684,-3.584794032545453,-409.980947698069,0.8365184147717264,1.128490924835205,0.5294117647058824,27.552105398739084,0.8995022089723289
02472000,7.377713173627853,0.6530508399009705,0.8196514844894409,1.0778467655181885,0.0871364399790763,8.883795142173767,-2.81208291544144,-9.333218364899302,0.7934659596587627,1.174975872039795,0.75,35.83543300628662,0.9226718995322828
02472500,-7.218374311923981,0.5893990993499756,0.8155334293842316,0.931766390800476,0.073332592844963,-7.557440549135208,-4.676473390527707,-7.009758837418056,0.8183132317843396,1.139973759651184,0.55,31.79234743118286,0.9063965656112432
02479155,30.482950806617737,0.5500284135341644,0.6744445562362671,1.2629210948944092,0.0659410506486892,23.570963740348816,-26.66101031311656,-586.296593223542,0.6770632966214012,1.1587467193603516,0.0,38.474641527448384,0.9001997427814535
02479300,16.364121437072754,0.5947066843509674,0.6863040924072266,1.137393832206726,0.0676452666521072,8.652039617300034,-7.239506963051208,35.98705082816856,0.7824676456244738,1.1102893352508545,0.4,28.397696018218998,0.8724087675361895
02479560,13.372953236103058,0.612476259469986,0.7595715075731277,1.070921778678894,0.0997585505247116,12.170731276273727,-18.03265021807969,13.51232783567994,0.8018938721915747,1.1521079540252686,0.7,38.78832817077637,0.8947417010088188
02481000,6.092393025755882,0.6004354357719421,0.7645200341939926,1.0293279886245728,0.0347141660749912,8.230330049991608,-9.474040444763776,-286.9152555188029,0.855415798070341,1.0847877264022827,0.0869565217391304,30.41842294775921,0.8866178939055858
02481510,-15.456101298332214,0.6594241261482239,0.7920435816049576,0.8856526613235474,0.0074804029427468,-13.539834320545197,-2.6466150864963014,3.3918847661665863,0.8406152321061257,1.0151816606521606,0.3333333333333333,33.83970033554804,0.8900104207025071
03010655,-0.7993620820343494,0.6160521507263184,0.8092027753591537,0.9685792326927184,0.0187410209327936,-2.4686671793460846,-17.330323208240735,-13.154311873661143,0.8939308841614926,1.026421308517456,0.3157894736842105,36.519642880088405,0.9021976116201156
03011800,-4.949240759015083,0.5896194875240326,0.7552060633897781,0.8846699595451355,-0.0950416028499603,-5.631382390856743,-20.81422026859766,-56.3923224319346,0.7956200982531062,0.8874745965003967,0.24,42.8369140625,0.87426949624693
03015500,-8.701105415821075,0.6184541881084442,0.7728994488716125,0.8615540266036987,-0.0684350728988647,-8.901721239089966,-8.157729624791815,-37.84157500168385,0.7957708578888727,0.9071087837219238,0.6,39.79818344116211,0.882044597935587
03021350,-21.264196932315823,0.552979588508606,0.6604343354701996,0.7465922832489014,-0.0678205341100692,-25.23224949836731,-7.716061270888641,-408.24312097769865,0.6671634914180644,0.8830119967460632,0.24,43.30481719970703,0.8186757665653465
03026500,-1.976070925593376,0.5730281174182892,0.662867397069931,0.9480261206626892,-0.0320436991751194,-2.1251164376735687,-10.87355259888846,-266.12514584618793,0.8117126777383442,0.9572142362594604,0.4090909090909091,49.77557008916681,0.8241585657126455
03028000,-10.166262835264206,0.6318760216236115,0.7954243421554565,0.9117075204849244,-0.0250761080533266,-6.262125074863434,-9.480354353100385,-20.275738507731955,0.8570727667870798,0.9674338102340698,0.1818181818181818,46.320438385009766,0.8924264189537698
03049000,-4.472193494439125,0.525981605052948,0.6329394280910492,0.9102503061294556,0.075076587498188,-1.8286952748894687,-19.910417830613685,-372.3449189455871,0.7527846417310559,1.1240302324295044,0.217391304347826,45.39259620334792,0.805894546038322
03049800,-51.58536434173584,0.3655489683151245,0.2035263180732727,0.4526416957378387,-0.0263652987778186,-45.85939943790436,-25.90881135943233,82.84971059040289,0.2222552942881721,0.9301269054412842,0.5,72.33702486211602,0.451909255072832
03069500,4.294881969690323,0.6991330683231354,0.8718505352735519,1.020397663116455,0.0353128276765346,3.1869102269411087,-2.5433669394859817,-444.3509704051015,0.9200009297903396,1.0462859869003296,0.0833333333333333,25.500253836313885,0.938021019769116
03070500,-8.259756863117218,0.6511733829975128,0.7631661891937256,0.8858228921890259,-0.0254176780581474,-10.802461951971054,-16.935008503966653,0.8554377089347972,0.8258013257613843,0.9620055556297302,0.3636363636363636,44.21066804365678,0.8740429106584031
03076600,-9.90806594491005,0.5508811771869659,0.6673461198806763,0.9342576861381532,0.0554430484771728,-7.537142187356949,-16.403949446285086,-29.849512948754853,0.7946332735617895,1.0869026184082031,0.2,34.654669761657715,0.825927097428016
03078000,-5.274756252765656,0.5887375473976135,0.7414610385894775,0.8763729929924011,0.0213786605745553,-8.321596682071686,-20.695348431150588,-239.46223084391133,0.8116086800249813,1.0319157838821411,0.1904761904761904,31.116935185023717,0.8614755064277028
03140000,-20.546019077301025,0.5877094268798828,0.7085081040859222,0.8033677935600281,-0.0164515934884548,-17.875051498413086,-13.28945875911249,-291.3996999913226,0.7461210595145777,0.9670953750610352,0.217391304347826,45.404637378195055,0.842813558249527
03144000,-13.990993797779083,0.6614126563072205,0.8254120498895645,0.849242627620697,-0.0074456403963267,-10.242073982954023,-14.712011698245696,-431.576189394556,0.8239731349965462,0.9835833311080932,0.4,32.79554843902588,0.9106234658384772
03164000,-7.254217565059662,0.6320109367370605,0.8447605222463608,0.9473865628242492,0.102471262216568,-5.298305302858353,-10.106721653208036,30.00954239568362,0.8669460411125757,1.0965454578399658,0.1739130434782608,21.79410975912343,0.9250723230398732
03165000,-3.771576285362244,0.430567979812622,0.6412884294986725,0.9198912978172302,0.0420011430978775,-0.2056066412478685,-16.60238685831567,46.55756386251832,0.7864031872254655,1.0539005994796753,0.2083333333333333,45.49353917439778,0.8094719977594804
03170000,-3.858521953225136,0.571889340877533,0.756084069609642,0.9262626767158508,0.0643292218446731,-2.730698324739933,-21.087740143888443,47.75441011257255,0.8367112236707464,1.072279453277588,0.2857142857142857,30.818019594464985,0.8735021254570382
03173000,-0.6547881290316582,0.5785434544086456,0.7587995678186417,0.9908193945884703,0.0478455424308776,1.6784915700554848,-12.63344275307064,-7.550554125473151,0.8564090853688202,1.077517867088318,0.1111111111111111,45.5665217505561,0.8794800948765125
03180500,-0.1842751167714595,0.6409119367599487,0.7979510873556137,0.9433820843696594,-0.0407752357423305,-3.3368390053510666,-10.82255524573312,-21.985215089428426,0.8681022640401471,0.9428192377090454,0.0952380952380952,33.0470221383231,0.8954926566942014
03182500,-9.284984320402144,0.7118942141532898,0.8523074984550476,0.907697319984436,-0.0284664612263441,-10.67582666873932,-8.117432551696226,-472.8556262959889,0.8716374111858065,0.9536505937576294,0.1578947368421052,23.50184039065713,0.923783846790816
03186500,-13.457757234573364,0.6145330369472504,0.7365933954715729,0.8893301486968994,0.0350013002753257,-11.738928407430649,-19.54200680601145,-301.8509228725312,0.8137079766784832,1.0520731210708618,0.4583333333333333,44.81842915217082,0.8594820579864851
03213700,-7.0235855877399445,0.682194858789444,0.870465949177742,0.9268162846565248,0.0381692945957183,-4.408712685108185,5.391101064073729,-679.2494377816917,0.8853760248463567,1.0583059787750244,0.2222222222222222,19.47283082538181,0.9337941669666892
03237280,-37.59008944034576,0.4549251794815063,0.4041480422019958,0.6370960474014282,-0.0863114893436431,-35.9838992357254,-40.72582410726462,-8.971613730728322,0.4470476234590762,0.7864860892295837,0.2857142857142857,59.133647737048925,0.6415744682390611
03237500,-2.8299400582909584,0.5864729881286621,0.6544138789176941,1.0068426132202148,0.0370788276195526,-1.0012256912887096,-12.929876427604173,-106.43846990331454,0.8058543064964263,1.0918399095535278,0.15,53.62705707550048,0.8290872738398279
03238500,-3.3790644258260727,0.6004719734191895,0.7214934825897217,0.9204741716384888,-0.0076095145195722,-8.807537704706192,-10.06128882019178,2.247695602980936,0.8307390486379411,0.9782073497772216,0.0952380952380952,31.91449755714053,0.852182569783965
03241500,-5.098121613264084,0.5916719734668732,0.7567728459835052,0.9052966833114624,-0.0220927186310291,-8.96594226360321,-20.972530808221432,-472.1767120601452,0.834620478873028,0.9586283564567566,0.238095238095238,34.93811970665342,0.8708874331178103
03280700,-16.791914403438568,0.5181366503238678,0.5993693172931671,0.8688880801200867,0.0214519202709198,-16.31816476583481,-17.185934326779623,39.54559145076651,0.7378567870343382,1.054397463798523,0.2631578947368421,47.52893949809828,0.7796147815717853
03281500,-20.393356680870056,0.6990074813365936,0.8518441319465637,0.802967369556427,-0.0396040380001068,-21.13470435142517,-18.197791631906103,-4.777586011193149,0.7761430321725362,0.917616367340088,0.3,21.076531410217285,0.9328954423667868
03285000,-0.5150262266397476,0.6396138072013855,0.7484427094459534,0.9355148673057556,0.0105778938159346,-4.053051769733429,-9.20012077333287,-134.78838909251186,0.8505232096162587,1.026777744293213,0.2857142857142857,23.41156914120629,0.8678336996984559
03291780,1.3546359725296495,0.5432674586772919,0.6474780142307281,0.9817917346954346,0.0022956025786697,-0.309823383577168,-19.36554732004841,-4.77553100172612,0.819616699450793,1.0060955286026,0.25,47.398193677266434,0.8206415914358097
03340800,-5.865829437971115,0.5934240221977234,0.7065637111663818,0.9356668591499328,-0.0430155135691165,-13.347864151000977,-34.38133375482147,-274.50727532015986,0.8063182492390988,0.9011101126670836,0.1739130434782608,42.86126261172088,0.8463944735712402
03346000,-15.970773994922638,0.6581160724163055,0.7455021142959595,0.7996126413345337,-0.01599857583642,-12.556104362010956,-16.556295429870428,-77.19132933618386,0.7540429498463661,0.9508182406425476,0.3333333333333333,40.04442426893446,0.8661309163628114
03357350,-10.426490753889084,0.4871639609336853,0.5419162213802338,0.8203769326210022,-0.0208129230886697,-11.891676485538484,-34.912156531236775,-9.907968161241415,0.6787287075989735,0.9388960599899292,0.2608695652173913,53.02262098892875,0.7407373812104191
03364500,-21.26660943031311,0.6212959885597229,0.6882130205631256,0.7875731587409973,-0.0128478482365608,-18.939436972141262,-19.613777303538708,-9.211418881166852,0.7264152276920636,0.9668534994125366,0.217391304347826,44.41374073857847,0.8308114239958466
03366500,-6.262750178575516,0.6303686499595642,0.8333288431167603,0.8982775807380676,0.023164952173829,-6.791461259126663,-21.39880180590797,-141.57422703658398,0.8516415787440791,1.0643692016601562,0.1818181818181818,32.95447392897172,0.9132856617699064
03368000,-17.998608946800232,0.4470047354698181,0.5414166748523712,0.8354833722114563,0.0184287521988153,-17.55930185317993,-16.34335286344578,-14.139172458268776,0.6875118412733483,1.0632293224334717,0.4761904761904761,52.74377550397601,0.7419589542145225
03384450,-10.40484830737114,0.5797567963600159,0.7219538688659668,0.8795854449272156,0.0044994759373366,-10.619214177131653,-32.4831540347069,-12.230922220059904,0.8072320955679311,1.014810562133789,0.2272727272727272,40.56753678755327,0.8501986410107178
03439000,-3.3572599291801453,0.5233039855957031,0.7246464192867279,0.9569907188415528,0.128103494644165,-0.7256194017827511,-2.681711205092814,33.30100139220928,0.8079274744478788,1.1303808689117432,0.217391304347826,41.17899770322053,0.8656761903904496
03455500,0.8449513465166092,0.4078117609024048,0.5356543064117432,0.9371992349624634,0.0954374000430107,3.5780206322669983,-16.380064137648073,31.78061101784389,0.7186972676373273,1.1312192678451538,0.4090909090909091,46.90916754982688,0.7592329032205867
03456500,-7.023882865905762,0.5183142423629761,0.633933812379837,0.8331068754196167,0.0204743463546037,-6.3973598182201385,-12.833999218980727,40.93243581388931,0.7354339393017741,1.032278537750244,0.2857142857142857,47.96536309378488,0.7972686964430997
03460000,2.597308345139026,0.5303769111633301,0.7559496760368347,0.947670042514801,-0.0003354828513693,-0.2564789727330208,-4.51855215510068,-1.9298450662425437,0.8623463841224708,0.9996796250343324,0.1428571428571428,39.08897127423968,0.8726815375774707
03463300,-10.077086091041563,0.5037029683589935,0.6241042613983154,0.7503121495246887,0.0580784156918525,-7.363303750753403,-8.056606372025346,-101.12999277448527,0.6540990067884481,1.1207424402236938,0.4285714285714285,34.65425627572196,0.7933003687507296
03471500,-0.783939566463232,0.4796269536018371,0.6129232048988342,1.0226610898971558,0.1231167018413543,5.488627403974533,-3.647260972841622,-10.883303549381294,0.764235062835132,1.1486520767211914,0.2105263157894736,29.93560339275159,0.8184121681182789
03473000,-3.5412706434726715,0.5028175711631775,0.6488405168056488,0.994872272014618,0.0646721571683883,1.524070929735899,-11.274830563886807,21.65825632227593,0.8116661964342813,1.0709831714630127,0.2105263157894736,26.800850818031712,0.8256305148820724
03479000,-5.396188050508499,0.5167283415794373,0.7091236710548401,0.8382059931755066,0.0167303811758756,-2.7275726199150085,-19.96409512636538,51.22348947355546,0.7720504628638307,1.0300863981246948,0.0434782608695652,63.39292940886124,0.8422708033236967
03488000,-8.839023858308792,0.5604133903980255,0.7078646421432495,0.9144698977470398,0.0862214416265487,-0.8875586092472076,-12.469218051397563,4.538037459644323,0.7738717789878922,1.1442787647247314,0.3,31.887900829315186,0.8483351985587808
03498500,-5.5135417729616165,0.6229494214057922,0.796168863773346,0.9038585424423218,-0.0042135077528655,-5.729374289512634,-17.760529728746693,40.07980176457625,0.8555260796100271,0.99331796169281,0.2631578947368421,39.28143350701583,0.8923669001858879
03500000,-6.966596096754074,0.7455124855041504,0.8888694196939468,0.8679802417755127,0.0087643340229988,-6.511350721120834,-10.700615889058176,39.54660414338532,0.857170432617245,1.0078970193862915,0.1363636363636363,22.557553378018465,0.9460675807894232
03500240,-12.298785150051115,0.5994745492935181,0.7749676257371902,0.8374447822570801,0.0132278464734554,-12.033607810735704,-11.65616254882745,35.70102996850298,0.7984147972311434,1.0132657289505005,0.3478260869565217,35.445462102475375,0.8815246202988791
03504000,-21.57372236251831,0.5724942684173584,0.7355467677116394,0.7416571974754333,-0.090589515864849,-21.54198437929153,-20.97895949216582,24.482022966029657,0.7028182114401167,0.9275166988372804,0.2916666666666667,37.75677680969238,0.8722417012951472
03574500,-19.101618230342865,0.6543683111667633,0.8100318759679794,0.8635095357894897,0.0173751004040241,-15.5694380402565,-17.41863083741526,-276.916478931625,0.8264367779225099,1.0410666465759275,0.2105263157894736,33.287758576242545,0.9009642702024798
03592718,-20.673123002052307,0.5674247145652771,0.5829211473464966,0.837909460067749,-0.025664122775197,-22.389040887355804,-19.46727267640116,-649.2521487605795,0.7094369389387147,0.9371255040168762,0.217391304347826,48.73405124830163,0.7671903200624086
03604000,-7.370541989803314,0.619987815618515,0.8503753244876862,0.8842040300369263,-0.0001231100759468,-6.434748321771622,-10.941171685699446,27.162562891561315,0.8609244216133964,0.9997149109840392,0.2631578947368421,52.507435648064856,0.9229725466594396
04015330,6.901594251394272,0.5814192295074463,0.6517280042171478,1.0122199058532717,0.0391277708113193,2.0769553259015083,-24.027756699344508,-6.905940652746012,0.8040123227488172,1.094610333442688,0.7894736842105263,51.10578536987305,0.8287962373628595
04024430,-8.572861552238464,0.5818561315536499,0.754970446228981,0.9917844533920288,0.0961324945092201,-1.5070918947458267,-11.238768162229574,-716.4279198059626,0.7694478062037431,1.1973947286605835,0.5555555555555556,25.08326901329888,0.8811633896679409
04027000,-15.681514143943788,0.6243492364883423,0.807184100151062,0.9016942381858826,0.0596416182816028,-10.465162992477415,-7.620432862536062,-807.5877058799906,0.814468393812245,1.1218208074569702,0.7368421052631579,38.088487323961765,0.9004126265067403
04040500,-9.657370299100876,0.6777848899364471,0.8845619633793831,0.941900670528412,0.0497299470007419,-5.272805318236351,-9.587813862325424,43.70102418464809,0.880233507684794,1.0870872735977173,0.6470588235294118,19.86298841588637,0.9418253717351244
04043050,-19.93556171655655,0.5754651129245758,0.7427542805671692,0.8212532997131348,-0.0001265276077901,-21.21942937374115,-25.59624505461841,-994.8531094356624,0.7746895003873366,0.9997703433036804,0.625,42.14013814926148,0.8628344590282698
04045500,-6.406036764383316,0.6838313937187195,0.8849469870328903,1.0262157917022705,0.1096955314278602,-3.143003210425377,-4.939106539252187,11.012327009678938,0.8739081854434355,1.1128093004226685,1.1176470588235294,10.83596524070291,0.9501408012324872
04056500,28.601884841918945,0.4750218391418457,0.6418402194976807,1.246745467185974,0.2323327809572219,26.703733205795288,-10.801062445612166,2.548354627144413,0.6682528804178663,1.1991288661956787,1.4375,35.01448333263397,0.902426845793316
04057510,18.85843276977539,0.5028581619262695,0.7054414451122284,1.2061129808425903,0.1904511600732803,20.647159218788147,-2.957114317928058,11.407234267755276,0.7091948065388035,1.1846117973327637,1.2352941176470589,26.68054805082433,0.9105372482104842
04057800,8.569329231977463,0.5991443991661072,0.8020886927843094,1.0707788467407229,0.113652266561985,11.5529865026474,-10.865191704125971,8.8780768680611,0.7790875765339145,1.1916488409042358,0.5625,32.900384068489075,0.9159561098248344
04059500,13.157276809215546,0.5926003754138947,0.7841818779706955,1.0865209102630615,0.0983542203903198,11.38800010085106,-10.186142163446547,-469.0429361375204,0.8035909808790624,1.1507749557495115,1.0,25.37244898932321,0.90858037629681
04063700,-11.42541915178299,0.5322802662849426,0.7699928134679794,0.9788464903831482,0.1635369956493377,-5.02663291990757,4.944912555021549,-41.7973516115101,0.7680082641394927,1.2064943313598633,0.7777777777777778,32.29233688778347,0.896400841438243
04074950,0.3198884660378098,0.5473483502864838,0.8290441781282425,0.9404256939888,0.1724777221679687,-1.3502986170351503,-5.446888007809246,27.01873737538738,0.8580607177096282,1.1060235500335691,1.2222222222222223,15.61563147438897,0.926810733309665
04105700,-20.73661088943481,0.3753595948219299,0.663934975862503,0.8100446462631226,0.1677986085414886,-16.53541922569275,-16.58959725817505,20.441096561174664,0.7346858892051509,1.0784661769866943,0.25,20.949196815490723,0.8322156144253823
04122200,-10.434354096651075,0.6080891489982605,0.8242478370666504,0.963405430316925,0.1596409529447555,-5.153244361281395,-7.5787706582765315,24.140871242947345,0.8837528702198679,1.0787408351898191,0.65,23.00268650054932,0.922707610171252
04122500,-6.600848585367203,0.5570854842662811,0.7709116637706757,0.9917649030685424,0.1229681745171547,-4.1275497525930405,-3.4535503383393147,17.170335156777195,0.8789050336269443,1.0544719696044922,0.6842105263157895,18.1659786324752,0.8921622580594889
04124000,1.7588971182703972,0.5297421813011169,0.7664023190736771,1.0498372316360474,0.1289261430501938,3.214048221707344,7.064674234475851,47.43377338682932,0.8808448600553441,1.035757064819336,0.6,12.07887053489685,0.8978450684812951
04127918,20.80088406801224,0.5343156158924103,0.6634147465229034,1.170142650604248,0.1308974176645279,20.628902316093445,-10.518663089473494,-94.58947319005956,0.7308117295208574,1.1676461696624756,0.5,34.77872371673584,0.8758687581371504
04127997,15.967454016208649,0.201291799545288,0.5280284583568573,1.0880388021469116,0.4659184515476227,13.049259781837463,-6.234989982768484,13.722047956823582,0.8063952416997482,1.1297438144683838,0.4583333333333333,14.298411210378012,0.8864283734367185
04161580,-15.554532408714294,0.4675320386886596,0.6452754437923431,0.919474959373474,0.105789802968502,-11.996479332447052,-11.744362475324175,13.607025165220874,0.7717731740150952,1.1095921993255615,0.6666666666666666,30.307640348161968,0.8167167444139352
04185000,7.751739025115967,0.6662665903568268,0.8087596148252487,1.0840331315994265,0.06182212382555,12.014292180538176,-12.470980840718145,2.560913345301329,0.8499237162753203,1.0924180746078491,0.782608695652174,30.942091734513,0.9168121209791829
04196800,-16.246436536312103,0.635053813457489,0.738516241312027,0.8172747492790222,-0.0803404822945594,-14.720581471920012,-12.498121501805452,-107.28389897193776,0.7112876868446258,0.8222934007644653,0.4782608695652174,45.04247748333475,0.8644026286957462
04197100,-17.62874275445938,0.5812110304832458,0.6960124671459198,0.7940798401832581,-0.0416106469929218,-20.18423676490784,-9.456924513761098,-162.67745381486648,0.7194367583226465,0.9023195505142212,0.6,45.04850387573242,0.8363810825429752
04213000,-16.12846553325653,0.616045743227005,0.6961507499217987,0.8332911133766174,-0.0446771197021007,-15.67399799823761,-16.14987826570173,-302.80861338182547,0.7528138562182797,0.9208360910415648,0.3636363636363636,40.94145514748313,0.8355548349239477
04216418,-17.958182096481323,0.5849537253379822,0.6817818582057953,0.8183746337890625,-0.0699647814035415,-19.701896607875824,-4.224892861355026,-469.4077666499674,0.7287230637281863,0.8938488960266113,0.375,45.62188386917114,0.8287243577533708
04221000,-2.8202615678310394,0.6261114180088043,0.7827754616737366,0.9299612045288086,-0.0326651409268379,-7.231741398572922,-8.384285082507251,-527.4192405454728,0.8580574238642789,0.951610028743744,0.0952380952380952,36.684292838686986,0.8864188715903547
04224775,-21.865570545196533,0.5639276504516602,0.6755150556564331,0.7896173596382141,-0.0468082241714,-21.41750454902649,-11.048848994609571,-720.9394067836763,0.7154583031802709,0.9244515895843506,0.4761904761904761,57.87801288423084,0.8239444418738145
04233000,-24.225692451000214,0.5894373953342438,0.6764434278011322,0.7599396705627441,-0.0546977296471595,-22.16747999191284,-9.649852935744182,-585.0299298628855,0.6939461511976488,0.9218222498893738,0.3181818181818182,43.83529316295277,0.8270022081503665
04256000,1.163078285753727,0.6230114996433258,0.7813747823238373,0.9263540506362916,-0.0126200634986162,-2.6716478168964386,-16.518799093308324,4.288421345061972,0.8627075120451391,0.98575621843338,0.5416666666666666,31.202926238377888,0.8850103653461056
04296000,-15.316899120807648,0.617563009262085,0.7629117220640182,0.8387068510055542,-0.1219118759036064,-14.941373467445374,-8.531795054862275,-712.5240515261936,0.7554263943744244,0.8581608533859253,0.4347826086956521,36.68058644170347,0.8830281010501193
05056000,-35.019564628601074,0.3725746870040893,0.4047834277153015,0.6874793767929077,-0.1157605051994323,-32.22636580467224,-20.41712396954461,-162.1217591453678,0.4504152951583653,0.7164731025695801,1.6363636363636365,86.0126321965998,0.6478825390589137
05057000,-22.73593097925186,0.4523826837539673,0.6471720635890961,0.7572243809700012,-0.129739373922348,-25.723272562026978,-19.39255916796056,-255.29941568931,0.5917563090566242,0.7275017499923706,2.111111111111111,66.72980520460341,0.8170584417294667
05057200,-47.6639598608017,0.3745744824409485,0.1873804926872253,0.5295530557632446,-0.1050545051693916,-44.800370931625366,-42.47233836243182,-229.15310256765497,0.1708759095245795,0.5926252603530884,1.5,86.45304044087729,0.4521202216155414
05120500,-7.62912780046463,-0.0775392055511474,-0.065508484840393,0.9519069790840148,0.196095660328865,3.184828534722328,-14.032664128284,-21.076012879646026,0.0899830779671314,1.7321863174438477,2.0,56.02232217788696,0.4617425743444243
05123400,-33.65940451622009,0.4008921384811401,0.3753888010978699,0.7580347061157227,-0.034498393535614,-30.071333050727844,-70.54469699460661,-106.74581114664086,0.543690877514619,0.895852267742157,2.2857142857142856,73.33575657435826,0.6274089887229934
05129115,-19.943515956401825,0.5142022371292114,0.7191941738128662,0.7941181063652039,0.0289564412087202,-20.942221581935883,-1.8852398207458592,48.84065820472299,0.7434663619681676,1.0323386192321775,0.9333333333333332,30.53490956624349,0.8504126776048387
05131500,-4.602542519569397,0.6417139172554016,0.8154547363519669,0.943168580532074,0.0432390868663787,-3.8277313113212585,-15.547936199226942,0.266378600802188,0.8681505336390375,1.071448564529419,1.1111111111111112,33.46128993564182,0.9048707501994436
05291000,-18.0020809173584,0.464839220046997,0.4957203269004822,0.8090943098068237,0.0312158279120922,-9.081440418958664,-28.79017816985189,-428.1409571295053,0.6339857625529608,1.1195182800292969,0.6666666666666666,48.40389887491863,0.7114920794767617
05362000,16.006377339363098,0.6074870228767395,0.7326968014240265,1.115057110786438,0.0982973352074623,14.007987082004547,-11.912648360123349,-766.5376948356626,0.7316966251168391,1.2161900997161863,0.3157894736842105,74.88876141999897,0.8904080157316391
05393500,13.755542039871216,0.5842483341693878,0.6753004193305969,1.1055195331573486,0.0766084045171737,13.378319144248962,-8.267845025604203,-503.38690823656987,0.7567273486603132,1.169353723526001,0.4736842105263157,37.81287042718184,0.860836328950495
05399500,-20.61474323272705,0.6235254108905792,0.7708436548709869,0.8479009866714478,0.0159647762775421,-16.17758423089981,-9.51637433656551,-345.38268968014256,0.7970879710235133,1.0575844049453735,0.3125,34.73577797412872,0.8786607320158775
05408000,-25.45030117034912,0.4757848381996155,0.4923140406608581,0.5509649515151978,0.0167886093258857,-22.435857355594635,-7.370423905994494,30.862083190390333,0.4715186759046939,1.0257060527801514,0.1111111111111111,33.78871281941731,0.7225126417289548
05412500,-11.389146745204926,0.6106562912464142,0.7192405462265015,0.8424494862556458,0.0333401598036289,-7.342439144849777,-5.796881393561358,-874.1481455159837,0.7740320258029011,1.0580132007598877,0.9285714285714286,49.93193490164621,0.8487590349170445
05413500,-7.812061160802841,0.3341013789176941,0.5143974721431732,0.8000555038452148,-0.02848039008677,-4.555272310972214,-18.55968232168382,-61.27367063786545,0.6555828909234668,0.9630224108695984,0.3333333333333333,60.36496162414551,0.7220107890867905
05414000,-23.741400241851807,0.3983514904975891,0.4810807704925537,0.6464165449142456,-0.0096547463908791,-16.526058316230774,-17.40732588070416,9.566027402798545,0.5330783490221818,0.9855155348777772,0.5333333333333333,64.27347819010417,0.6953940763681788
05444000,-8.080926537513733,0.2879471182823181,0.4609091877937317,0.8582621216773987,0.0565436817705631,-3.947803378105164,-36.05170832546754,-1151.52302836613,0.6547896964722122,1.0937247276306152,0.4666666666666667,56.909141540527344,0.6995067339507891
05454000,-24.972185492515564,0.4285963773727417,0.5321325063705444,0.784824550151825,-0.0655829161405563,-22.21766859292984,-28.122197016129984,-1.02228767369295,0.6284728881315909,0.8548646569252014,0.4117647058823529,62.44677936329561,0.734166117986293
05458000,-20.257821679115292,0.5558335483074188,0.6512418687343597,0.7151338458061218,-0.0090771969407796,-14.493033289909365,-26.17276991714756,-679.7636357556677,0.6584096637618959,0.9765747785568236,0.6666666666666666,62.36694971720378,0.8129532384498765
05466500,-2.594239823520184,0.6127060055732727,0.7524802386760712,0.9517067670822144,-0.0041147745214402,-3.5234618932008743,-16.329968009891598,-476.0829925565466,0.8622718548061484,0.9932259917259216,0.6111111111111112,49.581702550252274,0.8711942608235569
05487980,13.388901948928831,0.5541177988052368,0.6090154349803925,1.0957083702087402,0.0233890507370233,7.673417776823044,-22.94532495482264,-246.16431256865104,0.7883329278690062,1.0732903480529783,0.2222222222222222,47.04947471618652,0.8260132701072656
05489000,8.1111378967762,0.5494117140769958,0.5941880345344543,1.044428467750549,0.0260710027068853,-2.7425622567534447,-29.083405272197776,-83.01253152342034,0.7830512373991965,1.0885562896728516,0.2352941176470588,47.79307982500862,0.80699569847608
05495000,-2.4155765771865845,0.6480672061443329,0.8075977563858032,0.9482983946800232,0.0275004021823406,-2.811669185757637,-15.43193093984556,-111.5755608744916,0.8607331558162546,1.0824286937713623,0.3888888888888889,25.881573888990616,0.9003621139355921
05495500,-7.267896085977554,0.5946789979934692,0.7739576548337936,0.9034086465835572,0.0326392948627471,-8.072841167449951,-40.95083086859218,-140.11144248305413,0.8091710686885636,1.1133177280426023,0.3333333333333333,53.98059572492328,0.8806480667022628
05501000,8.01612213253975,0.5581940412521362,0.7245190739631653,1.0650169849395752,0.0736226439476013,13.270196318626404,-37.11990284207116,-227.7311693941612,0.7018330460041562,1.2628700733184814,0.25,40.01155495643616,0.875197561409791
05503800,18.4443861246109,0.5546523928642273,0.6989302039146423,1.1373461484909058,0.0750470012426376,18.248143792152405,-30.417222308114628,-22.491558311317423,0.6538415006478195,1.293561339378357,0.1052631578947368,45.26420392488178,0.8784126561238682
05507600,-16.932709515094757,0.5991120338439941,0.689655601978302,0.7737807631492615,-0.0329961068928241,-21.592482924461365,-24.226063910990423,-0.6008903563596547,0.6809611149342645,0.8490039706230164,0.1111111111111111,54.386255476209854,0.8332340976846819
05508805,3.954678401350975,0.5687906742095947,0.681497186422348,0.9499661922454834,0.0169618502259254,-1.1511502787470818,-38.18336448387116,-7.589442655416255,0.8133349071536352,1.0687605142593384,0.3529411764705882,64.07253040986902,0.8338300067770436
05514500,-5.829578265547752,0.6189131140708923,0.7513235807418823,0.9240846633911132,-0.0088169844821095,-11.243382841348648,-31.470981626784983,-174.90604999543692,0.84549005910263,0.970910370349884,0.3333333333333333,34.58801640404595,0.8686075460671835
05525500,5.605617165565491,0.6831786632537842,0.8152340203523636,0.981918215751648,0.0198941007256507,-0.6976495031267405,-9.980659445175966,-360.41535927812777,0.8967569308817198,1.039363145828247,0.4210526315789473,26.12757682800293,0.9062838159661728
05556500,-23.501092195510864,0.5478282868862152,0.6736442744731903,0.7466058135032654,-0.0048588099889457,-19.09925937652588,-36.08889155319709,-326.7947962807916,0.6915423653487888,0.9889544248580932,0.1578947368421052,41.50965339259097,0.82445657547472
05584500,-11.659488081932068,0.6169289946556091,0.7530256807804108,0.8611814379692078,-0.0262610949575901,-15.56020975112915,-24.80385087276964,-275.6447264415242,0.7985741840250244,0.9373142123222352,0.5,50.6020975112915,0.8681961373854848
05585000,-8.777227252721786,0.6517171263694763,0.8028892129659653,0.9022216200828552,-0.0319145247340202,-8.246935904026031,-5.893458222235351,-311.03638281262465,0.8438800914269031,0.9357603788375854,1.391304347826087,40.7631252122962,0.8966264765689005
05591550,-27.72120833396912,0.5922440588474274,0.7019079625606537,0.7136472463607788,-0.0801160931587219,-30.06119728088379,-45.111781809637016,-21.140621465039253,0.6162674418603373,0.7910217046737671,0.2631578947368421,48.75512374074836,0.8530957837834907
05592050,20.24000436067581,0.5015550553798676,0.5997024178504944,1.158837080001831,0.0512117333710193,14.921413362026216,-41.15564111052404,,0.7263071983605739,1.1544495820999146,0.15,40.05308151245117,0.8393019655537383
05593575,-3.536397591233253,0.6420388519763947,0.8018786013126373,0.8996085524559021,-0.0040843756869435,-10.015465319156649,-8.924198552100712,11.1467751823849,0.8543398241925875,0.9852604269981384,0.1111111111111111,36.941631635030106,0.8954955069675482
05593900,-12.126128375530245,0.5441620051860809,0.6852670609951019,0.8715533018112183,0.0078245047479867,-10.416193306446075,-40.32030098979231,-12.210463689227709,0.7841122644380076,1.0291197299957275,0.05,38.8090181350708,0.8289415263266369
05595730,-7.446012645959854,0.6196753084659576,0.8237046152353287,0.8933517932891846,0.0299931857734918,-7.672290503978729,-47.778856311902366,-31.368274194925583,0.8133502054937547,1.1226246356964111,0.3333333333333333,41.86941782633464,0.90819855929827
06191500,-6.369522213935852,0.7966445237398148,0.9372150599956512,0.9752771854400636,0.0563483200967311,-6.0721877962350845,-9.11102944825442,19.74326743133029,0.9188410593715046,1.0711383819580078,1.3,14.917438030242918,0.9697529059813802
06224000,-5.700080096721649,0.72788405418396,0.8469603210687637,0.9957284331321716,0.0636680945754051,-2.7672067284584045,-10.636627904160129,-137.22611512553988,0.8774681236492724,1.0969549417495728,0.9,27.44909286499023,0.9251965661960588
06278300,-6.991913914680481,0.6429629027843475,0.7125875651836395,1.0134297609329224,0.0539968833327293,-1.4024713076651096,-11.367855506368892,-883.359599541692,0.802566873509089,1.13828444480896,0.8,29.55362319946289,0.8597256499528928
06280300,-8.545175194740295,0.7538011074066162,0.8642670810222626,0.9201313853263856,-0.0232274513691663,-6.417348235845566,-19.721493105008907,12.907177549058998,0.8882267634615871,0.9651494026184082,0.9,27.99257516860962,0.9300021667582784
06289000,-16.63791388273239,0.5624879896640778,0.7159342169761658,0.8802464008331299,0.0601635314524173,-16.41041785478592,5.636821832773217,31.484635960667624,0.7921032851447323,1.0776700973510742,1.5555555555555556,32.86039564344618,0.8488461859175637
06311000,-24.281875789165497,0.5759059488773346,0.5853479206562042,0.7932656407356262,-0.010860214009881,-21.35661244392395,-21.60255453184847,-414.5612221240391,0.6866658483755251,0.9771569967269896,1.0,52.72539138793946,0.7656553980240904
06332515,116.5369749069214,-0.3219516277313232,-1.90650486946106,1.9628435373306277,0.2343895882368087,131.80088996887207,-18.14834729206069,-7.469778683842473,-0.9054496027164662,2.5695040225982666,0.8181818181818182,129.14202430031517,0.5097677752729389
06339100,-16.135786473751068,0.2480652332305908,0.1349146366119384,0.7239209413528442,0.0424162708222866,-2.199498750269413,-11.723601539207626,0.5198678947341008,0.3114442770140042,1.3199586868286133,0.6,67.91986465454102,0.4563863727276724
06339500,-49.88253116607666,0.387713611125946,0.2130846381187439,0.4579810798168182,-0.0070061828009784,-43.312349915504456,-30.48759720007674,-96.77751396545791,0.2348753564297874,0.9570845365524292,0.6666666666666666,64.15538787841797,0.4616790238538137
06344600,-11.466588824987411,0.1182931661605835,-0.002439260482788,0.738196611404419,0.0448750555515289,-6.854882836341858,-17.38299707326998,-28.9857996085286,0.2249199097660116,1.3657970428466797,0.6666666666666666,76.56760745578342,0.3688101272662693
06350000,-14.197705686092377,0.203476071357727,0.3676402568817138,0.6906255483627319,0.0525873862206935,-1.4559326693415642,-21.59628963271021,-304.6549335476456,0.3330065490720847,1.4469560384750366,1.7777777777777777,55.07878197564019,0.6134796099484909
06352000,-45.78821659088135,0.3930237889289856,0.5399892926216125,0.5262858867645264,0.0118608586490154,-35.432955622673035,-14.330382830840025,-101.51587047048174,0.4673243854845093,1.0964082479476929,1.4285714285714286,67.41751262119838,0.7762955097709464
06353000,51.621830463409424,0.0431898236274719,-0.3391462564468384,1.2573766708374023,0.1104243770241737,56.17562532424927,-62.8802190270501,-55.16458811369176,0.0503559908564923,1.7643649578094482,1.625,65.72909355163574,0.4986745521282903
06354000,-14.891120791435242,0.3920229077339172,0.5398285686969757,0.8087894916534424,0.0506596863269805,-8.107627928256989,-46.02501807867191,-28.32213397600953,0.5407323056580219,1.3265167474746704,0.8571428571428571,56.40315328325544,0.7397075295314711
06360500,-2.1817272529006004,0.441627562046051,0.6014368534088135,0.961918294429779,0.0687761753797531,1.4870320446789265,-68.29286146489363,-74.29475281716059,0.5772957755040902,1.368279218673706,1.625,59.47580337524414,0.79604151843908
06404000,17.966686189174652,0.5225391685962677,0.6713249683380127,1.1700983047485352,0.0732341259717941,18.134258687496185,-42.410431242770485,-21.328970341501407,0.6914190278938859,1.224644422531128,0.5555555555555556,35.48728889889187,0.8742078440709243
06406000,20.91081291437149,0.0791499018669128,0.18201744556427,0.93613463640213,0.0643763095140457,29.47637140750885,-56.47641077221783,40.58664697066236,0.5285506203014392,1.17643141746521,0.3333333333333333,80.59080441792807,0.5674983377119963
06409000,-5.190512165427208,-0.1241463422775268,-0.3050519227981567,0.865813672542572,0.3850274682044983,-3.045909106731415,-24.995085275934937,53.568822930443794,0.2971807363669815,1.2084442377090454,1.0,42.98964647146372,0.3423527186834562
06431500,-37.30926513671875,-0.0036752223968505,0.3125024437904358,0.7208223342895508,-0.3676061928272247,-32.003799080848694,18.2342568370177,40.81102828698089,0.5278894543284075,0.8085542917251587,1.4166666666666667,48.19453954696655,0.6709153010455547
06447000,15.647006034851074,0.3628779053688049,0.3876826167106628,1.070799469947815,0.0957211405038833,12.911592423915865,-44.44537845836333,,0.6120789672264765,1.2597370147705078,0.4,48.3396053314209,0.7207029432999864
06447500,22.808077931404117,0.4387125372886657,0.1221243143081665,1.2390756607055664,0.1173562631011009,19.659262895584103,-8.527671517748283,40.03704426145892,0.5787390593795929,1.1194673776626587,1.3571428571428572,41.49412427629744,0.6743757468722659
06450500,-0.0092974478320684,0.2787380814552307,0.2395476698875427,1.0511091947555542,-0.0145833045244216,4.001284763216972,9.467640805029632,52.750642843553806,0.6357075557907177,0.9854132533073424,1.1764705882352942,73.13749649945427,0.6396056854772315
06452000,-2.2718768566846848,0.4013721346855163,0.4301919341087341,0.9668401479721068,0.0952542200684547,-0.7871977053582668,-10.406552569368458,-6.200033386100496,0.6188290695432651,1.245827078819275,0.6875,55.43862581253052,0.7105855052732789
06453600,-13.90177309513092,0.2811868190765381,0.3566644787788391,0.912255585193634,0.1013955846428871,-8.782165497541428,-32.81951046534032,-10.890550204876083,0.4998255927016137,1.3535480499267578,0.9090909090909092,61.260973323475234,0.6572477107595528
06464500,-17.31310933828354,0.4997612237930298,0.5428360998630524,0.871084451675415,0.0429865717887878,-14.529003202915192,-10.226038853803844,29.12993166923743,0.7095195741138808,1.0659621953964231,1.3076923076923077,40.45173204862154,0.7481892615442366
06468170,-48.38901162147522,0.3260261416435241,0.1088961958885192,0.5032362341880798,-0.0704817324876785,-47.20546007156372,-56.02968668359889,-13.96682872886718,0.1359445822426283,0.6897183060646057,2.0,77.28422164916992,0.3647498159458682
06470800,-60.63011884689331,0.3848241567611694,0.15072101354599,0.4350583255290985,-0.0802037864923477,-53.76695394515991,-54.40360697141708,-8.224101385832745,0.1012803535749908,0.6446071267127991,1.0,52.49997774759928,0.398141367983332
06477500,-9.766320139169691,0.4401032924652099,0.3260205388069153,0.9488879442214966,0.0614730268716812,-0.5825014784932137,-51.9520033451749,-23.35989755542713,0.5200927429947657,1.322418451309204,0.5714285714285714,54.49382237025669,0.6482261019692371
06479438,-2.664192020893097,0.2969040870666504,0.1757208108901977,0.9033343195915222,0.0726224109530448,9.785673022270204,-44.50154474947978,-153.50288278791638,0.4490157206301398,1.3056138753890991,0.9090909090909092,109.50611287897284,0.5518487068929218
06601000,38.10000121593475,0.1031173467636108,-0.1997296810150146,1.285805344581604,0.0541994497179985,41.25019013881683,-22.48162054214477,-891.496934095213,0.4749651301881183,1.0771281719207764,0.3333333333333333,58.063062032063804,0.5663778550129972
06614800,8.628778904676437,0.6775322258472443,0.7557581961154938,1.111099123954773,0.0815612152218818,16.011367738246918,-5.143836361636424,-1149.3382352803112,0.7807589055244158,1.1595286130905151,1.7,30.42087316513061,0.8986379569624273
06622700,0.1010403386317193,0.6800953149795532,0.8031502664089203,1.1137967109680176,0.0926177054643631,3.944145515561104,4.222305283779688,30.82221194154563,0.7539036424651278,1.2035173177719116,0.5,35.82241535186768,0.9212953169644914
06623800,-14.995816349983215,0.8022801727056503,0.920195698738098,0.9098696112632751,-0.0201617665588855,-10.25221422314644,-6.752159226444288,-51.67980994845541,0.8946100868436956,0.961928129196167,0.4,22.644307613372803,0.9608326733774628
06632400,5.509726330637932,0.6751955449581146,0.7950542271137238,1.157382607460022,0.1186369955539703,13.72888833284378,-0.0442302505219297,-1526.2751404896346,0.6777526865279948,1.2718913555145264,0.8,30.00266790390015,0.9282425146379636
06746095,-19.845381379127502,0.5987619161605835,0.6559990346431732,0.8292824029922485,0.0102247605100274,-19.299085438251492,-0.5746132320742092,-826.6146195443316,0.7438898892816121,1.0208288431167605,1.2,31.00261211395264,0.8102263185304632
06784000,16.879814863204956,0.269825279712677,0.0721522569656372,1.1512478590011597,0.1409436762332916,11.073273420333862,-32.24812313242332,71.594048596162,0.5589041588016918,1.1546515226364136,0.9375,46.77026867866516,0.6155880688424885
06803510,23.21399748325348,0.1832073330879211,0.4579687118530273,1.2715016603469849,0.0862338095903396,15.673789381980896,-26.259278148649184,-238.05067297732364,0.4890996453294617,1.3930137157440186,0.1666666666666666,56.12102614508735,0.8187646831646986
06803530,3.6788474768400192,0.3405840992927551,0.4941603541374206,1.154040813446045,0.0283270739018917,-0.9011277928948402,-16.28920226962216,-712.5098870822018,0.7162208877618716,1.1153969764709473,0.2666666666666666,97.62524286905924,0.7914681075784696
06814000,-9.693225473165512,0.5294473767280579,0.69224414229393,0.897907555103302,0.0219687707722187,-12.138321250677109,-36.74786336745871,-9.10329314638158,0.7870445442955702,1.0871933698654177,0.3333333333333333,50.221946504380966,0.8346988352708653
06847900,-4.221444576978684,-0.1430736780166626,0.0013720393180847,0.8321115374565125,0.0574860498309135,0.0232385209528729,-76.09186664231883,24.477000422710628,0.2896112158627378,1.372490167617798,1.0,87.30093240737915,0.4188659674387789
06853800,34.77597236633301,-0.1243629455566406,0.0072023272514343,1.1929532289505005,0.1756172627210617,45.42137384414673,-70.42594940516383,63.57499624707002,-0.0184101936766376,1.9217979907989504,0.5,135.06754239400226,0.612421829586494
06876700,-0.19952361471951,0.1795243620872497,0.2474927902221679,1.039893388748169,0.1848910003900528,4.640964791178703,-40.59261456847487,-145.4124225250736,0.3468607630353053,1.5533878803253174,0.8461538461538461,46.47554617661696,0.6553824811387801
06878000,-9.345319122076036,0.3844456076622009,0.6658065319061279,0.8798710703849792,0.0612559951841831,-9.618668258190157,-31.41347600953553,-275.9119154503871,0.6620083608679754,1.259921669960022,0.4,52.196709314982094,0.8204224015142881
06879650,-35.212862491607666,0.1631670594215393,0.1816643476486206,0.58042973279953,0.06983632594347,-24.200959503650665,-90.68372562254096,-402.142558993775,0.2298543609713023,1.3399741649627686,0.5833333333333334,79.90506490071616,0.4509074182306634
06885500,-27.408769726753235,0.5599656701087952,0.699400007724762,0.7343732118606567,0.0104490872472524,-23.944401741027832,-34.172838485279925,-202.2806764899264,0.6884373753585682,1.044783592224121,0.2941176470588235,48.57534520766315,0.8434493424998227
06888500,10.05890741944313,0.4568458795547485,0.4742706418037414,1.096887469291687,0.0231415499001741,0.0934009090997278,-25.184186424487965,-187.6789570029431,0.734223716905088,1.0772470235824585,0.1666666666666666,50.37707222832574,0.764877163385497
06889200,-26.01546347141266,0.4817379117012024,0.3337125182151794,0.5677629113197327,0.0107697192579507,-20.13279050588608,-30.96082379398837,-9.212966957631078,0.3919228313237183,1.0687955617904663,0.1111111111111111,46.45316865709093,0.5778671856956582
06889500,-16.000713407993317,0.5026641190052032,0.5933980643749237,0.6887980699539185,0.0179323535412549,-13.228696584701538,-26.48201479632428,-202.120479638045,0.6047584975214015,1.0944228172302246,0.15,69.90380764007568,0.7753813551740609
06892000,-15.5412957072258,0.581334114074707,0.7569626420736313,0.7922948598861694,0.0083310985937714,-16.102325916290283,-25.13726832545019,-77.45444703286705,0.7551576541495016,1.0300596952438354,0.5714285714285714,35.62555313110352,0.8738938391127665
06903400,29.941481351852417,0.5753567516803741,0.5197677910327911,1.133947730064392,0.0272604413330554,11.11975833773613,-43.84759604264997,-15.717242609297092,0.7428385508754611,1.0822941064834597,0.1764705882352941,49.92658390718348,0.7964866182175763
06910800,-6.413022428750992,0.5336048305034637,0.6199582815170288,1.065198540687561,-0.0022943166550248,-12.093039602041245,-16.122233000510196,13.341632933702863,0.8116801543880023,0.9900358319282532,0.1818181818181818,67.67055771567605,0.8236077385535945
06911900,-11.193720251321793,0.5074145495891571,0.7255297303199768,0.8321521878242493,-0.0127649810165166,-15.511855483055117,-43.27436986532592,-9.494784797301667,0.7674905212995887,0.9366261959075928,0.0,70.07614317394439,0.8521097346401457
06917000,-10.927337408065796,0.6295927166938782,0.8018058836460114,0.8164961338043213,-0.0003720419190358,-12.858261168003082,21.248434517870308,25.972311945983,0.7906522850291415,0.9983608722686768,0.1666666666666666,24.380837546454536,0.8992522451116718
06918460,19.87052708864212,0.5503361821174622,0.5745423436164856,1.1761980056762695,0.0768381431698799,21.88313901424408,-16.448005505975736,-389.4908808710776,0.7087675369268691,1.1627720594406128,0.3125,58.04483294487,0.8348459294815612
06919500,8.857473731040955,0.6216067969799042,0.7477380037307739,1.0466018915176392,0.0448437109589576,4.12626825273037,-37.98860768195921,-13.588982622060694,0.8106289651508312,1.1401551961898804,0.5,45.41257619857788,0.8814834461866216
06921070,22.154653072357178,0.5681570470333099,0.688434511423111,1.212523341178894,0.0684790536761283,21.93822860717773,-16.501835746151784,-247.6186525913067,0.6742386390857777,1.222053289413452,0.1111111111111111,40.10392824808757,0.8920804448697495
06921200,28.68769466876984,0.4162015318870544,0.4631399512290954,1.2933681011199951,0.1100924462080001,29.683738946914676,-35.01263648245208,-14.655320593659226,0.4512260979119004,1.431657791137695,0.2222222222222222,45.08305655585395,0.8304137263562488
07014500,-6.828388571739197,0.5858525931835175,0.7988403588533401,0.9346373677253724,0.070841871201992,-4.060520976781845,-10.07463083643437,15.06240071825246,0.8139723645628708,1.1407065391540527,0.2222222222222222,35.59095859527588,0.8973565526312066
07056000,8.955800533294678,0.6992271840572357,0.8819439932703972,1.0182925462722778,0.0283458698540925,10.321534425020218,-17.11379956452481,-435.30369163735736,0.8939527079731543,1.0872676372528076,0.2142857142857142,26.47117035729544,0.9425911994079648
07057500,0.54542007856071,0.5419447124004364,0.8606532216072083,0.9486108422279358,0.1299409419298172,6.1484649777412415,-8.546919932853475,-206.220253822832,0.7802729217447277,1.204084396362305,0.3125,24.95185136795044,0.936843824185515
07060710,-29.439038038253784,0.5393505990505219,0.523717850446701,0.6799088716506958,-0.0103438245132565,-27.120068669319156,-10.78886306392854,-443.007072567996,0.5752553679866695,0.9508178234100342,0.2666666666666666,52.7569039662679,0.7251713525083635
07066000,4.559869319200516,0.530070424079895,0.7140996754169464,1.007628321647644,0.0574914664030075,2.84060500562191,-17.663048970641388,-169.83866559651892,0.8224636154394676,1.108651876449585,0.2105263157894736,69.76923189665142,0.859801047451668
07067000,-2.338969148695469,0.4355018138885498,0.7324308753013611,0.9701117277145386,0.1608130931854248,0.7574797607958317,-10.846473839879907,12.334042055416983,0.7325907912252869,1.2349666357040403,0.1666666666666666,46.17692629496257,0.8758828931080292
07068000,-11.210930347442629,0.6562551856040955,0.8564724773168564,0.8533650040626526,0.0472553744912147,-9.253186732530594,-9.290686884441964,9.381237598115714,0.8253938638723095,1.0637108087539673,0.2777777777777778,24.267456266615124,0.9298115850883416
07071500,-22.789013385772705,0.5038178861141205,0.6980594992637634,0.7291921973228455,0.0663017556071281,-17.57436841726303,-10.55000225525174,-16.380063729393253,0.6723502048044998,1.1018942594528198,0.4285714285714285,49.66703483036586,0.8462629446379762
07083000,-4.488761723041534,0.7028512358665466,0.8340996354818344,1.0859531164169312,0.1101720258593559,3.5991370677948,-0.3841516588479758,-200.04765772119697,0.8040056178492626,1.162738561630249,1.2,21.45361423492432,0.93260548856632
07142300,-5.395478010177612,-0.2052705287933349,0.1292425990104675,0.9015373587608336,0.2454946786165237,4.975533857941628,-61.92811936474555,-59.23754591606727,0.0806271695382609,1.798938274383545,0.875,51.11956000328064,0.5558726045418046
07145700,9.485818445682526,0.5375923812389374,0.665233701467514,1.0499211549758911,0.0476950295269489,10.228104889392853,30.533403288870232,-182.4473456976264,0.7374797668497111,1.2042725086212158,0.1363636363636363,35.14176282015713,0.8428456385563847
07148400,49.32914674282074,0.2272724509239196,0.1615720987319946,1.500545620918274,0.2387593984603881,44.92699205875397,-4.157132367122672,-198.66743147932957,0.2641132222541318,1.509599685668945,0.3529411764705882,50.02419527839211,0.8231057055559776
07149000,70.35566568374634,0.0312932133674621,-0.1252425909042358,1.6455869674682615,0.3611746430397033,58.758026361465454,7.125205946741345,-5.505004300849847,0.1448491831058359,1.532593846321106,0.7368421052631579,59.14594248721474,0.8243748824035132
07151500,4.353208839893341,0.5125330984592438,0.5294417142868042,1.0687687397003174,0.0276274774223566,5.325689911842346,0.5384205682046508,-281.941816696539,0.7593185912014209,1.0765591859817505,0.4,32.76711225509644,0.7824291103499585
07167500,-14.60026204586029,0.5244025588035583,0.6879983246326447,0.8394410610198975,-0.0078228311613202,-17.68818497657776,-38.16376697279757,-79.1424866388668,0.7622103239993406,0.958618938922882,0.2352941176470588,61.60715888528263,0.8295524570132673
07180500,-8.02953988313675,0.5271593332290649,0.6467804908752441,0.9334662556648254,0.0010487670078873,-8.91767218708992,-30.74057663008648,-5.429753004413876,0.8016261536917086,1.0046321153640747,0.3157894736842105,50.7732441550807,0.8131739116955528
07184000,-9.69431921839714,0.6058317124843597,0.7616689056158066,0.9174861311912536,-0.0043374076485633,-13.881778717041016,-38.213601045598686,-12.349240545579072,0.8480283089619826,0.9807643294334412,0.3333333333333333,41.25671916537815,0.8738380195580996
07195800,16.405002772808075,0.3287590146064758,0.4785056114196777,1.1773402690887451,0.0708389058709144,8.407052606344223,-21.04674507699742,92.39068342417444,0.693198758515617,1.142295479774475,0.0625,67.20994114875793,0.7940159540846862
07196900,35.58170199394226,0.3724901676177978,0.270837664604187,1.300617218017578,0.0422756299376487,26.75361931324005,-28.884988987659774,1.3636780284393084,0.5908325196665833,1.1306843757629397,0.3181818181818182,71.08979225158691,0.7551144979276648
07197000,2.9212459921836853,0.6065548360347748,0.8461042046546936,1.0532796382904053,0.0436385944485664,3.276178613305092,-5.773085647561706,-441.9758175875641,0.854706680116665,1.1151443719863892,0.2105263157894736,40.950795223838405,0.9291960273273828
07208500,3.4070927649736404,0.5089746713638306,0.6993666291236877,1.0108307600021362,0.0919973030686378,6.284364312887192,-19.13178440908444,52.07849185143204,0.7906777929955721,1.1510937213897705,1.4545454545454546,40.91719714078037,0.8555383499347626
07226500,-42.74097979068756,0.3903555274009704,0.1774260997772216,0.6594885587692261,-0.0318190604448318,-45.57286500930786,-85.2694827305687,-1866165234375.0,0.328797238547556,0.7800637483596802,0.5,79.74501450856528,0.4650297666348776
07261000,-11.5442156791687,0.6600978076457977,0.838270828127861,0.8877588510513306,0.0405135825276374,-8.466694504022598,-25.29295490678589,-5.2652775366438025,0.8236884364354514,1.1076443195343018,0.2105263157894736,28.127991525750414,0.9169313994264042
07291000,-19.16195899248123,0.4894653558731079,0.6252744793891907,0.7376018166542053,0.0338845327496528,-13.25499415397644,-13.586303732879228,-1112.8617579521156,0.6382884371388806,1.138973355293274,0.2105263157894736,41.71400321157356,0.7934355921200613
07292500,2.548327296972275,0.5392425954341888,0.7403817474842072,0.9745107293128968,0.0749658793210983,6.2921300530433655,-8.458585135491246,36.73330759991833,0.7611849906808065,1.1987111568450928,0.3157894736842105,45.2360052811472,0.8700123778921586
07299670,-24.91219937801361,0.2105258107185363,0.3959219455718994,0.7910013794898987,0.0121753504499793,-22.327670454978943,14.770820354740009,56.776546721042266,0.5842927479095952,1.060970664024353,0.7333333333333333,75.71972529093425,0.6458606570940478
07301410,-5.075490474700928,0.3340716958045959,0.0796008706092834,0.7012540698051453,0.0280742812901735,1.381699275225401,-21.60804469340472,-4.283709418934197,0.335237331405511,1.0461649894714355,0.5,63.18753957748413,0.4079450460506393
07301500,0.3284882055595517,0.3545145988464355,0.355883777141571,1.0190070867538452,0.0398659668862819,-0.9812718257308006,-2.7826963599108767,-8.335013333235851,0.6712261481517707,1.0919067859649658,0.6875,48.86425733566284,0.6849061742816226
07315200,18.14497709274292,0.2077732682228088,-0.1583420038223266,1.4603922367095947,0.104499340057373,25.679215788841248,-76.8716512051675,-1275.5577305223844,-0.0194809055494085,1.8513535261154173,0.3636363636363636,70.71569616144355,0.6797228095411355
07315700,22.677117586135864,0.415266215801239,0.3057429790496826,1.2643511295318604,0.1004635095596313,22.06495553255081,-39.45481245308368,-13.821118675529297,0.3984008268873461,1.48272967338562,0.7222222222222222,45.84930737813313,0.7570759216584922
07335700,-5.103825032711029,0.3528295755386352,0.3443988561630249,0.9290995597839355,0.0952869430184364,0.0651530281174928,-47.392021608266646,-12.9183556437489,0.5314738165942718,1.3087238073349,0.3157894736842105,60.92299913105212,0.6547761264070083
07340300,-3.4658964723348618,0.5393416881561279,0.6421819627285004,0.9664067625999452,0.0576643608510494,-1.496012881398201,-24.623815053748828,-690.4492336878382,0.7591015304588732,1.1532286405563354,0.1666666666666666,40.766143798828125,0.8171761756731413
07346045,-8.98604542016983,0.5858059227466583,0.7880786806344986,0.9537829160690308,0.0922064632177352,-4.249279201030731,-34.73587261755608,-18.51814097571564,0.7782503966937342,1.189480185508728,1.0714285714285714,31.976849692208425,0.8944816271022812
07362100,-16.42458587884903,0.6184481978416443,0.6998991668224335,0.8582868576049805,0.0464326329529285,-13.167095184326172,-29.62099047629259,-7.479328959296698,0.7461686812427257,1.1347061395645142,0.2666666666666666,86.18478775024414,0.8381297444920424
07375000,-3.7579741328954697,0.5318096578121185,0.5338077247142792,0.8870346546173096,0.0273560862988233,-2.356988377869129,7.208475898372958,-164.5602370158243,0.7123401193697323,1.069836974143982,0.5294117647058824,74.93323157815372,0.7448337116521814
08013000,34.66708064079285,0.520861029624939,0.5870998203754425,1.3515987396240234,0.2020630836486816,33.50774347782135,-8.894196028772228,-658.532496464895,0.4195028413675998,1.4526675939559937,0.5882352941176471,35.349096971399646,0.9080906595759723
08014500,1.3305152766406536,0.527752012014389,0.6530976295471191,1.0228806734085083,0.1187981441617012,6.209171563386917,-10.635267212126266,10.42749116267112,0.6995732646414545,1.2517012357711792,0.9444444444444444,45.78065872192383,0.8375832951515516
08023080,-2.290469780564308,0.6358963549137115,0.7149338722229004,0.9727752804756165,0.0203156489878892,-1.2213549576699734,-46.37976623252017,-36.6400068911461,0.8333075225939561,1.0758283138275146,0.2142857142857142,27.59548085076468,0.8540710327157112
08029500,-21.618571877479557,0.5439896583557129,0.4407904744148254,0.6021778583526611,0.0271396376192569,-13.321450352668762,-4.118895911228484,52.33073883622809,0.4736607124677744,1.0913546085357666,0.4736842105263157,39.50948464243035,0.6676975403125455
08066200,15.148639678955078,0.460564374923706,0.4221068620681762,1.1739107370376587,0.0566200129687786,10.244755446910858,-38.20807322697832,-11.514956424224865,0.623488930430208,1.2402945756912231,0.4,68.3603572845459,0.768107443101375
08066300,10.954022407531738,0.4354342222213745,0.6086433827877045,1.105396389961243,0.1389929503202438,15.34276008605957,-17.64795799384781,-936.6965560143068,0.6319904525236946,1.31252121925354,0.9473684210526316,40.74481913917943,0.836742180790219
08070000,18.729697167873383,0.4432315230369568,0.3428602218627929,1.2050418853759766,0.1323480904102325,20.741917192935944,3.8331174043967056,-63.716061358048734,0.4735884869653414,1.4166382551193235,0.4705882352941176,47.987309624167054,0.752049459230215
08079600,-59.34412479400635,0.4475588798522949,0.2374510169029235,0.3451799750328064,-0.0533352307975292,-59.180545806884766,-84.51299496795923,-242.45701417365075,0.0670636929038803,0.5397641658782959,0.5,76.34273105197482,0.5206630986556444
08082700,-45.084765553474426,0.3099486827850342,0.3374472856521606,0.318210631608963,-0.0030156245920807,-35.94784736633301,42.19098490698527,-2931.87357850172,0.2490689896666793,0.9494540691375732,0.75,64.8313800493876,0.6893462565774826
08086212,14.66626524925232,-0.0101805925369262,-0.5734735727310181,1.23496675491333,0.0810423642396926,15.94759225845337,-76.7623486477669,-162.20161887793486,-0.0587889445647613,1.831403970718384,0.6666666666666666,97.78311252593994,0.3879607114802471
08086290,-37.594667077064514,0.2637638449668884,0.121449589729309,0.7958583831787109,0.0119828162714838,-35.44861972332001,-77.57266304082738,-318.5814691420119,0.4237854664119798,1.1183651685714722,0.4285714285714285,81.31189346313477,0.4743203676489865
08101000,-18.724441528320312,0.521781712770462,0.5931867361068726,0.7814682126045227,-0.0143943363800644,-20.59458345174789,-32.18454946808151,-3.535321975349901,0.6735041569511269,0.9217228293418884,0.2352941176470588,73.91226151410271,0.7704001786157202
08103900,-49.1771012544632,0.5378962159156799,0.4590151309967041,0.4933378100395202,-0.000910077127628,-43.16841959953308,-78.42463691713081,-82.2114378433762,0.4171284443814393,0.9953556656837464,0.4,56.59085591634114,0.7118835204775499
08104900,-6.124872341752052,0.4553245902061462,0.5101000368595123,0.6581604480743408,0.0167267173528671,-1.54658118262887,-47.46974621164751,-13.308234393656145,0.5419172950980362,1.1130938529968262,0.3333333333333333,36.14848852157593,0.7168123136789022
08109700,-30.54693341255188,0.5725715756416321,0.647124171257019,0.7230432629585266,-0.0621894262731075,-31.54256045818329,26.91241116831124,7.89752526243752,0.5825800709426632,0.750849187374115,0.8666666666666667,55.87942123413085,0.8116964271463937
08150800,-56.885671615600586,0.376997709274292,0.2543221116065979,0.4104005396366119,-0.0413871221244335,-53.19360494613648,-40.41594258341837,-4.641024744470217,0.194163436903049,0.7381130456924438,0.2142857142857142,76.97123800005231,0.5171332834760509
08158700,20.853248238563538,0.4898839592933655,0.6077888011932373,1.089757204055786,0.1036654859781265,24.685248732566837,-54.43771872412816,-59.55210728689321,0.6216311251098416,1.3251982927322388,0.9285714285714286,65.78709057399205,0.82867364414729
08158810,-14.029480516910551,0.5228165090084076,0.5663160383701324,0.7641193866729736,-0.0011110343039035,-14.998051524162292,-40.382670743472055,,0.6581641405480391,0.9956039190292358,0.6153846153846154,59.94823895967924,0.7526282846891643
08164000,16.632604598999023,0.5858869552612305,0.4595212340354919,1.1900888681411743,0.004438164178282,5.342026799917221,-22.781368673179305,-129.15493992393044,0.7149011853674538,1.015876531600952,0.3333333333333333,65.33226285661969,0.7881144364096173
08164300,-23.552319407463077,0.554711252450943,0.6272969841957092,0.7864294648170471,-0.0185256712138652,-27.74585485458374,-34.71824885142472,-11.9049708206563,0.6860933395822197,0.9011635184288024,0.5882352941176471,59.40861982457778,0.7922588922073028
08164600,5.595424771308899,0.4919570684432983,0.4989943504333496,1.0174226760864258,0.0160292368382215,1.8230583518743515,-11.360105856530923,5.944593726850666,0.7392047410541802,1.0850015878677368,0.3888888888888889,89.53155941433377,0.7540623097071778
08165300,11.127818375825882,-0.0861541032791137,0.2687302231788635,0.7162678241729736,0.0445080436766147,17.57630854845047,-72.00281962782456,-498.26140894453897,0.4238301332221879,1.215304613113403,0.2857142857142857,74.76120676313128,0.5471074174207411
08171300,9.075377136468887,0.5446713864803314,0.4783974289894104,1.0821613073349,0.0376987867057323,9.926145523786545,-14.6444784154263,-20.524396007857963,0.7097064948537737,1.145754098892212,0.1666666666666666,69.9650764465332,0.7627752513686198
08175000,-25.97823441028595,0.5541698634624481,0.6955213844776154,0.8330038189888,-0.0082860328257083,-26.922738552093502,-16.134542832629393,-5.546429467661933,0.7602765715079345,0.9549381136894226,0.5333333333333333,53.1214714050293,0.8340210130835907
08176900,-5.983145162463188,0.4560472369194031,0.5551558136940002,0.8544685244560242,0.0035590312909334,-6.695005297660828,-26.508337837313857,-10.819887729848825,0.7117859017384296,1.0207760334014893,0.3571428571428571,51.35630880083356,0.7520961627993155
08189500,-11.827483773231506,0.5764861106872559,0.668511152267456,0.8156337141990662,-0.0054326420649886,-6.060620024800301,15.374293758888804,10.74665994549549,0.7388986102067949,0.9695047736167908,0.0769230769230769,51.4675287099985,0.8176458128263888
08190000,6.700501590967178,0.3820177316665649,0.3749667406082153,0.9983551502227784,0.0332510508596897,5.837145075201988,-25.72027572914427,-720.0477346812422,0.6688855307614584,1.1095105409622192,0.2,64.36092376708984,0.6875235566854782
08190500,98.90190362930298,-0.0395678281784057,-1.125164031982422,2.034766674041748,0.1013256609439849,94.0993309020996,-55.857715981765296,-50.52720805522976,-0.4655286802316485,2.005584239959717,0.25,70.88929414749146,0.743421397582077
08194200,-47.76309132575989,0.3978126645088196,0.1795312762260437,0.4923062920570373,-0.0264329146593809,-43.80781948566437,-74.64615033113334,-336.98843110695884,0.2018198353784739,0.7686436176300049,1.0909090909090908,80.8607968417081,0.429199773609855
08195000,30.751657485961918,0.1253880262374878,-0.1388565301895141,1.0186121463775637,0.1044811755418777,30.33921718597412,-29.55280052186902,47.40998491345233,0.3118692303807772,1.4084367752075195,0.625,62.52626180648804,0.4465047924669571
08196000,66.41373038291931,0.1020280718803405,0.2261804342269897,0.9363073110580444,0.0883281677961349,63.97607922554016,-40.58004491527243,-210.4116837160272,0.2973216281166115,1.5693286657333374,0.2307692307692307,128.37588970477765,0.5931031997393804
08198500,2.494659274816513,0.0271670222282409,0.2877578139305115,0.6291224360466003,0.0703549608588218,22.65129536390305,12.532916344361697,25.160571214718864,-0.1238487110060173,1.959401607513428,0.2857142857142857,32.20232214246477,0.5471928519926728
08200000,-34.95796024799347,0.4660506248474121,0.3780124187469482,0.3720454275608063,-0.003098121844232,-25.611552596092224,-57.81126887865205,-20.94374058505762,0.3009046338355933,0.9716275334358216,0.4285714285714285,57.41725649152484,0.6940549247228844
08202700,-45.968738198280334,0.3182202577590942,0.1354629397392273,0.3266313374042511,-0.0106387501582503,-39.92965519428253,948630523.6816406,-573128857421.875,0.0399330851907897,0.7307853698730469,0.4285714285714285,102.45216914585656,0.3708524751134313
08267500,-29.150235652923584,0.6016002893447876,0.7073552012443542,0.6675704121589661,-0.1110014170408248,-28.081104159355164,-20.76522931409093,69.36426194427253,0.6144583764245405,0.8518241047859192,1.5,38.481152057647705,0.872811884538895
08269000,-17.15180277824402,0.6160053610801697,0.7658763378858566,0.6922364234924316,-0.1426394283771515,-21.545036137104034,-38.826603161973786,55.95376784902434,0.6080697433835195,0.7730736136436462,1.125,47.09501266479492,0.9140039407764678
08271000,-36.17645800113678,0.5914959609508514,0.7165957689285278,0.6079338192939758,-0.1550777852535247,-34.59967374801636,-27.572388754079647,0.8204611485500973,0.5532505336123081,0.8042440414428711,1.0,47.09230528937446,0.9131161674783036
08324000,-20.3911617398262,0.6121412217617035,0.7463289499282837,0.8278675079345703,0.0275771152228117,-17.21125990152359,-26.809451600563044,6.783491941410865,0.7770426384616409,1.0435320138931274,0.9230769230769232,48.23428667508639,0.8651469169581211
08377900,9.258955717086792,0.6193847954273224,0.7857826203107834,1.031270146369934,0.0571851171553134,13.284112513065338,-19.63541477804891,47.36852883066092,0.8609860135052788,1.089350700378418,1.0909090909090908,28.656829487193715,0.8981986310060439
08378500,6.071029603481293,0.6098843216896057,0.7580359280109406,1.1595988273620603,0.1332861334085464,15.840107202529907,-14.400644909694682,37.76048709178048,0.7377334556189035,1.189656376838684,1.1,38.9180588722229,0.9143121167802594
08380500,-46.72796726226807,0.533107191324234,0.5284878611564636,0.6288712024688721,-0.0316112302243709,-42.214471101760864,-28.47498228894862,-621.1641717709432,0.5406829694806011,0.943151354789734,0.875,59.39750075340271,0.7354177222374584
09034900,-7.596136629581451,0.7638617604970932,0.8725077211856842,0.9365878701210022,-0.0282375216484069,-7.548371702432632,-14.976358051494806,-1042.5828511004622,0.8956735972756684,0.949265480041504,0.8,24.457862377166748,0.9345102406922312
09035800,21.38323038816452,0.6103163957595825,0.6843146085739136,1.2537990808486938,0.1585767567157745,24.84845370054245,-3.3923794952180746,-147.75171445972276,0.6435655254209265,1.233452081680298,1.6,31.607542037963864,0.9098241341158628
09035900,-0.4942019004374742,0.7643526643514633,0.8763009160757065,0.8759352564811707,-0.0785363018512725,-4.331376403570175,-18.28124508166321,-96.89573553972446,0.8220906580221207,0.8865960836410522,1.6,27.072179317474365,0.9416971258593378
09047700,9.309061616659164,0.583468496799469,0.7124840319156647,1.0544098615646362,0.0652973726391792,12.613412737846376,-16.143335334092036,30.567113739895124,0.8339732825498788,1.0832964181900024,1.5,32.36566483974457,0.8670859503720704
09065500,-20.32683342695236,0.7498802542686462,0.8616629093885422,0.8134199380874634,-0.0458548218011856,-20.36569267511368,-18.41006058619576,-141.52937168512244,0.7851617004383907,0.9136477708816528,1.5,33.970327377319336,0.9376568529705932
09066000,-5.007809028029442,0.7632697522640228,0.90511754155159,0.8973824977874756,-0.007679475005716,-6.568282097578049,-21.651824880318927,10.900017406069727,0.8861698944892721,0.985129714012146,0.9,19.255603551864624,0.9530338871644092
09066200,-32.08626210689545,0.6654147207736969,0.7348156273365021,0.690467894077301,-0.1385636925697326,-31.05636239051819,-27.45040664635593,-671.4111076986499,0.5757419084524926,0.7310044169425964,1.5,45.56198120117188,0.8912517589006621
09066300,-5.916475877165794,0.7378592491149902,0.8093891739845276,0.8589810729026794,-0.0718804225325584,-3.812658414244652,-24.165747441352572,,0.7734331246813224,0.851140022277832,1.3,34.01991605758667,0.9036313421046788
09081600,-20.60680240392685,0.813095897436142,0.9117203876376152,0.8306249976158142,-0.0720825865864753,-20.4941526055336,-19.567187513001212,-73.51187889008634,0.7976147377726122,0.8941711783409119,0.7272727272727273,23.3876878565008,0.9672560930789476
09210500,-29.654592275619507,0.6597179472446442,0.7711908370256424,0.7039433717727661,-0.1193361803889274,-28.03471684455872,-27.82805285903176,41.6859222215233,0.6574956932931486,0.8532588481903076,0.7,38.2421088218689,0.9098517478759176
09223000,-31.824174523353577,0.7237284779548645,0.8564465790987015,0.7134921550750732,-0.0416793189942836,-31.09728693962097,-22.06832877743203,71.64641031428359,0.7006208896519044,0.9239139556884766,0.9,28.588037490844727,0.9581428575949548
09306242,76.7511248588562,-1.1776535511016846,-4.017542839050293,2.028138399124145,0.7744762301445007,102.75092124938963,-40.41882859328291,-9.96996162424604,-0.720501987315465,2.1030101776123047,1.5555555555555556,65.01527362399631,0.1714910569664465
09312600,-27.719298005104065,0.6388773322105408,0.7660042494535446,0.8276520371437073,0.0163904204964637,-24.58604872226715,-25.694772884133823,-5.432546263059591,0.7843975117860232,1.0398622751235962,1.25,58.91438126564026,0.876745743905881
09352900,-24.47672039270401,0.6870229542255402,0.7957311123609543,0.8133544921875,-0.059948768466711,-23.381240665912628,-17.674491248789366,-668.550474989322,0.7708767479576047,0.9147493243217468,1.0,44.750964641571045,0.8980527521887017
09378630,26.10742449760437,0.3306909799575805,0.0350813269615173,1.389838695526123,0.1703643500804901,34.096333384513855,-79.44750298084973,-342.7279381851214,0.2248042417556415,1.6077991724014282,0.8,26.354279518127445,0.7179815234799758
09386900,8.662208169698715,-0.169007658958435,-0.3672679662704468,1.0762956142425537,0.1846671104431152,25.518736243247982,-86.37821373468303,-200.66739585166684,-0.2975650696724989,2.13913369178772,1.5,79.6490510304769,0.3833732721365148
09404450,-19.349676370620728,0.2932490706443786,0.525789737701416,0.956958830356598,0.1869813203811645,-10.865823179483414,-14.618258591591555,19.094245021007374,0.6654350633906805,1.2405270338058472,0.5833333333333334,51.01847251256307,0.7714657563237256
09430500,15.178552269935608,0.3737987875938415,0.2208330631256103,1.0470099449157717,0.0295857712626457,14.697429537773132,-8.464882428337248,-37.114308084145605,0.6188160225459607,1.0757198333740234,0.3333333333333333,49.25476710001628,0.6293818722991174
09430600,-27.68726944923401,0.4108731746673584,0.2381949424743652,0.480691522359848,0.0206848159432411,-17.823246121406555,-27.39181380612832,,0.2612448882044804,1.1204174757003784,1.1,71.71502113342285,0.4885535689820222
09480000,-29.81307804584503,-0.0565667152404785,-0.0261386632919311,0.4558625221252441,0.0522448234260082,-17.779284715652466,-49.11991094492917,-43.3645496057499,-0.1230975617781529,1.5734686851501465,0.6666666666666666,63.19704055786133,0.2022555511968174
09492400,2.0481333136558533,0.5628561973571777,0.6683628559112549,0.967990517616272,0.0234977286309003,-1.7793133854866028,-15.904101320717412,-854.4194698563581,0.8244082313849418,1.027237892150879,1.125,49.37430024147034,0.8295125826517774
09494000,-5.797669664025307,0.6501845121383667,0.6594390273094177,1.0039819478988647,0.0625113025307655,0.8020464330911636,-24.66054045514762,-309.4272832562234,0.8073869712932396,1.0947470664978027,0.9333333333333332,37.78061548868815,0.8323488255078928
09497980,-14.649926126003264,0.548063188791275,0.7960395514965057,0.7533431053161621,0.0323106124997139,-11.902520805597304,-9.101374290811378,-1325.504329224249,0.6675277689863778,1.2020052671432495,0.0,61.95964813232422,0.905702424493066
09505350,45.61789333820343,0.5056283473968506,-0.0259770154953002,1.4077348709106443,0.0732405483722686,36.51453852653504,19.694711528280507,-9867.643799356882,0.378494457317939,1.3576830625534058,0.8888888888888888,75.48609839545357,0.6965461461928362
09505800,38.42410743236542,0.3304830193519592,0.0320137739181518,1.2972466945648191,0.0833509713411331,35.090458393096924,103.05240341283437,-292.44652046865,0.4232285589129585,1.3621764183044434,0.4444444444444444,55.281008614434135,0.6636401631465546
09508300,-23.125725984573364,0.5833046734333038,0.6980870068073273,0.7305154204368591,-0.0073689986020326,-22.369693219661716,-83.72197100320861,-82.51720283830562,0.6833403673940985,0.9449222683906556,0.2222222222222222,59.58203739590115,0.843099305990857
09510200,-26.81292295455933,0.5944649279117584,0.7841225415468216,0.7677751183509827,-0.0065765297040343,-25.04244446754456,-84.01544877112889,-142.28687670823916,0.7399978197826167,0.9494480490684508,0.2727272727272727,64.66096964749423,0.8945616847730066
09512280,-1.451677829027176,0.358093798160553,0.5267980992794037,0.8096763491630554,0.0271522272378206,4.236077144742012,-88.60755317178169,-728.0466241496194,0.4996511944065388,1.3762359619140625,0.7777777777777778,69.891357421875,0.7306074682670284
09513780,17.322979867458344,0.4519603848457336,0.5534437298774719,0.9251565337181092,0.0182827375829219,15.009355545043944,-34.47153048999646,-383.136442311502,0.6704444250739661,1.2151697874069214,0.6666666666666666,71.45054075453017,0.7618670642120237
10172700,-9.470546245574951,0.2458981275558471,0.3536322712898254,0.9851427674293518,0.0115223657339811,-6.107015162706375,0.4949275869766024,32.92141504047131,0.6716581538083848,1.0091290473937988,0.625,49.56929683685303,0.672121529992374
10172800,-16.54190421104431,0.644201248884201,0.7723591774702072,0.8195756673812866,-0.0559271685779094,-11.466670781373978,-19.32881639089348,18.75618118544447,0.7762629794290744,0.9384313225746156,1.9,33.4418511390686,0.8828905958808789
10205030,9.88272801041603,0.4417592287063598,0.5596978664398193,1.1428178548812866,0.1843699365854263,15.277417004108427,-9.69280000463958,64.36163219876745,0.6856121239766453,1.2234612703323364,1.6,36.15773677825928,0.8311572993018578
10234500,-46.97951674461365,0.6192309260368347,0.6328037083148956,0.6249685883522034,-0.0292153600603342,-43.538063764572144,-7.020084978425258,-4.761331185715388,0.5815458293097026,0.9569671750068665,1.5555555555555556,30.828465355767143,0.8194355815264928
10242000,-27.35886871814728,0.6595963835716248,0.780645027756691,0.7647320032119751,-0.0080881519243121,-21.20998650789261,-12.674192171196523,-127.801979164713,0.7408011010650479,0.9814525842666626,0.9,37.93483018875122,0.8928130965739931
10244950,-30.611681938171387,0.2983383536338806,0.6457045674324036,0.8644387722015381,0.049878716468811,-22.71450310945511,2.109593436983411,-6.288046308415039,0.7581957739944439,1.053829312324524,0.8333333333333334,43.056293328603104,0.8071403557853837
10249300,-38.36322128772736,0.5258780121803284,0.5634944140911102,0.6125694513320923,-0.0961402431130409,-34.932687878608704,-19.63969992083281,51.76255349832096,0.5103958992223052,0.8039621710777283,1.5714285714285714,52.07972185952323,0.7737724263298983
10258500,88.12305331230164,-0.0094786882400512,-0.1498476266860962,1.6517006158828735,0.1815438270568847,92.65545010566711,-79.10979003761868,-2295449218750.0,-0.6790120814369787,2.533122062683105,0.5714285714285714,146.23757771083288,0.7904657121530743
10259000,1.6377782449126244,-0.0434857606887817,0.64855095744133,0.758134663105011,0.2069023698568344,18.996867537498478,-7.379791863175692,50.50548886858696,0.3132861398756428,1.6211774349212646,0.125,33.25926959514618,0.8350282483568576
10259200,59.03167128562927,0.1493310332298278,0.2795807719230652,1.2839620113372805,0.1149337217211723,61.849284172058105,-87.58352527483724,-580.2999999607107,-0.1019688733182686,2.036419153213501,0.6666666666666666,98.92455206976996,0.7559993591569266
10263500,-45.62528133392334,0.5308058261871338,0.6158958971500397,0.5235103964805603,-0.0784312933683395,-46.4480459690094,-34.0740401193572,-830.6473445319083,0.4505748150428833,0.7675105333328247,0.8571428571428571,68.77419607979911,0.8558669382415632
10316500,-13.62783908843994,0.7564100325107574,0.8811143040657043,0.9304649233818054,0.0058688628487288,-10.123221576213837,-17.584624499416503,-991.3750599510624,0.9065674630243786,1.0118616819381714,0.7,26.780822277069092,0.9387316346961964
10329500,9.725730866193771,0.6306274831295013,0.5948896408081055,1.1189229488372805,0.0629339516162872,7.6691508293151855,-6.377659304608839,-820.0409384728571,0.7610382307830033,1.1142486333847046,1.1,39.19656276702881,0.8270627016607169
10336645,-12.933191657066343,0.6641705334186554,0.7785496860742569,0.812380313873291,-0.0141314780339598,-16.006973385810852,-13.51757374329392,-740.1927875566104,0.7781960066847946,0.9702747464179992,0.5454545454545454,37.322980707341976,0.8854911613552358
10336660,4.636254906654358,0.6664266288280487,0.7866362184286118,0.9128039479255676,-0.0142810493707656,0.009759547538124,-23.7815745926224,-447.3144760314252,0.854998570739841,0.9727174639701844,1.0,33.66249474612149,0.8874037024680492
10343500,12.283013761043549,0.4647495150566101,0.636299192905426,1.2534369230270386,0.1916216909885406,17.058873176574707,-15.135057937975729,-1799.8998404351628,0.5539878802252662,1.3517255783081057,1.0,33.50594477220015,0.8951875265229982
10396000,0.8966026827692986,0.6075710952281952,0.7811374068260193,1.0633246898651123,0.167449802160263,5.707017332315445,-6.7377556856764,-3.6125686242826873,0.7452882505049212,1.2305461168289185,0.4285714285714285,33.86848654065813,0.9121561214458412
11098000,-35.91635525226593,0.6608649492263794,0.8236333280801773,0.6446772217750549,-0.0124763147905468,-32.88659453392029,-51.17959278280138,-12.428124761440875,0.6335816728874493,0.9193346500396729,0.25,45.55323123931885,0.9612544836885004
11124500,-5.569285899400711,0.5079477429389954,0.6352909803390503,0.8259246945381165,0.052803885191679,1.6175393015146255,-49.86018203082614,,0.6147720070795529,1.2789183855056765,0.0,60.35320162773132,0.7992441064756132
11141280,-23.374071717262268,0.4132921099662781,0.4493058323860168,0.7227475047111511,0.023277573287487,-16.454067826271057,0.8646554083876928,-1050.5311493963648,0.566177473021957,1.064260959625244,0.4,60.48404216766357,0.6725804406609702
11143000,-3.3077307045459747,0.5960424244403839,0.609105795621872,0.9485174417495728,-0.029999291524291,-3.627997636795044,-3.5944875630186237,-910.8564062854232,0.782258218813991,0.9445924162864684,0.5,36.9977593421936,0.7958161878672181
11148900,-34.143951535224915,0.6496460437774658,0.6817321181297302,0.7045589089393616,-0.0034665793646126,-30.3964763879776,-82.06771247594405,-81.61165581926744,0.6618917109806194,0.987160861492157,0.3636363636363636,43.938342007723726,0.8360886418246466
11151300,-29.589086771011356,0.4612936973571777,0.4197534322738647,0.6178879737854004,0.0133477561175823,-28.030499815940857,-41.02806474112846,-46.703757313153424,0.4740247970267839,1.0852524042129517,0.4,68.67349624633789,0.6487560091036425
11162500,-15.380056202411652,0.6714362502098083,0.7724920213222504,0.8718816637992859,0.0074007860384881,-13.097293674945831,-9.087696131673995,-466.6646610897649,0.8224866092790912,1.0212050676345823,0.1538461538461538,42.49277114868164,0.8789750400908656
11176400,-2.268886938691139,0.4838587641716003,0.3700041174888611,1.0291796922683716,0.0383986309170722,-1.9378956407308576,-82.20149828648002,-161.54040999658025,0.6522018761745271,1.1646982431411743,0.7,53.293561935424805,0.6950630078166101
11180500,-17.683525383472443,0.5592920482158661,0.6702806353569031,0.8124217987060547,0.0283266995102167,-15.509627759456636,-84.47939672853799,-672.5704628873278,0.7182497226295477,1.107321858406067,0.3333333333333333,65.8490220705668,0.8192248471002636
11180960,-43.879204988479614,0.5211197137832642,0.5700632333755493,0.5621705651283264,-0.0825281664729118,-46.30812704563141,-64.18525330212526,-59.884136703866496,0.4172151320625376,0.675077497959137,0.2307692307692307,56.95325411283053,0.7941627926628868
11224500,92.29078888893127,-0.1847940683364868,-0.7616149187088013,1.5868873596191406,0.1836585998535156,92.17678904533386,-86.4248291249125,-746.7682394494991,-0.512585667202863,2.3241865634918213,0.3333333333333333,52.57810486687554,0.5641002720641766
11230500,-0.381231470964849,0.5504361987113953,0.6892254650592804,1.1275341510772705,0.186542272567749,1.935854367911816,-6.266703478522011,-5.915493779841661,0.6548568803553143,1.2993245124816897,1.0,32.63997038205464,0.8848320809658147
11237500,-3.109496086835861,0.6750098466873169,0.8169893473386765,0.9313610792160034,-0.0070487475022673,-3.5006266087293625,-41.55647708938645,-5.6858824875610665,0.8812303595854529,0.9845806360244752,0.5,41.60959720611572,0.9043069007064808
11253310,5.6236632168293,0.3254625201225281,0.3132980465888977,0.9494284391403198,0.0679983124136924,13.413819670677183,-78.56871422925651,-407.4113376619274,0.3944832056499248,1.4858301877975464,0.125,62.02437877655029,0.642142299095286
11264500,5.453765764832497,0.7060815691947937,0.8723784983158112,1.1093575954437256,0.1059738621115684,8.923179656267166,-26.587964967010112,-398.0588848851573,0.7854294623839677,1.1785104274749756,0.75,25.51343043645223,0.9529313351124016
11266500,-0.1054094871506095,0.7694016098976135,0.9353409335017204,1.0074927806854248,0.0527890771627426,0.2783050062134862,-26.453706735546923,-550.6602615533809,0.9078675691981704,1.086551070213318,0.3846153846153846,24.25955809079684,0.969321745682269
11274500,-17.042142152786255,0.3461526036262512,0.0915257930755615,1.01387619972229,0.0407002419233322,-18.287895619869232,21.386784377407796,-1087623339843.75,0.4945684344948149,1.2352925539016724,0.4444444444444444,86.25932269626193,0.5528915874547674
11274630,34.92405116558075,0.2982580065727234,-0.6878217458724976,1.5614502429962158,0.1219607293605804,32.157766819000244,-79.10455831272516,-285.56839999519553,0.1329968100391168,1.4974429607391355,0.2222222222222222,135.58000988430447,0.565237240724415
11284400,-28.36126983165741,0.6108720004558563,0.6945356130599976,0.7556830644607544,-0.0017002163222059,-25.97111463546753,-81.97171523414968,-101.35592798800172,0.7063998791283251,0.9918360114097596,0.0833333333333333,53.13133001327515,0.837385070565853
11381500,-13.339543342590332,0.6665777862071991,0.8509226441383362,0.8401468396186829,-0.0945068076252937,-13.911092281341553,-13.735013539395538,-42.30271161705475,0.7947318387630307,0.8907708525657654,0.0666666666666666,32.5893497467041,0.931801917296
11383500,-10.587163269519806,0.69757479429245,0.8883945643901825,0.8886371850967407,-0.0360294580459594,-10.16397699713707,-20.214803587181272,-272.5178614150461,0.8645388406316443,0.9460239410400392,0.0769230769230769,23.46432759211613,0.9449124858666476
11451100,-1.6496675089001656,0.5217600762844086,0.7071085870265961,1.109964370727539,0.1760295927524566,5.453644692897797,-16.99380256643232,-2.091722847536841,0.4993526840501574,1.4752811193466189,0.2307692307692307,23.463034629821777,0.8874680946091151
11468500,-0.6262465380132198,0.749540388584137,0.8634955435991287,1.00476336479187,0.0369153767824173,-0.5908137653023005,-23.10618754160842,-391.678703912873,0.8826314030131008,1.0960811376571655,0.2307692307692307,21.342930426964397,0.932760778551224
11473900,6.778967380523682,0.6455598175525665,0.6799006462097168,1.040560960769653,0.0413773544132709,5.820873379707336,-33.63114608049243,-289.21749975333427,0.8214390843878135,1.084110975265503,0.1538461538461538,37.319264045128456,0.8478022572914073
11475560,-33.020374178886414,0.7207258939743042,0.8013142496347427,0.6979169249534607,-0.0611927323043346,-31.93776607513428,-22.962377561880803,-539.0571624773256,0.6607640595949089,0.864689826965332,0.25,47.14710712432861,0.9257167844915044
11476600,-7.201624661684036,0.674242377281189,0.7419987320899963,0.94122713804245,-0.0175412967801094,-6.404189020395279,-27.27344960189288,-245.50836033245727,0.8483124335617187,0.963745653629303,0.0833333333333333,47.51138687133789,0.8649426385622749
11478500,-27.10184156894684,0.679325133562088,0.801759883761406,0.732781708240509,-0.1098598018288612,-25.625133514404297,-30.430008465640345,-351.2028728603778,0.6392911940842725,0.7707117795944214,0.1666666666666666,39.74798520406087,0.9216920234105592
11480390,-11.493374407291412,0.6654116809368134,0.7200593054294586,0.8667377233505249,-0.0268210824579,-8.533722907304764,-42.344102268609,-31.461538172550277,0.7885010118284099,0.9350162744522096,0.2307692307692307,28.98078148181622,0.8491686271568989
11481200,-19.168025255203247,0.6582057476043701,0.7502720803022385,0.8030211329460144,-0.0867551192641258,-19.80726420879364,-26.780536417001887,-523.00898063425,0.710612403705746,0.8299853205680847,0.1666666666666666,48.43863381279839,0.8733527907897001
11482500,-30.48376142978668,0.6567867398262024,0.7345508635044098,0.7191514372825623,-0.1498083174228668,-31.95381760597229,-20.94678545891217,-227.3523509943467,0.6012114030325998,0.7408969402313232,0.25,45.47015428543091,0.8858858715614647
11522500,-36.19404733181,0.6062691509723663,0.7081592977046967,0.6691388487815857,-0.1478921025991439,-31.264418363571167,-21.07206161000684,-75.9055764798451,0.5933892541102321,0.7963335514068604,0.5625,42.19895005226135,0.8800701246356146
11523200,-8.960647135972977,0.6908011436462402,0.8131553381681442,0.908202588558197,-0.0186212863773107,-7.560610771179199,-13.992925880425528,-739.8180944881105,0.8631736183881619,0.9738495349884032,0.3125,36.57733201980591,0.9019650718506412
11528700,-2.6140209287405014,0.6790831685066223,0.8036160171031952,0.914374053478241,-0.0831286683678627,-4.04290147125721,-30.089450977383684,-361.683794809114,0.8006798621131491,0.8500776290893555,0.3076923076923077,45.1723575592041,0.9004008165193246
11532500,-5.464696511626244,0.7664213925600052,0.8933892995119095,0.946510136127472,-0.0002505719021428,-4.306327924132347,-12.435230554274074,-881.3387896870593,0.9234162874868418,0.9995917677879332,0.3125,22.81978726387024,0.9451936789078348
12010000,-9.79934111237526,0.7409694194793701,0.903805561363697,0.9488254189491272,0.0323379226028919,-7.63203352689743,7.361363290243052,-723.5235853490159,0.9125842524428892,1.0514307022094729,0.3529411764705882,21.86410006354837,0.9512397903462596
12013500,-11.741331219673157,0.7680165469646454,0.8999976217746735,0.9122061133384703,-0.0048575084656476,-8.255770802497864,-20.741369402631783,-527.2688718198126,0.8983822622371588,0.9922223091125488,0.2352941176470588,23.331898801467,0.9494242586079124
12020000,-28.86689603328705,0.6853477358818054,0.5664537847042084,0.6381762623786926,0.0025269470643252,-22.10460752248764,-12.423908963370003,-658.4735623756181,0.567368476012003,1.0060960054397583,0.4285714285714285,29.548467908586773,0.7628999005491508
12025700,-26.224225759506226,0.6786351799964905,0.7918381989002228,0.7275623679161072,-0.0880014449357986,-25.168362259864807,-9.201196987250174,-117.61258569376773,0.6852964552920279,0.8684899806976318,0.1666666666666666,35.942183600531685,0.913275306288377
12035000,2.994723990559578,0.7714302092790604,0.9086745530366898,0.95546555519104,-0.0613889843225479,-2.679247409105301,-9.581485606145051,-58.92829284208304,0.8941038197561588,0.9149979948997498,0.1176470588235294,23.13393705031451,0.9552189398882648
12040500,-3.8268472999334335,0.6761133968830109,0.8384119421243668,0.8938307762145996,-0.099266417324543,-6.603158265352249,-22.51738963249849,-6.682253697503995,0.8075703184977585,0.8600588440895081,0.3636363636363636,30.34818172454834,0.9214267785674086
12041200,-26.20508372783661,0.5647233128547668,0.7630039006471634,0.6973121166229248,-0.1290197074413299,-25.29323399066925,-30.643842061548764,49.32130002483938,0.6505898078465666,0.8518534302711487,0.2608695652173913,44.34952943221383,0.9076954956950636
12048000,3.9169318974018097,0.4186298251152038,0.5754927694797516,0.9610879421234132,0.0987260490655899,0.8149002678692341,-19.440378013089283,-55.60891121498594,0.7640891820949234,1.0889919996261597,0.8421052631578947,34.493356002004525,0.7850111868980412
12054000,-13.610716164112093,0.52431520819664,0.7282914519309998,0.8529765605926514,0.0271083023399114,-11.925369501113892,-26.907134151329952,-3.0637909643499714,0.7900248198610844,1.0332903861999512,0.2857142857142857,39.48564983549572,0.8538308010357113
12056500,-17.729273438453674,0.5377571880817413,0.7322527170181274,0.8010839819908142,-0.0148855065926909,-19.28121000528336,3.338025243270235,-93.7093936109892,0.7546425720240779,0.9802822470664978,0.4285714285714285,36.03627341134207,0.8577189560708018
12073500,8.333705365657806,0.6007328033447266,0.7297974228858948,1.0906866788864136,0.1038717776536941,13.332369923591614,12.248295349692055,-32.958842033078376,0.7904578736891177,1.149746060371399,0.4,25.55169820785522,0.8848481594819969
12082500,-6.090421602129936,0.5768467485904694,0.8165551126003265,0.902848482131958,0.0068496307358145,-8.565479516983032,-14.115264817638012,-3.7527013007949934,0.8630397805488053,1.0061990022659302,0.4,28.45513343811035,0.903660721100052
12092000,-25.292310118675232,0.5087628066539764,0.7411968111991882,0.7041913866996765,-0.1543023437261581,-27.066227793693542,-27.12070677966154,-3.4298606832300447,0.6619149074027788,0.8741758465766907,0.4,32.44282150268555,0.8952761891969223
12114500,2.6318971067667007,0.6447085440158844,0.8221689462661743,0.951917827129364,0.0070690070278942,0.7314183749258518,-11.12771762573236,-1043.2539427806437,0.8957337380251186,1.008059859275818,0.2857142857142857,18.62513337816511,0.9078338635576662
12115000,-3.6246314644813538,0.6276507675647736,0.8356897830963135,0.924412727355957,0.0082507347688078,-3.295215591788292,-19.00122335276057,-900.3091164414219,0.8852610190129233,1.0099642276763916,0.45,29.756343364715576,0.9142543753944208
12115500,-1.5292183496057987,0.6058841347694397,0.8013783395290375,0.901420533657074,-0.0313847102224826,-1.904098130762577,-15.880317314680498,-626.6980509689032,0.8498783346159644,0.955799162387848,0.238095238095238,27.332794098627,0.8957652208348652
12117000,7.532023638486862,0.6497702896595001,0.8087239414453506,1.0598088502883911,0.0300348754972219,6.727390736341476,-5.784810950558531,-38.89102539878153,0.8900960194864194,1.0271165370941162,0.4,25.83168983459473,0.9118723665588724
12145500,-0.2290624193847179,0.7522019296884537,0.9210577309131622,0.94889235496521,0.0159543845802545,-4.709924012422562,-16.106861667367493,-823.381074491828,0.9308576653493382,1.0237009525299072,0.0952380952380952,18.33020959581648,0.9599133948915964
12147500,-6.030713766813278,0.6079512238502502,0.8323187083005905,0.9455827474594116,0.0849184766411781,-3.16932164132595,-11.81270268833416,-147.36307399089344,0.863392373045175,1.0936148166656494,0.32,27.130439758300785,0.9167133115749024
12147600,-23.60793650150299,0.5134643316268921,0.7441676557064056,0.8049623370170593,0.0457450374960899,-19.314980506896973,-16.631966185983753,-6.486255663337294,0.7506965969971072,1.0784950256347656,0.2727272727272727,36.11937869678844,0.8660185545772359
12167000,12.506389617919922,0.5977257490158081,0.7902397811412811,1.1202888488769531,0.022600095719099,15.747255086898804,3.473971323639488,-791.4171693732907,0.8491830219851657,1.0268144607543943,0.3181818181818182,30.60829856178977,0.9130670465943116
12175500,9.186887741088867,0.6629189252853394,0.8190510123968124,0.9793645143508912,0.0827149748802185,4.355587437748909,-13.465245554648591,9.549431899971944,0.8803162062132566,1.0776913166046145,0.3333333333333333,26.6653197152274,0.911329562133399
12178100,7.203017920255661,0.5990168154239655,0.8154134005308151,1.002774953842163,0.0976385399699211,2.251109480857849,-17.395150903510473,3.8610955592961176,0.8656540840234912,1.1020941734313965,0.25,17.955019076665245,0.9127193920615756
12186000,-8.859862387180328,0.5960549414157867,0.6659043729305267,0.8441349267959595,0.066352903842926,-9.10920575261116,-12.643904977062576,-9.187326621785324,0.7476954909236495,1.0814908742904663,0.238095238095238,24.917999903361,0.8191053299217118
12189500,-4.834238439798355,0.5930155217647552,0.773277997970581,0.920790672302246,0.0152529533952474,-6.461572647094727,-14.285928237123532,21.71053361046404,0.8558792368605179,1.01405131816864,0.4782608695652174,28.942738408627715,0.8804205819076704
12358500,-15.338343381881714,0.8003167659044266,0.9318732544779778,0.910957932472229,0.01017124671489,-14.085742831230164,-13.800170947448995,-21.919470936093447,0.9040171418151705,1.01400887966156,0.3076923076923077,21.256586221548226,0.9670156011675688
12390700,-19.131112098693848,0.691198468208313,0.8506387621164322,0.8684816360473633,0.0191774014383554,-18.93167793750763,-6.59995253506437,-28.318563511518395,0.845944692877467,1.0262163877487185,0.6666666666666666,29.807525873184204,0.9241800909440756
12411000,-9.972913563251495,0.6250646114349365,0.7651843279600143,0.888270914554596,0.0383736677467823,-10.706564038991928,-5.957683876586845,-1057.1137719725994,0.8227932459008996,1.0588504076004028,0.2142857142857142,30.294765744890483,0.8756799505745791
12414500,-18.262191116809845,0.7092528939247131,0.8530000001192093,0.879011869430542,0.0406801961362361,-17.95649230480194,-11.59110964542933,-10.496175877580036,0.8486312481738041,1.052408218383789,0.6,31.37318293253581,0.9256511604894512
12447390,3.5276032984256744,0.5400759279727936,0.656357616186142,1.0404608249664309,0.0257905609905719,5.003831163048744,3.2683590314698105,-750.4660347779602,0.8248638458430584,1.046138048171997,0.8333333333333334,44.78054841359456,0.8359668489396173
12451000,-11.244440078735352,0.7366203367710114,0.9021396115422248,0.905942976474762,0.0401310548186302,-9.228579699993134,-13.33075756110065,-49.648546334860775,0.8846600089851977,1.046147704124451,0.3888888888888889,39.27808337741428,0.951761226623082
12488500,-8.890847861766815,0.690214991569519,0.8349150568246841,0.9439103007316588,0.0183593556284904,-5.756314098834992,-3.6344580158290647,0.7618004350560336,0.8954446477105047,1.0214011669158936,0.5555555555555556,32.00874063703749,0.914397678869054
13011500,-10.482647269964218,0.7542381584644318,0.8777712658047676,0.8915311694145203,-0.010525663383305,-8.529635518789291,-18.08690000731492,-34.75977798290273,0.8734795164007101,0.9797105193138124,0.7,30.21639347076416,0.9381107235855716
13011900,0.813751108944416,0.7399961054325104,0.8454015702009201,0.9843888878822328,-0.0024911575019359,1.87189020216465,-17.25716242789809,20.1075707303302,0.9199783333519668,0.9963268041610718,1.0,21.969940662384037,0.921601862624777
13018300,-25.96919536590576,0.6980326175689697,0.8231511563062668,0.8923357129096985,0.0274980440735816,-21.53293937444687,1.2862463812642249,12.809722885917688,0.8543861769005413,1.0334014892578125,0.7,20.6050705909729,0.9078255606019878
13023000,-16.183698177337646,0.8018894046545029,0.9343860745429992,0.8516289591789246,-0.0363792553544044,-15.44458419084549,-10.445472256477268,41.06616658953634,0.8446218708693456,0.9611114859580994,1.2,24.401190280914307,0.9751790263400896
13083000,-16.306962072849274,0.4025681614875793,0.7135984897613525,0.9127684235572816,0.1831345558166504,-11.374904960393906,-30.90588443548053,3.7817140847557273,0.8096325038482441,1.1028666496276855,0.5333333333333333,24.752391179402668,0.865653849862447
13161500,-22.417782247066494,0.7176658809185028,0.8918775469064713,0.8187888264656067,0.0178313925862312,-20.45823484659195,-25.01055422550317,-401.87724784448113,0.8103881377731863,1.031928539276123,0.6363636363636364,25.981970266862348,0.9542207769495674
13235000,-6.735561788082123,0.7736883908510208,0.9160880595445632,0.9015231728553772,0.0016206669388338,-8.926983922719955,-11.216869623713793,41.672110693507726,0.8932519925775665,1.0018402338027954,0.6363636363636364,23.73605424707586,0.9588409773714308
13240000,-18.92850399017334,0.7063270509243011,0.8474120795726776,0.853698194026947,0.0481922961771488,-16.187605261802673,-20.95768791101624,-106.01882962298984,0.8118564897670983,1.0910916328430176,0.75,29.681708415349323,0.924527644546006
13313000,-21.23089879751205,0.7517623007297516,0.9029452502727509,0.9232907295227052,0.0626376345753669,-17.21149832010269,2.0342180123186298,-146.57209836101478,0.8591526984552051,1.1082649230957031,0.5454545454545454,27.23382386294278,0.9527521788611044
13331500,-18.903517723083496,0.792912095785141,0.9332309886813164,0.8745494484901428,0.0086614461615681,-16.713781654834747,-9.494298349305328,15.696522801097162,0.8706297007182628,1.0122520923614502,0.4166666666666667,24.82403516769409,0.9708672058517313
13337000,-21.931809186935425,0.7231205701828003,0.8661539852619171,0.8532487750053406,0.0189990904182195,-21.48815989494324,-7.685636605222451,26.17523463021153,0.8371322509198674,1.026199221611023,0.5384615384615384,24.599933624267575,0.9343983045952896
13338500,-15.696005523204803,0.7409157156944275,0.8805824816226959,0.9136683344841005,0.0425662361085414,-17.58594661951065,-6.883547472903438,9.388508813485128,0.8811430183516145,1.0551371574401855,0.6153846153846154,27.22304600935716,0.9397196592143702
13340000,-14.347310364246368,0.7924526929855347,0.9248174801468848,0.9254162311553956,0.0284774024039506,-13.00227791070938,-5.299641724219323,8.197447603970076,0.9090663875040648,1.036387324333191,0.2307692307692307,17.185143324045036,0.9628227766721786
13340600,-11.732561141252518,0.7369013726711273,0.8927952200174332,0.9236783385276794,0.0464035905897617,-12.392113357782364,-2.966119914010501,53.82097984833334,0.8924689036365914,1.0534124374389648,0.2,17.902250289916992,0.9462873180519736
14020000,-15.107880532741548,0.6754299104213715,0.762659341096878,0.8578647375106812,-0.0424491539597511,-17.49633252620697,-7.320295848439554,-138.06092465600014,0.8033230293729456,0.947775900363922,0.1875,28.934717178344727,0.8744928633530004
14137000,28.013309836387634,0.6202571392059326,0.7008143961429596,1.147266507148743,0.0509959571063518,22.622905671596527,-8.537351667841317,-143.7312544462257,0.8041829553246964,1.0479953289031982,0.3157894736842105,36.838483810424805,0.8801945774972894
14138800,-2.122494764626026,0.6224636435508728,0.7824472635984421,0.9718475937843324,0.0219999589025974,-2.0418966189026837,-7.4453185413347,-480.3182489852045,0.8805857966558812,1.0329551696777344,0.4210526315789473,29.652224088969987,0.8887293804452842
14138870,3.760291263461113,0.6523746252059937,0.8211922347545624,1.0147511959075928,0.0457442812621593,1.463338267058134,-3.4464788646181126,-633.1099793916213,0.893803662339179,1.0591353178024292,0.15,22.07036256790161,0.9130340380362948
14138900,-15.645039081573486,0.6499418616294861,0.819833517074585,0.8436472415924072,-0.0398459620773792,-15.850427746772766,-12.186314952939714,-1209.94175185542,0.8118896264257455,0.9490618705749512,0.25,26.47090911865234,0.9086510287126368
14139800,-3.992916643619538,0.6747550666332245,0.8294105678796768,0.9323856234550476,0.0314867198467254,-2.8993619605898857,-16.212207037251126,-722.9705140010101,0.88137019233221,1.0408612489700315,0.0952380952380952,24.36573845999581,0.9115031882814792
14141500,6.152095645666122,0.666076272726059,0.8032230883836746,1.010962724685669,0.0335726737976074,4.592733457684517,-11.74084461940501,-865.6951603090583,0.8948567388470393,1.0397886037826538,0.3,34.97797966003418,0.903295341154767
14154500,-3.227495402097702,0.7404186427593231,0.8971114754676819,0.9644876718521118,0.0137849310413002,-3.5845577716827397,-18.88414420711196,-488.96107952318965,0.9331263327436546,1.0211106538772583,0.3157894736842105,23.55567781548751,0.9474138591004844
14158500,-7.310979813337326,0.59819495677948,0.7809352427721024,0.9740673899650574,0.0187831595540046,-8.338133990764618,7.775506373189117,-11.579980241094235,0.8846796959276315,1.009985089302063,0.4444444444444444,13.331558969285751,0.8880778383886866
14158790,0.8684474043548107,0.6237994134426117,0.7684729397296906,1.00164532661438,0.0377834141254425,0.1817488577216863,-15.30249947213808,-645.5643500025127,0.8738875169050745,1.0520477294921875,0.3529411764705882,21.34435317095588,0.8851405852905041
14166500,-6.586148589849472,0.7569451183080673,0.909665934741497,0.9846569299697876,0.0693741515278816,-3.914443776011467,-1.9619824378451167,-540.3312156712208,0.8735767491520958,1.117779016494751,0.2666666666666666,29.2413584391276,0.9566925891961978
14182500,-8.134981244802475,0.6748204827308655,0.787442147731781,0.9402332901954652,0.0008778215269558,-7.057005167007446,-4.899788323561545,-506.5815196992981,0.8738083470125914,1.001166820526123,0.3684210526315789,28.45639931528192,0.8888653419823731
14185000,0.0462620082544162,0.7375795543193817,0.8788256049156189,1.0020073652267456,0.0261845700442791,-1.263002958148718,-17.888362092538156,-626.9081207431076,0.9310691050474328,1.033657431602478,0.2777777777777778,23.466844028896755,0.9398783228632732
14185900,3.7052538245916367,0.7007268369197845,0.8489967286586761,1.0114951133728027,-0.0172571744769811,2.8557738289237022,-14.835013705870017,-553.8781462919763,0.9210432054438236,0.9762923121452332,0.5,31.10818862915039,0.9255689358418572
14222500,2.8452428057789803,0.752533495426178,0.8821455016732216,1.019779920578003,0.035124484449625,2.5982167571783066,-7.88302289779903,-732.0126632098791,0.9255671300139148,1.0436053276062012,0.3333333333333333,25.45994652642144,0.943012437491596
14236200,-13.611835241317747,0.6619153320789337,0.8157185018062592,0.8862776756286621,0.0116454381495714,-10.856953263282776,-4.825817825565533,-733.5307433276071,0.8499722801728217,1.0156749486923218,0.3684210526315789,32.51961908842388,0.9034088739085436
14301000,-18.309758603572845,0.8045974969863892,0.9197472408413888,0.8312355279922485,-0.0608656555414199,-16.98492020368576,-12.277980296581475,-488.8636923073615,0.8051332551350561,0.9069642424583436,0.4666666666666667,22.01854705810547,0.9710872163074163
14305500,-2.391560934484005,0.7562293857336044,0.882141500711441,1.0133296251296997,0.0640855953097343,-1.4075293205678463,2.0697249180850177,-613.5972902694134,0.8900463152875504,1.09365713596344,0.2,19.89331086476644,0.9439600610379332
14306500,8.503039181232452,0.7737394124269485,0.864709198474884,1.0644093751907349,0.0574876628816127,7.167051732540131,-7.359315552287038,-769.8459218613725,0.8783628278828746,1.0839102268218994,0.3125,35.81911027431488,0.9399491227134212
14309500,-5.071020126342773,0.6781233847141266,0.8026013076305389,0.911096453666687,-0.0319093167781829,-4.6534329652786255,-28.380850234766484,-526.668827105093,0.8494957247350682,0.936367392539978,0.3571428571428571,38.27804837908064,0.8965660230377774
14316700,11.070021241903303,0.753043919801712,0.8786583542823792,1.0561755895614624,0.0247805789113044,10.936133563518524,-18.386049642306148,-712.9994247826371,0.9123065711801778,1.0379010438919067,0.1666666666666666,22.73032135433621,0.9443407557767526
14325000,-15.62696248292923,0.7199132442474365,0.8385942280292511,0.8229116201400757,-0.0609389320015907,-15.78754186630249,-26.68928327088265,-548.3294229669349,0.7796873994712769,0.8937672972679138,0.375,32.96111822128296,0.9232408927842948
14400000,-14.57199901342392,0.7640527933835983,0.886700764298439,0.8885924220085144,-0.029883787035942,-12.969590723514557,-14.537296653681103,-640.3016863775717,0.8655472869874001,0.949999451637268,0.1875,26.069140434265137,0.9437343020487108
