basin,FHV_1%,mNSE,NSE,Alpha-NSE,Beta-NSE,FHV,FMS,FLV,KGE,Beta-KGE,Peak-Timing,Peak-MAPE,Pearson-r
01013500,-17.130368947982788,0.6817143261432648,0.8646077364683151,0.9153963923454284,-0.0277205668389797,-11.007148772478104,-3.919914783810644,40.82291328586433,0.8856698907701097,0.9673475623130798,1.2352941176470589,22.63171953313491,0.9303765717487872
01022500,-10.86042895913124,0.6925956010818481,0.8593364208936691,0.9035736322402954,-0.0222447328269481,-8.57689380645752,-7.754766712978584,17.51831528744502,0.8762903121343325,0.972402572631836,0.5,26.418460499156605,0.9275816012663218
01030500,-0.0864973524585366,0.7192575633525848,0.880423866212368,0.943852722644806,0.0067506050691008,-4.047589376568794,-11.964723081508168,-13.465827881689355,0.9161734369666816,1.0085783004760742,0.7142857142857143,26.872239794049943,0.938349463290901
01031500,-3.91792356967926,0.7030149400234222,0.867148295044899,0.9489701390266418,0.0162994321435689,-4.747398942708969,-21.31162473952643,-376.1089334995343,0.9104543945920572,1.0269083976745603,0.0,22.677807374434035,0.931514184888384
01047000,-6.9329530000686646,0.6782316863536835,0.8529669791460037,0.9029236435890198,0.026524469256401,-9.128230065107346,-15.608643454418056,-563.3348157496655,0.870190168326257,1.0409786701202393,0.0,27.784464576027613,0.9241875866344408
01052500,-16.743203997612,0.6522932052612305,0.8114162683486938,0.8475226163864136,-0.0141472211107611,-15.887495875358582,-13.998645588630662,-103.1582457458455,0.8176616818277612,0.977485179901123,0.391304347826087,36.875119416610055,0.9025782743113684
01054200,6.801777333021164,0.570001870393753,0.6202799677848816,1.007140040397644,0.0006574667640961,2.013566344976425,-15.715304396743552,-520.2711788036647,0.8113728002517684,1.0011504888534546,0.217391304347826,42.83592389977496,0.8115114945590121
01055000,10.163956880569458,0.6204835176467896,0.7029118537902832,1.001676321029663,-0.0093927951529622,1.5293034724891186,-23.11333600090976,-340.62643018434545,0.8509214137059922,0.984394371509552,0.0434782608695652,42.00853679491126,0.8517499436808081
01057000,17.584119737148285,0.6640276610851288,0.755448505282402,1.0627228021621704,0.0532068870961666,8.562981337308884,-12.63760601866593,-274.7094936693028,0.8487464235269588,1.0801701545715332,0.0952380952380952,26.5170347122919,0.8881239936322902
01073000,-2.8209397569298744,0.698949545621872,0.8744767159223557,0.935539722442627,0.028840634971857,-1.2666738592088225,-9.447140770289606,10.630822736763646,0.8945155847548116,1.0531206130981443,0.1052631578947368,23.91069311844675,0.9355792351727876
01078000,-7.329653203487396,0.6664420068264008,0.8452706784009933,0.9734665155410768,0.0694276243448257,-2.1032674238085747,-8.739408490128683,-43.23462874930518,0.8706561118597914,1.100760817527771,0.2857142857142857,29.901104881649925,0.9233640211595748
01118300,-8.355944603681564,0.6414466798305511,0.7761948555707932,0.8737636804580688,-0.0412623435258865,-7.950257509946823,-14.347585832334016,-181.5459835096191,0.8170572257197033,0.939883291721344,0.2631578947368421,30.732762186150804,0.8820235969542298
01121000,-27.060985565185547,0.6175183355808258,0.746759444475174,0.7516671419143677,-0.0021563293412327,-24.515141546726227,-21.322394121675327,45.104071510448506,0.7208609908736989,0.9966065883636476,0.1,34.959938526153564,0.8725721271914947
01123000,-18.206463754177094,0.6109047532081604,0.7877126634120941,0.8528208136558533,0.0337611101567745,-15.273669362068176,-3.464279510646205,-26.329130475994333,0.808864872534262,1.050290584564209,0.1578947368421052,35.724496841430664,0.8889064305974059
01134500,-3.710928186774254,0.606068342924118,0.7516357451677322,0.9510943293571472,-0.0021092123351991,-3.746984899044037,-10.246861600142513,-328.93122732641064,0.8617233776691755,0.9971497058868408,0.5,32.43897954622905,0.8706920903979081
01137500,-4.645941406488419,0.6083091497421265,0.7581801563501358,0.8833023905754089,-0.0922280326485633,-7.493247836828232,-10.546536038251116,-754.4916505714905,0.7933222994368286,0.8832444548606873,0.0416666666666666,35.46477556228638,0.8756397067232172
01139000,-15.479281544685364,0.6542967259883881,0.8243310898542404,0.9197412133216858,0.0417729802429676,-12.421805411577225,-5.45075225218932,-515.9540889605495,0.8700621326091823,1.046395182609558,0.0952380952380952,23.25956934974307,0.9089513120708248
01139800,-13.525967299938202,0.5161638557910919,0.7076137065887451,0.9876753687858582,0.0802170857787132,-7.222831249237059,-8.399987130407329,-540.5266809525843,0.8331213263425437,1.082240104675293,0.48,42.84845733642578,0.8553170349691988
01142500,-10.251885652542114,0.6338433623313904,0.7563299536705017,0.9406217336654664,0.0357972308993339,-9.59191843867302,1.337096561150665,-371.2050124496096,0.853789845124105,1.04159414768219,0.5384615384615384,36.83187044583834,0.8730293035597169
01144000,-6.029786914587021,0.6546944379806519,0.8067014962434769,0.9337048530578612,0.02027546800673,-4.230897128582001,-10.372600374865364,-547.5630610284932,0.8769074542313303,1.0238385200500488,0.1666666666666666,22.780404488245644,0.8990621315979196
01162500,-17.984651029109955,0.6682760417461395,0.8049038797616959,0.8771587014198303,-0.0581078380346298,-17.058445513248444,-4.328674103030305,-309.7306795646107,0.8242753504743784,0.92481929063797,0.6190476190476191,29.58128111703055,0.8993171873959506
01169000,-29.61258888244629,0.5951307713985443,0.6763827502727509,0.70768803358078,-0.0845527648925781,-27.45322585105896,-9.717657853583454,-69.06141872235305,0.6409831508205242,0.870365560054779,0.2272727272727272,47.95305945656517,0.8367770718833404
01170100,-20.881055295467377,0.5742489099502563,0.6546797752380371,0.8125214576721191,-0.037041388452053,-18.298354744911197,-9.217314380002566,31.140385584127284,0.7287040466473071,0.951590061187744,0.3636363636363636,40.129995346069336,0.8099742956956794
01181000,-26.11020803451538,0.6230842471122742,0.6977308392524719,0.7233849167823792,-0.028049686923623,-22.53604084253311,-10.713243535302505,-485.6624098524927,0.6790354247131649,0.951797902584076,0.5238095238095238,44.73298844837007,0.8445043018914257
01187300,-23.24121594429016,0.5678705275058746,0.6954717040061951,0.7829973697662354,0.0224969666451215,-19.48605626821518,-16.790623571393382,-241.192386330128,0.7248505584446446,1.0412098169326782,0.5,44.31760311126709,0.8359304274149923
01333000,-25.381821393966675,0.5623520910739899,0.6667162179946899,0.729820966720581,-0.115682877600193,-25.367459654808044,-15.654710162201372,-476.6122972108167,0.6520941650093408,0.8606134057044983,0.391304347826087,39.28836324940557,0.8308458178836607
01350000,-11.192895472049711,0.6037549078464508,0.6682940721511841,0.8590744137763977,-0.0323123112320899,-12.22342997789383,-8.982389681049728,-404.9950387636461,0.7637807363799287,0.9432806372642516,0.2608695652173913,35.90704461802607,0.819106568544921
01350140,-24.056942760944366,0.4765328168869018,0.5347276031970978,0.7983797192573547,0.0236394237726926,-21.88887745141983,-15.099446846802564,-266.9642530920649,0.6635006785726899,1.0452749729156494,0.3181818181818182,49.06587167219682,0.7344228312866781
01365000,-9.095419943332672,0.5837173461914062,0.689698189496994,0.9113574028015136,0.0022163337562233,-6.564633548259735,-15.626924865174573,-635.3052230671703,0.8118545668255046,1.0030159950256348,0.3043478260869565,40.3729189997134,0.8340720103167318
01411300,-1.0215225629508495,0.5338077247142792,0.7319384515285492,1.021726131439209,0.1647705137729644,3.204251080751419,1.0744893258682373,46.2828833832579,0.8103455911096399,1.147146224975586,0.5,42.9311752319336,0.8823362481489206
01413500,-3.327656164765358,0.5586540699005127,0.7098288536071777,1.012377381324768,0.0859109684824943,-0.7563833147287369,-2.8685816683747123,-431.8584258281346,0.8155799524304175,1.1198830604553225,0.2,49.40245151519776,0.8604091471729831
01414500,-6.827916949987412,0.5207343995571136,0.629513144493103,0.932908535003662,0.0538652949035167,-7.01892226934433,-11.828086708748549,-579.2052901083432,0.7810242759363056,1.07470440864563,0.2916666666666667,38.78445227940877,0.8054020699422239
01415000,-13.49792629480362,0.5271257162094116,0.6835620403289795,0.8823854327201843,0.0049788323231041,-13.56600821018219,2.828445666019182,-376.2502783305069,0.791961570755362,1.0070534944534302,0.4,40.769805908203125,0.8285443211143084
01423000,2.578948810696602,0.6114055514335632,0.7439442276954651,0.999031662940979,0.044821698218584,4.8255156725645065,4.309111269946123,-466.199498098984,0.8577616731660251,1.063754916191101,0.0952380952380952,28.673703329903734,0.8728539634698177
01435000,-3.3006373792886734,0.581719845533371,0.687653124332428,0.9509955644607544,0.0109974443912506,-0.6477541755884886,-12.84251414810513,-58.597214097068736,0.8291523265679391,1.015898823738098,0.2916666666666667,36.29844983418782,0.8371051866437335
01439500,-16.359753906726837,0.654467761516571,0.8142694979906082,0.9145876169204712,0.0412505231797695,-13.10054212808609,-2.7670760283472524,-0.8667243223961588,0.862586748705601,1.04745352268219,0.0909090909090909,25.225090980529785,0.90338069740976
01440000,-10.275427997112274,0.639889121055603,0.8115043938159943,0.9414629340171814,0.0477924272418022,-6.803660094738007,-1.6422371106077744,-51.89131734138084,0.8687684426867006,1.0661180019378662,0.15,25.619776248931885,0.9029250631690072
01440400,-14.471937716007233,0.6074199080467224,0.7287553548812866,0.8758447766304016,0.0575123541057109,-10.600817948579788,-7.994903943833618,-574.607833196134,0.7927139406153226,1.0822864770889282,0.3684210526315789,38.79792564793637,0.8558406207922412
01451800,-6.435408443212509,0.6195314824581146,0.7956500798463821,0.903516173362732,-0.0294101554900407,-7.140529900789261,-13.013752278994373,-345.50167094540865,0.8484002593463045,0.9538845419883728,0.1,41.9712495803833,0.8925443482357713
01466500,-4.272284358739853,0.388723611831665,0.495617926120758,0.9882508516311646,0.1194469258189201,0.7044768892228603,-6.073165370547654,28.095591484559097,0.7411310092886065,1.0736225843429563,0.1428571428571428,37.605680738176616,0.7520991590590971
01484100,-19.89452838897705,0.5119069218635559,0.6083411574363708,0.809101402759552,-0.0345640778541564,-18.60358268022537,-12.976301961006676,51.58189561783736,0.7066712592396514,0.9583216905593872,0.1904761904761904,38.61590794154576,0.7812252431155423
01485500,4.097578302025795,0.6796393692493439,0.7730598598718643,0.9961167573928832,0.0352345965802669,3.789551928639412,-16.287172016333976,-373.9436053942369,0.8715041351816563,1.0605257749557495,0.4,35.54492712020874,0.8867183233339376
01486000,-16.299329698085785,0.5708804726600647,0.5850386619567871,0.8388075232505798,-0.0354436114430427,-13.915261626243591,-13.947844380626892,-398.68839494236585,0.7113935525237458,0.9375781416893004,0.3636363636363636,35.26619347659024,0.7688849235352863
01487000,-25.4117488861084,0.5925642848014832,0.7113203704357147,0.7601783871650696,-0.0775051340460777,-25.819888710975647,-11.478029083976438,21.781134462490705,0.709090700252988,0.9280173778533936,0.1578947368421052,39.54503912674753,0.8519043660149007
01491000,-23.482628166675568,0.5929475724697113,0.7034409642219543,0.8100532293319702,-0.0337414257228374,-19.89973336458206,-17.167877165193623,-165.63675565186992,0.7455000934648797,0.9446287155151368,0.3157894736842105,40.57268845407586,0.8399236195009764
01510000,-20.38729041814804,0.6025950312614441,0.780349999666214,0.7976982593536377,-0.034116193652153,-19.064603745937347,-5.332477865267278,-447.0487260105999,0.7640236492443008,0.951294720172882,0.2,32.24187469482422,0.8887047190380882
01516500,-25.820067524909973,0.4069818258285522,0.5126248896121979,0.7552075386047363,0.062116153538227,-21.86966836452484,-24.513719215578806,-174.13006366421055,0.6005502621082605,1.1448637247085571,0.2105263157894736,50.36212017661647,0.7195517067097909
01532000,9.07193273305893,0.5666271448135376,0.6953657865524292,1.0401064157485962,0.0643484517931938,6.36487752199173,-10.038779108847931,-320.8022375236213,0.8068473403730907,1.122700810432434,0.1176470588235294,51.69398924883674,0.8563200206849496
01539000,-26.309382915496823,0.6736077666282654,0.7240370512008667,0.7235560417175293,0.0088308276608586,-21.835097670555115,-5.357301195464199,-496.9592943263008,0.6907477194703693,1.0147316455841064,0.0526315789473684,35.783878125642474,0.8621642660255283
01542810,-4.545649141073227,0.5954159200191498,0.7286857664585114,0.9323357343673706,0.0093449940904974,-5.768836289644241,-15.735838323876209,-338.89406681377625,0.8407711126595252,1.0180644989013672,0.1818181818181818,49.024001034823335,0.856999791610204
01543000,-9.342366456985474,0.6824378073215485,0.825302243232727,0.8952799439430237,-0.0236359070986509,-7.358808815479279,-13.135462203464712,-333.0248006027393,0.8560316558335115,0.9618422985076904,0.0952380952380952,24.63208607264928,0.9088705108195596
01543500,-10.082940757274628,0.7043738663196564,0.8407036662101746,0.9012892842292786,0.0030144259799271,-7.010035216808319,-7.353316884918631,-316.4632619430505,0.8709763939046438,1.0045589208602903,0.238095238095238,18.92436799548921,0.9170391552449524
01544500,8.222244679927826,0.5635582208633423,0.698238730430603,1.082099199295044,0.0871832445263862,11.91493347287178,-8.507929581258791,-397.8436345770099,0.7997469573504973,1.1253929138183594,0.2105263157894736,28.328004636262595,0.8671932993797462
01545600,0.1410717261023819,0.5761218965053558,0.7665262371301651,1.0063207149505615,0.0791191682219505,1.3502424582839012,-1.309280033825564,-318.3461422002797,0.8416530213397004,1.1108754873275757,0.3684210526315789,37.35062448601973,0.8871264401056131
01547700,-23.280222713947296,0.5961978137493134,0.6860909163951874,0.7355296015739441,-0.0170003529638052,-20.66875398159027,-14.819908117811206,-268.7924233638811,0.6858072721727244,0.9634789228439332,0.3125,41.749000549316406,0.8343537217464022
01548500,8.203499019145966,0.5864540636539459,0.763678714632988,1.087795615196228,0.1461731791496276,9.40084159374237,-8.512219737206737,-444.3950368456036,0.750208012784148,1.2135732173919678,0.1052631578947368,26.591278377332184,0.904740104753346
01549500,0.7847984321415424,0.4660655856132507,0.6732520163059235,0.9874750971794128,0.1357349008321762,2.933863550424576,-21.902971004675237,-392.2485643259095,0.7229932040465403,1.2285345792770386,0.4210526315789473,32.17575675562808,0.8439620626629425
01550000,0.1267741317860782,0.5442517697811127,0.7336042523384094,1.0031516551971436,0.0940000340342521,2.939837798476219,-8.049909523967083,-457.8818688930984,0.8067284212357926,1.1444473266601562,0.4210526315789473,40.582947981984994,0.8716296761386743
01552000,13.288635015487673,0.5796451270580292,0.7841582745313644,1.0898406505584717,0.0859550312161445,11.63274422287941,-10.07330786383233,-455.96102545976896,0.8193081114968894,1.1269911527633667,0.2,27.122733592987057,0.9080681600429842
01552500,-16.21345728635788,0.5410664081573486,0.7020245492458344,0.840416669845581,-0.0022124564275145,-14.612358808517456,-19.49775407930288,-435.4592791632465,0.7724815333351904,0.996317446231842,0.2916666666666667,47.245915730794266,0.8378758123903888
01557500,-23.70917648077011,0.593180239200592,0.7253757119178772,0.810725748538971,0.0096737956628203,-19.81118768453598,-23.47912090057066,-3.713888180500576,0.7597835619091262,1.0143601894378662,0.45,36.9202733039856,0.8527825423998826
01567500,-0.578171294182539,0.4406894445419311,0.5819956064224243,0.8825750946998596,0.0133758913725614,-1.1187314987182615,-12.30739978320528,-606.49979002661,0.7418197203870343,1.021789312362671,0.3809523809523809,50.88361558460054,0.7711033546269317
01568000,-10.961449146270752,0.5531205832958221,0.6807882487773895,0.8741218447685242,0.0321449749171733,-6.85126855969429,-9.644966020173726,-484.5054977405392,0.7793354130708017,1.0542302131652832,0.238095238095238,33.47925458635603,0.8270646538726044
01580000,-4.171903058886528,0.5286261439323425,0.7054485082626343,0.9328550696372986,0.065067246556282,-2.9842915013432503,-15.183403400651432,67.48486821992249,0.8181043635798613,1.0714857578277588,0.1904761904761904,36.98855127607073,0.8468093759296402
01583500,-4.708211123943329,0.4669560194015503,0.6576368510723114,0.9343511462211608,0.1413806974887848,-2.7915963903069496,-23.77991238721756,54.50027708323374,0.7625434897460562,1.1520054340362549,0.0833333333333333,26.54408613840739,0.8297937419395055
01591400,4.884291812777519,0.4121931791305542,0.5075916349887848,1.0332738161087036,0.0592320710420608,1.858588494360447,-24.15997793471661,-174.6148907979408,0.7419868654026213,1.0987300872802734,0.0909090909090909,57.23484212701971,0.7639576295408834
01596500,-17.55915880203247,0.6113171875476837,0.7812608778476715,0.8260968923568726,0.0345548875629901,-16.791121661663055,-15.204559638292794,-314.675253011418,0.783814905951142,1.060347557067871,0.15,25.937232971191403,0.8866338833825712
01605500,-32.751402258872986,0.5702908635139465,0.6946868002414703,0.7651996612548828,-0.0280495919287204,-30.514556169509888,-25.740688720014308,-1009.7678231128132,0.7103152786262477,0.9527793526649476,0.1578947368421052,37.92742678993626,0.8370391176146087
01606500,-10.728076100349426,0.5751035809516907,0.6188963055610657,0.98543119430542,0.0809622332453727,-8.388660848140717,-13.548661368517248,-737.8137612292048,0.7727978423458669,1.1238269805908203,0.1578947368421052,31.58909647088301,0.8100646183011503
01620500,2.3883063346147537,0.4517869353294372,0.5038749873638153,0.9738135933876038,0.0591914132237434,3.4444116055965424,-41.86790453095029,-223.1765338117125,0.7213338965625579,1.1147665977478027,0.7,52.14920997619629,0.747417939363993
01632000,-10.297723114490507,0.5152303874492645,0.6432442963123322,0.9623363614082336,0.0676906183362007,-5.6482914835214615,-33.24099484392258,-175.0920953344114,0.7603798422053893,1.1509547233581543,0.25,60.30317783355713,0.8177585616677535
01632900,-18.561044335365292,0.5391546189785004,0.7186159193515778,0.7822228670120239,0.0086227944120764,-17.389608919620514,-16.205985150152266,39.679588149209394,0.7353889883324505,1.015562891960144,0.1052631578947368,45.50688894171464,0.850501156402137
01634500,0.538080045953393,0.3796715140342712,0.4433941841125488,1.0720303058624268,0.1573544591665268,4.520698636770248,-21.28428042762261,-596.0030132185033,0.6004025865950319,1.306843638420105,0.4375,61.99384927749634,0.7543646821028822
01638480,-6.612696498632431,0.4354608654975891,0.3985188007354736,0.8216931223869324,0.0422638058662414,-4.372541978955269,-24.09501734706175,-155.43725015653652,0.5962361211929744,1.1086955070495603,0.1,66.19948387145996,0.6544320414557914
01639500,1.6291014850139618,0.5181883871555328,0.6773401498794556,0.9979068040847778,0.0890041291713714,1.6456279903650284,-9.595501116547505,78.7253348313519,0.7860698114952999,1.144545555114746,0.1363636363636363,34.47439453818581,0.8423030546234743
01644000,-16.682088375091553,0.5086956918239594,0.6220959722995758,0.8173153400421143,0.0838835090398788,-11.12472265958786,-28.135141475375768,39.32704677460605,0.6717530456563596,1.1781702041625977,0.15,40.55065155029297,0.7935350964434733
01658500,-15.997286140918732,0.4130824208259582,0.4928285479545593,0.8537561297416687,0.0514318719506263,-12.14962601661682,-29.909648087316683,,0.6430877685523504,1.1610556840896606,0.3809523809523809,53.745578584216894,0.7170509975433446
01664000,-2.7081824839115143,0.5630651116371155,0.7367605268955231,0.9964330196380616,0.0711639150977134,2.323351614177227,-25.42119226839056,-239.25241230948055,0.8288950721300721,1.1117260456085205,0.15,25.585122108459476,0.870456710999166
01666500,18.539074063301086,0.3900004029273987,0.4620513916015625,1.1218156814575195,0.1236918717622757,19.716568291187286,-31.62874497011904,-269.14833436007035,0.6680068455854529,1.2101269960403442,0.1578947368421052,68.05236716019479,0.7736660876840976
01667500,-1.565408892929554,0.5145118534564972,0.7088903188705444,1.0016193389892578,0.1172736063599586,3.27829048037529,-22.95302217151409,61.54602089124764,0.7694673610164409,1.184319019317627,0.0454545454545454,32.148725336248226,0.8615472120333068
01669000,-11.18931770324707,0.556840568780899,0.757389634847641,0.8794532418251038,0.0309095550328493,-11.578228324651718,-9.684521801357873,73.9689587358472,0.8191339519617638,1.0388208627700806,0.1,36.15508317947388,0.8708723614392363
02011400,-14.355817437171936,0.6638613641262054,0.7963683754205704,0.882683515548706,0.0040369876660406,-15.310534834861755,-17.428353476784736,-812.7972224307917,0.8407378229928488,1.0059894323349,0.25,35.36808013916016,0.8924574028519298
02011460,-22.92117327451706,0.6163266599178314,0.7748691886663437,0.7830476760864258,0.0005911936750635,-23.80930036306381,-26.898446478151435,-367.1477350892499,0.7550575470911959,1.0011061429977417,0.4,40.51231384277344,0.8863018433168337
02013000,-4.071657732129097,0.5925468504428864,0.6930753290653229,0.9620025753974916,0.0574708208441734,-0.7164956536144018,-18.444153321999373,-773.6147901998902,0.797846280900335,1.1214722394943235,0.45,45.36320686340332,0.8429432685249162
02014000,-19.06535476446152,0.562067985534668,0.7392958104610443,0.8501634001731873,0.0262224823236465,-17.26275533437729,-18.28668328952708,-129.0391213559629,0.7898534704396827,1.0467926263809204,0.2352941176470588,34.37729162328383,0.8602824014128482
02015700,-27.528145909309387,0.5906522274017334,0.7062721252441406,0.751509428024292,-0.0405170544981956,-25.65896511077881,-16.191799302993836,-1136.4362948057033,0.7024450330722566,0.9425055980682372,0.35,44.40157890319824,0.8467492651597883
02016000,-20.63944488763809,0.6509844064712524,0.8090739250183105,0.8417863845825195,0.0079820463433861,-18.110962212085724,-17.49684840077092,-872.0186234633987,0.81311039386268,1.013930320739746,0.15,26.30095243453979,0.9015006449626194
02017500,-18.55199635028839,0.5946240127086639,0.7513939589262009,0.8762983679771423,0.0610904656350612,-13.586309552192688,-18.550955969688832,-640.8944311600759,0.7915198481538563,1.1048980951309204,0.4117647058823529,36.5959363825181,0.8690104218398388
02018000,2.7861760929226875,0.616306334733963,0.8130862861871719,1.0068533420562744,0.0320677086710929,-2.152915671467781,-18.47989929258992,-18.17514483226117,0.8914042735207294,1.0568262338638306,0.1666666666666666,28.98811764187283,0.9077132584979104
02027000,-16.46869033575058,0.3739330172538757,0.564609706401825,0.8643288016319275,0.1585447788238525,-12.123514711856842,-18.47568648100977,-213.63662253031364,0.6259605728392894,1.2647948265075684,0.3157894736842105,48.28835537559108,0.773322875307387
02027500,26.164498925209045,0.216184377670288,0.2760530114173889,1.2169113159179688,0.3122604489326477,30.062568187713623,-17.11009187268143,28.94225923918964,0.4545151088772873,1.4402633905410769,0.3157894736842105,86.5496183696546,0.7619424556558472
02028500,1.9152486696839333,0.5227420926094055,0.6389732360839844,1.0100702047348022,0.1011715978384018,2.371360920369625,-21.704864320422203,72.43783174838842,0.7643743598481268,1.1590038537979126,0.2222222222222222,60.79043282402886,0.8264033187212635
02038850,-9.36165452003479,0.4044960737228393,0.4135782122611999,0.9361222386360168,0.0321690738201141,-14.199137687683104,-41.17442025381723,59.96129029593031,0.6750509483361404,1.0714818239212036,0.3,82.42664337158203,0.6895135000853245
02046000,-21.258968114852905,0.5808315575122833,0.6595269441604614,0.747010350227356,0.0181596931070089,-15.312552452087402,-29.390098322891262,-5.551627134612636,0.6832311645534581,1.0466550588607788,0.4,41.19560718536377,0.8151702467112761
02051500,9.051087498664856,0.5453448593616486,0.7310441434383392,1.065215229988098,0.0870176926255226,8.584389090538025,-21.368796325718957,34.46233786561758,0.7747701892390565,1.1786290407180786,0.3809523809523809,30.90912955147879,0.8793057282007597
02053200,15.811033546924593,0.6511519253253937,0.7010413706302643,1.0689702033996582,-0.0081120794638991,8.751875162124634,-35.609176790345984,-110.17192093565713,0.8454015559139271,0.9853104948997498,1.1176470588235294,26.700569601619943,0.8624209013085413
02053800,-17.914605140686035,0.4844762682914734,0.6895033121109009,0.8119795918464661,0.0523607321083545,-17.17827469110489,-22.54363494702577,17.93641117718098,0.7329725406518133,1.088403582572937,0.3,38.676159381866455,0.8322597342556178
02055100,-22.26976454257965,0.4240946769714355,0.4303754568099975,0.7671658992767334,0.0215147323906421,-21.239197254180908,-40.894062982785385,33.11391946043422,0.589802021460327,1.037562608718872,0.3529411764705882,56.00441764382755,0.6643815953129883
02056900,-19.1443532705307,0.4866718649864197,0.6548092067241669,0.7731800675392151,0.0332784466445446,-16.202829778194427,-27.007577556928915,72.64938674351042,0.7000242595178816,1.0522079467773438,0.3809523809523809,62.490481422061016,0.8107581087349467
02059500,-22.0581129193306,0.4229435324668884,0.5306455790996552,0.8074871897697449,0.0576120540499687,-17.002032697200775,-33.35562625666172,33.99991271298576,0.6523523205903234,1.115074872970581,0.4736842105263157,80.83083002190841,0.7343771461131636
02064000,29.38978970050812,0.4525668025016784,0.36162269115448,1.2517651319503784,0.1221660003066062,20.836737751960754,-25.09258597782381,76.37010110045763,0.5941727401582764,1.226414442062378,0.3684210526315789,59.31366870277807,0.7762890624260125
02065500,16.822175681591034,0.4262498617172241,0.5747433304786682,1.1342213153839111,0.1172092407941818,20.67052274942398,-31.25916743574848,83.58606053865574,0.6999878394501734,1.2046964168548584,0.3684210526315789,37.24389829133686,0.8265315247626542
02069700,-3.065444901585579,0.4997212886810303,0.7539362162351608,0.9834792017936708,0.1047709882259368,0.1748091541230678,-18.776823724630063,56.76185910065536,0.8262804401921546,1.1251165866851809,0.0833333333333333,32.04955061276753,0.8806208208157428
02070000,-5.989992618560791,0.4607365727424621,0.6678195595741272,0.9637898206710817,0.0489635169506073,-7.452509552240372,-26.32448242202327,70.74192684930061,0.8116514676970259,1.0715937614440918,0.0952380952380952,42.64319283621652,0.8295936449074198
02074500,-13.339006900787354,0.4346606135368347,0.6437923908233643,0.8325253129005432,0.0411253497004509,-11.2984798848629,-32.76905996698422,49.77681794906909,0.7301397054236305,1.0795793533325195,0.1428571428571428,50.04209790910993,0.8039287519982545
02077200,-13.568772375583649,0.499722421169281,0.4430903792381286,0.9118098616600036,0.0355781912803649,-15.657444298267365,-37.28295581129925,-19.23789590457136,0.6686319181693137,1.10849130153656,0.2222222222222222,40.71720441182454,0.6995720674660494
02081500,-11.098559945821762,0.6048111021518707,0.7805918455123901,0.9276871085166932,0.0536362640559673,-8.321282267570496,-30.90730012652984,19.56082062072119,0.7972533554444888,1.1513502597808838,0.0476190476190476,37.37321354094006,0.8861134491342315
02082950,18.756602704524997,0.4556075930595398,0.5008702576160431,1.1694053411483765,0.1758094131946563,17.509721219539642,-29.93714953912737,-145.41328616867688,0.5998371395601769,1.310025930404663,0.35,39.65102195739746,0.8120743026020484
02092500,-24.68380331993103,0.5115239918231964,0.718128114938736,0.7921591997146606,0.0624559111893177,-16.82320386171341,-26.603446996242013,-157.6329378973901,0.7109891790090503,1.1355376243591309,0.4117647058823529,58.32265405093923,0.8518142760934928
02102908,-6.451993435621262,0.3444186449050903,0.5305127501487732,0.867443323135376,0.1764353066682815,-1.4710920862853527,-19.118903144993656,58.54330190741016,0.6751596078989583,1.1706527471542358,0.32,32.38317108154297,0.7574558851514253
02108000,-4.234812408685684,0.5918598175048828,0.7613520473241806,0.9294718503952026,-7.44774442864582e-05,-2.472199499607086,-20.643304614523995,-249.58661099419203,0.8558634954258277,0.9998903274536132,0.8947368421052632,30.683570159109014,0.8742975734676682
02111180,5.3000375628471375,0.441027283668518,0.586592435836792,0.9506927728652954,0.0774905681610107,-0.215212651528418,-26.34243271724019,30.15504587670128,0.7578858357432248,1.1040401458740234,0.4285714285714285,46.93677084786551,0.7870124089704865
02111500,-0.110423588193953,0.4807351231575012,0.7196270525455475,0.9528761506080629,0.1307946145534515,-2.1373791620135307,-26.750979298672775,57.95289762570624,0.8038831219291347,1.1322057247161863,0.4166666666666667,38.71817588806152,0.8630225601238781
02112120,-10.25642231106758,0.4025991559028625,0.6414853930473328,0.9176771640777588,0.1738688200712204,-7.604126632213592,-23.219133805810067,47.40561320819868,0.7280366991132328,1.1910520792007446,0.2916666666666667,35.02298990885417,0.8248255419645362
02112360,-8.867022395133972,0.3971045613288879,0.6478213965892792,0.8913884162902832,0.1458372473716735,-5.0623103976249695,-28.41573255126467,29.625231633300874,0.7454458377781581,1.1447792053222656,0.125,31.257848739624023,0.8210018796333766
02118500,-3.0638063326478004,0.4721434712409973,0.7273533940315247,0.9034028053283693,0.0572266578674316,2.027013339102268,-22.72931987081099,79.0312209469792,0.8004143316161476,1.098942518234253,0.1666666666666666,55.01678784688314,0.8560771071327961
02125000,-29.78641986846924,0.5643099844455719,0.6572408676147461,0.694013237953186,-0.0165681224316358,-27.36593186855316,-32.11904747179002,-8.519807966474454,0.6385785918654034,0.930334448814392,0.2631578947368421,58.78329528005499,0.8207118333851715
02128000,-13.549040257930756,0.4721376299858093,0.562344878911972,0.8392587304115295,0.0186287388205528,-13.630497455596924,-37.20551334378055,-6.385977577029426,0.7020433566561743,1.0533591508865356,0.3157894736842105,57.82532440988641,0.7548608424170583
02137727,-15.437811613082886,0.531923770904541,0.6606157422065735,0.7265391945838928,0.0431311577558517,-13.702259957790377,-9.047216933046585,44.68954599612846,0.6645847875845833,1.0709034204483032,0.2857142857142857,46.72827493576776,0.8191817000699757
02143000,4.280669614672661,0.5158437788486481,0.7323015332221985,0.9059399366378784,0.073194034397602,2.538083679974079,-28.06908411381677,41.28467371120298,0.79084742109509,1.123788833618164,0.3125,46.435436606407166,0.8600934940242493
02143040,-10.944505780935287,0.5072762668132782,0.7481107115745544,0.8096562623977661,0.0716547146439552,-12.211578339338304,-27.241077015998066,52.03549443974469,0.7351063912198714,1.130520939826965,0.2631578947368421,46.85867711117393,0.8699916549030124
02149000,-7.398458570241928,0.4756331443786621,0.6889684200286865,0.8820691704750061,0.0804466754198074,-7.093854248523712,-17.37975980685366,50.97087010154539,0.7702492408122076,1.1083199977874756,0.3636363636363636,32.95648531480269,0.8352440930520696
02152100,-25.0249981880188,0.483406126499176,0.5873055160045624,0.6591403484344482,0.0253667123615741,-23.48614037036896,-23.51340393191465,45.56997029178075,0.5886153562635039,1.0517865419387815,0.3529411764705882,59.00034623987535,0.7755669874754668
02177000,-20.73996514081955,0.6620585322380066,0.7517624199390411,0.767643392086029,0.0366207435727119,-15.235516428947449,-8.820295357760937,11.044391435923629,0.7330784392629337,1.0383394956588743,0.1818181818181818,25.29784766110507,0.8743512458571608
02178400,-14.151619374752045,0.659116119146347,0.781645193696022,0.8049649000167847,-0.0269100293517112,-14.530980587005615,-13.539561253938473,11.096103172100303,0.7739697457750215,0.9753628969192504,0.3181818181818182,35.519688779657535,0.8884473274576798
02202600,8.591776341199875,0.5313882231712341,0.6484725475311279,1.0356905460357666,0.0708432048559188,8.909392356872559,-50.98095976238024,-15.5083685806224,0.7447259420089382,1.1900328397750854,0.3636363636363636,55.22407184947621,0.8333310184410142
02212600,27.03271210193634,0.5127111375331879,0.6171361804008484,1.2031383514404297,0.1050815656781196,19.29667741060257,-38.562444071103045,48.19636815784409,0.6048534831286565,1.3098456859588623,0.0,52.974486351013184,0.8626274013410916
02221525,20.57790905237198,0.497480034828186,0.6467161774635315,1.175565481185913,0.1538081169128418,18.68431270122528,-16.790778854471704,14.368592257337411,0.6291934360056084,1.300869703292847,0.7647058823529411,34.409450082217944,0.87291069534473
02231000,-36.14078462123871,0.5040192008018494,0.7572147995233536,0.7277365922927856,0.0658077895641326,-30.68562150001526,-11.235101074231784,-500.9029170762986,0.6584748815603385,1.1725252866744995,0.7692307692307693,33.376829440777115,0.8870970823815356
02231342,-33.83572697639465,0.3976430296897888,0.5279537737369537,0.7970248460769653,0.0722620859742164,-24.99852478504181,-37.857499696663766,,0.6173860266113937,1.1841216087341309,0.8666666666666667,47.8042761484782,0.732991062473008
02245500,-6.113628670573235,0.3939624428749084,0.6642285585403442,0.8657347559928894,0.0642778500914573,-7.789627462625503,-26.07773509980117,13.847783986371637,0.725632761370825,1.1563454866409302,0.5625,37.15721368789673,0.8188748645501668
02246000,-7.316569238901138,0.4811259508132934,0.7526313215494156,0.9748914241790771,0.0666200518608093,-0.5034226458519697,-13.365843728190107,-17.064553567372442,0.7829323803398871,1.1761953830718994,0.2142857142857142,51.26594134739467,0.8757297384355412
02296500,-21.625617146492004,0.6103823184967041,0.756196066737175,0.8297119736671448,-0.0073707434348762,-19.808153808116916,-8.984974955845694,-208.09481771418632,0.7855266991931475,0.9840949773788452,0.8181818181818182,39.66119939630682,0.870586650216958
02297155,10.581987351179125,0.4524317383766174,0.4999532103538513,1.0546311140060425,0.0271110795438289,9.85083431005478,-34.5713154893328,-12.17178648030152,0.7492741646878673,1.067147731781006,0.7142857142857143,59.77817262922015,0.7646915471299607
02297310,-28.93832325935364,0.5547226369380951,0.7004419267177582,0.7879315614700317,0.0146013582125306,-22.47069925069809,-13.13028813620616,-4.365628058640883,0.7309702673353538,1.0367202758789062,1.3571428571428572,55.01999173845563,0.8385825419093426
02298123,-4.735789820551872,0.5336244404315948,0.5966214239597321,0.9770651459693908,0.0365080721676349,-8.588533103466034,12.76469399099694,-47.65007134747124,0.7836352854748323,1.0637871026992798,0.7142857142857143,67.18616485595703,0.7945276473795477
02298608,-20.72807103395462,0.4695978760719299,0.6213041841983795,0.8829658627510071,0.0894443094730377,-9.78897511959076,-22.82753469693464,-9.46274833184278,0.678330821282332,1.221146821975708,0.6111111111111112,59.93310080634223,0.7978412643853167
02299950,-15.061226487159727,0.5164882242679596,0.5969410538673401,0.8737490773200989,0.0531610623002052,-8.281508088111877,-8.57736822074233,-319.911148351386,0.7069169374466506,1.1469614505767822,0.8333333333333334,44.83336872524685,0.7800892951161947
02300700,-2.8380682691931725,0.2673344016075134,0.4760105013847351,0.9825617671012878,0.1076297387480735,9.265853464603424,-25.871111487648275,91.41458602194687,0.5754164737572149,1.334749698638916,1.1176470588235294,44.5075091193704,0.7394050690222794
02312200,-7.8671894967556,0.4105996489524841,0.3506454825401306,0.9480604529380798,0.0574056468904018,-7.637309283018112,-33.682525752457174,-42.72380754906784,0.6374004013317675,1.1168484687805176,1.7,60.49911975860596,0.6606960245605509
02314500,-32.72135555744171,0.5623338520526886,0.6679813265800476,0.8662341237068176,0.0728588104248046,-24.859368801116943,-13.157162002405528,-85.99421463219734,0.7427695024260541,1.128453254699707,2.0,21.62951231002808,0.8217474247627569
02315500,-20.605309307575222,0.5706461369991302,0.746706485748291,0.8679017424583435,0.0969791188836097,-20.466016232967377,-16.113695477510863,-222.18834023808068,0.7430976991994525,1.1775702238082886,1.7,19.531047344207764,0.8695482536424003
02324400,-22.362378239631653,0.5512375831604004,0.6952623128890991,0.7910812497138977,-0.0480474643409252,-22.380197048187256,-42.59611503415112,-411.9077170939853,0.7138645406283568,0.8928840160369873,1.1538461538461535,55.62446300800031,0.836437709516068
02327100,11.298121511936188,0.4448840618133545,0.5714320242404938,1.084231972694397,0.1088809370994567,11.09224483370781,-21.46025031220463,-372.4399774171582,0.690211430044628,1.230633020401001,0.8125,50.00776648521423,0.811102295536139
02342933,-26.49141252040863,0.5544005036354065,0.6996920108795166,0.7401566505432129,-0.0099559025838971,-26.39995515346527,-29.49870222189376,-274.9576767798535,0.6944575028670397,0.966399610042572,0.2631578947368421,52.53619645771227,0.8428100986321582
02349900,49.20816719532013,0.4041192531585693,0.3497297763824463,1.461115837097168,0.1662462800741195,46.528878808021545,-17.046694084158233,-734.0905962278797,0.3724303526137225,1.401908278465271,0.3333333333333333,80.18316162957085,0.8596946800730743
02361000,-22.935117781162266,0.5784821212291718,0.7816409170627594,0.8159160614013672,0.0876064002513885,-17.25935935974121,-15.02242756032696,-632.7807986205104,0.7470432593894165,1.1355066299438477,0.55,24.70616102218628,0.8916571672347178
02369800,-13.872063159942629,0.4166343212127685,0.6176531314849854,0.8743758797645569,0.0578114986419677,-9.995748102664948,-27.463019074094504,-24.532893201035503,0.7433008692328564,1.0834981203079224,0.238095238095238,72.02456338065011,0.7922956715503461
02371500,4.858454316854477,0.6360431015491486,0.828765019774437,1.0652941465377808,0.1092219427227974,7.351915538311005,-15.662097642900092,-78.13099771743303,0.8022869145017395,1.171847939491272,1.3333333333333333,24.52032301161024,0.927230333945047
02372250,-12.25542202591896,0.6309074759483337,0.7902150750160217,0.8927080035209656,0.0262936800718307,-6.16937130689621,-23.983377035239126,-434.0656190457932,0.8395091639493544,1.0447115898132324,0.9,39.73693370819092,0.8893355988397745
02374500,-18.013612926006317,0.5920029878616333,0.7879576832056046,0.7680860161781311,-0.022492853924632,-17.809629440307617,-21.92427446440318,30.203284371490884,0.7447795410194007,0.9715785384178162,0.3809523809523809,35.67983990623838,0.8973081925776444
02381600,-20.064128935337067,0.3130003213882446,0.375245451927185,0.726624608039856,0.1261974871158599,-17.165841162204742,-22.12679878414646,76.9742025888244,0.4908971430227273,1.222221612930298,0.5263157894736842,52.23791222823294,0.6324824238220492
02395120,-12.117473036050797,0.5603412389755249,0.6549282371997833,0.8629587888717651,0.017043299973011,-13.58613818883896,-12.664830555605352,26.140946366471773,0.7643679142253362,1.0326253175735474,0.4444444444444444,43.53038205040826,0.8111143865927046
02408540,10.340169072151184,0.6322183907032013,0.7305456101894379,1.0881561040878296,0.0570580922067165,6.066198647022247,-28.89356227101512,19.19088643040854,0.8213870437032825,1.100152850151062,0.1111111111111111,38.23506832122803,0.8812544902923577
02422500,13.815830647945404,0.5587471127510071,0.7417359054088593,1.1216628551483154,0.1319776773452758,13.55716437101364,-13.473063477208967,16.85475619667624,0.7384022164402674,1.20851469039917,0.1764705882352941,26.76849645726821,0.8992370408916895
02430085,-5.850278586149216,0.4960610866546631,0.5190956592559814,0.9295815229415894,0.0378014855086803,-10.690974444150925,-24.132321758513147,-218.35245511379577,0.7265655359875478,1.068298101425171,0.4166666666666667,60.67849000295004,0.7447687057975293
02430615,21.647503972053528,0.3070486783981323,0.2461519241333007,1.159847378730774,0.1436300575733184,21.79277390241623,-34.27906994546313,-0.0796113971462672,0.5875150291064292,1.2269922494888306,0.44,83.7355728149414,0.6949308514484446
02450250,0.9360350668430328,0.6373171210289001,0.7417310774326324,0.9935587644577026,0.0036621384788304,-3.2635703682899475,-14.92657123896116,-293.18006057688984,0.8696070241708291,1.0086828470230105,0.15,29.399681091308597,0.8700559859098912
02464000,-2.479802258312702,0.636388510465622,0.8085507899522781,0.9938914775848388,0.0739517584443092,-2.4359961971640587,-0.953852728941881,-224.035398492188,0.8067506821939139,1.1689902544021606,0.0526315789473684,34.91848644457365,0.9064570756095676
02465493,-4.71409372985363,0.4891210198402405,0.6110771000385284,0.8565365672111511,0.0566047839820385,-0.1204544794745743,-2.922874745662972,23.44437437239328,0.7299599251035904,1.0831148624420166,0.2,36.227548122406006,0.786852621072314
02469800,-14.613182842731476,0.6171102225780487,0.8265626579523087,0.8953441381454468,0.0507430285215377,-14.828385412693024,-6.174629548530197,-411.9116721912917,0.8212199240846152,1.1141703128814695,0.4705882352941176,35.582775228163776,0.9106993517361788
02472000,0.5822901148349047,0.6774275898933411,0.8560254126787186,1.0095142126083374,0.0707495883107185,0.3898166585713625,-8.107781008442966,-25.87151708717447,0.8418679595229593,1.142069935798645,0.8,33.02868127822876,0.9312151519152316
02472500,-3.2137710601091385,0.5964230895042419,0.8182955980300903,0.95753812789917,0.0635941624641418,-4.757975786924362,-9.43556668925666,-3.04027299045587,0.8419817143513347,1.1213854551315308,0.4,33.92025947570801,0.9081722302375416
02479155,33.0296128988266,0.5564843118190765,0.6835578083992004,1.2571302652359009,0.048119019716978,25.800415873527527,-20.634897095680746,-579.7317189594089,0.7012267089656762,1.1158418655395508,0.0,42.25461596534365,0.9013583844236488
02479300,15.121425688266754,0.6096734404563904,0.68730428814888,1.1313400268554688,0.0525702387094497,7.353729754686356,-3.8160049150391457,8.049220533736076,0.7967059764949576,1.085710883140564,0.55,32.72631645202637,0.8706481470958453
02479560,4.371364042162895,0.6241427659988403,0.786780908703804,0.9930092692375184,0.069158636033535,2.8690509498119354,-19.261933733995885,-95.20599646489012,0.8510759717631853,1.1054503917694092,0.65,38.43208074569702,0.8950728312334493
02481000,-0.4040863830596208,0.6145345270633698,0.7653293311595917,0.978172779083252,0.014553926885128,2.501668594777584,-11.578125035505709,-280.1517486594282,0.8733326330186942,1.0355472564697266,0.0,32.990146719891094,0.8803982155546843
02481510,-15.43264240026474,0.6521479785442352,0.794101744890213,0.8945911526679993,0.0175988506525754,-13.006694614887238,-8.709633923582995,-405.41206080371614,0.8444312514179436,1.035717248916626,0.4761904761904761,34.90486145019531,0.8913036864960278
03010655,4.596350714564323,0.6171888709068298,0.7942526489496231,1.0115638971328735,0.0454480908811092,3.2560646533966064,-13.409404009702556,9.99712081494017,0.8801601439095239,1.0640732049942017,0.3684210526315789,30.53804698743318,0.8993894051669639
03011800,2.183908224105835,0.5826075375080109,0.6892189681529999,0.9421290755271912,-0.0566839016973972,0.8560677990317345,-20.773814586393,0.7058324974029041,0.8158261082078089,0.9328885674476624,0.2,42.0460319519043,0.83854711480027
03015500,-17.63048768043518,0.6425375938415527,0.7966475039720535,0.8121736645698547,-0.0767635852098465,-16.614826023578644,-7.407271614392711,-62.11041959424127,0.7631364597943515,0.8958039879798889,0.44,39.94878005981445,0.900156144521857
03021350,-25.09771883487701,0.5623688399791718,0.6361056864261627,0.7040938138961792,-0.1179348975419998,-29.244422912597656,-3.5276008361556435,-397.746556662028,0.5954329605491554,0.7965664863586426,0.24,50.14044952392578,0.8136432883874479
03026500,-4.445238411426544,0.5964330434799194,0.7331824600696564,0.9275255799293518,-0.0269105192273855,-4.131249710917473,-14.185607939140562,-265.52078345550154,0.8377806408996918,0.9640682339668274,0.5,44.6343638680198,0.8593888799131616
03028000,-11.99515238404274,0.6125564277172089,0.7865607589483261,0.9007922410964966,-0.0350127555429935,-7.531801611185074,-13.085926101329736,14.508407777967186,0.8433867705132898,0.9545291662216188,0.2272727272727272,44.36865719881924,0.887670451353617
03049000,-7.126174122095108,0.5364286601543427,0.6388252973556519,0.8930100798606873,0.0604425221681594,-4.3325867503881454,-19.814899950894336,-12.189799062150897,0.7571751287277828,1.0998539924621582,0.1739130434782608,49.30583705072817,0.8062314388598615
03049800,-54.54181432723999,0.3942186236381531,0.217582106590271,0.4111740887165069,-0.0506929643452167,-50.98801851272583,-29.71878299899922,74.96128400560517,0.1986389885412385,0.865653932094574,0.4545454545454545,71.77667184309526,0.4732983283435263
03069500,-0.4979278892278671,0.6957338154315948,0.8839909732341766,0.950614869594574,0.0169836618006229,-2.362855151295662,-10.94797591329089,-443.98357488554245,0.919472780357132,1.0222612619400024,0.125,19.955517848332725,0.9404166280319048
03070500,-10.113422572612762,0.6511023342609406,0.7576943188905716,0.8661437034606934,-0.0406559221446514,-13.145054876804352,-18.16761695714301,-272.2275088755058,0.8046968877705579,0.9392273426055908,0.3181818181818182,38.01604184237393,0.8714213017778255
03076600,-6.960798054933548,0.5402614176273346,0.6640857756137848,0.9590468406677246,0.0744633004069328,-4.082925617694855,-12.187202290565338,-54.95861240155841,0.7886583799436496,1.116715431213379,0.15,31.53194904327393,0.8286359803651214
03078000,-3.055654838681221,0.5897345244884491,0.7470618486404419,0.8890937566757202,0.0410051457583904,-7.726815342903137,-23.94852270852524,-241.8893880802245,0.8153216226344691,1.0612157583236694,0.1904761904761904,30.709382465907503,0.8656179357543605
03140000,-19.420766830444336,0.566933810710907,0.6934961080551147,0.8131567239761353,-0.0136243579909205,-16.87987446784973,-7.172317267666115,-291.2642844572855,0.7480006264995238,0.9727500677108764,0.2608695652173913,49.002804963485055,0.8331146631979294
03144000,-12.923531234264374,0.6491239964962006,0.8081673681735992,0.8510335683822632,-0.0093576172366738,-11.299235373735428,-14.946527945352194,-434.2838892078217,0.819611115137106,0.9793676733970642,0.25,36.64854526519776,0.9003834394685987
03164000,-7.032728940248489,0.6519275605678558,0.8638848215341568,0.9355563521385192,0.0618491992354393,-5.416596308350563,-11.267364016552982,17.53660192181137,0.8893726256108169,1.0582726001739502,0.1739130434782608,22.44335879450259,0.9315183507535274
03165000,-5.18159382045269,0.4457888603210449,0.6391848921775818,0.9267730116844176,0.0544298291206359,-1.480284612625837,-16.425344230155876,36.73693192119005,0.784578982210348,1.0698505640029907,0.1666666666666666,42.31993357340495,0.8098292299110528
03170000,-8.795548975467682,0.5461516380310059,0.7448894381523132,0.8616082668304443,0.033327892422676,-9.796842187643051,-28.003628770515533,66.14056867849482,0.802192086692362,1.0374467372894287,0.238095238095238,34.00027184259324,0.8637155892120267
03173000,-5.0490304827690125,0.6235732734203339,0.7363488674163818,0.9447379112243652,0.0120477713644504,-3.075438365340233,-12.512651633158406,-69.40974298132008,0.8502142894567382,1.0195194482803345,0.2222222222222222,39.75845442877876,0.8621564228339418
03180500,1.423764694482088,0.6601971089839935,0.8068715333938599,0.9444407224655152,-0.0475119352340698,-2.728117629885673,-8.319483367364743,-278.5302696821805,0.8680546584328295,0.9333720803260804,0.0476190476190476,30.432914552234468,0.9005844068515955
03182500,-3.308556228876114,0.7245618402957916,0.8592133671045303,0.9404335021972656,-0.0224820841103792,-6.462684273719788,-9.682244002227844,-476.9268189666538,0.8991388967684963,0.9633944034576416,0.1578947368421052,24.577441968415915,0.927303199613938
03186500,-12.252795696258543,0.6187758445739746,0.735409140586853,0.8840013742446899,0.0229688175022602,-11.879890412092209,-16.647040779630768,-296.0627549434148,0.8136793861852721,1.0341718196868896,0.5,44.80497042338054,0.8582538300536371
03213700,-9.53180342912674,0.7168430387973785,0.8803365528583527,0.901738166809082,0.0112542239949107,-8.228647708892822,6.539936674489242,-42.5971987954906,0.8831107229220969,1.0171915292739868,0.2222222222222222,22.771573066711422,0.9390724483096796
03237280,-34.86659228801727,0.4479227066040039,0.3831183314323425,0.6453853249549866,-0.0882723778486251,-33.72444808483124,-36.016592067232764,-4.593858394794901,0.4399529508472253,0.7816353440284729,0.2857142857142857,53.57698258899507,0.6255430511662434
03237500,-3.830754384398461,0.5807522833347321,0.6532209515571594,0.9751213788986206,0.0270147379487752,-5.452347546815872,-11.786866932814624,-101.44891968127014,0.8090332264681447,1.0669124126434326,0.2,55.36951541900634,0.8228783134692538
03238500,-2.4308836087584496,0.578773558139801,0.677166223526001,0.914472997188568,-0.003071337705478,-9.26663652062416,-20.74315582220641,-4.4570753915176935,0.8072525977844254,0.9912040829658508,0.0952380952380952,40.11273611159552,0.8274910880723139
03241500,-13.089601695537567,0.5931020677089691,0.7359597384929657,0.8454352021217346,-0.044472437351942,-13.433590531349182,-22.94707698622208,-468.8765288075989,0.7749069911778236,0.9167192578315736,0.1428571428571428,39.510036650158106,0.8591422566510899
03280700,-8.411768823862076,0.4925975203514099,0.5767082870006561,0.9370742440223694,0.0408897511661052,-8.602719753980637,-19.08877329872832,-249.05591335440903,0.7462790359813107,1.1036875247955322,0.2105263157894736,41.40322835821855,0.7771467433062901
03281500,-18.40946823358536,0.6987743377685547,0.8655298501253128,0.8173887133598328,-0.0319083034992218,-19.48726624250412,-19.29853967172829,-3.395284860475931,0.7962790524874681,0.9336249232292176,0.25,22.02744007110596,0.9387652743069818
03285000,-0.1380318310111761,0.6411738097667694,0.7640183717012405,0.9359209537506104,0.0014702810440212,-4.157805815339088,-19.096084962700708,-145.66246236798654,0.8604835177198799,1.0037219524383545,0.2857142857142857,19.62136314028785,0.8761255808101032
03291780,-10.52485927939415,0.5506918132305145,0.6926151812076569,0.8957877159118652,0.0047352700494229,-9.143778681755066,-32.54327317421139,-12.51835582835709,0.8040206913824754,1.012573480606079,0.1666666666666666,41.918015480041504,0.8345019733145275
03340800,-19.499805569648743,0.5958982408046722,0.7362685799598694,0.7872553467750549,-0.0711273923516273,-20.956209301948547,-25.13031611484579,-257.4655921073549,0.6993843686418175,0.8364827632904053,0.217391304347826,46.49962134983229,0.8644581849024631
03346000,-14.34016078710556,0.6444947421550751,0.7309783399105072,0.8257935643196106,0.0014427535934373,-10.519235581159592,-25.160846494468675,-100.46445957254356,0.7736135188596263,1.0044351816177368,0.4444444444444444,38.46803506215413,0.8554894959711481
03357350,-25.978362560272217,0.5086806118488312,0.5440122783184052,0.7083687782287598,-0.0547514110803604,-24.57023411989212,-32.323698340134804,0.9922211918330952,0.5777010383118807,0.8392572402954102,0.2608695652173913,55.21521360977836,0.7402897600524194
03364500,-20.10679394006729,0.6037116050720215,0.668594628572464,0.7987008094787598,-0.0053910389542579,-17.730772495269775,-11.968250079734286,-7.801400882474171,0.7282133962704701,0.9860915541648864,0.217391304347826,45.5420037974482,0.8179199379482266
03366500,-7.514086365699768,0.6526873707771301,0.8312371522188187,0.8835458159446716,0.0092027317732572,-9.20371264219284,-16.192332480813672,-140.45526236839214,0.8519427245375017,1.0255719423294067,0.1818181818181818,35.53534204309637,0.912219275470709
03368000,-22.93585538864136,0.4376352429389953,0.4814375042915344,0.787899911403656,0.0073900334537029,-21.225906908512115,-20.467659786986008,-21.004306317882865,0.631317006944015,1.025355339050293,0.5238095238095238,67.24848520188105,0.6995040623106742
03384450,-2.323634922504425,0.5679071843624115,0.6828177869319916,0.93850839138031,-0.0066843489184975,-3.966134414076805,-0.6186202449971441,3.9849377917777726,0.8207360962755909,0.9779976010322572,0.2272727272727272,47.58157730102539,0.8330562259695158
03439000,0.0275463826255872,0.4992892146110534,0.7182164490222931,0.975993037223816,0.1433847099542617,2.7929501608014107,-6.862603158884943,35.34683859815249,0.8007434771243174,1.145933747291565,0.1739130434782608,40.790557861328125,0.866470343937341
03455500,-1.7722979187965393,0.4049776196479797,0.5260257422924042,0.9249104261398317,0.0891697108745575,2.079775370657444,-12.960466988168298,20.37844011139181,0.7125784165168981,1.1226016283035278,0.3636363636363636,51.41075741161,0.7511193794471823
03456500,-12.430306524038317,0.5706183314323425,0.6780054271221161,0.7850919365882874,-0.0069938320666551,-12.083923071622849,-19.349398261812595,41.64182848599535,0.7222403178603796,0.9889739751815796,0.2857142857142857,45.87160746256511,0.8243771311029401
03460000,7.982310652732849,0.517640233039856,0.7670334875583649,0.990231990814209,0.0194390527904033,4.626977816224098,-6.820231270317738,26.478415526491062,0.8807472108313745,1.0185641050338743,0.2857142857142857,34.48851449148996,0.8826066964203911
03463300,-11.527464538812636,0.5085397064685822,0.6270788908004761,0.742546558380127,0.0472738221287727,-9.454190731048584,-9.753064423956054,-4.927384213226093,0.6565539327667497,1.0982801914215088,0.3333333333333333,35.94672566368467,0.7950270006312526
03471500,1.7395855858922005,0.4663168787956238,0.5771651268005371,1.035271167755127,0.1002755016088485,5.706283822655678,-5.235305605818006,-16.118533259053184,0.764612307648264,1.1210734844207764,0.2631578947368421,33.6933738306949,0.8012425553442659
03473000,-7.161317765712738,0.4649596810340881,0.6150701642036438,0.9770764708518982,0.0859516039490699,-1.9507776945829391,-10.304636374823492,2.2857505214457654,0.7840190817557817,1.0943392515182495,0.1578947368421052,37.15444364045796,0.8070689903618697
03479000,-11.930356919765472,0.5660705864429474,0.7428409159183502,0.7591074109077454,0.0159216821193695,-7.438414543867111,-15.615028042798986,-11.736974471784112,0.7243038900004,1.0286321640014648,0.1304347826086956,51.01040964541228,0.8690064704882909
03488000,-14.146356284618378,0.6045069992542267,0.7425812184810638,0.866183340549469,0.0418963804841041,-6.937617808580399,-7.162756271650189,8.446912425948584,0.7958975934754,1.070107340812683,0.35,38.02019119262695,0.8627562213912485
03498500,-3.750649839639664,0.643185943365097,0.8001734167337418,0.9160913228988647,-0.023035142570734,-5.148867145180702,-19.6442153433349,-5.875759567465579,0.8607665778918094,0.9634695649147034,0.2631578947368421,39.43606928775185,0.8950676072341153
03500000,-11.056366562843325,0.7172581553459167,0.8751525282859802,0.8458918929100037,-0.0210293866693973,-9.315019845962524,-8.985617427858475,41.355998322826224,0.833722436908065,0.981051743030548,0.1363636363636363,18.800119920210403,0.9405030851661176
03500240,-12.286826968193054,0.6222220659255981,0.8037251085042953,0.8315659165382385,0.0333668775856494,-12.429536879062653,-19.694235867861263,42.00045407279849,0.8011347576107335,1.0334625244140625,0.3478260869565217,32.851074052893594,0.8997123954878951
03504000,-24.907121062278748,0.5490515530109406,0.7166888117790222,0.715176522731781,-0.1432519257068634,-25.525984168052677,-14.155842459199317,32.593986110096054,0.6677454428451517,0.8853799104690552,0.25,38.99836540222168,0.8729924702117121
03574500,-11.83544471859932,0.6461678147315979,0.8044460713863373,0.9215437769889832,0.0389044806361198,-10.452979058027267,-25.30565769530057,-291.814933845322,0.8418785244017657,1.0919520854949951,0.2105263157894736,31.247088783665703,0.8980596444516221
03592718,-21.38785123825073,0.5310501456260681,0.5844247043132782,0.8358529806137085,0.0051592946983873,-22.345876693725582,-27.56499795387725,-680.1887620204109,0.7151464050025994,1.0126397609710691,0.2608695652173913,45.36941777104917,0.7675401904583637
03604000,-8.655767142772675,0.6124494075775146,0.8268126398324966,0.849006712436676,-0.0052355551160871,-7.601620256900787,-13.671091483053893,34.14401165932489,0.8245370070610623,0.9878761768341064,0.2631578947368421,43.605899810791016,0.9114488740119516
04015330,5.97374252974987,0.5462341606616974,0.6264094114303589,1.0148741006851196,0.0621543787419796,1.7201853916049004,-29.196777703138206,-9.447072422943332,0.76346609827046,1.150288224220276,0.4210526315789473,55.83157288400751,0.8179546829579935
04024430,-9.662877768278122,0.6219979822635651,0.7986680269241333,0.9471390247344972,0.0647831112146377,-5.872021988034248,-12.825166210377043,-716.6915659819042,0.8238895584644867,1.1330231428146362,0.7222222222222222,33.11568366156684,0.8974063920727503
04027000,-18.93388032913208,0.6578593552112579,0.8260098397731781,0.8546624779701233,0.0310591403394937,-15.56759923696518,-10.738949258147716,18.797864651529352,0.8182173636078288,1.0634397268295288,0.631578947368421,40.34595489501953,0.9111330621451478
04040500,-6.474030762910843,0.6612364649772644,0.8551341444253922,0.9632629156112672,0.0520796254277229,-1.6116654500365255,-9.530113419153889,38.26449541506404,0.8774882494333197,1.0912020206451416,0.6470588235294118,22.211792889763327,0.9269130169744928
04043050,-22.88857400417328,0.5566411316394806,0.7407964766025543,0.7962380647659302,0.0185482688248157,-24.00951087474823,-31.131449730058257,40.51220992410878,0.7524545103895208,1.0336623191833496,0.1875,43.48697662353516,0.863520362532146
04045500,-5.062521249055862,0.7123162746429443,0.9159537255764008,0.9675962924957277,0.0651959106326103,-4.1946891695261,-14.190922409309833,18.34801824404476,0.9151411203513916,1.0670465230941772,1.0,14.502289715935202,0.9593085643387148
04056500,26.355522871017456,0.5275276005268097,0.6975813210010529,1.2089581489562988,0.1923151612281799,23.38795661926269,-11.598790935090864,21.24526787565176,0.7184950971380346,1.1648303270339966,1.3125,29.51018512248993,0.9082805058346506
04057510,18.70854049921036,0.496440589427948,0.6814990043640137,1.2031158208847046,0.179014578461647,20.15218585729599,-2.5705447557655225,3.870292654789684,0.7140783806302684,1.1735258102416992,1.1176470588235294,26.346590939690085,0.8980984351969801
04057800,11.14785224199295,0.5862918794155121,0.7778175324201584,1.1111129522323608,0.113668292760849,15.340551733970642,-12.160579525454988,-34.097351398708206,0.7613835176810576,1.191675901412964,0.75,28.54182720184326,0.911388001388057
04059500,4.761239513754845,0.5900753140449524,0.79033362865448,1.0449306964874268,0.0856155604124069,6.254254281520844,-8.690699293214532,-468.7836914237122,0.8313817525644156,1.13124680519104,0.7857142857142857,26.492152895246235,0.904147915992672
04063700,-18.182027339935303,0.5164492726325989,0.7300942540168762,0.9563508629798888,0.1894555985927581,-8.576342463493347,6.516495125500395,-11.669862028142228,0.7282319079121612,1.2392210960388184,0.8333333333333334,31.90288013882107,0.8786496150626211
04074950,9.16287750005722,0.5331026017665863,0.8031924515962601,0.9767754673957824,0.1881129890680313,5.428194627165794,-2.55281740170882,22.63844718212664,0.8561499236117387,1.1156346797943115,1.0555555555555556,17.785053782992893,0.9176465763244096
04105700,-14.24381136894226,0.3781666159629822,0.6828892230987549,0.8385157585144043,0.2340378612279892,-11.282746493816376,-19.756827110459756,16.042653897182106,0.7593723698436692,1.1094410419464111,0.2916666666666667,19.89496350288391,0.8591200706837286
04122200,-2.020076662302017,0.5456494390964508,0.7700671553611755,1.038407564163208,0.196190744638443,2.527590282261372,-5.888971027686769,16.577918078838454,0.8614138490352445,1.0967686176300049,0.5,20.93439102172852,0.9085297048422114
04122500,-4.768965393304825,0.5587508380413055,0.779742643237114,0.9949494004249572,0.0704300329089164,-3.5647328943014145,-1.876361063656963,14.76399832362774,0.8872957785975791,1.0311987400054932,0.7368421052631579,19.063485296149,0.8918178776880019
04124000,0.8786635473370552,0.5598509609699249,0.8108055889606476,1.0374085903167725,0.1070984899997711,1.9919855520129204,1.145377640179418,32.50509238042578,0.902512235522616,1.0297032594680786,0.55,11.001976728439333,0.9150166017961052
04127918,14.650779962539673,0.5112290680408478,0.643255740404129,1.1546036005020142,0.1410826295614242,16.904523968696594,-10.010648158011634,4.511006779839375,0.7262914425289049,1.1806907653808594,0.65,28.0566954612732,0.8644826636522079
04127997,13.124506175518036,0.2388882637023925,0.56242835521698,1.0854617357254028,0.4299215972423553,10.669997334480286,-3.472986375953933,6.856157947767665,0.8144787667317671,1.1197197437286377,0.5416666666666666,14.92544412612915,0.8869442496742567
04161580,-10.59272438287735,0.4230503439903259,0.6300933063030243,0.9525153040885924,0.1406195312738418,-5.760868638753891,-16.419479986146733,22.34223726622524,0.7616260915454013,1.145673751831055,0.4761904761904761,35.08389109656924,0.8173898088452157
04185000,1.0977034457027912,0.6593851149082184,0.7907444834709167,1.03725004196167,0.0431658774614334,4.580455645918846,-8.304972466074126,35.13309860013981,0.8758522155417818,1.0645288228988647,0.8260869565217391,33.31259229908819,0.9006967383464924
04196800,-10.046802461147308,0.6427521407604218,0.7379803657531738,0.8615476489067078,-0.061201624572277,-11.255688965320587,-16.297332671132594,-115.1667356467744,0.7617762325443885,0.8646270036697388,0.4782608695652174,41.512514197308086,0.861235228814904
04197100,-20.8853617310524,0.5917051732540131,0.6797116100788116,0.7574767470359802,-0.0722441300749778,-22.73477166891098,-17.396077733858515,-162.5666874049005,0.65913322830317,0.8304077982902527,0.5,51.04053497314454,0.8308518018481743
04213000,-11.074891686439514,0.6171956062316895,0.6999509632587433,0.8695330619812012,-0.0604383312165737,-10.091355443000792,-10.767533163329784,-297.8483657117525,0.7669818741145433,0.8929085731506348,0.2727272727272727,38.12777345830744,0.8393536450132263
04216418,-19.502975046634678,0.5700181424617767,0.6516011357307434,0.8125069737434387,-0.0822312384843826,-20.39597630500793,-1.3655883614188755,-466.8381213537862,0.7062477036114798,0.8752381801605225,0.4166666666666667,48.37048053741455,0.8113965401986825
04221000,-10.182255506515505,0.6329423487186432,0.7809423953294754,0.8722558617591858,-0.053027506917715,-12.397555261850355,-9.586102288276706,-13.684453582765991,0.8112584825827189,0.9214453101158142,0.2857142857142857,36.96025666736421,0.8853965260592465
04224775,-20.46348750591278,0.5520983040332794,0.6600992381572723,0.8087528347969055,-0.0265819989144802,-18.90138983726501,-11.085330537965348,-722.7027053139335,0.7290410989637426,0.9570966958999634,0.4285714285714285,55.9755007425944,0.8129103039987065
04233000,-19.09351050853729,0.5690892040729523,0.6429672837257385,0.8213364481925964,-0.0392168872058391,-14.548322558403015,-12.466321955553308,-583.4248225286736,0.7282213334980043,0.9439485669136048,0.3181818181818182,53.22332382202149,0.8030197581732433
04256000,5.116171389818192,0.6147049963474274,0.7794635742902756,0.9667755365371704,0.0051922700367867,0.4933179821819067,-13.232878993376277,-757.6030134214969,0.8816179809848321,1.0058603286743164,0.625,32.608767350514725,0.8865271221765145
04296000,-21.02687507867813,0.6222675442695618,0.7538912445306778,0.8267731666564941,-0.1126414909958839,-18.599924445152283,-10.59164948871006,-30.77571011213341,0.7503691879153866,0.8689465522766113,0.5217391304347826,35.82631816034731,0.876983739320292
05056000,-35.303327441215515,0.4264977574348449,0.4834741950035095,0.6785350441932678,-0.1183839216828346,-33.98443162441254,-27.37418664307202,-160.2862249102766,0.476615254145232,0.710047721862793,2.0,81.94195140491833,0.7058579411497234
05057000,-38.49960267543793,0.5117205083370209,0.5744319260120392,0.6461557149887085,-0.1254459619522094,-36.02031469345093,-14.978300640676173,-261.77417327993584,0.506911975062431,0.736519455909729,2.111111111111111,49.89717801411946,0.7797546250483899
05057200,-53.89211773872376,0.307765245437622,0.0770229697227478,0.4806442856788635,-0.0983293354511261,-51.352185010910034,-42.25270128395414,-227.60071992314104,0.0708385593742223,0.6187037825584412,2.0,79.52340443929037,0.3305048026217723
05120500,-20.99655568599701,0.0363484025001525,-0.0984387397766113,0.819512128829956,0.1343104690313339,-14.24672305583954,-9.147356982554994,-13.828032025634442,0.1676716847857731,1.5014914274215698,2.0,65.32768805821738,0.3607028070681559
05123400,-40.90205430984497,0.3135466575622558,0.184170663356781,0.6471254229545593,-0.0789138153195381,-37.759730219841,-77.43085396300519,-138.49745429353257,0.3206895699215231,0.7617658376693726,2.0,78.18578992571149,0.4706733738162882
05129115,-12.906308472156525,0.5954615473747253,0.7972143292427063,0.8579958081245422,0.0278764143586158,-13.195349276065826,-7.687150989200909,43.27240711077232,0.8200999402853563,1.031132459640503,0.5333333333333333,30.968122482299805,0.8940301413992497
05131500,-1.808883622288704,0.6141364872455597,0.7516685277223587,0.976067304611206,0.0442614257335662,-0.3058015136048198,-7.726422217698735,-35.520739882979065,0.8524328188709236,1.073137879371643,1.0,44.20981407165527,0.8740867376372615
05291000,1.7168797552585602,0.41425621509552,0.4055158495903015,0.981251895427704,0.063906230032444,10.795775055885317,-20.2647142891644,-422.901373702293,0.6119045187944148,1.2446824312210083,0.5555555555555556,57.65580601162381,0.6993388635707676
05362000,5.053871124982834,0.60173699259758,0.7594448626041412,1.0597310066223145,0.1001800373196601,6.161501258611679,-4.670321192232346,-765.3627773918474,0.7478501918785805,1.220330834388733,0.4736842105263157,61.96375395122328,0.8929203287214681
05393500,6.948578357696533,0.6143577694892883,0.7100997865200043,1.0475335121154783,0.0604983642697334,6.608439236879349,-7.354444506277799,-501.615364252868,0.8037375564677802,1.1337401866912842,0.4736842105263157,32.791679783871295,0.8644526856371331
05399500,-21.567966043949127,0.5783807337284088,0.7052105665206909,0.8419135212898254,0.0165760237723588,-16.820028424263,-21.25547425232657,-336.7912867573585,0.7672186177972566,1.0597890615463257,0.3125,47.71105647087097,0.8399340596233948
05408000,-23.72089922428131,0.4296426177024841,0.4901682138442993,0.5656749606132507,0.0458240695297718,-18.857179582118988,-16.22517175638751,22.227333712852328,0.4773991541426221,1.0701638460159302,0.0555555555555555,31.782115830315483,0.717953126298485
05412500,-7.016101479530335,0.5545862019062042,0.6635349094867706,0.8661705851554871,0.0224737413227558,-4.3963659554719925,-9.081866218053705,20.496136388156497,0.7694641817100603,1.0391051769256592,0.6428571428571429,42.6159007208688,0.8164046940289588
05413500,-16.2200927734375,0.33411306142807,0.5885961949825287,0.749144434928894,-0.0323418192565441,-11.949791759252548,-33.202550485186904,-173.69916586446055,0.6558169462589871,0.9580089449882508,0.2222222222222222,53.21989059448242,0.7681159529973108
05414000,-27.164575457572937,0.3938410878181457,0.4726277589797973,0.6281160712242126,-0.0354943312704563,-21.155105531215668,-4.208128986429656,-29.51797888084437,0.5137523933947988,0.9467499256134032,0.5333333333333333,70.61590194702148,0.6912873374391755
05444000,10.10519042611122,0.3346731066703796,0.4222431778907776,0.991566002368927,0.0604846403002738,8.931498229503632,-33.34395381763728,9.816863986783082,0.6935579272013627,1.1002570390701294,0.5333333333333333,50.85922559102376,0.7105451023354848
05454000,-18.323326110839844,0.3891901969909668,0.3936666846275329,0.8426139950752258,-0.0468806214630603,-16.032804548740387,-27.452447432926103,-4.011672892068068,0.6079213989919611,0.8962529301643372,0.2352941176470588,61.98793299057904,0.6562096273559219
05458000,-19.42838877439499,0.5778045654296875,0.6556885838508606,0.7208070755004883,-0.0123043982312083,-14.036594331264496,-24.70186830392985,-680.5241776855762,0.6637604752375019,0.9682464599609376,1.2,61.053524017333984,0.8153380341897438
05466500,-6.942656636238098,0.5952494144439697,0.7131445407867432,0.9089056253433228,-0.0057483660057187,-9.31551456451416,-10.425390090986353,-476.4651107955566,0.8214951982255936,0.990536630153656,0.4444444444444444,45.97074190775554,0.8467804718921887
05487980,24.10692125558853,0.4988436698913574,0.5162367522716522,1.1910990476608276,0.0695649981498718,18.831612169742584,-33.254436842799606,-285.618593006349,0.6557251781813911,1.217983961105347,0.1666666666666666,47.674597634209526,0.8142870504725577
05489000,20.139947533607483,0.537408322095871,0.4556065797805786,1.1554559469223022,0.0407496839761734,8.497640490531921,-23.03044474827193,-76.46209342207932,0.693927422399396,1.1384159326553345,0.2352941176470588,52.91275136611041,0.7756010229240738
05495000,2.4940280243754387,0.6170041859149933,0.7768073529005051,1.014768362045288,0.0564822889864444,4.588582366704941,-19.82312094898725,-122.84232414167292,0.7984877346205506,1.1692978143692017,0.3888888888888889,24.70568286048041,0.8917071626068083
05495500,-12.852025032043455,0.5992684662342072,0.774298757314682,0.8741095662117004,0.0326305292546749,-12.04792782664299,-28.970494224125176,-140.93576906491307,0.7927665239923152,1.113287329673767,0.2857142857142857,50.92641739618211,0.8805709700524674
05501000,8.670879900455475,0.573650449514389,0.7187846899032593,1.0712400674819946,0.0633565783500671,12.636806070804596,-31.914092925082183,-218.84693842393764,0.7309626943736369,1.2262150049209597,0.25,47.25787043571472,0.8729854490522279
05503800,17.249399423599243,0.5803877413272858,0.7169078886508942,1.1283308267593384,0.0602732934057712,16.498802602291107,-19.20762004691318,-4.287003762495069,0.7073598404272556,1.2357710599899292,0.0526315789473684,32.738391976607474,0.8834604394668866
05507600,-17.231374979019165,0.5876477360725403,0.6833624839782715,0.7725977301597595,-0.0201886035501956,-21.170774102211,-43.9472404124848,-22.717274521941853,0.7007472105433874,0.9076133966445924,0.1666666666666666,62.410386403401695,0.8288125145066944
05508805,-3.3749427646398544,0.5781627297401428,0.7093772888183594,0.8810369968414307,0.0080055203288793,-6.717336922883987,-30.778925805514437,-7.143149126628757,0.800471073164523,1.0324530601501465,0.4117647058823529,57.95947804170496,0.8431357420872992
05514500,-2.6585454121232037,0.6236572861671448,0.7836246341466904,0.9621542096138,0.0278703067451715,-7.054506242275238,-25.80080008227647,-172.0670921300845,0.8507550792674822,1.0919517278671265,0.2222222222222222,30.198293262057835,0.8887047967936207
05525500,-7.606229186058044,0.6589111387729645,0.8226826339960098,0.8930017352104187,-0.0028429653029888,-9.383615106344225,-18.507843402344022,-356.3119392165427,0.8582095219739578,0.9943748116493224,0.3684210526315789,30.139288149381937,0.907133061604834
05556500,-18.643751740455627,0.5439279079437256,0.679464727640152,0.7810999751091003,-0.0113664111122488,-15.301169455051422,-31.700785045751505,-322.5674614284038,0.7189138008655891,0.9741606712341307,0.2105263157894736,40.65634576897872,0.825573627178908
05584500,-12.940706312656404,0.6256794631481171,0.7636954188346863,0.8446647524833679,-0.0306070707738399,-14.851686358451843,-26.359459293478977,-279.511885146884,0.7876265129542572,0.9269403219223022,0.7,46.18039608001709,0.8749570381105034
05585000,-2.0477840676903725,0.6363773047924042,0.7859766334295273,0.9581438899040222,0.0137405423447489,-3.4703031182289124,-13.586715619185355,-325.0693618292227,0.8784863905264201,1.0276578664779663,1.3478260869565215,31.82706210924232,0.8893263095545375
05591550,-25.07584393024445,0.5670489072799683,0.6906874179840088,0.745360255241394,-0.0498578324913978,-24.79012161493301,-54.669817257746566,-26.52049077381567,0.6712066376155553,0.8699486255645752,0.2631578947368421,61.23477534243935,0.8376721972526033
05592050,14.828583598136902,0.4961335062980652,0.6656864583492279,1.126598238945007,0.0641082823276519,13.809111714363098,-46.04851380292867,,0.7300898663261248,1.193344235420227,0.2,30.814225673675537,0.8605640907598053
05593575,-0.9643793106079102,0.6398434042930603,0.8192558586597443,0.9395655393600464,0.0147360926494002,-5.551513656973839,-22.174068736952957,1.749143918871236,0.8761452170403714,1.053179144859314,0.1111111111111111,34.16062196095784,0.9058742236092222
05593900,-18.259435892105103,0.5545609593391418,0.6975579261779785,0.7983275651931763,-0.0215607788413763,-18.513837456703182,-47.56988020144824,-16.632716969725983,0.728164947534159,0.9197592735290528,0.15,42.487196922302246,0.8363419705495371
05595730,-7.452644407749176,0.6144860982894897,0.797953262925148,0.8898664712905884,0.012346931733191,-7.615188509225845,-51.73046171721961,-25.27985316092285,0.838610542243526,1.0504794120788574,0.3888888888888889,46.17731836107042,0.8933745251587839
06191500,-9.731346368789673,0.7681709229946136,0.9153091236948968,0.9688085317611694,0.0611620657145977,-9.326723963022232,-2.9298645122833635,20.834130096417688,0.9070545228252944,1.077215552330017,1.0,15.742502212524414,0.9587239474427344
06224000,2.1202268078923225,0.6927059292793274,0.802522674202919,1.0419602394104004,0.0690456703305244,4.505818337202072,-7.796708943940112,-42.921280485177576,0.8543567347905044,1.1051440238952637,0.8,33.1282377243042,0.9083701290592552
06278300,-6.7097872495651245,0.620233803987503,0.6639429926872253,1.038665771484375,0.0575569234788417,-0.0374622497474774,-6.583157809436072,-870.5283362058929,0.7794338434165098,1.1474015712738037,0.8,30.573384761810303,0.8405410261805735
06280300,-8.16531851887703,0.788249060511589,0.9048056900501252,0.9160053730010986,-0.0289413779973983,-6.868378072977066,-18.81284596188991,23.845625513553102,0.8941152689522647,0.95657616853714,0.9,23.800954818725582,0.9523465660686262
06289000,-12.83056139945984,0.5646970868110657,0.7302698194980621,0.93866229057312,0.082378976047039,-11.966828256845474,8.265004895156617,41.49921385404309,0.815249115499171,1.1063498258590698,1.1111111111111112,29.156022601657444,0.8619409935359238
06311000,-25.86502432823181,0.5637755692005157,0.6083134114742279,0.8275586366653442,0.0153910825029015,-21.041035652160645,-9.585699999565188,-161.12707519410003,0.7197413146962736,1.032373070716858,1.1,44.65192794799805,0.7814573469735948
06332515,108.26635360717772,-0.1774429082870483,-1.2943663597106934,1.825864672660828,0.1775952130556106,104.71688508987428,22.111748351021767,8.105218431141626,-0.5111717369845119,2.1892011165618896,0.8181818181818182,88.42762166803534,0.5671163372457148
06339100,-36.61296665668488,0.3367828726768493,0.3107054233551025,0.5582734942436218,0.0169626250863075,-24.682310223579407,-9.425457491075226,-3.5558241148204,0.3619152167614762,1.1279542446136477,0.9,80.2406120300293,0.5576680025160228
06339500,-22.824522852897644,0.3363054394721985,0.1772857904434204,0.675231397151947,0.0178848896175622,-15.4229074716568,-18.933535405162708,-87.63074228040956,0.3680991084849169,1.1095515489578247,1.2222222222222223,59.18378829956055,0.4691303837827768
06344600,-4.94968555867672,0.0517574548721313,-0.0850113630294799,0.7956792712211609,0.0616197176277637,4.640365391969681,-23.10756843116306,-24.280900052774136,0.1510558115236696,1.5022903680801392,0.5555555555555556,69.30645836724175,0.3468050359403116
06350000,-9.016292542219162,0.2029371857643127,0.3391298055648803,0.740192711353302,0.0441305823624134,3.4864433109760284,-19.299221971279625,-292.09930949691795,0.3935437127459112,1.3750791549682615,1.8888888888888888,78.60465579562717,0.6004940192883718
06352000,-15.100213885307312,0.3540571331977844,0.3673943877220154,0.732155978679657,0.0276639387011528,-8.063843101263046,-9.20329816816023,-96.77275849051686,0.4817250276365928,1.2248598337173462,1.4285714285714286,63.40346336364746,0.6174995654880305
06353000,-28.5239577293396,0.3690350651741028,0.6989453434944153,0.6902855038642883,0.0450998283922672,-19.48880255222321,-57.02628269866855,-56.95562970796782,0.5362935899187482,1.3121839761734009,1.25,70.01908421516418,0.8528887133683829
06354000,-4.276970773935318,0.3554917573928833,0.4019924998283386,0.9112884402275084,0.0470031276345253,-1.632804609835148,-33.37640931271543,-15.02102449782011,0.5486616231460334,1.302949070930481,1.4285714285714286,61.00243840898786,0.6774190799097639
06360500,-16.30811244249344,0.5876237154006958,0.7167790830135345,0.8335738778114319,0.0143062267452478,-16.787125170230865,-57.94876918433026,-46.479958214274085,0.7612110436488921,1.076606273651123,1.375,63.38059306144714,0.8468530432368427
06404000,13.283871114253998,0.4920244812965393,0.6370343863964081,1.1554715633392334,0.0615017563104629,11.853353679180143,-46.45495283430456,-23.662960404797456,0.715785480179014,1.1886554956436155,0.3333333333333333,36.45214504665798,0.8550324511023584
06406000,25.81573724746704,0.0916623473167419,0.1041712164878845,0.9933200478553772,0.0339044146239757,32.91010558605194,-50.75000723447239,-299.54998418908133,0.5401394794222947,1.0929193496704102,0.6666666666666666,102.15051968892416,0.5496744831989068
06409000,-27.873343229293823,0.1008472442626953,0.2025029063224792,0.6360553503036499,0.0883888155221939,-22.38694578409195,-40.963620622917,45.70480867429183,0.3662281107434352,1.0478515625,0.6923076923076923,39.46858185988207,0.4833557050198415
06431500,-32.19805061817169,0.1463547945022583,0.4928656816482544,0.7750899195671082,-0.1273613274097442,-28.049933910369877,52.31594357532769,25.6845251746939,0.6316678967578037,0.9336714744567872,0.5833333333333334,45.089105765024826,0.7159497919420698
06447000,0.2452267799526453,0.4641386866569519,0.5379191935062408,0.915314555168152,0.023120641708374,-4.269564524292946,-46.81469703873789,,0.7303442719486273,1.0627373456954956,0.4,49.795098304748535,0.7517932060566597
06447500,3.4646186977624893,0.4729930162429809,0.5516289472579956,1.053613781929016,0.0975781679153442,4.650472849607468,-11.9624599034364,6.086239806453363,0.7643155655700964,1.09933340549469,1.2857142857142858,38.356437001909526,0.7931048826756926
06450500,2.4884385988116264,0.2869534492492676,0.3162972331047058,1.042688012123108,0.0280764028429985,7.254283130168915,3.408881987064752,77.86783952670456,0.6694230509603236,1.0280829668045044,1.0588235294117647,69.55937778248507,0.6733959586397998
06452000,-6.528975069522858,0.4066532850265503,0.3568744659423828,0.9808228015899658,0.083902932703495,-1.0725454427301884,-15.274603693866062,-4.5683453175841375,0.6097720178443425,1.2165323495864868,0.8125,56.47562742233277,0.6759261585672584
06453600,-25.20712614059448,0.3621799349784851,0.4820468425750732,0.7874410152435303,0.0620409324765205,-23.561076819896694,-20.8313088807524,-12.094183418058796,0.5749897152406471,1.2163255214691162,1.0,66.55033284967597,0.7022489480931426
06464500,-10.606256872415544,0.4936847686767578,0.6362512707710266,0.939857542514801,0.0689280107617378,-6.482251733541489,-5.584298466616491,27.44290420803911,0.7751708220888629,1.105768799781799,1.2307692307692308,38.62526233379657,0.8109391498999424
06468170,-60.32653450965881,0.4557693600654602,0.2110322713851928,0.3940951228141784,-0.1049032434821128,-59.554868936538696,-42.715695075694455,-7.344898835832329,0.0769108477525993,0.5381844639778137,1.6,66.70701026916504,0.4787521956997803
06470800,-41.71701371669769,0.3681068420410156,0.5323558449745178,0.7068227529525757,0.0154717518016695,-27.03216671943665,-29.056989166839287,-0.065875148373446,0.5956928673953039,1.0685572624206543,2.333333333333333,52.50976085662842,0.7301643814132198
06477500,-11.035175621509552,0.4434171319007873,0.2526282072067261,0.906059980392456,0.0234278421849012,-2.542889304459095,-52.92584195157277,-24.123888919952915,0.5643609532120145,1.1228761672973633,0.2857142857142857,66.1078793661935,0.5927432022509762
06479438,-2.254885993897915,0.3292877674102783,0.1505193710327148,0.9192514419555664,0.0289123468101024,6.907158344984055,-52.546305366550406,-156.61815015956114,0.519237158449769,1.1216706037521362,0.8181818181818182,126.51039470325816,0.5419510458785133
06601000,41.53143465518952,0.1218863725662231,-0.2618041038513183,1.2478790283203125,0.1210042685270309,47.14295566082001,-15.69140864852629,-99.9058952517286,0.4371424772456809,1.172194242477417,0.3888888888888889,51.76489618089464,0.5249066185498528
06614800,2.015447430312633,0.6676424741744995,0.7746780514717102,1.0996809005737305,0.1066342145204544,10.093367099761965,-0.8871502776325136,-1155.2706585838682,0.7509171523056408,1.208569884300232,1.5,29.625015258789062,0.9072390899175236
06622700,-10.232819616794586,0.7296627461910248,0.8485626578330994,0.998845636844635,0.0559223853051662,-6.814052909612656,4.425417252090519,-1.9814717561589337,0.8564269226032499,1.1228833198547363,0.5,34.67144727706909,0.925759945444812
06623800,-9.280215948820114,0.7596791982650757,0.8806785568594933,0.9609032869338988,0.0019799394067376,-5.607229471206665,-5.403117787609666,11.883250716919164,0.9272051671885267,1.0037387609481812,1.1,19.682024717330933,0.9387092472060452
06632400,5.839920789003372,0.6559408009052277,0.7524528354406357,1.1918967962265017,0.1239291653037071,17.206673324108124,0.4218267878869236,-156.779379190674,0.6475679194152353,1.284019947052002,0.8,27.764699459075924,0.9180447640483618
06746095,-17.250099778175354,0.6306208372116089,0.6721540093421936,0.8031384348869324,-0.0316999368369579,-16.67446941137314,-14.608015190340945,-825.8950423745844,0.7259723589199218,0.935424029827118,1.7,37.91862487792969,0.8206494596234051
06784000,7.531204074621201,0.2519530057907104,0.0711432099342346,1.074976086616516,0.1674292087554931,4.351955279707909,-30.15102721299462,65.25696821584805,0.5387555016699761,1.1837129592895508,1.0,37.261444330215454,0.5836172166569996
06803510,23.41146022081375,0.0310457944869995,0.1660131216049194,1.336130976676941,0.1145978942513465,16.99119061231613,-50.33766640447992,52.949111344612334,0.3247709369533849,1.5222840309143066,0.0555555555555555,58.23463333977593,0.735104463697632
06803530,-10.20933836698532,0.3499831557273865,0.5295874774456024,0.964079976081848,0.0158023703843355,-12.911775708198547,-44.14541769091579,-743.5592291753353,0.7459006670178181,1.0643746852874756,0.2,92.33749389648438,0.7568290255851912
06814000,-2.982224710285664,0.5125255882740021,0.6771855354309082,0.9442456364631652,0.0325340293347835,-6.0379307717084885,-44.34326735103266,-12.711241440161205,0.7803356129498061,1.1291265487670898,0.3333333333333333,60.13902028401693,0.8312687690786313
06847900,1.1674069799482822,-0.0088382959365844,-0.0589618682861328,0.9031859636306764,0.0419898442924022,6.069407984614372,-56.937873884506814,28.17005031786106,0.3520153645252838,1.2720800638198853,0.875,73.82522821426392,0.419927962193533
06853800,53.26294898986816,-0.2757340669631958,-0.1335389614105224,1.31430184841156,0.2296889126300811,61.71848773956299,-70.73929596341333,70.29893016897911,-0.3007136670469457,2.2056150436401367,0.75,101.78638299306232,0.6264190070729231
06876700,-30.32042980194092,0.2978479862213135,0.4334989190101623,0.7472421526908875,0.0979680344462394,-24.01871681213379,-47.09436558089764,-146.5025335041951,0.4913799260137291,1.2932231426239014,1.0769230769230769,68.48432100736179,0.6701090499646495
06878000,-19.64195966720581,0.3628233671188354,0.7143281400203705,0.8176208138465881,0.0728956758975982,-15.87286740541458,-29.77986476249315,-271.7040321318143,0.610424772797568,1.3093112707138062,0.2,42.40022341410319,0.8488933227244536
06879650,-39.73324000835419,0.2044445872306823,0.2609545588493347,0.5578873753547668,0.0530077666044235,-32.69319236278534,-88.4127355097457,-390.8678063538654,0.2950536929242979,1.2580502033233645,0.5,80.16746838887533,0.5153394842224678
06885500,-33.672261238098145,0.5894258916378021,0.694859117269516,0.675467312335968,-0.0050100395455956,-29.111647605896,-24.848889524445703,-192.119524086865,0.6427116350053588,0.9785275459289552,0.2941176470588235,50.58447893928079,0.8521066461457083
06888500,6.773712486028671,0.3876362442970276,0.4951131343841553,1.0739678144454956,0.0605239048600196,-1.0458797216415403,-40.33782802487447,-214.9242066481959,0.6844719729187956,1.202030062675476,0.1666666666666666,44.241391287909615,0.7691958577597507
06889200,-27.300381660461422,0.5033245086669922,0.3643777370452881,0.568485677242279,0.0131528303027153,-21.69209271669388,-20.99802706225521,-8.414547777472132,0.408910492795602,1.084018588066101,0.2222222222222222,46.030192905002174,0.6048758781832444
06889500,-23.44026118516922,0.5094898641109467,0.5898284912109375,0.6089776158332825,0.0094490395858883,-19.833549857139587,-30.33336203272014,-194.93761849480904,0.5528282218631355,1.0497539043426514,0.2,57.17505931854247,0.7888397687884308
06892000,-13.127285242080688,0.550163596868515,0.733259916305542,0.8329536318778992,0.0415698289871215,-9.775325655937197,-21.90192482364773,-88.5769412337735,0.7341824813835813,1.149989366531372,0.6190476190476191,39.36356135777065,0.8576706143197287
06903400,27.20071971416473,0.5806286931037903,0.5254804193973541,1.1305571794509888,0.0264069326221942,8.435535430908203,-42.50570460525399,-10.593835973168463,0.746603494033844,1.0797175168991089,0.2352941176470588,41.87249295851764,0.7979858182475825
06910800,-15.62916338443756,0.5292952358722687,0.711400955915451,0.9325146079063416,-0.0026559378020465,-19.03160363435745,-48.08602917456415,-7.847268265997403,0.8330221674176428,0.9884653091430664,0.0909090909090909,59.04160412875089,0.8477033508750049
06911900,-17.631568014621735,0.5139769315719604,0.7380350232124329,0.8115161061286926,-0.0106517123058438,-22.68817275762558,-59.02245338840741,-22.726353812871007,0.7596505006563241,0.9471178650856018,0.0,63.0993298121861,0.8605540126329884
06917000,-4.852186515927315,0.5878953635692596,0.8223726451396942,0.9147838354110718,0.0315164327621459,-7.02185183763504,-53.35050978659841,-21.15000609562956,0.812617487978459,1.1388534307479858,0.3333333333333333,27.98529730902778,0.9074249716512603
06918460,20.82286775112152,0.5443748831748962,0.5359013378620148,1.189962387084961,0.0882406756281852,21.983088552951813,-16.651109146252395,-383.8389973105442,0.6803051685077431,1.1869268417358398,0.1875,54.34757471084595,0.8234286755599589
06919500,10.43556034564972,0.5904075801372528,0.7461536824703217,1.0766842365264893,0.0742722228169441,6.93817064166069,-38.32906476193912,-19.84390354889161,0.7308492402971989,1.2321313619613647,0.75,41.08437895774841,0.8874091917121728
06921070,15.526045858860016,0.570969432592392,0.7402803599834442,1.142255783081055,0.0738839358091354,16.15556627511978,-38.482197203281736,17.056057860005644,0.7031349569084193,1.239579439163208,0.1111111111111111,25.147247314453125,0.8975605626723542
06921200,22.73085862398148,0.4296916723251343,0.4721343517303467,1.2328739166259766,0.0940763875842094,25.02732872962952,-40.43539989837387,-1.14381014550394,0.5247951527675215,1.368860960006714,0.1666666666666666,39.64296976725261,0.8115033741112421
07014500,-0.2529752673581242,0.5654872059822083,0.7787206619977951,0.9779489636421204,0.087394580245018,1.24195059761405,-17.667031403073903,-192.36737412756725,0.7938583571457027,1.173583745956421,0.2777777777777778,48.54676988389757,0.8910192133724993
07056000,1.815258152782917,0.7013767063617706,0.8907376676797867,0.9648184180259703,0.0117537062615156,3.2118722796440125,-16.266260694120458,-438.18164135325605,0.9246799240608754,1.03618586063385,0.0714285714285714,22.531373160226003,0.9440897717812946
07057500,11.520683020353315,0.5211043059825897,0.805098295211792,1.0398653745651243,0.1319687217473983,14.859528839588164,-13.767468675443716,-73.04449439023661,0.7726171108705994,1.2072691917419434,0.25,41.26414358615875,0.9154233345759176
07060710,-33.04980993270874,0.5286837518215179,0.5834253132343292,0.6591457724571228,-0.0083981966599822,-30.372989177703857,-15.181974508844805,-455.5829389761638,0.5880844960350111,0.9600687623023988,0.2,57.63725916544596,0.7721880726809571
07066000,3.114455007016659,0.5547697842121124,0.7209072411060333,0.9939703941345216,0.0349337719380855,2.1866898983716965,-17.54000294236085,-76.80303358299564,0.8453127783312486,1.0660206079483032,0.2631578947368421,58.257072850277545,0.8602392768806598
07067000,3.0555197969079018,0.4564921855926513,0.7045119106769562,1.0009390115737915,0.1378553956747055,3.4163668751716614,-11.115167726746057,8.730580439181331,0.7557728295263075,1.2014228105545044,0.2222222222222222,47.62776692708333,0.8618881596561159
07068000,-12.007956206798552,0.6163556277751923,0.8304971009492874,0.8243062496185303,0.0603275634348392,-10.969776660203934,-15.218708130228006,-22.419100269209757,0.7897889193167846,1.0813350677490234,0.2777777777777778,27.80040370093452,0.9181158667801824
07071500,-22.0014750957489,0.4835145473480224,0.7208576798439026,0.7453197240829468,0.0659006386995315,-14.773951470851898,-8.487112982887513,-15.09397270225817,0.6918533805948728,1.1012778282165527,0.5,54.811324392046245,0.8591628684566445
07083000,-17.1643003821373,0.678342342376709,0.7791124284267426,0.9502361416816713,0.0558573603630065,-10.84352359175682,-4.7611907015320005,-83.82785022497511,0.8512816422851914,1.0825086832046509,1.2,26.35802745819092,0.8867170554650984
07142300,20.37694901227951,-0.1481068134307861,-0.1230031251907348,1.1248575448989868,0.2230486720800399,25.740215182304382,-65.63561350910335,-60.68495873528261,0.1261981954875336,1.7258899211883545,0.875,46.2912917137146,0.5298680936500857
07145700,9.5262348651886,0.5503541827201843,0.6634801626205444,1.047590970993042,0.0399076715111732,9.983521699905396,5.978884286700684,-198.64159256286385,0.7619075246270761,1.1709200143814087,0.1363636363636363,37.916018746115945,0.8412250807180024
07148400,48.878198862075806,0.2181268334388733,0.0707480907440185,1.5166975259780884,0.2514944076538086,44.34877932071686,-8.05908882915858,-199.90977675551292,0.2292164827028924,1.536780834197998,0.4117647058823529,53.99884055642521,0.802522828603596
07149000,57.04352259635925,0.0497150421142578,-0.0858827829360961,1.51072359085083,0.3245351016521454,44.46536302566528,-0.8092204565305022,-5.791502654451072,0.2606733509692204,1.4785646200180054,0.6842105263157895,48.703901391280326,0.7617958602741385
07151500,2.917908690869808,0.5181213319301605,0.5694687962532043,1.0706413984298706,0.0250009857118129,5.1145873963832855,8.265221198247891,-276.4996682527819,0.7782603987292478,1.0692808628082275,0.3,36.82255506515503,0.8015600704290288
07167500,-18.72313022613525,0.5165332853794098,0.6918721497058868,0.8168440461158752,-0.0027815122157335,-21.3094562292099,-30.728885900897367,-78.4150423968683,0.7509816660752123,0.9852864146232604,0.2352941176470588,63.85650073780733,0.8319299622394437
07180500,-17.51919835805893,0.5290072560310364,0.66435107588768,0.7961218357086182,-0.0027162658516317,-16.163167357444763,-32.20967320692717,-2.782626192890544,0.7246429605385762,0.988003134727478,0.2105263157894736,52.39350168328536,0.8153076381390684
07184000,-13.31518292427063,0.583867996931076,0.7704904079437256,0.8495485186576843,0.0127330161631107,-15.300114452838898,-49.82459664792336,-19.68541237127283,0.7984423426162106,1.056468844413757,0.2222222222222222,37.59995566474067,0.8783401848492332
07195800,25.683265924453732,0.2994443774223327,0.2672773003578186,1.251295804977417,0.0720404535531997,15.846510231494904,-22.049864628399018,96.30269968319136,0.6068474334999252,1.1447091102600098,0.0625,59.07236337661743,0.7345218797073777
07196900,21.73175811767578,0.3661931157112121,0.3245841860771179,1.174148678779602,0.0195473115891218,13.074734807014464,-29.883990387217175,4.753244623212013,0.6693154713057189,1.0604255199432373,0.3636363636363636,74.03305227106269,0.7254581056802674
07197000,12.776435911655426,0.5691193342208862,0.8093740940093994,1.1005141735076904,0.0569052882492542,12.606450915336609,-5.298019979431532,-431.3869790099944,0.8021724688580836,1.150149703025818,0.2631578947368421,46.58951006437603,0.9194537419675468
07208500,25.45202076435089,0.554065465927124,0.7559315711259842,1.1336748600006104,0.1141029223799705,17.537029087543488,-14.323029990203928,-457.00704985983054,0.7513484969785289,1.1873993873596191,1.181818181818182,35.01135219227184,0.9059783462393196
07226500,-34.77465510368347,0.414262056350708,-0.003803014755249,0.7890024185180664,-0.051832415163517,-42.44249165058136,-67.30892989220145,-1480930859375.0,0.2649055565687119,0.6417295932769775,0.1666666666666666,76.15178426106772,0.393793618444304
07261000,-15.330690145492554,0.670563280582428,0.8279845863580704,0.8564736843109131,0.0295295193791389,-12.83014714717865,-26.023240085207483,-9.956960335240645,0.8143130679345392,1.0784597396850586,0.1578947368421052,30.568828080829817,0.9121142634260118
07291000,-17.3069030046463,0.4980735778808594,0.5905223190784454,0.7425267100334167,0.0265142694115638,-10.210458934307098,-15.421029309083783,-97.84442548946548,0.6376420018781379,1.1087450981140137,0.3157894736842105,44.54295509739927,0.769380557209847
07292500,0.0536480103619396,0.5447419583797455,0.7411442399024963,0.9487636089324952,0.0654713958501815,4.777727276086807,-8.04555758430714,-56.84931379002387,0.7755630785293122,1.17354416847229,0.2631578947368421,50.81325330232319,0.8672250568108619
07299670,-15.163153409957886,0.0765793919563293,0.3375524282455444,0.8215475678443909,0.0518457926809787,-10.533685982227324,-33.093095024805926,50.76987792660916,0.5047288180843279,1.2596287727355957,0.6666666666666666,76.66994094848633,0.6178466623700601
07301410,3.4137822687625885,0.2873796224594116,-0.0070325136184692,0.7908323407173157,0.0384209416806697,9.008660167455671,-16.76026544321371,-3.0641674907129137,0.3538387243185819,1.0631788969039917,0.4375,75.68706274032593,0.3919032054956751
07301500,-8.034545928239822,0.4046471118927002,0.5905037522315979,0.8788692355155945,0.059428796172142,-8.647163957357407,-13.416441003238315,-13.155593652370255,0.7119042570550986,1.137006759643555,0.8125,53.26365828514099,0.7773890325918973
07315200,-0.0346103071933612,0.2934657335281372,0.4530743360519409,1.124507188796997,0.0785849317908287,5.613021552562714,-68.90929712617398,-1023.3030608666112,0.3072233477877347,1.6402294635772705,0.7272727272727273,58.11861645091664,0.7664541078163367
07315700,24.09677505493164,0.3902221322059631,0.2268130779266357,1.3148983716964722,0.1131989434361457,22.555820643901825,-61.779417314041005,-41.26733339592861,0.3230720435705072,1.5439237356185913,0.6666666666666666,49.890343348185226,0.7485692072767608
07335700,-7.493967562913895,0.3479334115982055,0.3970813751220703,0.9056658744812012,0.1000064387917518,-1.447294745594263,-49.787028562423416,-22.023215777739928,0.5332642938049456,1.324014663696289,0.3684210526315789,65.22237878096732,0.6775751406764975
07340300,-0.223327986896038,0.5731737613677979,0.6525695323944092,0.9692437648773192,0.0289660394191741,-0.3773917909711599,-13.241435257185891,-647.74884508851,0.8033692502887553,1.076970100402832,0.2083333333333333,43.09736092885335,0.8216932155607575
07346045,-0.1802608370780944,0.622189849615097,0.8315773606300354,0.9660925269126892,0.0647085905075073,0.8877629414200783,-34.78470337769741,-23.692712380853745,0.8388919881870811,1.132973313331604,1.1428571428571428,29.79241098676409,0.9155951856778302
07362100,-12.378015369176865,0.5929119884967804,0.6765690743923187,0.9118186235427856,0.0815498158335685,-6.582858413457871,-24.5307910693762,-9.232633932524957,0.6959281748791103,1.2365849018096924,0.4666666666666667,61.07350031534831,0.8305558973756886
07375000,-16.09242558479309,0.4787651300430298,0.4465352892875671,0.7894006371498108,0.0346931777894496,-15.95635861158371,-6.955543402565047,-63.159068869017766,0.605423306005981,1.0885677337646484,0.5294117647058824,70.7455130184398,0.6782944943801266
08013000,24.983198940753937,0.5970682501792908,0.7116268873214722,1.238831639289856,0.1514810919761657,22.76596575975418,-9.47022289863802,-621.8093859459474,0.5765919445106781,1.3393523693084717,0.6470588235294118,29.41909397349638,0.9158941204665484
08014500,2.444472908973694,0.5454771816730499,0.7614392638206482,1.0232641696929932,0.1198606342077255,9.12453606724739,-10.548927102969344,11.626346591424824,0.7225544365108101,1.2539523839950562,0.8333333333333334,38.78007994757758,0.8907159399932577
08023080,-5.495909601449966,0.6165170073509216,0.7104650437831879,0.9748318791389464,0.0250123292207717,-2.357115037739277,-53.17314794072634,-40.78951459247326,0.8233318295471856,1.0933586359024048,0.1428571428571428,28.0587945665632,0.8521406978039249
08029500,-16.333626210689545,0.5641122758388519,0.4936160445213318,0.6315051913261414,0.0225318912416696,-9.070433676242828,-1.1911074384359814,32.2265809290365,0.523133404078447,1.0758445262908936,0.4736842105263157,41.35002086037083,0.7069796353187445
08066200,16.304585337638855,0.4948810935020447,0.4352723956108093,1.1829843521118164,0.0428065657615661,12.178073823451996,-33.329246474909446,-3.115556678385481,0.6585962725375396,1.1816705465316772,0.35,69.54675197601318,0.776238867248214
08066300,12.078913301229475,0.4570702314376831,0.4879332184791565,1.12086284160614,0.1101414710283279,13.219158351421356,-18.726650471912684,-929.4386692163018,0.6495584898037018,1.2476495504379272,1.1578947368421053,44.2812116522538,0.7835025964233201
08070000,18.93369257450104,0.4688557386398315,0.3764301538467407,1.1958245038986206,0.1140726208686828,18.89308840036392,1.702783439994681,-41.45645590202688,0.5261364732878695,1.359106183052063,0.6470588235294118,49.40431258257698,0.7607466720927475
08079600,-59.9863350391388,0.471771776676178,0.2873890995979309,0.3757219016551971,-0.0533219799399375,-59.58091616630554,-87.60847447736526,-280.28406063421147,0.1152226197475552,0.5398784875869751,0.2222222222222222,76.35244263543022,0.5740938338693292
08082700,-58.77454280853272,0.4219833612442016,0.3068850636482239,0.2645180821418762,-0.0227343440055847,-56.5881609916687,38.14412244364105,-3428.5744645706677,0.1234587821506074,0.6189419031143188,0.5833333333333334,70.84668477376303,0.7133197218319768
08086212,-9.105218201875688,0.3150961399078369,-0.1402398347854614,0.9749984741210938,0.0183304995298385,-7.908803969621658,21.547536232007523,20.95129103043992,0.3857265312263359,1.188050389289856,0.4166666666666667,108.51359367370604,0.4157535886024719
08086290,-33.30398499965668,0.2978339791297912,0.1819492578506469,0.7791011929512024,0.0094238622114062,-32.1431040763855,-73.389679969321,-264.7325543071715,0.4512504625365502,1.0930880308151243,0.5,72.70289148603167,0.5063762663427429
08101000,-15.701399743556976,0.4883314967155456,0.6018147468566895,0.8516055345535278,0.010627799667418,-16.658708453178406,-25.809599424076676,-1.0557142307702887,0.7277699617548326,1.0577945709228516,0.1764705882352941,72.98529007855583,0.7792103627439353
08103900,-39.15523290634155,0.4924403429031372,0.4357479810714721,0.5541338920593262,0.0169929955154657,-32.15009570121765,-81.15204010645412,-80.25501248285741,0.4388559434962268,1.086719632148743,0.4666666666666667,61.19909286499024,0.6705067962167779
08104900,-17.370609939098358,0.439538836479187,0.4469754099845886,0.6072208881378174,-0.0030701362993568,-15.350888669490814,-57.718709454784,-10.396708820983404,0.4876446042858763,0.9792419672012328,0.1666666666666666,36.599548657735184,0.6716682700736089
08109700,-33.697181940078735,0.5938358306884766,0.6237221956253052,0.7118561267852783,-0.0620943829417228,-34.92053151130676,24.248817341333503,4.325591937111583,0.5684547264221125,0.7512299418449402,0.7333333333333333,57.26685841878256,0.7967319758502083
08150800,-63.84653449058533,0.3887287974357605,0.302649974822998,0.4045222103595733,-0.053310576826334,-61.57289743423462,-57.81600379127231,-9.488196753702272,0.1969376705448687,0.662664532661438,0.2142857142857142,78.70066506522042,0.5798570606206412
08158700,4.513465240597725,0.6051673889160156,0.6796537339687347,0.9612830877304076,0.0592968054115772,7.682646065950394,-52.8263552470805,-54.29390538246979,0.7489992991891301,1.18601393699646,0.7142857142857143,43.970656394958496,0.8359842454063222
08158810,-21.029144525527958,0.5292276442050934,0.3755337595939636,0.7880923748016357,-0.0074817980639636,-20.596997439861298,-43.42168272233109,,0.5746089124830984,0.9703965187072754,0.4615384615384615,57.80203159038837,0.6323366082719779
08164000,12.966544926166534,0.6236688494682312,0.5772498846054077,1.1781370639801023,0.0091538541018962,3.6931995302438736,-18.90911678587188,-112.63332026276602,0.754374688765884,1.0327458381652832,0.4285714285714285,53.67838995797294,0.8340883065053633
08164300,-18.57237964868545,0.5748523473739624,0.6123861968517303,0.8775699138641357,-0.0253744404762983,-23.42243641614914,-32.60681546141247,-8.39795531829319,0.7202977476229968,0.864624559879303,0.5882352941176471,58.21896160350126,0.7880620038651369
08164600,-1.2102598324418068,0.4968702793121338,0.5198840200901031,0.9752678275108336,-0.0020787024404853,-8.561189472675323,-22.666986033786984,-0.0902989789230094,0.7526833340575658,0.9889768362045288,0.5,89.88039228651259,0.7541700938518954
08165300,6.879858672618866,-0.0125489234924316,0.0943355560302734,0.8572945594787598,0.0371710695326328,11.094428598880768,-70.38450166331334,-493.3445728136724,0.435672062659429,1.1798125505447388,0.2857142857142857,86.9281564440046,0.4844724791290984
08171300,16.630788147449493,0.5257354378700256,0.5203856825828552,1.1176953315734863,0.0521941035985946,16.947469115257263,-27.924688752498632,-35.470198795992154,0.6877804482318601,1.2017970085144043,0.1666666666666666,79.34114933013916,0.7928603736926643
08175000,-6.398347020149231,0.5287641882896423,0.5614200532436371,1.1234309673309326,0.0073418146930634,-10.934066772460938,-24.535805683814583,-10.218077941876269,0.7712623265419314,1.0399268865585327,0.5333333333333333,61.86909993489584,0.8116079532132465
08176900,-13.081702589988708,0.4944167733192444,0.6690158843994141,0.8472749590873718,-0.0103085162118077,-14.43292498588562,-41.75361406123678,-12.641488672869144,0.7552823854507745,0.9398233890533448,0.3571428571428571,61.82750293186733,0.8185046880939504
08189500,2.8425823897123337,0.5159607529640198,0.5802136659622192,0.9448253512382508,0.0284381471574306,7.567206770181656,-25.47246870621479,-4.1896422295315165,0.722554817794127,1.1596328020095823,0.0769230769230769,51.64607488192045,0.7798887649713512
08190000,2.265720628201961,0.4633811712265014,0.3884958624839782,0.962116837501526,0.0033099821303039,1.1465865187346935,-26.085224517241457,-701.7177550015903,0.6805191632297898,1.0109012126922607,0.3,62.81268119812011,0.6829605156698206
08190500,78.57363820075989,0.0251224040985107,-1.1523923873901367,1.9695097208023071,0.0771163180470466,76.01979374885559,-73.64317619204255,-61.70348224744956,-0.2725900995631913,1.7653238773345947,0.5,109.9212408065796,0.6937063083287093
08194200,-60.21231412887573,0.4168424010276794,0.1496344804763794,0.3833936154842376,-0.0467812940478324,-57.07942247390747,-79.80720306971543,-283.72736937508427,0.0406616458594786,0.5905426740646362,1.181818181818182,80.93836524269797,0.3896956967730723
08195000,23.890548944473267,0.2797958254814148,0.1339244246482849,0.9788288474082948,0.0622229687869548,22.341497242450718,-34.724652484340275,27.290268147248696,0.4966231142197694,1.2432414293289185,0.875,55.70266246795654,0.5598026823187506
08196000,25.30772089958191,0.2249730825424194,0.327616274356842,0.7303330898284912,0.0480198450386524,21.50132954120636,-52.72773689800761,-210.2905934307472,0.4205423187580431,1.3095170259475708,0.0769230769230769,130.82721416766827,0.5910376880965343
08198500,4.129120707511902,0.0916873812675476,0.3058225512504577,0.6170514225959778,0.0564472526311874,22.28149324655533,7.501732881600947,30.72241753227144,0.0337103822744428,1.769747972488403,0.0,33.04604121616909,0.5589171605713602
08200000,-32.78205692768097,0.4428157210350036,0.3405783176422119,0.3735564351081848,-0.0032509565353393,-25.546959042549133,-52.54265750549452,-17.199683531377634,0.2781857404344529,0.9702278971672058,0.4285714285714285,59.44226809910366,0.642651560503328
08202700,-54.47661876678467,0.3753482103347778,0.0793337821960449,0.2970660328865051,-0.0154347093775868,-51.04362964630127,924759578.704834,-644603710937.5,-0.0777413254947125,0.6094231009483337,0.4285714285714285,69.12646974836078,0.2824626222388352
08267500,-45.68862617015839,0.5277317464351654,0.5513866245746613,0.524519681930542,-0.1962666064500808,-43.23683083057404,-34.02813143424102,63.64136468788759,0.4294808258488796,0.7380034923553467,1.5,56.468164920806885,0.824590692422983
08269000,-23.496155440807343,0.6199229657649994,0.7802944928407669,0.7479426264762878,-0.0835793241858482,-22.51326143741608,-39.67218964918571,43.60602191917332,0.698073567307109,0.8670328855514526,0.875,36.92632615566254,0.9002683716857607
08271000,-36.81836724281311,0.6010249555110931,0.7331951856613159,0.6082829236984253,-0.1583811938762664,-34.20707583427429,-23.03199118307896,17.406450832175892,0.554266835638008,0.8000741004943848,0.4444444444444444,43.555357721116806,0.9274367816812714
08324000,12.866270542144775,0.4740132689476013,0.584351658821106,1.1820749044418335,0.1825118213891983,14.01582658290863,-7.15458389913006,-714.8718719782819,0.628555357681182,1.288104772567749,0.6923076923076923,46.25769761892465,0.8522993178636692
08377900,11.551237106323242,0.5663707554340363,0.6733397245407104,1.0744305849075315,0.0290988869965076,19.40181404352188,-23.34003615572473,54.483597274841024,0.8273122566028279,1.0454665422439575,1.181818181818182,47.66741665926846,0.8509565892556512
08378500,1.0395213030278685,0.6261237263679504,0.7949831336736679,1.0922688245773315,0.1339386701583862,10.475658625364304,-15.857062064322331,39.64759709277799,0.7730252380266353,1.1905848979949951,1.0,30.209314823150635,0.91826014900784
08380500,-43.46798658370972,0.5030675530433655,0.482449471950531,0.6867133378982544,-0.0273858215659856,-37.06290125846863,-22.644756454555157,-614.1689773496206,0.5601237082664566,0.950750172138214,1.1875,60.92941164970398,0.6951769794881225
09034900,-7.982314378023148,0.7395548522472382,0.8300797343254089,0.9222164154052734,-0.0096346028149127,-7.548518478870392,-4.969306917343933,-1048.167195770949,0.8806913044539361,0.9826894402503968,1.2,25.896344184875485,0.9112045985331796
09035800,38.228049874305725,0.5504583716392517,0.6217994093894958,1.3821628093719482,0.2450006604194641,37.44880557060242,-11.411311719477684,-256.5257605163948,0.4708330586854267,1.360682725906372,1.2,25.81348419189453,0.937732752221494
09035900,-0.1001441152766347,0.7717254906892776,0.8875986188650131,0.891552746295929,-0.0764149650931358,-3.5032078623771667,-14.060946555002111,-386.5213707923168,0.8364073301123114,0.8896592259407043,1.2,23.365366458892822,0.9468335784068312
09047700,12.945140898227692,0.5873254835605621,0.6746900677680969,1.0277845859527588,0.0291809253394603,14.637991786003113,-22.20058986390467,20.443259064226297,0.8358237928856036,1.037224531173706,2.375,28.08617353439331,0.842531977707216
09065500,-24.794048070907596,0.7373853921890259,0.8213575631380081,0.7681958079338074,-0.0782222300767898,-27.56843864917755,-9.14876386317054,-95.6736001372149,0.7146754012555987,0.852694571018219,1.3,37.96899318695069,0.9226821250829615
09066000,-8.948391675949097,0.7449222505092621,0.8751814812421799,0.8912087678909302,-0.0313650891184806,-10.097938776016235,-5.520332202221364,3.29261274265693,0.8604561026890177,0.9392656683921814,1.2,24.974162578582764,0.9371644363669748
09066200,-25.16348659992218,0.7051465511322021,0.7974349409341812,0.7845091819763184,-0.0702919960021972,-22.735396027565,-31.814910307896252,-20.895305144366034,0.7273423311614221,0.8635411858558655,1.5,43.64529609680176,0.9036417945043148
09066300,-19.06619668006897,0.6744259893894196,0.7158012092113495,0.7903938293457031,-0.0799134001135826,-15.84322452545166,-23.721174111503583,,0.6946921828298283,0.834504246711731,1.2,39.36563014984131,0.8520497648112544
09081600,-19.302085041999817,0.7894299626350403,0.9030847027897836,0.8527863025665283,-0.0440721698105335,-18.24866086244583,-16.36262255858326,11.602119100457893,0.8335498077426386,0.9352949857711792,0.5454545454545454,29.886497150767934,0.9570226231125384
09210500,-27.5633305311203,0.6536147892475128,0.7440510988235474,0.7443209290504456,-0.1354852467775344,-25.632205605506897,-18.163926528101097,32.52713102637829,0.6736396068982943,0.8334012031555176,0.8,38.179566860198975,0.8843100706463892
09223000,-19.70898061990738,0.7379248440265656,0.8718594014644623,0.8266637325286865,-0.0083824396133422,-20.364762842655185,-14.651442787214888,54.64683084632678,0.8161662253313455,0.9846977591514589,0.9,29.5765233039856,0.9407105699719408
09306242,21.498537063598636,-0.9334595203399658,-1.5036871433258057,1.087202787399292,0.6229261755943298,20.908868312835693,-56.34103520784096,-11.557194746831408,-0.3170321831967964,1.8871724605560305,1.4444444444444444,65.06268183390299,0.0305184526372498
09312600,-26.8547922372818,0.6375307738780975,0.7540227919816971,0.8897618055343628,0.0368219278752803,-20.890647172927856,-14.929308275572913,-4.495529225019518,0.8070291748425636,1.0895525217056274,0.5,68.7934398651123,0.8693645312364925
09352900,-25.971245765686035,0.6821134090423584,0.7902010828256607,0.7831616997718811,-0.0691434741020202,-24.354931712150574,-19.129157504672627,-669.3800779096341,0.741422794754951,0.9016739130020142,0.9375,44.38088536262512,0.8991272918863337
09378630,10.288021713495256,0.3001920580863952,0.0347360372543334,1.2912687063217163,0.1882471591234207,18.9407080411911,-75.88885522137979,-296.5761747600789,0.1981660757605615,1.6715985536575315,0.8,39.73854064941406,0.6728065319967363
09386900,4.401252791285515,-0.0459382534027099,-0.3804364204406738,1.0169358253479004,0.1335422098636627,17.945818603038788,-69.0481680649573,-111.11925025416043,-0.0618511313028471,1.823765754699707,1.3333333333333333,76.84113184611002,0.3301858584256796
09404450,-9.403645247220991,0.4666049480438232,0.8459538072347641,0.9089657664299012,0.1183742135763168,-9.910612553358078,-18.56674379026765,12.758469037660843,0.8083590364613013,1.1522729396820068,0.1666666666666666,27.42286721865336,0.927529460710262
09430500,9.630023688077928,0.408682107925415,0.3994964957237243,0.9702576398849488,0.0258755050599575,13.020963966846466,6.513249515389536,-479.56614012609657,0.6829226569833928,1.0662240982055664,0.5,65.48864046732584,0.6913451729097416
09430600,-27.78557538986206,0.4320297837257385,0.2489458322525024,0.4796651005744934,0.0032477518543601,-19.86842155456543,-27.33695005020516,,0.277668279256272,1.0189069509506226,0.8,73.39359283447266,0.4993431969520501
09480000,9.86354947090149,-0.1769475936889648,-0.2381534576416015,0.7670572400093079,0.0727709531784057,18.993356823921204,-28.317568882221344,-30.267932322188752,-0.1324858374314799,1.79877507686615,0.8333333333333334,65.61879714330038,0.2317420881446937
09492400,10.759972780942917,0.5546263456344604,0.5875071585178375,1.0027751922607422,0.0230771824717521,1.3910808600485325,-14.376303147181757,-854.5139905250727,0.792840662119945,1.0267503261566162,1.125,53.256332874298096,0.7945937935958766
09494000,3.0460622161626816,0.6124495565891266,0.6104084849357605,1.0265229940414429,0.0729675367474556,8.284380286931992,-19.105359719154983,-310.1592918639781,0.7812786910120398,1.1105953454971311,0.6666666666666666,39.13825670878092,0.8131733120058741
09497980,-7.91027620434761,0.43523770570755,0.6891615688800812,0.7964302897453308,0.0543412305414676,1.01063409820199,8.841241634428387,-1250.437134595226,0.5700641739008026,1.33974027633667,0.25,42.6164984703064,0.83272557797107
09505350,54.686808586120605,0.4903906583786011,-0.0357996225357055,1.476489543914795,0.0764342844486236,44.07984912395477,-81.06577461022587,-17080.23657069833,0.3364414067852311,1.3732801675796509,0.6666666666666666,69.07477908664279,0.7280999491343528
09505800,29.012662172317505,0.3773932456970215,0.2387875914573669,1.1516437530517578,0.0731897801160812,27.00299620628357,85.71798452839364,-3987.530335704538,0.5252647985992751,1.318023920059204,0.6666666666666666,43.13398996988933,0.6818200668182525
09508300,-27.992501854896545,0.6122549176216125,0.7846470028162003,0.7378684878349304,-0.0074005248025059,-26.36241912841797,-87.03989019044815,-176.0638716379581,0.7142746212141597,0.9446866512298584,0.3333333333333333,57.17038048638238,0.9006697636155108
09510200,-27.46979296207428,0.6454188525676727,0.8207085877656937,0.7832910418510437,-0.008663616143167,-26.48618519306183,-76.87965366139865,-128.6320176290539,0.7580812605311693,0.9334051609039308,0.2727272727272727,67.11228110573508,0.9155782529797531
09512280,16.10814481973648,0.2472794651985168,0.4462637305259704,0.8772337436676025,0.0477743819355964,20.36142200231552,-91.65728011423856,-758.2575375233564,0.2605634938101151,1.6619877815246582,0.5555555555555556,70.51564852396646,0.6942763173967493
09513780,34.71399247646332,0.3831358551979065,0.2999511361122131,1.027991771697998,0.0302321128547191,32.83089101314545,-79.19762456811624,-713.4195491334538,0.507300428413612,1.355802059173584,0.8888888888888888,74.27779303656685,0.6603321869142518
10172700,-47.12909162044525,0.2492840886116027,0.4959031343460083,0.7051417231559753,-0.0908227711915969,-37.422966957092285,17.9703819393544,59.84224233483587,0.5802521560137756,0.9280425310134888,0.5,48.50917160511017,0.7100535018926567
10172800,-26.43142640590668,0.6024730801582336,0.7173967659473419,0.7035213708877563,-0.1249476373195648,-23.160257935523987,-24.569013807646744,2.9048594727729107,0.6492568627335913,0.8624486327171326,1.8,33.681559562683105,0.8727176674560794
10205030,9.765110909938812,0.3934841752052307,0.4662085175514221,1.1731908321380615,0.1614616066217422,17.348183691501617,-6.0885923220591405,53.332288786249,0.6687215158985719,1.1956957578659058,0.9,48.25771331787109,0.7963985755325991
10234500,-43.91297399997711,0.6370817720890045,0.6473594903945923,0.6511175632476807,-0.0440807864069938,-39.72596824169159,-3.456192596810169,-41.504067466452845,0.6039537444740618,0.935071051120758,1.1111111111111112,30.495097902086044,0.8241650960721466
10242000,-27.15028524398804,0.5414202213287354,0.6005948185920715,0.8034678101539612,0.0042625502683222,-18.020078539848328,-17.024469958573356,31.766947756236117,0.7014667380407111,1.009774684906006,0.9,56.48458480834962,0.7754968543976227
10244950,-25.1095712184906,0.2163028120994568,0.563258945941925,0.90865957736969,0.1863635182380676,-16.499152779579163,19.76929755547405,-4.311011983750475,0.6906166773724911,1.2011243104934692,2.0,30.17614285151164,0.783380565871203
10249300,-41.64520502090454,0.543030172586441,0.6223921179771423,0.6390161514282227,-0.0674572065472602,-34.04837250709534,-11.390269877035893,58.61948547950273,0.5695277724349956,0.8624492287635803,2.0,43.96396023886545,0.8100611016475268
10258500,76.13505721092224,0.0517449975013732,0.1134672164916992,1.5840529203414917,0.1646186560392379,79.80542778968811,-87.71754671257119,-2418268359375.0,-0.5167443404289844,2.390190362930298,0.4285714285714285,207.09266662597656,0.8363957968765573
10259000,-3.874725103378296,-0.0591436624526977,0.5370043516159058,0.6843632459640503,0.1981808692216873,13.688834011554718,-8.276863714470297,67.27360056394578,0.2860600924775317,1.594992995262146,0.125,39.36045467853546,0.7632153580913242
10259200,53.04078459739685,0.153335154056549,0.3071658015251159,1.248147964477539,0.112987495958805,54.46246862411499,-83.51891628251906,-528.6434913574072,-0.0775239970750913,2.018868923187256,0.8888888888888888,72.14363945855034,0.7522366666320914
10263500,-36.98795735836029,0.5732924342155457,0.6350626349449158,0.5888431072235107,-0.0753213763236999,-35.11688411235809,-37.16257547454637,-819.5502442594166,0.5050383541364255,0.7767290472984314,1.0,55.43188367571149,0.8384849168712254
10316500,-10.4365736246109,0.7415062487125397,0.8394608944654465,1.0435572862625122,0.0442265644669532,-2.481035701930523,-3.305386461594491,-968.6401379528191,0.8754072963861772,1.0893876552581787,0.5,31.95870161056519,0.9249270242051612
10329500,39.445099234580994,0.5938169062137604,0.531035840511322,1.299580454826355,0.1026098281145095,34.03638005256653,-0.3585004235849421,-819.2228092142569,0.6197792040460133,1.1862751245498655,1.1,31.932921409606934,0.8581515501112206
10336645,-8.090433478355408,0.7140094339847565,0.8570959866046906,0.8877267241477966,0.0247435811907053,-8.994341641664505,-14.432121410810112,-735.4153329402147,0.8563000029146941,1.052047610282898,0.5454545454545454,27.8408484025435,0.9269558561171976
10336660,10.002412647008896,0.7097503840923309,0.8896804377436638,1.0484412908554075,0.0964984148740768,9.510401636362076,-23.629330285611587,-462.50136992445306,0.8036697293421585,1.1843507289886477,1.3636363636363635,18.715633045543324,0.9529486956801688
10343500,7.389397919178009,0.4656656980514526,0.6907391250133514,1.2706053256988523,0.2524719834327698,17.243283987045288,-10.751631510439124,-218.48529497610664,0.459093583073124,1.4634175300598145,0.9090909090909092,35.19630432128906,0.9322010146879004
10396000,1.3224195688962936,0.552078127861023,0.7607968002557755,1.0705510377883911,0.1917419880628585,4.205885156989098,-15.459627788427992,22.28124642319365,0.7116004149323037,1.2639917135238647,0.5,37.60537079402378,0.907776104371296
11098000,-35.08562445640564,0.6897871494293213,0.8167840540409088,0.6487351059913635,-0.0198758989572525,-32.343924045562744,-49.30645601562356,-9.820856394100169,0.6231718361108509,0.8714927434921265,0.375,41.53953194618225,0.95419252940853
11124500,2.0016372203826904,0.4829798936843872,0.6724426448345184,0.8826310634613037,0.0757370740175247,8.869729936122894,-51.97109419297677,,0.5480361314662172,1.400055170059204,0.125,58.81880521774292,0.825495753333338
11141280,-15.2174174785614,0.3635919094085693,0.5333452820777893,0.8431927561759949,0.0473603159189224,-4.00390662252903,1.2167071618838243,-1042.655089680353,0.6687846029168757,1.1307448148727417,0.6,56.17595672607422,0.739191792818663
11143000,-12.275521457195282,0.625115841627121,0.6657168567180634,0.9166131615638732,-0.0134581634774804,-10.33724695444107,6.882176562892934,-905.5779783697288,0.801461695667018,0.9751432538032532,0.5833333333333334,36.76337798436482,0.8215448638129079
11148900,-34.971654415130615,0.6185819208621979,0.6748365759849548,0.6844303011894226,-0.0116861816495656,-30.10855615139008,-84.12561043719262,-97.03586533844036,0.6414172955841442,0.9567180275917052,0.3636363636363636,48.22997179898349,0.8353063693908045
11151300,-32.0306658744812,0.4798603653907776,0.4501295685768127,0.6043622493743896,0.002944414736703,-30.897918343544006,-42.13039107777214,-28.219387778737055,0.4873837888065683,1.018805980682373,0.4,71.17132663726807,0.6745887442807323
11162500,-24.43227469921112,0.663739413022995,0.7637508511543274,0.7598413228988647,-0.0487746708095073,-23.047390580177307,-23.05778987472662,-486.0153965875303,0.6989203259973344,0.8602488040924072,0.0769230769230769,46.76534946148212,0.8840587081623564
11176400,-9.216003865003586,0.5115423500537872,0.3506141901016235,0.9604251384735109,0.0109095051884651,-12.74355798959732,-84.47080663718488,-167.752550432159,0.6572814274239338,1.04679274559021,0.4,61.33512020111084,0.6628052650413038
11180500,-23.68738502264023,0.5823998749256134,0.6605735421180725,0.7489346265792847,-0.0143911382183432,-24.87228065729141,-81.30787475071568,-600.5321079948702,0.6837647629432184,0.9454760551452636,0.5833333333333334,67.35092004140219,0.8156144179634609
11180960,-43.17757487297058,0.54128697514534,0.5521890819072723,0.5160220265388489,-0.0689497888088226,-45.361411571502686,-69.31616281223269,-89.58919359327953,0.4093498219537606,0.7285370826721191,0.5384615384615384,64.73898520836462,0.7976615742219788
11224500,109.9811315536499,-0.2437496185302734,-0.9897924661636353,1.7059801816940308,0.2089402824640274,115.34721851348876,-81.1039134382985,-702.4578135780232,-0.7169433341484333,2.5064685344696045,0.3333333333333333,45.5216195848253,0.5756900303021344
11230500,-0.1927630044519901,0.511602908372879,0.6372305750846863,1.1632167100906372,0.1959115266799926,1.6158808022737503,1.233815999878425,-619.3004869421525,0.6233821410731903,1.3143583536148071,0.6666666666666666,38.5936697324117,0.8720150683775972
11237500,-6.8710364401340485,0.6608692705631256,0.8011683970689774,0.9502182006835938,-0.0056940973736345,-6.881643086671829,-30.09652294098086,7.42898072640968,0.8846530927400159,0.9875439405441284,0.3333333333333333,27.612489461898804,0.8966969116913912
11253310,-3.293842077255249,0.3860445022583008,0.3742277026176452,0.9000328183174133,0.0458626747131347,5.133484676480293,-79.05582794314554,-399.0499471285804,0.5166876309073591,1.327676773071289,0.125,54.36316132545471,0.6590816210674926
11264500,-9.99349281191826,0.7184729874134064,0.8927191272377968,0.923393726348877,0.0208704285323619,-9.47941243648529,-28.58080366775406,-395.977520617432,0.8995309871009329,1.0351557731628418,0.9166666666666666,27.176785469055176,0.9453230121209576
11266500,-3.28872911632061,0.7509586811065674,0.9078064635396004,1.0242503881454468,0.0444292798638343,-0.3435154911130667,-19.10957374126513,-522.778743682787,0.9116319619195828,1.0728447437286377,0.6153846153846154,23.07627384479229,0.9562453186494708
11274500,-10.348892211914062,0.4864852428436279,0.4047516584396362,1.0798324346542358,0.0237091407179832,-10.9733946621418,-63.17897088226536,-1425858789062.5,0.6847747702533514,1.1370651721954346,0.3333333333333333,70.06628778245714,0.7275906271490638
11274630,21.615907549858093,0.3847148418426513,-0.0359419584274292,1.3371927738189695,0.0704929754137992,20.050279796123505,-83.47414469281172,-260.6051838732208,0.4396378017655707,1.2875207662582395,0.3333333333333333,106.25330607096356,0.6570151089848628
11284400,-27.385643124580383,0.6317961513996124,0.7565658688545227,0.7799932956695557,-0.0011075717629864,-25.333476066589355,-85.74937397062983,-125.16279253875756,0.7468966632632006,0.994681715965271,0.0833333333333333,58.45037698745728,0.8749797417540497
11381500,-16.608887910842896,0.67512446641922,0.8578263968229294,0.8087309002876282,-0.0943348333239555,-17.86651760339737,-16.29743293461609,-204.65099575277415,0.7718661589640021,0.8909696340560913,0.0,31.08867009480794,0.940220737515472
11383500,-10.640833526849748,0.7333897054195404,0.9072376564145088,0.8893430233001709,-0.0258731096982955,-10.028678923845291,-15.450781824495207,-324.77558640277795,0.8744507654850099,0.9612392783164978,0.1538461538461538,26.7848565028264,0.9551084612702178
11451100,9.640384465456007,0.4907663464546203,0.648430734872818,1.19128155708313,0.1915258467197418,14.249107241630554,-18.826827486430865,-5.939364631307496,0.4363985816954108,1.5171210765838623,0.2307692307692307,25.052353051992565,0.8831936783065869
11468500,7.367590069770813,0.742033839225769,0.8123366087675095,1.0780885219573977,0.0544661991298198,6.496889889240265,-7.160646756665125,-351.33099071475976,0.8181893616254223,1.141761302947998,0.2307692307692307,20.867325709416317,0.9171687018623612
11473900,-0.3920738119632005,0.6538055539131165,0.7377423346042633,0.9728235006332396,0.0146524431183934,-0.1555561320856213,-32.863733623757994,-270.8282873335042,0.8597760317657256,1.02978515625,0.3076923076923077,38.961623265193055,0.8656979388963134
11475560,-37.12829947471619,0.7262750864028931,0.7969133257865906,0.6912282109260559,-0.0638836473226547,-34.74327027797699,-20.28858830223716,-516.4941568874839,0.652268106098441,0.8587396740913391,0.25,45.83934942881267,0.9250135170005966
11476600,-6.743861734867096,0.6828355193138123,0.8068421334028244,0.961824119091034,0.0040265480056405,-5.3317103534936905,-30.909155081510885,-240.73835199127703,0.8929671989135257,1.0083221197128296,0.0,40.56378602981568,0.9003538011325743
11478500,-29.89170253276825,0.6819762885570526,0.7823379188776016,0.7070350646972656,-0.1249140799045562,-28.33340167999268,-26.75476465619799,-320.9210903223099,0.5993091125430356,0.7392920255661011,0.25,39.51931794484456,0.9178045862551456
11480390,-12.208545207977297,0.6670651435852051,0.7207714915275574,0.8721656203269958,-0.0321125388145446,-6.298191100358963,-40.09868951644826,-30.799536042789704,0.7880316993934574,0.9221957921981812,0.1538461538461538,29.182982444763184,0.8498819228607852
11481200,-22.722947597503666,0.6664470136165619,0.7643689662218094,0.7675370573997498,-0.0920068472623825,-23.2997328042984,-29.080923682230825,-518.4018936235339,0.6849302610735699,0.8196935057640076,0.1111111111111111,44.12930011749268,0.8872192887009147
11482500,-32.704153656959534,0.6352275907993317,0.7221692800521851,0.6765409111976624,-0.1711152642965316,-33.888185024261475,-29.66062066234481,-240.87102500384043,0.5488579600619206,0.7040452361106873,0.25,47.38200902938843,0.893632073434356
11522500,-42.07777678966522,0.6101931929588318,0.6531727313995361,0.6855913996696472,-0.0732877030968666,-35.494521260261536,-18.86177160811361,-161.26678067857395,0.6253759402887159,0.8990734219551086,0.375,43.85486245155335,0.8230699460322789
11523200,-5.039457976818085,0.6884787976741791,0.8120558857917786,0.8970161080360413,-0.0529971420764923,-6.120987981557846,-13.455235207463398,-733.8528746367386,0.8399721321901035,0.9255744814872742,0.125,33.138132095336914,0.9027165036306296
11528700,0.551312230527401,0.6664881706237793,0.7763775140047073,0.9615522027015686,-0.0552848018705844,-1.0517558082938194,-21.71946098469412,-345.7708180472162,0.8438007422792531,0.9002940058708191,0.3076923076923077,44.96826758751503,0.886075947534672
11532500,-10.947645455598831,0.7709257006645203,0.8898061588406563,0.9145175218582152,-0.002182105788961,-9.080041199922562,-11.080646066912896,-882.7715536138915,0.8976092285367492,0.9964449405670166,0.1875,22.4126860499382,0.9437507549916718
12010000,-11.319750547409058,0.746148943901062,0.8990841880440712,0.9212241172790528,0.0275903288275003,-9.307106584310532,-2.749751095101265,-734.2661653100633,0.8964084385125212,1.0438799858093262,0.4117647058823529,23.93502347609576,0.9490086403562034
12013500,-18.6273992061615,0.7699938267469406,0.8949328511953354,0.8444958925247192,-0.0349232852458953,-15.852440893650057,-17.60416582898729,-536.095947996149,0.8281478140856587,0.9440817832946776,0.2352941176470588,23.88766513151281,0.9528322207184792
12020000,-33.441731333732605,0.6711800992488861,0.5615186393260956,0.6044970750808716,-0.0053732241503894,-26.64946913719177,-14.12280246645613,-662.7952724197495,0.5406434047124856,0.9870375394821168,0.5714285714285714,34.71863269805908,0.7667235703465225
12025700,-28.28042507171631,0.6744791269302368,0.7879993617534637,0.711307942867279,-0.0804412588477134,-26.94436907768249,-13.067041630675272,-955.6773327796742,0.6756993422506535,0.8797879815101624,0.2222222222222222,32.228048642476395,0.9141112150759164
12035000,4.6416934579610825,0.7856378704309464,0.9108199179172516,0.9805569052696228,-0.0461695939302444,-1.0993649251759052,-4.3713369968927145,-1084.0326248773954,0.9198872944548188,0.9360714554786682,0.0588235294117647,20.87929108563592,0.9558055110623668
12040500,-6.844182312488556,0.6632046103477478,0.8373306542634964,0.8627011775970459,-0.1184713318943977,-9.909304976463318,-17.098089245909847,-18.85730907116582,0.7710830506860316,0.8329846858978271,0.3636363636363636,32.33829194849188,0.9247810668426584
12041200,-23.752614855766296,0.5656185746192932,0.7505999505519867,0.7121431827545166,-0.1244096681475639,-25.2012312412262,-33.49720198012561,35.141097306603946,0.661595777612694,0.8571469187736511,0.4347826086956521,44.89919413690981,0.8939393207687419
12048000,-5.718693137168884,0.4326237440109253,0.6074950098991394,0.9459906816482544,0.1214964762330055,-6.669240444898605,-3.6790039982593705,-6.682985468057111,0.7672771573696301,1.1095173358917236,0.7894736842105263,29.06563156529477,0.801886728984858
12054000,-10.579972714185716,0.4893454909324646,0.7095393240451813,0.8744831085205078,-0.0085615012794733,-10.930062085390093,-12.08639897424309,-8.746723439706976,0.7986988619917728,0.989486038684845,0.2857142857142857,44.014680953252885,0.8429741590240761
12056500,-19.693250954151157,0.5619750022888184,0.7165806293487549,0.7723101377487183,-0.0678366124629974,-22.094997763633728,3.2262980877391185,-785.9361456171,0.714500230888226,0.9101418256759644,0.3333333333333333,40.51590874081567,0.8530545907555468
12073500,4.180935770273209,0.6316105127334595,0.7799195498228073,1.0397413969039917,0.0929571241140365,9.693310409784315,11.406024662310896,-4.362178268955605,0.8275962639158428,1.1340110301971436,0.4,27.971396446228024,0.899080659071735
12082500,-9.302914142608644,0.5900083780288696,0.8187862187623978,0.8713585734367371,-0.0162456445395946,-13.397105038166046,-15.50299565997264,36.708819381855776,0.8397998505256012,0.9852975606918336,0.6,28.64004135131836,0.9056638481716686
12092000,-21.749965846538544,0.5302668213844299,0.7495617568492889,0.7256710529327393,-0.1213003173470497,-24.590863287448883,-24.281264781160157,22.94554006214141,0.6881268951360795,0.9010869860649108,0.36,27.86677360534668,0.8894347341489792
12114500,2.0208103582262997,0.6411322057247162,0.8064206540584564,0.9422534108161926,-0.0282463207840919,0.709768058732152,-8.731697988873595,-172.29653222629636,0.879676002888681,0.9677944779396056,0.1904761904761904,28.243028549920947,0.8994713967703781
12115000,1.3237832114100456,0.649494081735611,0.848309651017189,0.9502468705177308,-0.0074352142401039,0.5541176069527864,-14.19205141134551,-56.48022291075024,0.9066412748286288,0.9910206198692322,0.5,28.0950140953064,0.9215152982753242
12115500,-3.620220720767975,0.620123565196991,0.8190099149942398,0.8812953233718872,-0.0466051213443279,-3.745630383491516,-22.544492011421852,-626.4281471919526,0.8352782433643743,0.9343634247779846,0.1428571428571428,28.1249137151809,0.9065425398972012
12117000,2.504803240299225,0.6613661050796509,0.8369441479444504,1.0178678035736084,0.0439953543245792,3.221563622355461,-8.658143731387696,-36.15162313307984,0.9097988216575182,1.0397204160690308,0.4,24.69417095184326,0.9210108696266998
12145500,0.3885589074343443,0.7459373474121094,0.9153477698564528,0.9534217715263368,0.0064598796889185,-4.287885874509811,-20.10625100810901,-821.4173246748396,0.935728506908417,1.0095964670181274,0.1904761904761904,19.19555891127813,0.956765739543198
12147500,-3.809508308768272,0.6183418929576874,0.8350317478179932,0.9424081444740297,0.0578641518950462,-2.3508884012699127,-12.660576633273852,-35.93693743699553,0.879833131308853,1.063789963722229,0.32,28.520410537719727,0.9160113398343096
12147600,-16.75003319978714,0.4498867392539978,0.6790681779384613,0.8890690803527832,0.0979538559913635,-11.80894374847412,-17.457926752008166,-30.41474033395792,0.7376290034445248,1.168081521987915,0.2272727272727272,41.35594367980957,0.8318290367930242
12167000,12.621554732322693,0.5952494442462921,0.7779723107814789,1.1132118701934814,0.05515618622303,16.34906679391861,1.6012463564396455,-797.9333806739595,0.8397676517303492,1.065441370010376,0.3636363636363636,28.359727426008742,0.907399217225414
12175500,6.166774779558182,0.6655662059783936,0.8123814016580582,0.9860793948173524,0.0850695520639419,3.0878733843564987,-11.248590275788883,-10.871019772280558,0.8778281045141813,1.0799028873443604,0.3333333333333333,25.813273021153044,0.9086341563165912
12178100,5.933333560824394,0.6266320943832397,0.8190434575080872,0.9966546893119812,0.0805462077260017,0.0280797306913882,-17.896891792167196,20.786426606672254,0.8784905653429309,1.0842218399047852,0.2916666666666667,21.91996177037557,0.9124783838692754
12186000,-10.018322616815569,0.5654360949993134,0.6707421541213989,0.8565235733985901,0.0941526517271995,-8.66195261478424,-9.25041183463901,14.455432599443387,0.7458613410616836,1.1156330108642578,0.3333333333333333,24.566402889433363,0.824985772649414
12189500,1.8443560227751727,0.6082665622234344,0.7889032959938049,0.9386097192764282,-0.0159432087093591,-1.8144341185688968,-18.54596134171763,8.074959842597778,0.872907511452959,0.9853128790855408,0.3043478260869565,31.10633933025857,0.8896912398900031
12358500,-15.725880861282349,0.7754204720258713,0.9155971556901932,0.9092961549758912,-0.0029163861181586,-14.306305348873138,-14.871029966618456,9.528960161937404,0.9000126820981414,0.9959832429885864,0.0769230769230769,26.73222835247333,0.9581175227313256
12390700,-17.72022545337677,0.7340861260890961,0.8798109367489815,0.8541291952133179,-0.0082198977470397,-17.628176510334015,-8.105870930884759,-83.44966563195295,0.8426705067393517,0.9887630343437196,0.5,31.98058207829793,0.9421380231639324
12411000,-15.983939170837402,0.6364444494247437,0.7558594644069672,0.8450324535369873,0.0118233570829033,-15.456701815128326,-8.702423117030618,-3.715384451327882,0.7968093988598269,1.0181324481964111,0.4285714285714285,32.82664162772043,0.8698358948966983
12414500,-12.80239075422287,0.7266502678394318,0.8680045902729034,0.9033116698265076,0.0362154468894004,-13.44059556722641,-8.78427530628244,-24.54431991036533,0.8733662922076417,1.046656370162964,0.4,25.969001452128094,0.9328386578401042
12447390,5.119546875357628,0.5589500963687897,0.6436616480350494,1.0672837495803833,0.0208192449063062,9.005682915449142,-2.02274064418875,-10.6973647365805,0.8183086592629616,1.03724467754364,1.0,48.86064132054646,0.8353868950056007
12451000,-7.490036636590958,0.7398770749568939,0.900460883975029,0.9106315970420836,0.0300398077815771,-6.214895471930504,-12.983434446390566,-6.856565839142281,0.8920308707434651,1.034543514251709,0.6666666666666666,37.35738860236274,0.950226844099376
12488500,-10.881714522838593,0.651830792427063,0.7903328239917755,0.9150120615959167,0.0076990351080894,-8.033354580402374,2.9842170343401397,-33.55659092083659,0.8602360711539085,1.0089746713638306,0.6111111111111112,36.12750901116265,0.8894085834875496
13011500,-7.57039412856102,0.7504426538944244,0.8775969818234444,0.9194785356521606,0.0033234590664505,-6.033860519528389,-15.883040460437952,40.58652456616651,0.8975429543263478,1.0064064264297483,0.8,28.54360342025757,0.9369706601029908
13011900,-9.690459072589874,0.753200352191925,0.8713315725326538,0.923331379890442,-0.009410454891622,-8.566547185182571,-15.638830010938442,24.749232040452224,0.8976009203875339,0.9861242771148682,0.9,20.546696186065677,0.9335548458471842
13018300,-22.26685434579849,0.7015978395938873,0.8461287468671799,0.9273574352264404,0.0509880296885967,-16.43199771642685,-0.687340251993439,41.393386681207446,0.8762706956525048,1.0619345903396606,1.1,23.56954574584961,0.9212846580589736
13023000,-10.841454565525057,0.8198781162500381,0.9509043395519255,0.9264496564865112,-0.0138462707400321,-10.541681945323944,-6.99114535496754,53.3459306154668,0.921388653086818,0.9851986765861512,0.9,20.268805027008057,0.9765263624942552
13083000,-13.578079640865326,0.3721188902854919,0.6736182570457458,0.9903137683868408,0.218904510140419,-5.762270838022232,-28.999305827725674,52.1812893990804,0.8130086962732216,1.1229586601257324,0.6666666666666666,29.940837224324547,0.8594543046313365
13161500,-17.835572361946106,0.7460344433784485,0.9174853041768074,0.9154219031333924,0.0567431151866912,-10.577861219644548,-17.4287026993439,-400.2028331602492,0.8620534242005568,1.1016030311584473,0.7272727272727273,21.554738825017758,0.9605966071939248
13235000,-9.650183469057083,0.8043375760316849,0.9457616545259953,0.9553587436676024,0.0607447326183319,-7.222519069910049,-3.37599306911129,39.93957107150558,0.9140001609655284,1.0689735412597656,0.3636363636363636,20.570694316517223,0.9745877755183135
13240000,-21.54114693403244,0.6795520186424255,0.8512185364961624,0.9120004773139954,0.108446255326271,-14.575263857841492,-22.938484772434258,-69.30559615805697,0.7659382781232047,1.204982042312622,0.4166666666666667,27.768160899480183,0.9291245036397484
13313000,-22.527776658535004,0.7585543245077133,0.9000971987843513,0.8852312564849854,0.0192212294787168,-19.722849130630493,4.604624955874606,-70.15788603170685,0.8709457572101351,1.0332225561141968,0.3636363636363636,33.06151086633856,0.9512209588112968
13331500,-19.46741044521332,0.7604012787342072,0.9083353355526924,0.8553860783576965,-0.0035144062712788,-17.212912440299988,-8.287682603188303,-82.43398131299489,0.8495086081120152,0.9950286746025084,0.5833333333333334,32.08858768145244,0.9586507723964648
13337000,-12.42506578564644,0.7966998368501663,0.9219763800501825,0.9059380888938904,0.0132777653634548,-12.870709598064424,-4.711226607059282,31.303718916415907,0.8968830017938652,1.0183095932006836,0.6923076923076923,19.07094625326303,0.9619181014793666
13338500,-9.658794850111008,0.7418054640293121,0.893430307507515,0.9887104034423828,0.0717951282858848,-10.9418123960495,-3.9364857276346585,29.579116330777715,0.8932301809251425,1.0929980278015137,0.7692307692307693,23.45087895026574,0.9487778748988982
13340000,-10.559388250112534,0.798800066113472,0.9350513145327568,0.928354263305664,0.0333198048174381,-10.441827774047852,-7.437145130467512,-19.816581573848723,0.9108629249061791,1.042574763298035,0.3846153846153846,18.30746210538424,0.9683820288455496
13340600,-7.409042865037918,0.7318556010723114,0.8745379000902176,0.9454167485237122,0.036086618900299,-8.796262741088867,-0.8763041758880332,52.33623081587696,0.9061277917771534,1.041537165641785,0.2666666666666666,15.99449634552002,0.935911592270078
14020000,-17.804859578609467,0.6746743619441986,0.7561560124158859,0.8439754843711853,-0.0434323251247406,-19.076421856880188,-10.050504397036097,-535.3381517243306,0.7906684783428746,0.9465662837028505,0.25,27.732065320014957,0.8710780296273865
14137000,30.67076802253723,0.6281970739364624,0.708028644323349,1.175294041633606,0.0474650524556636,24.858514964580536,-0.8030208955387317,-29.13002547588549,0.7881899934602771,1.0446721315383911,0.2631578947368421,37.06372913561369,0.8898188831880446
14138800,6.818565726280212,0.6308069825172424,0.7867880612611771,1.034407377243042,0.037865113466978,4.3147411197423935,-9.20065749995745,-476.992477035882,0.8784958830444185,1.0567206144332886,0.4210526315789473,28.631004534269632,0.8982053305584186
14138870,4.782194271683693,0.6392914652824402,0.8095292747020721,1.036556839942932,0.0610075630247592,3.3586423844099045,-3.9300582800290993,-631.9268263245758,0.8752791843085235,1.078866720199585,0.2,23.538334369659424,0.9105633198005736
14138900,-11.156674474477768,0.6563052535057068,0.8298350125551224,0.8794656991958618,-0.0265450645238161,-12.205079942941666,-6.6089985088867165,-1211.1583211303157,0.8469030409181035,0.9660654067993164,0.25,24.363269805908203,0.9119170584387332
14139800,-5.929729342460632,0.6771690845489502,0.8374611586332321,0.9038870334625244,0.0148093597963452,-4.641679674386978,-17.098257125262254,-730.9406452589784,0.8704711872785835,1.0192185640335083,0.1904761904761904,22.654147375197635,0.9153202634340668
14141500,1.7522236332297323,0.6674996912479401,0.8160150349140167,0.970227599143982,0.0227409284561872,0.6316482555121183,-13.50095687338655,-69.06289155283348,0.8976961215301155,1.0269513130187988,0.3,31.34404659271241,0.9059079470740904
14154500,-0.2763151424005627,0.7439299523830414,0.8898101970553398,0.9903802871704102,0.0233319550752639,-0.6913709454238415,-18.18375107810865,-504.2737429413296,0.9334546286329336,1.0357311964035034,0.3684210526315789,21.770753358539785,0.9446915089788984
14158500,-6.602955609560013,0.5564776360988617,0.7239511609077454,0.97411447763443,0.0366537049412727,-8.6994007229805,9.494790356449338,-14.059949365107304,0.8556580786787704,1.0194851160049438,0.3888888888888889,17.788966496785484,0.8593413342988087
14158790,3.5832181572914124,0.6174232661724091,0.7832837253808975,0.9984010457992554,0.0347510650753974,1.4395982958376408,-20.287194610106184,-647.0196932966901,0.8819233650919363,1.047870635986328,0.5294117647058824,23.99882989771226,0.892074390124769
14166500,-8.314969390630722,0.7547743171453476,0.8935226798057556,0.973779559135437,0.0576635673642158,-5.123422667384148,-3.166314069024732,-533.1063985219416,0.8858096057007172,1.0978975296020508,0.2666666666666666,34.367545445760086,0.9473881350937908
14182500,-11.899901926517488,0.6880877315998077,0.8228826224803925,0.9073427319526672,-0.0158698800951242,-10.543792694807053,-7.605441890549053,-496.4307936099007,0.8672232012180745,0.9789047241210938,0.4736842105263157,27.905145444368063,0.9072675983899184
14185000,-0.6999138742685318,0.7492664754390717,0.8908903524279594,0.9990091919898988,0.0147698419168591,-1.315558236092329,-12.7851147072931,-625.6848927373759,0.9422801417037072,1.0189850330352783,0.3888888888888889,23.86822435590956,0.9455007443914998
14185900,-0.2285849303007125,0.7128730714321136,0.8622060865163803,0.9887677431106568,-0.0203265435993671,-0.2325942507013678,-16.139324607664637,-567.9183218329622,0.9243478480440208,0.9720756411552428,0.4444444444444444,29.752103487650555,0.9305931222150744
14222500,-1.28827141597867,0.7587247341871262,0.8900703862309456,0.9901503920555116,0.0113222394138574,-0.0262885558186098,-8.67477824830089,-731.5967418119026,0.942004251367795,1.0140559673309326,0.2777777777777778,27.298071649339462,0.9446021492732656
14236200,-10.392103344202042,0.6801822781562805,0.8507217317819595,0.8776272535324097,0.0067091495729982,-9.568406641483309,-11.941241069298888,-739.44949548562,0.8554065926534483,1.00903058052063,0.3684210526315789,27.962694670024675,0.9235107001893396
14301000,-13.12141865491867,0.8139074891805649,0.9287649393081664,0.8711855411529541,-0.0354728735983371,-12.65353113412857,-10.533787416903364,-53.29335637729212,0.8569200056006961,0.94577819108963,0.3333333333333333,21.683456103007,0.9693615367922136
14305500,-1.0091925039887428,0.7552310526371002,0.8703706860542297,1.0191752910614014,0.062124703079462,-0.4253687337040901,-1.8288182334949292,-614.2854793151472,0.8886641943868336,1.0907914638519287,0.2,22.37072785695394,0.9384786222856866
14306500,4.902077838778496,0.774010568857193,0.8692261725664139,1.045762062072754,0.043497759848833,4.741190746426582,-7.163424502827392,-775.076705275983,0.9010053950209406,1.0634902715682983,0.3125,36.34878098964691,0.9393802762626456
14309500,-3.464803844690323,0.6817877292633057,0.8089364171028137,0.945480227470398,0.0065522352233529,-2.4229222908616066,-27.173535036501644,-529.7198912985657,0.8858394976730295,1.013066291809082,0.3571428571428571,36.09507424490793,0.9005541015766532
14316700,10.164321213960648,0.7350543439388275,0.86796835064888,1.0659507513046265,0.0411366149783134,11.405345797538756,-16.869296083941055,-711.2050338906346,0.8913695629411376,1.0629171133041382,0.1666666666666666,23.11952379014757,0.9409025625646168
14325000,-16.1034032702446,0.7231971621513367,0.8405196517705917,0.8330300450325012,-0.063858762383461,-13.98065835237503,-26.007082786576078,-544.3084840426408,0.785220143298384,0.8886772394180298,0.25,30.315980315208435,0.9234580901771618
14400000,-16.87442511320114,0.7571343779563904,0.876408688724041,0.88583904504776,-0.0272412002086639,-14.499247074127195,-12.315327008022969,-624.9604689005781,0.8623328531245499,0.9544209837913512,0.25,23.26175570487976,0.9380155424749792
