basin,FHV_1%,mNSE,NSE,Alpha-NSE,Beta-NSE,FHV,FMS,FLV,KGE,Beta-KGE,Peak-Timing,Peak-MAPE,Pearson-r
01013500,-16.357731819152832,0.6977304220199585,0.876504510641098,0.9334775805473328,-0.0141778821125626,-9.203223884105682,-0.1478780072324687,5.2855530280306775,0.9064157189312962,0.9832996726036072,1.0588235294117647,22.680840772740986,0.9363298779790484
01022500,-13.025982677936554,0.6955061554908752,0.8538285791873932,0.8770607113838196,-0.027190176770091,-11.66921928524971,-9.829406884028884,-16.14965477716127,0.8524488193902795,0.9662671089172364,0.4545454545454545,30.0736665725708,0.9257075086360118
01030500,-2.2119248285889626,0.7350273430347443,0.8952417820692062,0.9527660012245178,-0.0058177625760436,-3.158676996827125,-11.333068952016868,-411.42450976888745,0.9280363002072816,0.9926071166992188,0.7619047619047619,22.090741566249303,0.9462127457102032
01031500,-3.276502713561058,0.7066889405250549,0.8717179894447327,0.961380422115326,0.0110076423734426,-3.46665158867836,-21.327719557206496,-370.8779950458788,0.9215032913669052,1.018172264099121,0.0909090909090909,21.64058251814409,0.9341210937571794
01047000,-3.457784652709961,0.6927328407764435,0.8403086066246033,0.9290323257446288,-0.0053089698776602,-6.361035257577896,-13.90336515806311,-556.4209800911259,0.8903226098454238,0.9917979836463928,0.0,25.92345584522594,0.9167807351051582
01052500,-16.274747252464294,0.6370176076889038,0.7862327545881271,0.8530892729759216,-0.0259122606366872,-14.064083993434906,-15.190181369072594,41.14092251354072,0.8105726861892492,0.9587615728378296,0.3478260869565217,40.14307934304942,0.8877532288749304
01054200,8.222093433141708,0.5556052029132843,0.5889682173728943,1.0141544342041016,0.0151855945587158,0.3663941053673625,-18.75767320849449,-522.818503458835,0.7953381389281993,1.026573896408081,0.3478260869565217,41.19416941767153,0.7975649304111874
01055000,15.508154034614565,0.5876210629940033,0.6464247107505798,1.0452393293380735,0.0014355117455124,6.460236757993698,-16.212269428212206,-2.543249467539956,0.8258484799250188,1.0023850202560425,0.3043478260869565,53.2809713612432,0.8318439215970884
01057000,15.470828115940094,0.674293577671051,0.7857620269060135,1.040724515914917,0.034767497330904,6.783144176006317,-15.673924888608717,-273.255439794688,0.87869390854242,1.0523862838745115,0.1428571428571428,27.887598673502605,0.8984502147218937
01073000,-0.1059068134054541,0.6875469386577606,0.8702166378498077,0.9452589750289916,0.0326052345335483,0.4013286903500557,-13.415147763674575,-271.448149800787,0.8949967827244879,1.0600545406341553,0.1578947368421052,26.17898489299573,0.9334977596426072
01078000,-4.726187512278557,0.6659379601478577,0.847452387213707,0.9792008996009828,0.0728721097111702,0.4397626500576734,-11.485610330006953,-395.40046475625206,0.8687103493230184,1.105759859085083,0.4761904761904761,27.473229453677224,0.9250385298718146
01118300,-9.32164266705513,0.639266312122345,0.7636993527412415,0.8759854435920715,-0.0388063043355941,-9.107241779565811,-11.584457484179264,-174.37978637753147,0.8149026829888366,0.9434615969657898,0.2105263157894736,30.813864657753392,0.8747609663642479
01121000,-25.392788648605347,0.6069130301475525,0.7677269577980042,0.7717565298080444,0.0203052628785371,-22.725804150104523,-14.133151140853853,-135.05458908094857,0.741774678060686,1.031954288482666,0.15,33.53860855102539,0.8835347319886191
01123000,-19.687563180923465,0.6494175493717194,0.8244162350893021,0.8469434380531311,0.0227447468787431,-16.352607309818268,-9.01264852953914,-55.67926464288318,0.8194774452939558,1.033880591392517,0.1578947368421052,30.04944951910722,0.9104780075652116
01134500,-4.122177883982658,0.6356310248374939,0.7842862010002136,0.905164122581482,-0.0308114290237426,-6.7328982055187225,-15.669015488200468,-329.4597991708629,0.846223479412721,0.9583624601364136,0.2083333333333333,29.83457048734029,0.8863351861291372
01137500,-9.000738710165024,0.6263438165187836,0.7694290578365326,0.8662471771240234,-0.0924526825547218,-11.79072931408882,-8.492937324580922,3.2542617411373977,0.7867601575740565,0.8829600811004639,0.1666666666666666,38.26303482055664,0.8821735591875115
01139000,-15.635035932064056,0.6373924016952515,0.8279641270637512,0.9286811947822572,0.0738756507635116,-11.65103167295456,-6.016267309830243,9.165255491550251,0.8607939281522292,1.0820499658584597,0.0476190476190476,20.12519155229841,0.9130531106696392
01139800,-8.436448872089386,0.5538564026355743,0.737909346818924,0.9671091437339784,0.0620635971426963,-4.557972028851509,-11.369223203968994,20.57812188766809,0.8489818155653521,1.0636287927627563,0.52,43.90580749511719,0.8670486542543497
01142500,-11.268001049757004,0.6094997227191925,0.7412760853767395,0.9380831718444824,0.0304027590900659,-9.721701592206957,-3.0950237991598115,43.60439320171103,0.8470126983799807,1.03532612323761,0.5,34.73626650296725,0.864635728993445
01144000,-6.640908122062683,0.6767939925193787,0.8329624831676483,0.9660811424255372,0.0069697867147624,-2.100864239037037,-7.347488191469477,-542.9110131487007,0.9073473385824604,1.0081945657730105,0.125,22.127070029576625,0.9141694934164528
01162500,-20.702923834323883,0.6564063429832458,0.8045799434185028,0.854370653629303,-0.0538903102278709,-18.247203528881077,-12.133319619599687,-325.4469539767775,0.8099468936375617,0.9302760362625122,0.4761904761904761,23.184585571289062,0.899746094368402
01169000,-27.656444907188416,0.5824043452739716,0.6709789633750916,0.7397662401199341,-0.0655644983053207,-25.200948119163517,-6.639928260433627,29.404442774554237,0.6713674338030498,0.8994779586791992,0.2727272727272727,48.44611341303045,0.8262960190652606
01170100,-18.50699633359909,0.5549261569976807,0.6413894891738892,0.8391656875610352,-0.0480442307889461,-15.735955536365507,-5.297874391057867,-504.8584158061549,0.7381354354379146,0.9372103214263916,0.3636363636363636,43.32456588745117,0.8031172166485882
01181000,-27.424976229667664,0.6106801629066467,0.6719249486923218,0.7141911387443542,-0.0193589925765991,-23.56712967157364,-15.039867776447766,-487.43550558115584,0.664653312190233,0.9667325019836426,0.3809523809523809,47.960354032970606,0.8277676876179618
01187300,-21.548251807689667,0.5619342625141144,0.6901848018169403,0.8002133369445801,0.0248077940195798,-17.440906167030334,-19.737319122955505,-239.21666576992277,0.7348762490600774,1.0454427003860474,0.65,44.0844202041626,0.8317417058232844
01333000,-28.71792316436768,0.5535960793495178,0.6432113647460938,0.7231659293174744,-0.1248455494642257,-27.50370502471924,-11.028769396089176,-475.220653956709,0.6356847773255817,0.8495732545852661,0.391304347826087,43.52674069611923,0.8170785057857217
01350000,-3.724582865834236,0.5679444074630737,0.645386278629303,0.9382468461990356,-0.0040668379515409,-3.6657385528087616,-8.772967072008468,-407.8747402453493,0.8029990243623177,0.992861270904541,0.1304347826086956,39.50005406918733,0.813064259851855
01350140,-34.99285280704498,0.4665483832359314,0.5274837911128998,0.7329047322273254,0.0156244561076164,-30.237531661987305,-7.145521759309285,-269.6947533986132,0.616528967391667,1.029924392700195,0.2727272727272727,50.65907131541859,0.7264772742445904
01365000,-16.24317318201065,0.6050398945808411,0.7318272590637207,0.8397449851036072,-0.0238503776490688,-14.652146399021149,-16.856334622504306,28.39927247251644,0.7820918110977414,0.9675449132919312,0.5652173913043478,39.82073327769404,0.8559549503176487
01411300,5.759745463728905,0.513113409280777,0.6909975111484528,1.097602128982544,0.2044258713722229,10.06304770708084,0.5109293485920162,42.369886885641606,0.7620214161762526,1.1825599670410156,0.5,41.89755121866863,0.8826139309338007
01413500,-6.004002690315247,0.5840357542037964,0.7140603065490723,0.951716423034668,0.0594921708106994,-5.85264265537262,-2.2459713165895527,-432.83749191225024,0.8242926455252544,1.0830174684524536,0.3,47.32169151306152,0.8528610502154761
01414500,-14.428110420703888,0.5126963555812836,0.6276013255119324,0.8838438987731934,0.0116572398692369,-15.08331298828125,-5.65999398840021,-10.923794208700874,0.7655932491373031,1.016167163848877,0.4166666666666667,43.15085808436076,0.79703963980403
01415000,-11.644980311393738,0.5163842737674713,0.6445145308971405,0.9027673602104188,0.0154570192098617,-10.621722042560576,2.494279337065006,-378.18010956234735,0.7840999433238562,1.0218976736068726,0.25,42.84405708312988,0.8084820109678507
01423000,0.2962010679766536,0.6158016920089722,0.7352452278137207,0.970176637172699,0.0348633155226707,1.7314337193965912,8.715088348267576,-468.5232176403921,0.8527877732469421,1.049589991569519,0.1904761904761904,30.12315659295945,0.8646381166228841
01435000,-7.7178120613098145,0.5825798809528351,0.6925211250782013,0.9182682037353516,0.0071439738385379,-4.376401752233505,-17.81796108432377,-666.9600268329357,0.8166874913205311,1.010327935218811,0.3333333333333333,35.852034886678055,0.8362418763180574
01439500,-15.50128161907196,0.6347892582416534,0.798384964466095,0.9276058077812196,0.0554570816457271,-11.920295655727386,-2.7428292098374727,-3.675017535119685,0.8579897157086109,1.0637964010238647,0.1363636363636363,28.189203955910425,0.8958077690328418
01440000,-14.459876716136932,0.6271370947360992,0.8154512047767639,0.9140756130218506,0.0679367184638977,-10.68027690052986,-8.531493477438591,-617.8204854139688,0.8414913026391654,1.0939863920211792,0.15,23.480124473571777,0.9056148053119606
01440400,-13.067397475242617,0.5651834309101105,0.6790331304073334,0.8938781023025513,0.0532696060836315,-8.098571002483368,-6.968589065408063,-38.10101812192136,0.7842819354748906,1.0762161016464231,0.3684210526315789,42.39039170114617,0.8283505547886229
01451800,-4.216085374355316,0.6347186267375946,0.7980336993932724,0.9366726875305176,-0.0229707844555377,-4.923462122678757,-8.1614522709643,-344.4090265956735,0.871881581185097,0.9639815092086792,0.05,37.4455714225769,0.894611912171541
01466500,-8.967246860265732,0.3791607618331909,0.5070396959781647,0.9149797558784484,0.0799806714057922,-5.812080949544907,-9.855107485337616,15.49620337306592,0.7202324470191765,1.0492970943450928,0.1428571428571428,31.11843041011265,0.73806252982912
01484100,-22.02561348676681,0.4926478862762451,0.5812944769859314,0.752705991268158,-0.0009540196624584,-22.40864187479019,-16.63601373694998,68.8553858633867,0.6571201061364675,0.998849630355835,0.2857142857142857,43.080343518938335,0.7624900601850848
01485500,-8.268047124147415,0.7026106417179108,0.8276048898696899,0.9095236659049988,0.0050030844286084,-7.435609400272369,-18.099764972980037,-366.863786879692,0.8719125808995216,1.008594274520874,0.3,23.625612258911133,0.9097417131449352
01486000,-6.730201095342636,0.5547870397567749,0.5398586392402649,0.9409050345420836,0.0064532472752034,-3.455028682947159,-8.416499540060869,-19.100574656365797,0.7500062473846639,1.0113651752471924,0.2727272727272727,37.94876011935147,0.7573572704657604
01487000,-30.083534121513367,0.5851789116859436,0.7060017287731171,0.7381662130355835,-0.0665086209774017,-28.557994961738583,-15.141194490928491,23.780999241974367,0.6921286901007109,0.9382303357124328,0.2105263157894736,43.645437140213815,0.8502925518326561
01491000,-29.49884533882141,0.596942126750946,0.7044202983379364,0.7395275831222534,-0.0520785003900527,-28.57818305492401,-16.27229730357955,65.74451279056812,0.6864779629880651,0.914536714553833,0.2631578947368421,46.95125880994295,0.8478611996276902
01510000,-23.4499454498291,0.6012676060199738,0.7672543376684189,0.7799835205078125,-0.0528416633605957,-22.26330190896988,-10.199724444416542,-446.55453386319977,0.7399191052736316,0.9245617389678956,0.24,32.817474365234375,0.8836217832840515
01516500,-14.772923290729524,0.4539151787757873,0.4901846051216125,0.8463646769523621,0.0461969152092933,-14.18718844652176,-14.019945149429647,-161.93838328852888,0.6579581296236127,1.1077377796173096,0.3684210526315789,50.2666523582057,0.7140255265836524
01532000,8.50476250052452,0.5606380999088287,0.6728128492832184,1.0421421527862549,0.0531024560332298,5.525648593902588,-12.361943908988724,-320.3091414777935,0.8103065025897142,1.1012567281723022,0.1176470588235294,51.98388941147748,0.8452268210634459
01539000,-25.945928692817688,0.6634926199913025,0.7054906487464905,0.7264430522918701,-0.003793510608375,-20.65913528203964,-9.767904617117638,-497.23295731968415,0.6873791210621045,0.9936716556549072,0.1578947368421052,36.33369395607396,0.8488101777024535
01542810,0.7802150677889585,0.575614869594574,0.7214518785476685,0.9986361265182496,0.0486750304698944,0.4293627571314573,-15.257448031591462,-338.02048332890695,0.8327403527941949,1.0940923690795898,0.1363636363636363,50.81580768931996,0.8617229031490522
01543000,-5.545520782470703,0.6711170375347137,0.8480619341135025,0.9221503138542176,0.0233089718967676,-6.133454665541649,-12.6733280957366,-1.2868736858968763,0.8830115024431991,1.0376299619674685,0.1904761904761904,24.187283288864865,0.9211982177236604
01543500,-12.029041349887848,0.7020700871944427,0.8490030616521835,0.8919607400894165,0.0232521332800388,-8.381174504756927,-9.506898177447178,-319.1359086362258,0.8622992622370566,1.035165786743164,0.238095238095238,22.9991390591576,0.9222029631594711
01544500,6.579881906509399,0.5700035393238068,0.741284042596817,1.0686863660812378,0.101110965013504,9.560254961252213,-9.377907189929813,-131.41001859994296,0.8028342025554327,1.145424723625183,0.3684210526315789,33.41861524079975,0.8859465714892997
01545600,5.520547926425934,0.542967289686203,0.7216395735740662,1.065169334411621,0.1241095140576362,8.177801966667175,-7.190163625836399,-322.8095847324293,0.7780891273812277,1.1739238500595093,0.3684210526315789,37.91016779447857,0.8785591188304012
01547700,-25.792503356933597,0.6047435104846954,0.7214809954166412,0.7237387895584106,0.0035840719938278,-24.599045515060425,-23.14397768743288,-276.84666406727933,0.690338131133192,1.007699489593506,0.375,47.55229949951172,0.8603184532752032
01548500,-0.0342176965204998,0.6036998927593231,0.7986827194690704,1.0348411798477173,0.1244193762540817,2.5105057284235954,-12.079776559665705,-108.85042830380117,0.794528923119685,1.1817888021469116,0.2105263157894736,26.1745201913934,0.9107963731949966
01549500,7.214976847171783,0.4029510617256164,0.5600717067718506,1.0645650625228882,0.1699022352695465,9.702818840742111,-14.785356633498235,-388.1684072880732,0.6499686517490932,1.2860615253448486,0.3684210526315789,32.80478276704487,0.8088924355836703
01550000,4.630562290549278,0.5541472136974335,0.7418566942214966,1.0599762201309204,0.111432708799839,10.083748400211334,-9.111762222406298,-456.19069928679846,0.785608600085284,1.1712355613708496,0.2105263157894736,37.25567616914448,0.8857856931106742
01552000,11.141441017389296,0.6110707819461823,0.7921812385320663,1.075000882148743,0.0661938115954399,9.74320024251938,-12.710517095662937,-454.2761825408849,0.8462010266760245,1.0977956056594849,0.15,28.026571273803714,0.9079945035005306
01552500,-10.884826630353928,0.5377167463302612,0.7029441297054291,0.8946752548217773,0.0343642868101596,-9.29463878273964,-15.41203730163392,-436.85910592220887,0.8007644773281631,1.05719792842865,0.3333333333333333,46.421074867248535,0.840846336734169
01557500,-23.26387465000153,0.5716360211372375,0.6650813519954681,0.7887141108512878,-0.0144378272816538,-20.20629644393921,-20.37647409125464,-43.746561743302735,0.7190810091858255,0.9785677790641784,0.3,43.12609672546387,0.8161130446376076
01567500,-0.0683910446241498,0.4253904223442077,0.5497821569442749,0.8800086975097656,0.0409593544900417,1.0573106817901134,-22.415024653241037,-71.15053093263606,0.7176959652183175,1.0667226314544678,0.3809523809523809,50.99666686285109,0.7533306953986658
01568000,-10.94137877225876,0.542017936706543,0.6744115352630615,0.8950298428535461,0.0485484302043914,-6.498748064041138,-8.220999783800771,-483.9559698045444,0.7805747426403901,1.0819036960601809,0.1428571428571428,34.580028624761674,0.8255852808744016
01580000,-5.054976046085358,0.5007854104042053,0.7022820115089417,0.952040672302246,0.1333614289760589,-2.380628138780594,-17.338713207415545,47.98758819519325,0.7878029176239617,1.1465167999267578,0.1904761904761904,32.75078137715657,0.854190768485308
01583500,-4.688244313001633,0.4652499556541443,0.6199743449687958,0.924824595451355,0.140925794839859,-1.6925085335969925,-19.75164760006715,61.69400356156538,0.7443747295243535,1.151516318321228,0.125,32.9652984937032,0.8083342943062706
01591400,9.36773419380188,0.3895025253295898,0.4078372120857239,1.0866707563400269,0.0750992745161056,6.775832921266556,-21.25481544099191,75.39773675051404,0.6931475723307413,1.1251780986785889,0.1818181818181818,53.90915437178179,0.7335848428238761
01596500,-13.764847815036774,0.5897200405597687,0.7725487053394318,0.8905225396156311,0.0693725422024726,-12.08287924528122,-12.9182391607713,-308.69910289641723,0.7983749982927446,1.1211540699005127,0.15,35.5214262008667,0.8817248194768601
01605500,-34.96394753456116,0.5581111907958984,0.6785750985145569,0.7263666987419128,-0.0335032567381858,-32.487332820892334,-24.658936243095333,-1010.559028072986,0.6735070708157644,0.9435982704162598,0.2105263157894736,42.38219010202508,0.8310583113915757
01606500,-21.224749088287357,0.5700536668300629,0.7628620564937592,0.845057487487793,0.0728323385119438,-17.393065989017487,-22.663955213897943,-136.3648247297701,0.7729843826558435,1.1113927364349363,0.1052631578947368,33.29773451152601,0.8770342868760164
01620500,-9.232310205698012,0.4842796325683594,0.5587635338306427,0.9072065949440002,0.0244438648223876,-6.080691143870354,-31.92043706211368,-222.074371519166,0.7400907749272976,1.0473943948745728,0.6,54.96581077575684,0.7618908641179871
01632000,-9.56413447856903,0.5069153010845184,0.6295869052410126,0.9642157554626464,0.0724788457155227,-3.884707763791084,-33.66380919119037,-177.2387225232372,0.7489814912335562,1.161632776260376,0.45,48.32176685333252,0.8113081209363177
01632900,-17.301341891288757,0.5148254632949829,0.6789003610610962,0.7753297686576843,0.0336025394499301,-14.952540397644045,-16.896309084941173,-469.1786407389065,0.7095540041044117,1.0606478452682495,0.1052631578947368,37.705519324854805,0.8262070123834425
01634500,-2.9915615916252136,0.4164361357688904,0.5093673765659332,0.9930702447891236,0.1348706036806106,-3.2744329422712326,-27.939653410007185,-599.9312062041935,0.6453348539833066,1.2629997730255127,0.5,66.03207588195801,0.762154538239031
01638480,-12.140347063541412,0.4329407811164856,0.3825421333312988,0.7978002429008484,0.0382738374173641,-8.195779472589493,-24.33914887965363,-152.591008832865,0.5751629790084383,1.0984339714050293,0.2,78.55074405670166,0.6395662253513655
01639500,1.028469204902649,0.5124363005161285,0.6187452673912048,0.997352659702301,0.0831139385700225,1.6971280798316002,-3.7859097993409865,-109.82207533755314,0.7688176255879039,1.1349796056747437,0.1818181818181818,37.39134615117853,0.8123333064178583
01644000,-19.09283846616745,0.527352511882782,0.5975346267223358,0.8085010051727295,0.0616509541869163,-13.40099275112152,-21.38242455617242,-207.00444092014652,0.6776098113775924,1.130947828292847,0.2,39.28723096847534,0.7761334438431597
01658500,-15.7480388879776,0.3887659311294555,0.4836329817771911,0.845128059387207,0.0468842424452304,-12.520737946033478,-41.27193180689262,,0.6399400299997751,1.146815061569214,0.3809523809523809,52.53740946451823,0.7099944798735404
01664000,7.137551158666611,0.517505943775177,0.7007704079151154,1.0824133157730105,0.1291252970695495,10.0576214492321,-21.108505254020677,23.48541295517225,0.7467889408557499,1.2027244567871094,0.2,28.221077919006348,0.8726160116944737
01666500,-0.9350796230137348,0.3965041041374206,0.6078105568885803,0.9817960858345032,0.1195824295282363,5.045071244239807,-25.96019079564392,65.19257806902988,0.7196948899545725,1.2031458616256714,0.1578947368421052,56.18782545390882,0.8077206950007411
01667500,-8.871429413557053,0.520287960767746,0.7635007351636887,0.9399932026863098,0.1351971328258514,-3.6070965230464935,-25.219766464970085,75.12916392298408,0.7514336802034153,1.2124894857406616,0.0454545454545454,29.02566736394709,0.8858395074334343
01669000,-11.134860664606094,0.5440419912338257,0.7461657822132111,0.8871771097183228,0.0278578363358974,-9.570197761058807,-14.019295029710802,67.28428562912828,0.8202813830215976,1.0349880456924438,0.15,40.1284122467041,0.8645540204519094
02011400,-21.88054770231247,0.6625712513923645,0.7960353195667267,0.8066033720970154,-0.0382311604917049,-21.694815158843998,-13.69881521801482,-809.3825450871954,0.7739609751186135,0.9432792067527772,0.25,36.547040939331055,0.8976567701384778
02011460,-24.070167541503903,0.65851691365242,0.7966761440038681,0.7744765281677246,-0.0183228775858879,-23.68151545524597,-14.635749063755146,-362.3148260716681,0.7516414680173926,0.9657168984413148,0.35,34.45558786392212,0.9017870018338224
02013000,-7.893748581409454,0.5652703642845154,0.6910879611968994,0.9364680647850036,0.0758434161543846,-5.138013139367104,-18.63432775446057,-782.1270355044205,0.7649663872138662,1.160305142402649,0.45,34.63547468185425,0.8402916606234784
02014000,-18.26089769601822,0.571085125207901,0.7269114255905151,0.8569934368133545,0.0440087802708148,-16.118532419204712,-16.034221499510913,-1004.8060575499252,0.7808829163749264,1.0785313844680786,0.2352941176470588,45.026131237254425,0.8537322972237947
02015700,-20.419993996620175,0.5627745985984802,0.7153297662734985,0.8060628175735474,-0.020880876109004,-20.02533078193665,-22.525449414675418,-1138.7793076286832,0.7512181733973928,0.9703696966171264,0.4,36.824331283569336,0.8470202247300076
02016000,-16.498643159866333,0.647896409034729,0.8093864619731903,0.8726625442504883,0.0044430824927985,-15.558356046676636,-16.654009515519192,-870.5123252458267,0.8379587490384806,1.00775408744812,0.15,27.50106811523437,0.9000879711733258
02017500,-13.806366920471191,0.5773082375526428,0.764988511800766,0.9097740054130554,0.1068955361843109,-8.689369261264801,-22.084260588278195,-651.4591010239055,0.7636718122531704,1.1835496425628662,0.5294117647058824,37.760667239918426,0.8815947174339699
02018000,5.662604793906212,0.6207834780216217,0.8231270909309387,1.0173022747039795,0.0399389006197452,1.364262122660875,-18.491864135205045,-752.739431806388,0.8872852585112968,1.0707745552062988,0.0555555555555555,31.313199467129177,0.9139987989951084
02027000,-12.466003000736237,0.3886615633964538,0.5811868011951447,0.8716700077056885,0.1497019380331039,-9.288040548563004,-22.30709822396223,-213.9694724623019,0.6443640008732845,1.2500258684158323,0.3684210526315789,58.59153145237973,0.7820655096697451
02027500,26.74770951271057,0.2302296757698059,0.277498185634613,1.2213011980056765,0.3217273950576782,30.085545778274536,-17.976609111434016,-211.2872668607673,0.443945416913546,1.453611135482788,0.3157894736842105,121.43231442100124,0.7666345850415743
02028500,-9.194216132164,0.538657009601593,0.6929670572280884,0.917722761631012,0.0788262337446212,-8.791331201791763,-20.159883595549008,-116.43327379975688,0.7814063787002141,1.1238853931427002,0.3333333333333333,42.42693053351508,0.8397937682697532
02038850,6.709327548742294,0.4001814126968384,0.3316860198974609,1.0733541250228882,0.0765351876616478,-0.1360378810204565,-28.735111025047903,48.03960342758866,0.6422409656368523,1.1700663566589355,0.25,93.5654640197754,0.6939148266522305
02046000,-22.0911368727684,0.5499210953712463,0.6224489808082581,0.7308599352836609,0.0193728581070899,-17.952531576156616,-29.813723180126644,-6.276915797522217,0.6559396875768523,1.049771785736084,0.5,45.6447172164917,0.791520040546243
02051500,2.645944617688656,0.5910944938659668,0.7384662926197052,1.0024877786636353,0.0518649108707904,-0.0420635042246431,-18.261212848148038,-223.6364689367929,0.8326448309738627,1.1064677238464355,0.3809523809523809,31.3022704351516,0.8709024115792751
02053200,24.566301703453064,0.6452575027942657,0.6775116622447968,1.1161028146743774,-0.0049364888109266,14.116092026233671,-33.17319705835758,-105.0343360182905,0.819112903787512,0.9910609126091005,1.1176470588235294,24.26765946780934,0.8615790091153408
02053800,-15.138603746891022,0.4718514084815979,0.6976251006126404,0.8425699472427368,0.0702220425009727,-12.069296091794968,-24.854789437601653,-2.386959777243721,0.7450085269018512,1.1185598373413086,0.2,32.55385398864746,0.8381976674728953
02055100,-18.973354995250705,0.4524145126342773,0.5194999277591705,0.7440473437309265,0.0182287041097879,-18.43731701374054,-48.94864074263804,37.08110462000588,0.620302946238683,1.0318255424499512,0.2941176470588235,58.43176000258502,0.7213510717199932
02056900,-17.651547491550446,0.5080636739730835,0.6829035878181458,0.7973862290382385,0.028179770335555,-16.271474957466125,-25.874381878130333,67.27059615708903,0.7301928963285325,1.044209122657776,0.2857142857142857,51.02938697451636,0.8274048480342782
02059500,-28.362056612968445,0.4149524569511413,0.5409601628780365,0.7602506279945374,0.059585865586996,-22.79946058988571,-36.0537169234496,48.76372975214874,0.6256147728593886,1.1190173625946045,0.4736842105263157,69.99922300639906,0.7382378860011672
02064000,24.16984587907791,0.4290663003921509,0.356758177280426,1.2224117517471311,0.1377494782209396,17.557954788208008,-28.59972157082682,77.8442261105458,0.5877874709308835,1.2552958726882937,0.3684210526315789,52.04099855924908,0.7648910907799276
02065500,20.541676878929135,0.3391916155815124,0.5448337197303772,1.1784313917160034,0.1519467085599899,22.440239787101746,-34.557346698651244,91.47320533900384,0.6379314149252694,1.2653626203536987,0.3157894736842105,43.56537367168226,0.8301807476540827
02069700,-3.80295068025589,0.4817854166030884,0.7478376626968384,0.9764388799667358,0.128426969051361,-0.0595453835558146,-14.334226441775233,62.17034861571624,0.8036051195105361,1.1533663272857666,0.0833333333333333,31.819480657577515,0.8796065103083891
02070000,-4.679834842681885,0.4856515526771545,0.6780783832073212,0.9516008496284484,0.0443373844027519,-7.221779972314835,-20.99786674284277,76.96549965437711,0.81453973787017,1.0648294687271118,0.1428571428571428,44.3997065226237,0.8331162948124125
02074500,-9.261216968297958,0.4090854525566101,0.6669951379299164,0.8972772359848022,0.0657740458846092,-7.509974390268326,-34.15442862964892,69.29456211322011,0.7588011653867319,1.1272755861282349,0.1428571428571428,42.82943180629185,0.822726660922769
02077200,-23.43592047691345,0.5027356743812561,0.4580252766609192,0.8252999782562256,0.0111787170171737,-24.417312443256375,-34.303961922867906,-19.979017412521472,0.6427209709245366,1.034088134765625,0.2222222222222222,49.46485095553928,0.6902158717945169
02081500,-7.414887845516205,0.5971324145793915,0.7754273861646652,0.9566724896430968,0.0578708499670028,-5.89606836438179,-30.38490292236844,12.484342429365146,0.7958276132772962,1.1632994413375854,0.0952380952380952,32.8879333677746,0.8853597679470674
02082950,26.31011009216309,0.4276133179664612,0.4277197122573852,1.264922857284546,0.2124804258346557,25.837379693984985,-19.5106893730148,-144.21323092082957,0.5068436268257328,1.374692440032959,0.6,39.6636700630188,0.8193770128894537
02092500,-34.1376930475235,0.5514706373214722,0.6548052728176117,0.6962259411811829,-0.009303861297667,-26.27251148223877,-32.31816634118639,-148.29370270924892,0.6455221660358765,0.9798094034194946,0.5294117647058824,50.14451531802907,0.8184285381169116
02102908,-11.624511331319807,0.3385818600654602,0.539846658706665,0.844471275806427,0.1896523535251617,-5.88517002761364,-18.778989826673232,63.04137543291325,0.6624682629828323,1.1834365129470823,0.24,36.14862823486328,0.7631677066733492
02108000,-4.979108646512032,0.5632531940937042,0.7587062120437622,0.916184425354004,0.024956751614809,-1.2151303701102734,-30.78473967505004,-258.61672001268545,0.843044106571649,1.0367590188980105,0.5263157894736842,35.73717820016961,0.8724897005794863
02111180,8.273950219154358,0.4255286455154419,0.5823037326335907,1.0358521938323977,0.0926783010363578,5.188674852252007,-17.373962953370594,20.28479644922139,0.7643737282397185,1.1244314908981323,0.2857142857142857,46.09743299938384,0.8031468460655957
02111500,2.345580607652664,0.4363343715667724,0.6725853979587555,0.980615496635437,0.1232179105281829,-0.6935540121048689,-22.237994453838333,60.108895916015534,0.7970909345334857,1.124547243118286,0.375,38.45272858937581,0.8409895786137337
02112120,-4.782478138804436,0.4336030483245849,0.6861252188682556,0.9638859033584596,0.1761515289545059,-1.9222203642129896,-19.89787002288986,51.94824988638233,0.7548491328353208,1.1935603618621826,0.25,35.81436475118001,0.8539551232971846
02112360,-4.026130586862564,0.4461973309516907,0.5925450623035431,0.9415016770362854,0.1241318881511688,-0.7699225563555956,-27.0411525415486,32.68911539528876,0.7526077577357422,1.1232314109802246,0.2916666666666667,37.27022171020508,0.7936147120291925
02118500,-6.477227061986923,0.4605642557144165,0.728557825088501,0.8872519731521606,0.0760607346892356,-0.0454864202765747,-25.472752337315196,72.28224259191691,0.775668366905981,1.131505846977234,0.1666666666666666,57.66833623250326,0.8574560549888253
02125000,-31.81062936782837,0.5273300111293793,0.6178487241268158,0.6716212034225464,-0.0001974003389477,-28.28873693943024,-32.37914119820003,-13.701134075610511,0.6132964608287681,0.999169945716858,0.3684210526315789,56.421932421232526,0.7957787861759048
02128000,7.999163866043091,0.4415878057479858,0.524348646402359,1.0157222747802734,0.0493328161537647,6.769780814647675,-29.84944040628629,-2.877202622993492,0.727196046320081,1.1413062810897827,0.3684210526315789,54.9874556692023,0.7671752973937166
02137727,-15.153096616268158,0.4778374433517456,0.6744998097419739,0.7116943597793579,0.0340801887214183,-12.860462069511414,-17.611669501914502,29.75317576687396,0.6609155978038559,1.0560245513916016,0.2857142857142857,51.43547058105469,0.8305321880974091
02143000,-5.501984804868698,0.5332405865192413,0.754705160856247,0.8485969305038452,0.0613436661660671,-6.655006110668182,-24.624683585804245,62.041952740533226,0.7757739128938164,1.103747010231018,0.3125,46.74001038074493,0.8711939187995481
02143040,-10.78835055232048,0.5281135439872742,0.7309435904026031,0.8137462139129639,0.0535919480025768,-11.88051849603653,-19.9010097607114,44.11360456818231,0.7461258646434366,1.0976191759109497,0.3157894736842105,52.06403230365954,0.857760412452249
02149000,-6.98363333940506,0.4914700984954834,0.6921970248222351,0.8861433863639832,0.0723481401801109,-7.529678195714951,-18.852469725817777,47.32846594570395,0.7782903086602112,1.0974154472351074,0.3181818181818182,33.49636034532027,0.8365922602649826
02152100,-22.606785595417023,0.4747049212455749,0.6050965785980225,0.6796232461929321,0.0339814871549606,-21.972064673900604,-25.003615314885312,57.84563793576542,0.6084364697645614,1.069373607635498,0.1764705882352941,50.09348813225242,0.7858317568029272
02177000,-19.07349079847336,0.676835685968399,0.7751452326774597,0.7515931725502014,0.0288689378648996,-16.14864021539688,-16.350528410131922,31.8091454202079,0.7274577047666957,1.0302238464355469,0.1818181818181818,26.58491351387717,0.8920191226466275
02178400,-15.695571899414062,0.646342545747757,0.7799142450094223,0.7956947088241577,-0.0638221651315689,-15.195851027965546,-13.615216358419673,20.419111469396505,0.7609452747494654,0.9415685534477234,0.2727272727272727,32.89433175867254,0.8904907505460322
02202600,-0.0916584045626223,0.5961692035198212,0.7182324826717377,0.945088505744934,0.0387232713401317,1.6294298693537712,-47.696949181816144,-14.903187702228172,0.8120634888976166,1.1038728952407837,0.3636363636363636,42.30430342934349,0.8533191163160334
02212600,33.084577322006226,0.4859625697135925,0.5499877631664276,1.2629563808441162,0.1181200221180915,25.99858045578003,-38.7311956255403,6.709851301739652,0.5400508536573341,1.3482911586761477,0.0,47.10991084575653,0.8547401370552141
02221525,14.84050154685974,0.5062672793865204,0.7019658386707306,1.1271198987960815,0.14353047311306,13.868279755115507,-10.787620795979109,67.10890376755205,0.6707248680864145,1.280765175819397,0.6470588235294118,35.98838132970473,0.8840967650413233
02231000,-31.428274512290955,0.4959341883659363,0.7691580802202225,0.7603627443313599,0.0728606134653091,-25.526508688926697,-12.973498408851864,-495.41652893107823,0.6742195773774117,1.191015362739563,0.9230769230769232,35.98920748783992,0.8894558881838194
02231342,-25.006702542304996,0.3762309551239013,0.5348070561885834,0.882075309753418,0.0990150272846221,-16.12357497215271,-34.4914229974664,,0.6255919801728898,1.2522873878479004,0.6,47.23026593526205,0.7497477139485264
02245500,-5.0232894718647,0.4618816375732422,0.6671065390110016,0.8827579617500305,0.0504697449505329,-6.772955507040024,-14.891244803444645,-787.8221096591576,0.7530729828165192,1.1227595806121826,0.5,31.2674343585968,0.8206753177890876
02246000,-18.22749972343445,0.5286834836006165,0.7359973788261414,0.8778141140937805,0.0278438590466976,-14.107556641101835,-13.90695141875451,7.387317333514577,0.7991151148182835,1.0736409425735474,0.2857142857142857,42.70528384617397,0.8585703073726622
02296500,-18.020914494991302,0.597603976726532,0.6716009676456451,0.8194438219070435,-0.0302393920719623,-15.272580087184906,-19.33185097637241,-217.16820697540197,0.7368783455562783,0.9347476363182068,1.181818181818182,45.18677971579812,0.8200705676560812
02297155,16.071617603302002,0.4624979496002197,0.5596833825111389,1.1431609392166138,0.0670962333679199,20.58665156364441,-24.467797435048254,-10.09451767966042,0.7152026651209887,1.1661814451217651,0.7857142857142857,82.30660302298409,0.8183459476531105
02297310,-35.33042669296265,0.553694874048233,0.6849735975265503,0.7374439835548401,-0.0149779329076409,-28.471213579177856,-19.55088140576413,-3.6609107292067873,0.6867206290534816,0.9623326659202576,1.1428571428571428,43.99456637246268,0.8332982470625451
02298123,-4.358162730932236,0.5663139522075653,0.6219632029533386,0.9138845205307008,-0.0305339265614748,-7.667715847492218,-0.2030184577028934,-45.2920094648192,0.7737877384028089,0.9466509819030762,1.3571428571428572,69.16678292410714,0.7977378093642244
02298608,-23.410502076148987,0.5168390572071075,0.7142104804515839,0.8194699883460999,0.0497361421585083,-15.731354057788849,-26.428788969555445,-7.754668365669004,0.7333249360568461,1.1229702234268188,1.1666666666666667,39.051267835829,0.8470201687421308
02299950,-9.730364382266998,0.4854325652122497,0.5971570014953613,0.9208143949508668,0.0623704753816127,-4.0985021740198135,-5.46066765921581,-317.81570410541195,0.7145804067216046,1.1724203824996948,0.3888888888888889,52.28487120734321,0.7867743076482896
02300700,-7.682269811630249,0.2845950126647949,0.4959138035774231,0.9479407668113708,0.1048537716269493,4.966660588979721,-22.046749241706003,-6.100182332754676,0.5805183233486079,1.326115965843201,0.7058823529411765,56.03761672973633,0.7413436834171038
02312200,-21.124674379825592,0.4716898798942566,0.5431415438652039,0.8532054424285889,0.0109645687043666,-19.590963423252106,-40.600844407901,-41.87514831975582,0.7048930165148546,1.0223182439804075,0.9,52.41083621978759,0.7449678734850322
02314500,-25.34639835357666,0.5497027039527893,0.6928185224533081,0.9222009181976318,0.1015714854001998,-19.645917415618896,-7.927245669521486,-84.89999847919495,0.7490393097438957,1.179075002670288,1.3,21.33937358856201,0.8423271921250685
02315500,-5.205054581165314,0.6091788113117218,0.7940022051334381,0.984325349330902,0.1105606481432914,-5.945384129881859,-18.07347583339841,-220.5601395448216,0.774410037641203,1.202438235282898,1.3,23.089048862457275,0.9016948763339812
02324400,-17.728598415851593,0.5091780722141266,0.6231934130191803,0.8511606454849243,-0.0086071593686938,-15.552283823490145,-42.34870833432272,-444.5044898611062,0.7432768045348732,0.980811357498169,1.2307692307692308,50.05351580106295,0.7917082775617375
02327100,10.674703866243362,0.5223312377929688,0.7242659628391266,1.0414766073226929,0.0900220349431037,9.922308474779127,-32.06440858564172,-371.2045097006437,0.7668081714349162,1.190685749053955,0.5625,44.99375224113464,0.8723400412726895
02342933,-24.829526245594025,0.5509172677993774,0.7005566358566284,0.7608986496925354,0.0017250620294362,-24.16895180940628,-32.521586300340935,-278.09619076698704,0.7126880457166964,1.005821943283081,0.2631578947368421,44.13334193982576,0.8407994713210827
02349900,25.048500299453732,0.500117301940918,0.5844773054122925,1.2362957000732422,0.114408366382122,25.261566042900085,-20.9232407696555,-729.3167267691782,0.610146553114485,1.276587724685669,0.3333333333333333,59.72470707363553,0.8598241007568775
02361000,-26.52813196182251,0.6090987622737885,0.8211258947849274,0.7771621346473694,0.0604830607771873,-20.042429864406586,-18.467240792865493,22.69740473037752,0.7451776854463816,1.0935531854629517,0.55,18.269848823547363,0.9192194376766252
02369800,-6.802672147750855,0.4477879405021667,0.5502540171146393,0.9349525570869446,0.0580615401268005,-5.878584459424019,-17.541564145743227,-82.88728201326133,0.74082185672337,1.0838592052459717,0.2857142857142857,68.6396598815918,0.7635475231292593
02371500,-4.017295688390732,0.6472831666469574,0.8259144723415375,0.9608255624771118,0.0533156134188175,-2.9345208778977394,-20.250440728205525,-488.4758726630154,0.8720515270464465,1.083885908126831,1.5,27.682095103793674,0.9116861868468562
02372250,-10.487795621156693,0.6047545671463013,0.7959039360284805,0.9221072196960448,0.03651038184762,-3.809627518057823,-20.116763780991203,-434.27320431297727,0.8540643750704402,1.062084674835205,0.75,41.37412071228027,0.8933444115355046
02374500,-19.20031309127808,0.5615464150905609,0.7737459242343903,0.7676539421081543,-0.0272158626466989,-19.437114894390103,-25.677932992829376,17.044639787233702,0.7399052810349954,0.965610682964325,0.3809523809523809,39.666820707775294,0.8882773653666205
02381600,-24.39497709274292,0.3477997779846191,0.3739960193634033,0.6959936022758484,0.0966710075736045,-19.764967262744904,-19.909470329059097,40.77438975852512,0.4869366076274648,1.170228362083435,0.4736842105263157,53.47108339008532,0.6233881846277393
02395120,-7.643980532884598,0.5423579514026642,0.6317208111286163,0.9137409329414368,0.03680220246315,-9.829218685626984,-16.228975403550567,-691.7351989628174,0.7739500802863754,1.0704491138458252,0.3333333333333333,48.71538480122884,0.8032899038913853
02408540,14.09633755683899,0.6224440336227417,0.7128991782665253,1.1239982843399048,0.0797916054725647,10.098100453615189,-28.070575875770917,34.190522598885565,0.7788092054459264,1.1400564908981323,0.1111111111111111,42.28822655147976,0.8819577514890372
02422500,10.432306677103044,0.5806140899658203,0.7640974074602127,1.0859729051589966,0.1033635064959526,10.60222014784813,-13.738216989941712,-98.0181400521533,0.7899555090175288,1.163306474685669,0.1176470588235294,28.553889779483573,0.899708708771167
02430085,2.88368072360754,0.4583801627159118,0.5258110761642456,0.9916931986808776,0.0878375172615051,-1.4788754284381866,-29.70901417514018,-83.01407922641464,0.7161811086780188,1.158700942993164,0.4166666666666667,64.75653648376465,0.764844368946513
02430615,13.794854283332825,0.3444173336029053,0.3444066643714905,1.0874440670013428,0.1177603900432586,15.737426280975342,-34.21186668776257,-748.9755337417212,0.6432345761496214,1.1861079931259155,0.44,75.04408264160156,0.7084542613996062
02450250,1.84517540037632,0.6272289454936981,0.7471748292446136,0.9981634616851808,0.0110470196232199,-2.9223624616861343,-15.601812360865896,-300.9582748074574,0.8707232032613469,1.02619206905365,0.25,31.14896774291992,0.8734176441176967
02464000,-6.825908273458481,0.6583350598812103,0.8251411765813828,0.9595895409584044,0.0576938576996326,-5.904087051749229,-2.028915945073182,-229.3148209644838,0.8361363580907148,1.1318386793136597,0.1052631578947368,28.134742536042868,0.9114740118572406
02465493,-2.7653299272060394,0.4965539574623108,0.5805781185626984,0.8657472133636475,0.0659530833363533,1.482970453798771,-8.705265050529524,30.072107431468982,0.717183961265353,1.0968412160873413,0.25,34.28596258163452,0.7706904277779573
02469800,-3.0995381996035576,0.6008696854114532,0.798788920044899,0.9882888197898864,0.0657256692647934,-4.218799993395805,-3.1772127285786094,-397.9385041332546,0.8213531892387199,1.1478809118270874,0.5882352941176471,32.09290784948012,0.9004572093496869
02472000,5.114903673529625,0.6417300403118134,0.8258659094572067,1.055050492286682,0.1047037988901138,6.417350471019745,-5.147308839584993,-49.99755814960126,0.7697908823538396,1.210252285003662,0.7,32.98007011413574,0.924107590648626
02472500,-2.008594945073128,0.5654056966304779,0.8120366632938385,0.9897129535675048,0.0947575271129608,-1.3737905770540235,-3.4207147210472653,3.7570070677254543,0.7975504489254648,1.1808686256408691,0.35,31.2266492843628,0.9096311023373658
02479155,36.08773648738861,0.5330977737903595,0.5859688222408295,1.2941128015518188,0.0673707872629165,28.53520214557648,-22.295450827547874,-573.930054412901,0.641697674963109,1.1621886491775513,0.0476190476190476,43.94040334792364,0.875207940284073
02479300,5.148638412356377,0.6201402842998505,0.7358464002609253,1.038226842880249,0.0400756709277629,-0.3298870287835598,-10.209103178638284,18.02179297794361,0.8532339870186398,1.0653396844863892,0.55,30.249714851379395,0.8742633836900616
02479560,8.320800960063934,0.6239848434925079,0.7906968593597412,1.020244836807251,0.0829959586262703,5.94480074942112,-15.406421874657696,-86.0471236304076,0.8380581473774726,1.1265490055084229,0.65,41.13166332244873,0.9010017201245732
02481000,8.530189096927643,0.5981035232543945,0.7651758641004562,1.034496188163757,0.0501089505851268,8.949122577905655,-26.68609310277627,-297.70464391920177,0.8307437124136837,1.12238872051239,0.0,28.861889631851863,0.8882918759399635
02481510,-9.388353675603868,0.6332100927829742,0.7995479851961136,0.9418370127677916,0.054067239165306,-6.783295422792435,-11.950880379800576,-409.2324076789768,0.8386101810266791,1.10973060131073,0.238095238095238,33.03203582763672,0.896932373072565
03010655,1.1914018541574478,0.635761559009552,0.8358376771211624,0.9893277883529664,0.0547434948384761,0.8061116561293602,-21.949562551524178,-172.06619428606558,0.8873261456037942,1.0771780014038086,0.4210526315789473,25.00646239832828,0.9186055440317216
03011800,-2.855348400771618,0.6015062928199768,0.7478620111942291,0.9064374566078186,-0.0702299326658248,-3.0844248831272125,-21.39852499835327,-25.831465891963997,0.8184275839442708,0.9168506264686584,0.2,39.76959609985352,0.8684675917211031
03015500,-12.982137501239777,0.6318197250366211,0.7825718224048615,0.8456775546073914,-0.0557080917060375,-10.91250404715538,-11.348452175834554,-9.626966093858652,0.7945241485481498,0.9243839383125304,0.44,36.78612518310547,0.8873628853672781
03021350,-24.15877729654312,0.5533975958824158,0.637542724609375,0.7213820219039917,-0.0894027575850486,-27.91270613670349,-7.479513211248326,-407.0166639778124,0.6282092412519531,0.8457834124565125,0.32,49.779483795166016,0.808120780962131
03026500,-0.4821633920073509,0.5531807243824005,0.6691799163818359,0.9599071741104126,0.0160138811916112,-0.2634727628901601,-15.02972918308842,-268.6566925804196,0.822729711734219,1.021382212638855,0.4090909090909091,48.41530539772727,0.8286520458345443
03028000,-15.045903623104095,0.6121961772441864,0.7780156880617142,0.8885461091995239,-0.0102147655561566,-10.267280042171478,-16.45666589855638,33.68252084123819,0.8372417558531497,0.98673415184021,0.2272727272727272,46.80924415588379,0.8821344259938354
03049000,-9.180110692977903,0.5574035346508026,0.648491382598877,0.8868218064308167,0.0571219772100448,-5.191236734390259,-17.341284926310376,-371.47300817784895,0.7602457190465512,1.0943683385849,0.1304347826086956,44.78274221005647,0.8108772134071428
03049800,-54.063159227371216,0.4167655110359192,0.2186647653579712,0.4126726388931274,-0.0602495335042476,-50.17111897468567,-29.11382539301981,-3.825747418524887,0.196651463867866,0.8403271436691284,0.4545454545454545,74.44992065429688,0.4756718390625765
03069500,5.912398546934128,0.682655930519104,0.8655956387519836,1.0227497816085815,0.0526087805628776,3.912839666008949,-3.030376082494561,-445.2889704325023,0.9031416523543244,1.0689566135406494,0.0833333333333333,26.08362436294556,0.9358987332853872
03070500,-5.456222593784332,0.6487806439399719,0.7611356377601624,0.9217795729637146,-0.0045295315794646,-8.11576247215271,-12.431654829302632,-273.38448530318715,0.8513391060210624,0.9932292103767396,0.4090909090909091,46.25524607571689,0.8737629903682933
03076600,-9.229782223701475,0.5079393684864044,0.6054123044013977,0.9638370275497437,0.0869919285178184,-6.922221928834915,-9.886008511368985,-430.632637131749,0.7551801101326623,1.1363531351089478,0.25,34.53840732574463,0.7999079200863303
03078000,-2.0775064826011658,0.5906403064727783,0.7483085095882416,0.9174234867095948,0.057006400078535,-4.779106751084328,-17.80498980694003,-240.27779349671084,0.8227922255707236,1.0851036310195925,0.238095238095238,28.48530723935082,0.8683144398263124
03140000,-15.231730043888092,0.5827691853046417,0.7166123986244202,0.8357043862342834,-0.0050307242199778,-13.958102464675903,-12.967573903155008,-293.0998854419254,0.7750082524344791,0.9899380803108216,0.1739130434782608,50.76987225076427,0.846614878354835
03144000,-15.156103670597076,0.6655622720718384,0.8227817714214325,0.8287909626960754,0.0016162793617695,-14.35006558895111,-15.468785593736095,-434.3222785409733,0.806901812563135,1.003563642501831,0.3,34.82738494873047,0.9107717758274594
03164000,-7.685336470603943,0.5957168340682983,0.8206326961517334,0.9347994923591614,0.0778887346386909,-5.886960402131081,-17.15783265955787,24.87354578813587,0.8665376014074757,1.0733845233917236,0.1739130434782608,20.00013434368631,0.9095797734573932
03165000,-5.077153071761131,0.4551323056221008,0.6669104397296906,0.9179770350456238,0.0464334413409233,-2.0544877275824547,-9.782855395643027,35.11245345098148,0.7963788849498058,1.0595886707305908,0.2083333333333333,43.58970324198405,0.8234129618716628
03170000,-12.080655246973038,0.564391016960144,0.7670864760875702,0.8437530398368835,0.0204309225082397,-11.189267784357073,-28.692368623816044,14.673692506810026,0.7996379491940652,1.0229558944702148,0.1904761904761904,32.02043260846819,0.8766919882894146
03173000,-1.441100426018238,0.6082056760787964,0.7381495237350464,0.9637112021446228,0.0192948728799819,0.1507965964265167,-13.29234349341294,-33.50241725951689,0.856774930281649,1.031260967254639,0.1666666666666666,47.90016810099284,0.8650211287929015
03180500,-1.9645880907773967,0.6579880118370056,0.8173909932374954,0.9283542037010192,-0.0351071283221244,-4.949138313531876,-12.520334460769217,-279.2831273636406,0.8712863357468398,0.9507678151130676,0.0,26.389903113955544,0.9050775094647264
03182500,-10.192275792360306,0.7227265536785126,0.8691125214099884,0.8795270919799805,-0.0322523340582847,-12.266037613153458,-14.37650779046114,-481.3188508117668,0.8531318432007535,0.947486400604248,0.1578947368421052,21.9097890351948,0.9344343398316586
03186500,-12.465542554855348,0.6147062480449677,0.7577775120735168,0.893141508102417,0.033234030008316,-11.554045230150225,-14.173597362992652,-299.49793471504336,0.8256469665759779,1.0494438409805298,0.5416666666666666,40.27011791865032,0.8714093721820115
03213700,-7.000751793384552,0.6995889246463776,0.8811038285493851,0.9233039021492004,0.0271118469536304,-5.6710135191679,4.095872566408666,-26.219587610165945,0.8937245285113311,1.041415095329285,0.2777777777777778,21.711399820115837,0.9391972509382536
03237280,-38.56033980846405,0.4569278359413147,0.3927361965179443,0.6284640431404114,-0.0913905799388885,-37.30272650718689,-34.49444610508748,-5.357386197281293,0.4311465982705209,0.7739216685295105,0.2857142857142857,58.548459552583246,0.633334193768836
03237500,-5.527511239051819,0.588296502828598,0.6686166822910309,0.9571682810783386,0.008009236305952,-7.890263944864273,-7.28288248049499,-100.7989884523396,0.8215303608526858,1.0198379755020142,0.15,54.49719429016113,0.8278857627052026
03238500,-7.561541348695755,0.5866393148899078,0.6706787347793579,0.8824040293693542,-0.0287862475961446,-13.720965385437012,-6.314044196283522,0.0680388454474912,0.7710550810526102,0.9175599217414856,0.0952380952380952,39.4496100289481,0.821700821370391
03241500,-9.506841748952866,0.6020335853099823,0.7378493249416351,0.8634909391403198,-0.034422006458044,-11.370210349559784,-18.4816511313436,-21.002888792287543,0.7938940290222227,0.9355400800704956,0.3333333333333333,40.38533710298084,0.8596794159840317
03280700,-11.055712401866913,0.46743905544281,0.5851562321186066,0.9267882704734802,0.055078811943531,-11.442963033914566,-14.523193830219563,26.94228191497982,0.7299069091488148,1.1396678686141968,0.2631578947368421,45.43770739906712,0.7807211664066736
03281500,-25.648659467697144,0.694441169500351,0.8474991768598557,0.7606015205383301,-0.0364387445151805,-25.89535415172577,-20.130824257445397,-3.3546345759156946,0.7414186714323265,0.9242007732391356,0.15,23.43998432159424,0.9382979032956044
03285000,0.1153958146460354,0.6321431398391724,0.7554851770401001,0.940227508544922,0.025144338607788,-2.995913662016392,-20.66827239121444,-136.31575551276563,0.8452241622181005,1.063652515411377,0.238095238095238,19.39668882460821,0.8722065474754441
03291780,-0.7737400941550732,0.5337250232696533,0.6342676877975464,0.9610539674758912,-0.0005337040056474,-1.7983488738536837,-20.203864135737252,-4.211952620416469,0.8065464443985675,0.9985828399658204,0.2083333333333333,40.36831458409627,0.8105125957143718
03340800,-3.8578782230615616,0.6152881681919098,0.7387663722038269,0.9281110763549804,-0.0405889227986335,-9.71277803182602,-31.35206970984601,-271.6239115911556,0.8192761536586346,0.9066886901855468,0.1739130434782608,40.48017418902853,0.8629376391773104
03346000,-12.737150490283966,0.6490150690078735,0.7333598732948303,0.8243048787117004,-0.0074439966119825,-9.83426868915558,-20.00640374065958,-86.71095342984614,0.7723262723289749,0.9771161675453186,0.3888888888888889,43.239757749769424,0.8570213972676475
03357350,-20.157352089881897,0.4732296466827392,0.5074113309383392,0.7465921640396118,-0.0372294262051582,-18.92234683036804,-40.49602443128949,-8.793146043273252,0.6025911794028064,0.8906993865966797,0.217391304347826,64.352155768353,0.7140426338210828
03364500,-20.20643651485443,0.6120976209640503,0.6731895208358765,0.7924596071243286,-0.0157865975052118,-18.24066787958145,-15.917479446413346,-6.067632913727758,0.723007452443695,0.9592717885971068,0.217391304347826,44.90157417629076,0.8211339341220222
03366500,-6.584002077579498,0.648803323507309,0.8397275507450104,0.887753963470459,0.0167602859437465,-9.989508986473083,-17.746057030044557,-147.97460490138198,0.8528282868848672,1.0465723276138306,0.2727272727272727,34.70381389964711,0.9169857920276178
03368000,-20.93425691127777,0.4570940732955932,0.5040446519851685,0.8101319670677185,0.011167406104505,-18.957458436489105,-22.33474004674561,-19.514091423161524,0.6564263924397278,1.0383155345916748,0.5238095238095238,53.23332831973121,0.7162309500820073
03384450,-12.977445125579834,0.5755169987678528,0.6863527894020081,0.8510714173316956,-0.0248212125152349,-14.079590141773224,-7.560567080278817,2.1115089738372044,0.7590585202678315,0.9182977080345154,0.1818181818181818,46.60618088462136,0.8291263349502807
03439000,-3.876689076423645,0.5410198271274567,0.7174347043037415,0.9455755352973938,0.1124851182103157,-1.7667647451162338,-1.7909130655271026,39.3615118993438,0.8102784696541804,1.114484786987305,0.217391304347826,41.45091927569845,0.858842392103486
03455500,0.3095117164775729,0.4002401828765869,0.5387985408306122,0.9358144998550416,0.0990587547421455,3.0486665666103363,-11.850682787857304,-42.05114192800347,0.7175501167689605,1.1361984014511108,0.3636363636363636,41.26185503872959,0.7610268769285311
03456500,-9.49721559882164,0.5386455655097961,0.6290584206581116,0.8170850276947021,0.0013086855178698,-9.230460971593857,-11.402821470306565,13.752564841359227,0.7241178990561101,1.0020631551742554,0.2857142857142857,52.39374524071104,0.7934841654533635
03460000,4.922068119049072,0.5095266997814178,0.7290198504924774,0.9599499106407166,-0.0166844688355922,0.1471003866754472,-10.75329256606399,16.64755558718224,0.85335966514198,0.9840664267539978,0.2857142857142857,44.26889873686291,0.8598375963633617
03463300,-17.972634732723236,0.5107474327087402,0.6290957629680634,0.713206946849823,0.0295124351978302,-15.243403613567352,-9.605866666173496,33.8535332425576,0.6440240737805414,1.0613549947738647,0.3809523809523809,36.25275521051316,0.7982472569482629
03471500,-5.290305987000465,0.4289591908454895,0.5301632881164551,1.004343032836914,0.12888103723526,1.3753389939665794,-6.438697877876183,-30.29693720962392,0.7258830789720396,1.1556119918823242,0.2105263157894736,36.64349756742779,0.7743761261700304
03473000,-7.554924488067627,0.4882095456123352,0.6382917761802673,0.9710195660591124,0.0879211798310279,-3.009518049657345,-5.499727377283738,-4.867306703365266,0.7921113521155171,1.0965009927749634,0.2631578947368421,30.05861985056024,0.8181611076769251
03479000,-4.828662425279617,0.5080370903015137,0.7162773609161377,0.8258325457572937,0.0298214331269264,-2.876204252243042,-20.13812076501521,16.098913813352922,0.7621319946123338,1.0536282062530518,0.0869565217391304,62.76326386824898,0.8471245560470821
03488000,-15.64253717660904,0.6205141544342041,0.7784010320901871,0.8594567179679871,0.0549310557544231,-7.421119511127472,-6.487825597343811,-12.888885115298512,0.7960848691384554,1.0919189453125,0.25,35.5800199508667,0.884328594879337
03498500,-7.514731585979462,0.6475279033184052,0.8119759112596512,0.8811988234519958,0.0194817017763853,-7.853174954652786,-23.013880112526504,-67.50771274930088,0.8426367821185301,1.0308952331542969,0.2105263157894736,37.0833346718236,0.9015370762105728
03500000,-9.3459852039814,0.7394802570343018,0.8761016130447388,0.8772146105766296,-0.0171337630599737,-6.799234449863434,-1.211155312680255,31.65583837462568,0.8616482109941019,0.9845618605613708,0.1818181818181818,23.018806630914863,0.938140243162802
03500240,-16.782167553901672,0.6489852368831635,0.7918493747711182,0.8108233213424683,0.0163975674659013,-15.493926405906675,-13.246546804138656,30.98254623720697,0.7824676640973914,1.0164445638656616,0.3478260869565217,35.951776089875594,0.8938770631078348
03504000,-18.893826007843018,0.5547164678573608,0.7322482466697693,0.7540992498397827,-0.0982263684272766,-20.36135345697403,-17.93971459182071,29.76536492096313,0.7104901472094187,0.9214062094688416,0.2083333333333333,36.9103988011678,0.8689588155448417
03574500,-15.481799840927124,0.6568987667560577,0.8017839342355728,0.8916725516319275,0.0255042538046836,-12.924350798130035,-10.18068506509751,-285.55100728116673,0.8380527714285178,1.060280203819275,0.2631578947368421,36.64218752007735,0.8957965173348167
03592718,-23.695409297943115,0.545491635799408,0.6159109771251678,0.796745240688324,-0.0036052130162715,-24.437005817890167,-30.82467141902342,-41.118512490042406,0.7039264773300398,0.9911676049232484,0.2608695652173913,43.14826053121816,0.7848976465945566
03604000,-9.077566117048264,0.63579922914505,0.843458890914917,0.8643887639045715,-0.011359111405909,-8.475664258003235,-13.71585878018692,2.256730138974308,0.8404494817474415,0.9736960530281068,0.2105263157894736,51.788018879137546,0.9201622714937996
04015330,9.408239275217056,0.5368232131004333,0.592726320028305,1.028734564781189,0.0446516014635562,4.175922274589539,-22.66855720218517,-1.5394472866286284,0.7738902614914062,1.1079667806625366,0.631578947368421,44.9561871980366,0.8034214841122559
04024430,-11.993926018476486,0.5590214729309082,0.7153224945068359,0.9573602080345154,0.0896655991673469,-5.295395478606224,-15.55599974289198,-715.9189654435118,0.7626866720075025,1.1841158866882324,0.7222222222222222,33.42696825663249,0.8564701980318344
04027000,-19.677557051181797,0.6637002825737,0.839706689119339,0.8625913262367249,0.036080963909626,-15.251970291137695,-5.630667782519439,-805.5280220517188,0.8241925964491144,1.0736970901489258,0.5263157894736842,40.03854550813374,0.9187852327374948
04040500,-7.601869106292725,0.6502515375614166,0.8428169935941696,0.9622586965560912,0.0397624373435974,-4.010311514139175,-10.044063500411095,53.68341944664014,0.8873456064014262,1.069632053375244,0.8823529411764706,26.424775404088635,0.9198876816328204
04043050,-20.29397487640381,0.5775076448917389,0.7380514442920685,0.8130736351013184,-0.002566197188571,-21.309737861156464,-29.432838827776457,-997.0690610556244,0.7666554991135784,0.99534273147583,0.3125,39.744582772254944,0.8604059455077262
04045500,2.8268758207559586,0.7244309484958649,0.921396702528,1.0182329416275024,0.0692851990461349,4.612953960895538,-10.82217231353832,19.81507027975164,0.9180802324458136,1.0712518692016602,1.7647058823529411,12.872854401083552,0.9639225930669968
04056500,29.360195994377136,0.5260089933872223,0.6963184773921967,1.231856346130371,0.1915990561246872,26.575666666030884,-13.944199104142148,29.284139174163403,0.7029916762158046,1.1642166376113892,1.5,30.188602209091187,0.9134582465639812
04057510,24.3584007024765,0.4693045616149902,0.6233406960964203,1.2496159076690674,0.2197193205356598,26.02812349796295,-4.721929539717777,15.074504640892798,0.6550305248657137,1.2129825353622437,1.0588235294117647,23.304305357091568,0.8935374383003901
04057800,12.609528005123138,0.5993998646736145,0.8036547154188156,1.1051443815231323,0.1145641505718231,16.80169850587845,-14.174874191211288,5.889054348766764,0.7666684334244926,1.1931865215301514,0.625,32.519763708114624,0.9221074657378592
04059500,22.13537991046905,0.5682116448879242,0.7119470536708832,1.1601394414901731,0.1005918160080909,23.155254125595093,-9.481873224867009,-466.9926928284808,0.7525195035903629,1.154205083847046,1.0714285714285714,32.19810894557408,0.8912675416533714
04063700,-19.914209842681885,0.5203506648540497,0.7179781794548035,0.9503663182258606,0.1554504781961441,-11.087514460086824,13.00593580662485,-47.26887507775887,0.7570083104164643,1.1962836980819702,0.7222222222222222,32.39264488220215,0.8656341981474795
04074950,4.9215905368328094,0.5500869154930115,0.8082115352153778,0.9599287509918212,0.1611386239528656,3.3576976507902145,-3.894225787041672,21.76948507282593,0.8631289024363936,1.0990533828735352,1.2222222222222223,18.75434054268731,0.9144639275363916
04105700,-19.884903728961945,0.41852468252182,0.6985309422016144,0.8053088188171387,0.1356337368488311,-16.681571304798126,-17.255748012121337,18.19477614663416,0.7448563684364715,1.0634251832962036,0.25,21.83952728907267,0.8477802154091301
04122200,-8.067483454942703,0.5120012760162354,0.7578786611557007,1.0252869129180908,0.2244987934827804,-2.7379583567380905,-3.7866386414813062,20.51105039841356,0.8530842328344147,1.1107312440872192,0.4,21.775569915771484,0.9068152037088558
04122500,0.3555176313966512,0.5564096570014954,0.7637334614992142,0.9872882962226868,0.0656234100461006,0.1423350186087191,-6.366178000093724,13.07309453905154,0.8783965990214224,1.0290695428848269,0.5263157894736842,14.87034371024684,0.8826085122630188
04124000,0.895877368748188,0.5428415536880493,0.796715572476387,1.0514932870864868,0.1408809423446655,2.080252207815647,7.41980774971794,44.57623718943143,0.8924435485584836,1.0390727519989014,0.55,13.668781518936155,0.9140340085676186
04127918,29.192808270454407,0.4329902529716491,0.4751125574111938,1.2489264011383057,0.1955924034118652,26.897546648979187,-5.015442712672895,-79.50173707976576,0.6080550322289091,1.2505038976669312,0.5,33.05276870727539,0.8299873480264235
04127997,12.291710078716278,0.149614930152893,0.4889386892318725,1.1042487621307373,0.5031071901321411,10.558243840932846,-2.7907023593006017,-0.3090556694992268,0.7926070910869941,1.1400996446609497,0.4166666666666667,15.340385834376017,0.8881246057996535
04161580,-9.2630572617054,0.3659862279891968,0.5524639785289764,0.9792999029159546,0.1312279403209686,-5.762743949890137,-7.533074793588917,23.69932351833771,0.7409944440873728,1.1359446048736572,0.5238095238095238,38.80394981020972,0.7805132159330194
04185000,7.26797953248024,0.6680206060409546,0.7864938378334045,1.0691012144088743,0.0445958413183689,11.56574860215187,-9.126342552856388,38.86847378542651,0.8637344462324159,1.0666663646697998,0.6086956521739131,29.230182067207664,0.9033101911651576
04196800,-13.285186886787416,0.6548525393009186,0.7687942832708359,0.8438951373100281,-0.0553555898368358,-13.352665305137634,-14.613915694850665,-114.19388780667624,0.7677558283327763,0.8775579333305359,0.5217391304347826,38.69322486545729,0.8792665438759811
04197100,-23.00105392932892,0.573766440153122,0.6619341671466827,0.7407346367835999,-0.0773271098732948,-25.30089020729065,-14.670281717952395,-157.65868052521972,0.6364968832156968,0.818475604057312,0.55,48.85239124298096,0.8212127492637881
04213000,-6.984531879425049,0.6004523634910583,0.6852880716323853,0.8870770335197449,-0.0647206455469131,-8.429225534200668,-6.74309927573414,-294.4432761905734,0.7674645474923425,0.8853207230567932,0.3181818181818182,46.27166227860885,0.8321613758575711
04216418,-17.811444401741028,0.5675688087940216,0.6659452319145203,0.8110129833221436,-0.0722864940762519,-19.345781207084656,-14.582927196745564,-87.30256266161757,0.7164513615309513,0.8903264403343201,0.5,46.03145917256673,0.819291814753417
04221000,-6.188752502202988,0.6511858999729156,0.8078909069299698,0.9153125882148744,-0.011941353790462,-9.51789766550064,-4.846375427621448,-529.8172020162974,0.867052598753537,0.982310116291046,0.0952380952380952,33.54118665059407,0.8990538668512347
04224775,-16.43969565629959,0.5674145817756653,0.7063733339309692,0.8263927698135376,-0.0103228706866502,-16.520807147026062,-13.834546030826472,-727.9534316120311,0.7637559150736759,0.9833388924598694,0.5238095238095238,48.556645711263016,0.8406444077379237
04233000,-19.90891546010971,0.5414356291294098,0.6285128891468048,0.8080880045890808,-0.0419257692992687,-19.26792114973068,-12.284104731036864,-47.98417489797325,0.7121657527655626,0.9400768280029296,0.2727272727272727,51.21394937688654,0.7940205025828442
04256000,1.1721412651240826,0.6210725903511047,0.7854427248239517,0.9336156845092772,-0.0013468256220221,-2.097434550523758,-18.514245093226563,-27.282168313061035,0.8693260162111069,0.9984799027442932,0.625,30.45702377955119,0.8874544447771424
04296000,-19.018764793872837,0.631976306438446,0.7748731225728989,0.8490015864372253,-0.0918796584010124,-16.307801008224487,-6.986655893294361,-8.18855649371235,0.7825933884393472,0.8931020498275757,0.5217391304347826,32.75837690933891,0.8858161915999307
05056000,-38.3135974407196,0.4361540079116821,0.5123879611492157,0.6760827898979187,-0.1247301772236824,-32.66877233982086,-22.472869374825372,-167.54478536590003,0.4784925617139463,0.6945041418075562,1.818181818181818,83.58514959161933,0.728485857063341
05057000,-25.06083548069,0.4974409937858581,0.5646708011627197,0.7310067415237427,-0.1274019032716751,-26.389485597610477,-6.629620103852854,-251.6652363078503,0.5525527498443956,0.73241126537323,2.0,58.094448513454864,0.7628335233069785
05057200,-39.42609131336212,0.3702505826950073,0.4060730934143066,0.6231997013092041,-0.043176844716072,-33.551523089408875,-33.22774152845612,-230.70702232964675,0.451903685375021,0.8325711488723755,1.3333333333333333,75.8646567662557,0.6388924193234172
05120500,-13.54379802942276,0.148004949092865,0.1173141598701477,0.8964816927909851,0.1084809675812721,1.423875242471695,-8.635979114670926,-9.780442192219471,0.3636391093916552,1.4050486087799072,0.8333333333333334,58.42957894007365,0.5202346743522543
05123400,-52.52737998962402,0.3896477222442627,0.3244247436523437,0.5451927185058594,-0.0995992943644523,-48.25924634933472,-78.37910246662145,-157.65154237045414,0.3112984555060079,0.6993181109428406,2.0,76.56435285295758,0.5792262416911698
05129115,-16.617295145988464,0.5488743185997009,0.7479798793792725,0.8662845492362976,0.0374143570661544,-17.397914826869965,9.804332535523368,48.689679063864446,0.805909789155345,1.0417845249176023,1.3333333333333333,32.28766759236654,0.8656674214861012
05131500,-6.999261677265167,0.6155534386634827,0.7779961079359055,0.920659363269806,0.0390768572688102,-8.03171917796135,-9.140183535041492,-507.8065088398215,0.8450979730526513,1.0645707845687866,0.9444444444444444,37.2774150636461,0.883680117366738
05291000,-1.7959477379918098,0.4266868829727173,0.3763648867607116,0.98797208070755,0.0583412572741508,13.903439044952393,-25.259629126445795,-419.6783644444131,0.6146132156257711,1.22337543964386,0.5555555555555556,62.82225184970432,0.6861820341476368
05362000,10.808484256267548,0.6525327861309052,0.7705736458301544,1.0882314443588257,0.0811847597360611,11.152896285057068,-7.97267886095513,-762.8897281868116,0.7776735174195724,1.178553581237793,0.5263157894736842,67.03648316232783,0.9011926333206906
05393500,10.100090503692629,0.5669507086277008,0.7119966745376587,1.0902860164642334,0.0952984169125557,12.86591738462448,-9.544856718001457,-507.41700777846665,0.7393223342951543,1.2106707096099854,0.3684210526315789,53.76974406995272,0.875826199459094
05399500,-27.066639065742493,0.6070129573345184,0.7347909212112427,0.7774267196655273,-0.0008326328825205,-23.274393379688263,-18.25904809705385,-345.3839872198863,0.7377260992658853,0.9969967007637024,0.3125,37.68545389175415,0.8612927035764241
05408000,-18.641142547130585,0.503868579864502,0.5147643089294434,0.5930344462394714,0.0199762471020221,-14.782214164733888,-11.665148010250702,24.229526801298505,0.5111323979282689,1.030586838722229,0.1666666666666666,30.438462893168133,0.7308624595030803
05412500,-5.119125917553902,0.5941651463508606,0.7438707947731018,0.8846052289009094,0.0552444718778133,-1.1153561994433403,-16.614328821912004,-38.60453682995355,0.7977085653481979,1.0961276292800903,0.8571428571428571,29.766794613429475,0.8644811812866481
05413500,-9.383368492126465,0.3550901412963867,0.6088154911994934,0.807483434677124,0.0134832356125116,-5.026809498667717,-23.85434567464998,-17.902695439076176,0.7077650794051968,1.0175060033798218,0.5,59.45897102355957,0.7808375927833437
05414000,-35.20078957080841,0.3595051169395447,0.3384783267974853,0.5472695827484131,-0.0568696558475494,-29.32136356830597,-21.93235520373619,-85.71144714579036,0.3805011783381797,0.9146817922592164,0.5333333333333333,60.44694264729817,0.5858324460275911
05444000,-7.047154754400253,0.4168936610221863,0.5374849736690521,0.8614384531974792,0.0118953883647918,-6.140203028917313,-34.87858798194496,-1.782441885631641,0.707160554546799,1.0197173357009888,0.5333333333333333,54.068946838378906,0.742770792416791
05454000,-19.399134814739227,0.4592770338058471,0.5370640158653259,0.8252016305923462,-0.0387962162494659,-18.91034543514252,-24.245912333991683,-0.8495270112111892,0.6742929398125983,0.9141437411308287,0.2352941176470588,58.3503386553596,0.7389265966795258
05458000,-16.715119779109955,0.5536050200462341,0.6292065382003784,0.744391679763794,-0.0097503550350666,-12.799817323684692,-26.348165951936547,-9.739639794279892,0.6713080102255623,0.974837601184845,1.0,60.89588165283203,0.7948910912374324
05466500,-2.8522877022624016,0.5783366560935974,0.7262905836105347,0.9805476665496826,0.0506444573402404,-4.257986322045326,-12.197753010790604,3.915456029336636,0.8375417418279847,1.0833743810653689,0.6666666666666666,50.038417180379234,0.8619311586432712
05487980,14.765749871730804,0.533246785402298,0.5763498544692993,1.1167044639587402,0.0432761721312999,9.377502650022508,-28.24869453565226,-282.7142629973656,0.7442518363995969,1.1356072425842283,0.2777777777777778,52.13742256164551,0.8172491667986603
05489000,16.319528222084045,0.5496749877929688,0.5294363498687744,1.1147103309631348,0.0376652739942073,3.692227229475975,-40.26269745565708,-85.58737123552761,0.7328671884993192,1.127938985824585,0.2352941176470588,50.48414118149701,0.7954685968933791
05495000,0.9574784897267818,0.6568784117698669,0.8044609278440475,0.9623095393180848,0.0148663520812988,-0.886380672454834,-20.36864473087681,-107.98383487616807,0.8835702627026405,1.0445598363876345,0.3888888888888889,31.00150426228841,0.8992541123329374
05495500,-10.84754839539528,0.6125099062919617,0.7701446413993835,0.8692148327827454,0.0118176070973277,-10.548017919063568,-18.53184634354504,-116.47344168650972,0.8163004169388038,1.041028618812561,0.238095238095238,56.10540480840773,0.8776994305362987
05501000,3.650720790028572,0.5585890710353851,0.7285597026348114,1.0385289192199707,0.0696525052189827,8.96100252866745,-35.54633894406376,-218.6802156927872,0.717822592882545,1.248694658279419,0.25,40.87209403514862,0.8723654497616183
05503800,22.324801981449127,0.5181009471416473,0.6378118097782135,1.197717785835266,0.0910998433828353,22.32452630996704,-15.114672961441444,-1.3877824659907945,0.5718045027819744,1.3563553094863892,0.0526315789473684,45.47604510658665,0.8685848014761922
05507600,-20.80649584531784,0.5990887582302094,0.6736745536327362,0.7394944429397583,-0.0345464684069156,-24.816644191741943,-43.01424307376513,-14.81259983663109,0.6491237866532588,0.8419092893600464,0.1111111111111111,52.51664585537381,0.8260508722567558
05508805,-0.1243459526449441,0.5481710433959961,0.6752292811870575,0.9160385727882384,0.0158294010907411,-4.003141820430756,-43.6304739958904,-13.142362592309912,0.7970349662794974,1.0641697645187378,0.2941176470588235,64.72877053653492,0.8267154797007575
05514500,-4.973208159208298,0.6469020843505859,0.7836640775203705,0.9379689693450928,0.0028507369570434,-10.74354350566864,-11.75727282073126,-139.87960446708837,0.8705183874477402,1.0094053745269775,0.1111111111111111,27.13050842285156,0.8867340379680164
05525500,-0.7639279589056969,0.6743300259113312,0.8301239758729935,0.9410006403923036,0.015156983397901,-5.004260689020157,-7.405612624469915,-358.4282085238977,0.8896560570610008,1.0299901962280271,0.3684210526315789,27.36742621973941,0.9117081575715444
05556500,-18.379850685596463,0.5577856004238129,0.6908360421657562,0.7917077541351318,0.0210325010120868,-13.074073195457458,-29.765848128006223,-330.0634522805459,0.7284266026093668,1.0478132963180542,0.2105263157894736,37.68465895401804,0.8324281074342655
05584500,-20.858749747276303,0.621756374835968,0.7636151611804962,0.7738382816314697,-0.0455082431435585,-21.938082575798035,-24.274463939137373,-269.68944080072527,0.7225910858260751,0.8913708925247192,0.4,51.479678153991706,0.8816517857470021
05585000,-0.69792615249753,0.6433663368225098,0.7909693121910095,0.9497578740119934,-0.0037432571407407,-4.530911892652512,-5.474765687764023,-314.76146976596743,0.8800064383285415,0.992465317249298,1.173913043478261,36.4811897277832,0.8912920786020925
05591550,-23.97296130657196,0.5892826616764069,0.7140138149261475,0.760863184928894,-0.0669460371136665,-25.266116857528687,-47.23284409924439,-21.076438597878266,0.6692280693324162,0.8253750205039978,0.3157894736842105,59.759200246710535,0.8525897889180356
05592050,12.895318865776062,0.5345012247562408,0.6721840798854828,1.1150290966033936,0.0480661541223526,11.580439656972883,-36.78025245971689,,0.7679350160056495,1.1449627876281738,0.2,33.74685764312744,0.8599705247671967
05593575,-4.832281172275543,0.6309436559677124,0.8050913065671921,0.9181116223335266,0.0087981773540377,-7.245137542486191,-11.704426609648689,8.748903257787005,0.8650544203195543,1.0317505598068235,0.0555555555555555,33.60362847646077,0.8975475474651883
05593900,-18.477658927440643,0.5631599426269531,0.6867049336433411,0.7902024984359741,-0.0336138494312763,-18.91586780548096,-37.40534098618099,-10.766970215855428,0.7025896672980934,0.8749024868011475,0.1,45.855345726013184,0.8303281799272068
05595730,-2.74199191480875,0.6437690854072571,0.8099153339862823,0.9310414791107178,0.0040780222043395,-4.097525030374527,-33.63323051494015,-1.891044323787424,0.8777817668047658,1.0166726112365725,0.3888888888888889,38.06809849209255,0.9004809417413872
06191500,-8.864346891641617,0.8030420243740082,0.942176952958107,0.9736618995666504,0.0502947866916656,-7.465077936649322,-6.262362030812552,31.414910148666387,0.9257599346330806,1.0634959936141968,0.9,12.316492795944214,0.971961623331706
06224000,-2.5297364220023155,0.7011894881725311,0.8207253068685532,1.0791442394256592,0.1080936938524246,1.2657172977924347,-8.308234235994735,-25.16904031960013,0.8026513820707688,1.164607048034668,0.9,25.360257625579838,0.9252525177572908
06278300,-7.294248044490814,0.63136225938797,0.7115437686443329,1.0570552349090576,0.0717483237385749,-0.2031273441389203,-18.63144364825861,-883.2162946362198,0.7664073352583732,1.183745265007019,0.4,27.75964975357056,0.8675314724998173
06280300,-3.184976428747177,0.7345929741859436,0.8420671224594116,0.921089231967926,-0.0465168692171573,-3.0977733433246613,-18.47846209482457,-8.541010716209772,0.8670044756941736,0.9302058219909668,1.1,29.963064193725582,0.918823199804296
06289000,-17.993932962417603,0.5417389869689941,0.6922916769981384,0.8695485591888428,0.0641794949769973,-16.844365000724792,3.5866463622935787,39.6841605742528,0.7740895092803362,1.0828546285629272,1.0,34.9521557490031,0.8352180776505146
06311000,-15.496060252189636,0.5673359930515289,0.5925737023353577,0.9280582666397096,0.0377990454435348,-9.526168555021286,-16.338777301025065,-236.91238439969223,0.7588991710895578,1.0795053243637085,1.0,48.00930976867676,0.7840534786104656
06332515,59.972602128982544,0.0222548246383667,-0.7015175819396973,1.525495171546936,0.138345792889595,60.2726936340332,14.499642682887382,3.746802472875841,-0.1605028740047329,1.9263819456100464,0.5454545454545454,80.56406541304155,0.5390897743574719
06339100,-16.415102779865265,0.2302092313766479,0.0118454694747924,0.7179259657859802,0.0382371768355369,-7.8103207051754,-12.264197844296016,-12.114654121542497,0.2504053076482488,1.2884345054626465,1.2,61.197781562805176,0.3682310722402825
06339500,-28.28854322433472,0.3549182415008545,0.2098327875137329,0.6355711817741394,0.0187092721462249,-22.59536236524582,-22.426365607802865,-90.5742300377978,0.3572784007179399,1.1146011352539062,1.1111111111111112,71.12053235371908,0.483135152647515
06344600,6.32532462477684,-0.0197665691375732,-0.2561529874801636,0.8675569295883179,0.0739193484187126,17.089058458805084,-15.901977120743643,-28.387744789460744,0.0588813011535727,1.6025502681732178,1.0,93.42646068996854,0.2892986472907893
06350000,-18.32553744316101,0.2623465061187744,0.3658926486968994,0.662253201007843,0.0231138672679662,-12.587328255176544,-29.190324923163946,-291.00383282761936,0.4463719073322584,1.1964517831802368,2.0,82.37971199883354,0.6077783003876784
06352000,-8.657209575176239,0.3504285812377929,0.4276943206787109,0.7809823751449585,0.0321796759963035,-3.472474589943886,-22.42870678736305,-110.61282151072898,0.5218488131154457,1.2615649700164795,1.4285714285714286,63.74433381216866,0.6649722340129965
06353000,1.915781386196613,0.3502460718154907,0.483502447605133,0.8932362794876099,0.0579045340418815,6.123773008584976,-63.62927873044288,-59.36574202202566,0.4990649586629442,1.4008190631866455,1.75,51.7926037311554,0.7191414907682341
06354000,-3.019288182258606,0.2786791324615478,0.256431519985199,0.9622637033462524,0.0587458908557891,0.2120161196216941,-34.96339957453197,-23.75853590679145,0.4595237898303563,1.378634691238403,1.4285714285714286,64.23067365373883,0.6161689482793241
06360500,-36.61949932575226,0.504450261592865,0.6277344524860382,0.6320091485977173,-0.0009769200114533,-33.023542165756226,-66.31782649914337,-64.78915999861836,0.5870174547757399,0.9947688579559326,1.75,63.92530798912048,0.8126235044167865
06404000,17.42691993713379,0.5123064815998077,0.5872140824794769,1.1540541648864746,0.0689214915037155,20.87826132774353,-33.474340000488425,-18.02300347728091,0.6899163864434832,1.211415410041809,0.3333333333333333,33.21091069115533,0.8334986904728618
06406000,29.09572422504425,-0.0082323551177978,0.1601066589355468,1.0122599601745603,0.0944370254874229,40.481436252594,-37.021522635391726,-302.9579154554092,0.5146661329432002,1.2588165998458862,0.5,88.0880355834961,0.5896189288806805
06409000,-14.05731737613678,-0.2247267961502075,-0.3942370414733886,0.9549306035041808,0.3252350389957428,-6.349565088748932,-8.456855972871788,47.32280921176466,0.3023383345909703,1.1760741472244265,0.5384615384615384,38.47815440251277,0.3264285906008224
06431500,-9.556447714567184,0.0182911157608032,0.1375167369842529,0.996653974056244,-0.1536827236413955,-6.299779564142227,47.68897520476054,41.75137651184609,0.5716087279260788,0.919963538646698,1.5,44.80010668436687,0.5791650549757809
06447000,19.004687666893005,0.377625048160553,0.4264745116233825,1.1064907312393188,0.1064999848604202,15.93032032251358,-39.833028225276045,,0.6040062430193076,1.2889851331710815,0.45,42.09388256072998,0.7510856120392171
06447500,3.498009592294693,0.473222017288208,0.5186243057250977,1.0135542154312134,0.0476587228477001,4.02485728263855,-12.898891574818986,43.613878146229546,0.75843143376437,1.048516035079956,1.5,35.10685307638986,0.7637419847342684
06450500,-8.617360889911652,0.3286647200584411,0.3585665822029114,0.9355739951133728,0.005776931066066,-4.754254966974258,-2.831572865520797,79.86449771679142,0.6533456072394488,1.0057783126831057,0.8823529411764706,73.86499292710248,0.6594340460100702
06452000,-9.713508933782578,0.4031569361686706,0.3638925552368164,0.9094127416610718,0.065424695611,-4.857083410024643,-29.41042993333581,-7.462341292199749,0.6072220277560825,1.1688446998596191,1.3125,58.390235900878906,0.6571298329746447
06453600,-18.303127586841583,0.406911551952362,0.479647159576416,0.8213837146759033,0.0410438440740108,-18.440844118595123,-23.883559814364435,-8.037434471601566,0.62558960111461,1.1431124210357666,0.5454545454545454,48.72964078729803,0.7036923822177041
06464500,-9.373889863491058,0.4719809889793396,0.5988548994064331,0.9741955399513244,0.0730161964893341,-4.250433295965195,-5.239029405205264,15.359422385638991,0.7668689701690434,1.1120420694351196,1.2307692307692308,48.2883856846736,0.7971927476929523
06468170,-41.27075970172882,0.197468876838684,-0.0603042840957641,0.6175942420959473,-0.0217223819345235,-35.00427007675171,-43.047396493400505,-13.881774676156793,0.1618768602755269,0.9043715596199036,1.6,80.59357643127441,0.2603572246997164
06470800,-41.41491055488586,0.4472126364707947,0.5251420140266418,0.6724689602851868,-0.0104743856936693,-28.57783138751984,-33.193180320755346,-17.51877366297476,0.5709509326430694,0.9535866975784302,1.1666666666666667,34.30100282033284,0.7267742223334165
06477500,-16.12067222595215,0.4722014665603637,0.3477491736412048,0.8583375811576843,0.0186588782817125,-9.202512353658676,-60.317275409062766,-27.664880351862063,0.5936608850793947,1.0978635549545288,1.7142857142857142,57.17150824410575,0.6319429935269985
06479438,1.5508690848946571,0.255170464515686,0.2984617352485657,0.9475407004356384,0.1081599369645118,13.696391880512238,-44.65733005876394,-172.38252224005998,0.4157230248329252,1.4551650285720823,1.181818181818182,109.50612154873936,0.6374363471546294
06601000,45.106783509254456,0.1384038925170898,-0.066035509109497,1.2536303997039795,0.0928167775273323,55.95139265060425,-11.771534235540985,-878.4949733633944,0.5114729476538337,1.132082223892212,0.2777777777777778,84.50413809882271,0.6039134092755459
06614800,7.763484865427017,0.6799737811088562,0.7293403744697571,1.0826101303100586,0.0445165298879146,11.085008084774016,-3.6708976240394575,-1138.0644347990176,0.8296138301785195,1.0870715379714966,1.8,38.07705402374268,0.8790638163663672
06622700,-4.843833297491074,0.7507425099611282,0.8777124360203743,1.0495952367782593,0.0710222423076629,-2.988433465361595,7.925539256124681,-37.61094488714543,0.8273574238804665,1.156063675880432,1.3,32.677202224731445,0.9453200160133094
06623800,-14.353477954864502,0.7685429900884628,0.8783673718571663,0.8788354396820068,-0.0425439551472663,-10.468266159296036,-11.128933501921455,-109.65532084653344,0.8427959441045102,0.9196633696556092,1.0,23.50454807281494,0.9401811874252892
06632400,1.4354725368320942,0.6764129996299744,0.7946719378232956,1.133284091949463,0.09489306807518,11.76706850528717,-4.771247301043409,-79.13704097784976,0.7330425388074366,1.217475175857544,0.8,28.16775798797607,0.9212206574962928
06746095,-23.695990443229675,0.5973265469074249,0.6313160955905914,0.8122432827949524,-0.0134134469553828,-21.911486983299252,-16.375442290285257,-232.80654241776176,0.7205671712341997,0.9726754426956176,1.6,40.91812133789063,0.7948573922741538
06784000,6.015400215983391,0.2410590052604675,0.1430942416191101,1.0260018110275269,0.1592939049005508,4.621661454439163,-38.18995604467372,70.10473314032798,0.5582195807578738,1.1747864484786987,0.75,40.79897999763489,0.5951005778255041
06803510,12.490396946668625,0.2734208106994629,0.65760537981987,1.1675633192062378,0.0692687705159187,9.992143511772156,-26.646792489050146,-227.42494975361203,0.6188044873720626,1.3156949281692505,0.1111111111111111,47.32820722791884,0.867450895014428
06803530,-5.052536725997925,0.3484449982643127,0.4021642804145813,1.0680968761444092,0.0187594648450613,-10.52895486354828,-19.818861571671214,-13.265935004582472,0.7042004933001526,1.076421141624451,0.2,115.48235575358072,0.7224752754508857
06814000,-7.352026551961899,0.5338110029697418,0.6926146447658539,0.9048599600791932,0.0114368796348571,-10.177670419216156,-32.72650270510703,-7.734866145307157,0.8043879519658246,1.045392632484436,0.3333333333333333,58.7948481241862,0.8352214969842099
06847900,,,-0.2298667430877685,1.0052672624588013,0.0855439752340316,20.48037350177765,-82.1610516156035,23.521943524666405,0.1771960401499434,1.5542961359024048,0.875,73.10101389884949,0.3919421030734109
06853800,,,0.4052188992500305,0.8883269429206848,0.0979458764195442,-2.127254381775856,-77.0107988840891,-36.47342194624939,0.38299727735139,1.514108419418335,0.8333333333333334,81.18751843770346,0.6776430221609296
06876700,-22.16430902481079,0.2528740763664245,0.3403146862983703,0.8411893844604492,0.126626044511795,-15.419329702854156,-39.38643065046355,-138.57775089888656,0.4486518448700807,1.378998041152954,0.7692307692307693,46.930665236253006,0.6324072071444568
06878000,-26.971596479415894,0.4381105303764343,0.7427729666233063,0.7368122935295105,0.0350799299776554,-24.846847355365757,-25.26885115765387,-271.0441546011219,0.672157223774712,1.1488512754440308,0.2666666666666666,51.08372688293456,0.8732860904060135
06879650,-20.36075294017792,0.2233100533485412,0.1798946261405944,0.717379093170166,0.0589397251605987,-12.4394990503788,-82.4170503139936,-313.0828565119814,0.3473971548240183,1.2869278192520142,0.5,82.5035810470581,0.4864940866029369
06885500,-33.502233028411865,0.5949056446552277,0.692797064781189,0.6836541891098022,-0.015455525368452,-28.741219639778137,-25.975568932705997,-183.8035667109067,0.6431279985124085,0.9337594509124756,0.2941176470588235,59.00378507726332,0.8486885892122937
06888500,10.713399946689606,0.4233639240264892,0.4992692470550537,1.0909197330474854,0.0575549304485321,2.727782167494297,-36.780729847861984,-215.1693205492843,0.6910686751626466,1.192119598388672,0.1111111111111111,41.11757278442383,0.7758076149301413
06889200,-25.68584382534027,0.5099895000457764,0.3919572234153747,0.5766646265983582,0.0051131835207343,-20.251481235027317,-25.53926584368464,-5.326345502651641,0.4356309133065185,1.0326623916625977,0.1666666666666666,49.30891460842556,0.6282032869792876
06889500,-19.950014352798465,0.525637149810791,0.601400226354599,0.6655054688453674,0.0160645060241222,-15.58949500322342,-23.126705058616277,-201.9514711405571,0.5933555860138274,1.0845876932144165,0.2,64.20543670654297,0.7847838058824012
06892000,-15.440510213375092,0.5605403482913971,0.7190564572811127,0.7803587913513184,0.0122487731277942,-14.55097496509552,-28.675905418731336,-85.60762384477587,0.7309325334598272,1.0441951751708984,0.4761904761904761,40.9624281383696,0.8509972231624293
06903400,17.66037791967392,0.6034954488277435,0.5564102232456207,1.0612823963165283,0.0033221521880477,1.8207168206572533,-38.37249289753476,-11.20962396534213,0.7836821993135865,1.0100289583206177,0.3529411764705882,39.22094737782198,0.7927868759211565
06910800,-9.210485219955444,0.5469854474067688,0.620040237903595,1.0470781326293943,-0.0080094514414668,-13.299062848091124,-29.186658562938597,8.884906571906559,0.8103894940110022,0.9652151465415956,0.0909090909090909,69.02969100258566,0.8196508736383505
06911900,-9.959831833839417,0.501579761505127,0.6809619963169098,0.8601686358451843,-0.0118388505652546,-14.450635015964508,-37.4808325938742,-8.808955683286749,0.7691652057425168,0.9412240982055664,0.0,81.76819937569755,0.8259963069163501
06917000,-8.128415048122406,0.6536684632301331,0.8432575315237045,0.8906351327896118,-0.0068999584764242,-11.217764765024183,-37.13178120355219,2.287741244271326,0.8604044847848774,0.9696005582809448,0.2777777777777778,26.401419109768337,0.9187466454144848
06918460,25.30284821987152,0.553944319486618,0.5399502515792847,1.2195875644683838,0.1075312569737434,27.13274359703064,-10.91899217269946,-388.7633986880602,0.6435783110494274,1.2277915477752686,0.125,44.280120730400085,0.8359002356876475
06919500,9.384996443986893,0.6256820261478424,0.7641287446022034,1.04865825176239,0.0437594652175903,5.221330374479294,-36.68734211477654,-14.32178821034648,0.8176114532361585,1.1367664337158203,0.625,45.75012922286987,0.8895785386135919
06921070,27.768561244010925,0.5215555429458618,0.640398770570755,1.24655282497406,0.1077361777424812,27.37155258655548,-24.40215159742216,-259.7062198136928,0.5571626477371061,1.3493502140045166,0.1111111111111111,41.16263654496935,0.8847999434395999
06921200,23.058782517910004,0.4259306192398071,0.522290825843811,1.2258973121643066,0.1041447818279266,24.83713924884796,-45.28872675359794,-18.236744017141543,0.5034772841620034,1.4083378314971924,0.2222222222222222,41.62074989742703,0.8303962645804868
07014500,-2.034603431820869,0.5872602164745331,0.7817665636539459,0.9713521003723145,0.0735799893736839,-0.5780062172561884,-16.055843752273795,-59.99662536637107,0.8153720326418293,1.1461451053619385,0.1111111111111111,38.3206738366021,0.8908744193303894
07056000,2.0950375124812126,0.6820343732833862,0.8879739046096802,0.968863308429718,0.0230790507048368,3.677855059504509,-27.09922601766857,-429.5028597362295,0.9037123026125377,1.0710527896881104,0.1428571428571428,25.77355759484427,0.9429620461116124
07057500,-4.275580868124962,0.5496344864368439,0.8442516326904297,0.9153258800506592,0.1101739034056663,-0.0480396614875644,-13.513188176090482,-171.53823314757665,0.7934404320229805,1.173038363456726,0.1875,39.86399173736572,0.9254689775605116
07060710,-29.196152091026303,0.5121678411960602,0.557102382183075,0.7211954593658447,-0.0092245899140834,-28.27584147453308,-17.90988435943646,-465.6442116975999,0.6208966645337237,0.9561395049095154,0.1333333333333333,71.18680318196614,0.7468920703457688
07066000,3.468848764896393,0.5418617427349091,0.7314804494380951,1.0015373229980469,0.0304576586931943,1.6711656004190445,-24.44290129926189,-185.45742355735447,0.8545290859463145,1.057561278343201,0.2105263157894736,57.711109362150495,0.8664106190256463
07067000,-5.291749909520149,0.4831892251968384,0.7805226296186447,0.931885838508606,0.1275552958250045,-2.9840566217899323,-10.858216003987485,3.408346134325833,0.7747770243247412,1.1863731145858765,0.2222222222222222,45.45413653055827,0.8934593413953983
07068000,-7.562261074781418,0.6227797269821167,0.8143174797296524,0.8945905566215515,0.0723601952195167,-5.946871265769005,-7.091867668252238,5.995963449546032,0.8279936863726854,1.097557783126831,0.3888888888888889,25.250461366441517,0.9053559292629382
07071500,-22.720202803611755,0.5070050060749054,0.7070266306400299,0.7313193678855896,0.0641525238752365,-15.39655327796936,-8.16877703573212,4.6649862183135165,0.6777367249310875,1.0985913276672363,0.4285714285714285,48.43124662126814,0.8518646345616482
07083000,4.853685200214386,0.7075245380401611,0.7796647697687149,1.0644646883010864,0.057642612606287,10.303670912981032,-5.647335474702287,-58.29689499502973,0.8537054406107265,1.0851457118988037,1.1,25.504939556121823,0.9000169523649566
07142300,3.728201985359192,-0.0932830572128295,0.1628233790397644,1.013554334640503,0.2182353734970092,9.979265183210371,-63.14146133710261,-62.87717966993935,0.1899134153219596,1.7102255821228027,0.625,66.9270396232605,0.6105950986619312
07145700,11.850176006555555,0.5450383424758911,0.659337967634201,1.08273184299469,0.051122061908245,14.19139951467514,23.36616628880307,-186.2332255782561,0.7203987523770744,1.2189500331878662,0.1363636363636363,36.421797492287375,0.8470516989501654
07148400,20.191645622253414,0.2869191169738769,0.42398601770401,1.2466851472854614,0.2077236622571945,20.67723423242569,-11.801547884113786,-201.1838766925881,0.4584680050139362,1.443358063697815,0.4117647058823529,45.20707691417021,0.8106934574388389
07149000,46.58820033073425,0.1714386343955993,0.1090537309646606,1.4488050937652588,0.2532167434692383,36.59046292304993,-7.457517473855465,-4.777608331799767,0.3775566132886242,1.3733974695205688,0.6842105263157895,52.03157726087069,0.7841665289471523
07151500,-0.812692753970623,0.540325790643692,0.5855365097522736,1.0253052711486816,-0.005373106803745,-2.2397946566343307,-1.14808847182986,-276.5167024659847,0.7960843743695374,0.9851104617118835,0.4,39.967195987701416,0.7982091992237471
07167500,-17.07087755203247,0.5294144153594971,0.661944180727005,0.8138875961303711,-0.0176970977336168,-19.877463579177856,-38.94195370377402,-84.87228451082346,0.7205813017381291,0.9063861966133118,0.2352941176470588,69.83010348151711,0.8137919500136874
07180500,-10.212329775094986,0.532944530248642,0.6733578443527222,0.8991729617118835,0.0100769232958555,-10.044904053211212,-21.692183999662525,-5.344976542656705,0.7924027253388177,1.044506549835205,0.3157894736842105,51.95791846827456,0.824074720922309
07184000,-11.092984676361084,0.6161483526229858,0.765821099281311,0.8952553868293762,0.003945845644921,-13.2193461060524,-8.335621600854683,9.232280797690716,0.8362442742761822,1.0174992084503174,0.2222222222222222,37.24388016594781,0.8753473569366339
07195800,21.591493487358093,0.3721097111701965,0.3856331706047058,1.2383345365524292,0.0425928309559822,11.225029826164246,-20.16582512237492,94.25038881185014,0.6616570280288907,1.0855571031570437,0.125,61.02325916290283,0.7756061554588526
07196900,22.439676523208615,0.3830074667930603,0.424302339553833,1.1650248765945437,0.0328940004110336,11.64478287100792,-42.30704221717447,-0.5313366192437252,0.6954321108583066,1.101683497428894,0.4545454545454545,62.19370581886985,0.7650769156685308
07197000,3.827757388353348,0.5959203839302063,0.8530189245939255,1.0529247522354126,0.0581195317208766,5.314341932535172,-15.276264854940685,-456.2875930692864,0.824532258111567,1.153353571891785,0.3684210526315789,42.19738809685958,0.9331375962720668
07208500,14.578668773174286,0.466597318649292,0.6035026609897614,1.1793385744094849,0.1747617423534393,19.40063983201981,-3.6363342741498954,57.97476797841372,0.6331594130540128,1.287023663520813,1.181818181818182,40.3319618918679,0.8584828330599384
07226500,-35.891956090927124,0.4057551026344299,0.0194979906082153,0.7488982081413269,-0.0471328794956207,-41.202279925346375,-41.46670148248618,-1277895507812.5,0.2634056620469529,0.6742132306098938,0.4166666666666667,83.87002150217691,0.3889500104572383
07261000,-20.07269859313965,0.6804419457912445,0.8098000288009644,0.8239706754684448,0.0267307702451944,-17.08618998527527,-15.301376308368951,-7.410794660163823,0.7872060531648697,1.0710234642028809,0.2105263157894736,29.451520819413037,0.9038199176166978
07291000,-15.160207450389862,0.4682104587554931,0.5825240910053253,0.7533857822418213,0.0357617996633052,-9.981989115476608,-4.184189229844817,-1102.5383315324796,0.6285721195308205,1.1466727256774902,0.2631578947368421,38.189185293097246,0.7641457875472978
07292500,-5.361785367131233,0.5698811113834381,0.7701190710067749,0.9165290594100952,0.0553309433162212,-0.8990284986793995,-8.315022455631391,-33.01880956130281,0.7929662673944328,1.1466649770736694,0.2105263157894736,47.09995169388621,0.8800627121633554
07299670,-23.1152817606926,0.1859097480773925,0.3477122783660888,0.7632175087928772,0.0182076022028923,-19.25729513168335,-34.33726596691994,-571.3044013993086,0.5344076122703156,1.0911784172058103,0.8,78.9677365620931,0.6096196475161427
07301410,-8.299016207456589,0.3749623298645019,0.0684488415718078,0.6896809339523315,-0.0445186458528041,-5.130939185619354,-12.768756809893905,-1.417367464677605,0.3169240315579772,0.926794171333313,0.5,72.79554605484009,0.3959008669435672
07301500,-18.31197440624237,0.4341626167297363,0.3575587272644043,0.8102594614028931,0.0300622694194316,-16.23743027448654,1.822192132657244,-9.162634520649284,0.5752265230637914,1.0693053007125854,0.75,42.608290910720825,0.626331952109237
07315200,9.975535422563553,0.2807826995849609,0.2373913526535034,1.2415295839309692,0.0757709890604019,10.652504861354828,-71.55618417257922,-1072.2710323634042,0.2799017143075453,1.617304444313049,0.5454545454545454,64.93411931124601,0.7186812765301563
07315700,11.310281604528427,0.424261212348938,0.3327730298042297,1.1992032527923584,0.0938208550214767,11.300629377365112,-53.73890055310988,-36.79579910235071,0.4437023239900656,1.4508116245269775,0.6111111111111112,49.73299768235948,0.7420192883133602
07335700,-7.64465257525444,0.3365272283554077,0.3945098519325256,0.912277340888977,0.1034635454416275,-0.2402785001322627,-43.67768779685317,-25.335973701129287,0.5271344643004239,1.3352155685424805,0.1578947368421052,63.66450159173262,0.678228229116226
07340300,-1.1958494782447815,0.5236735939979553,0.6493403315544128,0.9802717566490172,0.0689468532800674,-0.1561249024234712,-19.030369637878767,-674.7484156916549,0.7450223287896325,1.1832090616226196,0.2916666666666667,43.00278822580974,0.8237647907780461
07346045,-10.45260652899742,0.6070525646209717,0.7729167938232422,0.912990152835846,0.0566885657608509,-5.53378276526928,-30.985758062360546,-18.53315426131794,0.8124550236566399,1.116492509841919,1.0714285714285714,34.64668818882534,0.8815436797851948
07362100,-15.386396646499634,0.6041592955589294,0.6761176586151123,0.872658371925354,0.0662394538521766,-8.9993417263031,-31.718361788416573,-8.525402497923995,0.7113143177772241,1.19216787815094,0.1333333333333333,61.37426376342774,0.8262328008895419
07375000,2.393743395805359,0.5057690441608429,0.53705033659935,0.9249144196510316,0.0528462715446949,1.2418904341757298,-5.468258630639079,-104.06135824983286,0.7098078652520121,1.1349105834960938,0.3529411764705882,72.24727518418256,0.7542913002069391
08013000,33.34752917289734,0.5583593845367432,0.6802190840244293,1.3006271123886108,0.1767654865980148,30.746424198150635,-12.848978217982216,-601.4524046657805,0.4970169071505825,1.3959952592849731,0.5882352941176471,28.915730644674863,0.9238220135926524
08014500,8.644124120473862,0.5625045299530029,0.7683922052383423,1.0665037631988523,0.1171118021011352,13.078896701335909,-8.227605357881009,5.244126015590439,0.7243076650026505,1.2481282949447632,0.9444444444444444,36.59777376386855,0.8999207199042362
08023080,-2.564097195863724,0.635166734457016,0.6945740282535553,0.9679529666900636,0.0073184324428439,-1.7432959750294683,-40.789374673969554,-12.389428186939965,0.8372473597942003,1.0273160934448242,0.2142857142857142,29.25067288534982,0.8427891842496072
08029500,-22.32522964477539,0.5831531882286072,0.5006378591060638,0.5959997773170471,0.0156445521861314,-15.60724526643753,0.0076200810747583,25.101872580618306,0.5046228432673476,1.0526610612869265,0.3684210526315789,36.11512937043842,0.718203690391826
08066200,9.938688576221466,0.5515691637992859,0.4824895858764648,1.13007915019989,0.0136718954890966,4.900704696774483,82.95640494968951,34.874118397185896,0.736739627708895,1.0580233335494995,0.35,71.77901268005371,0.7785982586655444
08066300,23.16991984844208,0.4159613251686096,0.4940422773361206,1.2065619230270386,0.151872918009758,22.874781489372253,-9.864218176506952,-930.0051192516876,0.5611858467052027,1.3414814472198486,0.7368421052631579,44.18694847508481,0.8175706868624469
08070000,18.10542196035385,0.4751853942871094,0.363170862197876,1.1684542894363403,0.1004245653748512,15.800291299819946,1.2377888458154631,10.982631285724704,0.559677174281066,1.3161413669586182,0.5882352941176471,45.21853222566492,0.7439492641737957
08079600,-59.46198105812073,0.479219377040863,0.3103885650634765,0.3811028003692627,-0.0553878508508205,-59.81666445732117,-76.94998314102654,-183.28361224918828,0.1224859030426775,0.5220518708229065,0.3888888888888889,73.81620936923557,0.6018005117228645
08082700,-66.71532988548279,0.446067214012146,0.3330768346786499,0.2299383580684662,-0.0262738466262817,-63.83053660392761,-64.50210021246296,-3386.304290586698,0.0987253519724286,0.5596151351928711,0.5,76.5018860499064,0.840744765700654
08086212,-5.532756075263023,0.1737194657325744,-0.2193845510482788,1.0391266345977783,0.0467989780008792,-4.003918543457985,-79.43587614318663,-145.72223056250135,0.2422452000976619,1.48010516166687,0.25,127.83065636952718,0.4150551504791988
08086290,-25.88555514812469,0.2282775044441223,0.1803945302963256,0.905064821243286,0.0328576937317848,-25.554078817367557,-71.53199784784009,-299.0747670108046,0.4393266230827712,1.324565291404724,0.3571428571428571,80.89257649012974,0.5527871658443084
08101000,-16.69553518295288,0.5102110505104065,0.6219224631786346,0.8295424580574036,0.0008422760874964,-18.42627078294754,-28.63340636325461,-8.056597329216547,0.7292009541431697,1.0045803785324097,0.1764705882352941,62.41364198572496,0.7896303972424783
08103900,-43.65453720092773,0.494546890258789,0.435892105102539,0.5323716402053833,-0.0014664109330624,-37.45691776275635,-77.65394573477299,-79.00206287049578,0.4308041543579584,0.9925165176391602,0.4666666666666667,54.14395650227865,0.6755749311417035
08104900,-5.107015371322632,0.4965559244155884,0.4961826205253601,0.6775928139686584,0.0162061173468828,0.8372429758310318,-38.19182673712918,-5.872718775399021,0.5495521440141712,1.1095739603042605,0.3333333333333333,38.28132549921672,0.7051264261063357
08109700,-33.11171233654022,0.598894327878952,0.6600441634654999,0.6931767463684082,-0.0761785432696342,-35.86866557598114,12.845247576353644,3.8158944885651658,0.5338914925526996,0.6948042511940002,0.9333333333333332,54.292805989583336,0.8268752280682541
08150800,-64.630788564682,0.3483324646949768,0.2469406723976135,0.3896097540855407,-0.0615638755261898,-63.5569155216217,-48.93400666429571,83.07261615711539,0.1293498845108847,0.6104398369789124,0.5,82.89473397391183,0.5165765306890041
08158700,22.31794148683548,0.4288042187690735,0.5232153236865997,1.1144490242004397,0.1317830383777618,27.96812653541565,-54.04573020343649,-57.31991099118445,0.5266105723031251,1.413403034210205,0.7857142857142857,72.60562351771763,0.7997578904911908
08158810,4.01371531188488,0.4756253957748413,0.4831876158714294,0.9082801938056946,0.0227238722145557,0.2728839172050357,-50.41558826802872,,0.6923237807069699,1.0899122953414917,0.3076923076923077,79.19507393470178,0.720414749644127
08164000,13.737000524997711,0.5955922901630402,0.4828780889511108,1.1905405521392822,0.0179044418036937,1.6004756093025208,-16.145908782622644,-136.27808503391063,0.7151665494726365,1.0640490055084229,0.4285714285714285,61.02958860851469,0.7982027814285749
08164300,-15.85925817489624,0.5524033010005951,0.587172120809555,0.8779467940330505,-0.0316462814807891,-22.07355797290802,-9.527574388382083,12.59778940479077,0.6925852705583098,0.8311635851860046,0.5882352941176471,60.00339283662684,0.7739444850846291
08164600,-14.50922191143036,0.5253245234489441,0.6084334552288055,0.8316622376441956,-0.0108599960803985,-18.15958470106125,-35.41196990984093,-12.563524996123467,0.7183779883514355,0.9424104690551758,0.5,85.1556142171224,0.7816956227292269
08165300,59.22995209693909,-0.1775765419006347,-0.1690065860748291,1.1276180744171145,0.0578551888465881,64.36604261398315,-59.640103731316174,-485.1035187467553,0.4047241497343051,1.2798705101013184,0.2857142857142857,77.94104303632464,0.4903535906461797
08171300,16.16377979516983,0.5735757052898407,0.4664056301116943,1.1122184991836548,0.0367507748305797,15.057715773582458,-19.424381661789475,-22.44618211983273,0.704439788222659,1.142088770866394,0.1666666666666666,79.11515235900879,0.7663900078752791
08175000,-9.57513153553009,0.5452608466148376,0.5443177819252014,1.1226167678833008,-0.0085884351283311,-11.25134751200676,391.1666654119794,41.03110046851631,0.7639468773913134,0.9532935619354248,0.4666666666666667,47.99086888631185,0.8037738203743334
08176900,-8.886899054050446,0.4363772869110107,0.5032676458358765,0.8910051584243774,-0.00233117910102,-13.295918703079224,-13.190652463497331,-10.507942555452567,0.706585858167404,0.9863916039466858,0.4285714285714285,85.30314309256417,0.7279213446554107
08189500,-0.4769977647811174,0.5796302556991577,0.6797811985015869,0.8973705172538757,0.0068008061498403,1.203205622732639,10.464564725515263,4.917884060157167,0.7956585564334053,1.0381752252578735,0.0,50.56719046372634,0.8274738657285413
08190000,4.281017556786537,0.4305217266082763,0.4600102305412292,1.1155298948287964,0.0055511114187538,1.7956487834453585,-20.26295869639695,-704.8352774565097,0.7365713126505355,1.0182822942733765,0.4,73.9030933380127,0.7639634044568284
08190500,140.68137407302856,-0.2397828102111816,-2.376635789871216,2.304811477661133,0.1314293295145034,143.00386905670166,-63.58204593715914,-45.22845584466164,-0.8796350892461327,2.3043413162231445,0.625,113.41488361358644,0.6405715547117018
08194200,-52.77138948440552,0.4417516589164734,0.1847588419914245,0.4596315026283264,-0.0395168699324131,-50.62631964683533,-86.09761906894802,-393.010766691893,0.1434467939645493,0.6541252136230469,1.0,78.86388952081855,0.4325002960647591
08195000,41.473737359046936,0.102910578250885,-0.0478103160858154,1.0673425197601318,0.1194949820637703,40.90904891490936,-27.42151836834146,-330.4795050470593,0.3253864630049727,1.4671286344528198,0.875,66.43515825271606,0.5179634368602927
08196000,51.58504843711853,0.2607669234275818,0.2537953853607178,0.8742595911026001,0.0542587153613567,48.17435443401337,-42.73736574881055,-203.89276780404603,0.4421386242594192,1.349730372428894,0.0769230769230769,123.26591198260968,0.5839623445957863
08198500,-5.174325779080391,0.2223981022834777,0.3444808721542358,0.5768439769744873,0.0295266024768352,7.387527823448181,25.65461582635578,38.95828619692334,0.2850759711278821,1.4026421308517456,0.0,38.83227620806013,0.5877686793811774
08200000,-31.968653202056885,0.384967565536499,0.2053484320640564,0.3702855408191681,0.0006867582560516,-23.738056421279907,-57.333903619093306,-19.648702972679175,0.1720120810353035,1.00628924369812,0.2857142857142857,59.37473433358329,0.4624275497537223
08202700,-58.07749629020691,0.3368205428123474,0.1318190097808838,0.2449797391891479,-0.0133949676528573,-53.40832471847534,944825363.1591796,-979868652343.75,-0.027005356602227,0.6610389947891235,0.4285714285714285,92.9420266832624,0.3918965176869873
08267500,-11.846072226762772,0.6192084848880768,0.7715048789978027,0.7836678624153137,-0.1051385030150413,-15.274673700332642,-19.548293494905828,70.14571684528528,0.7200874612349517,0.8596504926681519,2.375,40.2001291513443,0.8911264430743508
08269000,-25.308042764663696,0.6547437012195587,0.8203966915607452,0.7334229946136475,-0.0887147858738899,-24.78614896535873,-40.21426137392858,40.82796322625795,0.6906570093432448,0.8588628172874451,1.0,29.195743799209595,0.9313699648574126
08271000,-40.27861952781677,0.5505769550800323,0.6695053279399872,0.5704784989356995,-0.1824307739734649,-38.50474655628204,-34.481824238471305,47.52207323469048,0.502726887149761,0.7697161436080933,1.7777777777777777,53.26285362243652,0.9012013442778276
08324000,16.724787652492523,0.5562546849250793,0.6893454492092133,1.130091428756714,0.1398762464523315,15.955613553524016,-8.07766762830854,34.37310744326149,0.7164658242382527,1.2208021879196167,1.0769230769230769,40.93984457162711,0.8786977213782012
08377900,19.496645033359528,0.5838322937488556,0.6654300093650818,1.1942204236984253,0.1058718860149383,28.75490784645081,-11.750744124498606,37.98227485523359,0.7182399705328133,1.165423035621643,1.0,38.33751678466797,0.8804075231903166
08378500,13.462452590465546,0.5931799709796906,0.7216469347476959,1.2044165134429932,0.1468731462955474,23.372620344161987,-13.484914139283724,16.1402629941611,0.6943386742262339,1.2089896202087402,1.1,43.61508846282959,0.9107471358969724
08380500,-46.73275649547577,0.499866783618927,0.4880421757698059,0.6780429482460022,-0.0193915516138076,-40.04202485084534,-24.04615227742949,-617.7234169302993,0.5580048567359904,0.9651268124580384,0.8125,63.21338415145874,0.699189055575584
09034900,1.9017187878489492,0.7490580081939697,0.871489942073822,0.9935845732688904,-0.0024873183574527,1.798283867537975,-13.347328740462771,-1048.373132984517,0.9348828317134636,0.9955310225486756,0.9,19.16002988815308,0.93535391623575
09035800,16.869722306728363,0.6007857918739319,0.7299458682537079,1.0904226303100586,0.105269655585289,9.710145741701126,-13.576722899442064,-1602.0748137156197,0.7868841262424332,1.1549749374389648,1.6,30.532476902008053,0.8850004680833414
09035900,-5.110033228993416,0.7512515336275101,0.8757699877023697,0.8698490858078003,-0.0812386870384216,-5.671682581305504,-11.888310391714652,14.162337454289966,0.8154738879481306,0.8826939463615417,1.4,30.88499069213867,0.9421215468098456
09047700,-7.280717045068741,0.6227935552597046,0.7911142557859421,0.9006551504135132,0.0400987081229686,-3.727954626083374,-19.826283071916283,-1082.0413648501135,0.8434872861734586,1.0511518716812134,1.625,23.943987488746643,0.890408410571359
09065500,-25.748562812805176,0.716577798128128,0.8034022450447083,0.7942981719970703,-0.0543529726564884,-25.375759601593018,-6.524456341647834,-971.7184673604702,0.7512743316078616,0.8976443409919739,1.4,36.9551682472229,0.9047396454845889
09066000,-8.53365808725357,0.7404884397983551,0.8664891570806503,0.838068962097168,-0.0549631267786026,-10.261770337820051,-15.473979021325947,19.230199344322383,0.7964846078974048,0.8935711979866028,0.7,20.05257368087769,0.9377925736878808
09066200,-25.26490092277527,0.6221188604831696,0.6583777070045471,0.7314698100090027,-0.1509498208761215,-23.751772940158844,-29.431049860366056,-679.3922098756641,0.5682303269409166,0.7069590091705322,1.8,49.207916259765625,0.8313477977296755
09066300,-6.36015310883522,0.6691827774047852,0.705022394657135,0.8262279033660889,-0.105224885046482,-7.083068788051605,-14.98048101942427,,0.6817922450159447,0.782085657119751,1.5,37.53699064254761,0.8464657271795106
09081600,-14.368316531181335,0.7898463606834412,0.8980754837393761,0.8581283688545227,-0.051100555807352,-15.099628269672394,-16.07461827931407,20.3448582751214,0.8330122610196347,0.9249761700630188,0.9090909090909092,33.93600420518355,0.9538614024109618
09210500,-30.75084090232849,0.6880435347557068,0.8035732954740524,0.694807767868042,-0.1145545318722724,-28.3030778169632,-20.794267326177028,13.103748936845053,0.657663940119369,0.859138548374176,1.0,35.46361684799194,0.9351175618000244
09223000,-27.84625887870789,0.719127893447876,0.8337057679891586,0.7124033570289612,-0.0683227181434631,-28.91081273555756,-16.745758965808886,21.469933680562846,0.6816676539045385,0.8752761483192444,0.8,31.443839073181152,0.9446139517175454
09306242,66.9467031955719,-1.2994365692138672,-3.934406280517578,1.79912531375885,0.7704800963401794,90.27562141418456,-41.18387174220437,5.423266496556415,-0.7033210729810748,2.0973188877105717,1.3333333333333333,67.98128022087944,-0.028879326862414
09312600,-25.4000186920166,0.7095745503902435,0.8384255617856979,0.8078486919403076,0.0120734982192516,-24.85809624195099,-9.69749497613,-4.534987932418861,0.7909003660400116,1.0293632745742798,0.625,34.23897624015808,0.9229394404417812
09352900,-23.584267497062683,0.6749343872070312,0.7986459136009216,0.8180680274963379,-0.0500492006540298,-21.146665513515472,-20.334215962557927,-671.4007459742179,0.7799371160619679,0.9288271069526672,0.875,41.61304235458374,0.8986942767494183
09378630,16.423499584197998,0.5026919543743134,0.5318668484687805,1.240933537483215,0.1320130378007888,20.3445166349411,-71.37830476080106,-230.7092006448198,0.4478250696900884,1.4709752798080444,1.2,44.977407455444336,0.8417897917695761
09386900,-31.132498383522037,0.110831618309021,0.0107068419456481,0.6825754046440125,0.0751342549920082,-20.727379620075222,-86.56312244331549,-207.57285572162897,0.1433615815835274,1.4634716510772705,1.3333333333333333,79.86664772033691,0.3532658700687955
09404450,-0.318309711292386,0.3088784217834472,0.4180752635002136,1.1241470575332642,0.1948051750659942,11.720839887857435,-19.28668426305026,21.9760638555024,0.6346531900803947,1.2505913972854614,0.0833333333333333,40.28071562449138,0.764904803896837
09430500,3.217177465558052,0.452195405960083,0.4167727828025818,0.9208989143371582,0.0381379723548889,4.016073420643807,-10.846354111959526,6.113495173961827,0.6632138832690571,1.0976078510284424,0.5833333333333334,58.35252205530802,0.6875250184618334
09430600,-23.663364350795742,0.4464117288589477,0.2787428498268127,0.5123048424720764,-0.0028394763357937,-18.861272931098934,-25.896210614709823,,0.3212458098332937,0.9834699034690856,1.0,74.10157680511475,0.5282082663914578
09480000,-1.6732672229409218,-0.2305773496627807,-0.1378604173660278,0.6470437049865723,0.0850440636277198,12.930077314376833,-33.262910424910984,-38.42565650853636,-0.265056127305687,1.9334917068481443,0.8333333333333334,57.82926479975382,0.2225798482867873
09492400,-3.565448150038719,0.6023892760276794,0.7426681220531464,0.938259482383728,-0.0092666260898113,-6.32200613617897,-10.79364914991628,46.95065555442891,0.8511133044828596,0.9892584085464478,0.8125,47.74698615074158,0.8649445491676346
09494000,4.743171855807304,0.6046622693538666,0.5682697296142578,1.0426523685455322,0.0754670053720474,10.562340915203094,-22.30306872443424,-310.954775189082,0.7627510001302293,1.1143838167190552,0.6666666666666666,37.93651580810547,0.7965689161670614
09497980,-18.299482762813568,0.5711395144462585,0.7889342159032822,0.7213547825813293,0.0282657705247402,-13.012321293354034,-9.221027883923478,-464.8675519545578,0.6574761260846277,1.1767170429229736,0.25,54.87236380577088,0.9080732152620602
09505350,32.6349675655365,0.529371589422226,0.0569807887077331,1.3322160243988037,0.0429043099284172,24.156275391578674,-64.27730831068268,-12723.85612936706,0.4985027914060412,1.2095307111740112,1.3333333333333333,73.99735450744629,0.6881845987846349
09505800,17.00151413679123,0.3871738314628601,0.2209853529930114,1.1219958066940308,0.0628285259008407,18.734149634838104,109.12837795748256,-3967.22689941098,0.548143299492462,1.27300226688385,0.5555555555555556,61.74135208129883,0.6612356818982987
09508300,-39.51132297515869,0.638346940279007,0.728476494550705,0.6380709409713745,-0.0284628514200449,-37.91801929473877,-81.96278052820878,-91.21550841360562,0.5661363883505033,0.7872616052627563,0.4444444444444444,61.86509132385254,0.89051317362888
09510200,-32.25613534450531,0.6310135126113892,0.7858884781599045,0.7176988124847412,-0.0185028277337551,-31.29703402519226,-85.14359623651413,-137.39034944932712,0.6703836069607325,0.8577739000320435,0.2727272727272727,69.1123442216353,0.9065936695100576
09512280,17.214494943618774,0.3197476267814636,0.3527424931526184,0.8573026061058044,0.0284244678914546,19.23834383487701,-85.18548330406327,-620.5841293966992,0.4442787119573167,1.3938648700714111,0.4444444444444444,79.61628172132704,0.6348506225073715
09513780,25.578591227531437,0.4421506524085998,0.47743821144104,0.9715344309806824,0.022074544802308,22.75949716567993,8.40505395743894,-317.34839954342044,0.6254709474469875,1.2597955465316772,0.5555555555555556,66.63118468390572,0.7317314841637753
10172700,0.9213536977767944,0.2675954699516296,0.393803596496582,1.1018166542053225,0.0504388324916362,3.8658034056425095,25.65193681022092,37.13885691425562,0.7093993637958402,1.0399619340896606,1.5,46.72583937644959,0.7307693507185524
10172800,-27.96519100666046,0.624891608953476,0.7441955208778381,0.7197174429893494,-0.1301915943622589,-23.507562279701236,-25.294835121423557,35.51024632573557,0.6660818326031881,0.8566756844520569,1.9,39.60700273513794,0.8886394534589096
10205030,-3.1055834144353867,0.4403750896453857,0.5079644918441772,1.0745080709457395,0.1230799928307533,4.921863228082657,5.827959374043042,28.95008230460875,0.7244841955830057,1.1491762399673462,0.6,39.0731692314148,0.7806738609360644
10234500,-46.36819660663605,0.6316735744476318,0.6823097169399261,0.6170350909233093,-0.0561127513647079,-42.17804670333862,-12.921910298326766,-9.85601383014676,0.5852717648563737,0.917348563671112,1.0,34.86520184410943,0.8639627715880654
10242000,-32.65253007411957,0.6280404031276703,0.754136860370636,0.7137910723686218,-0.0179583895951509,-29.23007905483246,-16.280004700498477,-9.649491996987262,0.6889557896152465,0.9588185548782348,0.8,43.1212043762207,0.8853830765739441
10244950,-31.427720189094543,0.3808654546737671,0.6953139901161194,0.8275277614593506,-0.0242006853222847,-22.90297001600265,-11.85690992513804,-10.060685895604976,0.7593602126600847,0.973882496356964,2.0,39.22734260559082,0.8342329641115791
10249300,-19.08106505870819,0.4851711392402649,0.4793931245803833,0.7963520884513855,-0.0541474856436252,-16.869544982910156,-20.031225567350813,28.49185006367596,0.6217698342080608,0.8895888328552246,1.7142857142857142,67.9861341203962,0.7010100994906115
10258500,80.03365993499756,0.119986355304718,0.0575469136238098,1.6258161067962646,0.1523728221654892,85.48338413238525,-78.06246471801369,-1959213281250.0,-0.4400565577914679,2.2867753505706787,0.7142857142857143,141.87612533569336,0.8377462256947941
10259000,-4.100024700164795,0.0153004527091979,0.5130380094051361,0.6855595707893372,0.1762627810239792,12.01268956065178,-0.207038125578106,66.73676475496008,0.3316327513793093,1.5291889905929563,0.375,49.41763877868652,0.7396137335767994
10259200,47.49427437782288,0.1317530870437622,0.3881513476371765,1.204045653343201,0.1231321841478347,54.561346769332886,-86.21326574636406,-575.9714139222878,-0.1522314172507408,2.11034893989563,0.5555555555555556,104.08545600043402,0.7695052236512769
10263500,-41.34268760681152,0.5791525840759277,0.6602951288223267,0.5755879282951355,-0.0875410810112953,-38.75625133514404,-31.40143795569174,-819.7588699520123,0.4853377443333544,0.7405068874359131,1.1428571428571428,67.03171048845563,0.8680342645575498
10316500,-12.630099058151243,0.7557898163795471,0.8615809082984924,0.9725509881973268,0.0156720802187919,-5.292877182364464,-18.756114350051146,-287.5233323167424,0.9178532124270662,1.0316753387451172,0.4,34.11592483520508,0.9293507298339784
10329500,-2.492116950452328,0.6667517721652985,0.6930781900882721,1.0036333799362185,0.0255678761750459,0.3343783784657717,-12.972143344294492,-825.4751193201088,0.8404815960297491,1.0464152097702026,0.9,40.07870674133301,0.8474269091305964
10336645,-7.281718403100967,0.7222646176815033,0.8757318779826164,0.9618692994117736,0.0574517026543617,-3.995465114712715,-9.599583465078268,-722.3866790127042,0.8588692650582783,1.1208484172821045,0.5454545454545454,22.12270823392001,0.9378743687496708
10336660,4.4716861099004745,0.6491850018501282,0.8133596479892731,0.9339902997016908,0.0211005490273237,0.6910929922014475,-21.81171134730108,-456.96895216087216,0.8756690284672594,1.0403105020523071,1.181818181818182,28.966166756369848,0.9026553885770072
10343500,6.988343596458435,0.4947669506072998,0.6708464622497559,1.229249358177185,0.2067648023366928,12.17474713921547,-7.408510845887426,-304.5797549615476,0.5465258178443879,1.3795210123062134,0.6363636363636364,29.832122542641383,0.9048823524517292
10396000,-1.2839767150580883,0.589963287115097,0.7853229343891144,1.044872522354126,0.1659123301506042,2.18574870377779,-11.157937470558451,13.931726977355632,0.7509172818339759,1.2284293174743652,0.7857142857142857,34.887995038713726,0.911407087502729
11098000,-34.998589754104614,0.6913241744041443,0.8189509510993958,0.6497725248336792,-0.0250953491777181,-32.71970450878143,-44.98772229882275,-1.771045074099847,0.6114630534459798,0.8377465009689331,0.5,40.08280038833618,0.9555536668742936
11124500,1.3257786631584167,0.4598492980003357,0.6388450264930725,0.9060623049736024,0.0649016723036766,7.957633584737778,-52.810712366428845,,0.5959519508868658,1.3428208827972412,0.125,64.0485167503357,0.8078948783520402
11141280,-30.10304570198059,0.4537197351455688,0.46539306640625,0.6597368121147156,-0.0141695719212293,-22.65856117010117,-15.765960526161685,-1038.1439227974413,0.5331292030967211,0.9608829021453856,0.4,65.113205909729,0.6827317276709206
11143000,-4.3079037219285965,0.6239964663982391,0.6562714874744415,0.9742595553398132,-0.0165208019316196,-3.394976258277893,3.875647313845119,-151.08353281900193,0.8196026493986452,0.969486653804779,0.5833333333333334,46.15113337834676,0.824075103192713
11148900,-30.12736737728119,0.6230380535125732,0.6688558161258698,0.7439354658126831,0.0021084656473249,-25.363817811012268,-79.62566678191052,-64.49465444091264,0.6877679498800897,1.0078091621398926,0.0,47.73120880126953,0.8215095956635554
11151300,-36.99505627155304,0.4787203669548034,0.4529846906661987,0.5552573800086975,0.0065197562798857,-35.27770936489105,-37.3057602535618,-27.903089903101343,0.4537446320252131,1.0416418313980105,0.2,64.25463199615479,0.6855721276948219
11162500,-16.287200152873993,0.6863242983818054,0.8160597831010818,0.8331921696662903,-0.0115134008228778,-14.871880412101746,-21.605132825574344,-483.3309331255915,0.8058992523485675,0.967011332511902,0.1538461538461538,39.60436674264761,0.9063944670675655
11176400,-12.12463155388832,0.4930897355079651,0.3637735247611999,0.946163296699524,0.0184290315955877,-13.039904832839966,-82.94025474725547,-145.97248653767514,0.6520939677948766,1.0790451765060425,0.6,56.14620208740234,0.6654972695274709
11180500,-16.37158691883087,0.5665862858295441,0.695343017578125,0.8334363102912903,0.0298411808907985,-12.02564612030983,-83.69677697336432,-621.5663545081759,0.7393333011220765,1.1130597591400146,0.1666666666666666,63.81499767303467,0.8344066546091402
11180960,-41.914501786232,0.4964675903320312,0.5132637321949005,0.6385589838027954,-0.0934874936938285,-46.93924188613892,-53.82499494850826,-45.89992060117651,0.416826534371984,0.6319294571876526,0.5384615384615384,58.69288811316857,0.7280151505382206
11224500,74.77861642837524,-0.0825445652008056,-0.4660755395889282,1.4488177299499512,0.152114987373352,75.01544952392578,-82.56471433417121,-781.7140941152767,-0.2601119470510711,2.0967557430267334,0.3333333333333333,53.35825814141168,0.5715474302547693
11230500,8.093223720788956,0.5279182195663452,0.664344072341919,1.211727261543274,0.2272560447454452,7.684231549501419,2.9420132390354,-621.7499837126811,0.5669396989735669,1.364653468132019,0.75,37.20761140187581,0.901305323224697
11237500,2.3614389821887016,0.7076239287853241,0.849176287651062,0.9802802205085754,0.0035912664607167,0.471681309863925,-47.07962149096737,-8.701287408696265,0.9203937758872968,1.007856011390686,0.9166666666666666,29.122694333394367,0.9232760513312764
11253310,-0.6396912969648838,0.3783324956893921,0.425488531589508,0.9031821489334106,0.0498354472219944,8.131363242864609,-79.29819590136748,-374.66206689926713,0.5171172351745159,1.3560612201690674,0.125,52.34912037849426,0.68851568936451
11264500,-3.858371078968048,0.7083898782730103,0.886908046901226,1.0084689855575562,0.0898542627692222,-1.0776673443615437,-37.471071353216665,-407.83323055295233,0.839724684531771,1.1513574123382568,1.1666666666666667,19.49783364931742,0.9479674451681148
11266500,0.1588609302416443,0.7679995447397232,0.914673812687397,1.0065733194351196,0.0151416147127747,-0.2197816269472241,-23.33195369118216,-542.2299893098432,0.9505579797123048,1.0248256921768188,0.6153846153846154,24.520622766934903,0.957750859775913
11274500,-6.389040499925613,0.353999376296997,0.3525231480598449,1.0926176309585571,0.0575476363301277,-4.998520761728287,-79.53065354295289,-1903589257812.5,0.5484948739029436,1.3326891660690308,0.4444444444444444,60.61717669169108,0.7091447574688807
11274630,15.720754861831663,0.3001483082771301,-0.3643653392791748,1.3698992729187012,0.0899640694260597,18.07646155357361,-79.9618585303792,-243.0206373082416,0.3147479331126166,1.3669377565383911,0.2222222222222222,80.60752020941841,0.5549139342843683
11284400,-38.04885447025299,0.601235419511795,0.7123412489891052,0.6547315716743469,-0.0144879920408129,-37.01992630958557,-79.20406158341632,-88.5532760865556,0.6250909765539355,0.9304325580596924,0.0833333333333333,45.90853850046794,0.8715209772581647
11381500,-14.558495581150057,0.6859592497348785,0.8602826446294785,0.8237569332122803,-0.0828522890806198,-15.612173080444336,-14.372769913002172,-148.15551840584698,0.7901220186568423,0.9042409658432008,0.0,28.066517512003585,0.9382152458992092
11383500,-9.296954423189163,0.7008154094219208,0.8900904133915901,0.8920513987541199,-0.0274126473814249,-9.93930771946907,-8.430608818618117,-2476.8684661304105,0.8722256760193032,0.958932876586914,0.1538461538461538,29.667626894437348,0.9453477472343876
11451100,1.2416603043675425,0.5466307401657104,0.7224362790584564,1.0965663194656372,0.1556030809879303,5.603368952870369,-20.32940303307228,-2.770402296026675,0.5547871998535445,1.420129418373108,0.2307692307692307,25.831090486966644,0.8887316074683276
11468500,-4.940697178244591,0.7471670806407928,0.8661683201789856,0.9954941272735596,0.0461133569478988,-2.7578530833125114,-9.753749539741907,-324.4251271701904,0.862887258494776,1.1200209856033323,0.2307692307692307,19.72418748415433,0.9338595130887584
11473900,10.730313509702682,0.6287905275821686,0.7077449858188629,1.047884821891785,0.0302098486572504,7.397570461034775,-34.89213784953735,-272.5719327278689,0.8416138179725586,1.0614099502563477,0.2307692307692307,42.38760287945087,0.8620795718570495
11475560,-41.33176505565643,0.7139638066291809,0.7667368799448013,0.6532233357429504,-0.0813528373837471,-38.88483643531799,-27.79848033584714,-530.8856727081605,0.6009441135933804,0.8201115727424622,0.25,46.61664168039958,0.9185647536914394
11476600,-2.657696418464184,0.6812517940998077,0.7824402898550034,0.951791286468506,-0.0118817659094929,-3.746909275650978,-27.77527282737745,-229.20791610990844,0.874720687175678,0.9754427671432496,0.0833333333333333,39.86686070760091,0.8870054493535551
11478500,-29.06692326068878,0.6732325553894043,0.7740910947322845,0.7172564268112183,-0.1265143007040023,-27.589181065559387,-29.131237005501504,-308.0504245231155,0.602668214809613,0.7359521985054016,0.25,40.43601751327515,0.9094054203117587
11480390,-8.32991749048233,0.6396139562129974,0.6311306655406952,0.8957604765892029,-0.0308393407613039,-7.101331651210785,-42.59462283160335,-22.136548604514907,0.7629981564723372,0.9252805709838868,0.3076923076923077,36.30050512460562,0.8006987141985615
11481200,-19.68711763620377,0.6731041073799133,0.7663220316171646,0.8041096329689026,-0.0685737580060958,-20.554155111312863,-23.78142034090515,-512.868706426226,0.7345217695904086,0.8656154870986938,0.1111111111111111,37.95923391977946,0.8814822476668212
11482500,-29.988890886306763,0.6895121037960052,0.7714826166629791,0.7236865162849426,-0.1316554546356201,-30.536723136901852,-17.245894501632762,-214.1015992792446,0.630029845021594,0.7722934484481812,0.25,41.922712326049805,0.9068415292505648
11522500,-34.19761657714844,0.6535380184650421,0.7339804172515869,0.7119089365005493,-0.1047448441386222,-28.29297184944153,-15.050491598996828,-544.7360285277276,0.6558989021874538,0.8557528853416443,0.375,41.078636050224304,0.8791617835273372
11523200,-6.610765308141708,0.6996041834354401,0.8278046548366547,0.8906068205833435,-0.0690949633717536,-6.934190541505814,-14.829130457182297,-731.4549689155235,0.8297092668617485,0.9029678106307985,0.125,36.236536502838135,0.9127256033186264
11528700,-0.8268635720014572,0.6725026369094849,0.7522293925285339,0.9409420490264891,-0.0643713921308517,-3.078589960932732,-23.739432529981087,-359.3245702056125,0.8176575251917185,0.883906364440918,0.3076923076923077,45.14718422522911,0.8723943405303111
11532500,-10.4293592274189,0.7854131013154984,0.9015370085835456,0.9216746091842652,-0.0100900884717702,-8.680716156959534,-6.599972886227993,-866.980349790916,0.9056162489814936,0.9835612773895264,0.375,20.942744612693787,0.9499680701069634
12010000,-17.598752677440643,0.7457296550273895,0.8908086717128754,0.8611078858375549,-0.0005339857307262,-15.819995105266573,-5.305490200926273,-734.6694503165972,0.8516200699011999,0.9991507530212402,0.3529411764705882,24.902660706463983,0.9477997791270936
12013500,-15.62446504831314,0.7695408463478088,0.900547631084919,0.8626408576965332,-0.0292962603271007,-13.933728635311128,-18.609996583330616,-532.4844898173042,0.8476734984951753,0.9530916213989258,0.2352941176470588,20.96562946543974,0.9537892533778818
12020000,-31.942439079284668,0.6789140105247498,0.536928653717041,0.608890175819397,-0.0078670801594853,-25.52642822265625,-16.78254614809206,-661.0298463726206,0.5329385348191185,0.9810213446617126,0.4285714285714285,33.855278151375906,0.745403597181971
12025700,-26.572921872138977,0.6949862837791443,0.8167928606271744,0.7469062805175781,-0.0603758282959461,-25.029397010803223,-8.444646918230694,-952.6707346881456,0.7204003507196766,0.909773886203766,0.1111111111111111,29.314955075581867,0.9226774196921622
12035000,1.2262067757546902,0.7824348509311676,0.9122107177972794,0.9519481658935548,-0.061799306422472,-3.8467824459075928,-6.216320353055617,-59.38079584462549,0.8928976230341852,0.9144298434257508,0.0588235294117647,21.9359790577608,0.9571084076468052
12040500,-4.931842535734177,0.6752862632274628,0.8278127908706665,0.886217474937439,-0.1104823350906372,-7.70445242524147,-17.79746696990345,-8.654326768615608,0.7900306368756886,0.8442471623420715,0.4545454545454545,33.485156839544125,0.9170438428884296
12041200,-19.86888349056244,0.5751549601554871,0.7561514675617218,0.7436290979385376,-0.1381423622369766,-21.50045931339264,-28.677826720037277,40.911925895477225,0.6801221459839859,0.841378390789032,0.391304347826087,41.378062704335086,0.8930655006211492
12048000,-3.965587168931961,0.3663139939308166,0.5098215043544769,0.9525481462478638,0.165806695818901,-5.268841981887817,-6.860835781012304,-163.95923294618774,0.7118998608326748,1.1494587659835815,0.6842105263157895,36.27377560264186,0.7583140694322835
12054000,-12.922370433807371,0.5383331477642059,0.7640193849802017,0.8328498601913452,0.0072497837245464,-13.072213530540466,-30.07107124848818,-6.60263798733798,0.7911701648686466,1.0089031457901,0.238095238095238,37.93142863682338,0.8751342128604651
12056500,-20.173142850399017,0.5326384007930756,0.7263158857822418,0.7810521125793457,-0.0323025956749916,-21.036453545093536,6.1412069349721286,-85.05333556370915,0.7345555735999247,0.957211136817932,0.2857142857142857,40.62926428658621,0.8561539736785065
12073500,2.129886858165264,0.6260882616043091,0.7867319285869598,1.0259114503860474,0.0828868970274925,6.945545971393585,10.408004102553138,0.5091813679121444,0.8418760678905696,1.1194933652877808,0.4,35.93724966049194,0.8997348001705469
12082500,-8.15005972981453,0.579226553440094,0.8069109618663788,0.8885877728462219,-0.0431927032768726,-10.403890162706375,-11.208854813355146,8.316894035709252,0.8448739427409679,0.9609102606773376,0.3,21.45177364349365,0.8993848840329957
12092000,-18.72848868370056,0.5476491749286652,0.7684097141027451,0.7707182765007019,-0.0890625044703483,-20.997829735279083,-21.41726227194835,14.391252291871778,0.7351153918020789,0.9273749589920044,0.28,27.752124786376957,0.8890074311138598
12114500,2.27036289870739,0.6729420125484467,0.8280615359544754,0.942593276500702,-0.030116556212306,-0.7394918706268072,-11.099136218694207,-269.1811877561683,0.8886837236070851,0.9656620621681212,0.238095238095238,26.58012253897531,0.9110242307562728
12115000,-2.5049597024917603,0.655274361371994,0.8503393679857254,0.9309797883033752,0.0150331761687994,-1.9748710095882416,-20.39698949292436,-7.312497626530705,0.8944992596290318,1.018155217170715,0.5,26.058638095855716,0.922301836021308
12115500,-4.333642870187759,0.6113898456096649,0.7971621155738831,0.8836129903793335,-0.0305630024522542,-4.444067180156708,-13.376653376906647,-625.1083494050526,0.836418800283913,0.9569564461708068,0.2857142857142857,25.276286261422293,0.893416111133687
12117000,3.1091446056962013,0.6632051169872284,0.8358468264341354,1.0215522050857544,0.0161785688251256,2.8842030093073845,-4.213369606608917,-117.16717969895691,0.9158800106228524,1.0146065950393677,0.4,25.533063411712646,0.9200104853739632
12145500,-2.695610746741295,0.7595406770706177,0.9186494871973993,0.9380967617034912,-0.0124132186174392,-6.5695516765117645,-14.860217814376716,-813.157414079015,0.9233686279135468,0.9815595746040344,0.1904761904761904,20.022337777274,0.9587652211419302
12147500,-4.5060452073812485,0.6152325868606567,0.8317300528287888,0.9397359490394592,0.071750707924366,-3.5864081233739853,-14.48634337693342,1.6257859699006203,0.8692736222351664,1.0790985822677612,0.32,29.39057922363281,0.9151410329513164
12147600,-16.390706598758698,0.4633047580718994,0.7345606088638306,0.8784499168395996,0.0970317646861076,-12.820102274417875,-15.62602563140426,-690.9662715838715,0.7523066052604681,1.1664992570877075,0.2727272727272727,37.25146813826128,0.8626843327564738
12167000,17.415891587734222,0.5829751491546631,0.74836665391922,1.1668930053710938,0.0723029226064682,20.720164477825165,5.373921875852989,-120.4118883287976,0.7902805809088286,1.0857856273651123,0.4090909090909091,33.466900478709825,0.9063528663561102
12175500,6.109545007348061,0.6528427302837372,0.8032696843147278,0.992490291595459,0.0991143360733985,3.1692609190940857,-11.950109328177687,8.407668710110077,0.8673958590736054,1.0930947065353394,0.4761904761904761,27.80075300307501,0.9058679752390032
12178100,7.065694034099579,0.6503959596157074,0.8150517493486404,1.0017225742340088,0.0545322708785533,0.2716732444241643,-15.47081284319505,-5.329672430242078,0.8927418958768968,1.0570207834243774,0.5416666666666666,21.569979190826416,0.9091706881245872
12186000,-11.701451987028122,0.5726684033870697,0.6645648777484894,0.8275072574615479,0.0397951863706111,-10.013607144355774,-14.396418011869844,-8.886610296944903,0.7432822292927286,1.0488742589950562,0.3333333333333333,26.7452875773112,0.8162567705297455
12189500,-0.5960288923233747,0.6154196858406067,0.8163679391145706,0.9391348958015442,0.0306295491755008,-4.13905568420887,-15.122436774309485,7.031502866234164,0.8834588993740357,1.0282164812088013,0.5217391304347826,23.59163242837657,0.9047052078326648
12358500,-13.21779191493988,0.7794369459152222,0.924772709608078,0.9432978630065918,0.0174422785639762,-10.983779281377792,-14.83935084425172,12.753764727641313,0.9276332829486216,1.024023175239563,0.1538461538461538,27.22282042870155,0.9619908373075085
12390700,-14.71744030714035,0.6888644993305206,0.8420765846967697,0.8995815515518188,0.0306288953870534,-14.948727190494536,-5.977766826607799,-1396.5393634917575,0.8639714982268435,1.0418710708618164,0.5,27.819885810216267,0.9183501259597152
12411000,-9.91181656718254,0.6452022194862366,0.7764948010444641,0.8805325031280518,0.0125970980152487,-9.24977883696556,-10.219530330654814,-44.35870743002794,0.8304706520544285,1.0193190574645996,0.3571428571428571,34.03124468667166,0.8812797783666103
12414500,-13.446062803268433,0.7249772250652313,0.8691507130861282,0.8904486894607544,0.0193547178059816,-14.112530648708344,-9.77203444680792,-800.6920418439744,0.8694292239766384,1.0249346494674685,0.3333333333333333,35.59796651204427,0.9334755596309812
12447390,2.1745331585407257,0.5727874040603638,0.6948931813240051,1.026946783065796,0.0141081251204013,4.57979328930378,-2.637665906086626,-751.6324271595248,0.8473673234433309,1.0252387523651123,1.0,44.24944718678792,0.8518999992764678
12451000,-9.437202662229538,0.7604438811540604,0.9108803868293762,0.894660234451294,0.0013843934284523,-8.975434303283691,-11.740224327540448,-60.34858535037033,0.8859811670234722,1.0015919208526611,0.5,33.08361636267768,0.9563961715502888
12488500,-15.104995667934418,0.6144953370094299,0.7278013825416565,0.8878250122070312,-0.0192819293588399,-10.477563738822935,2.833816722206751,26.443365706674022,0.8145162679635128,0.977523386478424,0.5555555555555556,33.455965254041885,0.8540007232605846
13011500,-15.493285655975342,0.7673939019441605,0.8734459578990936,0.8621473908424377,-0.0138853155076503,-13.172771036624908,-14.61533829780984,4.761759176067756,0.8463891738905587,0.9732343554496764,0.5,32.003962993621826,0.9377380989827396
13011900,5.68925105035305,0.7266709506511688,0.8741305470466614,1.0405629873275757,0.0682383552193641,5.823896080255508,-6.341882152381915,28.80456426002493,0.8772397438825472,1.100617289543152,0.8,16.278783082962036,0.9425466660142766
13018300,-29.794692993164062,0.7133270800113678,0.8408678770065308,0.8157364130020142,-0.0039282198995351,-24.67818707227707,-10.696350144104336,19.989884736559592,0.8003465214249206,0.9952284097671508,0.6,23.9968204498291,0.923281853903948
13023000,-12.046413123607635,0.79624143242836,0.9313202425837516,0.8982246518135071,-0.0340936183929443,-11.768806725740433,-6.25324247138682,42.60254124166114,0.8873108252847388,0.9635547995567322,1.3,23.192603588104248,0.968182143941258
13083000,-8.072110265493393,0.3982129096984863,0.7420067191123962,0.937923789024353,0.2443953901529312,-4.195365682244301,-27.47963873971749,73.7453994646014,0.8171355492825225,1.1372768878936768,1.1333333333333333,22.770973841349285,0.8963611683907108
13161500,-16.989900171756744,0.7135355472564697,0.8727642297744751,0.8199526071548462,-0.0140461642295122,-15.06156325340271,-25.321794022234133,-399.4300690711637,0.8092676279956407,0.9748492240905762,0.7272727272727273,30.46670826998624,0.9423006713104378
13235000,-6.10838457942009,0.7883365005254745,0.927558332681656,0.9696676135063172,0.0394059754908084,-4.273192211985588,-8.768813689359838,37.8757231669988,0.9350094862002044,1.0447441339492798,0.6363636363636364,18.982510133223094,0.96392125707999
13240000,-16.860482096672058,0.7184326946735382,0.8718517124652863,0.8946226239204407,0.0625113621354103,-12.632662057876589,-19.426495400098364,-33.070036514853584,0.8295192205260207,1.118157148361206,0.5,27.329444885253903,0.9367687334320224
13313000,-22.036071121692657,0.7816290557384491,0.9189175143837928,0.8837226033210754,0.013669591397047,-18.76126378774643,3.08223109095638,-50.63839669784548,0.8753733280750966,1.0236269235610962,0.3636363636363636,30.2160999991677,0.9618798890388858
13331500,-14.951588213443756,0.787444680929184,0.9302508383989334,0.9104366898536682,0.0123676415532827,-12.33762726187706,-5.909053024656839,-13.477061799107911,0.9026800394619814,1.017494797706604,0.3333333333333333,29.946130514144897,0.9661840237763496
13337000,-9.496381878852844,0.772112175822258,0.9047601521015168,0.9140922427177428,0.0106076300144195,-12.022080272436142,-7.521219115605914,-3.2548239632454754,0.9005122561023922,1.0146275758743286,0.6153846153846154,19.244964306171124,0.9520030995937282
13338500,-6.564341485500336,0.7464655339717865,0.8973205909132957,0.9957767724990844,0.0763162747025489,-8.537615835666656,-3.4479720902032907,32.148766351139926,0.8897533237992344,1.098854422569275,0.5384615384615384,26.798283136807957,0.9513759616929324
13340000,-14.288772642612455,0.7723243236541748,0.9115323200821877,0.9212985038757324,0.0298990346491336,-12.937991321086884,-8.385693942143027,19.62995870139586,0.9019996043943286,1.0382038354873655,0.3076923076923077,15.36351442337036,0.9558341874214422
13340600,-6.939855217933655,0.7394271790981293,0.8965960666537285,0.968807816505432,0.0538612939417362,-7.735443115234375,-2.194636559711342,38.241550703600055,0.9136569639668788,1.061996579170227,0.5333333333333333,16.91489855448405,0.9486327757081632
14020000,-13.04066926240921,0.6677411496639252,0.763554260134697,0.9010308980941772,-0.0036578746512532,-14.735595881938934,-5.769635543951361,-51.52444166742619,0.8398996138955344,0.9954997897148132,0.375,27.33910083770752,0.8742343504523475
14137000,22.612394392490387,0.6125636696815491,0.7095663845539093,1.1275427341461182,0.0509410761296749,19.601480662822723,-2.698449206152094,-3.132674671903468,0.8181533066983515,1.0479435920715332,0.3684210526315789,34.212684631347656,0.879573745343655
14138800,4.595456272363663,0.63288414478302,0.7736730426549911,1.0164713859558103,0.0278169158846139,3.5271480679512024,-3.519849952790566,-479.71531715972907,0.8804688218959936,1.0416687726974487,0.4210526315789473,26.667499542236328,0.8891843451243698
14138870,9.198468923568726,0.6566585302352905,0.8077419698238373,1.033669114112854,0.0368512161076068,5.247347429394722,-11.673264436763803,-637.5902931211759,0.8912389669767771,1.0476388931274414,0.1,25.332534313201904,0.9082073591145432
14138900,-14.775913953781128,0.6487998366355896,0.8197658509016037,0.8549236059188843,-0.0532024055719375,-14.793013036251068,-9.298499355358226,-264.2975535917572,0.8155141598392246,0.9319872856140136,0.2,25.26008129119873,0.9085552856524872
14139800,0.3537132870405912,0.6818164885044098,0.8430073857307434,0.9589588046073914,0.0263684876263141,0.5699646193534136,-16.75516830403737,-724.2185529769272,0.9032833595720312,1.0342191457748413,0.1428571428571428,23.69608652024042,0.9193849959445584
14141500,10.999185591936111,0.6588771343231201,0.8036262840032578,1.035346508026123,0.0301859695464372,8.958946168422699,-12.574531651778642,-864.1437844436571,0.8935761466467274,1.035774827003479,0.2,32.516069412231445,0.9062086214740968
14154500,-3.318384662270546,0.7437904477119446,0.8917553722858429,0.974298655986786,0.011275989934802,-2.893969975411892,-12.060864133642216,-489.2508886519162,0.9367559154367214,1.017268419265747,0.4210526315789473,27.97910037793611,0.9448542218821429
14158500,-10.48431470990181,0.5803258717060089,0.753887489438057,0.9282859563827516,-0.0027763661928474,-10.83218976855278,1.4240574271750457,8.605729135722909,0.8517091711380557,0.9985240697860718,0.5,13.416757848527697,0.870211373754749
14158790,-1.3731233775615692,0.6282452940940857,0.7581167966127396,0.9787203669548036,0.0124962227419018,-1.6761643812060356,-18.21782133137956,-638.8185935878772,0.8737376435921932,1.0172139406204224,0.4705882352941176,26.485810560338635,0.8767399492478184
14166500,-4.13149930536747,0.7487801909446716,0.8984297662973404,1.007663369178772,0.0784222483634948,-1.7223438248038292,-5.7533100616791,-539.9254174637999,0.8584935435159164,1.1331403255462646,0.2666666666666666,32.32164700826009,0.9526818881088188
14182500,-8.853255212306976,0.6737492680549622,0.8015557825565338,0.9426649808883668,0.0047716950066387,-7.735799252986908,-2.784888324314124,-497.949161200486,0.8815092426460945,1.006342887878418,0.4736842105263157,32.0935425005461,0.896498681481188
14185000,4.677553102374077,0.7251304388046265,0.8627965450286865,1.0287128686904907,0.0128247709944844,2.8271446004509926,-10.170634418259429,-622.7472735191495,0.9259766748218328,1.0164848566055298,0.3888888888888889,24.35641818576389,0.933793706155
14185900,1.7509540542960167,0.7106017172336578,0.8644273728132248,1.0021225214004517,-0.0061428751796483,1.2330494821071625,-16.288980145109523,-562.4319555333878,0.9318207376940024,0.991560995578766,0.4444444444444444,26.60301791297065,0.932378332497098
14222500,4.214759543538094,0.7467620372772217,0.8613262474536896,1.032503962516785,0.0228187125176191,3.810916468501091,-6.664759742735178,-727.1567430288773,0.9208376605930269,1.0283282995224,0.3888888888888889,25.26442739698622,0.9336096705290486
14236200,-1.2132453732192516,0.6766424775123596,0.8389069437980652,0.946876049041748,0.0312736853957176,-1.1313402093946934,-9.827283192991882,-741.9075006772918,0.8927950599207559,1.0420948266983032,0.2631578947368421,29.080697109824733,0.9169411619560004
14301000,-14.871367812156675,0.8102571368217468,0.9289554804563522,0.8645808696746826,-0.0557543784379959,-13.765917718410492,-9.592086609280292,-483.2301100700636,0.8374453598414969,0.9147770404815674,0.6666666666666666,20.7075834274292,0.9713169501287828
14305500,0.035564976860769,0.7559162080287933,0.8869833201169968,1.0274187326431274,0.0619749650359153,0.3395313629880547,-0.2085434427525486,-595.9091090141457,0.8916517009454767,1.0905725955963137,0.2,22.9370657602946,0.9472347468953312
14306500,4.975574836134911,0.7852967828512192,0.8806050568819046,1.0413355827331543,0.0329267531633377,4.762297868728638,-2.9225189174369834,-758.488215416649,0.915424700481076,1.048060655593872,0.3125,35.47089099884033,0.944013177686946
14309500,-2.696056477725506,0.7059787213802338,0.819722980260849,0.932706356048584,-0.0124534228816628,-4.550901427865028,-20.121544079989583,-511.7008224852784,0.8816536734342144,0.9751657843589784,0.3571428571428571,36.02033683231899,0.905868813728654
14316700,12.00905740261078,0.7408668696880341,0.8703721612691879,1.086068868637085,0.0257549155503511,12.610264122486116,-8.224457173714864,-670.361593136543,0.8900398184082401,1.039391279220581,0.1666666666666666,23.690549532572422,0.944038240658542
14325000,-18.003664910793304,0.7126058638095856,0.8270488530397415,0.8019701242446899,-0.0684745907783508,-17.306043207645416,-24.60009564729232,-546.5742494541755,0.7551775315620101,0.880630612373352,0.3125,31.270864605903625,0.9195440576585788
14400000,-20.44508457183838,0.7576008439064026,0.8696338534355164,0.8517875671386719,-0.043133120983839,-16.422314941883087,-14.401636079881609,-623.7281952300899,0.8236868817575272,0.9278311133384703,0.125,28.0994176864624,0.9374616740890372
