basin,FHV_1%,mNSE,NSE,Alpha-NSE,Beta-NSE,FHV,FMS,FLV,KGE,Beta-KGE,Peak-Timing,Peak-MAPE,Pearson-r
01013500,-9.138595312833786,0.6990128755569458,0.8699546009302139,0.9808489084243774,0.0102817695587873,-2.5197401642799377,2.1703746885430344,27.040000873315183,0.930169978039156,1.0121110677719116,0.9411764705882352,22.304644304163315,0.9339485829376976
01022500,-5.646469816565514,0.6841368973255157,0.8654738068580627,0.9307941198349,0.0224239733070135,-3.805481269955635,-11.14407147120259,28.58430598421564,0.8981043780894388,1.0278198719024658,0.5454545454545454,24.607901139692824,0.9305786874047728
01030500,1.1928499676287174,0.7093764245510101,0.8566825538873672,0.9766737818717957,0.014027670957148,-0.6645248737186193,-11.477819470177248,-413.58753846998,0.9213264158926672,1.0178256034851074,0.9047619047619048,18.81663231622605,0.9270091221828324
01031500,-10.970795154571531,0.7050473988056183,0.8782142251729965,0.877188503742218,-0.0025434782728552,-11.200463771820068,-20.79585726706724,-74.73265623556907,0.8628903719793984,0.995801031589508,0.0454545454545454,19.77470571344549,0.9391826081851562
01047000,-2.904647216200829,0.6825650632381439,0.8537540137767792,0.9264574646949768,0.0158779863268136,-7.53973051905632,-15.67091227240231,-561.3725342689867,0.8915246875124179,1.0245305299758911,0.0454545454545454,23.493552207946777,0.9241274620215594
01052500,-20.41992098093033,0.63334721326828,0.7865124195814133,0.8422760963439941,-0.0114035019651055,-17.120371758937836,-15.073676368389794,-14.879144127159169,0.8057706129349393,0.9818516969680786,0.4347826086956521,34.72689545672873,0.888112270055016
01054200,6.605528295040131,0.546712338924408,0.5891553461551666,0.9815348982810974,-0.0044121546670794,-0.1097910106182098,-17.2947231687643,-520.5894297132494,0.7899411496263333,0.9922789931297302,0.217391304347826,43.92894247303838,0.7908968037266615
01055000,9.807795286178589,0.6078042089939117,0.6989353895187378,1.0057088136672974,0.0111814606934785,2.6753362268209457,-19.839724541453467,-344.15635377781786,0.849143420657585,1.0185774564743042,0.1304347826086956,47.87605534429136,0.8504005511763102
01057000,17.459216713905334,0.636209100484848,0.7192979753017426,1.0583776235580444,0.0668901428580284,8.090949803590775,-17.518524662031442,-20.888864334334468,0.8262828840273296,1.1007875204086304,0.1428571428571428,27.266861143566317,0.8711141389466736
01073000,-3.3818788826465607,0.6843968331813812,0.8824089840054512,0.9291452169418336,0.0408133715391159,-2.2196605801582336,-18.859452788428342,44.87074695159578,0.8806970847511235,1.075172781944275,0.1052631578947368,28.047338284944235,0.9403188626162398
01078000,-3.115359880030155,0.6625111997127533,0.8331346809864044,0.9865342378616332,0.0649193748831749,1.1794861406087875,-13.900310346761929,-396.4962854780479,0.8741476997812154,1.0942178964614868,0.4285714285714285,29.192636126563663,0.9176564349401573
01118300,-4.307131469249725,0.6291966736316681,0.7495892941951752,0.9205331206321716,-0.0219854433089494,-3.863273561000824,-11.497719988519398,-180.86754664751223,0.8423613623616384,0.96796852350235,0.3157894736842105,32.62717849329898,0.8676786499713739
01121000,-27.97809243202209,0.6307446360588074,0.7528043836355209,0.7388488054275513,-0.0081696705892682,-25.13069808483124,-20.98255231763755,35.79028620683186,0.7118557194519579,0.9871433973312378,0.15,36.05785131454468,0.8789137177309115
01123000,-18.688467144966125,0.6436089277267456,0.8079217672348022,0.8459392786026001,0.0215829480439424,-15.717709064483644,-7.046409553421558,8.062552710240407,0.8139514700190434,1.0321500301361084,0.1578947368421052,34.118935936375664,0.9007743722981056
01134500,-5.146606266498566,0.6354081928730011,0.7982859462499619,0.9155168533325196,-0.0098587572574615,-6.64794072508812,-15.834148838609243,-331.4218346128994,0.8636325317088637,0.9866772294044496,0.4166666666666667,29.58369255065918,0.8937870623654849
01137500,-2.719382755458355,0.6121088266372681,0.747394859790802,0.8904666900634766,-0.0790031552314758,-6.250675022602081,-15.206139467206611,12.824116436821134,0.8017120368947248,0.8999864459037781,0.1666666666666666,32.87931283315022,0.8684026621704277
01139000,-14.975620806217194,0.627452552318573,0.8222307413816452,0.924337923526764,0.0738782882690429,-11.355563998222353,-10.482219365292302,8.785512605405323,0.8565514952242712,1.0820529460906982,0.1904761904761904,20.71151506333124,0.9098887479612706
01139800,-8.99275466799736,0.5066779553890228,0.6979270577430725,0.9924996495246888,0.0674403756856918,-4.230304062366486,-7.925743471857204,-71.7814382087529,0.8347903076615548,1.069141149520874,0.48,46.49510955810547,0.8501417715697822
01142500,-10.530246794223784,0.628808856010437,0.7530338317155838,0.9639232754707336,0.0634825602173805,-7.053041458129883,-0.7979828660527066,-373.0431405608995,0.8501588480955428,1.0737627744674685,0.4615384615384615,34.519694401667664,0.8746608845804492
01144000,-10.372344404459,0.6826046109199524,0.8476008772850037,0.9228536486625672,0.0091865425929427,-6.536589562892914,-8.807741392177787,-545.632510533994,0.888839805267085,1.0108009576797483,0.125,25.524930159250896,0.9207007649369728
01162500,-16.516630351543427,0.6720145642757416,0.8240536004304886,0.8998036980628967,-0.0334039032459259,-13.991262018680573,-6.247614551870441,-321.142548116547,0.8575488768694441,0.956781566143036,0.3809523809523809,29.97606595357259,0.9084293140014948
01169000,-30.33490478992462,0.6176080405712128,0.6824556291103363,0.7128360867500305,-0.0573837012052536,-26.202115416526794,-21.24261265457303,8.240328590298892,0.658479366989768,0.9120205640792848,0.2727272727272727,50.38866996765137,0.8374181788952212
01170100,-20.284946262836456,0.5714468359947205,0.6436120867729187,0.8449047207832336,-0.0299820750951766,-16.599661111831665,-6.038266784416342,4.1176641051507765,0.7468998001395827,0.9608160257339478,0.3181818181818182,42.3280195756392,0.8038628497842037
01181000,-25.54569840431213,0.623052179813385,0.7123680710792542,0.7330734729766846,-0.0137331867590546,-21.944978833198547,-14.98504443298633,-490.8080252306858,0.694140105036394,0.9764001369476318,0.4761904761904761,47.99008142380488,0.8525430538010204
01187300,-26.532194018363956,0.5943439602851868,0.7054578065872192,0.7702507972717285,0.0009630199638195,-21.80650234222412,-12.262226081909535,-237.43482414978175,0.7217627181259589,1.0017640590667725,0.75,47.64548301696777,0.8430663294063792
01333000,-26.00586712360382,0.5512764155864716,0.6606372594833374,0.7321544289588928,-0.0871677845716476,-26.75761878490448,-15.2980275640591,-478.8419254266213,0.6619100400340012,0.8949713110923767,0.391304347826087,37.96239106551461,0.8224259433086591
01350000,-7.60478749871254,0.5851481854915619,0.6728175282478333,0.9066434502601624,-0.0183039829134941,-7.033038139343262,-11.790034402871662,-404.25323983507,0.7986825892656857,0.9678701162338256,0.2608695652173913,34.88770360532014,0.8245550654632231
01350140,-38.277557492256165,0.468295156955719,0.5305838584899902,0.694120466709137,-0.0128026064485311,-34.55767631530762,-9.698198147459742,-266.9720262999209,0.5908541549919002,0.9754800796508788,0.4090909090909091,53.53640643033114,0.7293770018878134
01365000,-8.02401602268219,0.5604330003261566,0.6822018027305603,0.9441201686859132,0.0420081056654453,-4.400527477264404,-10.272429440638591,-16.272802239981967,0.8160110800476216,1.0571637153625488,0.3478260869565217,37.1986140375552,0.834284349672394
01411300,-4.910210892558098,0.5215456783771515,0.7338535487651825,0.9903940558433532,0.1575512439012527,-0.7194655016064644,-4.920366018958076,38.472394207521546,0.8136661512588509,1.1406991481781006,0.4444444444444444,37.65505154927571,0.8782142096732721
01413500,-4.154151678085327,0.5842753052711487,0.7268574237823486,0.9783397316932678,0.0647069439291954,-1.4187972992658615,-6.83623297874784,-44.91291982653875,0.8343187763025879,1.0902942419052124,0.25,44.99281883239746,0.8627846563189259
01414500,-11.770395934581757,0.5297445952892303,0.6488933265209198,0.90730220079422,0.03544257953763,-12.915685772895811,-0.7975392206797178,-573.1385499237746,0.7846485447371312,1.0491544008255005,0.2916666666666667,41.29273096720378,0.811938275596212
01415000,-9.472689032554626,0.5147505402565002,0.6505022943019867,0.919424295425415,0.0532624498009681,-8.195018768310547,-6.507200080352043,-383.3974111221953,0.7845763848358309,1.075456142425537,0.4,37.58697986602783,0.8150101073761967
01423000,1.57737135887146,0.607036292552948,0.7436614334583282,0.9977772831916808,0.0555388517677784,4.420018941164017,4.66265906999196,-471.2883404458291,0.8504971748749542,1.078999161720276,0.1428571428571428,30.08031845092773,0.8730933937974318
01435000,-8.312124758958817,0.5763655006885529,0.6781012415885925,0.928080141544342,0.0268300846219062,-5.243472382426262,-12.3303815097548,16.315162871605366,0.8111584638023761,1.0387877225875854,0.1666666666666666,42.283662160237625,0.8297526143235523
01439500,-11.790382117033005,0.6087918281555176,0.7746295481920242,0.9720476865768432,0.1008058115839958,-7.745460420846939,-7.550533948447807,-392.2643981639056,0.8375362517455862,1.1159645318984983,0.0909090909090909,25.042837316339668,0.8897032864826461
01440000,-11.958400905132294,0.6184833943843842,0.7905566394329071,0.9383859634399414,0.0490270294249057,-8.024046570062637,-2.142582839882868,-11.42928260625904,0.8581399665649577,1.0678259134292605,0.15,27.81233787536621,0.8917058401738415
01440400,-12.971562147140505,0.5812584757804871,0.7012964487075806,0.8968517184257507,0.0663796663284301,-9.007260948419573,-3.2368562684914752,2.7650086538127057,0.7886518461524278,1.0949734449386597,0.3157894736842105,40.80420795239901,0.8418591801604032
01451800,-4.275909438729286,0.6267912685871124,0.792051687836647,0.917536199092865,-0.0337811037898063,-5.903689935803413,-11.036664404578548,-345.27732416533223,0.8534220170179202,0.9470308423042296,0.1,40.8328104019165,0.8910087390290217
01466500,-7.135351747274399,0.3566718697547912,0.4401115179061889,0.9546621441841124,0.0454132072627544,-3.936156630516052,3.5868747687988782,27.12800155587444,0.7040811895299344,1.0279909372329712,0.2857142857142857,44.89936147417341,0.7089176600120572
01484100,-19.55150812864304,0.514886200428009,0.624404788017273,0.8167475461959839,-0.0220470409840345,-19.1875234246254,-3.580172051947676,61.02299167739845,0.7207120125846957,0.9734150767326356,0.1904761904761904,38.06094215029761,0.7909221199070394
01485500,-2.3995328694581985,0.6907497942447662,0.8147276043891907,0.94725501537323,0.0146224666386842,-2.032889612019062,-12.90577611029216,-370.8466577681036,0.8874393013117847,1.025118350982666,0.4,28.42394113540649,0.9037869762983588
01486000,-8.461587876081467,0.5792348682880402,0.5956331491470337,0.9050647020339966,-0.0313496738672256,-6.625989079475403,-7.4388885377517,-392.1813649325463,0.7560163541066801,0.9447882175445556,0.2272727272727272,37.93865550648082,0.7821308472004452
01487000,-27.05840468406677,0.5863412320613861,0.6940745115280151,0.7583791017532349,-0.0894883275032043,-27.023959159851078,-11.58814280765178,29.193960367220605,0.6996183876568773,0.9168880581855774,0.2105263157894736,44.33845720793072,0.8420732458000975
01491000,-15.867437422275543,0.5756256282329559,0.6753113269805908,0.8660358786582947,-0.0062739215791225,-14.550022780895231,-19.8747849095272,37.67153823276152,0.7777227073352102,0.9897041916847228,0.2631578947368421,38.65337622793098,0.8229271185114205
01510000,-21.543489396572117,0.6163525581359863,0.7708828002214432,0.7932427525520325,-0.0343563184142112,-20.289181172847748,-4.9516588127622265,-448.2066860422531,0.7575544457444809,0.9509519338607788,0.12,30.2181568145752,0.8832713633506828
01516500,-10.489784181118011,0.3589934706687927,0.4015726447105407,0.893449068069458,0.1143918707966804,-4.229950904846191,-27.139785063036744,-171.37285597795528,0.5690632141765484,1.2667782306671145,0.2631578947368421,52.07151111803556,0.678779222461086
01532000,7.790257036685944,0.5908209383487701,0.6709869205951691,1.0277159214019775,0.0419435650110244,4.481540247797966,-19.24278896861232,-317.0119503619524,0.8200137780569571,1.0799787044525146,0.1176470588235294,49.49530433205997,0.8411595938551307
01539000,-24.236884713172916,0.6716198921203613,0.7076798975467682,0.7333028316497803,0.0007744924514554,-20.694392919540405,-12.80834711899532,-498.6526223047192,0.6936089910092944,1.0012919902801514,0.1578947368421052,35.83198848523592,0.8491808979424913
01542810,-0.5688211880624294,0.6229409277439117,0.7402206361293793,0.9681591391563416,0.0024627377279102,-2.221544459462166,-12.423355511603214,-331.7803804394053,0.86254180062099,1.0047606229782104,0.1363636363636363,48.38984229347923,0.8663652267330325
01543000,-4.597488045692444,0.6873373687267303,0.8293725103139877,0.8970224261283875,-0.0286922492086887,-6.1363402754068375,-14.703723312167291,-334.9030089343961,0.8563879911243009,0.9536793231964112,0.0952380952380952,26.126886549450106,0.9112620527998988
01543500,-12.312651425600052,0.7132678329944611,0.8461642414331436,0.879849910736084,-0.0107476226985454,-9.135881066322328,-11.037069422790209,-314.4096736855513,0.855205911919477,0.9837456345558168,0.238095238095238,18.383798145112536,0.9208477442080758
01544500,7.420309633016586,0.5802722871303558,0.7531787008047104,1.0502183437347412,0.0787762552499771,11.600453406572342,-8.492958556247965,-398.98603019686846,0.8320467196812202,1.113301396369934,0.3157894736842105,31.17723966899671,0.8866456180688144
01545600,7.00044110417366,0.536893367767334,0.7190530896186829,1.0709434747695925,0.1214831471443176,9.72495898604393,-8.118143685747679,26.02018969210397,0.7789069018104853,1.170243263244629,0.3684210526315789,46.1387132343493,0.8780721000981538
01547700,-28.29803824424744,0.6087874174118042,0.6721727252006531,0.7034627795219421,-0.0183576438575983,-25.51382780075073,-15.440211876676646,-266.226241038832,0.6557890857593607,0.9605631232261658,0.375,49.66894686222077,0.8297309097227279
01548500,10.17715334892273,0.5827376544475555,0.7622581124305725,1.1086114645004272,0.1395949125289917,13.230100274086,-9.59998061924266,-27.395647091705094,0.7508666988015033,1.203961730003357,0.1052631578947368,25.75302625957288,0.9068841354055548
01549500,0.3511802991852164,0.4074384570121765,0.5932364761829376,1.01864492893219,0.1543034315109253,3.969555720686913,-16.04850017785123,-390.3645994485084,0.6788892809981895,1.2597980499267578,0.4210526315789473,35.904517926667864,0.8121984192366125
01550000,4.588279873132706,0.5122017860412598,0.6804034113883972,1.0555453300476074,0.1087535247206687,7.528221607208252,-14.67544121985389,-456.390672742179,0.7723078484986377,1.1671185493469238,0.1578947368421052,37.89483622500771,0.8556745946501397
01552000,7.722274959087372,0.6174633502960205,0.776474267244339,1.0507574081420898,0.0542659126222133,6.980077177286148,-8.873274094037619,-446.6782837324805,0.8594104927965391,1.0801732540130615,0.1,29.4211220741272,0.8962631001264911
01552500,-13.81731927394867,0.5644087493419647,0.709923654794693,0.86102694272995,0.0267908219248056,-12.237634509801865,-16.365681739100932,-437.5410573755607,0.7857731607180426,1.0445921421051023,0.2916666666666667,47.75876998901367,0.8431842836823065
01557500,-24.78919625282288,0.6025141775608063,0.7055961191654205,0.7785695791244507,-0.0227241199463605,-20.177872478961945,-15.403926583871955,-77.28338789537325,0.7263285160936063,0.966267228126526,0.3,42.91364669799805,0.8427525837537012
01567500,-1.4269140549004078,0.4566884636878967,0.5820547938346863,0.8560516238212585,0.0138721223920583,-2.955198474228382,-16.90916519282463,-89.139016429039,0.7261240679627614,1.0225976705551147,0.4761904761904761,56.82224546160016,0.7681029615750727
01568000,-10.078538209199904,0.581842839717865,0.7199589014053345,0.881695568561554,0.0368687957525253,-6.8071626126766205,-11.148802664880709,-484.9487989942424,0.7990152246316878,1.062199592590332,0.238095238095238,31.627303078061058,0.8498995266047651
01580000,-6.540132313966751,0.4943841099739074,0.7364124655723572,0.9235676527023317,0.1075982078909874,-3.711385652422905,-21.08440086303377,61.86131483671521,0.806152113600215,1.1182122230529783,0.1428571428571428,29.36356408255441,0.8667297119793561
01583500,-4.286752641201019,0.4866182804107666,0.6342425346374512,0.9094669222831726,0.1259783804416656,-1.749863103032112,-19.151485827782054,51.17881737656928,0.7513432416730805,1.1354455947875977,0.0833333333333333,30.517395337422688,0.8121478343127105
01591400,4.005596786737442,0.3969734907150268,0.5003194212913513,1.0266709327697754,0.0588294900953769,1.5727579593658447,-21.30342502465952,-175.43255258370164,0.73815790519778,1.098059058189392,0.1363636363636363,57.088661193847656,0.758682024990648
01596500,-13.514648377895355,0.605369359254837,0.7727772444486618,0.8594042062759399,0.047520026564598,-13.207010924816132,-16.830574676251565,-311.4303211484766,0.7977452282335962,1.082990288734436,0.15,33.98005247116089,0.880616469037155
01605500,-34.560707211494446,0.5397912859916687,0.6635359227657318,0.7340923547744751,-0.0177386738359928,-31.775319576263428,-27.51940324731914,-1012.5755562264296,0.6770665746543576,0.9701374769210817,0.2631578947368421,40.46082496643066,0.8192035643840094
01606500,-8.006534725427628,0.5776179432868958,0.6893453001976013,0.9891956448554992,0.0920609757304191,-5.32183051109314,-21.00018593069738,-740.9889531738486,0.7920255784315335,1.1408017873764038,0.1578947368421052,33.874039900930306,0.8473190168742037
01620500,-16.708099842071533,0.4687652587890625,0.5288619995117188,0.8342304229736328,-0.0030420480761677,-11.152582615613936,-38.41234644731108,-221.09418572473407,0.6866010745835824,0.9941017627716064,0.7,58.074584007263184,0.7340967383008208
01632000,-11.079469323158264,0.5363270342350006,0.6227538287639618,0.9435566067695618,0.0436586402356624,-6.635291874408722,-25.09087750186703,-172.89146494586666,0.7729399682250369,1.0973618030548096,0.35,60.5418586730957,0.8027917833958284
01632900,-14.941930770874023,0.5225046277046204,0.682444840669632,0.7948217391967773,0.0217001307755708,-13.821956515312197,-18.922251098552067,30.14152965539153,0.7287874722415284,1.0391656160354614,0.1578947368421052,38.19307779010973,0.8270139571310239
01634500,-6.180818751454353,0.4180184602737427,0.4741507768630981,0.992030918598175,0.1205849051475524,-2.705906517803669,-23.12023808062404,-594.148233259295,0.651069685348876,1.235142469406128,0.375,46.09516263008118,0.742324084738733
01638480,-10.149212926626204,0.4122982621192932,0.4080536365509033,0.8013186454772949,0.0386438220739364,-3.60972173511982,-30.48416710254937,-154.84134204271322,0.5906751869163087,1.0993854999542236,0.15,70.95419406890869,0.656204938415528
01639500,1.3093079440295696,0.5034630298614502,0.6364022791385651,1.0028700828552246,0.0908942371606826,2.3980680853128438,-12.30147410030938,80.68256703845911,0.7693867324817654,1.1476150751113892,0.1818181818181818,40.8099738034335,0.8228446123322807
01644000,-18.44504326581955,0.5320570170879364,0.6343583762645721,0.8136371374130249,0.063364177942276,-12.904348969459534,-21.15239517952024,-204.91932110948116,0.6947138950803382,1.1345866918563845,0.25,39.9081301689148,0.7991146802761296
01658500,-8.42871442437172,0.3229823112487793,0.3715279698371887,0.903004229068756,0.0655200332403183,-4.959742724895477,-33.249074291890444,,0.5908814274704368,1.2051719427108765,0.4285714285714285,57.312579382033576,0.659596855575149
01664000,4.427611455321312,0.537222295999527,0.7079193592071533,1.0698223114013672,0.1041910946369171,8.313116431236267,-21.576011659189057,-237.27068248231816,0.7801945109439629,1.1635781526565552,0.1,25.49089193344116,0.870843173532318
01666500,4.494867101311684,0.414667546749115,0.5648214519023895,1.0073354244232178,0.097999595105648,9.612908959388731,-19.02957849055581,49.78804919019375,0.7309648514773945,1.1664811372756958,0.1578947368421052,63.2364925585295,0.7887888885013324
01667500,-3.700914978981018,0.5163107216358185,0.6808457672595978,0.96232807636261,0.1085697561502456,1.2251120992004871,-25.03744303427371,50.42267738202181,0.7637672851300626,1.170639157295227,0.0454545454545454,36.46107586947354,0.8410377411400601
01669000,-16.082260012626648,0.5077958703041077,0.7217212617397308,0.8593809008598328,0.0186448134481906,-16.09199196100235,-13.277906147117562,-2.851257044972764,0.7929202648618571,1.0234169960021973,0.15,34.41789388656616,0.8498003663116174
02011400,-13.407397270202637,0.6539932489395142,0.8161605000495911,0.8847869634628296,0.0168603342026472,-14.038468897342682,-14.311235363239616,-32.18900021057769,0.8478177356430984,1.0250144004821775,0.25,33.55578660964966,0.9037727815782054
02011460,-20.72043120861053,0.6310940682888031,0.7853415012359619,0.8015406727790833,0.0099448757246136,-21.58181369304657,-22.54119312203348,-367.65591846623227,0.7726832021697407,1.0186073780059814,0.35,37.26383924484253,0.8907270047149498
02013000,0.9670957922935486,0.555399477481842,0.6594926416873932,1.0032614469528198,0.0788193047046661,2.9326181858778,-18.791570605153836,-779.1037915245383,0.7643737991899082,1.1665951013565063,0.45,37.68480777740479,0.8334012554789592
02014000,-14.232158660888672,0.6237404048442841,0.7854640036821365,0.8888812065124512,0.0237425863742828,-12.828896939754486,-9.09565970893884,-124.32454246218224,0.8356669943057188,1.0423673391342163,0.2941176470588235,37.16044425964356,0.8865850139131761
02015700,-19.860880076885223,0.567344605922699,0.7041499614715576,0.8172622919082642,-0.0296936742961406,-18.954823911190037,-17.842816603061703,-1134.642702538793,0.7534669313223192,0.9578641653060912,0.35,36.10429763793945,0.8399685798736347
02016000,-13.543900847434998,0.6572980582714081,0.8388344496488571,0.8913521766662598,-0.0009195357561111,-13.078325986862184,-10.043400708599137,-867.6669425726693,0.8627902273890229,0.9983952045440674,0.2,21.57717704772949,0.916216965820394
02017500,-14.838118851184843,0.6276965737342834,0.7934025079011917,0.8767131567001343,0.0599554479122161,-10.95280647277832,-17.159831550746294,-646.7258418357251,0.8069457228885235,1.102949142456055,0.4117647058823529,37.08048427806181,0.8928935938061963
02018000,-0.7462420500814915,0.62291219830513,0.8498657941818237,0.9845616221427916,0.0492076054215431,-2.8536757454276085,-15.918651047622271,-763.4193706619106,0.8840210308832036,1.0871994495391846,0.0555555555555555,23.504731390211315,0.9251065171954456
02027000,-7.734179496765137,0.3991426825523376,0.5609562397003174,0.9075588583946228,0.1418573409318924,-4.646346345543861,-21.28338286177157,45.99268387790899,0.6597150536708121,1.236924171447754,0.3684210526315789,52.37741470336914,0.7739128110202875
02027500,29.144862294197083,0.2609639763832092,0.2906412482261657,1.216781735420227,0.2814172208309173,31.853628158569336,-13.138813763409804,-209.6051271535219,0.488285803796226,1.396776795387268,0.3684210526315789,93.56125279476768,0.7603642922540983
02028500,-7.9084716737270355,0.5299606025218964,0.6762745380401611,0.9415647983551024,0.0646257698535919,-6.121934577822685,-23.85465410047594,46.99879515329522,0.7952725003218567,1.1015675067901611,0.3888888888888889,46.46659957038032,0.8321229083596725
02038850,-3.505665436387062,0.3558621406555176,0.3363832831382751,0.9636178016662598,0.0552818998694419,-10.226748883724213,-36.140378448665714,-208.07659969838576,0.6347318742383095,1.1228400468826294,0.35,91.93325996398926,0.6579364646388978
02046000,-19.985118508338928,0.5748811662197113,0.6020565032958984,0.75312340259552,0.0105561204254627,-13.767990469932556,-29.020318287316076,-4.926908359043188,0.6657749153148929,1.0271202325820925,0.25,50.06000995635986,0.7763421231625264
02051500,4.701004922389984,0.5557931959629059,0.7200964391231537,1.0102497339248655,0.0596878975629806,2.2808022797107697,-24.18421370945524,51.34710342541733,0.8161270280752431,1.1225266456604004,0.3809523809523809,31.440787088303345,0.8632833811779906
02053200,1.4463508501648903,0.6629874408245087,0.7834155112504959,0.9604721069335938,-0.019412811845541,-1.8662946298718448,-31.366038651631825,-105.95808893836896,0.8763719778296042,0.9648469090461732,1.2941176470588236,28.4505984362434,0.8882605990176848
02053800,-10.48472449183464,0.5052657127380371,0.6814303696155548,0.8834224343299866,0.0574734508991241,-8.783817291259766,-20.837063567499595,17.114598331431672,0.7716157710116622,1.0970356464385986,0.25,35.75302600860596,0.8292571800827498
02055100,-22.317315638065335,0.4542189240455627,0.4419384002685547,0.7889247536659241,0.0004471494466997,-19.52889561653137,-36.69999642274305,41.69791793904435,0.612095313021449,1.000780701637268,0.2941176470588235,58.06641859166762,0.6745515754072694
02056900,-17.85111576318741,0.4966094493865967,0.6809248328208923,0.7669666409492493,0.0045726578682661,-16.909317672252655,-28.68666424112266,65.16065429212365,0.7099221395078833,1.0071736574172974,0.2857142857142857,57.17496417817616,0.8274046427146227
02059500,-21.68587297201157,0.382091224193573,0.5109438896179199,0.8238575458526611,0.07964738458395,-15.998972952365875,-36.30393376846608,20.89104797626086,0.6373956499096829,1.159088373184204,0.4736842105263157,86.47907658627159,0.7258711250725723
02064000,26.37123167514801,0.4215567708015442,0.2591761946678161,1.2662409543991089,0.1474624425172805,19.441811740398407,-27.964335309552947,78.46620862795513,0.540557835550562,1.2732971906661987,0.3684210526315789,58.57381820678711,0.7440478516429303
02065500,7.008133828639984,0.4293757677078247,0.6329652965068817,1.0412696599960327,0.0934514701366424,10.576489567756653,-35.38822392514,94.20814403461692,0.7598754968950693,1.1632055044174194,0.3684210526315789,40.83247435720344,0.8287675396338141
02069700,-5.250396952033043,0.4736666083335876,0.7666110396385193,0.9599958658218384,0.1374432444572448,-1.2010550126433372,-19.33226397327396,60.87830796674194,0.7979218964793016,1.1641334295272827,0.0833333333333333,32.024260361989334,0.8891151656772205
02070000,1.0980903171002865,0.4528520107269287,0.6576306819915771,0.9871774315834044,0.0712358504533767,-1.5235315077006817,-15.591884162960891,78.75451214075275,0.7995732686322793,1.104159951210022,0.1428571428571428,50.88545481363932,0.8292453193910162
02074500,-18.89481246471405,0.4687806963920593,0.7033699154853821,0.7972614169120789,0.03955764696002,-14.850826561450958,-29.912145131377343,54.5159493281688,0.7310582775919373,1.0765457153320312,0.0952380952380952,41.7626835051037,0.8407283124857868
02077200,-21.056559681892395,0.5197368860244751,0.377295970916748,0.8459383249282837,-0.0072237933054566,-22.96237051486969,-34.41341289297178,-5.19681515900433,0.6133048839656212,0.9779719114303588,0.2777777777777778,50.64282947116428,0.6460044119584163
02081500,-8.675047755241394,0.5782795250415802,0.767419695854187,0.9453699588775636,0.0671248584985733,-7.088997960090637,-39.96091049385656,11.864902044624111,0.7697088181468477,1.189412236213684,0.0952380952380952,43.02287782941546,0.8809513048420348
02082950,28.44748198986053,0.4102566242218017,0.4877992272377014,1.2396095991134644,0.2197244018316269,27.158161997795105,-32.539894437258,28.23647363647345,0.5158221970792123,1.387466549873352,0.45,40.493459701538086,0.8360333644209067
02092500,-23.876024782657623,0.5293197929859161,0.6928254961967468,0.7758039832115173,0.0504506379365921,-17.09369570016861,-30.225185070937044,-155.1216384548048,0.7014603068150198,1.1094845533370972,0.5882352941176471,58.94517337574678,0.8360633444170072
02102908,-12.679988145828249,0.3834785223007202,0.5372942090034485,0.8334545493125916,0.1525649428367614,-5.603023245930672,-15.214255589084944,61.767905305862,0.6675671659694313,1.1475646495819092,0.2,35.94528579711914,0.7530204943913524
02108000,-5.098947510123253,0.5484248101711273,0.7265582382678986,0.9451257586479188,0.0285601783543825,0.8948836475610733,-28.33046009722703,24.19099205792129,0.8414902086379383,1.0420665740966797,0.7894736842105263,33.19976455286929,0.857365589924989
02111180,-5.621633306145668,0.5045743584632874,0.6946852207183838,0.9091935753822328,0.041065514087677,-5.656146258115768,-22.1205424449589,40.467638688887206,0.8059043164567412,1.0551352500915527,0.3333333333333333,44.71909659249442,0.8375579124253676
02111500,-1.676060073077679,0.4208415746688843,0.6352859437465668,0.9590593576431274,0.1108512356877327,-2.0052198320627213,-24.77406573971673,54.329204145761445,0.7816676529954096,1.1120471954345703,0.2916666666666667,40.93044598897298,0.8171385673599085
02112120,-8.648605644702911,0.3032694458961487,0.606147825717926,0.842103123664856,0.1710838824510574,-5.673875659704208,-36.54404959382925,76.71829513944223,0.6822854851833633,1.187991976737976,0.25,36.07551256815593,0.7983316929933626
02112360,-4.427793622016907,0.4364838600158691,0.6275871992111206,0.9518666863441468,0.1106182411313057,0.3305401187390089,-18.341589158149677,44.23314973643363,0.7770382088419259,1.1098157167434692,0.0833333333333333,37.66539764404297,0.8120222013400464
02118500,-8.209498226642609,0.4621804356575012,0.7431586980819702,0.861149251461029,0.0686526969075203,-1.0415821336209774,-25.768088109140077,73.44827678832225,0.7727408247541026,1.1186976432800293,0.1666666666666666,58.67541101243761,0.8648035805082845
02125000,-29.698821902275085,0.5013751983642578,0.6324447095394135,0.6969976425170898,0.0156518332660198,-25.50845444202423,-45.04943717827113,-24.43610596448799,0.6323035759953191,1.0658127069473269,0.3157894736842105,58.25507515355161,0.8023667052597309
02128000,-2.1092962473630905,0.432947039604187,0.5947368144989014,0.9316712617874146,0.0585937462747097,-1.788250170648098,-43.44174576794801,-4.7225904595012285,0.720237224996287,1.1678327322006226,0.2105263157894736,54.181570755807975,0.7868555236133757
02137727,-10.710005462169647,0.5431919395923615,0.66805499792099,0.7505238652229309,0.0384842790663242,-9.58099216222763,-17.22436944622189,48.94868197425552,0.6866764089017998,1.0632644891738892,0.2857142857142857,41.98671976725261,0.8213077077069839
02143000,0.6807980127632618,0.4976730942726135,0.7573070526123047,0.8826905488967896,0.1034570708870887,-0.7576330564916134,-26.22667608084815,47.60474680815794,0.755751997708551,1.1749709844589231,0.25,44.89734768867493,0.8763847343460266
02143040,-6.478967517614365,0.5092510879039764,0.7314028739929199,0.8452053666114807,0.0713673382997512,-7.733090221881866,-29.402672211821944,49.54652700207639,0.7531366641268968,1.129997491836548,0.2631578947368421,44.94842228136565,0.8582933304720024
02149000,-10.979720950126648,0.4621278643608093,0.6877937316894531,0.8480154871940613,0.0981965735554695,-11.271654814481735,-28.961014574545057,67.57549862162445,0.7397455548145349,1.132219910621643,0.4090909090909091,33.027659762989394,0.8352244576973257
02152100,-27.35311090946197,0.457138180732727,0.5978780090808868,0.6444687843322754,0.0093218386173248,-27.442774176597595,-33.84982762424086,63.11738592360299,0.5846757447366631,1.0190306901931765,0.1764705882352941,61.83885125552907,0.7861551391156507
02177000,-18.263497948646545,0.6897593438625336,0.7758569121360779,0.7745755314826965,0.0146646853536367,-14.687663316726685,-8.18702861357245,24.343665924515992,0.7479302936714873,1.0153529644012451,0.2272727272727272,27.30932018973611,0.8882537144853218
02178400,-14.96969312429428,0.6559979319572449,0.7771026343107224,0.8000122308731079,-0.0388205908238887,-14.425383508205414,-16.54686846333605,-14.063835559477903,0.7673819926877794,0.9644584059715272,0.3181818181818182,34.738319570367985,0.8866297013346421
02202600,2.073358558118344,0.5691725015640259,0.5540578663349152,1.0098437070846558,0.0781722515821456,5.558514967560768,-45.506362763210426,-8.24374042098539,0.697557260935485,1.2096925973892212,0.8181818181818182,44.70379135825417,0.7822760315357086
02212600,30.189397931098934,0.4864360690116882,0.6047141849994659,1.2358042001724243,0.1126041188836097,21.296478807926174,-39.72736502148583,81.6506982119154,0.5718064196179338,1.3320269584655762,0.0,51.05350017547608,0.8676964841224741
02221525,12.088321149349213,0.4695249795913696,0.7092038989067078,1.120274543762207,0.168204978108406,13.869154453277588,-13.800994512745268,73.98684774179931,0.6325993608597242,1.3290318250656128,0.6470588235294118,36.89654294182272,0.8892962428032901
02231000,-32.25091993808746,0.5180879831314087,0.7671481519937515,0.749772846698761,0.0542485825717449,-27.22604274749756,-13.218547669410102,-489.4444697624157,0.6913140885495033,1.1422210931777954,0.6153846153846154,35.27652300321139,0.8884360078963874
02231342,-21.759505569934845,0.4076348543167114,0.589125782251358,0.8649086952209473,0.0781487971544265,-13.628220558166504,-31.51469949519818,,0.6716313562254967,1.1991207599639893,0.4,41.497488021850586,0.7765559834348588
02245500,-3.981027379631996,0.4437785148620605,0.7020555734634399,0.9004327654838562,0.0660265907645225,-6.202777102589607,-23.9692596142768,-795.2068603954078,0.7539957856669997,1.1605991125106812,0.625,27.842968702316284,0.8424805905890147
02246000,-8.990983664989471,0.4771397113800049,0.7593290954828262,0.9527164101600648,0.0792941823601722,-1.6080135479569435,-8.830456438061722,-71.83791675500795,0.7528966026310073,1.209715723991394,0.5714285714285714,58.56554167611259,0.8781654144591426
02296500,-28.234592080116272,0.6123636364936829,0.6880893409252167,0.7904587388038635,-0.0321856662631034,-23.4861433506012,-12.181333678224156,-214.16485565113248,0.722065261841314,0.9305478930473328,1.181818181818182,49.32309063998135,0.8311314612738503
02297155,11.416205018758774,0.4576767086982727,0.4128029942512512,1.096930742263794,0.0604692585766315,13.478296995162964,-26.360849080596843,-8.80748568331976,0.6832736304355167,1.1497679948806765,0.8571428571428571,76.8921034676688,0.7382948756880957
02297310,-35.308390855789185,0.570853054523468,0.7006303071975708,0.6890228986740112,-0.0422562211751937,-34.363412857055664,-15.15465418075038,-3.490403286011825,0.6404884985662206,0.8937316536903381,0.9285714285714286,39.53019210270473,0.8542303162977093
02298123,-8.409830182790756,0.5540734827518463,0.6302036941051483,0.8894920945167542,-0.018915019929409,-10.852403193712234,1.97579001783854,-46.15841574219869,0.7684264726515424,0.9669516086578368,1.0,57.00364112854004,0.7991963515669894
02298608,-19.530487060546875,0.4788447022438049,0.6487976312637329,0.9005872011184692,0.081776276230812,-9.052293747663498,-23.052522879496003,-8.457347729978888,0.7079740561121932,1.2021880149841309,0.9444444444444444,41.15572505527073,0.814214494863346
02299950,-15.22851586341858,0.529204934835434,0.5959320962429047,0.8523753881454468,0.0223311819136142,-11.356469988822935,-3.243386371119234,-309.6931116217902,0.724760191387744,1.061733603477478,0.5,50.00081592135959,0.7760515942870113
02300700,-6.801702827215195,0.29509037733078,0.4824965596199035,0.9495719075202942,0.0948131531476974,1.7192613333463669,-15.52295928058125,82.15815626623268,0.5993984435622006,1.294887661933899,0.8235294117647058,49.32651519775391,0.7335795027622609
02312200,-27.247855067253116,0.4612724184989929,0.5569310188293457,0.7930100560188293,-0.0191171504557132,-24.194297194480896,-36.259231125513416,-41.55924303293875,0.6714870709583657,0.9610872864723206,1.4,62.75092124938965,0.7478855252784988
02314500,-33.58778953552246,0.5400088727474213,0.7132565379142761,0.8802171945571899,0.1019177809357643,-25.907054543495175,-9.345853306553504,-86.71700902981038,0.7377298215563095,1.1796854734420776,1.7,16.00338578224182,0.8511683613775903
02315500,-0.7968982681632042,0.5543449521064758,0.7796184122562408,1.0123889446258545,0.1496466994285583,-3.7796996533870697,-19.13078477287709,-226.7183588036056,0.708831753421193,1.2740052938461304,1.5,22.76726722717285,0.9022934965770948
02324400,-20.87021917104721,0.5276182293891907,0.6576641201972961,0.8408831357955933,-0.0025293531361967,-18.42691153287888,-44.6762219374448,-443.7552806936646,0.7532574940097242,0.9943611025810242,1.0769230769230769,53.69882950415978,0.8115009532543574
02327100,14.817574620246887,0.4872476458549499,0.6699204444885254,1.1175270080566406,0.126851812005043,15.360593795776367,-24.13187978952558,-361.7869709957176,0.6774334126312626,1.268699049949646,0.75,38.24256360530853,0.8656965144900353
02342933,-21.73113375902176,0.5682306587696075,0.6973251700401306,0.8006542325019836,-0.0193504504859447,-21.68634235858917,-23.387610602190144,-268.97654386907493,0.7337504924135103,0.9346937537193298,0.3157894736842105,44.07236199629934,0.8360330537352011
02349900,37.75143921375275,0.4195831418037414,0.490010142326355,1.360013723373413,0.1687491238117218,36.29688322544098,-28.18351635571796,13.508984992956607,0.4407340408920572,1.4079591035842896,0.3333333333333333,64.94190427992079,0.8706249568021655
02361000,-13.570520281791689,0.5658586621284485,0.7197452485561371,0.9111866354942322,0.1028974875807762,-9.9847674369812,-18.10135462620064,-17.79252587282342,0.7679359035909209,1.1591583490371704,0.6,24.937338829040527,0.8563526851657497
02369800,0.6477487739175558,0.4064555168151855,0.5809416472911835,1.0081117153167725,0.1292898207902908,3.260781615972519,-17.79952869957434,12.911738951836718,0.7266063338761368,1.1867353916168213,0.1904761904761904,58.72825895036969,0.8004801005689447
02371500,-6.559161841869354,0.6632431149482727,0.8445058465003967,0.9806053042411804,0.0633695647120475,-3.157864511013031,-19.67888212008198,-483.9538421025268,0.8725121079978241,1.099704623222351,1.4444444444444444,27.950959735446503,0.9229545816308956
02372250,-14.254915714263916,0.5669179856777191,0.736510306596756,0.9075916409492492,0.0480029135942459,-6.235432624816895,-22.976070380110013,-436.2630835058834,0.8140570667291027,1.081627368927002,0.95,47.82096862792969,0.8608150789309847
02374500,-17.038258910179138,0.5717645287513733,0.7623075097799301,0.780806303024292,0.0008168354397639,-17.221248149871826,-28.69997313305483,13.084148964385571,0.7494103105577827,1.0010321140289309,0.3333333333333333,40.503942398797896,0.8785576251817361
02381600,-16.298824548721313,0.2845354080200195,0.3566558361053467,0.7697582840919495,0.139628916978836,-12.20022588968277,-25.05828283525004,59.51136956682666,0.4990511815889146,1.2458730936050415,0.5263157894736842,51.96338452790913,0.6292104467972895
02395120,-17.268554866313934,0.5459196269512177,0.59110426902771,0.8291417360305786,0.0036378323566168,-17.279019951820374,-22.89168075347149,5.050870888441463,0.714226836761979,1.0069637298583984,0.5,47.38540649414063,0.7710343673673287
02408540,8.66972953081131,0.6341239511966705,0.7327289581298828,1.0694499015808103,0.0663916692137718,4.514867812395096,-27.954563327220377,5.800737955974763,0.8184559117241845,1.1165359020233154,0.1111111111111111,36.66978412204319,0.8793585863066706
02422500,14.639411866664886,0.5210537016391754,0.7265756130218506,1.1411131620407104,0.1559306383132934,15.64745306968689,-10.979769178971791,1.486341641472564,0.6988504081675064,1.2463586330413818,0.1764705882352941,31.67846062604119,0.8995730310836206
02430085,-0.1891975640319287,0.4938235282897949,0.5007381439208984,0.9853641390800476,0.0516495369374752,-3.8895688951015472,-26.54004314591625,-894.3960324685712,0.7309940436391884,1.0933181047439575,0.375,65.6474232673645,0.7481235869325544
02430615,20.410075783729557,0.3294788599014282,0.2941598296165466,1.1524319648742676,0.1211259365081787,19.89624947309494,-28.19654072481014,12.555853783853102,0.6207116332711928,1.1914268732070925,0.44,82.75592803955078,0.7102071197656299
02450250,-5.6455347687006,0.6337615549564362,0.7321130335330963,0.9267048835754396,-0.0192726589739322,-9.54202264547348,-23.964665650426383,-301.86461719684326,0.8342742747982522,0.9543051719665528,0.15,30.874407291412357,0.8585615872793073
02464000,-11.713653057813644,0.6767011284828186,0.8258141726255417,0.9017618894577026,0.0274957735091447,-10.026796162128448,-4.7378660797197725,-221.51651233511228,0.852199051129797,1.0628317594528198,0.1052631578947368,29.031911649202048,0.909189405199202
02465493,-3.136184811592102,0.4765350818634033,0.5673094391822815,0.8628649711608887,0.0767050832509994,1.8196150660514832,-5.03488133292323,37.80082490433151,0.704387548736215,1.1126288175582886,0.25,35.97159385681152,0.7635778042084426
02469800,-9.027453511953354,0.6297222077846527,0.8263302743434906,0.9508429169654846,0.0408845916390419,-10.210330784320831,-7.801142484363406,-406.5513921912687,0.8627757135089704,1.0919891595840454,0.4705882352941176,29.23477116753073,0.9108255613444584
02472000,-0.9074353612959384,0.6775612235069275,0.8651766777038574,1.0219470262527466,0.0817838534712791,2.9860559850931168,-3.395516425283821,-700.1299032353652,0.8229320301620398,1.1642274856567385,0.8,27.84584522247314,0.9375442001407086
02472500,-4.257582128047943,0.5948079526424408,0.8097002655267715,0.9523417353630066,0.0630319118499755,-4.9096450209617615,-6.042011371071189,-34.48913182574996,0.8384936908128968,1.120312213897705,0.55,36.6234016418457,0.903366936786298
02479155,28.81447672843933,0.5573150217533112,0.6985514163970947,1.192534565925598,0.0223389938473701,20.467278361320496,-24.779914505238818,-574.4121234020771,0.7715211828730375,1.0537790060043335,0.0476190476190476,40.59145791190012,0.8893617185926889
02479300,17.53726750612259,0.6023754179477692,0.68803671002388,1.1255191564559937,0.0542772822082042,8.84687751531601,-11.112201917718428,39.028074914840815,0.7986078843760545,1.088494062423706,0.6,33.17039966583252,0.8697213505066403
02479560,13.79421055316925,0.6176522076129913,0.7691556364297867,1.053300857543945,0.0853325277566909,10.814441740512848,-14.469781645852136,-14.080541730589308,0.8246486739556582,1.1301116943359375,0.65,44.52956676483154,0.8952237950314068
02481000,1.6887975856661797,0.622843474149704,0.7910337895154953,0.982376217842102,0.0232483390718698,2.284916862845421,-18.830990511158856,-285.2220573926708,0.87853037248345,1.0567829608917236,0.0434782608695652,27.48076812080715,0.8940756493348704
02481510,-13.076288998126984,0.6633135974407196,0.8146690875291824,0.913933038711548,0.0160387177020311,-10.080843418836594,-3.5594390486514027,-403.4736576273434,0.8661543257084691,1.0325509309768677,0.4285714285714285,35.59535798572359,0.9028013395479862
03010655,-1.7439020797610283,0.6373142302036285,0.8234552443027496,0.9749661684036256,0.0352803468704223,-1.5788113698363304,-14.972386057962488,-538.2973913364003,0.8945246209394919,1.0497386455535889,0.4210526315789473,31.754594100149053,0.910420817138932
03011800,-13.527832925319672,0.5814220309257507,0.7412688732147217,0.8158902525901794,-0.1227322667837143,-14.143553376197817,-19.339605693509174,-41.441950498398086,0.7325351267998643,0.8546900153160095,0.24,41.30539321899414,0.871446246045496
03015500,-11.701952666044235,0.6174983978271484,0.7768084406852722,0.8439403176307678,-0.0607080459594726,-11.85680404305458,-8.42677411227999,-32.79628631060489,0.7890197755346616,0.9175971746444702,0.4,38.37641525268555,0.8843807757002108
03021350,-23.14743548631668,0.5613769292831421,0.6358051896095276,0.7376351356506348,-0.0895650684833526,-26.059508323669437,-8.189703128483018,-403.0608178194325,0.6385589376149636,0.8455034494400024,0.2,45.2485237121582,0.8052305583567457
03026500,-7.073646783828735,0.5449709296226501,0.6184612214565277,0.9174360036849976,-0.0166687369346618,-6.055542454123497,-13.108883116371365,-266.3032180321497,0.7787373967314893,0.97774338722229,0.3636363636363636,47.68400192260742,0.7959290091528988
03028000,-10.32661721110344,0.5951949954032898,0.7637147158384323,0.9101783037185668,-0.0531698800623416,-5.670163035392761,-11.9024241008066,25.01331971929211,0.8321709937573861,0.9309486150741576,0.2272727272727272,45.68069631403143,0.8761834241576174
03049000,-12.352783232927322,0.5750313103199005,0.6571798324584961,0.861579954624176,0.0444992706179618,-8.94252061843872,-12.598787540088075,-368.0625841193096,0.7562499919257524,1.0735149383544922,0.0434782608695652,44.66804006825323,0.8133197618571109
03049800,-52.47037410736084,0.4263349771499634,0.2310846447944641,0.4399764239788055,-0.0360702015459537,-46.41280174255371,-26.70430300500745,-4.160660502593684,0.2325751916343892,0.9044070243835448,0.4545454545454545,70.84272558038886,0.4840771241665866
03069500,-0.0153597749886102,0.7133355438709259,0.8951182067394257,0.987671434879303,0.0330813080072402,-0.9353390894830228,-1.0114908094762387,-444.4251191611615,0.9308284633107262,1.0433610677719116,0.125,17.005415757497154,0.9475354808303748
03070500,-11.642255634069445,0.6475318372249603,0.7646977603435516,0.8835881352424622,-0.0222958009690046,-12.227874249219894,-11.28705331111749,-268.3712343849276,0.8258221442885165,0.9666721224784852,0.3636363636363636,40.03802212801846,0.8747983396921831
03076600,-9.416835010051727,0.5488304495811462,0.6589275896549225,0.9768030643463136,0.0799739584326744,-5.346783623099327,-10.506363800559177,-427.4425845351598,0.7866809018184034,1.12535297870636,0.2,30.382714271545407,0.8289632479414695
03078000,-1.0970900766551497,0.5913100838661194,0.7357880175113678,0.8965862393379211,0.0344359762966632,-5.286926403641701,-24.498582552870317,-240.3215826156724,0.8179592435573786,1.051408767700195,0.1904761904761904,34.75681940714519,0.8592819495747775
03140000,-18.3651939034462,0.5600220859050751,0.6826229095458984,0.8213334083557129,0.0021504773758351,-15.96057265996933,-12.026916762153574,-291.96025731826694,0.7507266239646773,1.0043011903762815,0.217391304347826,54.66597183890964,0.8262272610804331
03144000,-17.001721262931824,0.6508886516094208,0.7858819663524628,0.80802321434021,-0.0187798030674457,-15.110823512077332,-11.620963204792208,-432.9033818252839,0.7751588744853339,0.9585930109024048,0.35,37.84490823745728,0.8905289684696974
03164000,0.6976808421313763,0.5895693600177765,0.8289172500371933,1.0307552814483645,0.1465456634759903,3.010340966284275,-8.081955874029152,28.13650308282772,0.8412240958279958,1.1380711793899536,0.217391304347826,18.481590436852496,0.9278872422484302
03165000,0.714839156717062,0.4062128067016601,0.6254301369190216,0.957364857196808,0.0767902284860611,2.3848973214626312,-21.30470710406649,56.73761565912838,0.7803679199721888,1.0985459089279177,0.2083333333333333,48.13220500946045,0.808403551679409
03170000,-0.8900891058146954,0.5556176006793976,0.7380323112010956,0.9524824619293212,0.0786994248628616,0.3493437310680747,-23.03659543922945,8.148636566218382,0.8333033331488389,1.088425636291504,0.2857142857142857,33.99852798098609,0.8669181862107701
03173000,-4.427994787693024,0.6272982358932495,0.7717657685279846,0.9609575867652892,0.0134248556569218,-2.816393226385117,-9.136550674620471,-769.7761533517502,0.8739446741200033,1.021750569343567,0.3333333333333333,36.67524655659993,0.8821333470198083
03180500,1.3036160729825497,0.6573466658592224,0.8172387778759003,0.9448102712631226,-0.0497356876730918,-2.01973058283329,-11.542905819925473,-275.5104521434964,0.8707388936692337,0.9302536249160768,0.0476190476190476,28.319397426786875,0.9062025020885088
03182500,-8.56964886188507,0.7249386310577393,0.8699751645326614,0.905185043811798,-0.020142463967204,-10.8598992228508,-11.275451093877791,-478.279540766575,0.8795618839767271,0.9672037959098816,0.0526315789473684,24.39567415337813,0.9333676289515072
03186500,-9.60761234164238,0.6112015545368195,0.7477341890335083,0.9123733043670654,0.0367263406515121,-9.37538892030716,-14.908349743201336,-299.3367259122937,0.831379757812722,1.0546395778656006,0.5,45.63733736673992,0.8667000944545784
03213700,-9.404296427965164,0.7004349827766418,0.8840132057666779,0.9187435507774352,0.0293373204767704,-7.344169914722443,0.0081474612844243,-15.800131305864952,0.8900039151672523,1.0448145866394043,0.1666666666666666,21.331846714019772,0.9409391757371004
03237280,-33.8087260723114,0.4363198280334472,0.3365613222122192,0.66953045129776,-0.0797580629587173,-32.14838206768036,-38.18090373726408,-5.890130547003723,0.4382739373068097,0.8026977181434631,0.4285714285714285,59.709971291678286,0.590857168627464
03237500,-5.789177119731903,0.5941083431243896,0.6622134149074554,0.955788254737854,0.0082252509891986,-7.201322168111801,-11.419356351960218,-92.70286066118986,0.817731253977839,1.020372986793518,0.15,51.98477268218994,0.8243521740342987
03238500,-4.538595676422119,0.5864045917987823,0.6847327947616577,0.9037935137748718,-0.0258051566779613,-11.047584563493729,-11.962218642949557,-1.2405331111368851,0.7920270505949418,0.9260973930358888,0.0952380952380952,37.19357535952613,0.8310755660765407
03241500,-14.738063514232635,0.6054352819919586,0.7494335770606995,0.8409600257873535,-0.040503479540348,-15.475811064243317,-16.879338954139623,-51.13131512208425,0.7792610225910643,0.9241516590118408,0.238095238095238,34.91567884172712,0.8670375544774869
03280700,-19.46828365325928,0.5289333760738373,0.6251583695411682,0.8442698121070862,-0.0001767571666277,-19.040460884571075,-10.074983023168109,-243.8967767476858,0.7404583386316624,0.9995517730712892,0.2105263157894736,42.08657616063169,0.7923710481235939
03281500,-19.590294361114506,0.6941385865211487,0.8550285696983337,0.8048617839813232,-0.0333929806947708,-19.63910162448883,-23.170432830026545,-5.379540837340057,0.7826935181114129,0.9305365085601808,0.25,23.67579698562622,0.9342884555284748
03285000,-2.844894863665104,0.6575570702552795,0.792176753282547,0.914303421974182,0.0024339593946933,-5.094510316848755,-21.678329126143478,-142.64777461609802,0.8607125409192631,1.0061615705490112,0.2857142857142857,18.83134160723005,0.8903682171074353
03291780,-3.796767070889473,0.5308590531349182,0.667946994304657,0.9362065196037292,0.0023664406035095,-3.894636780023575,-28.285640849902176,-7.373249129465925,0.8134759269964559,1.0062836408615112,0.2083333333333333,45.05368868509929,0.8248368259984833
03340800,-0.8369850926101208,0.590624988079071,0.6650691032409668,0.9962531924247742,-0.0300737582147121,-10.344891995191574,-32.321868477411115,-277.9578610944329,0.8186293430353727,0.9308623671531676,0.217391304347826,45.391016421110734,0.8323656826150703
03346000,-11.663391441106796,0.6360682547092438,0.7505553513765335,0.8478425145149231,0.0105656869709491,-7.084660977125168,-16.115900892606348,-84.37318175637746,0.7950639756584053,1.0324803590774536,0.2777777777777778,38.408713870578346,0.8666137190038008
03357350,-25.321701169013977,0.4891037344932556,0.5341160893440247,0.7162654995918274,-0.0349184274673461,-22.22674787044525,-37.27527630001307,-9.51317332902953,0.596355401901712,0.8974841833114624,0.217391304347826,51.34361930515456,0.731831765153411
03364500,-22.367869317531586,0.6267809271812439,0.6887549161911011,0.7778012752532959,-0.0074389046058058,-19.13573145866394,-17.067874951231033,-7.951520448034441,0.7205942692222428,0.9808081984519958,0.3043478260869565,43.964655502982765,0.8316938388955027
03366500,-7.004034519195557,0.6526402533054352,0.8390379995107651,0.8886041641235352,0.0084129404276609,-9.619031846523283,-10.784217084656843,-132.5278636612178,0.8588058177660783,1.0233772993087769,0.4090909090909091,34.316641634160824,0.9164520094609244
03368000,-14.927826821804048,0.4599401354789734,0.5260303914546967,0.8643500208854675,0.0167867802083492,-14.310136437416077,-25.082924829193274,-18.377286461989243,0.6982025765250228,1.0575957298278809,0.3809523809523809,48.62103689284552,0.7366304879300655
03384450,-9.22323614358902,0.576773077249527,0.6787665784358978,0.8983118534088135,-0.005052350461483,-9.02673602104187,-18.51767350054388,7.823721460309867,0.7986148686054572,0.983369529247284,0.2272727272727272,49.403147263960406,0.8269713334958924
03439000,-9.839560091495514,0.5830108821392059,0.757660523056984,0.8883565664291382,0.0848288387060165,-7.182497531175613,-2.404283520761512,45.02076797254173,0.8112502835115956,1.0863368511199951,0.1739130434782608,38.82645731386931,0.8746678518749262
03455500,-0.6166468840092421,0.388103723526001,0.5351116359233856,0.9381261467933656,0.1122281178832054,3.549814224243164,-7.040083481305858,27.418594010736243,0.7088474592196017,1.1543052196502686,0.3636363636363636,39.68091444535689,0.7609783953678503
03456500,-14.99851942062378,0.5633352100849152,0.6747758090496063,0.7700334787368774,-0.0083696134388446,-14.390720427036284,-9.250668523492203,32.040074882624026,0.7096318432489879,0.986805021762848,0.2857142857142857,46.02595738002232,0.8232092816281374
03460000,9.137389063835144,0.5288152396678925,0.7413247227668762,0.9958204627037048,0.0430330671370029,6.553409993648529,-14.070999887513707,18.590108567714392,0.8646028422571208,1.041096329689026,0.2857142857142857,39.38021432785761,0.871058100374898
03463300,-13.608621060848236,0.5320480465888977,0.647493839263916,0.7249329686164856,0.0361070558428764,-11.355353146791458,-15.411744207359792,-7.658580816915602,0.657342880937389,1.0750648975372314,0.4761904761904761,37.78995332263765,0.8099545037421986
03471500,1.1908226646482944,0.4337667226791382,0.4958142638206482,1.0569734573364258,0.1096837371587753,5.951143801212311,-0.6487656832895352,-12.582050461508237,0.7274675037139704,1.13243305683136,0.2105263157894736,32.14372835661236,0.7687220889290742
03473000,-1.6161246225237846,0.4648655652999878,0.6226109564304352,1.0082451105117798,0.1208073571324348,2.4863148108124733,-8.747660773195955,2.241909372630316,0.7763782879683354,1.1325963735580444,0.2631578947368421,31.71989290337813,0.8201197899604384
03479000,-1.715044490993023,0.512564480304718,0.6567375361919403,0.8518965244293213,0.0352328270673751,2.9912926256656647,-13.191706573495551,-5.0755913107366375,0.7525265921177137,1.063359618186951,0.1304347826086956,66.50045229041058,0.8121330073803233
03488000,-17.372041940689087,0.6048074662685394,0.737390398979187,0.840326189994812,0.0329570583999156,-9.314169734716415,-8.198768272858793,-96.23810572117571,0.7803184549701092,1.055148720741272,0.25,35.61263084411621,0.8595618491087686
03498500,0.3674939507618546,0.6345939636230469,0.8008446097373962,0.9507259130477904,0.0177267864346504,-1.2644551694393158,-23.35129708879857,11.842201112766954,0.8821510086752895,1.0281121730804443,0.2631578947368421,40.97721200240286,0.8967035584544514
03500000,-12.805873155593872,0.743429034948349,0.8775688037276268,0.8265202045440674,-0.0149830747395753,-11.105681955814362,-11.119205380409444,30.28331796327461,0.8172912526254139,0.9864997267723083,0.1363636363636363,22.19263857061213,0.944277566828648
03500240,-12.55960464477539,0.624861091375351,0.7822580635547638,0.8360928297042847,0.0186091139912605,-11.785274744033812,-16.299905915516785,39.0004720141851,0.7995097540224432,1.018662452697754,0.391304347826087,33.55157893636952,0.8860592648913623
03504000,-19.926808774471283,0.5573142766952515,0.7303563952445984,0.7467249035835266,-0.1124782934784889,-21.51959240436554,-15.961008471680282,29.57067834769469,0.7018030426331329,0.910002827644348,0.25,38.144636154174805,0.8708734733446672
03574500,-11.13148108124733,0.6519312262535095,0.803902193903923,0.9339743256568908,0.0277093742042779,-9.404860436916351,-19.237244050733977,-246.6451884049432,0.8617947616693749,1.065492033958435,0.2105263157894736,35.58445729707417,0.8977645280856503
03592718,-30.39994239807129,0.531869500875473,0.5915212631225586,0.7406447529792786,-0.0184119679033756,-30.8596134185791,-25.344506012021085,-38.97794798890474,0.6503500274989942,0.9548925757408142,0.1739130434782608,47.644101018491,0.7698798587922463
03604000,-9.040142595767977,0.6148082911968231,0.8446802943944931,0.8786905407905579,-0.0078850137069821,-8.525281399488449,-18.432885086063,13.314367885596347,0.8535591392014406,0.9817408919334412,0.3157894736842105,43.629977577611015,0.920027843655748
04015330,1.998710259795189,0.5485385954380035,0.6588562428951263,0.996509313583374,0.0638399571180343,-1.542903669178486,-21.415551031022314,-7.337866327315129,0.77099904578063,1.154363989830017,0.4736842105263157,47.72262573242188,0.830881666323603
04024430,-9.90258902311325,0.5837948322296143,0.7270964682102203,0.9592424035072328,0.0845873281359672,-5.519890412688255,-8.533259560801875,-714.9068687589767,0.7746613577921143,1.1736884117126465,0.4444444444444444,40.37511348724365,0.8623458767890897
04027000,-17.270472645759583,0.6301989853382111,0.8089737892150879,0.9102950096130372,0.0661934167146682,-11.257773637771606,-12.03726700186861,-808.263104587704,0.8103945180497529,1.1352031230926514,0.7894736842105263,32.8293574483771,0.9019012283906994
04040500,-5.346537753939629,0.6493446528911591,0.8570322394371033,0.987356185913086,0.0681915879249572,-0.3255321411415934,-5.505501253374602,-325.753185833267,0.8610206753202881,1.1194173097610474,1.0588235294117647,22.52823324764476,0.930036489630677
04043050,-17.07514077425003,0.5790718495845795,0.7533106803894043,0.8573786616325378,0.0207726825028657,-16.796112060546875,-34.47124768175587,-17.87126945757456,0.802212751416674,1.0376993417739868,0.5,40.897977352142334,0.8682513409015318
04045500,0.4012719262391329,0.7121576070785522,0.915888413786888,1.0037386417388916,0.0930413231253624,0.8317014202475548,-4.7826427299768985,8.87187279252174,0.8971343176056074,1.0956823825836182,1.4705882352941178,13.454438658321603,0.9624200474250646
04056500,18.83775144815445,0.5060424208641052,0.713965654373169,1.1795262098312378,0.2057040780782699,17.6873117685318,-10.025228019540874,12.024143046431352,0.7328846483233048,1.1763057708740234,1.0625,29.69284951686859,0.9103494214100584
04057510,20.413538813591003,0.4672732353210449,0.6545924544334412,1.1893771886825562,0.1919296830892563,19.632241129875183,-7.915814258842599,12.655727085389648,0.7108298305746881,1.1860449314117432,1.411764705882353,29.710469526403088,0.8853572907326641
04057800,12.506842613220217,0.5904857814311981,0.7904374748468399,1.094110131263733,0.1069892197847366,15.941357612609863,-11.93056398178158,-43.439800105677,0.7788979219767466,1.1804131269454956,0.75,36.14869713783264,0.9135100252892144
04059500,24.80052709579468,0.5328873097896576,0.6519409120082855,1.17842435836792,0.1347912549972534,23.616959154605865,-5.901643788516661,-10.053169720867384,0.6991261319060287,1.206632137298584,1.3571428571428572,29.139559609549387,0.8735365954979714
04063700,-17.56066232919693,0.5138497650623322,0.739287942647934,0.964015007019043,0.1822019517421722,-8.398628234863281,8.717020559301389,-37.21120663961842,0.7392505054385995,1.2300621271133425,0.6666666666666666,33.83665084838867,0.8826680058028901
04074950,10.924353450536728,0.5028563439846039,0.778635710477829,1.0110269784927368,0.2232254743576049,8.19561779499054,-5.275085072705592,29.43839885329252,0.8383311441314641,1.137218713760376,1.2777777777777777,19.500562879774304,0.9152282517750746
04105700,-21.18643075227737,0.4598625302314758,0.7275393009185791,0.81943279504776,0.1529919058084488,-16.31149798631668,-16.583993895859418,9.18239971171405,0.7651254428263388,1.071542263031006,0.3333333333333333,19.02876297632853,0.8679271159410018
04122200,-2.161362022161484,0.5183100998401642,0.7528467178344727,1.0778683423995972,0.2216085940599441,3.523174673318863,1.6844412531569055,29.74811184229521,0.8389347187782911,1.1093056201934814,0.4,24.319310188293457,0.9109448066585352
04122500,4.974962025880814,0.5413256287574768,0.7364469170570374,1.0913008451461792,0.1522116661071777,5.820756033062935,4.771506925799769,5.4606754180617045,0.8444830044943817,1.067426085472107,0.631578947368421,20.015890974747503,0.8936824823248961
04124000,-0.4105418920516968,0.5651297271251678,0.807173877954483,1.069091558456421,0.1173943802714347,1.6418840736150742,11.297186255215395,37.09042999706718,0.8883010002546446,1.032558798789978,0.55,12.861840724945068,0.9184957196490297
04127918,20.573054254055023,0.4884719848632812,0.5969637930393219,1.187769055366516,0.1668024659156799,21.652650833129883,-12.281623247225696,-8.311919182103923,0.6816053884416569,1.213631272315979,0.65,29.387285709381107,0.856893081911424
04127997,15.482905507087708,3.045797348022461e-05,0.3370174169540405,1.1267467737197876,0.6057077050209045,13.927195966243744,-4.260398813053891,-6.553988668990045,0.7551389429741634,1.1686707735061646,0.5833333333333334,14.89029328028361,0.8757326963185122
04161580,-6.6693514585495,0.417717695236206,0.6339999437332153,1.0252695083618164,0.156899869441986,-3.328362852334976,-3.615842947403965,4.911860231257497,0.7661817443335732,1.16253924369812,0.6666666666666666,33.00263995216006,0.833827129506391
04185000,3.713752329349518,0.6780560314655304,0.7973980456590652,1.069740653038025,0.0498928725719451,9.708864241838455,-9.426584390210488,31.95788447735136,0.8630509282555165,1.0745849609375,0.6521739130434783,28.838974496592645,0.9087400790737954
04196800,-8.682649582624435,0.6371534764766693,0.7330278158187866,0.8461949229240417,-0.0801053643226623,-10.143949836492538,-17.35716571753254,-115.48331328753652,0.7267872254011849,0.8228135108947754,0.5217391304347826,48.25918778129246,0.8600208353068015
04197100,-24.337905645370483,0.58498615026474,0.6739774346351624,0.730197012424469,-0.0760646164417266,-26.385381817817688,-19.74605435590254,-163.39374326597948,0.6347794028897389,0.821439266204834,0.55,51.56666755676269,0.8305641808960533
04213000,-10.73041930794716,0.6146162450313568,0.7150053381919861,0.863245964050293,-0.0509096086025238,-10.134859383106232,-14.54650315176537,-299.09156986977627,0.7760179017355212,0.90979266166687,0.3181818181818182,39.43763646212491,0.8472618249903545
04216418,-10.64559444785118,0.562056690454483,0.6472101807594299,0.8844263553619385,-0.0416736304759979,-12.590475380420685,-4.569536720120243,-83.54075770422288,0.7680462799096465,0.9367724657058716,0.4166666666666667,44.42602793375652,0.8090876121465295
04221000,-14.90790992975235,0.6285644471645355,0.7816152423620224,0.8380250334739685,-0.0625974088907241,-16.89794957637787,-5.81094110668354,-524.0098588910512,0.7821751625225672,0.9072684645652772,0.0952380952380952,39.2283348810105,0.8876940234142471
04224775,-13.473467528820038,0.5407644510269165,0.6632531881332397,0.8653500080108643,-0.0038949172012507,-12.670542299747469,-4.6540661590826575,-723.5055300223407,0.77183665574939,0.9937136173248292,0.3333333333333333,53.19571722121466,0.8159120516986259
04233000,-24.989375472068787,0.5628321766853333,0.659021645784378,0.7537279725074768,-0.0804560855031013,-23.56370240449905,-7.180462244850255,-31.05255634041982,0.6730805219432949,0.8850066661834717,0.4090909090909091,49.14063106883656,0.8183328131297485
04256000,5.429872870445252,0.6186136901378632,0.779428169131279,0.9611091613769532,-0.0007596007781103,1.3707662001252174,-19.197916580277496,33.67832375338989,0.8795822331699249,0.9991426467895508,0.5833333333333334,31.67849183082581,0.8860385758907384
04296000,-20.743869245052338,0.6080794930458069,0.7427922785282135,0.8101342916488647,-0.1393715888261795,-18.53795498609543,-11.799119949185927,-711.2641881621034,0.72099387204059,0.8378472328186035,0.3478260869565217,40.2196220729662,0.8754933241683798
05056000,-43.25549304485321,0.4359112381935119,0.4715631604194641,0.6108096241950989,-0.1474357396364212,-38.81261348724365,-31.56826852793752,-167.01084039232094,0.3946698146091993,0.638892412185669,1.2727272727272727,65.27512290261008,0.7092134893964025
05057000,-23.9564910531044,0.4778624176979065,0.6071876287460327,0.7205110192298889,-0.1297277361154556,-30.025896430015564,-22.892035648012666,-260.5466560913178,0.558317139688269,0.7275261878967285,2.4444444444444446,59.53667958577474,0.7932932501364611
05057200,-48.01887273788452,0.4619640707969665,0.4535792469978332,0.5169290900230408,-0.0996026471257209,-46.21700942516327,-26.53576912260415,-210.16862838433016,0.3155227861059557,0.6137661933898926,1.5,81.011962890625,0.7067850636382044
05120500,-21.75595313310623,0.1426469683647155,-0.0478835105895996,0.8052837252616882,0.0850881114602088,-13.310320675373076,-12.827182710647644,-9.035575733959512,0.2744153764791749,1.3177038431167605,1.3333333333333333,61.66057586669922,0.3774063232647373
05123400,-63.833820819854736,0.4478716254234314,0.3572593927383423,0.4241347312927246,-0.1525488793849945,-61.513447761535645,-71.84356291644133,-109.0052159568511,0.188298205282257,0.5394678115844727,1.4285714285714286,81.02218082972935,0.6606637371604566
05129115,-12.33663409948349,0.5558077096939087,0.7498985528945923,0.898890495300293,0.0917906314134597,-12.769535183906555,5.581411118674431,30.16174261873468,0.8068503634811168,1.1025121212005615,1.0,27.70474116007487,0.871256397620239
05131500,-11.655893921852112,0.5946036279201508,0.7570140361785889,0.9183284640312196,0.0666907206177711,-11.39531284570694,-6.920481837263563,-30.37147993596801,0.8135810530153282,1.1102001667022705,1.1111111111111112,31.86981942918565,0.8737553673768035
05291000,-2.1814625710248947,0.4336578845977783,0.424170970916748,0.958670973777771,0.0657174438238143,9.324218332767488,-22.512826146229568,-425.72652556101,0.6084169864507649,1.251617193222046,0.4444444444444444,49.16624493069119,0.7028166287174157
05362000,17.256061732769012,0.5651634335517883,0.6909320056438446,1.156952977180481,0.1445110738277435,17.435672879219055,-11.34166476268177,-775.3453812480062,0.6276787294991151,1.317830204963684,0.4736842105263157,85.19784023887233,0.8861015705362051
05393500,0.9632095694541932,0.5945228636264801,0.6903330385684967,1.0497050285339355,0.0851264744997024,5.10159432888031,-7.708527022094154,-501.5103347520351,0.7585529616051491,1.188184142112732,0.4736842105263157,41.1078879707738,0.8571265904887113
05399500,-22.396917641162872,0.5903957188129425,0.7287881076335907,0.838297963142395,0.0215180628001689,-16.05120450258255,-20.17807478776153,-342.6972048653936,0.7687944871259769,1.0776149034500122,0.1875,40.31226634979248,0.854108371652493
05408000,-19.68665570020676,0.4758872389793396,0.5005076825618744,0.5923327803611755,0.0501596331596374,-14.832419157028198,-8.930370388299691,38.2156840159482,0.4999443594291041,1.076802372932434,0.2222222222222222,29.566873444451225,0.7207788023615205
05412500,-6.3680678606033325,0.5788752436637878,0.7072957158088684,0.8695753812789917,0.0379812195897102,-2.5982413440942764,-13.93762483531242,-878.84289516383,0.7849528725644241,1.0660889148712158,0.6428571428571429,40.96571377345494,0.8423074472877123
05413500,-4.408489167690277,0.3016932010650635,0.5033475756645203,0.8247342109680176,-0.0086618205532431,0.3196740057319402,-28.29456373869136,-1908.4147306046627,0.6674173443762791,0.9887539148330688,0.5,47.82772064208984,0.7175700943859852
05414000,-21.4033767580986,0.3939564824104309,0.5128797888755798,0.6696503162384033,-0.0212507117539644,-15.846610069274902,-13.755288762076862,-1547.0283986568727,0.5645574004851185,0.9681187868118286,0.3333333333333333,64.335568745931,0.7181082971129854
05444000,-3.184031695127487,0.337052583694458,0.4885691404342651,0.8873416781425476,0.0142430653795599,-3.1395792961120605,-38.717042548453165,-6.076728659634668,0.6964167397349317,1.0236088037490845,0.4,53.76112620035808,0.7190844916794944
05454000,-23.148654401302338,0.3543915748596191,0.4055113196372986,0.7693707942962646,-0.0432648248970508,-24.147965013980865,-34.91510619883076,-6.511612574129101,0.5695909735047968,0.9042547345161438,0.2352941176470588,54.16675455429974,0.6494362487329324
05458000,-23.65252375602722,0.5608582496643066,0.6445216536521912,0.6943033933639526,-0.0178272947669029,-16.79663211107254,-29.29261042041328,-674.7739255764766,0.6379395600330091,0.9539936780929564,0.8666666666666667,61.39495213826497,0.8115304660564944
05466500,-3.960513323545456,0.5639469921588898,0.6979485750198364,0.9671584963798524,0.026140458881855,-3.872098028659821,-11.533149634661942,-33.30096241824131,0.8355890955018233,1.0430341958999634,0.5,49.009858237372505,0.8447568386655309
05487980,21.801038086414337,0.5297021865844727,0.5557158291339874,1.1864005327224731,0.0520957373082637,14.074788987636566,-25.720702858170736,-263.40625241394986,0.6986863574193678,1.163243532180786,0.2777777777777778,51.32925775316026,0.8285465024937438
05489000,19.913487136363983,0.5550465881824493,0.5084406435489655,1.1510571241378784,0.049238845705986,7.69655629992485,-33.62447049704467,-88.92161751643395,0.6969787259366896,1.1672513484954834,0.2352941176470588,45.55833760429831,0.7974398257095245
05495000,-1.0542713105678558,0.6512747704982758,0.812021017074585,0.9584569334983826,0.0269537754356861,-1.6343513503670692,-6.231726887935638,-112.30771192863791,0.8672595575664082,1.0807901620864868,0.2222222222222222,27.441705597771534,0.9032159703610813
05495500,-11.046237498521805,0.5999919176101685,0.7622528225183487,0.8706735372543335,0.0173533670604228,-12.821167707443236,-35.24251008843311,-141.90241843195693,0.8091560491501015,1.060247778892517,0.1904761904761904,49.79500089372908,0.8732471509266535
05501000,10.644842684268951,0.5444384515285492,0.7154925167560577,1.086817979812622,0.091446615755558,13.7508824467659,-24.852857612777704,-223.2533771355783,0.6402536650816147,1.326510667800903,0.25,42.30407476425171,0.8764247286846016
05503800,22.27971851825714,0.5366311967372894,0.6622768938541412,1.2061582803726196,0.0945147797465324,23.76704066991806,-33.74757007997705,-23.947524957021745,0.560370940161397,1.3697134256362915,0.1052631578947368,50.80979999743009,0.8813220467287344
05507600,-20.14945596456528,0.5825606882572174,0.6622089147567749,0.7349258065223694,-0.0353153012692928,-24.87328052520752,-32.93919878581451,-22.586270277743893,0.6405544827002014,0.8383909463882446,0.1666666666666666,59.88906224568685,0.8188391166674874
05508805,-0.1306690624915063,0.5640325546264648,0.7041245698928833,0.929491400718689,0.0109320869669318,-4.706067591905594,-41.90268897255894,-9.6679051989605,0.822790908712226,1.0443168878555298,0.3529411764705882,58.4960376515108,0.8435787325418104
05514500,3.4278523176908493,0.6163726150989532,0.7210074961185455,1.0240263938903809,0.019721956923604,-2.3299723863601685,-4.934829601835568,-139.65825479693507,0.847554598811296,1.0650681257247925,0.1666666666666666,28.5629669825236,0.8642484926239425
05525500,0.4751615691930055,0.6771028637886047,0.8330099284648895,0.9478610157966614,0.0359599664807319,-3.3421024680137634,-18.54981284320524,-366.0516103711999,0.8768246643717634,1.071151614189148,0.5789473684210527,25.510770396182416,0.9140282753944567
05556500,-23.032771050930023,0.5610322058200836,0.6930396258831024,0.7382864356040955,-0.0160090550780296,-19.19640749692917,-30.323136487438024,-327.23209766585944,0.6904121192157398,0.9636065363883972,0.1052631578947368,39.98780250549317,0.8386736786942968
05584500,-11.31437048316002,0.6348657011985779,0.7740942686796188,0.8408898711204529,-0.0547176674008369,-15.008620917797089,-19.66938551046905,-274.9185531329671,0.7629768997579968,0.8693878054618835,0.4,50.74392795562744,0.8825079935731718
05585000,1.6970863565802574,0.6405584216117859,0.7981578558683395,0.954554319381714,0.0028873833362013,-1.8195705488324163,-14.186942681346808,-306.6633950343248,0.8857697493969428,1.0058119297027588,1.0869565217391304,30.97023134646209,0.8953603242593509
05591550,-27.43119895458221,0.5857334136962891,0.6927546560764313,0.7288286089897156,-0.0759792700409889,-27.316075563430783,-45.412643131165446,-17.388283108786922,0.6295072674296103,0.8018123507499695,0.2631578947368421,53.90369515669974,0.843626737356514
05592050,19.725224375724792,0.5123571455478668,0.6107518970966339,1.159867286682129,0.0484464243054389,17.72739887237549,-42.48467540293152,,0.7332235584885833,1.146109700202942,0.25,35.06497144699097,0.8442306965381344
05593575,-0.713500427082181,0.6471396088600159,0.8190558850765228,0.945031464099884,0.0100781936198472,-5.386141687631607,-20.18397876189597,-0.6516099001119092,0.8851273028716095,1.036369800567627,0.0555555555555555,34.62130228678386,0.905917938940414
05593900,-16.661809384822845,0.5572088062763214,0.6999192535877228,0.8198630809783936,-0.0181763432919979,-15.981434285640717,-39.052553151781325,-7.909916964731813,0.7478109981328686,0.9323548078536988,0.05,40.17722129821777,0.8369843226936955
05595730,-0.5246311891824007,0.6377621591091156,0.8121630847454071,0.922843098640442,0.0127664329484105,-1.847829297184944,-43.79945603945472,-20.03496556761213,0.8644594745303189,1.0521944761276243,0.2777777777777778,35.79177061716716,0.9015429876598344
06191500,-9.580203145742416,0.7809461951255798,0.9227182045578955,0.9848270416259766,0.0550420694053173,-8.716584742069244,2.7228696662971785,5.105571154690188,0.919555487657308,1.0694892406463623,1.0,15.912609100341797,0.9624188034434026
06224000,-0.23169273044914,0.7074977159500122,0.8230996280908585,1.0528377294540403,0.0775388702750206,3.160369396209717,-5.264546899360513,-51.1417470803295,0.8479901527212744,1.1180776357650757,0.5,28.601646423339844,0.920169930803154
06278300,-10.69890633225441,0.6905916333198547,0.7873746901750565,0.9480410218238832,0.0224935803562402,-6.189054250717163,-16.546276547983545,-871.7675951804633,0.8650295880129379,1.0576053857803345,0.9,36.31478548049927,0.8895513864824465
06280300,-10.024506598711014,0.7300612926483154,0.8117660731077194,0.8828179240226746,-0.0772971957921981,-9.039099514484406,-19.841558726564543,-0.3159841626397693,0.8094933737548973,0.8840228319168091,1.0,29.51082229614258,0.9045514159542488
06289000,-25.203022360801697,0.5813619494438171,0.7605563104152679,0.8568816184997559,0.0547677762806415,-24.43516850471497,6.586620509933767,33.630019776132784,0.7966236218857841,1.070704221725464,0.8888888888888888,33.86246098412408,0.8739841554335188
06311000,-27.028226852416992,0.5229129493236542,0.5480559170246124,0.802711546421051,0.0133835868909955,-22.273029386997223,-16.16917934668936,-10.760503408594298,0.6746635672972926,1.0281505584716797,0.9,52.86372661590576,0.7428451700125337
06332515,126.46145820617676,-0.3991532325744629,-2.388944625854492,2.037412643432617,0.2269663512706756,127.32125520706175,4.533987805579507,-11.157468451954106,-0.921963952339892,2.5197970867156982,0.6363636363636364,154.26141565496272,0.4450790537827892
06339100,-28.079620003700256,0.3294774889945984,0.202726662158966,0.6263689994812012,0.0195758379995822,-19.12165731191635,-26.969327904950276,-11.64318853479711,0.3391691106622232,1.1476664543151855,0.5,54.96317863464355,0.4753172787062075
06339500,-37.52758502960205,0.2704809308052063,-0.0384877920150756,0.568860650062561,-0.002733034081757,-34.19161438941956,-11.55056613927544,-88.87194425227236,0.1352747059817723,0.98325914144516,1.2222222222222223,79.06498379177518,0.2506079539351385
06344600,-5.70090264081955,0.0052076578140258,-0.1666173934936523,0.8045368790626526,0.064313918352127,0.0951421272475272,-37.73454696504714,-52.12071522723394,0.1048792483633774,1.5242520570755005,0.6666666666666666,116.44659042358398,0.3012903972206692
06350000,-19.309845566749573,0.2631899118423462,0.50484299659729,0.6740873456001282,0.0274074487388134,-15.32907336950302,-2.6113145263976696,-264.12802078984134,0.5066557062533507,1.232944130897522,1.6666666666666667,72.57121404012045,0.7120649973434836
06352000,-21.00472003221512,0.3787221312522888,0.545391321182251,0.7141407132148743,0.0295257475227117,-13.840098679065704,-10.645366679047584,-103.81587147987766,0.5448563568600544,1.2399930953979492,1.2857142857142858,65.15980448041644,0.7395321167385273
06353000,1.6934078186750412,0.3233093619346618,0.3486541509628296,0.8993108868598938,0.0542889758944511,8.340660482645035,-54.04933430334536,-42.70830332249023,0.4734223778361304,1.3757919073104858,1.625,57.35580921173096,0.645139270898059
06354000,-2.46920008212328,0.4369759559631347,0.4347624778747558,0.9550443291664124,0.0468102730810642,3.718806430697441,-12.484449919686336,-6.746476150449123,0.576541384220703,1.301706075668335,1.2857142857142858,54.34962000165668,0.7062830770240957
06360500,-50.126051902771,0.5295170843601227,0.546400785446167,0.5280368328094482,-0.035721905529499,-46.18932604789734,-57.6363625410247,-41.67915110276399,0.446290721271034,0.8087181448936462,1.875,63.92015814781189,0.7826155799669926
06404000,18.461818993091583,0.488070011138916,0.6289703547954559,1.1797937154769895,0.1136630773544311,19.762350618839264,-38.3545386019717,-24.3164674827674,0.5841248526886111,1.3486595153808594,0.3333333333333333,42.01474189758301,0.8619315374148282
06406000,27.240467071533203,0.2014061212539672,0.2024120688438415,0.986680030822754,0.0409336425364017,36.40635013580322,-31.67944684214035,22.00514746584488,0.5812350826784376,1.1121838092803955,0.1666666666666666,115.74339866638184,0.5967613270830884
06409000,-9.686467051506042,-0.2400771379470825,-0.51131272315979,1.0013601779937744,0.3509953618049621,-1.19971614331007,-16.25505559883134,30.21443597896952,0.2813092919792187,1.190020203590393,0.9230769230769232,41.22484280512883,0.306886152252963
06431500,-35.78947186470032,0.0794091820716857,0.3769194483757019,0.7485076785087585,-0.2805589437484741,-30.755549669265747,46.38992197547352,-8.59689285210163,0.5665420619627013,0.853887677192688,0.75,44.64712142944336,0.6786145843347202
06447000,9.806661307811735,0.4014427065849304,0.4672011733055115,1.0145654678344729,0.0612141266465187,5.124610289931297,-39.5041841300925,,0.6906021114937579,1.1661030054092407,0.35,47.2251558303833,0.7393763399978781
06447500,17.114968597888947,0.4429740309715271,0.4568939208984375,1.1376487016677856,0.101807415485382,16.715022921562195,-12.492251930473016,31.992710929072228,0.715957485964801,1.103638768196106,1.3571428571428572,43.07463509695871,0.7741859383576767
06450500,-9.289637207984924,0.3333346247673034,0.3719683885574341,0.942606806755066,-0.0290021151304245,-4.793566092848778,5.421011456153608,74.775750731733,0.6628677132589875,0.97099107503891,1.0,64.79005252613742,0.6690578866252048
06452000,-7.071118801832199,0.4160768985748291,0.3743439316749573,0.959046185016632,0.0712399259209632,-1.4717417769134045,-15.970771999320515,-5.187352369971309,0.6263792885291373,1.1838523149490356,0.8125,56.17110729217529,0.6773336903762924
06453600,-23.676809668540955,0.3700234293937683,0.4326240420341491,0.7901816964149475,0.058938268572092,-19.89511102437973,-34.653320587988304,-12.86087453325523,0.5590096401286813,1.2055070400238037,0.6363636363636364,52.52850705927069,0.6710385531999522
06464500,-11.836624890565872,0.4479489326477051,0.5603387653827667,0.9655524492263794,0.0452076643705368,-5.982574447989464,-0.4589964009963702,19.902012065292325,0.7610959250434133,1.0693703889846802,1.2307692307692308,48.90864445612981,0.7739993973267429
06468170,-44.342198967933655,0.2895229458808899,0.0549895763397216,0.5638630986213684,-0.0499204732477664,-40.877941250801086,-39.062599947027,-5.277557446359633,0.1732408242664833,0.7802351117134094,1.2,79.5253324508667,0.3329027568698909
06470800,-55.36930561065674,0.390683114528656,0.3508854508399963,0.5345897078514099,-0.0227998532354831,-43.76777112483978,-43.72159802048755,-8.69007653037612,0.3754526611277513,0.8989710211753845,1.6666666666666667,44.45467789967854,0.5959631404287143
06477500,-12.52916157245636,0.540772408246994,0.5136231482028961,0.8793139457702637,0.0077386256307363,-8.771538734436035,-50.19192583391701,-10.709416943960887,0.7030647807231805,1.040588140487671,1.1428571428571428,54.21287332262311,0.7317501097610977
06479438,15.59334248304367,0.1915746927261352,-0.0909504890441894,1.0548667907714844,0.0914026200771331,28.58925759792328,-49.34077798486398,-153.55596906738035,0.3574918445707723,1.384645938873291,1.0909090909090908,103.02586988969284,0.4882834116702965
06601000,47.84829020500183,0.1235252022743225,-0.1883319616317749,1.3265142440795898,0.0782631263136863,62.634825706481934,-9.897945107528567,-886.8645666304928,0.4676636255135836,1.1113717555999756,0.2777777777777778,61.61581145392524,0.5945782491416434
06614800,-2.257207036018372,0.6808179318904877,0.7521056234836578,1.0823413133621216,0.0668491423130035,7.380622625350952,4.315004579573705,-1136.5811063848307,0.8107185037896837,1.1307528018951416,1.2,35.09587526321411,0.8906789237247148
06622700,-4.249716550111771,0.7194210886955261,0.8255873322486877,1.0462383031845093,0.0725436136126518,-2.895868197083473,6.3218386284650405,-195.76115349377892,0.8158289298452088,1.159406661987305,0.8,33.63620042800903,0.9201844719704018
06623800,-10.416042804718018,0.7869962453842163,0.912147395312786,0.98014235496521,0.0085744420066475,-6.245864555239677,-1.1095392698235529,10.658347971440852,0.948583627588822,1.0161912441253662,1.1,20.126609802246094,0.9554224170768532
06632400,7.1282729506492615,0.6826624274253845,0.7924701124429703,1.1516716480255127,0.1009754091501236,16.071118414402008,-4.146524086589221,-241.4425184985878,0.7131458102480381,1.2314146757125854,1.0,29.393930435180664,0.9243145639616284
06746095,-9.301858395338058,0.6043717563152313,0.6431849002838135,1.0297842025756836,0.0647565871477127,-2.217917144298553,-1.8198235065178836,-823.0605701282337,0.7821585434881974,1.1319156885147097,1.1,24.85827922821045,0.829219285117422
06784000,2.422240749001503,0.2154691815376281,0.1921582818031311,1.0003035068511963,0.1640133112668991,-1.0771618224680424,-37.16400562696629,75.52963304474882,0.5701601875404626,1.179964900016785,0.75,43.49132776260376,0.6096478423003272
06803510,23.5540509223938,0.2677526473999023,0.5449235737323761,1.2605968713760376,0.0618062578141689,16.32070690393448,-27.310388590187568,-225.82666497559907,0.5872340336275257,1.2816842794418335,0.1111111111111111,54.48779529995389,0.8479507305517102
06803530,12.893158197402954,0.3091331720352173,0.3597343564033508,1.268361210823059,0.0337847881019115,5.738401785492897,-11.520593919488938,-722.756448132752,0.6245824244690714,1.1376303434371948,0.3333333333333333,91.8663724263509,0.7764412714554364
06814000,-6.761500239372253,0.4773400425910949,0.677024245262146,0.9258700609207152,0.0464572086930274,-9.063592553138731,-48.93968287485383,-13.00560392784358,0.7382928552253272,1.18438720703125,0.4444444444444444,62.33869658576118,0.8297157093521894
06847900,-3.825679048895836,-0.2271226644515991,0.0332968831062316,0.7552945613861084,0.0916613414883613,2.600569650530815,-68.33209301702466,23.16552632851313,0.1245773194145819,1.5939346551895142,1.125,76.22745633125305,0.4052515293327314
06853800,21.227434277534485,-0.0866007804870605,0.1273001432418823,1.082819581031799,0.1611173301935196,30.312788486480716,-69.5105656817701,-36.07780242566725,0.0659468973304019,1.845689296722412,0.5833333333333334,106.92136287689208,0.6121782251941339
06876700,-32.43749439716339,0.3285713791847229,0.4596039652824402,0.7479735016822815,0.0891156047582626,-25.399190187454224,-36.46633097687098,-142.67931652175753,0.5173765019801637,1.2667274475097656,0.9230769230769232,51.084294685950645,0.6865282249842306
06878000,-7.489973306655884,0.3251597285270691,0.6372742652893066,0.8674441576004028,0.0767412558197975,-8.101460337638855,-32.80696490870756,-278.2282068970887,0.5976980678497017,1.3256288766860962,0.2,51.31042798360189,0.8044453326413622
06879650,-34.49306786060333,0.2242026925086975,0.2192015051841735,0.603935182094574,0.0499571859836578,-27.55143344402313,-88.58256099392932,-392.1399339702579,0.3066662314634191,1.2431994676589966,0.75,78.26502323150635,0.4855115224409204
06885500,-28.43419909477234,0.5468080639839172,0.6715585291385651,0.730704665184021,0.0124886594712734,-24.88965094089508,-32.861734586064124,-198.90093647186467,0.6744014481297225,1.0535249710083008,0.2352941176470588,56.82819029864143,0.8249870944617735
06888500,7.173411548137665,0.4239464402198791,0.4870241284370422,1.067397952079773,0.0468935370445251,-0.2579732099547982,-16.26893254019426,-203.4475369625833,0.7079767615043773,1.1565316915512085,0.1666666666666666,43.9829879336887,0.7628651914689846
06889200,-27.40044593811035,0.5091175436973572,0.3951652646064758,0.5504369735717773,0.0044891070574522,-23.636282980442047,-37.961848424995424,-9.221275510787452,0.4197033540826498,1.0286757946014404,0.2222222222222222,42.9405238893297,0.6341926991767391
06889500,-17.646408081054688,0.5037228763103485,0.634726881980896,0.6893500685691833,0.0294824261218309,-12.960773706436155,-29.650520079823966,-211.01726645222573,0.6020544468424897,1.155239820480347,0.2,65.07501602172852,0.8056861262876592
06892000,-11.491013318300247,0.5546968579292297,0.7466943860054016,0.8161564469337463,0.0301906336098909,-12.671905755996704,-23.25779982311877,-91.0040752254178,0.747812464588038,1.1089317798614502,0.4285714285714285,39.579604920886815,0.8660822328839383
06903400,30.05900979042053,0.5517687201499939,0.5002543330192566,1.1515660285949707,0.0467343367636203,10.205963253974916,-34.00117728232636,-11.996053869617612,0.7078729228132437,1.1410821676254272,0.2941176470588235,41.92988732281853,0.7939374119842797
06910800,-7.223929464817047,0.479043960571289,0.5535751283168793,1.0702990293502808,0.0140981562435626,-14.276844263076782,-49.64931157300608,-16.151506978627697,0.7737510127462873,1.0612279176712036,0.1818181818181818,73.02333658391778,0.793850072026723
06911900,-13.392598927021028,0.5481708645820618,0.7372075021266937,0.8437091112136841,-0.0160265360027551,-16.234952211380005,-28.60508566376497,0.1143271398613651,0.7749017989192593,0.9204337000846864,0.0476190476190476,72.10085732596261,0.858891665271128
06917000,-6.567087769508362,0.6329948008060455,0.8211310505867004,0.894940197467804,0.0075014866888523,-7.82049149274826,-20.379170490733227,13.784132938708945,0.8553758041540704,1.0330495834350586,0.2777777777777778,26.084642940097385,0.9062646227364136
06918460,19.344204664230347,0.5539648532867432,0.556609034538269,1.182147741317749,0.0783187896013259,20.314663648605347,-17.27622632436659,-387.8771527361376,0.7001444911776933,1.1659085750579834,0.4375,53.70763540267944,0.8290910440434548
06919500,9.967181831598282,0.6317927837371826,0.7450789213180542,1.050862193107605,0.038804467767477,4.501442983746529,-32.26866492707959,-13.472596892615355,0.8224083351499805,1.1212799549102783,0.5625,47.01781868934631,0.8806559206602722
06921070,22.31242507696152,0.5377651453018188,0.6846433281898499,1.220438838005066,0.0997397229075431,23.52394163608551,-31.39457557927682,-253.18291786376213,0.5947048269748729,1.323420524597168,0.1111111111111111,35.12862258487278,0.8947856461991204
06921200,24.95785802602768,0.4374720454216003,0.5571147501468658,1.2368592023849487,0.095556654036045,23.301783204078674,-49.30741443595266,-17.06525127178583,0.5311899222311952,1.3746649026870728,0.1666666666666666,41.4859692255656,0.8473342934459576
07014500,-5.814474448561668,0.5921964645385742,0.7936307936906815,0.9333636164665222,0.0599851720035076,-3.2443370670080185,-15.371599055773652,-51.75565382890207,0.8270159550829739,1.119143009185791,0.0555555555555555,44.91702185736762,0.8937549269491075
07056000,2.1036114543676376,0.6949983537197113,0.8761054798960686,0.9749410152435304,0.0290212575346231,5.011563748121262,-23.347772638010685,-430.07582388603424,0.88796054363225,1.0893468856811523,0.0714285714285714,23.45747947692871,0.937214483475605
07057500,10.775764286518095,0.5075333118438721,0.7903449386358261,1.0357880592346191,0.1446420699357986,13.738296926021576,-12.736340033780886,-54.17413268696313,0.7528627581235352,1.2271738052368164,0.1875,43.59755516052246,0.9095119159626492
07060710,-31.1174213886261,0.529084712266922,0.5380170047283173,0.668822705745697,-0.0104215312749147,-27.78418064117432,-9.122071660434107,-441.6175291317621,0.574020790737164,0.9504483342170716,0.2666666666666666,63.257789611816406,0.7367045026728966
07066000,5.381152406334877,0.5603189766407013,0.7358839213848114,1.0132874250411987,0.0425138771533966,4.275728762149811,-16.898696786910314,-162.3515966924308,0.8471511557644298,1.0803459882736206,0.3157894736842105,49.41369608828896,0.870652654885153
07067000,-14.333555102348328,0.4885624051094055,0.7673937976360321,0.8760181665420532,0.1075211837887764,-9.98576506972313,-6.318251809016084,10.42205329938323,0.7679806934430173,1.157101035118103,0.1111111111111111,34.755966398451065,0.8826086529917574
07068000,-9.79274958372116,0.6389231383800507,0.8462577015161514,0.8621032238006592,0.0630710050463676,-8.068244904279709,-11.257536581192646,1.500686656735987,0.8211238648517459,1.085033893585205,0.4444444444444444,27.09365685780843,0.9241686886494412
07071500,-22.46115803718567,0.5290725231170654,0.7100843191146851,0.7334132790565491,0.0640010610222816,-17.59292483329773,-6.038189095949239,-24.5118992413367,0.6803480622497784,1.0983585119247437,0.4285714285714285,48.83576801845005,0.8535947929339935
07083000,-12.94921487569809,0.6974247992038727,0.8231536746025085,0.9788377285003662,0.0554523319005966,-6.624605506658554,0.6814496194886133,-53.17422960754671,0.8775432262839635,1.0819103717803955,1.3,23.128352165222168,0.9114646359429536
07142300,1.4784779399633408,0.2058151364326477,0.2804986834526062,0.986522138118744,0.1251717507839203,6.6042304039001465,-58.32382491538605,-53.965165323106135,0.458419179532352,1.4073591232299805,1.0,42.57488250732422,0.643367588322623
07145700,7.6582759618759155,0.5606862902641296,0.6510818004608154,1.0354832410812378,0.0347713008522987,7.416952401399612,27.363396486449933,-182.66160287347367,0.7732350399524436,1.1489216089248655,0.1363636363636363,37.767332250421696,0.8327109056065818
07148400,51.59648060798645,0.1452281475067138,0.0141586065292358,1.5335179567337036,0.2746452987194061,48.02009463310242,-10.543864771595551,-202.1947085837711,0.1815304190357209,1.5861932039260864,0.4705882352941176,46.413427240708295,0.7959691874313926
07149000,51.6221284866333,0.1874275207519531,0.0886158943176269,1.481054425239563,0.2525662779808044,40.54303169250488,-1.3316057995523756,-4.465952248620102,0.3570408895769483,1.3724383115768433,0.7894736842105263,60.60189698871813,0.7919789392796348
07151500,-3.1752634793519974,0.5145366489887238,0.5670314133167267,0.9862093329429626,-0.0069215395487844,-2.540296129882336,14.451424880082184,45.08526692388812,0.7793410127580936,0.980819582939148,0.4,36.83256149291992,0.7806092122396259
07167500,-16.648589074611664,0.514225035905838,0.6326246559619904,0.8049007654190063,-0.0183208156377077,-20.997513830661774,-43.9178350450803,-85.19281311992606,0.7013060196795313,0.9030869007110596,0.2352941176470588,69.2764674915987,0.795641898296625
07180500,-0.2502306131646037,0.4838998317718506,0.6519374549388885,0.9879109859466552,0.0448309928178787,0.7772406563162804,-22.46146317639097,-5.92809456317767,0.7354225337725346,1.1980042457580566,0.3157894736842105,51.08186822188529,0.8249302709308467
07184000,-12.238215655088425,0.6098023355007172,0.7939720898866653,0.8758608102798462,0.0163432285189628,-12.980160117149351,-43.68005590417454,-23.45388792418398,0.8198005904497323,1.072479486465454,0.3888888888888889,33.33236111534966,0.8913353193554004
07195800,19.22938972711563,0.3473773002624511,0.3978790044784546,1.2120318412780762,0.0590355172753334,11.1334428191185,-19.345279027943278,93.16488075628736,0.6665471093581603,1.1185858249664309,0.0625,52.12863087654114,0.7715908699752602
07196900,38.48023414611816,0.3443907499313354,0.2938473224639892,1.2974084615707395,0.0573449060320854,28.604015707969666,-30.027085119198965,3.129979750541583,0.5805451516520266,1.1772671937942505,0.3636363636363636,70.87389772588556,0.7632154591341344
07197000,5.159860476851463,0.599209189414978,0.8337577879428864,1.0752757787704468,0.0525485835969448,7.058452814817429,-12.130034217911222,-449.0985334904519,0.8259985522550779,1.138654112815857,0.3684210526315789,55.775717685097135,0.9266167733941928
07208500,1.5781283378601074,0.5002187192440033,0.7155828773975372,1.0397121906280518,0.1105230078101158,5.460543185472488,-17.195388331751648,26.218364439809744,0.7731432328514294,1.181519865989685,1.5454545454545454,32.87409435619008,0.8698559530070281
07226500,-31.836846470832825,0.3813689351081848,-0.0220865011215209,0.8259293437004089,-0.0350683256983757,-38.57180774211884,-77.28687970159525,-1564102929687.5,0.3301864496609227,0.7576045393943787,0.5833333333333334,86.0562245051066,0.400338395833902
07261000,-15.424306690692902,0.6855612099170685,0.83290034532547,0.8605801463127136,0.0231568068265914,-11.282391101121902,-16.398217005496193,-6.129138681256125,0.8252703971470332,1.0615274906158447,0.3157894736842105,29.0095705735056,0.9145195553972236
07291000,-13.055996596813202,0.457214891910553,0.5874935686588287,0.7818767428398132,0.0465509630739688,-6.698460131883621,-4.623022992535061,-1108.8299304561638,0.6287254462048757,1.1909232139587402,0.2631578947368421,41.18252804404811,0.768018609898844
07292500,3.0384577810764317,0.5386508405208588,0.7436765432357788,0.9804449081420898,0.0757306367158889,5.235162377357483,3.7939374263940575,-26.66105288121362,0.7613380781613062,1.2007381916046145,0.3684210526315789,45.194580680445625,0.8724018426877695
07299670,-27.3099422454834,0.1579785943031311,0.4166747331619262,0.7653088569641113,0.0272974800318479,-21.221385896205906,16.163859668308103,70.41201253024424,0.5612089603601331,1.1366978883743286,0.6,75.66959381103516,0.6553678320836215
07301410,8.250878751277924,0.2285451292991638,-0.1046521663665771,0.807900607585907,0.0982893928885459,15.727345645427704,-29.72361265920232,-5.888602778552399,0.2986878311623457,1.1616257429122925,0.4375,72.01700210571289,0.3451613169474787
07301500,-15.706884860992432,0.4788351058959961,0.5904362797737122,0.7921909689903259,0.017945984378457,-14.271320402622225,-0.786202977530296,-8.663104775795585,0.6865096523810063,1.041372537612915,0.375,50.80683827400208,0.7689590559823524
07315200,19.60195153951645,0.2190562486648559,-0.1024187803268432,1.4628841876983645,0.1040608510375022,25.706902146339417,-77.6346765458893,-1198.0933198489458,-0.0113912310170694,1.8477811813354488,0.2727272727272727,56.46454637700861,0.7001374989590752
07315700,13.421373069286346,0.4309713840484619,0.35019052028656,1.2206647396087646,0.1034021973609924,12.16585859656334,-50.88424133846184,-37.44127714641831,0.4049855337509136,1.4968501329421997,0.8333333333333334,58.21398629082574,0.7581545263305519
07335700,-3.4890566021203995,0.3286436200141907,0.3563427329063415,0.9339590668678284,0.111681543290615,4.241135343909264,-47.12393565047482,-29.51053341267798,0.5021045678309062,1.361841320991516,0.4736842105263157,73.31440072310599,0.6644268858370871
07340300,3.1468793749809265,0.5433632135391235,0.6416720449924469,1.0115127563476562,0.0579729937016963,2.9261503368616104,-23.12445085499133,-679.6482607078868,0.7662736050863962,1.1540488004684448,0.1666666666666666,34.66061353683472,0.8246020205509121
07346045,-5.0268638879060745,0.6216792464256287,0.7703650444746017,0.9436036348342896,0.0406643860042095,-3.7138860672712326,-26.500813283416136,-17.419661213359973,0.8439469423534298,1.0835634469985962,1.2142857142857142,37.21229008265904,0.8808817515128248
07362100,-15.859144926071169,0.600986123085022,0.7136373519897461,0.8596663475036621,0.0709152147173881,-11.40400618314743,-34.43742596409623,-13.14526917225682,0.7081492156760973,1.205732822418213,0.1333333333333333,49.75294748942057,0.8478246009785079
07375000,-1.5338827855885029,0.5133421719074249,0.4681171774864197,0.8910111784934998,0.0232920050621032,-3.68802510201931,-15.380176100302256,-36.6246935202344,0.6831605447297353,1.0594618320465088,0.3529411764705882,80.48502978156594,0.7084987689009614
08013000,24.906694889068604,0.5538404881954193,0.6921677887439728,1.2613329887390137,0.1862585097551345,24.31031167507172,-12.399560051815198,-644.8949343322322,0.5010049967179577,1.4172617197036743,0.6470588235294118,34.900398815379425,0.9187981553958762
08014500,1.6305206343531609,0.508113831281662,0.6846403777599335,1.0264031887054443,0.1319796442985534,7.399275153875351,-6.916703087500908,-43.9069210134768,0.6839994979939037,1.2796292304992676,1.0555555555555556,42.08649794260661,0.8552012350029287
08023080,-4.924077168107033,0.6077273786067963,0.6783736944198608,0.97182297706604,0.0315737798810005,-0.7366776000708342,-43.37816376779256,-32.63581822412564,0.7956460001939302,1.117849349975586,0.2142857142857142,30.80380984715053,0.8354456219796929
08029500,-15.134403109550476,0.5251937210559845,0.5048696398735046,0.6417325139045715,0.041043933480978,-8.33955928683281,-8.286549966035924,11.791284312051422,0.522131062083083,1.1381577253341677,0.4736842105263157,40.4156860552336,0.715543372087777
08066200,13.230516016483309,0.4811093211174011,0.4318144917488098,1.1929936408996582,0.0452684834599494,8.537068217992783,-34.092461953500504,-11.585294234605204,0.6488710318014057,1.1921188831329346,0.35,71.54185771942139,0.7783350690247619
08066300,12.98496127128601,0.4799537062644958,0.641336053609848,1.099936842918396,0.1076931878924369,14.299003779888151,-20.83825227592852,1.7379865915779644,0.6965205655083915,1.2421447038650513,0.6842105263157895,40.94334150615492,0.8467735761137886
08070000,8.083993196487427,0.4816811680793762,0.5044036209583282,1.100610613822937,0.1001602411270141,9.753938019275664,-4.883342583192635,-1.8350439210063587,0.6047859798927391,1.3153092861175537,0.4705882352941176,43.33884014802821,0.78400999985288
08079600,-59.96774435043335,0.4522896409034729,0.2801301479339599,0.3724929094314575,-0.0539045333862304,-61.42066717147827,-90.08865496299276,-294.80561539427885,0.1065018477687699,0.5348515510559082,0.4444444444444444,73.67221514383951,0.5661674058214031
08082700,-68.00693869590759,0.4328392148017883,0.2301594614982605,0.1817137002944946,-0.0255704205483198,-64.23486471176147,-54.57725638317776,-3189.9979382003244,0.0364730976470769,0.5714055299758911,0.6666666666666666,76.64117813110352,0.7259591206829821
08086212,-12.661480903625488,0.2052309513092041,-0.1712889671325683,0.9575994610786438,0.0346191115677356,-10.236313194036484,-78.12687832246166,-158.74677379594883,0.2928612495935452,1.3551533222198486,0.5,155.1862398783366,0.3899889145746733
08086290,-29.9943208694458,0.2995602488517761,0.2163125276565551,0.8217936158180237,0.015565175563097,-28.15900146961212,-65.98239443608533,-229.4427899712779,0.4856439360607268,1.1537513732910156,0.4285714285714285,67.53828184945243,0.5426542223229625
08101000,-32.18352198600769,0.5514833033084869,0.6755788028240204,0.7337437868118286,-0.0291908644139766,-32.80813992023468,-28.4491378449927,10.356047897307151,0.6454040355834088,0.8412585258483887,0.1176470588235294,59.71221362843233,0.8278167508048453
08103900,-40.80416560173035,0.4869123101234436,0.3977056741714477,0.5370537638664246,0.0068629430606961,-30.65515160560608,-79.92934964835199,-74.05509210107593,0.4117954148005757,1.0350233316421509,0.5333333333333333,54.5999272664388,0.6388369028540338
08104900,-11.408038437366486,0.5033528804779053,0.5225386917591095,0.6567649245262146,0.0007876714807935,-6.048845499753952,-27.54960529244364,9.922968109563046,0.5609013930000051,1.0053256750106812,0.3333333333333333,34.577083587646484,0.7261954952534172
08109700,-30.23614883422852,0.6002096831798553,0.658881425857544,0.7259164452552795,-0.0667950585484504,-33.43892991542816,6.535813012938947,-1.7241016840745336,0.5766989117905386,0.7323974967002869,0.8666666666666667,54.76902643839519,0.8198586207293309
08150800,-50.890690088272095,0.3464703559875488,0.2499870657920837,0.5046894550323486,-0.052257239818573,-49.24753308296204,-41.47137143627421,-1.3047023558795905,0.2241338842517108,0.6693297624588013,0.5,71.52205875941685,0.5027144807913335
08158700,13.467329740524292,0.5255497395992279,0.5832132399082184,0.9957938194274902,0.0679555609822273,16.646938025951385,-59.95090095427018,-67.237559914938,0.7028661854430829,1.2131763696670532,0.5714285714285714,71.40754972185407,0.7930539992807019
08158810,-13.128979504108427,0.4888472557067871,0.5844841003417969,0.7429677248001099,-0.0037483824416995,-16.18487536907196,-55.008270529415206,,0.6513067845638583,0.9851686358451844,0.3846153846153846,70.72493479802058,0.7648375058941781
08164000,18.480508029460907,0.6054129600524902,0.4479444622993469,1.2473313808441162,0.007097840309143,6.199908256530762,2.7442589292090536,-117.48677708549609,0.6829365615795573,1.025390863418579,0.3333333333333333,64.0332267397926,0.8032470684142275
08164300,-20.70915848016739,0.5605256259441376,0.6170917451381683,0.8211897015571594,-0.025577325373888,-24.82763379812241,-34.778458872736,-5.636529896291638,0.6900310917681939,0.8635421991348267,0.6470588235294118,60.024452209472656,0.7867234897504162
08164600,-10.812018066644669,0.5373835861682892,0.5539738237857819,0.9135403633117676,-0.0191691815853118,-17.20995157957077,43.53606964731495,22.389626311202026,0.7255450661470582,0.8983476161956787,0.2777777777777778,76.58615642123752,0.7601729064370323
08165300,25.165992975234985,-0.0601470470428466,0.0716680288314819,0.9762856364250184,0.0335175395011901,26.82865858078003,-60.67873489595746,-485.2638761760021,0.4979292594803134,1.162138819694519,0.2857142857142857,87.310300554548,0.5254226505675936
08171300,12.2370183467865,0.5513483583927155,0.491318941116333,1.090827226638794,0.0388111509382724,13.129688799381256,-31.34679120892063,-30.767938715090203,0.711788790333669,1.1500548124313354,0.1666666666666666,79.42116260528564,0.7713087899707737
08175000,5.992845818400383,0.5316588282585144,0.4761074185371399,1.190101146697998,0.0230198893696069,1.461712084710598,0.6308925129573729,8.744370782349895,0.6938754343927098,1.125188946723938,0.4666666666666667,52.814229329427086,0.7953013646588982
08176900,3.474005311727524,0.4386301040649414,0.4815912842750549,0.976033627986908,0.0031714681535959,-2.1633997559547424,-28.021482230890644,-2.1397603378471266,0.733007243184141,1.0185136795043943,0.3571428571428571,59.87361499241421,0.7347303468621579
08189500,-4.6098243445158005,0.5693651139736176,0.7044822573661804,0.891904354095459,0.0196304973214864,0.4246788099408149,-11.161629735587743,-1.362411585784042,0.7784681339892424,1.1101925373077393,0.1538461538461538,41.12065755403959,0.8410997051092389
08190000,7.268925011157989,0.4215844869613647,0.3582857847213745,0.9799997806549072,0.0343821719288826,5.36869652569294,-14.07437526062319,-711.7402116040388,0.6537506017937575,1.1132357120513916,0.2,69.84103679656982,0.6734019128951495
08190500,150.81186294555664,-0.3021221160888672,-2.901033878326416,2.5045313835144043,0.1488217562437057,150.17821788787842,-74.44535497985126,-68.66024445586535,-1.1328334098643285,2.476948499679565,0.625,128.01311016082764,0.6775301571495244
08194200,-38.08531165122986,0.3602154850959778,0.1590479612350464,0.566200852394104,-0.0101006003096699,-28.52669358253479,-79.68972381143408,-285.4136271347163,0.2732363468109928,0.9115936160087584,0.8181818181818182,70.54347124966708,0.423642456106782
08195000,31.028544902801517,0.1637555956840515,0.0778687596321106,0.99943208694458,0.1058035641908645,31.58724308013916,-25.2950827088265,-330.38757692454806,0.3845670625625782,1.4136062860488892,1.125,61.92695498466492,0.5442728688146168
08196000,62.55250573158264,0.1574142575263977,0.1801451444625854,0.914492964744568,0.0763269886374473,58.97064208984375,-43.59775871870261,-211.1731343387785,0.3337450513940022,1.4919737577438354,0.0769230769230769,146.59485450157752,0.5589262814956928
08198500,8.256902545690536,0.1775960922241211,0.261650800704956,0.6546372175216675,0.0428412780165672,20.592990517616272,26.38473236612129,32.409726179493,0.1736665972620609,1.584208846092224,0.0,33.30062116895403,0.528564463466237
08200000,-35.84922254085541,0.4885905385017395,0.3625547885894775,0.3727591335773468,-0.0116735640913248,-29.83502149581909,-60.27206800458392,-15.796617981894478,0.2845484915728143,0.8930941224098206,0.4285714285714285,61.145973205566406,0.6728748102992248
08202700,-14.791442453861237,0.1413400769233703,0.2595351934432983,0.515773355960846,0.0079677077010273,-8.195920288562775,131933450.69885254,-1955894335937.5,0.2818966528632123,1.2016236782073977,0.4285714285714285,128.84979248046875,0.5095462644063601
08267500,-52.96387076377869,0.556600034236908,0.6008651256561279,0.5221225619316101,-0.1796019822359085,-48.9096075296402,-20.921373511032535,73.19438963184747,0.4491448793690675,0.7602490782737732,1.125,46.39282524585724,0.8673575722404933
08269000,-41.183215379714966,0.5698576271533966,0.6532259583473206,0.6142891645431519,-0.124857872724533,-37.4265193939209,-46.08688850667107,40.46976398853586,0.5414433677722861,0.8013624548912048,1.125,47.281813621521,0.8515262243884314
08271000,-47.13231325149536,0.4813911318778991,0.5386073291301727,0.4563027620315552,-0.2196335196495056,-47.94214069843292,-27.052844298314465,-22.557398183464805,0.3762516500936295,0.7227548360824585,1.7777777777777777,62.13581297132704,0.8711961315769596
08324000,21.58518135547638,0.5399528741836548,0.6931239664554596,1.1660066843032837,0.1526655107736587,18.84033977985382,-20.35437297728373,20.278550159293165,0.6874513473995114,1.2409907579421997,1.0,42.79653475834773,0.8902188741383342
08377900,2.2406239062547684,0.647675484418869,0.8299945443868637,0.947967529296875,0.0123051749542355,4.834248125553131,-20.84144540571137,24.395524763531267,0.8958399093765165,1.0192266702651978,1.2727272727272727,32.54729184237393,0.9118394554138072
08378500,-6.431492418050766,0.6554191410541534,0.8413837403059006,0.9695794582366944,0.0547953322529792,1.1662043631076813,-21.34370262447076,38.85773755267489,0.8843796501268444,1.077969670295715,1.5,30.708909034729004,0.9202291628626392
08380500,-32.029759883880615,0.5013491809368134,0.4241335988044739,0.7635481953620911,-0.0077237314544618,-27.585113048553467,-22.17196246167445,-615.1093457571826,0.585262223693497,0.9861098527908324,0.875,54.64425086975098,0.6595517205365158
09034900,-12.13618740439415,0.7642880976200104,0.8800922408699989,0.8929020762443542,-0.0412027016282081,-12.866954505443571,-6.324664688402143,-1032.569327789443,0.8567418465990304,0.9259709119796752,0.8,21.65062189102173,0.9402285405066544
09035800,8.364379405975342,0.6597625017166138,0.8002236187458038,1.133599877357483,0.1039842218160629,8.381374180316925,-5.11355547399539,-51.7913891114503,0.7832524278000886,1.1530824899673462,1.1,28.00861597061157,0.9245259376340544
09035900,1.08436718583107,0.7631255388259888,0.8812715485692024,0.9229333400726318,-0.0606016144156456,-0.6416080519556999,-10.881804791869197,11.244369369225234,0.8692667828751283,0.9124932289123536,1.5,28.55487823486328,0.9408859661224808
09047700,-24.03394728899002,0.6119747459888458,0.7577037513256073,0.8092395663261414,-0.0188093297183513,-16.286051273345947,-22.22739419145312,11.07734645899306,0.769576010836932,0.9760059118270874,1.375,24.396273493766785,0.8729962384055749
09065500,-12.355492264032364,0.7083128690719604,0.8203489482402802,0.9137428998947144,-0.0020152002107352,-11.115311831235886,-4.30316318767258,-108.10364131879066,0.8721944370089895,0.9962050318717957,1.7,33.02530288696289,0.905768514657882
09066000,-2.8213858604431152,0.709323912858963,0.8444839268922806,0.9657224416732788,0.0142304301261901,-2.114212326705456,3.412832467673548,-127.9264422524086,0.9088788838756112,1.0275553464889526,1.3,25.498270988464355,0.920195177596925
09066200,-32.10855722427368,0.7147300243377686,0.7922113388776779,0.7853202223777771,-0.0574826747179031,-26.33371353149414,-16.2032547071486,-694.6363202034831,0.7378728938728558,0.8884080648422241,1.4,45.19198894500733,0.8991513368734779
09066300,-9.029556065797806,0.7183041274547577,0.7902056127786636,0.8622291684150696,-0.0682829767465591,-6.742358207702637,-5.936799442873719,,0.774988391701296,0.8585901260375977,1.0,33.05346488952637,0.8920524693218801
09081600,-8.139293640851974,0.7971903532743454,0.9083518758416176,0.9297727942466736,0.0008256415603682,-8.104940503835678,-11.931725225399427,22.093882514831268,0.9156914226890206,1.0012121200561523,0.9090909090909092,23.751490766351875,0.9533673232030284
09210500,-20.160621404647827,0.6936067640781403,0.8251302689313889,0.7531669735908508,-0.1135358065366745,-21.074208617210388,-15.147410248304,28.92246240570059,0.7085937687763635,0.8603911995887756,1.0,35.84028244018555,0.9329147444112889
09223000,-36.238840222358704,0.7002853453159332,0.8172932118177414,0.6778168678283691,-0.0659054145216941,-32.90681838989258,-17.069379926084572,50.41359940276156,0.651715876635662,0.8796889781951904,1.0,30.81680774688721,0.9449989276102232
09306242,47.06932008266449,-1.1784300804138184,-2.6597788333892822,1.5141083002090454,0.8082756400108337,66.67768955230713,-35.181604856163915,-256.85625436181186,-0.5522386884843402,2.1511476039886475,1.2222222222222223,55.05663024054633,0.0944632555688605
09312600,-23.017218708992004,0.6066228151321411,0.7183711230754852,0.9459188580513,0.0669542476534843,-18.42733323574066,-10.898309500558598,-4.688154039172451,0.775387872518561,1.1628355979919434,1.25,71.38040661811829,0.8550503331363988
09352900,-22.846610844135284,0.6943035423755646,0.8211928457021713,0.8430373072624207,-0.0108034517616033,-20.81853449344635,-15.257213057666618,-672.1920335431955,0.8177325743249658,0.9846368432044984,1.0,39.27817344665527,0.908632057240796
09378630,12.695492804050446,0.5293537378311157,0.6531965434551239,1.2153387069702148,0.1178085207939148,16.21355414390564,-77.93497562149878,-290.742577472516,0.5132557906291907,1.42029869556427,0.6,55.19981861114503,0.8821094866268566
09386900,21.91594541072845,-0.1946545839309692,-0.6847785711288452,1.2284886837005615,0.1969325095415115,41.99622571468353,-75.48395554026612,-149.80985393422478,-0.3959639875693874,2.214793920516968,1.3333333333333333,75.86884498596191,0.3513212608028344
09404450,-6.684376299381256,0.2055314779281616,0.3286621570587158,1.0558034181594849,0.2271258682012558,2.59932205080986,-17.490684481654288,19.625249784821087,0.5831626129520538,1.2921677827835083,0.1666666666666666,30.75389862060547,0.7079771028394423
09430500,1.896346174180508,0.4094744920730591,0.4699392318725586,0.9404125809669496,0.0734208971261978,8.179687708616257,12.999826298353076,-486.8316692809834,0.659958952557125,1.18790864944458,0.5833333333333334,56.64106607437134,0.7229303464777475
09430600,-26.2692928314209,0.4528274536132812,0.2725828289985657,0.4944744408130646,-0.0076491208747029,-23.121412098407745,-34.63151610642198,,0.3034806256055748,0.955470323562622,0.9,69.86632347106934,0.5229253141992126
09480000,5.830433219671249,-0.2239719629287719,-0.2067371606826782,0.6871711015701294,0.0828624740242958,13.724644482135773,-39.00633506146164,-42.37347283052617,-0.2522338176989835,1.909545302391052,0.8333333333333334,73.34465185801187,0.1981552785018196
09492400,6.422265619039536,0.5744177401065826,0.6456694006919861,0.9668987393379213,0.011549824848771,-0.3685025731101632,-13.997864197116575,-853.5565375469079,0.8139467261032676,1.0133881568908691,0.8125,49.07471537590027,0.8174051355450019
09494000,-7.075072824954987,0.6341178119182587,0.6587052345275879,0.9421072006225586,0.0344115570187568,-3.274788707494736,-24.70960257415661,-310.28485659716364,0.8050254407237966,1.052156925201416,0.9333333333333332,40.07094383239746,0.8212735114798957
09497980,-17.732779681682587,0.4985294342041015,0.6635555922985077,0.7052887678146362,0.040403101593256,-11.856034398078918,3.305009543024142,-1320.2718298838354,0.5738999543419522,1.2525993585586548,0.25,56.417644023895264,0.8242157498826156
09505350,44.9801504611969,0.4921606183052063,-0.0390188694000244,1.4298611879348757,0.0709093287587165,36.23675704002381,-77.05435057930772,-18840.48021426705,0.3731942004821135,1.346298098564148,0.6666666666666666,79.24584282769096,0.7030446222959917
09505800,36.38878464698792,0.3381603360176086,0.0946889519691467,1.2662066221237185,0.0783545300364494,34.968435764312744,105.1531072350579,-3939.584383089125,0.4579988446904947,1.340465784072876,0.2222222222222222,61.77042325337728,0.6729184557790517
09508300,-26.98439657688141,0.5823980867862701,0.6778007745742798,0.7154713869094849,-0.0124998167157173,-26.236331462860107,-84.33650371522099,-71.83085680087405,0.6563855731084345,0.9065732955932616,0.6666666666666666,58.36278597513834,0.8315191595328927
09510200,-30.79145550727844,0.6375709176063538,0.7819647938013077,0.7283220291137695,-0.012246093712747,-29.420700669288635,-62.005240757024325,-96.68858224693076,0.6959392314681441,0.9058676958084106,0.3636363636363636,65.61740961941805,0.9010902411139052
09512280,11.20794713497162,0.329498827457428,0.4678080081939697,0.8195635080337524,0.03170957416296,17.74180829524994,-85.02553831477123,-647.8700813415338,0.4359462162760262,1.4393850564956665,0.5555555555555556,79.73461680942111,0.6957959312754913
09513780,14.253391325473784,0.4491822123527527,0.5078181326389313,0.904663860797882,0.0146314306184649,9.992734342813492,-84.8948985619702,-707.3255489788587,0.6683865642641095,1.1721974611282349,0.7777777777777778,68.85081926981607,0.7331170187074754
10172700,-63.09882998466492,0.2615029215812683,0.3944727778434753,0.4603285491466522,-0.2604524791240692,-55.221593379974365,-7.11894732118335,63.58398602642761,0.3632252211752997,0.7936475276947021,0.375,56.80824518203735,0.7323145479212967
10172800,-31.993836164474487,0.6020369827747345,0.6843010783195496,0.660236120223999,-0.1510824710130691,-29.30149734020233,-33.45154193622418,1.8731686042873044,0.5985547578750254,0.8336775302886963,2.1,36.297059059143066,0.865628781007721
10205030,-9.09774824976921,0.5285811722278595,0.6691277921199799,1.0351085662841797,0.1215615272521972,0.0650102738291025,-6.449055533912716,45.95918208471899,0.7853554378495686,1.1473358869552612,0.5,33.32338094711304,0.8479085372240563
10234500,-35.83948314189911,0.644243061542511,0.7538300901651382,0.692570149898529,-0.0767934024333953,-34.023335576057434,-23.954899341652688,5.005576202064306,0.6559342718558603,0.8868868947029114,1.1111111111111112,42.73542298210992,0.8947691206917192
10242000,-18.99816244840622,0.6383952796459198,0.8028767704963684,0.8449755907058716,0.0086112050339579,-13.18662166595459,-12.591615178008144,-5.003926942585927,0.8131736445242117,1.0197468996047974,1.1,36.69594049453735,0.8976204142449765
10244950,-22.4935919046402,0.2425028681755066,0.5358924865722656,0.9243038892745972,0.0620190687477588,-14.717245101928713,15.660610379773402,-3.1165328240764656,0.7341702026718318,1.0669312477111816,2.0,56.08044068018595,0.7541224124723707
10249300,-36.53595745563507,0.4539052844047546,0.5054004788398743,0.6294958591461182,-0.0962195470929145,-31.839412450790405,-22.170997984928785,29.65926521303538,0.4978039825513085,0.8038004636764526,1.1428571428571428,53.84136268070766,0.7235343357704643
10258500,85.50035953521729,0.0615896582603454,-0.0627961158752441,1.6352533102035522,0.1531497091054916,87.35283017158508,-79.20268164246306,-2252954492187.5,-0.4539798811567879,2.2933361530303955,0.8571428571428571,123.58008793422157,0.8055975258679203
10259000,11.086627095937729,0.027353823184967,0.6325685679912567,0.7762575149536133,0.187247171998024,23.008252680301663,-6.445102784246015,18.515952124903876,0.3682101775023757,1.5621671676635742,0.375,45.02433240413666,0.8181600819457902
10259200,48.24659824371338,0.2959502339363098,0.3842707872390747,1.2355868816375732,0.0870905295014381,47.21987545490265,-74.47604985405187,-402.012586179743,0.1501315300560859,1.7853420972824097,0.7777777777777778,80.86326387193468,0.7763640734560748
10263500,-42.56201684474945,0.5874744951725006,0.5569754242897034,0.5359004735946655,-0.0826176255941391,-40.93758463859558,-34.01489768127516,-824.7181677694884,0.4362559760820833,0.755101203918457,1.0,66.38735362461635,0.7939817149587938
10316500,-11.74452230334282,0.7496924996376038,0.8515665233135223,0.9968037605285645,0.0223946012556552,-4.669070988893509,-8.782944076180417,-977.0309186577476,0.9130272935359426,1.0452624559402466,0.4,32.37324237823486,0.925801982471352
10329500,15.49493819475174,0.5867829322814941,0.6076251268386841,1.1394368410110474,0.1002974435687065,14.4134521484375,-8.395393960168839,-30.00552972264319,0.720804686209274,1.1820772886276243,1.1,39.47739601135254,0.8407666756687703
10336645,-1.1251360177993774,0.6739005148410797,0.8125413954257965,0.922678291797638,0.0271077081561088,-3.062945231795311,-13.654058030905702,-739.6408600901567,0.8628016892393165,1.0570204257965088,0.8181818181818182,27.55195444280451,0.9020540916717872
10336660,7.264550775289535,0.7016758620738983,0.8905199393630028,1.00261390209198,0.080660231411457,7.199645787477493,-25.273744580515423,15.487488183201792,0.8375550569474804,1.1540933847427368,1.0909090909090908,21.66733741760254,0.9486506492960548
10343500,-6.046861410140991,0.5173110067844391,0.7165299952030182,1.094313144683838,0.1302841901779174,4.007289931178093,-16.618635478963295,-1797.2784838452803,0.7172707109802287,1.2391393184661863,1.0,31.17340261285955,0.8823000935726851
10396000,-8.28273519873619,0.6209403872489929,0.7885957807302475,0.9661763310432434,0.0689825192093849,-6.236786395311356,-20.354045634945685,41.96775307519314,0.8534589607106357,1.0949755907058716,0.5,39.55555643354143,0.8936521143398632
11098000,-35.467734932899475,0.6768480241298676,0.8116155564785004,0.6467170119285583,-0.0195905417203903,-32.38504230976105,-49.19275449897718,-9.070444527498488,0.6215306006438501,0.8733377456665039,0.5,45.533159375190735,0.9511441926125952
11124500,5.123873054981232,0.4347245097160339,0.6593309938907623,0.9149959087371826,0.0802285075187683,11.831305921077728,-58.996931186356974,,0.5322970774583691,1.4237796068191528,0.0,46.5046763420105,0.8213070424813288
11141280,-17.796362936496735,0.3890209794044494,0.375140368938446,0.7821898460388184,0.0167655292898416,-8.74849334359169,-8.113735269265426,-1039.5631438831715,0.5690842357770103,1.0462836027145386,0.2,64.08811569213867,0.631075941680334
11143000,-2.7700940147042274,0.6005550920963287,0.6370478570461273,0.966988205909729,-0.033819667994976,-1.803133264183998,0.664775237929395,-902.4670430396808,0.8005509856465648,0.9375362992286682,0.5833333333333334,41.55007998148601,0.8134834675867904
11148900,-23.24583381414413,0.6275067925453186,0.7419766187667847,0.8273434042930603,0.0434593446552753,-15.93659520149231,-81.197315660959,-100.6682815494594,0.7271876778219474,1.1609599590301514,0.3636363636363636,34.9360466003418,0.8632222434747376
11151300,-22.75246381759644,0.4430297017097473,0.4724454283714294,0.6851940751075745,0.0326997637748718,-22.032368183135983,-30.08623854486821,-29.407375548499093,0.5101168748733267,1.208854079246521,0.3,61.08893394470215,0.6881303485130554
11162500,-24.82747733592987,0.6617758870124817,0.7338106036186218,0.74115389585495,-0.0493205301463604,-23.95969182252884,-32.444676558481355,-506.20994924863066,0.6765960272925375,0.858684778213501,0.1538461538461538,51.60982058598445,0.8672640515032509
11176400,3.389719128608704,0.4658519029617309,0.2110778093338012,1.1011205911636353,0.0363974943757057,2.9921825975179672,-78.20774025248468,-126.66755823834993,0.6010010933368317,1.1561150550842283,0.3,59.183430671691895,0.6470087208766073
11180500,-5.219073593616486,0.5877642333507538,0.680657833814621,0.9399815797805786,0.0341669134795665,-0.1743936096318066,-80.44954231251663,-554.3079302214306,0.7800949665156021,1.1294487714767456,0.4166666666666667,53.45038970311483,0.8326708974825348
11180960,-40.29824435710907,0.5496703088283539,0.5727322101593018,0.559901237487793,-0.0758453980088234,-41.29994213581085,-55.43794925560247,-44.88167906090917,0.4305709785509114,0.7013882994651794,0.2307692307692307,59.686646094689,0.7965459707762139
11224500,99.88824129104614,-0.0735434293746948,-1.1585323810577393,1.7293713092803955,0.1446277350187301,94.52165365219116,-78.09471651440226,-578.996822636575,-0.3545703600777459,2.0427722930908203,0.3333333333333333,58.999877505832245,0.5357755948230767
11230500,9.595531970262527,0.4595907926559448,0.4295955300331116,1.29250967502594,0.2535296976566314,12.766841053962708,0.0391914031496584,-622.1408208776627,0.4731916129988371,1.406812071800232,0.5833333333333334,29.797824223836265,0.8373067153549697
11237500,-2.0495453849434853,0.6545799076557159,0.8016166538000107,0.996102511882782,0.0072568175382912,-2.080303989350796,-41.61131052888633,4.986074760532962,0.8991211501799011,1.0158745050430298,0.75,49.3490179379781,0.9004542717288129
11253310,-5.827600508928299,0.3621119856834411,0.3707835674285888,0.8317199349403381,0.0453619547188282,2.772045135498047,-79.80967342386148,-428.2368226256767,0.48720428251726,1.32409930229187,0.125,63.41077089309693,0.6399987363548885
11264500,-4.437898099422455,0.7303171455860138,0.8982783555984497,0.9769961833953856,0.0645870789885521,-3.889293223619461,-27.956524459116267,-380.1532054276685,0.8782173850992776,1.108795404434204,0.6666666666666666,23.668348789215088,0.9503473093611546
11266500,-6.961382925510407,0.7476063966751099,0.9058518186211586,0.9830378890037536,0.0462423749268054,-4.929675906896591,-25.168407355514766,-542.1622360615542,0.9093775543750712,1.075817346572876,0.5384615384615384,27.02835706564096,0.9533476217086136
11274500,-32.51681327819824,0.4410662055015564,0.2311946153640747,0.8160565495491028,-0.0021100561134517,-32.28664994239807,15.960858681811734,-1216929296875.0,0.5134118783736442,0.9878015518188475,0.4444444444444444,58.91356998019748,0.5496845494477729
11274630,8.785989880561829,0.2483506202697754,-0.2091680765151977,1.2396917343139648,0.0718820020556449,8.976952731609344,-86.48998473585468,-317.62361835223334,0.4022922342162736,1.2931861877441406,0.3333333333333333,119.13719177246094,0.5375669723129681
11284400,-25.65399706363678,0.6108538806438446,0.758197471499443,0.7732325196266174,0.0090398769825696,-23.774348199367523,-83.81928419697134,-150.2069191337285,0.7383710075522398,1.0434070825576782,0.0833333333333333,50.556000073750816,0.8769469028501574
11381500,-10.737423598766329,0.6687818169593811,0.8358979821205139,0.8585332632064819,-0.0907898694276809,-11.425140500068665,-14.97936529280936,-158.09028508853103,0.8069118133324585,0.8950668573379517,0.0666666666666666,30.73607126871745,0.9208846046422124
11383500,1.4146705158054829,0.6955560147762299,0.8445620387792587,1.0057802200317385,-0.0314307808876037,-1.5739429742097857,-20.14030044117665,-82.75903871913965,0.9097593506544474,0.9529132843017578,0.0,27.67445674309364,0.9232353919084804
11451100,17.182493209838867,0.3770017027854919,0.4782196283340454,1.2990227937698364,0.2524160146713257,25.527924299240112,-18.57921735337456,-14.255378185796683,0.242355380655182,1.6815249919891355,0.3076923076923077,34.001038624690125,0.8581041814483438
11468500,-0.3488614456728101,0.7383742928504944,0.8616616576910019,1.026703715324402,0.0596728511154651,0.521338265389204,-27.517774315114696,-412.19185130642654,0.8294193225243462,1.1553127765655518,0.2307692307692307,23.53451068584736,0.934711252489994
11473900,2.19157412648201,0.639046311378479,0.7035079002380371,0.998929798603058,0.0257922243326902,1.1269139125943184,-35.76650452611604,-284.4643042072511,0.8429167216084114,1.0524299144744873,0.2307692307692307,38.7148563678448,0.8519286824283067
11475560,-37.89016604423523,0.7212948501110077,0.7962764203548431,0.6792059540748596,-0.0648014917969703,-35.1101815700531,-25.9777979517102,-534.8610575749525,0.6415318499739011,0.8567101359367371,0.4166666666666667,46.73115015029907,0.9288760972749368
11476600,-5.462604761123657,0.6924526989459991,0.7701902389526367,0.9426377415657043,-0.0261300262063741,-6.342850625514984,-23.412590680906508,-227.40303639992183,0.8566242971341841,0.94599449634552,0.3333333333333333,46.9365914662679,0.8802103132377008
11478500,-30.444765090942383,0.6604093015193939,0.7702032327651978,0.6846675872802734,-0.1455563455820083,-31.550845503807068,-30.99975376334112,-322.598189419592,0.5549383616902894,0.6962095499038696,0.1666666666666666,41.87719821929932,0.9202711230878658
11480390,-19.49988156557083,0.679042249917984,0.7585797011852264,0.7936822175979614,-0.0572636425495147,-16.59848988056183,-37.82039389962094,-26.56769453914769,0.7225180421334577,0.8612582087516785,0.2307692307692307,29.329342108506424,0.8767931618482083
11481200,-25.59152841567993,0.684808760881424,0.7817214131355286,0.7590383887290955,-0.0841582491993904,-23.936772346496586,-25.58322271276255,-515.3830510049843,0.6910690188911397,0.8350744843482971,0.1111111111111111,45.34355799357097,0.8991266771161356
11482500,-36.42194867134094,0.6663405001163483,0.7381466925144196,0.6690213084220886,-0.1531324833631515,-36.27635836601257,-21.09362547690999,-239.52573395503265,0.5652956573118088,0.7351475954055786,0.1875,44.486671686172485,0.9036974815807024
11522500,-34.15808975696564,0.6324622631072998,0.6908659934997559,0.7060640454292297,-0.0960996076464653,-29.348209500312805,-16.31287412902755,-548.0725977013057,0.6439505074536991,0.8676584362983704,0.5,40.70777893066406,0.8488093710904808
11523200,-6.69240802526474,0.6814857423305511,0.8032247424125671,0.94941645860672,-0.0151925832033157,-2.452092431485653,-15.106097356782724,-736.8103646421674,0.8840229913442204,0.9786645770072936,0.0625,35.581934452056885,0.8978394811946444
11528700,12.408792227506638,0.6714314222335815,0.7297763824462891,1.0320241451263428,-0.0601254738867282,6.300034373998642,-21.811173115302893,-357.61954733590505,0.8287103273964476,0.8915638327598572,0.1538461538461538,43.99009117713341,0.8713290875767685
11532500,-7.085367292165756,0.767116442322731,0.9002656787633896,0.93226158618927,-0.0042051798664033,-5.92690221965313,-17.43984585471306,-888.7490143437939,0.9149207402801328,0.993148922920227,0.3125,23.619624972343445,0.9489799012963132
12010000,-12.69821673631668,0.7412807643413544,0.902623176574707,0.9183464646339417,0.0268425103276968,-10.72438731789589,-0.3835001430150999,-733.6618951872545,0.8956432895001366,1.0426907539367676,0.2941176470588235,23.05012029760024,0.9510048704779084
12013500,-15.235285460948944,0.7814562767744064,0.9034106582403184,0.8821381330490112,-0.0203075464814901,-12.388463318347933,-13.55475250487983,-534.0205155149251,0.8691413940436363,0.9674841165542604,0.1764705882352941,20.41171438553754,0.953360184440616
12020000,-30.156147480010983,0.6833918690681458,0.5575781762599945,0.6186161041259766,-0.0038049262948334,-23.465272784233093,-20.41545618171613,-659.0375876959303,0.5492840170204356,0.9908209443092346,0.4285714285714285,31.688056673322407,0.7599854874850005
12025700,-24.70846325159073,0.6979697346687317,0.8292782753705978,0.7547396421432495,-0.0738068148493766,-24.056333303451535,-9.098497850612052,-186.82194542847105,0.7222086481656803,0.889702558517456,0.2222222222222222,33.78659354315864,0.9303590176668776
12035000,0.5291007924824953,0.7872563451528549,0.914815992116928,0.9462218284606934,-0.051913496106863,-5.245868489146233,-5.445995718285824,-94.82102549463984,0.9008629368664977,0.9281182289123536,0.0588235294117647,22.414685698116525,0.957939608443
12040500,-5.443964526057243,0.6875884234905243,0.8364708721637726,0.8901392817497253,-0.10308238863945,-6.732218712568283,-21.766270421160723,2.719848866359836,0.8013910431569339,0.85467928647995,0.3636363636363636,31.452586434104223,0.9208922851685868
12041200,-26.22353434562683,0.563080221414566,0.7395895421504974,0.6956180930137634,-0.1633157730102539,-26.7599880695343,-25.714361608924808,41.96834090801544,0.6283827633745456,0.8124731183052063,0.3478260869565217,44.1637370897376,0.8985865201347086
12048000,-16.860632598400116,0.4523844122886657,0.6132581830024719,0.8545094728469849,0.0125452680513262,-16.070251166820526,-10.24249217178314,7.572347436259149,0.7411313478513906,1.0113083124160769,0.631578947368421,31.56689844633404,0.7861832381587545
12054000,-11.28471940755844,0.5467830002307892,0.7506176233291626,0.820778489112854,-0.0333519876003265,-13.995631039142609,-21.181830490024044,16.107950866991107,0.7738676676089769,0.9590420722961426,0.1904761904761904,38.937909262520925,0.8683264265460288
12056500,-25.776633620262142,0.5478474199771881,0.7081709802150726,0.7134960889816284,-0.0643437430262565,-27.322465181350708,-7.98341908285227,-33.988401387151725,0.6681738175679834,0.9147685766220092,0.3333333333333333,41.08783176967076,0.855917631933867
12073500,7.927050441503525,0.6070592403411865,0.7688747048377991,1.070696473121643,0.1049283221364021,12.619031965732574,4.700180164985306,-52.5632675230174,0.8051360690262592,1.1512693166732788,0.4,25.13036727905273,0.899543272420913
12082500,-7.640942186117172,0.5977427661418915,0.8068423867225647,0.8777166604995728,-0.0017188650090247,-10.353797674179075,-16.966853267746444,33.10569189638516,0.8410636286719508,0.998444437980652,0.5,25.178487300872803,0.8984857879981589
12092000,-21.43057137727737,0.5473670363426208,0.7592858225107193,0.7366421222686768,-0.1191379576921463,-22.74092137813568,-24.36354475082398,-2.107954786568816,0.6997084053970052,0.9028502702713012,0.36,27.948637008666992,0.893324791822544
12114500,1.4647481963038445,0.6563249826431274,0.8181995302438736,0.9292680621147156,-0.0219429116696119,-0.6331897340714931,-8.761920309013265,-71.56788653985474,0.8790499488740765,0.9749813675880432,0.3333333333333333,26.566314697265625,0.9051317974103484
12115000,-1.0823048651218414,0.6561535000801086,0.8448252081871033,0.9363122582435608,0.0032022888772189,-1.1973002925515177,-15.155146432707204,-898.4921528128849,0.8971286968521676,1.0038673877716064,0.4,26.330585479736328,0.9193066305504448
12115500,-2.212742902338505,0.6131008863449097,0.7883006632328033,0.9070048928260804,-0.0183351971209049,-0.3463636385276913,-16.79612449884335,-627.5838000323337,0.8523419932230234,0.9741775393486024,0.3809523809523809,30.140624727521622,0.8882502906806112
12117000,3.1966939568519592,0.6491502821445465,0.8270115852355957,1.045500874519348,0.0262005999684333,3.602302074432373,0.1751156769364938,-121.76310582156664,0.9037829849678674,1.023654818534851,0.35,23.273589611053467,0.9185884900044752
12145500,2.608161233365536,0.7524838298559189,0.9167188704013824,0.9799734354019164,0.0215081926435232,-1.909920573234558,-11.6323139821241,-821.5435464148492,0.9435178573428658,1.0319514274597168,0.1904761904761904,18.786191940307617,0.957949132793412
12147500,-5.656525865197182,0.6082710921764374,0.8265600800514221,0.9360821843147278,0.0752041935920715,-3.848686069250107,-11.595959359015833,-13.231188122109495,0.863602402112534,1.0829057693481443,0.32,28.835309982299805,0.9125617305964564
12147600,-19.09085214138031,0.4870123267173767,0.7103519439697266,0.8500164151191711,0.0603314824402332,-15.587377548217772,-15.806402033461408,-688.0832009336647,0.7607536344113046,1.1035243272781372,0.4090909090909091,44.44952444596724,0.8449952859578006
12167000,16.041956841945648,0.5755088925361633,0.7497464418411255,1.1569443941116333,0.0670700967311859,20.39850205183029,6.909047368199508,-12.142591306038902,0.7997590247293955,1.0795769691467283,0.3636363636363636,25.02274513244629,0.9044363494016904
12175500,4.56332303583622,0.674493134021759,0.8249947130680084,0.941493272781372,0.0272987261414527,1.3492472469806671,-16.79380448397163,21.783299209977468,0.8890414289981161,1.0256407260894775,0.3809523809523809,29.852540152413503,0.9092733748310368
12178100,5.4722860455513,0.6123900711536407,0.8180107325315475,0.9872745871543884,0.0825984105467796,0.1744623179547488,-15.59035569453077,4.603007323942874,0.8755948260679585,1.0863677263259888,0.25,21.509850025177,0.911369717261822
12186000,-11.67055070400238,0.579054981470108,0.6220465898513794,0.8194391131401062,0.0404314622282981,-10.66175028681755,-14.544633418512053,16.83087579490583,0.7188359884627954,1.0496556758880615,0.2857142857142857,29.224118732270743,0.79027331745302
12189500,2.276012673974037,0.5850467383861542,0.7720110565423965,0.9607652425765992,0.0225864239037036,-1.7984788864850998,-16.1894056727895,25.534160722583664,0.874309606227841,1.0208070278167725,0.391304347826087,28.502947351206902,0.8824169379121324
12358500,-16.815762221813202,0.8092419356107712,0.9338204860687256,0.9124513268470764,-0.0120985591784119,-16.003011167049408,-9.950627932880288,-24.60845424013239,0.905314012646838,0.9833366870880128,0.2307692307692307,25.38293508382944,0.9680156283006386
12390700,-24.729275703430176,0.7333309352397919,0.8729489296674728,0.8184534907341003,-0.0348588600754737,-23.607809841632843,-6.485959042409367,-16.193713536885962,0.8039149879086136,0.9523464441299438,0.5833333333333334,22.19909429550171,0.9432608111338804
12411000,-13.814444839954376,0.648400068283081,0.7348719835281372,0.8770496249198914,0.0255420207977294,-13.284513354301453,-7.198337491326994,-50.72200097949605,0.8080102985043098,1.0391716957092283,0.5,32.23757062639509,0.857842239032375
12414500,-20.75856178998947,0.7530310302972794,0.8886172026395798,0.8514591455459595,0.0035869791172444,-19.631536304950718,-7.168675447752346,24.439599990115035,0.8424056711975765,1.004621148109436,0.3333333333333333,30.52612622578939,0.947557345424735
12447390,1.3428437523543837,0.5614403486251831,0.6714547574520111,1.04008686542511,0.0058725564740598,3.421888127923012,5.259299842328071,-741.3670400301587,0.8374757746440167,1.0105056762695312,0.8333333333333334,44.9224591255188,0.8428478513857625
12451000,-4.370518773794174,0.7403710186481476,0.9148739352822304,0.921088457107544,0.044540237635374,-5.325520783662796,-10.93395408674814,-20.88824383055372,0.8970749603518784,1.0512179136276243,0.5,29.73589102427165,0.9582476646337876
12488500,-11.749274283647535,0.6338410973548889,0.7378018796443939,0.9002319574356079,-0.0261789746582508,-7.793699204921722,-0.8158220475154487,0.6328201094712724,0.8256258775884302,0.9694836139678956,0.3333333333333333,38.29882674747044,0.8602809160020924
13011500,-14.369261264801024,0.788899764418602,0.9086518213152884,0.9005208611488342,-0.0065298895351588,-9.849537163972856,-11.255396711744504,-145.41623117569523,0.8900104895978841,0.9874128699302672,0.6,31.945362091064457,0.9547987003667452
13011900,-1.4963255263864994,0.7752768248319626,0.9056079238653184,1.0446168184280396,0.0240950807929039,1.6165770590305328,-3.798687057430384,26.43162591210278,0.9279967064100212,1.0355281829833984,0.5,10.862771272659302,0.9560504605819105
13018300,-26.03168785572052,0.6748680174350739,0.7865239828824997,0.8840615749359131,0.0025406540371477,-21.08895480632782,0.1541578903547426,26.908769825681755,0.8379825764799044,1.0030860900878906,1.0,23.56332302093506,0.8868699723074437
13023000,-18.55764091014862,0.8123248219490051,0.94062727317214,0.8742811679840088,-0.0454469583928585,-17.409271001815796,-5.123208475672758,32.05176529659091,0.8631469702024777,0.9514183402061462,0.7,22.406435012817383,0.9762650179488002
13083000,-11.701662838459017,0.3443078994750976,0.5669725239276886,0.9562988877296448,0.1322385817766189,-6.975676864385605,-29.534102892286445,16.341466908234995,0.7671948925348163,1.0742783546447754,0.8,31.41621589660645,0.7837335974325311
13161500,-3.514621779322624,0.7380956709384918,0.9216299429535866,0.9731016755104064,0.0755115523934364,-3.5375408828258514,-18.0806292976412,-56.90617583343813,0.8572707350342936,1.1352094411849976,0.2727272727272727,23.824520544572312,0.9630333903130942
13235000,-5.492525547742844,0.8066949844360352,0.9394505508244038,0.952695369720459,0.026291312649846,-5.454414710402489,-3.724671501360721,12.061395838889007,0.9364120600573652,1.0298528671264648,0.5454545454545454,18.67185939442028,0.9697592264551036
13240000,-12.378868460655212,0.722216010093689,0.867647111415863,0.9941186904907228,0.1052273735404014,-6.762056797742844,-8.420550969752249,-3.0441618293819346,0.7918807480250621,1.1988977193832395,0.5,23.952017227808632,0.939018605581622
13313000,-21.53250426054001,0.7441993653774261,0.9030501767992972,0.8847110271453857,0.0393726453185081,-18.72435212135315,-4.592790398458342,6.013276422627401,0.8583099184452778,1.0680530071258545,0.6363636363636364,29.432903636585586,0.9535961190174764
13331500,-21.296319365501404,0.7780516892671585,0.9211224913597108,0.8761932849884033,0.018829870969057,-18.379701673984528,-6.51167427127531,-11.040764766225756,0.8683259397335714,1.026636004447937,0.3333333333333333,32.01211293538411,0.9639378490362288
13337000,-18.46378296613693,0.7242255210876465,0.8621978908777237,0.8845397233963013,0.0147331161424517,-18.51360499858856,-4.201621126520746,18.028754184447934,0.8633361713960341,1.020316481590271,0.3076923076923077,26.770998881413387,0.92976349132336
13338500,-12.452985346317291,0.7357026934623718,0.8938773572444916,0.9324615597724916,0.0597297474741935,-15.15953093767166,-7.652687878937696,47.09366261681778,0.8846374553498325,1.0773694515228271,0.9230769230769232,23.821583160987267,0.9474543648734356
13340000,-15.085336565971376,0.8027075380086899,0.932826578617096,0.905944049358368,0.0162282027304172,-14.12060260772705,-4.926231522457398,13.104196856865732,0.8984941824416388,1.020735740661621,0.1538461538461538,16.882667174706093,0.967954123411831
13340600,-17.978985607624054,0.68116894364357,0.8487974405288696,0.8552982211112976,0.0342694260179996,-18.62895041704178,-5.474797457479708,53.71023246150533,0.8321028094749918,1.0394455194473269,0.5333333333333333,18.606157302856445,0.9245353541837864
14020000,-11.986035853624344,0.6673597395420074,0.7542410045862198,0.8812390565872192,-0.03379787504673,-12.756654620170591,-11.357159832336627,-150.0074572089229,0.8185093864424224,0.9584193229675292,0.25,32.995933294296265,0.8692111303407908
14137000,30.995386838912964,0.5982178747653961,0.6803569793701172,1.1905674934387207,0.0461087152361869,26.30111575126648,1.242952687504271,-44.16928330882577,0.7716457516636528,1.0433956384658811,0.3684210526315789,35.883326279489616,0.8819046497956852
14138800,4.144543781876564,0.6292262077331543,0.7884465903043747,1.0039606094360352,0.0248321946710348,2.6689162477850914,-9.907483181015056,-481.3820062428279,0.8884934558582624,1.037197828292847,0.4210526315789473,29.266001048840973,0.894955511664703
14138870,6.779205799102783,0.6385165154933929,0.8024740666151047,1.0462137460708618,0.0612668991088867,5.988749489188194,-7.654196480519465,-633.7865981997581,0.8703982601743008,1.0792019367218018,0.15,22.9720139503479,0.9084142267627672
14138900,-11.12496480345726,0.6611203849315643,0.8250868022441864,0.8830330967903137,-0.0261145960539579,-11.943347752094269,-6.557288336105156,-113.23809171542725,0.8481445499320266,0.9666156768798828,0.25,28.02274465560913,0.9090917592366112
14139800,-4.090197384357452,0.6854747533798218,0.8462171852588654,0.946033537387848,0.0212603341788053,-2.2703181952238083,-10.716822483116276,-722.054464002644,0.9000311502820835,1.0275901556015017,0.1428571428571428,24.4601499466669,0.9205004708130954
14141500,3.891763836145401,0.6754213571548462,0.8264417499303818,0.98373281955719,0.0186601020395755,2.4659397080540657,-6.783398948480255,-861.6064437963289,0.9079099969721364,1.0221149921417236,0.2,30.167379379272464,0.91209735714619
14154500,3.935546427965164,0.7328096628189087,0.882678858935833,1.0055383443832395,0.0225611347705125,1.4704889617860315,-18.649970074322987,-498.4534270434436,0.9322028562059548,1.0345507860183716,0.4210526315789473,23.853116286428357,0.9419308805505392
14158500,-4.353830963373184,0.5835412740707397,0.7678899466991425,0.9842610359191896,0.0851895809173584,-5.032253637909889,4.29625817058852,-18.483962733615336,0.8762379310963806,1.0452868938446045,0.6111111111111112,11.758547359042698,0.8859016566514889
14158790,-0.0056657831009943,0.6241546869277954,0.7755092084407806,1.0044902563095093,0.035061627626419,0.4039658233523369,-18.23486788507481,-631.2606762854984,0.87875262575713,1.0482983589172363,0.5294117647058824,23.01136044894948,0.8888783014665124
14166500,-3.257979080080986,0.755791425704956,0.9044343009591104,1.0266430377960205,0.0825274959206581,0.6544839590787888,-0.2432005355296498,-539.6413511996465,0.8510726040740584,1.1401100158691406,0.2666666666666666,29.401756922403973,0.9571199201559611
14182500,-14.530375599861143,0.6776347160339355,0.8046884089708328,0.9072611927986144,0.0006396613898687,-11.65703982114792,-7.1122441848351485,-492.1112693662304,0.8614748988135442,1.0008503198623655,0.3684210526315789,28.75823974609375,0.8971020201669939
14185000,-0.99650165066123,0.7338073253631592,0.8792966678738594,0.9987455010414124,0.0212455317378044,-1.4855236746370792,-13.286423729427437,-620.0969593937681,0.9338828941283304,1.0273088216781616,0.3333333333333333,22.46197064717611,0.9397992842255274
14185900,2.898286283016205,0.704156219959259,0.8611202239990234,1.0093659162521362,-0.0092773549258708,1.8585804849863048,-11.878549250059438,-556.4775498002821,0.9294936216453548,0.9872548580169678,0.5,28.52334976196289,0.9312905366250128
14222500,5.352060496807098,0.7435672581195831,0.8738285452127457,1.0488945245742798,0.028303699567914,6.362133473157883,0.9051224043881112,-719.7114025873526,0.9159640450739054,1.03513765335083,0.3333333333333333,24.80242517259386,0.9413765191753966
14236200,-5.340999737381935,0.6942923963069916,0.8444525748491287,0.9079814553260804,0.0105551406741142,-5.804717168211937,-6.384645361087323,-219.2932535141356,0.8766339983685891,1.014207363128662,0.3684210526315789,28.795124355115387,0.9190684942216848
14301000,-12.262237071990969,0.809281200170517,0.9293522238731384,0.8818647265434265,-0.0469852834939956,-12.41554543375969,-7.774750841126557,-484.1465338965592,0.8583377385999907,0.928180992603302,0.6,20.44145743052165,0.9691085182152394
14305500,5.486701428890228,0.7556937336921692,0.8851221799850464,1.0576937198638916,0.0685714110732078,4.296903312206268,2.4937400395341838,-617.7574192002122,0.8738159690000278,1.1002129316329956,0.2,19.6406348546346,0.9494904692044231
14306500,10.360454022884367,0.7472804188728333,0.8483735173940659,1.0995893478393557,0.061013426631689,9.18017253279686,-3.10095018079551,-773.8320560223593,0.8523993922318618,1.0890564918518066,0.25,40.10760188102722,0.9372557375570902
14309500,-8.261702209711075,0.7092327177524567,0.8163408190011978,0.9108068943023682,-0.0231550931930542,-7.161550223827362,-21.11204842932688,-516.025816331475,0.8609516807153248,0.953824818134308,0.3571428571428571,36.66441781180246,0.9038393137941794
14316700,9.150417149066923,0.7253681123256683,0.8712230026721954,1.043491005897522,0.032228872179985,9.208159893751144,-20.195036029334855,-713.7487971726395,0.9107954292223244,1.0492929220199585,0.1111111111111111,22.946574952867294,0.9396991236184302
14325000,-14.040237665176392,0.7246663570404053,0.8297431468963623,0.8491309881210327,-0.0611628517508506,-13.30966204404831,-19.780043646125385,-542.0967569513614,0.7967877169164361,0.893376886844635,0.375,35.655248165130615,0.9153519935748232
14400000,-17.07819700241089,0.7663274109363556,0.8899481147527695,0.8935332298278809,-0.0271038152277469,-12.955252826213837,-15.301700867857582,-636.2482055880027,0.871945789780345,0.9546508193016052,0.3125,25.174880027771,0.9451715455800448
