basin,FHV_1%,mNSE,NSE,Alpha-NSE,Beta-NSE,FHV,FMS,FLV,KGE,Beta-KGE,Peak-Timing,Peak-MAPE,Pearson-r
01013500,-15.376082062721252,0.6920890510082245,0.8625042140483856,0.9443986415863036,-0.0051426007412374,-8.254773169755936,-0.6384557203248797,-25.25293427759819,0.9095026687108794,0.9939424395561218,1.3529411764705883,23.733700022977946,0.9288553454258628
01022500,-10.890670865774156,0.7147087752819061,0.8678871244192123,0.8726906776428223,-0.0287928823381662,-10.680226236581802,-8.138149390631735,-515.9115057895652,0.8522479202818352,0.964278757572174,0.4090909090909091,27.558326721191406,0.9340681689818064
01030500,-2.0768968388438225,0.7288918495178223,0.8942653611302376,0.9716388583183287,0.034401424229145,-2.768012322485447,-16.846873479685236,-40.18281580444526,0.9253968697878232,1.043715476989746,0.6666666666666666,17.075626055399574,0.946612456963013
01031500,-0.4067596513777971,0.7134529054164886,0.8732223212718964,0.9542505741119384,0.0134048508480191,-1.8535757437348368,-19.884932308998017,-374.5449609560746,0.9173041171853966,1.022129774093628,0.0909090909090909,17.961764335632324,0.9347629540524376
01047000,-4.922281205654144,0.6851400136947632,0.8361031413078308,0.9105405807495116,-0.0131649104878306,-8.034098893404007,-12.939359254390808,-557.5437594174751,0.8745862422981573,0.9796610474586488,0.0,23.48955761302601,0.9144900594212432
01052500,-17.517738044261932,0.6322247087955475,0.7746455520391464,0.8564794659614563,-0.0160784106701612,-15.574948489665983,-8.857450642600114,-437.829078387751,0.8115719067583659,0.9744117856025696,0.3043478260869565,34.47762986888056,0.8806172294008875
01054200,6.22284859418869,0.5642272233963013,0.6205039620399475,1.0086971521377563,0.024147281423211,1.5154125168919563,-16.718564541992013,-524.0643274987954,0.8073225355611925,1.042256236076355,0.3478260869565217,44.43663306858229,0.8122145496586064
01055000,22.032231092453003,0.5879628360271454,0.6482733488082886,1.0968856811523438,0.0375193729996681,11.394286155700684,-15.1298976390309,-341.41843867115614,0.8065454476693332,1.0623364448547363,0.0434782608695652,52.3761624875276,0.8445908746309359
01057000,16.345353424549103,0.6414875984191895,0.7315481603145599,1.048335075378418,0.0511550791561603,7.095014303922653,-11.624953146207446,-274.1235380270535,0.8448499553673146,1.0770784616470337,0.1428571428571428,27.30530784243629,0.8743251513316459
01073000,-2.3142009973526,0.6794261932373047,0.8842915743589401,0.9462947249412536,0.0554071255028247,-1.236354559659958,-11.749786169965615,-9.499233092036368,0.8709186137767407,1.1020525693893433,0.0,23.35923094498484,0.9420084421556386
01078000,-4.875176027417183,0.6546421051025391,0.8107679337263107,0.9944873452186584,0.0701229870319366,0.8787793107330799,-5.664626736728824,-393.18307765294026,0.8622608265042078,1.1017699241638184,0.4285714285714285,29.38354355948312,0.9073470287132877
01118300,-8.116273581981659,0.6447542905807495,0.7642760872840881,0.88611900806427,-0.0282590091228485,-6.793270260095596,-14.254835037504016,-180.01815801672146,0.8257896560144544,0.958828330039978,0.2631578947368421,29.550587503533617,0.8747592030526821
01121000,-26.284465193748478,0.6076187193393707,0.7518207728862762,0.7596049308776855,0.0192742459475994,-23.31349104642868,-20.4087205659127,41.82146552626814,0.7273206640673789,1.03033185005188,0.3,32.14938163757324,0.8749231841676359
01123000,-15.81217497587204,0.625950813293457,0.8044087737798691,0.8702105283737183,0.0481262542307376,-12.809212505817412,-9.848532991142047,-95.95101444091532,0.8203869035406621,1.071688890457153,0.1578947368421052,30.329380537334245,0.8986281081378852
01134500,-1.2992002069950104,0.624818742275238,0.7933523654937744,0.9492003321647644,-0.0060472674667835,-5.048467218875885,-5.691289492810722,-329.4778137128818,0.8808436099296311,0.99182790517807,0.4583333333333333,29.77659702301025,0.89252509172531
01137500,-6.145595759153366,0.6207779347896576,0.776058241724968,0.8818163275718689,-0.0817428305745124,-9.081745147705078,-8.545425179786788,-4.1277819005638765,0.8051594099514736,0.8965181708335876,0.1666666666666666,36.65766318639119,0.8847308101258989
01139000,-17.285488545894623,0.6314281523227692,0.8102728426456451,0.9140876531600952,0.0569519661366939,-14.14678692817688,-5.639508728573285,-517.4985742907152,0.8551562898036612,1.0632537603378296,0.0952380952380952,20.741290137881325,0.9020319906958127
01139800,-9.002155810594559,0.5600128173828125,0.7374805212020874,0.98857319355011,0.0532944798469543,-4.428302496671677,-7.422290454760951,-25.12639651848712,0.8573504564170022,1.0546385049819946,0.56,43.48023986816406,0.8687256531072165
01142500,-11.85065060853958,0.6103730499744415,0.7108286023139954,0.9203347563743592,0.0415413863956928,-11.44375130534172,-0.0103420325852265,40.25576702963159,0.821118804145265,1.048268437385559,0.4230769230769231,35.45996225797213,0.8472842865293695
01144000,-11.6512231528759,0.7052237093448639,0.8640318810939789,0.9216758608818054,0.0017057479126378,-7.7334925532341,-8.834708757465247,-544.9173209732121,0.8946466514300963,1.0020054578781128,0.0833333333333333,22.33318487803141,0.9295682214835912
01162500,-19.22730654478073,0.6539080739021301,0.7883060574531555,0.8500404357910156,-0.0547550879418849,-18.01600009202957,-7.832232110882371,-322.22688839354487,0.8012459861158558,0.9291571378707886,0.5714285714285714,28.177917571294877,0.8904711178608509
01169000,-29.834100604057312,0.6119629442691803,0.6843143701553345,0.7278565168380737,-0.0575596131384372,-25.76511800289154,-11.326246713632507,31.26358021073455,0.6703790432461423,0.911750853061676,0.2727272727272727,49.11634271795099,0.8362929819205022
01170100,-19.1727876663208,0.5752758979797363,0.6776704788208008,0.8387686610221863,-0.0398385934531688,-16.315528750419617,-10.072649105445604,-6.535525799767994,0.7559147742530772,0.94793438911438,0.3636363636363636,43.3542555028742,0.8242979085996561
01181000,-29.429692029953003,0.600708395242691,0.6450125277042389,0.7037686705589294,-0.035339280962944,-25.46209394931793,-8.720505900151263,-486.32800821545175,0.6434168477539487,0.939271092414856,0.2857142857142857,50.142111097063335,0.8110276641758865
01187300,-24.42350536584854,0.587233155965805,0.6973833739757538,0.7653499245643616,-0.001203620689921,-21.504969894886017,-22.94268501123461,-234.23512700876063,0.7150071338254536,0.9977952241897584,0.35,44.19370174407959,0.8382736421233115
01333000,-27.79624760150909,0.5609677135944366,0.6417887508869171,0.7163617014884949,-0.1174030900001525,-27.811241149902344,-13.459064297662238,-20.493031322433573,0.6333817908451147,0.8585407137870789,0.3043478260869565,40.131386466648266,0.8157515339397248
01350000,-12.052088230848312,0.5933332443237305,0.6746050715446472,0.8769991993904114,-0.0070289671421051,-10.853639245033264,-9.951300114160311,-405.9098088332212,0.7842183314736462,0.9876617193222046,0.217391304347826,33.38663681693699,0.8231376287862977
01350140,-30.865362286567688,0.4349497556686401,0.4897719621658325,0.7674782276153564,0.0259294416755437,-26.461759209632877,-9.362222265363709,-270.0998191251209,0.6197505438371744,1.0496608018875122,0.1818181818181818,51.85487920587713,0.7032558694175775
01365000,-12.635932862758636,0.5881825387477875,0.7076254189014435,0.8889521360397339,0.0045118355192244,-10.96213161945343,-11.477536093274605,-59.86214694001506,0.8071890846333613,1.006139636039734,0.217391304347826,42.00996730638587,0.8424984893288863
01411300,9.201275557279589,0.479397177696228,0.6522195041179657,1.1353479623794556,0.1951663494110107,12.447256594896317,4.079876865556936,49.55594060938503,0.7447316118121795,1.174290895462036,0.3888888888888889,47.26093610127767,0.8716817906656312
01413500,-3.613922744989395,0.5889362096786499,0.7394598424434662,0.9827747344970704,0.0779171362519264,-2.8533754870295525,-3.340866433523211,-434.19673364488347,0.8301748919125705,1.108728289604187,0.35,50.70199489593505,0.870686363422071
01414500,-15.378527343273165,0.5406909883022308,0.6584405601024628,0.8573092818260193,0.0244082529097795,-16.37934148311615,-10.093463817612284,-578.498741271275,0.762368223573914,1.033851146697998,0.3333333333333333,39.79287147521973,0.8130178618647184
01415000,-10.164303332567217,0.5074889361858368,0.6520082950592041,0.923093318939209,0.0351526625454425,-8.630646020174026,0.0275334228786187,-20.42189256583251,0.7938958203193498,1.0498002767562866,0.25,45.54718494415283,0.8153808576418882
01423000,-3.254309669137001,0.622148871421814,0.7444260716438293,0.941731870174408,0.0302735064178705,-2.088119275867939,4.059373571780211,-468.4992304408968,0.8481903081016773,1.043061375617981,0.1428571428571428,31.957331157865976,0.8665956315153857
01435000,-6.520858407020569,0.5538740754127502,0.6669542491436005,0.9262012839317322,0.017076164484024,-3.84744331240654,-21.669222312812924,-668.273045460253,0.8069291449057973,1.0246866941452026,0.1666666666666666,34.93755261103313,0.8233062770620783
01439500,-14.466983079910278,0.6384690403938293,0.7949156016111374,0.924314022064209,0.0675518736243248,-11.709102243185043,-4.258183573908029,-389.3137976096903,0.8487704496415212,1.0777100324630735,0.1363636363636363,26.78554491563277,0.8946284644692
01440000,-5.746873840689659,0.6019035279750824,0.7813645303249359,0.993376851081848,0.0680775120854377,-2.470232732594013,5.919945768243156,-87.68553050794515,0.8567816992588759,1.0941811800003052,0.15,28.7784743309021,0.892308213408203
01440400,-12.306112051010132,0.5854830741882324,0.6929120719432831,0.8906053304672241,0.0654751881957054,-8.377807587385178,-6.076220385913838,-575.5222892437275,0.782277834287086,1.0936793088912964,0.4210526315789473,41.44423886349327,0.8367212971444671
01451800,-6.605608016252518,0.6151784658432007,0.8088875710964203,0.9222231507301332,-0.0065093776211142,-6.336180865764618,-9.224633657393545,-347.33410849896256,0.8726579794175409,0.9897932410240172,0.05,42.48704433441162,0.8996876179383521
01466500,-10.947296768426895,0.3601549863815307,0.5419800579547882,0.9087761044502258,0.018809026107192,-7.300683110952377,-3.5899647099367216,32.4286380510046,0.7362265783139468,1.011593222618103,0.2857142857142857,33.711280141557964,0.7527749687875044
01484100,-15.14863222837448,0.48322194814682,0.5487877726554871,0.8295564651489258,0.0119109088554978,-16.435740888118744,-11.107748990154157,61.39851410304242,0.6934734136607259,1.0143624544143677,0.2857142857142857,40.52228473481678,0.7456355577847519
01485500,-2.944236248731613,0.6811174154281616,0.8130211681127548,0.9385247826576232,0.0154031990095973,-2.268851362168789,-13.981955767938844,-372.4568618518399,0.8817613727311802,1.026459574699402,0.25,28.562507629394528,0.902526611129759
01486000,-12.01382502913475,0.5859906375408173,0.6083422005176544,0.876815915107727,-0.02158716134727,-10.921437293291092,-6.612496376766706,33.549076342484405,0.7498069308965469,0.9619815945625304,0.2727272727272727,39.57561579617588,0.7855778605072444
01487000,-21.7111811041832,0.5876693725585938,0.7310548424720764,0.7988009452819824,-0.0323887951672077,-20.741914212703705,-15.279430264415536,27.667233391652207,0.7517082007913571,0.9699190258979796,0.3157894736842105,46.09902030543277,0.8576522113557266
01491000,-18.011203408241272,0.5853834450244904,0.7000788450241089,0.8426463007926941,0.0067143272608518,-16.03122651576996,-19.257384441079992,37.6455363761912,0.7729965147609896,1.0110185146331787,0.3157894736842105,43.12060506720292,0.8367548224549566
01510000,-24.565546214580536,0.6035081446170807,0.7551523596048355,0.7709841728210449,-0.0497429706156253,-22.999536991119385,-1.345720033723972,-446.1373651274105,0.7304405801911735,0.9289855360984802,0.28,32.98269271850586,0.8768294774469563
01516500,-12.570294737815855,0.4250387549400329,0.4509578347206116,0.8602932095527649,0.0728697180747985,-10.68570241332054,-22.17393914634061,-168.9608484495106,0.6242029764880991,1.1699426174163818,0.3157894736842105,44.45549312390779,0.6953281726693362
01532000,1.7325486987829208,0.5791831910610199,0.7116785645484924,0.994569718837738,0.0473749600350856,0.4465761594474315,-10.877725022341473,-311.7752613998289,0.8300889183787088,1.090335488319397,0.0588235294117647,37.88317231570973,0.8561953156037261
01539000,-25.66545605659485,0.667868584394455,0.7120010554790497,0.730544924736023,-0.0027373337652534,-21.50857299566269,-12.293304692937497,-495.0648454435864,0.6928227822050296,0.9954335689544678,0.0526315789473684,32.71634453221372,0.8525857766216246
01542810,-4.9094341695308685,0.5757196843624115,0.7084924578666687,0.9362661242485046,0.0281398147344589,-5.925220623612404,-17.06031433220715,-333.40927970634937,0.8254849657495591,1.0543962717056274,0.2272727272727272,53.837403384121984,0.8469165721390683
01543000,-2.747981622815132,0.6819555163383484,0.829043447971344,0.9368197321891784,-0.0051304847002029,-2.0570360124111176,-10.917325445568814,-323.26335279017104,0.8904605357571745,0.9917173385620116,0.2857142857142857,22.73124967302595,0.9109014842690308
01543500,-11.917182803153992,0.71470507979393,0.8473597913980484,0.8862630128860474,-0.0119799422100186,-9.466779977083206,-9.746761885786212,-314.7586159843709,0.8604878658446186,0.9818819165229796,0.1428571428571428,22.780198142642067,0.9212645671254076
01544500,10.702896118164062,0.5810354948043823,0.7733337134122849,1.104095697402954,0.0804589614272117,13.636082410812378,-10.790348425569707,-46.26051839976974,0.817746970570972,1.115721583366394,0.3684210526315789,29.930245248894945,0.9051908882995656
01545600,17.67708510160446,0.5083341002464294,0.6260525286197662,1.1641781330108645,0.1177751868963241,21.559281647205356,-5.408405816740287,-316.24468799257875,0.7267518953310039,1.1650470495224,0.3157894736842105,39.74140568783409,0.856928204071466
01547700,-23.706774413585663,0.605766624212265,0.7072831988334656,0.7314252257347107,-0.0032042518723756,-23.091301321983337,-21.2367221920822,-276.8173493923722,0.6919163419801042,0.9931164383888244,0.3125,44.48411762714386,0.8492162225343386
01548500,7.98691064119339,0.6034604012966156,0.7965782135725021,1.0700981616973877,0.1280983835458755,9.301470965147018,-9.961946146535746,0.2913819039426425,0.7827819929376272,1.1871641874313354,0.2105263157894736,27.70913525631553,0.9149148822533348
01549500,11.932756751775742,0.4237209558486938,0.5810985863208771,1.101339340209961,0.1477694660425186,12.29485347867012,-15.330645480572368,-386.6315182508518,0.6790548008444492,1.2487969398498535,0.4210526315789473,35.360117962485866,0.8243974894594207
01550000,4.036328196525574,0.534152626991272,0.7402277290821075,1.0447558164596558,0.1204811558127403,6.374041736125946,-7.653793016489248,-457.3911750570472,0.7767675382105779,1.1851401329040527,0.4210526315789473,42.98746209395559,0.8835835918872896
01552000,7.115445286035538,0.6229480504989624,0.8209802955389023,1.0491706132888794,0.0687647759914398,8.837562799453735,-15.113147174925382,-446.4060031123236,0.8605432199580736,1.1015939712524414,0.2,26.38859272003174,0.9180908473147488
01552500,-16.029854118824005,0.5768771469593048,0.7168311476707458,0.8387960195541382,-0.0205618981271982,-15.73721170425415,-13.074996758754072,-432.6079362163592,0.7750932527253473,0.9657756090164183,0.25,45.21013895670573,0.846947679795837
01557500,-18.672510981559757,0.5861126184463501,0.6991985142230988,0.8096875548362732,-0.0015537075232714,-16.55498743057251,-21.700380094183387,-181.64856137681167,0.7491643321335775,0.9976935982704164,0.4,34.5818829536438,0.8366158330778056
01567500,6.879013776779175,0.4486173391342163,0.5548174679279327,0.9324830770492554,0.0269710049033164,5.512794107198715,-15.30244997371237,-606.2735029422786,0.7507505215745343,1.0439356565475464,0.5714285714285714,52.63629186721075,0.7641262505187023
01568000,-11.001629382371902,0.576415628194809,0.7333526015281677,0.9004638195037842,0.0588747411966323,-6.456559896469116,-11.986379324762458,-8.617690508251485,0.8011254457676642,1.0993247032165527,0.0952380952380952,31.88857805161249,0.8593648677453648
01580000,-2.7118904516100883,0.5083825886249542,0.6865158379077911,0.959605038166046,0.0904956609010696,-0.0329194852383807,-17.719235335571838,53.082813993696185,0.80881662503882,1.099422574043274,0.1428571428571428,31.084255945114865,0.8417771138849052
01583500,-1.3766197487711906,0.5142548084259033,0.5974792540073395,0.9586526155471802,0.1034277752041816,-0.6206288933753967,-18.47888461071861,57.63484443385421,0.7644684526247144,1.1112003326416016,0.125,35.161546866099044,0.7965301259932953
01591400,3.925729915499687,0.412799060344696,0.4882204532623291,1.0188930034637451,0.0461139380931854,1.3103813864290714,-24.4435044674827,65.53247935983289,0.7378394425039322,1.076864242553711,0.1363636363636363,65.8263770016757,0.7500738098089512
01596500,-12.44417056441307,0.6053397059440613,0.7588407248258591,0.8709909915924072,0.0481703355908393,-12.56224811077118,-14.215709316323364,-311.3631342912009,0.8000241147646608,1.0841259956359863,0.15,25.50446033477784,0.8724466884647788
01605500,-36.366429924964905,0.5205395519733429,0.652008444070816,0.7282026410102844,-0.0310494825243949,-33.507877588272095,-29.87898209918976,-1017.5631503986348,0.6656613831689977,0.9477291107177734,0.1578947368421052,42.17349102622585,0.8124466462994366
01606500,-14.477352797985075,0.5938711762428284,0.7100528180599213,0.92770117521286,0.0555455796420574,-12.291687726974487,-11.344834096557983,-730.9209368784232,0.81162542850821,1.0849536657333374,0.2105263157894736,34.48661503038908,0.8482082551731408
01620500,-6.711443513631821,0.4405438303947449,0.500474214553833,0.8916336297988892,0.0198484268039464,-4.580667242407799,-40.29265365697238,-214.64741673102807,0.7034805125428594,1.0384842157363892,0.6,56.08015537261964,0.7266879047856897
01632000,-15.534520149230955,0.4898543953895569,0.5713105499744415,0.9605460166931152,0.056828673928976,-10.289781540632248,-28.26362266209238,-176.9376070749306,0.7424979231736761,1.1267318725585938,0.35,62.56991386413574,0.779342493332127
01632900,-9.727808833122252,0.5335877537727356,0.6802274584770203,0.8479461669921875,0.0144273908808827,-11.833402514457704,-20.073495708547203,44.617324588881885,0.7668608133942336,1.0260393619537354,0.1578947368421052,47.88707933927837,0.8251987876819128
01634500,-3.949478268623352,0.3975614309310913,0.4894758462905884,1.0072954893112185,0.1431040167808532,-2.161252684891224,-27.480399094212903,-594.6766447959889,0.6297544703280717,1.279055118560791,0.375,52.57488489151001,0.7567783544114968
01638480,-6.174400076270104,0.419374406337738,0.396282434463501,0.8382028341293335,0.0588551126420497,-2.6130368933081627,-24.41283186433243,-152.4358612484136,0.592130112876176,1.1513656377792358,0.15,71.04190349578857,0.6575558941399251
01639500,5.21869882941246,0.4672542214393616,0.5901078581809998,1.043731689453125,0.1195603981614112,5.938353016972542,-7.0180577883138415,-111.15236864172064,0.725805822058185,1.1941698789596558,0.1818181818181818,37.0326735756614,0.8114050778532047
01644000,-17.926813662052155,0.5435624420642853,0.6176591515541077,0.8146189451217651,0.054849199950695,-13.27548772096634,-16.544891705763526,-202.7077207663911,0.6954180608382619,1.116500735282898,0.25,33.00366163253784,0.7882652583199872
01658500,-12.57384866476059,0.3984635472297668,0.4557501673698425,0.8653581738471985,0.0417309999465942,-9.89885926246643,-29.682012572194616,,0.6436228327585074,1.1306780576705933,0.3809523809523809,59.26855632237026,0.6970156617500656
01664000,8.015815168619156,0.5283921957015991,0.683460146188736,1.0907464027404783,0.1203689724206924,10.10281965136528,-16.232028908248903,-239.29332934461533,0.7508262884112868,1.1889771223068235,0.15,29.273951053619385,0.8653141574582173
01666500,-0.5782426800578833,0.3516688942909241,0.5820697247982025,0.921972930431366,0.1191697269678115,3.4046202898025517,-33.859565466652654,65.2470742697712,0.6940987654701891,1.2024447917938232,0.1578947368421052,65.32250454551296,0.7843534188146043
01667500,-8.51733461022377,0.5127668678760529,0.7227297425270081,0.9218775629997252,0.1170243397355079,-3.330787271261215,-34.15056343895407,67.37830497265817,0.7562105777158595,1.183927297592163,0.0454545454545454,34.67512780969793,0.8603543181648035
01669000,-13.266907632350922,0.5720206499099731,0.7416196167469025,0.8904429078102112,0.0072712451219558,-11.963090300559998,-6.077898836844764,-2.355720906315452,0.8233154334527992,1.0091323852539062,0.2,37.54934787750244,0.8616841327017591
02011400,-12.94470876455307,0.6492128968238831,0.794202134013176,0.8950216174125671,0.0241681803017854,-12.924109399318697,-14.08025637032894,-88.93977048208924,0.8448381332721887,1.0358566045761108,0.3,30.77398777008057,0.8915147568373556
02011460,-22.737491130828857,0.6421971023082733,0.7817520648241043,0.7849484086036682,0.0015968440566211,-22.024406492710117,-17.762747157057454,-363.72893639412246,0.7586298488273074,1.0029877424240112,0.3,35.51426649093628,0.890439805083044
02013000,-0.399187533184886,0.5742340683937073,0.7008142471313477,0.990639328956604,0.0619176588952541,1.2498355470597744,-16.873600388597904,-120.6502473327392,0.8014452724051964,1.1308711767196655,0.3,42.23363876342773,0.850972845454682
02014000,-20.648032426834103,0.58199143409729,0.753878727555275,0.848570704460144,0.0277797877788543,-17.812515795230865,-5.470787093541982,-81.5212767155022,0.7936906244305625,1.049571514129639,0.2352941176470588,39.58998006932875,0.8689450806453676
02015700,-12.22044825553894,0.5957764685153961,0.7439283430576324,0.888778030872345,-0.0018288755090907,-10.890625417232512,-14.03985883558008,-25.14572936261217,0.8234420483134619,0.9974048137664796,0.3,33.410441875457764,0.8629027757555748
02016000,-18.50264817476273,0.6553557813167572,0.7954111099243164,0.8519662618637085,0.0039170202799141,-17.012111842632294,-14.367740065317294,-871.4088658820154,0.8171002728453638,1.0068360567092896,0.35,28.006300926208493,0.8928011618752161
02017500,-15.953359007835388,0.6291822791099548,0.7849126756191254,0.8888970017433167,0.0462739914655685,-11.11929416656494,-13.42273557130378,-628.9182689344151,0.822828882884088,1.079456806182861,0.4117647058823529,39.184239331413714,0.8871623091795351
02018000,6.398219615221024,0.6445793509483337,0.8433836400508881,1.0374242067337036,0.0525201968848705,1.9945895299315453,-12.75727910390627,-763.0697765222463,0.8756551083741303,1.093069553375244,0.0555555555555555,27.20454798804389,0.9265211659160622
02027000,-8.793515712022781,0.3662471771240234,0.5581981241703033,0.9016934037208556,0.1611454486846923,-5.454163625836372,-19.886855030687936,56.08106972110842,0.6355463640247929,1.2691383361816406,0.3684210526315789,53.05436284918535,0.7747738427692371
02027500,25.08863210678101,0.2132640480995178,0.2907317876815796,1.224503755569458,0.3235958218574524,29.880040884017944,-14.10224501399226,-210.7117425925617,0.4434366949517827,1.4562454223632812,0.2105263157894736,88.59714708830181,0.7737238615453341
02028500,-6.000334769487381,0.5165351033210754,0.6513581275939941,0.9415619373321532,0.0801990777254104,-3.335490077733993,-26.251397834882244,19.218959718575,0.7726899318870524,1.1260429620742798,0.3888888888888889,48.71482849121094,0.8200888230023399
02038850,-12.346138060092926,0.3610621690750122,0.497542142868042,0.903006911277771,0.0803739577531814,-14.78436440229416,-39.42941534486083,82.09264879791903,0.6625157162064952,1.1785963773727417,0.3,57.77854442596435,0.7305722424525084
02046000,-21.773631870746613,0.5971159040927887,0.6440677046775818,0.7458806037902832,0.0144326668232679,-17.556412518024445,-19.287588763039672,-4.778958590840869,0.6774430827881728,1.037079691886902,0.5,44.6478271484375,0.8048298338352428
02051500,2.7275295928120613,0.5837243497371674,0.73100346326828,1.004846453666687,0.0590453073382377,0.2360227750614285,-19.984199104254188,-13.33764309619144,0.8206511673468098,1.121207594871521,0.3809523809523809,29.2550836290632,0.8678968788923596
02053200,2.660158649086952,0.638642430305481,0.7654388695955276,0.9526960849761964,0.0055250138975679,-2.066265605390072,-37.08304655729463,60.86304857766979,0.8688487810847438,1.0100047588348389,1.1176470588235294,26.645876379574045,0.8780865608432158
02053800,-19.362320005893707,0.5054766535758972,0.7247832715511322,0.8132824897766113,0.0645279064774513,-16.746655106544495,-23.99670871097391,20.670117803984432,0.7395813003893992,1.1089460849761963,0.25,39.62313890457153,0.8547924896872943
02055100,-14.957351982593536,0.4798340201377868,0.4355534315109253,0.8541004657745361,-0.0089637860655784,-15.139628946781158,-33.909951184222194,-73.73966735404485,0.6498460435674469,0.984350085258484,0.2352941176470588,51.91187017104205,0.6820751672379991
02056900,-16.938312351703644,0.4853094816207886,0.6463770270347595,0.8062114715576172,0.0304972454905509,-15.859520435333252,-23.154951309236534,-20.456143690822834,0.7206407247882018,1.0478447675704956,0.2857142857142857,61.38630821591333,0.8045556623815306
02059500,-21.03772759437561,0.4215043187141418,0.5482309460639954,0.8281823992729187,0.0878439247608184,-15.35993069410324,-35.26000069211055,48.8163006430067,0.6493712981352986,1.1754602193832395,0.4736842105263157,74.92157785516036,0.7497343210392198
02064000,31.670495867729187,0.4051771163940429,0.0695931315422058,1.3514424562454224,0.1454354226589203,24.065570533275604,-26.50252388698561,72.8743355667886,0.4702136656015215,1.2695404291152954,0.3684210526315789,57.61200252332186,0.7092944494236425
02065500,16.562610864639282,0.3603872060775757,0.5402753353118896,1.1248098611831665,0.1417496800422668,18.97999495267868,-37.71395854987856,91.1772997146344,0.6647492097811,1.2475544214248655,0.3684210526315789,49.164676666259766,0.811499603908014
02069700,0.3731684759259224,0.4259476661682129,0.7117410898208618,0.9937083721160888,0.1658854782581329,3.386314958333969,-25.38238117473692,59.1027139222425,0.7623239698975656,1.19809889793396,0.0833333333333333,30.372450749079388,0.8688240214781142
02070000,10.924416035413742,0.4089173674583435,0.6223324537277222,1.107093334197998,0.0854709967970848,6.379705667495728,-23.260631929138736,66.2605085672947,0.7690018963288787,1.1249743700027466,0.0476190476190476,51.37075696672712,0.8379119112567903
02074500,-12.29771226644516,0.4834797978401184,0.6881171464920044,0.8533340096473694,0.0379330962896347,-11.297041177749634,-24.99806649553216,3.9581995658488336,0.7642880703500083,1.0734021663665771,0.1904761904761904,42.48778479439871,0.8307034465031907
02077200,-21.911868453025814,0.4771540760993957,0.437221884727478,0.8084865808486938,0.0074342805892229,-25.28189420700073,-33.412286629117766,-11.169782968929306,0.6218080683635693,1.0226699113845823,0.2777777777777778,50.12750095791287,0.6746727454428603
02081500,-9.543754905462263,0.6161748468875885,0.7749558985233307,0.922408938407898,0.0416993983089923,-9.016362577676771,-34.309185585448176,19.51756292884527,0.8163201001474434,1.1176669597625732,0.0952380952380952,37.27733521234421,0.8822187648600642
02082950,23.67619127035141,0.4245033264160156,0.472523033618927,1.2186269760131836,0.2176921814680099,23.740285634994507,-24.80495512445723,-146.3223996009038,0.5239505375333926,1.383882999420166,0.35,39.53927516937256,0.8226326444064367
02092500,-27.215084433555603,0.5270905494689941,0.6619963049888611,0.7558176517486572,0.0301351081579923,-19.90376263856888,-35.18890949953272,-144.46198014437633,0.6875983125926659,1.0653971433639526,0.6470588235294118,51.82695388793945,0.8164434453983072
02102908,-13.325846195220947,0.3650878667831421,0.5547125339508057,0.818547785282135,0.1914504170417785,-7.549263536930084,-18.333140834100732,63.37439612995283,0.6537572691857013,1.1851756572723389,0.24,33.24074172973633,0.7705025090126648
02108000,-6.743882596492767,0.5852842628955841,0.7856643795967102,0.8853257298469543,-0.0080583794042468,-6.044188514351845,-28.656217124605494,-257.11223480038103,0.8381582460873729,0.988130748271942,1.0,34.83437487953587,0.8864144113991671
02111180,5.293509736657143,0.4408419728279114,0.6368453204631805,0.9995793104171752,0.1162041574716568,1.8470022827386856,-20.5514661950946,59.06210378928881,0.7656255334115275,1.1560176610946655,0.2857142857142857,43.8093003772554,0.8251008775452089
02111500,0.6275122985243797,0.5073526799678802,0.6861941814422607,0.9664131999015808,0.0821208730340004,-3.2980766147375107,-25.188623721208632,54.68550008893853,0.8181435368081144,1.0830068588256836,0.4583333333333333,37.55689064661662,0.8417168314327025
02112120,-3.263545408844948,0.4210109710693359,0.6627771258354187,0.9838935136795044,0.1796943396329879,-1.520321145653725,-17.380439289064213,59.32721422150734,0.7485646552185278,1.1974533796310425,0.2916666666666667,37.75793313980103,0.8451695231032826
02112360,-6.426739692687988,0.425512433052063,0.6323709785938263,0.9250742197036744,0.1628668308258056,-2.163556963205337,-23.10700044094649,37.09804873163529,0.7457618982599794,1.161685347557068,0.0833333333333333,33.13231658935547,0.8186688438003388
02118500,-3.317837044596672,0.4383010268211365,0.699784517288208,0.9152562022209167,0.0750723779201507,4.581467062234879,-15.031983867607252,78.38473277932262,0.7793665705331364,1.129797101020813,0.1666666666666666,63.58882056342231,0.842995823294792
02125000,-28.060251474380493,0.5314869284629822,0.6365184187889099,0.7258124947547913,-0.0022002586629241,-24.67093914747238,-23.822811804424436,2.4873384238343834,0.6613146270970502,0.9907483458518982,0.3157894736842105,60.998404653448816,0.801396372940113
02128000,11.616208404302595,0.4047701954841614,0.5104016065597534,1.032233715057373,0.0658866763114929,7.837902009487152,-38.02747562748282,75.03621117875477,0.6972323710089368,1.1887222528457642,0.3684210526315789,65.21807218852797,0.765451207508353
02137727,-10.41749343276024,0.5128773748874664,0.6814763844013214,0.7582494616508484,0.0505257211625576,-7.920432835817337,-14.798608532461085,60.9877805760226,0.6931123391765477,1.0830594301223757,0.3333333333333333,44.94625273204985,0.8301829082767819
02143000,-1.6953693702816963,0.5206425786018372,0.7687558233737946,0.860797107219696,0.0791763439774513,-2.9147371649742126,-31.267006128424235,57.17983506674739,0.7729092849357744,1.133906364440918,0.25,51.18861198425293,0.8805770831364744
02143040,-15.35518616437912,0.546260803937912,0.7493086457252502,0.7780640721321106,0.0486139543354511,-16.079314053058624,-26.72948604085169,58.02303531621834,0.7289602513803916,1.088551640510559,0.2631578947368421,51.21085016350997,0.8720719099803008
02149000,-10.389180481433868,0.4972557425498962,0.6907746493816376,0.8459773659706116,0.0518395006656646,-11.78336888551712,-25.75779243394361,30.769004853920134,0.7622286451306312,1.0698009729385376,0.2272727272727272,33.04842602122914,0.8328471670000835
02152100,-26.46368741989136,0.4524906277656555,0.585234522819519,0.6588959693908691,0.0289937667548656,-24.94267374277115,-23.21617040929204,52.760317986670266,0.586664212614529,1.059191107749939,0.2941176470588235,59.8549113554113,0.7741882948137818
02177000,-20.780889689922333,0.6767419874668121,0.7708931118249893,0.7536418437957764,0.0298858974128961,-16.683287918567657,-15.425263929264904,10.137537794459506,0.7279270435647163,1.0312886238098145,0.1818181818181818,26.11636898734353,0.888858763210143
02178400,-15.27804285287857,0.6625677645206451,0.7726375460624695,0.8013573884963989,-0.0274117700755596,-14.49098140001297,-15.912297325295988,-7.118051737248512,0.7682147325418601,0.9749035835266112,0.2727272727272727,31.72796639529141,0.8832280299649565
02202600,24.383078515529636,0.4591401815414428,0.5077602863311768,1.1956970691680908,0.1417222172021865,26.05853378772736,-37.44777319832316,-4.084500404022339,0.5355271447987875,1.3801616430282593,0.4545454545454545,60.69937619295988,0.8185755928552048
02212600,24.610359966754917,0.5260872542858124,0.6297220289707184,1.2046242952346802,0.0970914587378501,18.30151081085205,-33.09899804116532,9.450406607107936,0.6240212179319999,1.2862859964370728,0.0,50.42839050292969,0.8676018481659221
02221525,18.11070442199707,0.5133876800537109,0.7089022994041443,1.153222918510437,0.1498513668775558,18.50605458021164,-16.026355805424732,65.46122783133002,0.6525794742500493,1.2931296825408936,0.7058823529411765,29.842982572667736,0.8937044301535049
02231000,-26.455923914909363,0.4952591061592102,0.783884659409523,0.7899006009101868,0.0811268389225006,-22.245927155017853,-10.733851387546808,-497.45697089620126,0.6832387861033116,1.212686538696289,0.6153846153846154,34.843738262469955,0.8953083318081378
02231342,-24.050316214561462,0.4146838188171386,0.5594801306724548,0.8676917552947998,0.0845719501376152,-14.875644445419312,-27.42020657631573,,0.6516239460743238,1.215486764907837,0.6,44.59380467732748,0.760363071540697
02245500,1.519612967967987,0.388344943523407,0.6540158987045288,0.9338048100471495,0.0957979261875152,0.3446079790592193,-29.821174511161708,3.194588862575805,0.6994021233513525,1.2330130338668823,0.625,29.71501052379608,0.8220050384956565
02246000,-12.14553639292717,0.5416941940784454,0.7921723276376724,0.9084447622299194,0.0444177612662315,-7.348507642745972,-16.504373362748044,-352.24695556066945,0.8156208261691483,1.1174752712249756,0.3571428571428571,51.731038093566895,0.8913129316338422
02296500,-17.633548378944397,0.6256448328495026,0.715428352355957,0.8174420595169067,-0.0484406575560569,-16.228505969047546,-11.053372248361269,-207.09959127527583,0.7403249936444405,0.8954718708992004,1.0909090909090908,52.60048779574308,0.8477581610758138
02297155,12.945131957530975,0.4435520768165588,0.4437935948371887,1.1138499975204468,0.0814675912261009,16.180741786956787,-32.37235940514928,-14.591233534575466,0.6657869641783891,1.2017759084701538,0.7142857142857143,73.08753558567592,0.7591203326581181
02297310,-34.304434061050415,0.5646229088306427,0.6956795156002045,0.724007248878479,-0.01913140155375,-30.441966652870175,-16.369113918381352,-2.316412475364589,0.6787022460762595,0.9518872499465942,1.0714285714285714,44.95994022914341,0.8426932573374137
02298123,-3.459569439291954,0.5429913103580475,0.5888843238353729,0.8999083638191223,-0.0279179252684116,-9.591734409332275,-2.3316969247249677,-47.17552270415887,0.7512651956734328,0.9512216448783876,1.0,76.9942011151995,0.7775784647979419
02298608,-12.992170453071594,0.4919490218162536,0.6541467308998108,0.9430208206176758,0.0723153948783874,-4.634453728795052,-18.65064972669209,-7.1129670587129326,0.7407448624976533,1.178796410560608,0.9444444444444444,56.29212591383192,0.8211189137753234
02299950,-13.73043954372406,0.4668334126472473,0.5648382604122162,0.8974740505218506,0.0781580358743667,-6.999630481004715,-9.649824817925635,-320.39684532348315,0.6659832710860871,1.216064453125,0.8333333333333334,46.03846338060167,0.7668224775546558
02300700,-9.794759750366213,0.2590718865394592,0.4973171949386596,0.943861484527588,0.1090209111571312,1.3863585889339447,-24.539211489642245,88.88720706575224,0.5700509333602716,1.3390766382217407,0.8235294117647058,50.72324416216682,0.7416752036734179
02312200,-11.635199934244156,0.4844986200332641,0.5339567959308624,0.8932525515556335,0.0296254064887762,-11.790373176336288,-29.878879182074098,-40.07292149294656,0.7179594643046455,1.0603021383285522,1.8,58.2714605331421,0.7460009879173858
02314500,-32.17265009880066,0.5358234941959381,0.639967679977417,0.8742578625679016,0.0716204866766929,-26.72055959701538,-8.332176617229964,-80.34384944630006,0.7366285562731925,1.126270055770874,1.9,25.29305458068848,0.8060688130795601
02315500,-6.093139946460724,0.6146889925003052,0.7755510956048965,0.9310535192489624,0.0807864293456077,-12.116191536188126,-7.210274088702512,-214.34746862792667,0.8006527384644496,1.1479212045669556,1.3,22.947356700897217,0.8855227939141123
02324400,-16.219131648540497,0.5233046114444733,0.6621034145355225,0.902304708957672,0.0263186171650886,-12.255758047103882,-38.70978200313988,-437.764954694534,0.7856311078782041,1.0586742162704468,1.1538461538461535,50.099901052621696,0.8184318630300739
02327100,12.637074291706083,0.4888036847114563,0.6504409313201904,1.073655128479004,0.0961415097117424,9.890139102935793,-19.6175785375773,-365.3330834483968,0.7331281296775869,1.2036480903625488,0.5625,47.37614691257477,0.8440417603657587
02342933,-20.39744257926941,0.5684464871883392,0.7129571735858917,0.8014410138130188,0.0019204483833163,-19.713124632835388,-34.25167432485303,-277.67523488235264,0.7483419042004571,1.006481409072876,0.2631578947368421,44.08254121479235,0.8455198474810431
02349900,40.11731147766113,0.4598808884620666,0.4915909767150879,1.355668067932129,0.1522104889154434,38.68846297264099,-20.788857716612256,-47.42913573019487,0.4714051421163027,1.3679760694503784,0.3888888888888889,64.72611427307129,0.8676883922463228
02361000,-17.18050241470337,0.5913473963737488,0.7895510196685791,0.8463249802589417,0.072837546467781,-13.297322392463684,-23.582524673900068,1.1020885478251086,0.7813443257548189,1.112662672996521,0.4,20.17617702484131,0.8927553530451098
02369800,-16.939081251621246,0.393490731716156,0.5914075970649719,0.8334826827049255,0.0824819952249527,-12.271204590797424,-26.30223981730802,6.048206069119384,0.6962340105053688,1.1191301345825195,0.1904761904761904,69.45427485874721,0.7756035418085778
02371500,0.998028926551342,0.6331025958061218,0.8230129927396774,1.0102007389068604,0.0800114348530769,1.685074344277382,-14.318819138489966,-483.1279352355263,0.8481054797029693,1.1258885860443115,1.3888888888888888,27.9596832063463,0.9156201793923268
02372250,-8.825616538524628,0.5918557643890381,0.7497205138206482,0.9246163368225098,0.0232563707977533,-1.1407170444726944,-21.49219602854007,-429.3758698464216,0.8429505376344584,1.0395467281341553,0.95,39.0135669708252,0.868023133659222
02374500,-15.636593103408812,0.5908560752868652,0.7963893860578537,0.8018118739128113,0.0069129671901464,-15.470673143863678,-19.556682462864856,24.73909631448859,0.776728981223654,1.0087350606918335,0.3333333333333333,36.06141181219192,0.897554340169112
02381600,-27.165469527244568,0.3790900111198425,0.425729751586914,0.6961109042167664,0.0867915228009224,-21.14528715610504,-14.09952092424016,24.73648939996439,0.5185320375654638,1.1528315544128418,0.5263157894736842,54.83520909359581,0.6592576746415744
02395120,-11.741778254508972,0.5448330044746399,0.604615181684494,0.8664078712463379,0.0115128522738814,-12.483865022659302,-15.821769899195736,49.53535460577077,0.7435454778386847,1.0220385789871216,0.4444444444444444,45.30812899271648,0.782201087908406
02408540,12.488902360200882,0.6273860931396484,0.7086111009120941,1.10766339302063,0.0476649366319179,7.954727858304977,-20.09384784298635,23.35337962224744,0.8148374838789236,1.0836652517318726,0.1111111111111111,37.198657459682885,0.8747247956209384
02422500,12.544156610965729,0.6029947102069855,0.7695185840129852,1.1007168292999268,0.0935790389776229,12.728507816791534,-11.71321569119696,-28.96825190123816,0.796923564522663,1.1478477716445925,0.2352941176470588,22.890747294706458,0.9038896708897584
02430085,-10.401655733585358,0.5188830196857452,0.5918754935264587,0.8880349397659302,0.0390224754810333,-13.158915936946867,-26.704296113352637,-38.61371213724832,0.7416677831329592,1.070504069328308,0.375,61.77300612131754,0.7781249546110018
02430615,20.02565562725067,0.3019410371780395,0.2402145266532898,1.1376185417175293,0.1463998258113861,20.8869531750679,-27.87942199237276,7.278343193940322,0.5847305998612494,1.2313696146011353,0.44,80.16158294677734,0.683807158356707
02450250,-4.810137301683426,0.634335845708847,0.7460649013519287,0.944172739982605,-0.0042648739181458,-8.654126524925232,-18.568315319608505,-300.3267158107947,0.8555745627177789,0.9898881316184998,0.2,29.98905897140503,0.8671851887365488
02464000,-6.055144965648651,0.6413654386997223,0.825230598449707,0.9641075730323792,0.0665862336754798,-5.178697407245636,-5.159570901128308,-226.51978046314204,0.820760721813267,1.1521589756011963,0.0526315789473684,32.506169770893294,0.9123296020582226
02465493,-2.405253611505032,0.4453203678131103,0.5396201014518738,0.8825739622116089,0.0710551142692565,0.7571958005428314,-13.380652601700142,31.291684601537344,0.7046247975090341,1.1043328046798706,0.25,36.73797130584717,0.7498554382691272
02469800,-5.187501758337021,0.5854751765727997,0.8065663725137711,0.9742259979248048,0.0717148855328559,-6.223393604159355,-8.368194189968833,-411.2217787034414,0.8103346642319357,1.1613564491271973,0.4117647058823529,29.764932744643268,0.9037049495866863
02472000,13.850876688957214,0.6540297269821167,0.8120141923427582,1.1151593923568726,0.0987457707524299,13.23448121547699,5.398151947817797,-698.0007872999721,0.7590617488098326,1.1982882022857666,0.65,30.205597877502445,0.926031465657004
02472500,-2.232740633189678,0.5794878602027893,0.7868825346231461,0.9669560194015504,0.0727410018444061,-4.871907830238342,-11.354209203699508,-17.60318806118403,0.821682281657455,1.1388444900512695,0.45,33.68903160095215,0.8931004602278223
02479155,32.43786096572876,0.5583795309066772,0.6779519617557526,1.270561933517456,0.0516748689115047,25.37747323513031,-21.998394860686226,-579.8020835598061,0.6868472365366106,1.1244022846221924,0.0,42.230297270275294,0.9031239710927816
02479300,12.12780550122261,0.6235887110233307,0.7323492467403412,1.0819200277328491,0.0562512278556823,4.65964749455452,-7.030567253922169,-6.825565884999298,0.828787498457781,1.0917123556137085,0.4,24.62848901748657,0.8808711891758411
02479560,1.8678350374102592,0.6066522002220154,0.7612509876489639,0.998775839805603,0.0850330516695976,5.0075482577085495,-15.92537677139307,-74.20095419898402,0.8260896660251337,1.1296550035476685,0.8,36.984825134277344,0.8840996732095976
02481000,6.682673841714859,0.5866910815238953,0.7652149051427841,1.0231356620788574,0.0523810423910617,7.5787171721458435,-24.574870311740973,-295.6744600290198,0.827654170689609,1.127938151359558,0.0434782608695652,33.29309795213782,0.8868644377414505
02481510,-10.388056188821793,0.6579066216945648,0.799472764134407,0.9296554327011108,0.0284248366951942,-6.856532394886017,-10.546929258262209,-403.8215133336648,0.8612562341703213,1.05768883228302,0.238095238095238,31.317172731672017,0.8952456538469435
03010655,1.85115858912468,0.5951458513736725,0.7651504427194595,1.026674747467041,0.0609558708965778,4.368774592876434,-18.021911314041823,-541.8529891364979,0.8561618771896748,1.085936188697815,0.3157894736842105,28.8690215662906,0.8877821988574838
03011800,-1.3370865024626255,0.5807760953903198,0.7467668354511261,0.9002583026885986,-0.0848490223288536,-1.6445118933916092,-25.796582711244294,1.3004572086404236,0.8070417998439049,0.8995422124862671,0.28,39.84215545654297,0.8688790872790837
03015500,-14.85096961259842,0.6158415079116821,0.7605691403150558,0.8410887122154236,-0.0673288628458976,-11.953400075435638,-10.093425786577454,-697.2409109102456,0.7783318234015506,0.9086103439331056,0.56,37.7819709777832,0.8753729006391323
03021350,-27.694061398506165,0.5657483041286469,0.6446307599544525,0.6886663436889648,-0.0982079580426216,-31.01227581501007,-10.353400670799848,-32.32997023231468,0.6021858138013141,0.8305947780609131,0.4,44.37107849121094,0.8193640346755562
03026500,-5.590634793043137,0.6081317663192749,0.7429313957691193,0.9196137189865112,-0.0123560531064867,-5.026889219880104,-16.249216644053412,-267.7612522695401,0.8410114344453027,0.9835017919540404,0.3181818181818182,40.1485183022239,0.8638265116359541
03028000,-10.298900306224825,0.5834011733531952,0.7461511194705963,0.9203961491584778,-0.0201071947813034,-5.475364997982979,-13.466060836456212,22.64363972690401,0.8417627655585309,0.9738869071006776,0.2272727272727272,48.28118410977451,0.8657600816667543
03049000,-6.278785318136215,0.5408707857131958,0.6393035650253296,0.8909347653388977,0.0760949999094009,-4.407669231295586,-17.808442219756348,35.33905189840881,0.7455292973862468,1.1257126331329346,0.0434782608695652,48.53683969248896,0.8074994884478484
03049800,-52.1600067615509,0.4094542860984802,0.2461358904838562,0.4414434432983398,-0.0555370710790157,-47.89942502975464,-20.31180113155844,-2.2164164694364152,0.2379914357455891,0.852816104888916,0.5,70.5198114568537,0.5030004768789178
03069500,5.209093913435936,0.6836749613285065,0.8716275691986084,1.0252723693847656,0.060155052691698,4.317489266395569,-4.494131787987,-443.8217625755197,0.8974364348668002,1.0788477659225464,0.1666666666666666,18.398805459340416,0.939472138254062
03070500,-7.988543808460236,0.6480226814746857,0.7696212232112885,0.8922868371009827,-0.0225730556994676,-10.31242534518242,-15.673003217022366,-273.23331503255866,0.8335673058823057,0.9662576913833618,0.3636363636363636,38.627966967496,0.8776923027001845
03076600,-11.306453496217728,0.5215566158294678,0.6352877020835876,0.9450949430465698,0.0907858982682228,-7.796633243560791,-12.675287582029997,9.577590669237326,0.758689247275963,1.1422998905181885,0.25,36.43515586853027,0.8130051999126888
03078000,-2.985133044421673,0.5810346901416779,0.7287394404411316,0.8893486857414246,0.0467423796653747,-7.153677940368652,-25.658414024369712,-242.15801301176523,0.805160370204717,1.069780707359314,0.1904761904761904,30.92183158511207,0.8556067145880851
03140000,-15.08370190858841,0.569194883108139,0.6946794986724854,0.8383303880691528,-0.0017100110417231,-13.989625871181488,-12.30213314154262,-291.2057141373311,0.7678916674089487,0.9965798258781432,0.1739130434782608,55.79430953316067,0.8334901893421784
03144000,-15.30579924583435,0.6503072082996368,0.7893680781126022,0.8286226391792297,-0.0090851709246635,-13.524729013442991,-10.899247993830274,-432.4064710673246,0.7957366076979036,0.9799683690071106,0.3,35.916786193847656,0.8906744888297685
03164000,2.856170013546944,0.5736135840415955,0.8118627816438675,1.0358479022979736,0.1551650166511535,4.569601640105248,-17.152769706809067,33.961890311694376,0.8302040805506207,1.1461920738220217,0.2608695652173913,22.546571233998176,0.9214286329881446
03165000,-4.355424642562866,0.4507030248641968,0.6587605476379395,0.9200651049613952,0.0651377364993095,-0.561398034915328,-16.751188978287164,47.97368578269703,0.786325619604761,1.083592176437378,0.2083333333333333,46.79200251897176,0.8203350300394682
03170000,-7.467213273048401,0.5530459582805634,0.7441585659980774,0.8948319554328918,0.0306771770119667,-7.192790508270264,-21.13383837434182,60.92835526135568,0.824465928794202,1.0344685316085815,0.238095238095238,32.54440171378,0.8637509160223045
03173000,-4.370105639100075,0.6203424036502838,0.7778280824422836,0.9427148699760436,-0.0013672633795067,-3.3018551766872406,-10.054548728608149,-193.2502791837885,0.8705222669904685,0.9977847933769226,0.2222222222222222,41.77492989434136,0.8839052538525407
03180500,5.353263393044472,0.6538524031639099,0.8009653836488724,0.9783395528793336,-0.0410031005740165,1.259054522961378,-7.634683073541448,-277.34051554303505,0.8821010362242051,0.9424996972084044,0.0476190476190476,32.156487873622346,0.8993784025727386
03182500,-6.077509745955467,0.7342124581336975,0.8751175478100777,0.9309229254722596,-0.0307049565017223,-8.149972558021545,-7.281886863563364,-470.152569892385,0.8933803960114164,0.950005829334259,0.1578947368421052,24.28523615786904,0.935994682808253
03186500,-10.033860057592392,0.6208368837833405,0.7451004683971405,0.9276053309440612,0.0427170023322105,-8.257757127285004,-10.644140627576942,-299.6810961142372,0.8353014764409596,1.0635521411895752,0.4583333333333333,40.77168305714925,0.8664120480543653
03213700,-5.912832170724869,0.6962901651859283,0.8818412721157074,0.9421224594116212,0.0322950109839439,-3.258700668811798,6.008164511555254,-676.8593372668597,0.9028971842351764,1.049332618713379,0.2777777777777778,20.08519834942288,0.939622521949172
03237280,-37.15502321720123,0.4672897458076477,0.4179311394691467,0.6383647918701172,-0.0613204538822174,-35.47220528125763,-36.933521888316335,-8.316535220477855,0.4740152939941315,0.8483079075813293,0.2857142857142857,59.76854960123698,0.6494726882387313
03237500,-7.786868512630463,0.579155683517456,0.6841200590133667,0.9431814551353456,0.0354382172226905,-7.635558396577835,-20.272672833734283,-111.02488327180428,0.804593901080528,1.0877763032913208,0.15,50.402140617370605,0.8349226937616809
03238500,-1.455333922058344,0.5816789865493774,0.693983405828476,0.9264644980430604,0.0011978925904259,-7.613298296928406,-17.780266708381717,-3.95390792328945,0.8218454601930852,1.0034306049346924,0.0952380952380952,37.49892598106748,0.8377662151229388
03241500,-8.273754268884659,0.6076630055904388,0.7623847275972366,0.8760691285133362,-0.0553871728479862,-10.872157663106918,-15.297980241907286,-465.7401750638609,0.7956322423041208,0.8962799310684204,0.1428571428571428,39.96167864118304,0.8749021711658191
03280700,-17.658069729804993,0.508705347776413,0.5814449489116669,0.8622617721557617,0.0230944752693176,-17.15424656867981,-13.83152737709102,-246.57433451881292,0.7244169103553121,1.0585625171661377,0.2105263157894736,47.11056759482936,0.7686028274338542
03281500,-23.579080402851105,0.7043796181678772,0.8523208647966385,0.7843983173370361,-0.037954181432724,-23.1432780623436,-16.408359961031717,-0.6751623569847048,0.7617549490258956,0.9210484027862548,0.15,20.1157283782959,0.9364133343856528
03285000,2.3023145273327827,0.624086856842041,0.7411478459835052,0.961332619190216,0.0176905822008848,-0.7144138216972351,-17.402430618392696,-153.40689195894396,0.8538009990919558,1.0447834730148315,0.2857142857142857,26.4961492447626,0.866308481673102
03291780,-2.1090710535645485,0.5425325930118561,0.6455137133598328,0.9721481800079346,0.004100086633116,-0.7362432312220335,-15.838500147029944,2.339737077269989,0.8156449943845905,1.0108869075775146,0.2083333333333333,48.71093432108562,0.8180865055528153
03340800,-3.552092611789704,0.6049499213695526,0.7096039652824402,0.9608628749847412,-0.0420108810067176,-12.121451646089554,-28.215729632387987,-272.7410969023881,0.8178494358221061,0.9034197330474854,0.1739130434782608,42.54300076028575,0.8506033283126895
03346000,-12.29906901717186,0.6197424530982971,0.7330507338047028,0.85423344373703,0.0163640901446342,-6.468157470226288,-14.755861968408007,-85.67981131051178,0.7892491699096362,1.0503053665161133,0.3888888888888889,42.98573864830865,0.8563427914837153
03357350,-19.41654533147812,0.4753718972206116,0.5336472690105438,0.7641000747680664,-0.04605083912611,-17.57119446992874,-27.799931083351986,-3.39449386232631,0.6186730778812506,0.8648009300231934,0.3478260869565217,55.828442780867874,0.7326375899915372
03364500,-22.356705367565155,0.6109970510005951,0.6617164611816406,0.7736760973930359,-0.0206570513546466,-20.235809683799744,-14.094794372613578,-7.075538206248604,0.7027168672870618,0.9467063546180724,0.217391304347826,42.932808917501696,0.8147581595149811
03366500,-9.906280785799026,0.6682123839855194,0.8548683077096939,0.8689630627632141,-0.0093205599114298,-12.453053146600723,-5.157494132713229,-135.46554464157333,0.8475032347100625,0.974100649356842,0.4090909090909091,36.39581853693182,0.9264214152095892
03368000,-12.031218409538267,0.4088267087936401,0.4320594668388366,0.8715875148773193,0.0255135595798492,-10.992275178432465,-18.628083724020897,-17.26816497811935,0.6478739085655425,1.087537407875061,0.5238095238095238,47.36953462873186,0.6840249690940113
03384450,-13.201917707920074,0.5795964300632477,0.6850820183753967,0.8611661195755005,-0.009032018482685,-13.042868673801422,-13.277502519442567,-0.749551280857594,0.7772733893200738,0.9702699184417723,0.1363636363636363,39.386315779252485,0.8283945834136222
03439000,-4.196368902921677,0.5461941659450531,0.7312663197517395,0.9322991371154784,0.1052510812878608,-2.0211702212691307,-3.819336876561732,38.406515226224286,0.8143125499360852,1.1071221828460691,0.2608695652173913,37.699193539826766,0.8642750567573396
03455500,-0.6108185742050409,0.359806478023529,0.494327962398529,0.9435712099075316,0.1251089870929718,4.824214056134224,-9.076955883193191,-842.8314265078851,0.6848419118414195,1.1720154285430908,0.4545454545454545,44.24542080272328,0.7420249924438249
03456500,-12.89120316505432,0.5455228686332703,0.6527142226696014,0.7821654081344604,-0.0201371200382709,-12.368791550397871,-14.015740735883586,-53.11894350455047,0.7082852263253907,0.9682531356811525,0.3333333333333333,51.37282326107934,0.8085901351217158
03460000,-0.4386006388813257,0.4974117875099182,0.7125141620635986,0.9108823537826538,-0.0282454919070005,-3.9974529296159744,-13.651321855159878,20.44396111165275,0.8208875594995945,0.9730257391929626,0.3333333333333333,39.68726112729028,0.8469911743440753
03463300,-13.878142833709717,0.5378864109516144,0.6281429529190063,0.7347896099090576,0.029660640284419,-11.564497649669647,-7.054063492556521,6.725275585727469,0.6594265841667148,1.0616631507873535,0.3809523809523809,38.1785301935105,0.79542395938151
03471500,8.191507309675217,0.4014607667922973,0.4303856492042541,1.1071985960006714,0.1378939598798751,14.574913680553436,-6.7748778709788375,-131.4662622807268,0.6861805352536975,1.1664942502975464,0.1578947368421052,33.365623574507865,0.7565440859477868
03473000,-8.18435475230217,0.5099281668663025,0.6681233048439026,0.969604790210724,0.0874610245227813,-2.6135360822081566,-7.499438596208955,-965.5038453267211,0.8052325310491053,1.0959959030151367,0.1578947368421052,27.253276423404092,0.8332808205762994
03479000,-0.5190808326005936,0.5211690366268158,0.6990545094013214,0.8772502541542053,0.03510033339262,2.761542052030564,-18.508974772463983,-517.0127464494055,0.7869909795070188,1.063121318817139,0.1304347826086956,69.5898968240489,0.8377623908677237
03488000,-11.754723638296127,0.5782842934131622,0.7096628248691559,0.902017056941986,0.0711045935750007,-4.072564095258713,-3.5371313810052563,-53.208778106707655,0.7829526180757542,1.118983030319214,0.4,37.28770017623901,0.8471865602575596
03498500,-1.3196182437241075,0.617782324552536,0.7940245717763901,0.9349780082702636,0.0355129763484001,-2.746002934873104,-19.23891173466442,31.30212708168022,0.8625424220260994,1.0563185214996338,0.2105263157894736,39.32619094848633,0.8927854931921788
03500000,-19.040076434612278,0.7537248730659485,0.8684594631195068,0.7910824418067932,-0.0510509498417377,-16.760481894016266,-10.9054683569299,18.327763954761327,0.7793911649997646,0.954001247882843,0.1818181818181818,21.00786079059948,0.9460942789454264
03500240,-12.85707950592041,0.6056533753871918,0.7902330458164215,0.8441380262374878,0.0401536561548709,-11.852480471134186,-12.42087918579834,27.909057101653723,0.8056425243695998,1.0402687788009644,0.391304347826087,33.36053516553796,0.8910950004721796
03504000,-17.470985651016235,0.5547863841056824,0.7276558578014374,0.7677558660507202,-0.0877442955970764,-18.1788370013237,-22.39637065538514,9.361302520112584,0.7212590622486683,0.9297932386398317,0.2916666666666667,35.18163760503133,0.8627768850231233
03574500,-13.593284785747528,0.6543087363243103,0.803194060921669,0.9205407500267028,0.0268652103841304,-10.844136774539948,-16.949159687731548,-271.1023865154812,0.8551891510530439,1.0634968280792236,0.2105263157894736,33.26011958875154,0.8969244821002741
03592718,-21.30893170833588,0.5485703647136688,0.5960798561573029,0.8451959490776062,-0.0031968413386493,-22.658216953277588,-20.7996791522803,-672.4588924671839,0.7269685058369701,0.9921680688858032,0.217391304347826,47.46987716011379,0.7752322009763499
03604000,-10.246917605400084,0.6118687093257904,0.814230352640152,0.8505275845527649,-0.0105189532041549,-10.11996567249298,-18.89318562702432,-44.57127369694564,0.8206871171084911,0.9756415486335754,0.2105263157894736,52.45175612600226,0.9039907669113918
04015330,3.0491676181554794,0.5816157758235931,0.64991095662117,1.010416030883789,0.0505648106336593,-0.0031582967494614,-23.477198651055623,-6.0757109569580425,0.7887795688437409,1.1222648620605469,0.8947368421052632,40.7831116726524,0.8280788542855202
04024430,-9.652068465948105,0.5824917554855347,0.7440605163574219,0.9695971608161926,0.097887746989727,-5.148132890462875,-8.642870299031728,-715.5153793646042,0.7605350483573113,1.2009989023208618,0.5,31.856179237365723,0.8734355037911208
04027000,-19.47225332260132,0.6351199746131897,0.8342390209436417,0.8520118594169617,0.047164749354124,-16.162890195846558,-6.310037120802067,-808.3324138250674,0.8048338446573076,1.0963361263275146,0.631578947368421,28.77708736218904,0.916881474975599
04040500,-5.260014906525612,0.6686702370643616,0.8657381683588028,0.9907891154289246,0.0426996387541294,0.3170180367305875,-3.895609686313971,-322.2752584901109,0.8993152075585475,1.0747756958007812,0.8235294117647058,23.706323960248163,0.9332079169968048
04043050,-24.835434556007385,0.5811932682991028,0.7745250165462494,0.7749698758125305,-0.0082395263016223,-25.75470507144928,-34.939288837982424,-998.6663734477066,0.747856004435822,0.9850465059280396,0.375,36.42914891242981,0.8872417155048903
04045500,-3.9595436304807663,0.6817068457603455,0.8993000239133835,1.0120909214019775,0.1134995222091674,-2.072693035006523,-7.941528247974531,-1.5067852408704665,0.8749160813969028,1.116721272468567,0.9411764705882352,16.396658560808966,0.95668786698769
04056500,14.494097232818604,0.5575345754623413,0.7827128469944,1.1295021772384644,0.1733697652816772,12.047292292118073,-11.936558550103724,20.41242694473235,0.7889444738986799,1.1485925912857056,1.0,24.882857501506805,0.9245423098458374
04057510,26.0178416967392,0.4875441789627075,0.6690196990966797,1.210195541381836,0.1977168470621109,24.287274479866028,-10.44244643248118,10.858344445855636,0.6976964362217422,1.1916546821594238,0.8823529411764706,28.974112342385684,0.8976586014234594
04057800,6.048592180013657,0.6057984530925751,0.7865356653928757,1.054422378540039,0.1009662076830864,12.234438210725784,-13.174017706212243,6.682546683685809,0.7975863711572713,1.170256733894348,0.5625,34.291812777519226,0.9050151253148389
04059500,22.92170077562332,0.5961492955684662,0.7036760449409485,1.128521203994751,0.083228051662445,20.5065980553627,-13.66404547013674,-467.1518178652647,0.7822542145175623,1.127586841583252,1.0714285714285714,27.977807181222097,0.8790986969718128
04063700,-13.290819525718687,0.5184282064437866,0.7570233643054962,0.9756430983543396,0.1820583641529083,-5.865468457341194,4.984371630532515,-52.931571622243055,0.7451727896070575,1.2298808097839355,1.0,36.59488889906142,0.8927691192241962
04074950,7.0450834929943085,0.5290896594524384,0.7993309646844864,1.0142725706100464,0.1964294165372848,4.347390681505203,-0.2835059525516497,25.867740256360577,0.8545633884019429,1.1207469701766968,1.1666666666666667,18.40953826904297,0.920198553180702
04105700,-16.062767803668976,0.3931974768638611,0.681392639875412,0.8651720285415649,0.1862083524465561,-12.321951985359192,-12.922709827739345,18.063464768975823,0.7778535190398183,1.0870749950408936,0.3333333333333333,20.6722895304362,0.8464147716932902
04122200,-4.484262317419052,0.591346800327301,0.8157671988010406,1.0078911781311035,0.1521649360656738,0.1026433892548084,-7.060171105956943,31.00742014819061,0.890110217080492,1.0750534534454346,0.55,18.238773345947266,0.9201221380874914
04122500,-1.5925439074635506,0.5652939677238464,0.7728642821311951,1.0138182640075684,0.1208319813013076,-0.1459212275221943,2.78002263958784,15.553790598731688,0.8815800261206155,1.053525686264038,0.6842105263157895,14.61850592964574,0.8952748993632614
04124000,3.2351702451705933,0.5307481586933136,0.7747107148170471,1.0670243501663208,0.1154694929718971,3.594613820314408,10.013438047564366,49.29083104067767,0.8776528251772044,1.0320249795913696,0.5,13.362034559249878,0.9027839089755484
04127918,30.47123253345489,0.4495946764945984,0.5303186178207397,1.289854884147644,0.1915437430143356,31.641867756843567,-8.811137934944888,-26.08099530160926,0.5968908231925356,1.2453185319900513,0.75,34.93067741394043,0.8647226093377255
04127997,6.53146505355835,0.1783909201622009,0.5241394639015198,1.0677824020385742,0.4644835591316223,6.511398404836655,-0.3836534198362822,-3.830833793839132,0.8112129668322333,1.1293442249298096,0.4583333333333333,12.941969434420267,0.8803498376788591
04161580,-11.320161074399948,0.437208890914917,0.6489502489566803,0.9649813175201416,0.142786830663681,-6.842989474534988,-10.704190088963289,21.36032973691781,0.7714323387741513,1.147918939590454,0.4285714285714285,32.82194591703869,0.8293047893288602
04185000,8.104759454727173,0.6544924080371857,0.7842623442411423,1.093630313873291,0.0575318112969398,12.12100312113762,-9.752144523134673,-300.0038230399384,0.8424141258692913,1.086004376411438,0.782608695652174,28.330535474030867,0.906887598636872
04196800,-11.606574058532717,0.646083414554596,0.7607758045196533,0.8345484137535095,-0.0662031397223472,-12.719808518886566,-17.590592421667758,-118.11724445628528,0.746488747952363,0.8535640835762024,0.391304347826087,42.42972912995712,0.8757009657945678
04197100,-22.111231088638306,0.6090463697910309,0.7224309146404266,0.7463939785957336,-0.0745436623692512,-24.397973716259003,-8.200362454423779,-145.92865382830396,0.661923605784586,0.8250097036361694,0.55,43.42498779296875,0.8608668608429553
04213000,-15.6780943274498,0.6101934611797333,0.673156201839447,0.83302903175354,-0.0587998144328594,-15.809918940067291,-10.43944503681561,-293.4094671165784,0.7350580632246011,0.895811915397644,0.3181818181818182,40.54528149691495,0.8226309817019007
04216418,-15.68741649389267,0.5835314989089966,0.6949065327644348,0.833315908908844,-0.04287651181221,-17.622344195842743,-10.654961642684627,-4.941713103222412,0.7564122198353334,0.934947431087494,0.4166666666666667,42.18941926956177,0.8347136312318865
04221000,-5.90062215924263,0.6518334448337555,0.8160082548856735,0.912647306919098,-0.0185881815850734,-8.852095156908035,-8.459423119464331,-529.0005236740515,0.8670046359960986,0.9724635481834412,0.238095238095238,33.86491366795131,0.9035685856196318
04224775,-16.794517636299133,0.5579946041107178,0.6957472562789917,0.826191782951355,-0.0141969108954072,-16.260650753974915,-8.044419236045671,-30.896608063993163,0.7587548225706773,0.9770861864089966,0.3809523809523809,49.67234929402669,0.8342746354175281
04233000,-26.947304606437683,0.5613492429256439,0.6446443796157837,0.7377623319625854,-0.0749193355441093,-25.474214553833008,-14.127326450473038,17.443161376721754,0.6586853647940597,0.8929201364517212,0.2272727272727272,57.27161927656695,0.8095768173500273
04256000,-1.4651861041784286,0.6157497465610504,0.7891678214073181,0.9330956935882568,0.0119874328374862,-3.4253593534231186,-16.64377580204187,4.87408681661467,0.8701182472001185,1.0135297775268557,0.4166666666666667,28.59759330749512,0.8895010017511159
04296000,-12.561246752738953,0.6240352690219879,0.7796945571899414,0.8621852993965149,-0.1094739586114883,-11.194735020399094,-10.355327639855394,-28.651941102396734,0.7825820413023215,0.872631847858429,0.391304347826087,34.95932454648225,0.8902045953517234
05056000,-27.553635835647583,0.3831723928451538,0.4970201849937439,0.7471121549606323,-0.1044798642396926,-27.816811203956604,-19.550218737763604,-167.3828048158496,0.5400821770331657,0.7441022992134094,1.818181818181818,77.40812301635742,0.7134890779637998
05057000,-31.254759430885315,0.5096916258335114,0.6356723606586456,0.7114560008049011,-0.1108855232596397,-29.94718849658966,-10.862905651491229,-262.91800818248845,0.5838522637306198,0.7671014666557312,1.8888888888888888,71.37873967488608,0.8111096294229987
05057200,-56.8963348865509,0.424055278301239,0.3118321895599365,0.4399380981922149,-0.0957493409514427,-52.577561140060425,-42.02629406780255,-237.7650417554688,0.2101117110100165,0.6287083625793457,2.0,75.7046620051066,0.5847931898337169
05120500,-11.476364731788635,0.0397981405258178,-0.0144824981689453,0.8791808485984802,0.1429577767848968,-2.057468332350254,-19.36571914800452,-19.354527277802674,0.2191081872210978,1.5337789058685305,2.1666666666666665,47.85908063252767,0.4429768087686732
05123400,-16.38772040605545,0.2933154702186584,0.1481883525848388,0.8815066814422607,0.0058846971951425,-13.684384524822237,-75.8034663101645,-146.56663420160737,0.5099533991176545,1.0177654027938845,1.2857142857142858,71.14120892116001,0.5248269841867217
05129115,-13.516345620155334,0.5637318789958954,0.7574666142463684,0.8626275658607483,0.0082126362249255,-13.66005688905716,8.667054981046956,48.644824169032006,0.8109187370485256,1.0091718435287476,1.0,25.791846911112465,0.8703990137990234
05131500,-7.290853559970856,0.6257651448249817,0.7812810689210892,0.9605408310890198,0.0611217319965362,-5.251218378543854,-11.850428950780405,-16.869137411311776,0.8447579038058217,1.1009979248046875,1.1111111111111112,26.80494785308838,0.8889031881431158
05291000,-16.797898709774017,0.4529042243957519,0.4793912768363952,0.8168176412582397,0.0246242228895425,-6.229186430573463,-31.795385105714978,-422.1305668143987,0.6379071631305199,1.0942806005477903,0.7777777777777778,63.7007819281684,0.7022306021124048
05362000,10.435239970684052,0.5982876121997833,0.757821649312973,1.1093506813049316,0.1164426654577255,11.073576658964155,-9.735050008609637,-767.890968477006,0.7049071397602018,1.2560980319976809,0.3684210526315789,81.36660425286544,0.9023474390014924
05393500,4.963631182909012,0.5915516912937164,0.7203066051006317,1.0181647539138794,0.0617623142898082,4.855884611606598,-6.360628686065193,-27.783215368367525,0.8069142170621704,1.136534333229065,0.5263157894736842,47.00939780787417,0.864683566638573
05399500,-23.343612253665924,0.5815892517566681,0.704303652048111,0.8278194069862366,0.0161862894892692,-18.499132990837097,-25.346874492828707,-337.54186823609984,0.7574586513613342,1.0583833456039429,0.25,45.758989453315735,0.8394648507491828
05408000,-22.730982303619385,0.515102207660675,0.500070184469223,0.5681611895561218,0.0133256921544671,-18.491050601005558,-11.4325559569447,-16.97395323769109,0.4872588445766228,1.0204037427902222,0.2222222222222222,33.82484118143718,0.72431463306975
05412500,-7.448229193687439,0.5654560029506683,0.6682584285736084,0.8731571435928345,0.0392704419791698,-3.703758865594864,-15.223522327523744,-27.692683800311723,0.7695400820904335,1.0683321952819824,0.7857142857142857,41.4146934236799,0.820129561546928
05413500,-13.015402853488922,0.3604999780654907,0.5805444419384003,0.7726165652275085,0.0004793185507878,-8.09231847524643,-27.5775854536828,-78.09315921016973,0.6708442834589632,1.000622272491455,0.4444444444444444,49.82184833950466,0.7620086722175494
05414000,-32.27924704551697,0.3654164671897888,0.4728908538818359,0.5977253913879395,-0.0479772463440895,-23.71234595775604,-0.5159498773175141,-152.77730584939425,0.4908824292057464,0.928022563457489,0.5333333333333333,58.33901723225912,0.6963635582045131
05444000,-8.037713170051575,0.3625346422195434,0.5369905233383179,0.8451589941978455,-0.0062261065468192,-7.322002202272415,-39.53669326260463,-50.96200346982054,0.6974569434028854,0.9896798133850098,0.4666666666666667,53.30002148946126,0.7402885105245943
05454000,-11.443954706192017,0.4365704655647278,0.4761171340942383,0.8860106468200684,-0.0442786663770675,-10.865452140569689,-22.18181394236016,0.4776142049103677,0.675838608959604,0.9020110964775084,0.2941176470588235,55.59382158167222,0.7127976156273678
05458000,-16.202104091644287,0.545015811920166,0.6369288265705109,0.7482043504714966,-0.0029106666333973,-11.207529157400131,-29.78915716908396,-683.1581016473581,0.6781940477052039,0.9924885630607604,0.6666666666666666,62.937399546305336,0.7997461607709168
05466500,-10.270268470048904,0.5869071185588837,0.7130735218524933,0.9436543583869934,0.0112292096018791,-9.855997562408447,-3.690999614885248,-472.9534862789261,0.8384426623150608,1.018486261367798,0.7777777777777778,50.48485332065158,0.8497195948511398
05487980,23.057281970977783,0.4761824011802673,0.4799122810363769,1.1953811645507812,0.0724503546953201,17.135579884052277,-36.551857813222405,-287.8577278021078,0.6401864018589472,1.2270253896713257,0.2222222222222222,42.01754993862576,0.8006222219238706
05489000,15.275232493877413,0.5327335298061371,0.4825968146324157,1.12007474899292,0.042830903083086,5.1478128880262375,-22.599075585366464,-84.91958639648959,0.707371489588372,1.145485281944275,0.2352941176470588,56.80096009198357,0.7762869416023946
05495000,-1.699296198785305,0.666748970746994,0.8080639392137527,0.9340040683746338,0.0012241756776347,-4.335909336805344,-15.050516812944467,-115.00285482526628,0.8797817600478052,1.003669261932373,0.4444444444444444,33.69488451215956,0.8995833741705334
05495500,-17.518793046474457,0.5732640027999878,0.7408402264118195,0.8196700811386108,0.0116222444921731,-19.06584054231644,-32.59308241153382,-141.94895325803603,0.769267106867914,1.040350317955017,0.2857142857142857,46.15327744256882,0.8618311171881438
05501000,9.803567826747894,0.5292149186134338,0.6671293079853058,1.0813946723937988,0.0773600861430168,15.053731203079224,-32.42938744271357,-221.0221920639217,0.6761996225851072,1.2762147188186646,0.25,43.12363266944885,0.8519222473568049
05503800,19.885408878326416,0.5497626960277557,0.6796630620956421,1.1546937227249146,0.0721194818615913,19.3924680352211,-28.174245438827448,-15.41325269719639,0.6544332741289816,1.2821097373962402,0.1052631578947368,41.20243223089921,0.873903567675579
05507600,-16.4199560880661,0.621056467294693,0.7038591802120209,0.7859418392181396,-0.0271064024418592,-20.730407536029816,-41.24767964777443,-20.217844053117805,0.7060287062142576,0.8759562969207764,0.1111111111111111,60.44477886623807,0.8412190656938187
05508805,2.756866067647934,0.5797294080257416,0.709492951631546,0.9404451251029968,0.0151934036985039,-3.620600327849388,-39.90874285481359,-12.153051861033138,0.8251305993156001,1.0615915060043335,0.4117647058823529,56.393376518698304,0.8475565332333272
05514500,-4.645676165819168,0.6136607229709625,0.7766435742378235,0.9738226532936096,0.0332000069320201,-7.518491148948669,-12.87756390618772,-147.622707225937,0.8399210573475344,1.1095359325408936,0.1666666666666666,27.41296821170383,0.8862375550432323
05525500,3.97770032286644,0.6674469709396362,0.8198151141405106,0.981643795967102,0.0259434673935174,-0.3540467005223036,-7.674472979823474,-359.84859798531727,0.8936944415044004,1.051332712173462,0.3684210526315789,24.94872494747764,0.9087373340216248
05556500,-14.538297057151794,0.5792238116264343,0.7316548824310303,0.8187279105186462,0.0055236872285604,-9.825465828180311,-23.01812389596413,-305.16900015526403,0.7682809097763451,1.012557029724121,0.3157894736842105,42.8953672710218,0.8562067896121311
05584500,-17.148321866989136,0.6301399171352386,0.7616837024688721,0.7930361032485962,-0.0580255985260009,-19.790437817573547,-20.49354605592191,-260.112401207778,0.7230699889068468,0.8614916801452637,0.45,51.90371990203857,0.8788735296619838
05585000,4.434788599610329,0.6271318793296814,0.7651199847459793,0.9968765377998352,0.0254363473504781,1.319857407361269,-11.124881504903058,-309.63810061658086,0.8718110712688572,1.0511999130249023,1.1304347826086956,27.548881199048918,0.8825214302974173
05591550,-23.90046864748001,0.5705536007881165,0.6846958696842194,0.7622767090797424,-0.0597197711467742,-24.893447756767277,-42.67453977096299,-19.56702696124393,0.6701447312811515,0.8442243337631226,0.2631578947368421,58.59463842291581,0.8325900926943591
05592050,15.493398904800417,0.5274609327316284,0.6466900110244751,1.13023042678833,0.0469602458178997,13.09804767370224,-45.07748430423664,,0.7573696321123542,1.1416274309158323,0.2,39.310669898986816,0.8521784786575215
05593575,-0.3454722696915269,0.6326274871826172,0.794590413570404,0.9422041177749634,0.0094221541658043,-4.798709228634834,-18.11708241262255,2.132179368420648,0.8735675651924356,1.0340023040771484,0.1666666666666666,40.84226290384929,0.8928149269410901
05593900,-15.672126412391664,0.544418215751648,0.6772392988204956,0.8538174629211426,0.0009739120141603,-12.78245896100998,-40.43730307627095,-13.499157415614182,0.7707987024058099,1.0036245584487915,0.05,41.025166511535645,0.8235042118120088
05595730,-5.12159988284111,0.640423983335495,0.8085662871599197,0.9003700017929077,0.0087749576196074,-6.140927597880364,-39.71442816242335,-15.517510032289092,0.8538342129021829,1.035875678062439,0.3888888888888889,38.91334798600938,0.8992466551486283
06191500,-14.612521231174467,0.7905114889144897,0.928572215139866,0.9394066333770752,0.0389040298759937,-12.57406622171402,-6.240001550723843,10.72907612572964,0.9144021676722072,1.0491154193878174,1.0,18.623801469802856,0.9647422576038174
06224000,3.3701859414577484,0.7228287756443024,0.8315721899271011,1.0583606958389282,0.0798641890287399,7.197216898202896,-15.557184146382982,-805.9516294421511,0.8456814104290834,1.121618628501892,1.1,23.645825386047363,0.9250522484014904
06278300,-14.986443519592283,0.6604804694652557,0.761578693985939,0.944411039352417,0.0417051464319229,-11.518866568803787,-9.802051126096355,-878.4881451383168,0.8273963626041434,1.106805682182312,0.8,32.77958869934082,0.8763293512996202
06280300,-7.213928550481796,0.7551634460687637,0.864903137087822,0.8818672299385071,-0.085372619330883,-6.694717705249786,-17.124038926554167,-2.968221946016224,0.8141766996373094,0.8719064593315125,1.0,29.57610130310059,0.9354477542273572
06289000,-21.781663596630096,0.5602363646030426,0.7150408327579498,0.8679158091545105,0.0621113255620002,-20.406293869018555,8.096726408923008,39.96328658118537,0.7833290335463458,1.0801845788955688,0.5555555555555556,32.40034050411648,0.8481102125223912
06311000,-23.245400190353397,0.5459243059158325,0.5645599067211151,0.8297231197357178,0.0172416791319847,-20.265647768974304,-15.38130780215706,-6.027142271472641,0.699647336745645,1.0362656116485596,1.2,47.29428291320801,0.7552505121901107
06332515,56.20174407958984,0.0692103505134582,-0.4742980003356933,1.420005202293396,0.1077971383929252,57.94694423675537,581.5382565787365,36.33425265610396,0.0499667921867965,1.721824049949646,0.4545454545454545,76.98221206665039,0.5470885661538011
06339100,-37.93178200721741,0.3249361515045166,0.1691954731941223,0.5492148399353027,0.0101671097800135,-29.061368107795715,-21.974381146644284,-9.428757274867143,0.2682676480137417,1.0766935348510742,0.5,73.39107990264893,0.4287355462477699
06339500,-13.695164024829865,0.3049789071083069,0.1600044965744018,0.7501060366630554,0.0455151572823524,-5.109358951449394,-27.65189769124104,-99.71787442702244,0.3617428262628344,1.2787970304489136,0.7777777777777778,67.15965800815158,0.4830885542691323
06344600,4.573911800980568,-0.0095419883728027,-0.2661504745483398,0.8556081056594849,0.0660206750035286,8.609412610530853,-27.752186910849403,-32.12962779998795,0.085473486368339,1.5381646156311035,0.8888888888888888,53.40420934889052,0.2748182493562978
06350000,-14.773093163967133,0.243803858757019,0.4032978415489197,0.6935029625892639,0.0354118309915065,-7.52294734120369,-32.471629300793644,-283.217058276187,0.4385163679878997,1.3009757995605469,2.0,69.63724560207791,0.6384242774261095
06352000,-27.688246965408325,0.4626777768135071,0.6085198521614075,0.6616309285163879,0.0214084591716527,-19.71047818660736,6.065793585485535,-80.01750535871602,0.5658977068385217,1.174013614654541,1.1428571428571428,55.30894143240792,0.7910252783080375
06353000,3.635259345173836,0.2699440717697143,0.3148311376571655,0.9899952411651612,0.0715830028057098,9.140454977750778,-65.54769423915468,-65.2931785214681,0.3970474976494563,1.4955023527145386,1.0,62.954747676849365,0.6565920161880391
06354000,-0.5911196116358042,0.3811801075935364,0.4941537976264953,0.9271792769432068,0.0506991520524024,0.6015388295054436,-41.47313271385121,-16.650729489842885,0.5708183288205071,1.3267710208892822,1.5714285714285714,62.611593518938335,0.7314581055461093
06360500,-2.5409601628780365,0.4902089238166809,0.5380439162254333,0.9693875908851624,0.0465380288660526,-0.1881789532490074,-53.93245407661428,-39.45358572922253,0.6549623177029162,1.2491995096206665,2.125,59.92411375045776,0.763328313865075
06404000,15.031422674655914,0.5415721535682678,0.6351764500141144,1.1695019006729126,0.0505419671535491,16.12970530986786,-33.07047752957756,-17.770396881781668,0.7296270586069771,1.1550365686416626,0.4444444444444444,46.831046210394966,0.8574016287273794
06406000,23.707884550094604,0.1241238713264465,0.2208617925643921,0.9476218819618224,0.0744654387235641,28.34671139717102,-43.323290010071766,30.50296853033206,0.5419377745804959,1.204081892967224,0.3333333333333333,82.19906489054361,0.5932714466994458
06409000,0.0307464244542643,-0.0562057495117187,-0.2568866014480591,1.0447100400924685,0.2916362583637237,9.18438658118248,-7.486505899254392,48.43914954164446,0.4165634025506377,1.1578845977783203,1.6153846153846154,43.453436631422775,0.4401145390862546
06431500,-29.855775833129883,0.0933058857917785,0.4053775668144226,0.775674045085907,-0.2175356447696685,-24.156811833381653,31.23980918559777,26.11103512573286,0.5928358040168353,0.8867095708847046,1.0,36.78819338480632,0.679647339462633
06447000,6.501288712024689,0.4449780583381653,0.4968315958976745,0.979272961616516,0.0381273105740547,2.486675232648849,-48.36262472451119,,0.7231566319499045,1.1034575700759888,0.35,48.743672370910645,0.7440524047639008
06447500,-4.780782386660576,0.4586241245269775,0.5795112550258636,0.9519730806350708,0.0807347819209098,-2.909675054252148,-18.629003071995147,-31.983347382917067,0.7637570172340169,1.0821870565414429,1.3571428571428572,39.66127804347447,0.783783789554213
06450500,5.77409453690052,0.2822926640510559,0.2041351795196533,1.0995559692382812,0.034033503383398,10.996069759130478,1.4487700780797856,65.39683441909972,0.6279438842948898,1.0340415239334106,0.9411764705882352,66.1716573378619,0.6431309247484566
06452000,-5.531797185540199,0.3947420120239258,0.3313940167427063,0.9845328330993652,0.0739998444914817,-2.4235472083091736,-12.183594859315818,-4.940303225552949,0.6126428639171846,1.1909749507904053,0.75,62.928569316864014,0.6633475296497129
06453600,-19.78718936443329,0.3022113442420959,0.343360424041748,0.847451388835907,0.0860961750149726,-17.308518290519714,-34.728361178226244,-12.409042896260312,0.5002129858378519,1.3002017736434937,0.6363636363636364,60.20979447798296,0.6306832310084983
06464500,-5.280431360006332,0.4155208468437195,0.4281960129737854,1.0349714756011963,0.0985794141888618,1.7387792468070984,-1.5823738518181172,5.586772811001213,0.6877145980620163,1.1512683629989624,1.3846153846153846,56.4932603102464,0.7290441908475533
06468170,-41.21168255805969,0.2234375476837158,-0.0190571546554565,0.6027147769927979,-0.0268854573369026,-37.60663866996765,-31.51143385688736,-11.981797406702627,0.17451263896321,0.8816421627998352,2.4,80.4771900177002,0.2861475942571176
06470800,-60.92808246612549,0.4058984518051147,0.2013944387435913,0.4435997605323791,-0.0691667050123214,-51.974326372146606,-48.52703093079757,-10.888148766884353,0.16249119409958,0.6935137510299683,2.0,40.60964981714885,0.4541923849254196
06477500,-23.49725365638733,0.5548146665096283,0.4177151322364807,0.7694306373596191,-0.0126159852370619,-19.547419250011444,-22.186449226890332,7.99362761667797,0.5808393115728868,0.9338306784629822,1.2857142857142858,46.943092346191406,0.6562630764354362
06479438,29.55816984176636,0.1342586278915405,-0.2159563302993774,1.1603320837020874,0.1184450760483741,43.34640204906464,-50.80685849995753,-171.01361244210972,0.2712683938632408,1.4984475374221802,1.0,97.26950905539772,0.4931534461435377
06601000,31.919440627098083,0.2002363801002502,0.0815725326538086,1.1885874271392822,0.0155814066529273,41.96808040142059,-9.875545521316695,-883.4111997236893,0.5829717894010154,1.0221730470657349,0.1111111111111111,82.08939234415689,0.6287108044337976
06614800,-3.3611394464969635,0.6809470653533936,0.7441474199295044,1.0646402835845947,0.0819473341107368,3.730981796979904,4.429236428676614,-283.50661512375785,0.7923844934899691,1.1602839231491089,1.4,29.28853988647461,0.8849569808226052
06622700,-3.9284292608499527,0.6968561112880707,0.8129136115312576,1.0025774240493774,0.0412583164870739,-4.371306672692299,-1.0160065548209132,-1.059217713974005,0.8704890299775331,1.0906606912612915,1.0,39.56972360610962,0.9075495413669852
06623800,-12.43693083524704,0.7532416731119156,0.8658175468444824,0.9053401947021484,-0.0230708178132772,-9.007427096366882,-0.3484314541955685,-20.15581855979053,0.8750977549139013,0.9564349055290222,1.3,23.253374099731445,0.931136550825162
06632400,2.0839760079979897,0.6937344670295715,0.8255316913127899,1.1383060216903689,0.1100371927022934,10.276894271373749,-7.44886188361544,-1529.8470520476155,0.705580713094935,1.2521823644638062,1.0,32.61293888092041,0.9370856461583348
06746095,-24.7556209564209,0.6385546326637268,0.6982643008232117,0.8198970556259155,0.0006805740995332,-23.693810403347012,-4.038225791425124,-824.2743711562506,0.7562594776158453,1.0013864040374756,1.6,33.43677520751953,0.8357731764792032
06784000,9.034822881221771,0.2663771510124206,0.1970475316047668,1.0634883642196655,0.1320609599351883,6.621071696281433,-32.41050628127668,52.73966239118049,0.5999731239328345,1.1449049711227417,0.9375,41.76210761070252,0.6325856854602916
06803510,2.424084208905697,0.0652040839195251,0.3667775988578796,1.1974128484725952,0.1030488535761833,-2.3359278216958046,-46.87808623649863,-244.4152047084564,0.4352573878654435,1.4696489572525024,0.0555555555555555,53.432114919026695,0.7562947637613517
06803530,1.0205259546637535,0.3405274748802185,0.560214102268219,1.0876258611679075,0.0355591811239719,-2.5712769478559494,-25.046280303666613,-693.473750705417,0.7394382406033715,1.144858717918396,0.2,93.28376134236652,0.8019341252070723
06814000,0.0883827276993542,0.5139137208461761,0.686803936958313,0.9795095324516296,0.0459891036152839,-3.35380882024765,-45.52444347418697,-13.04878548741178,0.7573388580327634,1.182529330253601,0.3333333333333333,58.63988134596083,0.8414200070700455
06847900,-32.93825089931488,0.0416452288627624,0.1803029775619506,0.535297691822052,0.0285221114754676,-27.082160115242004,-71.18440173346498,25.37161731040864,0.2468245524210116,1.1848136186599731,0.875,78.83257865905762,0.4368224560871564
06853800,20.137670636177063,-0.1310635805130005,0.2275594472885131,1.0489280223846436,0.1895239949226379,28.070837259292603,-75.50034598180352,-40.40237395037345,-0.0556829954932409,1.994793176651001,0.8333333333333334,130.33753236134845,0.650058331592649
06876700,-36.215826869010925,0.2066589593887329,0.350576102733612,0.7129161357879639,0.0942138731479644,-31.43404424190521,-43.051816564693816,-143.40801358119512,0.4386085232092032,1.2819867134094238,0.6923076923076923,79.20534427349384,0.6085581287304737
06878000,-28.2980740070343,0.4009832143783569,0.698527604341507,0.7213563919067383,0.041231345385313,-23.81788045167923,-44.687869100822354,-269.2140251188285,0.6367416264089165,1.1749529838562012,0.2,47.28140195210775,0.8460329934933469
06879650,-43.52072179317474,0.2906421422958374,0.1782905459403991,0.5568617582321167,0.0060930070467293,-38.790032267570496,-87.1709747404104,-329.8720467897642,0.2841241485040858,1.029661774635315,0.5833333333333334,87.67148653666177,0.4385492785975309
06885500,-30.61726689338684,0.5927171409130096,0.7057821154594421,0.7071898579597473,-0.0081205638125538,-25.95764398574829,-18.602531712373192,-189.71574276106392,0.6703604977361692,0.9651961922645568,0.2941176470588235,54.39734178430894,0.8526462856313847
06888500,9.674890339374542,0.4416720271110534,0.5199441313743591,1.098552703857422,0.0473435372114181,1.740727387368679,-30.772739606767782,-211.11309292425443,0.7170172354282021,1.1580337285995483,0.1111111111111111,42.736286587185326,0.7869461330273181
06889200,-23.643243312835693,0.5013048052787781,0.3791959285736084,0.583705484867096,0.0076710199937224,-19.93328630924225,-17.682785458879994,1.7887260343727671,0.4320166205241953,1.0490014553070068,0.1666666666666666,47.2408930460612,0.616720919682783
06889500,-25.825151801109318,0.5317806601524353,0.598468542098999,0.6278520822525024,0.0001602464326424,-22.11354821920395,-28.071670559155976,-197.72255237666016,0.572947144913215,1.0008437633514404,0.2,70.57944774627686,0.7905260006173005
06892000,-15.540730953216553,0.5740407705307007,0.7452680766582489,0.8009234666824341,0.0093484539538621,-15.801113843917848,-10.53993566369184,-80.53085042119153,0.7575408946495897,1.033730387687683,0.5238095238095238,37.79964219956171,0.8657717891200959
06903400,33.50309133529663,0.5818587839603424,0.4905290007591247,1.1723759174346924,0.0321978442370891,13.126282393932344,-24.34264707820069,6.78935200309409,0.7156669405316745,1.0971992015838623,0.2352941176470588,43.69528994840734,0.7958330413445256
06910800,-9.76492390036583,0.534368246793747,0.673658013343811,1.0184447765350342,-0.0035241662990301,-14.261890947818756,-31.583744610847116,7.1075277305145015,0.8381724990545241,0.9846946597099304,0.1363636363636363,66.58173907886852,0.8399572655837328
06911900,-14.999407529830933,0.5438153743743896,0.7388461828231812,0.8305144309997559,-0.0236116051673889,-19.35475766658783,-29.501235707036965,-15.8456283117142,0.7510955198439557,0.8827763795852661,0.0,74.34852236793155,0.8604052115611887
06917000,-3.984624519944191,0.6021275520324707,0.7486352324485779,0.9171192049980164,0.0162997227162122,-5.61521016061306,-43.54119336036786,-13.929702303089508,0.8275027080146122,1.071812391281128,0.2777777777777778,28.921254475911457,0.8668494460371363
06918460,20.348553359508514,0.5571524500846863,0.5657037198543549,1.1897605657577517,0.0746604427695274,21.591758728027344,-13.944592048480684,-377.5822359324604,0.7029124088288268,1.158158779144287,0.25,46.77125811576843,0.8349613224399297
06919500,8.111317455768585,0.5903231799602509,0.7243258059024811,1.0513912439346311,0.0640758946537971,3.5438384860754013,-33.30137201449128,-13.816367341608435,0.7568894475026451,1.2002636194229126,0.625,43.08505356311798,0.8721087824827083
06921070,20.65593898296356,0.5569722950458527,0.6861937940120697,1.1888636350631714,0.0820031985640525,21.01229727268219,-22.404011464601005,-251.1068253474517,0.654448460479631,1.2659072875976562,0.1111111111111111,39.02681668599446,0.8858522526806609
06921200,22.334498167037964,0.4157618284225464,0.5349962115287781,1.230980396270752,0.1074346452951431,22.03795164823532,-41.57678002940193,-10.168175119180308,0.4928469580013273,1.4212369918823242,0.2222222222222222,41.475089391072586,0.8374833509542958
07014500,-5.134937167167664,0.5878570079803467,0.7913359105587006,0.948677659034729,0.0709331482648849,-2.2190136834979057,-13.814514605979625,-58.86204346084233,0.8164084749677473,1.1408878564834597,0.2777777777777778,45.7867357465956,0.8940638056327825
07056000,10.4268379509449,0.6683810949325562,0.8657399564981461,1.038762450218201,0.0425053015351295,12.49239668250084,-20.80997039305364,-443.23512435372027,0.8496674419729089,1.1308598518371582,0.0714285714285714,29.6504054750715,0.9369678682479544
07057500,3.912550210952759,0.5520118772983551,0.8396060466766357,0.947814166545868,0.1119551137089729,6.730358302593231,-6.388627277089426,-226.63824304632544,0.8012446868327205,1.1758359670639038,0.4375,39.16639089584351,0.9234361313306164
07060710,-26.04897916316986,0.5278906524181366,0.5788306891918182,0.7416183948516846,-0.0027861825656145,-23.719319701194763,-8.915630822696151,-458.26801838283006,0.6478245196101016,0.986752450466156,0.4666666666666667,54.97459411621094,0.7610627330444576
07066000,6.58164843916893,0.5218063294887543,0.6663051247596741,1.0207589864730835,0.0630995407700538,6.164034828543663,-15.48986175387891,-479.7764034691584,0.7983393818021572,1.1192504167556765,0.1578947368421052,72.67078600431743,0.8387070754306192
07067000,-5.515941604971886,0.5244142711162567,0.7575058937072754,0.9444703459739684,0.0985920876264572,-2.989868260920048,-6.4672686043438565,-34.66165264692613,0.803477332782013,1.1440545320510864,0.2222222222222222,46.02579540676541,0.8784026807459828
07068000,-3.935736790299416,0.6092053055763245,0.8213082104921341,0.9139114618301392,0.0795996114611625,-3.768698126077652,-8.20546896414968,-58.75770947179832,0.8354647399415387,1.1073181629180908,0.1666666666666666,27.98750400543213,0.9097590597003332
07071500,-23.889489471912384,0.4897496104240417,0.6917939484119415,0.7282638549804688,0.0568495467305183,-17.322197556495667,-10.8753273078203,-111.0178425076616,0.6734183030048166,1.0873678922653198,0.3571428571428571,52.2467851638794,0.8413118665328325
07083000,-2.74458546191454,0.7146290242671967,0.848024532198906,1.0533418655395508,0.0876497030258178,4.139391332864761,-1.255718989423812,-38.6504261699213,0.8447068710054858,1.1294701099395752,1.0,25.838894844055176,0.9328576741101292
07142300,-8.1204853951931,0.145885169506073,0.445820689201355,0.8934345841407776,0.1368703991174698,-3.972885757684708,-50.97089266873952,-50.80185228404681,0.4561338847837899,1.4454312324523926,1.0,72.49807119369507,0.706699504638902
07145700,10.035943984985352,0.5524431765079498,0.650187075138092,1.0488715171813965,0.0436125285923481,10.336443781852722,-5.300175363049296,-211.86720367556256,0.746212841865264,1.1867876052856443,0.4090909090909091,41.530778191306375,0.8352884735237143
07148400,40.18857181072235,0.2259655594825744,0.2341598272323608,1.39144766330719,0.2394070327281952,34.52715575695038,-20.147790071449943,-204.14777974632776,0.3260940835856014,1.5109819173812866,0.4117647058823529,49.2037436541389,0.8004620557913479
07149000,35.00874042510986,0.2195409536361694,0.3581732511520386,1.3238736391067505,0.2659795880317688,29.067137837409973,-0.7268267455430895,80.69086823153671,0.4617348489850486,1.392217755317688,0.5789473684210527,40.89732672038832,0.8239304935474258
07151500,-1.188250072300434,0.527920126914978,0.515711098909378,1.030303955078125,-0.0091877663508057,-0.2642444567754864,6.254917412042245,-276.74129352808256,0.7621479778426697,0.974539577960968,0.4,41.431989669799805,0.7654642422560081
07167500,-11.75381764769554,0.5326573550701141,0.6725380420684814,0.8495624661445618,-0.0232189446687698,-16.891105473041534,-12.943425540165004,-42.49343607316526,0.7358235889929444,0.8771768808364868,0.2352941176470588,63.595126656924975,0.8209128537861857
07180500,-15.900760889053345,0.5191272497177124,0.6414614617824554,0.8693434000015259,-0.0140865808352828,-17.340704798698425,-20.018857356001757,-3.705645766969568,0.7561399932045749,0.9377840161323548,0.2631578947368421,57.58949580945468,0.8037202834155185
07184000,-14.63426947593689,0.5845058262348175,0.770548403263092,0.8506290912628174,0.0127939525991678,-16.35890007019043,-44.57252017741388,-17.601776346201888,0.7991709221340335,1.056739091873169,0.2777777777777778,38.366521729363335,0.8783393013626389
07195800,17.783957719802856,0.3504217863082886,0.441942036151886,1.188845992088318,0.0590687841176986,12.006082385778427,-22.08469756296605,95.16548012315114,0.6879588954751162,1.118652582168579,0.125,51.67325735092163,0.7817606659421428
07196900,29.010924696922302,0.3548513054847717,0.3611726760864258,1.21759295463562,0.0597373954951763,20.71574330329895,-33.34222488362501,-0.9713108910069972,0.6261917657721952,1.184662938117981,0.3181818181818182,67.84737326882102,0.758576096139829
07197000,6.378414481878281,0.6167671084403992,0.8509198874235153,1.0769364833831787,0.0371128283441066,7.4555449187755585,-7.6202719753114305,-435.45587945817095,0.8591388622110167,1.0979255437850952,0.3157894736842105,43.0259202655993,0.9341727599072374
07208500,3.3323049545288086,0.507326751947403,0.6646545827388763,1.093378663063049,0.1060487702488899,6.62604346871376,-21.28918136750949,1.4398167552977836,0.7553463935316607,1.1741714477539062,1.4545454545454546,47.43311621926048,0.8557775356269667
07226500,-42.85351037979126,0.3772546648979187,0.1144475936889648,0.6914805173873901,-0.0355863720178604,-47.09932208061218,-85.13901587814536,-1903493554687.5,0.3062710249929335,0.7540237307548523,0.5833333333333334,86.06916268666586,0.4294114489572709
07261000,-8.223947882652283,0.6776264309883118,0.8467875272035599,0.9160918593406676,0.0257338415831327,-7.226105034351349,-21.308476394730707,-8.665615324364666,0.8657502379529131,1.0683746337890625,0.2631578947368421,30.04803155597888,0.920581286871388
07291000,-18.72354596853256,0.4621379971504211,0.6016678512096405,0.7287933826446533,0.0420471243560314,-12.7454936504364,-10.46171748404573,-1111.996328636383,0.6096129519490128,1.1724512577056885,0.2105263157894736,37.03948573062294,0.7783931821798783
07292500,0.0941187550779432,0.5181443691253662,0.7480164170265198,0.9626906514167786,0.0881534814834594,4.62120957672596,-4.410224928695372,6.0179752136780325,0.7318628915482923,1.233667254447937,0.2631578947368421,45.94551889519942,0.8738844353939546
07299670,-26.82689726352692,0.1653959155082702,0.3920422196388244,0.711568295955658,0.0056648137979209,-23.259657621383667,59.43569730304209,8.159267239688532,0.5310129609931016,1.0283677577972412,0.4666666666666667,80.09684244791667,0.6312843030516707
07301410,-6.163984537124634,0.3369914889335632,0.0620753169059753,0.730573296546936,0.0108202816918492,-0.2453394932672381,-16.609756385884673,-2.25852631271495,0.3491943021382512,1.0177927017211914,0.625,61.15269064903259,0.4078507556357154
07301500,-2.0710306242108345,0.3641418218612671,0.409632921218872,0.9212856292724608,0.0898450687527656,0.0104971528344322,-20.04017927989344,-13.162794895993398,0.6167839235545711,1.2071281671524048,0.6875,42.12666749954224,0.6873395908349095
07315200,29.50080931186676,0.1184178590774536,0.1998504996299743,1.331009030342102,0.1236393973231315,34.719064831733704,-78.17668430871426,-1390.4519571793976,-0.0902051195351256,2.0072872638702397,0.5454545454545454,115.92222560535778,0.7463218721738398
07315700,31.84219896793365,0.4121962189674377,0.236333966255188,1.3662340641021729,0.1154913380742073,26.003530621528625,-44.00980909905025,-39.72175384363891,0.2979035075166418,1.554938793182373,0.8888888888888888,46.24700546264648,0.7744893996506348
07335700,5.89539147913456,0.3004127740859985,0.2499324679374694,1.0170410871505735,0.1226536855101585,9.371517598628998,-37.516877584675086,-19.068641876663424,0.4627076665448183,1.397390365600586,0.4736842105263157,70.5972018994783,0.6387887733385444
07340300,-7.245473563671112,0.5625894665718079,0.6755717992782593,0.9364126324653624,0.0476418435573577,-5.459672585129738,-25.11939919363838,-692.6755687416608,0.7788171290049769,1.1265963315963743,0.1666666666666666,36.0326886177063,0.8301415944442055
07346045,-18.90285462141037,0.6466725468635559,0.7778744399547577,0.8448415398597717,0.0115911280736327,-14.678320288658142,-27.026176023166254,-11.11247214414282,0.8041389139420594,1.0238192081451416,1.2857142857142858,33.926412037440706,0.882867329057826
07362100,-13.74601274728775,0.6122348010540009,0.6406899094581604,0.8826126456260681,0.0481320209801197,-8.870070427656174,-26.9172829470676,-1.9621699354284323,0.7333892413899122,1.1396362781524658,0.4666666666666667,100.98449071248372,0.805569509943881
07375000,-1.910468377172947,0.5081213712692261,0.4780998826026916,0.9129259586334229,0.0343452468514442,-4.111046716570854,-1.7593081517168436,-2.6729293707704658,0.6929928153641267,1.0876795053482056,0.5294117647058824,82.31387979844037,0.7189593853550154
08013000,36.10121309757233,0.5049761533737183,0.5502667427062988,1.3666945695877075,0.2118131667375564,34.984686970710754,-8.359200564809642,-655.9185563768655,0.3922080171890577,1.4745100736618042,0.5882352941176471,36.50597123538746,0.9010738811151884
08014500,-3.61601747572422,0.5371479988098145,0.6655089557170868,0.9841102957725524,0.106753721833229,1.2115299701690674,-5.272432790191907,-19.60551065683358,0.7201501541274544,1.2261823415756226,0.8888888888888888,41.49598545498318,0.8359725574977767
08023080,0.9698733687400818,0.6145525276660919,0.6398435831069946,1.0070799589157104,0.0308399684727191,4.37963679432869,-54.83859589865374,-39.244826703333416,0.7876399630740833,1.1151102781295776,0.2142857142857142,35.32406602587019,0.8216848763176275
08029500,-20.522665977478027,0.5566595196723938,0.4473261833190918,0.5989271998405457,0.0180545467883348,-13.509652018547058,-8.670960576441908,23.256820880515598,0.4790708957261276,1.0607733726501465,0.3157894736842105,42.8520353216874,0.6731753714473772
08066200,12.7143993973732,0.4921243786811828,0.414408802986145,1.1827547550201416,0.0337193720042705,7.712980359792709,-11.285331267626296,12.365664013334769,0.6711447557307011,1.1431045532226562,0.3,77.35700607299805,0.7670460173169555
08066300,12.61620968580246,0.490827202796936,0.5884186923503876,1.087301254272461,0.0930679142475128,12.034858763217926,-13.208553117207666,-927.5518545396582,0.7093883469533078,1.2092602252960205,0.8947368421052632,51.38709921585885,0.8182205127137694
08070000,33.61438512802124,0.4301111102104187,0.1533106565475464,1.31870698928833,0.1189866364002227,31.512612104415894,1.9525100843173728,-692.2042367909264,0.4354711398694816,1.3745757341384888,0.7058823529411765,53.77042433794807,0.7228507472612584
08079600,-55.15196323394776,0.4519246816635132,0.2637994885444641,0.4063813090324402,-0.0545250885188579,-56.95312023162842,-82.46937891417588,-221.9560558864598,0.1093126694002796,0.5294967293739319,0.5555555555555556,76.06470319959853,0.5314197582537339
08082700,-58.79887342453003,0.4564425349235534,0.3479359149932861,0.2642967402935028,-0.020916411653161,-54.99267578125,38.43936556158013,-2771.735820378203,0.1587119803760602,0.6494129300117493,0.5833333333333334,70.68932056427002,0.7912059579943478
08086212,17.343471944332123,0.0750144124031066,-0.6040732860565186,1.2683188915252686,0.0616109408438205,16.981007158756256,27.699007613780424,-42.672296376667965,0.0865010894911861,1.6320593357086182,0.3333333333333333,108.52579275767008,0.3975166159178981
08086290,-45.42519450187683,0.287828266620636,0.0470710396766662,0.7773959040641785,-0.0024842247366905,-44.19141113758087,-72.47321419930367,-265.69027205017403,0.3773099993320995,0.9754610657691956,0.5714285714285714,77.83327102661133,0.4189766836768064
08101000,-17.14322865009308,0.4908739924430847,0.5608766078948975,0.8407077789306641,-0.0026676226407289,-19.26577538251877,-37.95685959549962,-19.4475838315392,0.7065143568297989,0.985493302345276,0.1176470588235294,67.12443407844094,0.7539321906933399
08103900,-37.66520619392395,0.5158139169216156,0.4443690776824951,0.5652391314506531,0.0075059058144688,-30.77070415019989,-80.26512610041964,-92.5924110630941,0.4562883744712868,1.038304567337036,0.3333333333333333,54.104862213134766,0.6757499745036006
08104900,-13.89118880033493,0.5205335319042206,0.4946581125259399,0.6429710388183594,0.0015670091379433,-10.046585649251938,-38.229026028798565,-5.4210351353164015,0.5374767261594298,1.0105949640274048,0.3333333333333333,36.03034019470215,0.7061533623486297
08109700,-24.440786242485046,0.5747857391834259,0.6635425686836243,0.7724589109420776,-0.034448318183422,-24.74082857370377,5.629797410115171,-1.5347241073016498,0.6767430804329108,0.8619889616966248,0.7333333333333333,50.03470420837402,0.8164978415800987
08150800,-56.53355121612549,0.3811395168304443,0.2802225351333618,0.4494108557701111,-0.0532993376255035,-52.96379923820496,-13.99442645578043,9.908255239445042,0.2070095674058312,0.662735641002655,0.3571428571428571,67.63007300240653,0.5396325678415168
08158700,21.52183204889297,0.5384921729564667,0.5579923987388611,1.098415493965149,0.0861688926815986,23.70639741420746,-57.92067666600479,-63.516991280272414,0.6533549702961858,1.2703115940093994,0.7142857142857143,71.52702467782157,0.8065864293539576
08158810,-5.101399123668671,0.4754226803779602,0.4301804900169372,0.7849720120429993,0.0002849371230695,-9.03070643544197,-59.8481016048507,,0.6031837412590446,1.0011273622512815,0.4615384615384615,67.58662003737228,0.666496121985535
08164000,4.279553145170212,0.5840198397636414,0.5066018402576447,1.1080074310302734,0.0058777905069291,-3.763652220368385,-11.122636376241392,-129.73091374508817,0.7563650563611569,1.0210264921188354,0.3333333333333333,59.096236456008185,0.7826287341129938
08164300,-22.254206240177155,0.5403291285037994,0.5997952520847321,0.8410552740097046,-0.0259095802903175,-28.28214764595032,-65.82297453679142,-16.296753633619293,0.6936057470345955,0.8617695569992065,0.5882352941176471,64.15610593907974,0.7774997596452926
08164600,-8.780544996261597,0.5202843844890594,0.6056431233882904,0.9227206110954284,-0.0082884114235639,-15.810072422027588,21.502022618496447,15.033291545973556,0.7715702878119619,0.9560473561286926,0.4444444444444444,76.11536449856229,0.789580907335936
08165300,24.95831698179245,-0.1837984323501587,-0.0260734558105468,0.8836444616317749,0.053581565618515,30.595633387565613,-44.51195145051342,-493.3518513400835,0.3619459670552825,1.2591971158981323,0.5714285714285714,87.78473309108189,0.4286934336469173
08171300,15.848565101623535,0.5567442774772644,0.4964036345481872,1.1112467050552368,0.0334541872143745,15.08483588695526,-28.755497141448565,-34.56790043580998,0.7211917960398938,1.1293432712554932,0.1666666666666666,71.97817961374918,0.7794812856224188
08175000,-26.44440531730652,0.5562465190887451,0.6766947209835052,0.8918940424919128,-0.0045532640069723,-25.9568065404892,-36.96118412088071,-18.27947664555732,0.7930839711593072,0.975238025188446,0.4666666666666667,48.65530649820963,0.8253168882064037
08176900,9.732067584991457,0.3967314958572387,0.4750586152076721,1.0089513063430786,0.0352676585316658,6.985723227262497,-49.11677455903277,-22.898967725709674,0.6686415129886074,1.2058770656585691,0.2857142857142857,54.44820949009487,0.7405140565174123
08189500,-11.965695023536682,0.5998300909996033,0.7169206440448761,0.8309192061424255,0.0003459892468526,-10.260429978370668,-4.346823510647223,-0.244264788522874,0.771869792390986,1.001942157745361,0.1538461538461538,41.2744008577787,0.8468618114397445
08190000,6.698970496654511,0.4178397059440613,0.4719340801239013,0.9510133862495422,0.0127532389014959,6.55745342373848,-31.341255564333824,-715.5281569453679,0.7162785202613815,1.0420020818710327,0.2,50.31572818756104,0.7237138894970762
08190500,109.94361639022829,-0.0940372943878173,-2.089584350585937,2.267773151397705,0.0943181589245796,105.97988367080688,-33.7115849629144,-14.924853917137106,-0.6090233891701953,1.936039686203003,0.375,88.48876953125,0.6751350906224911
08194200,-43.36071014404297,0.4462188482284546,0.2287570834159851,0.5049415826797485,-0.0321138054132461,-38.76674771308899,-79.56567431168288,-323.5711879509367,0.2289763427192677,0.7189211249351501,1.0,74.5032397183505,0.4800102794100614
08195000,19.924534857273105,0.2285206913948059,0.0974122881889343,0.9838501811027528,0.0814063251018524,19.67613846063614,-33.24069619586864,-328.1385347221392,0.4443550856744122,1.3182328939437866,0.875,74.92800951004028,0.5447986386469844
08196000,72.4004864692688,0.1206698417663574,0.0262231230735778,0.9814926385879515,0.0779936388134956,68.4414803981781,-42.368949024403626,-208.98025674675856,0.2957883401315166,1.502716302871704,0.2307692307692307,163.28754425048828,0.507204039895523
08198500,3.853604197502136,0.0491768717765808,0.254920482635498,0.6370894312858582,0.0566538237035274,23.077845573425293,5.421294814813082,38.43201461468266,0.0212882465933017,1.7725647687911987,0.0,20.38964033126831,0.5211301916025677
08200000,-29.751056432724,0.4609344005584717,0.3062108755111694,0.4029674828052521,-0.0046907877549529,-18.90043616294861,-48.81213212927709,-10.843391081944526,0.2696081578405822,0.9570420384407043,0.2857142857142857,55.03897326333183,0.5814560596020999
08202700,-45.808979868888855,0.3995924592018127,0.3107120394706726,0.3381965458393097,-0.0092093860730528,-41.16072654724121,179487276.0772705,-1546828417968.75,0.2061239487025101,0.766955554485321,0.2857142857142857,72.13482175554547,0.6285896349057695
08267500,-19.86166685819626,0.6465945839881897,0.7991663813591003,0.7418049573898315,-0.0972399190068245,-21.137183904647827,-22.24408892187657,70.55538826804624,0.6990342114448856,0.8701943159103394,1.75,34.52541530132294,0.915939246790489
08269000,-18.57503354549408,0.6562303602695465,0.8148800730705261,0.7732825875282288,-0.0721105858683586,-17.751844227313995,-25.812994963049867,57.10902655720669,0.732666203000182,0.885278582572937,0.625,36.480408906936646,0.9169002389656252
08271000,-29.637590050697327,0.6138690412044525,0.7803354412317276,0.7013093829154968,-0.1310020536184311,-26.49604678153992,-21.52615922030529,-5.598553731520971,0.6491650572052339,0.8346350193023682,1.2222222222222223,38.36539851294624,0.91923184098695
08324000,8.551575988531113,0.6007066369056702,0.7586379200220108,1.0574151277542114,0.1036116406321525,6.608757376670837,-14.16074341087207,13.925261023384172,0.7960341367044743,1.1635565757751465,0.8461538461538461,48.11837856586163,0.8925066373418087
08377900,4.3724242597818375,0.5866418480873108,0.7503177225589752,1.0808991193771362,0.0794375836849212,14.28808867931366,-20.61256718521402,43.09789477575131,0.8157397267073521,1.1241198778152466,1.3636363636363635,37.88121830333363,0.890448930954493
08378500,-4.292502254247665,0.6088247895240784,0.7955387085676193,1.0352485179901123,0.0989334806799888,6.70696422457695,-19.29389899408457,44.007858907021415,0.8274084491644422,1.1407750844955444,1.1,25.690574645996094,0.9065775134959684
08380500,-52.49580144882202,0.5015470087528229,0.4661662578582763,0.6077462434768677,-0.0369438603520393,-46.72659039497376,-22.81332696313588,-620.4857914929929,0.4947286893565769,0.9335613250732422,1.0,60.62235832214356,0.6885164686106336
09034900,-4.3709054589271545,0.7517734467983246,0.870474100112915,0.9980672597885132,0.0048888283781707,-2.14387234300375,-6.081409150723887,-1040.0965969674255,0.934505010953356,1.0087838172912598,1.2,19.644964933395386,0.9351254852866808
09035800,37.415120005607605,0.5634539425373077,0.6057851612567902,1.2621601819992063,0.1400281488895416,32.957324385643005,-11.67155053533987,-87.10886761394701,0.6451666629663646,1.2061452865600586,1.3,24.47784423828125,0.8788271611554813
09035900,2.91485246270895,0.7627413123846054,0.8861015290021896,0.9454056024551392,-0.0540510788559913,1.3678240589797497,-13.071716423561192,-34.803524952716536,0.8889399932719333,0.9219520092010498,1.2,26.44339084625244,0.9428835576790806
09047700,-13.909289240837095,0.6263895630836487,0.7746089547872543,0.8267731070518494,0.0100993271917104,-10.67625731229782,-19.87653870111961,57.38486794919479,0.7899504460002063,1.012883186340332,1.625,24.31345134973526,0.8819013877949342
09065500,-25.203487277030945,0.7076341509819031,0.78899846971035,0.7628970146179199,-0.0745450034737587,-26.006898283958435,-17.26700321166755,-11.880810541857324,0.7076134241619123,0.8596193790435791,1.4,41.57053470611572,0.9021973143869936
09066000,-6.646785885095596,0.7924292534589767,0.918450728058815,0.8974738717079163,-0.0263621695339679,-8.557212352752686,-17.851464316483003,-278.33348533482484,0.878949650436103,0.9489531517028807,0.8,18.699753284454346,0.9608107230749562
09066200,-13.661286234855652,0.6970334649085999,0.7565670758485794,0.885283350944519,-0.0611061044037342,-10.801560431718826,-15.419229540971047,-663.3797027333795,0.7911877603024098,0.8813738822937012,1.8,35.76563119888306,0.8720527996596377
09066300,-5.386609211564064,0.7343781590461731,0.8063730150461197,0.8854413628578186,-0.0562316738069057,-5.004439875483513,-18.621705356131827,,0.8083925233254479,0.8835476636886597,1.6,33.214192390441895,0.8998571163719282
09081600,-12.65597641468048,0.7893721610307693,0.8991763964295387,0.8968769907951355,-0.0136155812069773,-13.04236352443695,-11.868324854569783,22.394790908825712,0.8835886358496319,0.980010151863098,0.5454545454545454,28.416878526861016,0.9498237441876474
09210500,-32.634395360946655,0.6610373258590698,0.769241526722908,0.6922923922538757,-0.1132654026150703,-32.32547640800476,-14.831982988527564,29.94132115962827,0.6507077362085854,0.8607237339019775,0.7,35.35451650619507,0.9109874425629656
09223000,-19.638238847255707,0.7467572093009949,0.8903194069862366,0.8099552392959595,-0.0144654158502817,-20.35987675189972,-15.686539860978716,69.2085289301794,0.8028582432359714,0.9735932350158693,1.2,23.33625078201294,0.9547170677625196
09306242,76.20271444320679,-1.2748308181762695,-4.019243240356445,1.8361504077911377,0.7046424746513367,92.0785903930664,-30.3716282568516,-18.977525637585824,-0.6704337542675138,2.0035529136657715,1.6666666666666667,69.4880379570855,-0.0411930524258774
09312600,-24.513079226017,0.6153828501701355,0.6790812909603119,0.8524138331413269,0.0279675275087356,-21.05889320373535,-19.70231817292549,71.61618676486395,0.7611795543738814,1.0680181980133057,1.25,60.61592698097229,0.8249941334124924
09352900,-22.943760454654694,0.6813431978225708,0.8071705102920532,0.8092550039291382,-0.0426909737288951,-21.749763190746307,-22.990347158658786,-674.1523393721501,0.7781981505175641,0.9392909407615662,0.75,43.19964349269867,0.9044656238093304
09378630,9.23945978283882,0.2408498525619506,0.1281875967979431,1.351427435874939,0.2534023225307464,19.26774233579636,-74.65670739218776,-335.2136616018042,-0.0024302355810879,1.9040489196777344,0.8,28.367137908935547,0.7468978756488946
09386900,14.563295245170591,-0.0347473621368408,-0.4830350875854492,1.1001684665679932,0.1376005560159683,24.749010801315308,-78.47821574141025,-231.63914242851885,-0.0803716609940721,1.84880006313324,1.5,77.46583620707193,0.3391613986686951
09404450,-10.066966712474825,0.5683671534061432,0.8630993515253067,0.9474400877952576,0.0772830992937088,-3.847011551260948,1.507152075356089,32.897135697980026,0.8687724569586048,1.099414587020874,0.1666666666666666,26.649810870488484,0.9323622622408164
09430500,12.587262690067291,0.4258208274841308,0.3036396503448486,1.0214743614196775,0.0524854511022567,12.85463571548462,-10.393719848158982,8.13683894921557,0.634458847081391,1.13432776927948,0.3333333333333333,55.275917053222656,0.660713636172802
09430600,-24.31461066007614,0.4387242794036865,0.2900518774986267,0.4994823336601257,0.0163978151977062,-16.482511162757874,-31.51922360189615,,0.3137806467275802,1.0954605340957642,1.0,72.46479034423828,0.5403628029440439
09480000,11.858397722244264,-0.2669310569763183,-0.3508831262588501,0.7393800616264343,0.0839278623461723,24.896836280822757,-13.58775579666108,-32.28405497348334,-0.2888282454745106,1.9212396144866943,0.8333333333333334,60.36009788513184,0.1371714731445933
09492400,5.86928017437458,0.5678720772266388,0.6865479946136475,0.9411472678184508,0.04179497808218,-1.2113072909414768,-14.000168762969412,-858.3933625450511,0.8193688411851097,1.0484474897384644,0.75,54.92382049560547,0.8362416042225059
09494000,-1.0003063827753067,0.5978387892246246,0.5781772434711456,1.0050536394119265,0.0919361412525177,6.267786026000977,-25.415153633723055,-312.5868397801912,0.7515491221555054,1.1393457651138306,0.6666666666666666,39.33032671610514,0.7943666924468816
09497980,-23.041149973869324,0.5549013912677765,0.7773367017507553,0.6865696310997009,0.0239917691797018,-19.67272013425827,-14.135640739422705,-1305.9412560534213,0.6410119953052764,1.149996042251587,0.375,45.38615942001343,0.9098058833704684
09505350,46.50334417819977,0.4789539575576782,-0.1266950368881225,1.455222487449646,0.071754902601242,38.03891539573669,-73.23494005847408,-17280.62022579038,0.3452345777047635,1.3504276275634766,0.8888888888888888,86.97630564371744,0.6858492034168152
09505800,17.96710342168808,0.3879955410957336,0.3443686366081238,1.0872080326080322,0.0692798867821693,21.171236038208008,82.40734897407152,-3971.895556481437,0.5690312871315228,1.301034688949585,0.4444444444444444,40.15890227423774,0.7041843368427307
09508300,-37.74301111698151,0.6186026334762573,0.7330961227416992,0.6522262096405029,-0.0260050054639577,-35.756269097328186,-84.747152732269,-85.53346308699975,0.5863220652041012,0.8056321740150452,0.4444444444444444,58.81738132900662,0.888626876231872
09510200,-32.50012397766113,0.6512235701084137,0.7609255164861679,0.7283746004104614,-0.0239269118756055,-30.7621568441391,-69.5612191603742,-107.15649767774278,0.6530235334928016,0.8160804510116577,0.4545454545454545,64.68240998008035,0.886925201271153
09512280,14.71930593252182,0.3003861308097839,0.4944663643836975,0.8489215970039368,0.0400669984519481,25.337418913841248,-86.28306382029453,-694.3548596392498,0.3586307417097141,1.555190086364746,0.5555555555555556,64.35934702555338,0.716638376574568
09513780,31.8437933921814,0.4150614142417907,0.3482747077941894,0.9974876046180724,0.0252769421786069,27.59918868541717,8.373249936737972,-351.96253896637165,0.5583958101319377,1.2974846363067627,0.7777777777777778,68.7809838189019,0.673640015412573
10172700,-66.65452718734741,0.1012669801712036,0.2791452407836914,0.3607064187526703,-0.3381884694099426,-61.661869287490845,-32.22753206964931,17.899185810329815,0.2545766052884861,0.7320584654808044,0.5,49.710965156555176,0.7258338306086982
10172800,-5.645589157938957,0.621650755405426,0.7882928550243378,0.8365328311920166,-0.0624224357306957,-5.154602974653244,-26.93547627920921,16.22329993739116,0.7922519039370631,0.9312808513641356,1.9,36.95623397827149,0.8917621380918881
10205030,5.226600542664528,0.4837917685508728,0.7018534243106842,1.1235026121139526,0.1857129037380218,12.099995464086533,-1.9308323393964413,34.50103137051151,0.7204662900107384,1.2250890731811523,0.5,34.066288471221924,0.8894508753727962
10234500,-38.52381110191345,0.6423681676387787,0.7397640943527222,0.6421492099761963,-0.0719861984252929,-35.291534662246704,-18.59909323502098,-12.152025737803458,0.6138936656883046,0.8939676880836487,1.5555555555555556,38.8004117541843,0.9011159148061336
10242000,-32.972732186317444,0.6112605929374695,0.7190749943256378,0.6959114074707031,-0.0379120670258998,-30.17684519290924,-20.972407683814723,-10.145190747241426,0.6563676750206235,0.9130616188049316,0.8,55.04054069519043,0.8656310283604729
10244950,-33.05737376213074,0.2706642150878906,0.6169908940792084,0.7538070678710938,0.0555084086954593,-25.66431760787964,-6.453238211553485,-15.916920914563198,0.6697576592253144,1.059904932975769,1.5,40.40853977203369,0.7881971605117534
10249300,-45.59117555618286,0.5252189636230469,0.5794378817081451,0.5701972842216492,-0.1015643551945686,-39.908525347709656,-15.367148072761111,34.25837057221057,0.4835445537850865,0.7929019331932068,1.4285714285714286,48.53687967572893,0.8022470122615372
10258500,73.39136600494385,0.1097545027732849,0.1233699917793273,1.503204107284546,0.1488775759935379,78.4305989742279,-75.11237917674973,-1954705078125.0,-0.3689079727662236,2.257258415222168,0.5714285714285714,243.71632167271207,0.8000101460875126
10259000,13.863621652126312,-0.0019972324371337,0.6709749698638916,0.8296763300895691,0.1963698118925094,26.721596717834476,-10.24550307306499,34.52424970072939,0.3664288077831961,1.589555740356445,0.125,41.25338196754456,0.8424362602372343
10259200,48.44105541706085,0.1310371160507202,0.1905814409255981,1.24960458278656,0.1130795031785965,53.66864204406738,-86.25879592764628,-582.5895756593184,-0.0901470549828777,2.0196986198425293,0.8888888888888888,84.94791454739041,0.7061754291570735
10263500,-35.47263443470001,0.5668568313121796,0.6718363463878632,0.6028030514717102,-0.0948908701539039,-32.71728456020355,-39.13301926852997,-813.4444848665784,0.4952181256215469,0.7187203168869019,0.8571428571428571,69.5439338684082,0.8661304192557747
10316500,-7.174941897392273,0.7592678964138031,0.8686945140361786,1.0150010585784912,0.0314415842294693,-0.0376079085981473,-13.534794459991303,-985.123376738057,0.9085114692685244,1.0635474920272827,1.0,32.28249311447144,0.9359154015853164
10329500,27.468284964561462,0.5879858136177063,0.599352240562439,1.222952365875244,0.1133889108896255,28.363090753555294,-5.250477256596219,-117.40842445871206,0.6665557197601939,1.205843210220337,0.6,41.225547790527344,0.8617758943546394
10336645,-11.565817147493362,0.7062398791313171,0.8496659845113754,0.8882058262825012,0.0316197015345096,-11.28539964556694,-14.83021372106515,-743.7719719404955,0.8488204853523058,1.0665112733840942,0.3636363636363636,30.630976503545583,0.9229704025405796
10336660,23.547017574310303,0.6273831725120544,0.8187964260578156,1.1591947078704834,0.1806166321039199,22.826923429965973,-13.470687078470991,-462.6432052999775,0.6162965475854665,1.34505033493042,1.181818181818182,17.60984550822865,0.94684314959228
10343500,4.536298289895058,0.5704385042190552,0.7786341458559036,1.093101978302002,0.1298171728849411,2.400988340377808,-19.9032021910206,-1801.132674734881,0.7289440417171138,1.2382820844650269,0.7272727272727273,28.99524515325373,0.910417622380799
10396000,-4.357464984059334,0.6422134637832642,0.7959858775138855,0.99110609292984,0.0941001400351524,-2.0750243216753006,-17.959852553090734,-110.18463500842,0.8370586085537911,1.129557728767395,0.6428571428571429,36.49308340890067,0.901584602931817
11098000,-31.968358159065247,0.7076526284217834,0.8355102092027664,0.6655121445655823,-0.0199564956128597,-28.21003496646881,-43.638785906346186,-3.561122225603313,0.6393491551902748,0.8709716796875,0.5,41.14735424518585,0.9607750208899036
11124500,7.326057553291321,0.5289295613765717,0.7074072659015656,0.9230585694313048,0.0566465258598327,10.508282482624054,-53.79931938001244,,0.6549978922875035,1.2992157936096191,0.25,75.2707302570343,0.8464539826544709
11141280,-5.619274079799652,0.1196825504302978,0.2690832614898681,0.9355729818344116,0.1360137015581131,7.495439797639847,12.301202561195351,-1057.218203917721,0.4629552487551908,1.375484824180603,0.3,56.65244579315185,0.6214800256526062
11143000,-5.487445741891861,0.5940124094486237,0.5875833630561829,0.9414023160934448,-0.0204520113766193,-6.668093055486679,6.325173898393734,-902.8238367884996,0.772077508386669,0.96222585439682,0.5,47.29897578557332,0.783002102434226
11148900,-24.648290872573853,0.6216736435890198,0.7118690609931946,0.7985126972198486,0.0231303907930851,-19.09262388944626,-76.69766564732437,-72.24516304295328,0.7319395935833595,1.085667848587036,0.0909090909090909,43.77281449057839,0.8453382140763184
11151300,-30.40163218975067,0.4574611783027649,0.4440149068832397,0.6168791055679321,0.0119366059079766,-27.864065766334534,-23.9415463683727,-18.51495396025784,0.4876290319827653,1.0762393474578855,0.4,65.39978981018066,0.6684431405992537
11162500,-24.203304946422577,0.6693326830863953,0.7444712519645691,0.7505457997322083,-0.0385306663811206,-23.49856048822403,-24.734236917196757,-488.2134977946925,0.6987618140240941,0.8896003365516663,0.1538461538461538,47.13306427001953,0.8722151770776141
11176400,-9.63115394115448,0.4837438464164734,0.3522605895996094,0.9614078998565674,0.0349351353943347,-10.56324541568756,-84.73092979014612,-171.6561905050865,0.6305730881493339,1.1498427391052246,0.6,57.08977222442627,0.6645390536239983
11180500,-9.6721313893795,0.5839284658432007,0.6761327385902405,0.9063870310783386,0.0312716402113437,-6.255843490362167,-81.26131430312428,-585.3207324348537,0.7701558731890904,1.1184793710708618,0.3333333333333333,59.60429112116496,0.8267153402352229
11180960,-38.12688589096069,0.5894425213336945,0.5635538399219513,0.5510966181755066,-0.0651671439409256,-38.782837986946106,-60.99129382247494,-63.15527706170888,0.4421940204531261,0.7434297800064087,0.2307692307692307,56.58279932462252,0.790703591007345
11224500,109.60252285003662,-0.1786906719207763,-1.1708929538726809,1.758806824684143,0.1751267611980438,112.52334117889404,-72.75488300218086,-610.0952811183535,-0.5388062005875311,2.262671709060669,0.3333333333333333,51.546128590901695,0.5552563874351752
11230500,8.210611343383789,0.572146087884903,0.6711757779121399,1.1634386777877808,0.1766258031129837,9.315036982297896,-10.080880959078382,-18.55312582169528,0.6527385267205105,1.2834125757217407,0.75,32.820987701416016,0.8835713035802935
11237500,-0.2814404433593154,0.693854808807373,0.8608257919549942,0.9803091883659364,0.0119648221880197,-0.9346392937004566,-40.09470971484484,-2.3516146765812524,0.9220688734211954,1.02617347240448,0.8333333333333334,30.61760663986206,0.929285915339832
11253310,-11.298446357250214,0.4033058285713196,0.3659744262695312,0.8100336194038391,0.0268507935106754,-3.5549521446228027,-77.49551529042684,-391.868057652759,0.5430710802072585,1.1918418407440186,0.5,67.97815561294556,0.6313626170257515
11264500,-9.345822036266329,0.7370984256267548,0.9066808968782424,0.9098896384239196,0.0173071231693029,-10.546701401472092,-31.176458721309043,-395.8183124426108,0.8944235707233681,1.0291534662246704,1.0,25.98266800244649,0.9533461624030912
11266500,-12.596161663532255,0.7570654898881912,0.9164076447486876,0.9375163316726683,0.0215213671326637,-10.54648980498314,-30.661400161505824,-561.11037861341,0.9167259283825554,1.035285711288452,0.8461538461538461,33.70768840496356,0.9577474169431582
11274500,-8.873499929904938,0.4601527452468872,0.415996789932251,1.0178837776184082,0.0358167961239814,-6.897854059934616,-67.30987612934788,-1474431445312.5,0.6463928183022711,1.2070608139038086,0.4444444444444444,55.40394253200955,0.7139160459029582
11274630,12.044664472341536,0.2036349773406982,0.0860027074813842,1.2465511560440063,0.1580103635787964,17.283891141414642,-79.03216198744906,-301.1513688459205,0.2341627204913053,1.6444791555404663,0.1111111111111111,89.2419073316786,0.6677863876773109
11284400,-23.93220067024231,0.6353781223297119,0.790907546877861,0.7756630778312683,0.0054371780715882,-20.93062251806259,-83.60748643495242,-94.90218329914008,0.7520512083433722,1.026107907295227,0.0833333333333333,54.63341077168783,0.8976773445785047
11381500,-9.221737831830978,0.6854880452156067,0.8586827367544174,0.867659866809845,-0.0742794126272201,-10.169168561697006,-14.17543285073856,-156.7617575707433,0.8281554326603597,0.914149284362793,0.2,32.06779797871908,0.9318362332618008
11383500,-5.7184528559446335,0.7229773104190826,0.8953724801540375,0.9370046854019164,-0.0283421594649553,-6.873869150876999,-15.046690150187786,-2477.797146086233,0.9072073498913006,0.9575403928756714,0.0769230769230769,25.055402975815998,0.9467154054558762
11451100,5.152624845504761,0.5361641347408295,0.7189026474952698,1.1431894302368164,0.1695955246686935,7.854265719652176,-13.919331930320253,1.8864344948983167,0.5096274184093974,1.457909107208252,0.2307692307692307,22.75984103863056,0.8986032279605033
11468500,-9.45851355791092,0.7637095153331757,0.8579393476247787,0.9490383863449096,0.0134977484121918,-7.308707386255264,-18.6114955192287,-365.68241537537057,0.9040002923558568,1.0351310968399048,0.2307692307692307,22.65033905322735,0.9266197312879304
11473900,-5.018889904022217,0.6632496416568756,0.7367895543575287,0.9235793352127076,0.0002297260216437,-5.325956642627716,-34.71249723847071,-270.6823355574611,0.8410848114114555,1.0004669427871704,0.1538461538461538,37.89212520305927,0.8606669417473569
11475560,-38.92224431037903,0.7282782793045044,0.7915343940258026,0.6780824065208435,-0.0730902403593063,-35.705843567848206,-20.46343888067868,-515.4277666597887,0.6323949143568874,0.8383818864822388,0.25,47.369349002838135,0.9266368799584648
11476600,-6.743407994508743,0.6822843253612518,0.7749044895172119,0.93597012758255,-0.0174532886594533,-7.336241006851196,-28.33784901992713,-229.26029100995623,0.8610751705302896,0.9639275670051576,0.0833333333333333,44.33904886245728,0.8821057115071905
11478500,-29.96741533279419,0.6711564362049103,0.7896700352430344,0.6967541575431824,-0.1246201395988464,-29.768818616867065,-35.138911916075315,-331.585554088904,0.5937319504004974,0.7399054765701294,0.0,37.87655830383301,0.9261994170766424
11480390,-7.496622204780579,0.6455482542514801,0.6493912637233734,0.8711506128311157,-0.0534354746341705,-7.81162679195404,-47.92694811708154,-33.9772483701884,0.7363930155606762,0.8705333471298218,0.2307692307692307,35.30244827270508,0.8099345810885377
11481200,-25.630933046340942,0.6606611609458923,0.7534223347902298,0.7501417994499207,-0.096498355269432,-25.45717656612396,-31.106754228073225,-515.3806641488334,0.6656772096464372,0.8108914494514465,0.2777777777777778,49.033498764038086,0.8834643235867495
11482500,-33.31679105758667,0.6575117409229279,0.7422399818897247,0.682259202003479,-0.1547401845455169,-34.37230587005615,-27.904918285651952,-248.2348739625893,0.5733073892588142,0.7323669791221619,0.25,43.07749569416046,0.9026350397449584
11522500,-41.4981335401535,0.6151011884212494,0.6390236914157867,0.6603556275367737,-0.1021775603294372,-36.08076274394989,-20.53369101844566,-53.29618141949102,0.5915068380071099,0.8592883348464966,0.375,46.74423635005951,0.8219309377271306
11523200,-10.10415405035019,0.7097569406032562,0.8347260653972626,0.8754171133041382,-0.0728973224759101,-7.016626000404358,-14.714855995777452,-730.3060180173976,0.818873756027559,0.8976280093193054,0.0625,32.776111364364624,0.917502750820636
11528700,-2.8266508132219315,0.6720298528671265,0.7491571307182312,0.9132830500602722,-0.0682355985045433,-4.577411711215973,-23.78512027655165,-352.2603740348322,0.8006575314143849,0.8769372701644897,0.2307692307692307,50.46248069176307,0.8693357168144641
11532500,-11.51946634054184,0.763130858540535,0.8950554803013802,0.900078296661377,-0.0032373666763305,-9.821473062038422,-20.45827670447996,-889.94093447252,0.8868884345028143,0.9947257041931152,0.3125,23.215144872665405,0.9472547513526212
12010000,-13.585487008094788,0.7406617105007172,0.9002881795167923,0.907289743423462,0.0209688507020473,-11.263928562402723,3.1028596122854792,-732.4219756692308,0.889526061875842,1.0333491563796997,0.3529411764705882,21.21910067165599,0.9500286772344868
12013500,-16.98274314403534,0.7699948251247406,0.8981285691261292,0.8689394593238831,-0.0245357956737279,-13.976265490055084,-12.084647536056808,-528.3591576620167,0.8548736307825782,0.9607139229774476,0.2352941176470588,21.85191967908074,0.9516119656103555
12020000,-33.65066647529602,0.6791992783546448,0.5753785669803619,0.6069629788398743,0.0011397636262699,-26.85331702232361,-14.592655050610984,-656.552727926693,0.5483277136772904,1.0027495622634888,0.5,28.093896593366352,0.7774641733632136
12025700,-24.106501042842865,0.6979032754898071,0.829857349395752,0.7548277378082275,-0.07243113219738,-22.99268394708633,-8.713698559659857,-56.229337158409045,0.7231542063620735,0.891758382320404,0.2222222222222222,33.98376835717095,0.9305888516959536
12035000,1.0798907838761806,0.7746123969554901,0.904672309756279,0.9465442299842834,-0.0645548328757286,-4.343259334564209,-5.904557898330082,-150.6314330147205,0.8858814553023401,0.9106144309043884,0.0588235294117647,21.256528181188248,0.9533551403325912
12040500,-7.693815231323242,0.6631043553352356,0.8284339606761932,0.8591689467430115,-0.1171356365084648,-10.283023864030838,-18.67767867319602,-781.6010769820083,0.7685849806504337,0.8348676562309265,0.3181818181818182,34.11794142289595,0.9196829117782528
12041200,-25.850680470466614,0.5703705549240112,0.7452459931373596,0.7022169232368469,-0.1468814462423324,-26.077330112457275,-32.51752023321521,24.00090992143563,0.6426395855269889,0.8313437700271606,0.3043478260869565,44.80300571607507,0.8971079151871192
12048000,-14.014919102191923,0.4889397621154785,0.6597378849983215,0.8893011808395386,0.0810730382800102,-12.216746062040327,-8.497243911482382,4.9321342919743545,0.7758219843889562,1.0730794668197632,0.7894736842105263,31.072754608957396,0.8192766045883269
12054000,-13.835613429546356,0.5039663016796112,0.7208241820335388,0.8231602907180786,0.0050888420082628,-13.871368765830994,-21.725210752329527,7.005850988367011,0.7676617917333707,1.0062493085861206,0.3809523809523809,42.26021993727911,0.8494353747262373
12056500,-25.498434901237488,0.539192795753479,0.7019141912460327,0.7142631411552429,-0.1121353954076767,-28.27013731002808,-1.2243475166899915,-779.3914274275853,0.6477567961189952,0.8514624834060669,0.238095238095238,48.25365883963449,0.8572893544896051
12073500,3.8848377764225006,0.6402815282344818,0.7932554185390472,1.046250581741333,0.0846899300813674,9.444844722747805,12.448734285507223,-41.66199494667149,0.8389156266931665,1.1220927238464355,0.2,24.655447006225582,0.9056473328622788
12082500,-7.998760789632797,0.5597882270812988,0.803827702999115,0.889336109161377,0.0170483216643333,-10.312453657388687,-14.658451301218037,21.77952751144504,0.8478696965701262,1.015428900718689,0.5,29.864299297332764,0.8967571721196304
12092000,-16.762615740299225,0.5263822376728058,0.7627775371074677,0.7801332473754883,-0.0760268121957779,-19.199566543102264,-26.549791609481314,18.089419990333763,0.7431802736955829,0.9380047917366028,0.2,29.574710845947266,0.8826476371699085
12114500,3.448980674147606,0.6421948969364166,0.8112884163856506,0.940274715423584,-0.0197129193693399,-0.0029867886041756,-14.75579385735711,-340.5166298987841,0.8828484073246237,0.9775239825248718,0.238095238095238,23.6269405909947,0.9017543146641994
12115000,3.5605523735284805,0.6482372581958771,0.836041122674942,0.97029447555542,-0.0004404066421557,2.803827077150345,-16.745988379109175,-897.9671690433397,0.9108681609039406,0.9994681477546692,0.45,31.416466236114506,0.9159655803178994
12115500,-2.568265050649643,0.6182408630847931,0.8064837455749512,0.8915116190910339,-0.0100252525880932,-2.789103239774704,-15.733764946998791,-628.4457873043334,0.8505086834256262,0.9858808517456056,0.238095238095238,25.17021497090657,0.8981247105944667
12117000,3.1718045473098755,0.656487911939621,0.8256207257509232,1.0159553289413452,0.0255630500614643,2.842123620212078,-8.524199287994676,-68.95517091324855,0.9101342767777382,1.0230791568756104,0.4,25.94536066055298,0.9146265368715512
12145500,2.013977989554405,0.7546925842761993,0.9153839349746704,0.9706716537475586,0.0164968259632587,-2.240546979010105,-16.968196242464643,-821.9222116348774,0.9424673840647718,1.0245068073272705,0.1904761904761904,19.09040723528181,0.9569969024712008
12147500,-10.10105311870575,0.599823385477066,0.8325650691986084,0.8934202790260315,0.0784652680158615,-8.295958489179611,-16.445447922149494,-14.653366806736864,0.8391239292543897,1.0865007638931274,0.24,28.46221160888672,0.9160983250372018
12147600,-17.299415171146393,0.4575945138931274,0.6906957626342773,0.865652322769165,0.0769930705428123,-13.883695006370544,-19.278001536466935,-689.4479240600563,0.7496720529506313,1.1321144104003906,0.1363636363636363,40.75028679587624,0.8351953724521425
12167000,14.803270995616913,0.5768505930900574,0.7618128061294556,1.147984504699707,0.0573995746672153,18.975378572940823,4.629559725065556,-66.89105257640695,0.8125342411254927,1.0681031942367554,0.4090909090909091,29.27383943037553,0.907231729271652
12175500,3.08740995824337,0.6654555797576904,0.8344805240631104,0.9488574266433716,0.0704033225774765,0.2871412551030516,-15.8979233373898,3.4963722859359807,0.8820352952242512,1.0661274194717407,0.1904761904761904,25.97407159351167,0.9167697581566658
12178100,7.5890518724918365,0.6142916977405548,0.7845546007156372,1.0052387714385986,0.0730053335428237,0.5869119893759489,-12.378408430608642,13.16326778662055,0.8704843258070903,1.0763368606567385,0.4166666666666667,19.947429498036705,0.8955033548838444
12186000,-14.893107116222382,0.5827776789665222,0.6640296578407288,0.820833683013916,0.0715560019016265,-12.755151093006134,-11.473754093300766,-103.4708432683199,0.7299256998434519,1.087881088256836,0.238095238095238,26.0407356988816,0.8180206803246987
12189500,-3.553500771522522,0.6157532036304474,0.8009753525257111,0.921559751033783,0.0219273380935192,-7.14794471859932,-16.147780152520866,6.370629044386328,0.8678758718838949,1.0201997756958008,0.4782608695652174,24.750869170479152,0.8956166601684054
12358500,-11.338711529970167,0.79178386926651,0.9205079525709152,0.9444661736488342,0.0102064711973071,-10.842922329902647,-9.992862608608402,-7.885334447024206,0.9299044106182944,1.0140573978424072,0.4615384615384615,21.52845676128681,0.9596047608316582
12390700,-18.67839097976685,0.7308266460895538,0.8664403110742569,0.846062958240509,-0.0149264326319098,-19.682665169239044,-10.198944202338918,-1393.8362384371826,0.8317403965630458,0.979594886302948,0.5,29.588502645492557,0.9352056124490076
12411000,-12.820300459861755,0.6436167359352112,0.7703578621149063,0.8721886873245239,0.0311552193015813,-12.262948602437971,-9.681538322827844,-57.14121696672345,0.8171452805959567,1.047780156135559,0.5,27.75859321866717,0.8782741874532576
12414500,-13.096895813941956,0.6818694174289703,0.8349999338388443,0.8893179297447205,0.0265921540558338,-12.05313354730606,-8.406294635898687,-46.23330737155997,0.8560158112137692,1.0342586040496826,0.5333333333333333,36.73527399698893,0.9145174053213088
12447390,3.1856223940849304,0.5402095317840576,0.635651558637619,1.0613545179367063,0.008309326134622,5.350473523139954,4.173915497382103,-739.8175038616421,0.8188094340238827,1.0148650407791138,1.0,46.96702162424724,0.8301627988627481
12451000,-7.607754319906235,0.7530777901411057,0.9117043986916542,0.9097784161567688,0.0192572362720966,-5.771685391664505,-15.680577776415811,-12.20957940881014,0.897272201246124,1.022144436836243,0.6111111111111112,37.62404123942058,0.956151506720968
12488500,-13.470341265201569,0.67111536860466,0.8152876049280167,0.9086133241653442,0.0197249315679073,-8.881974220275879,-0.3684025417846785,-14.510814110849646,0.8648804695900398,1.0229929685592651,0.6666666666666666,34.231816397772896,0.9031646429503544
13011500,-12.525922060012816,0.7339011430740356,0.8584728091955185,0.9498613476753236,0.0385891534388065,-8.501024544239044,-14.251416043355958,-59.164517421265415,0.884728083874118,1.0743852853775024,1.0,28.064110279083256,0.9276082911535783
13011900,-6.884139776229858,0.7581808567047119,0.8786949664354324,0.918285310268402,-0.0292231738567352,-6.252738833427429,-15.013077230956354,-8.98767540303882,0.8887719568207744,0.9569104909896852,0.6,23.0184268951416,0.9380509783386504
13018300,-27.85422503948212,0.6938028931617737,0.8163289725780487,0.8500242233276367,0.0188837330788373,-23.742184042930603,2.039798673524201,39.13339603478164,0.821204822596728,1.022937893867493,1.2,24.23619031906128,0.9054017183078226
13023000,-16.171883046627045,0.8085124641656876,0.9434072151780128,0.8842355608940125,-0.0199809782207012,-14.505413174629211,-9.354104466659756,43.29560197339381,0.8798204450276291,0.9786408543586732,0.7,24.85722541809082,0.9758027487241672
13083000,-9.22667682170868,0.3907979726791382,0.664846271276474,1.041083812713623,0.1445900648832321,-1.374675985425711,-30.25998239225136,-63.5691095319798,0.8244502077096596,1.0812162160873413,0.4,27.81112988789876,0.8498874550527242
13161500,-21.10370844602585,0.7182571887969971,0.8827188014984131,0.866944432258606,0.0240382328629493,-17.666347324848175,-21.397209998014404,-102.2139101343229,0.8489487401881198,1.0430424213409424,0.7272727272727273,28.176212310791016,0.942903161656006
13235000,-6.049837917089462,0.7930427491664886,0.936868980526924,0.9526833891868592,0.0120579553768038,-4.952526092529297,-9.68042602279202,29.84278131578379,0.9413248441499348,1.0136914253234863,0.5454545454545454,18.78123716874556,0.968118075218102
13240000,-18.922536075115204,0.7125263810157776,0.8484145700931549,0.892257571220398,0.0528887957334518,-13.488681614398956,-24.16139705526542,-482.0150973068064,0.8341338922477326,1.0999689102172852,0.5833333333333334,28.401915232340496,0.9231276920372002
13313000,-24.53503012657165,0.7664868086576462,0.9012569710612296,0.8794635534286499,0.0109112355858087,-20.57288289070129,2.7019784131437232,-261.8311848036673,0.8689635863528702,1.0188593864440918,0.3636363636363636,33.01369927146218,0.9521896424149936
13331500,-18.86000633239746,0.7731038480997086,0.9125356450676918,0.8595860600471497,-0.0155305555090308,-17.241419851779938,-5.974427979499803,-60.6278950844077,0.8525529922804151,0.9780310988426208,0.6666666666666666,31.73953692118327,0.9607328007834276
13337000,-12.54359781742096,0.7726559042930603,0.9063739255070686,0.9025883674621582,0.0092281978577375,-13.794894516468048,-8.91793745000879,22.706462923584,0.8912850419351717,1.0127253532409668,0.4615384615384615,18.61582902761606,0.9534384134909208
13338500,-11.89650148153305,0.7396198213100433,0.891037829220295,0.9384727478027344,0.0411885865032672,-13.930830359458923,-4.627588725482099,31.337402382701164,0.9016554174348034,1.0533525943756104,0.6153846153846154,21.28466642819918,0.944867842139379
13340000,-10.800880938768389,0.7738114595413208,0.9116896390914916,0.9618263840675354,0.0522634349763393,-9.28904339671135,-2.638258404227724,-731.5202449101232,0.9115175220752322,1.0667802095413208,0.3076923076923077,19.90715173574594,0.9562698323812382
13340600,-9.115534275770187,0.7266347110271454,0.8787300884723663,0.9534688591957092,0.0457950085401535,-9.629878401756288,-2.040525039437501,41.14474434602143,0.9066800665595564,1.0527119636535645,0.4,18.649671872456867,0.9386411228870232
14020000,-16.458287835121155,0.6807561814785004,0.7767133563756943,0.842666506767273,-0.0559902675449848,-17.17977672815323,-11.77929449656502,-52.61057029712922,0.7927781588100902,0.9311165809631348,0.375,26.58798098564148,0.8840597655897002
14137000,23.872731626033783,0.6224248111248016,0.7223311066627502,1.134843349456787,0.0600214302539825,19.93696540594101,-3.065059032790043,-76.55477822623088,0.8153813852362874,1.0564897060394287,0.2631578947368421,32.26459904720909,0.8872604012064712
14138800,4.708442464470863,0.6185756027698517,0.7933921664953232,1.0170269012451172,0.0529912486672401,2.864563837647438,-11.69772791462704,-483.7676992577015,0.8711542428811996,1.0793790817260742,0.3684210526315789,26.68309713664808,0.899948637461396
14138870,6.641139090061188,0.6529724299907684,0.8217391967773438,1.029399037361145,0.0652808025479316,4.012134298682213,-7.715810905330307,-639.2849396321645,0.8772884726011357,1.0843908786773682,0.15,22.778680324554443,0.9159048446409548
14138900,-11.550042033195496,0.6552838385105133,0.82966648042202,0.8906012177467346,-0.0115537131205201,-11.352908611297607,-6.964159363832456,-1213.318586826489,0.8583038951443835,0.985230028629303,0.25,26.25217199325561,0.9111656568749156
14139800,0.9840117767453194,0.6772924959659576,0.833404541015625,0.9650073051452636,0.0335577726364135,1.372716948390007,-13.219008755759123,-722.6061817673988,0.8982009263581849,1.043548822402954,0.1428571428571428,27.382133120582218,0.9148996899626626
14141500,9.476692229509354,0.655614584684372,0.8000443279743195,1.040546417236328,0.0473498851060867,7.993480563163757,-11.81280833568195,-867.3040321631852,0.8830833598423815,1.0561165809631348,0.15,35.892953872680664,0.9057852552089029
14154500,-2.4509288370609283,0.7401175498962402,0.893183134496212,0.9809104204177856,0.0077959233894944,-1.9237730652093887,-14.709657023095271,-485.2853511778801,0.9412806651527268,1.0119389295578003,0.3684210526315789,21.575235065660976,0.945768918531027
14158500,-10.563449561595917,0.582515299320221,0.7630176693201065,0.9390273094177246,0.0105012394487857,-11.394920200109482,7.743779443457351,-44.66827393096129,0.8615758109497782,1.0055824518203735,0.7222222222222222,16.457883516947426,0.875853218531277
14158790,3.112913854420185,0.5985753834247589,0.738552451133728,1.0315265655517578,0.0485469177365303,3.528446704149246,-14.259017401160598,-640.9933853396903,0.854682265946109,1.0668747425079346,0.4705882352941176,26.706207499784583,0.8748956902838053
14166500,-6.437952071428299,0.7701201885938644,0.902907595038414,1.000465750694275,0.0536610521376132,-2.736436575651169,0.7617990791672451,-530.0374978854792,0.897448552678809,1.0911023616790771,0.2666666666666666,32.498114903767906,0.9529155851639164
14182500,-5.097543448209763,0.6642608344554901,0.7934293448925018,0.9614372253417968,0.0012027022894471,-3.8284793496131897,-11.790867950787757,-500.6860160220837,0.8865773133658791,1.0015987157821655,0.3684210526315789,28.20711888765034,0.8933460626052161
14185000,-0.3414549631997943,0.7464658319950104,0.8835039809346199,0.9975482225418092,0.0238919146358966,-1.566014252603054,-12.094511053132209,-627.6108363194501,0.9342353362142344,1.0307104587554932,0.2777777777777778,21.38648430506388,0.9418979560327054
14185900,4.233807325363159,0.7079595327377319,0.8518913090229034,1.0078027248382568,-0.0026677942369133,2.3078329861164093,-16.21624533323978,-566.9433836033369,0.9260485879664796,0.9963350296020508,0.4444444444444444,32.07779725392659,0.9265527616664035
14222500,3.9747968316078186,0.7478444874286652,0.8819561004638672,1.0393345355987549,0.0518369972705841,4.362610355019569,-6.796420903360737,-731.7586919300267,0.9068000936200484,1.064353108406067,0.3333333333333333,25.620778401692707,0.945248796388216
14236200,-14.559058845043182,0.6863222420215607,0.8280490934848785,0.861099362373352,0.0053417677991092,-12.955662608146667,-5.849739421809739,-59.4992907842508,0.8350776325586652,1.0071901082992554,0.3157894736842105,30.425940061870374,0.9113754972255964
14301000,-16.063258051872253,0.7975611835718155,0.9143309518694878,0.8397767543792725,-0.0761846080422401,-16.208910942077637,-5.770181393239363,-473.3492687109317,0.7993172666570503,0.8835485577583313,0.3333333333333333,21.73856258392334,0.9677334131865056
14305500,0.1285465550608933,0.7540735304355621,0.8868662193417549,1.0349092483520508,0.0721291154623031,1.1041532270610332,0.2488971713603342,-615.6226333997614,0.8775726092613623,1.105412244796753,0.2,22.23709265391032,0.9484435355219604
14306500,8.084505051374435,0.7689279466867447,0.8630272150039673,1.0820037126541138,0.0714127942919731,8.117210865020752,-6.1820839756862105,-776.9432377566519,0.8553134625954149,1.1042356491088867,0.3125,35.02133786678314,0.9421682209168784
14309500,-4.356275126338005,0.7018791437149048,0.8195629864931107,0.9177873134613036,-0.0244018863886594,-4.696746543049812,-30.425627290835312,-532.9286393507754,0.8657683918273196,0.9513384699821472,0.2857142857142857,42.890916551862446,0.9057065521839632
14316700,8.233145624399185,0.7392558455467224,0.8789130970835686,1.0514559745788574,0.0387844182550907,9.20136421918869,-19.120782304488383,-713.5399419914794,0.903778536602274,1.0593194961547852,0.0555555555555555,22.351037131415477,0.944393794640505
14325000,-23.41944426298141,0.6963315010070801,0.7932583540678024,0.756079912185669,-0.1030483171343803,-23.03737550973892,-23.821314948456973,-545.5857399898023,0.6838811681434999,0.8203594088554382,0.25,35.88032126426697,0.9096486600641716
14400000,-17.65849143266678,0.763318806886673,0.885855421423912,0.8794158697128296,-0.0239251442253589,-14.510445296764374,-16.733780164144036,-636.4771464285799,0.8610277651678696,0.9599692821502686,0.1875,27.926087379455566,0.9436946609497936
