basin,FHV_1%,mNSE,NSE,Alpha-NSE,Beta-NSE,FHV,FMS,FLV,KGE,Beta-KGE,Peak-Timing,Peak-MAPE,Pearson-r
01013500,-10.273659229278564,0.675083190202713,0.8477709144353867,0.9906660914421082,0.0327663756906986,-2.2414295002818108,1.3825616429795409,23.56522179024589,0.9140337606827836,1.0385959148406982,1.411764705882353,22.147604998420267,0.9237541620087536
01022500,-12.396176159381866,0.7002100646495819,0.8676552176475525,0.8794995546340942,-0.0217646546661853,-11.625196039676666,-10.87341469817613,4.106275349799264,0.8596423099433621,0.9729981422424316,0.4090909090909091,27.404789491133258,0.9332855075542528
01030500,6.776821613311768,0.7226861715316772,0.8889649584889412,0.9963389039039612,0.017793470993638,3.908722475171089,-15.042322298964844,-413.9477771546639,0.9399074364000272,1.0226109027862549,0.8095238095238095,22.45431627546038,0.9444440853681368
01031500,-4.653886333107948,0.7150546014308929,0.8790852501988411,0.9563429355621338,0.0238816663622856,-4.607905447483063,-20.18544265780289,-375.349158875644,0.914590776693456,1.0394257307052612,0.1363636363636363,22.81630689447576,0.938077403891218
01047000,-0.9362587705254556,0.6896593868732452,0.8401068300008774,0.9177628755569458,-0.0209036022424697,-5.695144087076187,-17.588242100449524,-129.4557355020975,0.8786488658045846,0.967705249786377,0.0,26.37872695922852,0.9168122470402582
01052500,-18.01894158124924,0.6522328853607178,0.8128753751516342,0.8526368737220764,-0.0086722914129495,-15.757888555526732,-11.41407229886571,-440.7427162529771,0.8230635581710384,0.986198365688324,0.3478260869565217,35.03294820370881,0.9030457409341032
01054200,5.030012130737305,0.5579618513584137,0.6358669698238373,1.0160667896270752,0.028132377192378,0.165791914332658,-17.04118872194591,-522.9048264179708,0.8139756035467531,1.0492299795150757,0.217391304347826,41.712337991465695,0.8213289518029872
01055000,11.514588445425034,0.6006304323673248,0.6727758944034576,0.99177086353302,-0.0152442324906587,0.4948060028254986,-20.260659216961518,-337.9156068163932,0.8330440786702004,0.9746724963188172,0.217391304347826,48.358908943507984,0.8351816802131216
01057000,19.378909468650814,0.6549435555934906,0.7343833744525909,1.086208701133728,0.0501805357635021,10.083325952291489,-13.49127594535304,-273.94061885160465,0.835685637999315,1.0756101608276367,0.0952380952380952,28.69710468110584,0.8823123923764842
01073000,4.33766283094883,0.6628847122192383,0.8544917404651642,0.981734037399292,0.0611063651740551,4.69416156411171,-11.782994980155976,-272.3216336875545,0.8651285712100723,1.1125497817993164,0.1052631578947368,27.05991644608347,0.9279638734312264
01078000,-8.327683806419373,0.6695298254489899,0.8259519934654236,0.9538298845291138,0.0465571358799934,-3.432212397456169,-8.524667408213377,-393.44345733814384,0.8791069551317113,1.0675686597824097,0.2857142857142857,28.16222962878999,0.9110172772379938
01118300,-9.017369151115416,0.6489987969398499,0.7765431106090546,0.8771905899047852,-0.0386994555592536,-9.488260746002195,-11.996281579946713,-178.844542798466,0.8206501774796363,0.9436172246932985,0.2631578947368421,27.307259409051195,0.8820797291435213
01121000,-28.2739520072937,0.6373565196990967,0.7606386840343475,0.7481313943862915,-0.0009910151129588,-25.024789571762085,-14.566048839720288,-137.48602322837178,0.722035945869472,0.998440444469452,0.1,34.255921840667725,0.8824253910002996
01123000,-15.710806846618652,0.6355011165142059,0.8202740550041199,0.8663815855979919,0.0368232801556587,-13.98901790380478,-7.385383940184361,-146.03964654728338,0.8284073491335409,1.05485200881958,0.1052631578947368,27.85014353300396,0.9073640766628382
01134500,-2.772999368607998,0.6360493898391724,0.7994280606508255,0.9308454990386964,-0.0061878599226474,-4.799268022179604,-14.566503198013386,-147.3157333415757,0.8738724035871586,0.9916379451751708,0.4166666666666667,31.623937686284386,0.8948529524295608
01137500,-8.304212987422943,0.6528241336345673,0.795505940914154,0.8718092441558838,-0.0825274735689163,-11.50725707411766,-6.913504391316263,-753.5514278118296,0.8046703052445858,0.895524799823761,0.125,33.84261131286621,0.8960492793796395
01139000,-14.224638044834135,0.6177541017532349,0.8070379346609116,0.9142335057258606,0.0496216304600238,-12.754727900028229,-7.967690076514351,7.069849186619905,0.8570812052123264,1.0551122426986694,0.0476190476190476,21.508986609322683,0.899837476728029
01139800,-13.477754592895508,0.568288654088974,0.7352169454097748,0.954279601573944,0.0403137952089309,-7.712799310684204,-8.148487283060218,-538.7039279000242,0.8499685180764289,1.0413304567337036,0.52,43.27064895629883,0.8632122663316297
01142500,-13.306571543216704,0.6332139074802399,0.7449148595333099,0.9241375923156738,0.0320051535964012,-11.676105856895449,3.4298982685157497,-20.80875468772725,0.8412974398921358,1.037187933921814,0.4230769230769231,36.82353679950421,0.865655460640359
01144000,-8.55274572968483,0.6760348379611969,0.830823227763176,0.956166923046112,0.0150275714695453,-4.240007326006889,-6.067904840130452,-544.4016521445654,0.900690528016503,1.0176684856414795,0.0833333333333333,20.44391632080078,0.9126566705149596
01162500,-18.117965757846832,0.6743439137935638,0.810319185256958,0.8774937391281128,-0.0521864220499992,-16.103166341781616,-5.613652521070509,-321.65058778299624,0.8292185764223228,0.93248051404953,0.3809523809523809,28.92663138253348,0.9020222999688632
01169000,-29.330918192863464,0.5997057259082794,0.6557656526565552,0.7241345643997192,-0.072569765150547,-25.60698688030243,-15.831471579720429,27.51498592574644,0.6515395996881967,0.8887376189231873,0.2727272727272727,50.73338421908292,0.8184962959506126
01170100,-19.52405869960785,0.5899525582790375,0.6980092823505402,0.851897120475769,-0.0506862439215183,-15.929950773715971,-8.3405548132958,-34.32405572574781,0.7701145967137586,0.9337574243545532,0.5454545454545454,44.28042065013539,0.8371357715992667
01181000,-28.080064058303837,0.6344026625156403,0.7004923820495605,0.704021155834198,-0.0385544300079345,-26.17812156677246,-13.031785609509331,-14.088471073609233,0.6618796723012359,0.9337460398674012,0.5238095238095238,47.11043948218936,0.8505600703421488
01187300,-25.97578763961792,0.5840518176555634,0.692186176776886,0.7732439041137695,-0.0007175430655479,-22.232142090797424,-17.478891875865973,-226.92750405346743,0.7190961443883295,0.9986855983734132,0.3,40.754709243774414,0.8342081985612652
01333000,-29.01158332824707,0.555699497461319,0.6517358124256134,0.7157015204429626,-0.1040874421596527,-29.349422454833984,-13.138256208098856,-1.7244946650512325,0.6412639815889316,0.8745847940444946,0.3043478260869565,41.65995224662449,0.8207322350724442
01350000,-11.441175639629364,0.578589916229248,0.6378801465034485,0.8804264664649963,-0.0128984441980719,-11.529016494750977,-7.741830142177417,24.04559671086489,0.7680702491341387,0.9773587584495544,0.2608695652173913,35.129858099895976,0.8025640519163031
01350140,-36.52825653553009,0.4839954376220703,0.5684749782085419,0.736344039440155,0.0007578085060231,-31.58007264137268,5.2278888611194105,-262.0898075778491,0.6395253583992284,1.0014513731002808,0.4090909090909091,50.007451664317735,0.754184225049339
01365000,-13.711467385292051,0.6122416257858276,0.7152323424816132,0.8700339198112488,-0.0099000111222267,-12.08181157708168,-13.153022961736887,-15.802165177037384,0.7981220699869418,0.9865282773971558,0.217391304347826,39.30252323979917,0.8461103339504555
01411300,15.537939965724943,0.4845077395439148,0.6807378828525543,1.1338437795639038,0.2223553657531738,15.768933296203612,-3.895765856911773,45.69001101249859,0.7360213044824286,1.1985716819763184,0.5,42.926695611741806,0.8889149808646384
01413500,-4.066877067089081,0.5655019283294678,0.7145553529262543,0.9695608615875244,0.070839375257492,-4.369878396391869,-3.4330901436961816,-435.6079590673265,0.8225915075760943,1.0988516807556152,0.25,43.094425201416016,0.8558626445066406
01414500,0.0795183121226728,0.4954808950424194,0.5883404910564423,0.9993256330490112,0.053803451359272,-0.3984719049185514,-10.21637210542318,-576.3398295340808,0.7822918406819465,1.074618577957153,0.3333333333333333,42.09949970245361,0.7954799381808165
01415000,-12.508916854858398,0.5311419367790222,0.6764575242996216,0.8961568474769592,0.0297698266804218,-10.668529570102692,-5.002064843411434,-380.4875093849478,0.7930215711858191,1.0421744585037231,0.4,36.793625354766846,0.8259942968797253
01423000,1.9044285640120504,0.6323913931846619,0.7615292966365814,0.9805172681808472,0.0385906472802162,4.213165119290352,1.3580876860786186,-469.9547556027271,0.8660243042669515,1.05489182472229,0.1428571428571428,31.37150491986956,0.8793484447399258
01435000,-0.7318315096199512,0.5872544646263123,0.7098162174224854,0.9735797047615052,0.0138899646699428,1.6066540032625198,-15.151863422930084,17.009168125432716,0.8477672423277964,1.0200804471969604,0.2916666666666667,36.42752965291341,0.8514282794460376
01439500,-15.881220996379852,0.6356800198554993,0.7896329164505005,0.9259134531021118,0.0723374038934707,-11.890651285648346,-3.517999901871418,2.186796267158414,0.8449626471689808,1.0832151174545288,0.0909090909090909,27.28133635087447,0.8921899421731632
01440000,-12.408588826656342,0.6410227119922638,0.8029348850250244,0.9323116540908812,0.0566140078008174,-7.950114458799362,-0.8544705981736888,-20.795036188480523,0.855015954014035,1.0783220529556274,0.2,26.322021484375004,0.898489816080534
01440400,-15.75888842344284,0.6029045283794403,0.725665271282196,0.8630449175834656,0.0606866590678691,-12.541423738002775,-5.336392572305587,-575.2856415881986,0.7818428350876175,1.086828112602234,0.3684210526315789,38.4563169981304,0.8540659982566692
01451800,-6.711747497320175,0.6334150731563568,0.8170856088399887,0.9124594926834106,-0.0211476497352123,-6.12250342965126,-15.771981409141317,27.713933865623748,0.8660668273259728,0.9668402075767516,0.05,35.33244609832764,0.9042128271231892
01466500,-16.270409524440765,0.4082310795783996,0.5974851846694946,0.8345855474472046,-0.0401487834751606,-14.983521401882172,-3.99372613348548,28.783887149053683,0.7206158232057926,0.9752538204193116,0.3571428571428571,33.17750522068569,0.776211698862974
01484100,-8.476056158542633,0.4465453028678894,0.5430830419063568,0.8924278020858765,0.040860828012228,-9.132125228643416,-7.800953012328201,61.65788972829445,0.7246994936476279,1.0492711067199707,0.3333333333333333,44.98721531459263,0.7514221468505564
01485500,-7.149001955986023,0.6845424771308899,0.8104591071605682,0.9104368686676024,0.0188572164624929,-5.789812654256821,-18.68319096038239,-370.9692010265725,0.8622696089525547,1.0323928594589231,0.35,32.15548038482666,0.900507242574686
01486000,-20.443037152290344,0.5722072124481201,0.6072145998477936,0.7948265075683594,-0.055525965988636,-17.73456484079361,-10.537082256852052,-393.65237379923695,0.6846038584654324,0.9022099375724792,0.1818181818181818,40.41012850674717,0.7813320604461684
01487000,-26.03940367698669,0.5939992070198059,0.7263251543045044,0.7654042840003967,-0.0902164876461029,-25.278526544570923,-11.787361308098346,26.936963551138227,0.7154574298820284,0.9162117838859558,0.2105263157894736,40.37575470773797,0.8624905127476635
01491000,-27.329134941101078,0.6012988090515137,0.7088077366352081,0.7733960151672363,-0.0381774641573429,-24.31918978691101,-17.470107932731075,-167.45226878822822,0.7188839148739645,0.9373489618301392,0.2631578947368421,42.447702508223685,0.8458840216241688
01510000,-19.25899982452393,0.6044958233833313,0.7508754134178162,0.8077482581138611,-0.0485305972397327,-17.867565155029297,-2.018875677634953,-444.8341786954781,0.7578681433939443,0.930716335773468,0.08,30.798458099365234,0.87012745634051
01516500,-7.444735616445541,0.415301501750946,0.4618169665336609,0.9038909077644348,0.0721743330359458,-5.6143030524253845,-24.86250438600663,-168.7189384714396,0.651428349043311,1.168320894241333,0.3157894736842105,52.16387196591026,0.710287530813523
01532000,4.81981635093689,0.6082801520824432,0.7131429612636566,1.0258339643478394,0.0331941395998001,1.0353414341807363,-9.46427819664819,-315.9226712955258,0.8451389742936677,1.0632952451705933,0.1176470588235294,48.53760214412914,0.861045851059832
01539000,-26.38229727745056,0.681722491979599,0.7068530023097992,0.719954252243042,-0.0056320112198591,-22.23600000143051,-9.138760857797626,-498.055983998966,0.6825971588808232,0.9906046390533448,0.1578947368421052,37.2204529611688,0.8509004697980114
01542810,1.5380256809294224,0.5798779129981995,0.7187607288360596,0.9945771098136902,0.0470242202281951,0.0773396750446409,-15.563095850117426,-336.5517994379927,0.8327717595590763,1.090901255607605,0.2727272727272727,50.89123465798118,0.8597401041211157
01543000,-3.862324357032776,0.6692245602607727,0.8064271956682205,0.9504240155220032,0.0027246281970292,-0.866081565618515,-7.717225835842134,-334.40758279918884,0.887816972498746,1.0043985843658447,0.0476190476190476,23.619304384504044,0.8994619182699358
01543500,-6.55810609459877,0.7013343274593353,0.8303441107273102,0.930316150188446,0.0116808107122778,-3.628506511449814,-7.283403843087384,-315.8859122613748,0.8859827182760743,1.0176656246185305,0.0952380952380952,18.194130488804408,0.911501258121988
01544500,10.003047436475754,0.5645151436328888,0.7032818794250488,1.0817025899887085,0.0713996291160583,14.697638154029846,-10.415327025868187,25.526015027408626,0.814073198013269,1.1026917695999146,0.1578947368421052,24.69477151569567,0.8682887136856218
01545600,5.352543294429779,0.5792940557003021,0.7341590821743011,1.037795066833496,0.0954273864626884,7.018519937992096,-2.664443038290337,-320.49210270176934,0.8144143278031319,1.1337294578552246,0.3684210526315789,38.83892611453408,0.8769959075901836
01547700,-22.16551750898361,0.5998726487159729,0.6802489757537842,0.751534104347229,-0.0113141648471355,-20.049874484539032,-16.835111361168345,-274.6737306761225,0.6970746458806915,0.9756942987442015,0.3125,44.29965019226074,0.8284258126866437
01548500,3.1602703034877777,0.5952311754226685,0.7653475254774094,1.0474250316619873,0.1146369650959968,4.461752623319626,-12.101449048986971,-442.99415778323805,0.7968765480492636,1.1674957275390625,0.1052631578947368,30.250255685103568,0.8953329834169199
01549500,10.548395663499832,0.4260876774787903,0.6249024868011475,1.0898027420043943,0.1688244342803955,14.10728543996811,-19.74091672256505,-389.69633043437847,0.6638685432862422,1.284246802330017,0.3684210526315789,33.94166795830977,0.8446823284807387
01550000,7.0305995643138885,0.5431401431560516,0.7298153936862946,1.0569599866867063,0.1001625210046768,9.44620594382286,-11.88709026116462,-456.3841953549295,0.7957825920865979,1.1539169549942017,0.3157894736842105,41.01072863528603,0.878468602506052
01552000,9.359124302864076,0.6057516038417816,0.7788280844688416,1.0705549716949463,0.0631145909428596,12.951277196407318,-13.123753311059804,-434.18792345374345,0.8467154775784203,1.093246340751648,0.25,23.191325664520264,0.9008876358895388
01552500,-8.759638667106628,0.5579829812049866,0.6821471750736237,0.9020618200302124,0.0217308849096298,-7.647468894720077,-15.727531271523224,-430.47434822716906,0.7999862163760635,1.0361701250076294,0.25,46.357830365498856,0.8293971026016825
01557500,-18.583430349826813,0.5838724672794342,0.7185969352722168,0.8226377964019775,0.0065340669825673,-15.64599722623825,-23.10000397341032,-36.55411831536712,0.7662856607313736,1.009699463844299,0.35,36.97404384613037,0.8481087181048321
01567500,-2.022878080606461,0.427611231803894,0.5377638339996338,0.8654627203941345,0.0270085856318473,-1.4581706374883652,-15.772352400071588,-608.2641757476894,0.7073266581508062,1.0439969301223757,0.3809523809523809,53.16353298368908,0.7438327195654468
01568000,-3.99654284119606,0.5527020990848541,0.7076118588447571,0.942937433719635,0.0632949918508529,-0.8860105648636818,-13.377841213980796,1.9344370949715977,0.8063069685877712,1.1067819595336914,0.0952380952380952,31.84302193777902,0.8488098314528927
01580000,-2.631082572042942,0.4888548254966736,0.6839755177497864,0.9803168773651124,0.1353453546762466,0.8251385763287544,-14.933384288633942,58.63802020512241,0.7867067666731318,1.1486964225769043,0.1904761904761904,33.65744409107027,0.8483558376356
01583500,-4.460005089640617,0.4874176383018493,0.6581233739852905,0.9170535802841188,0.1234825551509857,-2.972038649022579,-20.081551167932528,47.513606731407314,0.7656956961226606,1.1327621936798096,0.2083333333333333,31.214821338653564,0.8256652696646875
01591400,-2.62492336332798,0.442667007446289,0.5367562174797058,0.9557904601097108,0.0419309064745903,-5.284898355603218,-22.712932796207955,62.915323737508245,0.7457791338996448,1.0698918104171753,0.0909090909090909,52.03877795826305,0.7596067800870555
01596500,-8.549066632986069,0.6143455505371094,0.7767766416072845,0.9103274345397948,0.0636200532317161,-8.775576949119568,-18.013979387865568,-312.621461956998,0.8160589492192909,1.1111078262329102,0.15,29.6235466003418,0.8840336595563434
01605500,-29.15656268596649,0.498712420463562,0.6622329354286194,0.7368881106376648,-0.0152271231636404,-28.005370497703552,-36.56921432205248,-1022.4584373254866,0.6790190514011968,0.9743655920028688,0.1578947368421052,37.81483298853824,0.8179456669941458
01606500,-14.561820030212402,0.5824081599712372,0.728266716003418,0.9294468760490416,0.0764256045222282,-10.965163260698318,-16.303701734006705,-739.1423827821733,0.8041898393022862,1.116888403892517,0.2631578947368421,33.94113339875874,0.859639831972582
01620500,-15.984976291656494,0.5017042756080627,0.5960588455200195,0.8505406379699707,0.0154469413682818,-12.151690572500229,-30.67136808596776,-221.9624246187325,0.7288985136892576,1.0299501419067385,0.5,53.34932804107666,0.7758105622888614
01632000,-15.03344476222992,0.5150406062602997,0.6141145825386047,0.935090720653534,0.0426029935479164,-10.366498678922651,-36.28811790046703,-172.65144316777096,0.7665598127066647,1.0950075387954712,0.3,54.2524766921997,0.7968875334444069
01632900,-18.045729398727417,0.5600029230117798,0.7198770046234131,0.7846917510032654,0.0135978162288665,-15.634718537330627,-16.45957123559592,42.863380419642304,0.7371082913983997,1.0245420932769775,0.2105263157894736,39.59038885016191,0.8511642044969929
01634500,-2.3640161380171776,0.4421693086624145,0.54405677318573,1.011502027511597,0.1256874501705169,-0.12221853248775,-28.27451591305243,-596.35244531883,0.6721111854328227,1.245092511177063,0.375,59.47928428649902,0.782494967767841
01638480,-6.112394481897354,0.396524429321289,0.4183677434921264,0.8266183733940125,0.0709644481539726,-1.8992576748132703,-35.82141720604829,-156.03041580102845,0.5844797431212629,1.182508945465088,0.15,68.12505722045898,0.669415093724388
01639500,1.7381617799401283,0.538985013961792,0.6432238221168518,0.9878094792366028,0.0748468935489654,0.562010146677494,-4.342137688070097,72.48735252295411,0.7843761791068888,1.121553659439087,0.1818181818181818,38.91405625776811,0.8223212696549524
01644000,-18.37486177682877,0.5546846985816956,0.661325603723526,0.8052772283554077,0.0492906905710697,-13.085995614528656,-19.164445037350088,-204.81410525501235,0.7115747267771356,1.104694366455078,0.2,37.47759342193604,0.8147669843972146
01658500,-6.766154617071152,0.3595573902130127,0.4329614043235779,0.9287632703781128,0.0712034627795219,-1.3302186504006386,-34.995540460535736,,0.6196417119543358,1.2229691743850708,0.4285714285714285,68.43175888061523,0.7001958924366671
01664000,5.073465779423714,0.5583606064319611,0.7227290272712708,1.0697424411773682,0.1046801283955574,9.586556255817412,-22.56362030289537,-238.23159596697053,0.783650979373715,1.1643459796905518,0.2,27.27627992630005,0.8777981604715919
01666500,10.282915085554125,0.4013761878013611,0.5268085598945618,1.0552908182144165,0.0963172242045402,13.05411458015442,-22.626844362703928,-267.8177689872292,0.7215960350403177,1.1636230945587158,0.1578947368421052,74.78371670371608,0.7816443816763995
01667500,-3.801296651363373,0.5056215524673462,0.7231912016868591,0.976940095424652,0.1367455422878265,1.990756206214428,-29.65492358970785,-182.9772426746777,0.7468151785765393,1.2149231433868408,0.0454545454545454,27.918035333806817,0.8681711828281655
01669000,-14.164412021636965,0.5551470518112183,0.7650895565748215,0.8625680804252625,0.0165863838046789,-14.603990316390991,-12.52349724911888,-3.074578697066824,0.8130191903213249,1.0208317041397097,0.25,36.148223876953125,0.8749386919437853
02011400,-19.876129925251007,0.6444951593875885,0.8049086034297943,0.8063690066337585,-0.0298162680119276,-20.088671147823334,-24.24692446091563,-64.11334256925235,0.7788851560543927,0.9557637572288512,0.25,36.30982160568237,0.902830213303801
02011460,-21.54630869626999,0.6387825012207031,0.7569051086902618,0.7910657525062561,-0.0067278374917805,-22.18275517225265,-10.563337393960277,-360.1003656134116,0.755673259792663,0.9874118566513062,0.3,36.35016441345215,0.8739699446497018
02013000,-4.865657910704613,0.5457582175731659,0.6799296140670776,0.9481330513954164,0.0574937313795089,-2.296796068549156,-21.411628436491327,-777.4963664263092,0.7881272591110174,1.1215206384658811,0.45,40.36117076873779,0.834372066362271
02014000,-12.4914288520813,0.5855084955692291,0.7797453552484512,0.9070775508880616,0.056661456823349,-10.336099565029144,-5.811864157742684,-294.59359491094074,0.820960824582399,1.1011093854904177,0.2941176470588235,34.28629706887638,0.8851203370870029
02015700,-15.625964105129242,0.5821113586425781,0.7211265563964844,0.8529567718505859,-0.0209423452615737,-16.10497087240219,-12.100455125550091,-1136.3530664530808,0.7874723402178269,0.9702824354171752,0.4,35.18922567367554,0.8494571104862401
02016000,-17.08269566297531,0.6435772478580475,0.8082356005907059,0.8699045181274414,0.0018909461796283,-16.065992414951324,-16.5729860754614,-176.5697012440368,0.8355790003672618,1.0033000707626345,0.35,32.81699180603027,0.8995085065812172
02017500,-22.930534183979034,0.5959217250347137,0.7710569500923157,0.831365168094635,0.0473182797431945,-18.316102027893063,-20.15510582269323,-643.26786674777,0.7780590746613827,1.0812499523162842,0.4117647058823529,40.09268704582663,0.8807585933619847
02018000,3.276637941598892,0.6094547212123871,0.841527909040451,0.9936467409133912,0.0574261583387851,0.1829187385737896,-13.34789157983845,-768.6910732523006,0.8715868147514317,1.1017632484436035,0.0555555555555555,26.20413038465712,0.9219370541750636
02027000,-16.464483737945557,0.3860503435134887,0.5384610891342163,0.8483961820602417,0.1415272653102874,-11.995900422334673,-20.711691174141112,-212.46457187694355,0.626241586964859,1.2363728284835815,0.3684210526315789,49.37889701441714,0.7533433162160267
02027500,28.45978736877441,0.2486802339553833,0.2502723336219787,1.2063275575637815,0.2813918888568878,30.142271518707275,-16.634444055891013,-208.29716453198807,0.4825811315126898,1.3967411518096924,0.2631578947368421,93.15742693449322,0.7397161493346708
02028500,-4.46288138628006,0.5039663016796112,0.6640365421772003,0.9479092955589294,0.1045576855540275,-3.0792035162448883,-27.311610228691187,55.35330006951064,0.7578812886953331,1.1643255949020386,0.3333333333333333,42.710693677266434,0.8299849190961085
02038850,2.816026844084263,0.3784124851226806,0.3851308822631836,0.9962266683578492,0.0949763730168342,-0.8833294734358788,-40.37519172601137,64.91664717903325,0.6298527551508846,1.2110438346862793,0.25,78.681960105896,0.6959354596822909
02046000,-15.577276051044464,0.5603786408901215,0.6361747682094574,0.7788752317428589,0.0121113052591681,-12.256206572055817,-21.431984918521017,-4.13256257530588,0.698837853932212,1.0311157703399658,0.5,46.10985279083252,0.7979250536965757
02051500,6.169968098402023,0.585269033908844,0.7593932747840881,1.041251540184021,0.0685080289840698,4.1053686290979385,-20.58425062588688,-32.16082723504332,0.8152625635550028,1.1406326293945312,0.3809523809523809,28.80509240286691,0.887533585429712
02053200,1.5301821753382685,0.6567962765693665,0.7763597965240479,0.9759623408317566,-0.010030560195446,-0.8697190321981907,-33.438576485020214,-111.81249968207658,0.881866845583297,0.9818364977836608,1.2941176470588236,28.582530863144815,0.8857733818175947
02053800,-15.44295847415924,0.5179894864559174,0.7084133625030518,0.8285194635391235,0.045115128159523,-14.5098015666008,-23.05734322979238,1.3578793600099683,0.7553477456070349,1.0761704444885254,0.2,34.09088850021362,0.843005686150515
02055100,-18.78979206085205,0.4777929186820984,0.4644222855567932,0.7808729410171509,-0.0261882618069648,-19.468490779399872,-31.468789468399383,-471.27602792101663,0.6162088774617006,0.9542778134346008,0.2352941176470588,57.36275841208065,0.6882493954834831
02056900,-23.308013379573826,0.5120585560798645,0.6669001281261444,0.7349671125411987,-0.0071919718757271,-21.702928841114044,-30.129493131180578,63.50196024071085,0.6801020805233331,0.9887170791625975,0.3333333333333333,52.29051226661319,0.8212125755313665
02059500,-28.22735607624054,0.4474782347679138,0.5758254528045654,0.7525003552436829,0.0749668851494789,-22.407835721969604,-27.168036463780155,69.1844285717012,0.6257803746709591,1.1497395038604736,0.4736842105263157,69.29478394357783,0.7625924710323538
02064000,33.47931504249573,0.3983374238014221,0.1632809042930603,1.3307830095291138,0.1768550425767898,25.816544890403748,-27.1176565320182,74.36372498062117,0.4659226628706124,1.327771544456482,0.3684210526315789,56.08698694329512,0.7384908848879408
02065500,16.03674590587616,0.4139078855514526,0.6071292459964752,1.1141175031661987,0.1256180256605148,19.215506315231323,-32.98252575907258,91.43668390926882,0.7036101384197914,1.2193816900253296,0.4736842105263157,44.62743056447883,0.8366114459324704
02069700,-2.8458844870328903,0.4674897193908691,0.7511843293905258,0.9745189547538756,0.1237444207072258,-0.0801271642558276,-17.772684501658386,67.45894220503162,0.8082712467190114,1.1477744579315186,0.2083333333333333,30.369414885838825,0.8805289124897031
02070000,-0.059176207287237,0.3841052651405334,0.6388569474220276,1.0296417474746704,0.1024061068892479,-0.8845697157084942,-22.55332716395126,77.19016011661874,0.7716361482591529,1.1497366428375244,0.0952380952380952,46.80207116263254,0.8301460822344356
02074500,-7.770989835262299,0.471835732460022,0.6658296287059784,0.8959800601005554,0.0414489135146141,-6.218330934643745,-33.58785634548925,53.65280806345617,0.7775851364676623,1.0802054405212402,0.1428571428571428,41.04290916806176,0.8205137583706814
02077200,-20.402096211910248,0.4838142395019531,0.3952646851539612,0.8447006940841675,0.0160592999309301,-22.441482543945312,-35.64555323603195,-2.729338168498638,0.6198307237490188,1.0489709377288818,0.3333333333333333,55.9302912818061,0.656470304856757
02081500,-12.067390978336334,0.6108376979827881,0.7753736972808838,0.9221204519271852,0.0470212250947952,-9.46795642375946,-29.206775242946534,26.65167074172293,0.8065260122361173,1.1326839923858645,0.1428571428571428,40.87792805262974,0.8826887980720467
02082950,14.460860192775726,0.4728590250015259,0.5161037445068359,1.1443787813186646,0.1512367874383926,13.39990347623825,-24.85635682875572,-140.4270707077331,0.640891764811568,1.2666940689086914,0.45,50.09487628936768,0.8076779635766779
02092500,-33.5507869720459,0.5228212177753448,0.6048680543899536,0.7174493670463562,0.0078730005770921,-24.78320598602295,-31.010248967746364,-146.05223227318166,0.6416828928269793,1.0170854330062866,0.5882352941176471,53.05632422952091,0.7803084501185242
02102908,-10.710443556308746,0.3478348851203918,0.5371319055557251,0.8426478505134583,0.1826347708702087,-4.263999685645104,-23.02030001057311,63.831659755599816,0.6628874043587543,1.17664897441864,0.24,34.145118713378906,0.7598326770170727
02108000,-7.791382819414139,0.589014083147049,0.7713240832090378,0.8659977912902832,-0.0181455090641975,-8.301500231027603,-30.400830602952198,-252.4819863683212,0.8171708305072487,0.9732733368873596,0.8421052631578947,32.312531220285514,0.8785273744533769
02111180,-1.8394436687231064,0.4703128933906555,0.6488380432128906,0.9526060223579408,0.0829225331544876,-4.11469042301178,-16.593057162888453,49.83475969231149,0.7835012327778883,1.111333250999451,0.3333333333333333,45.93283789498465,0.8204716336790996
02111500,8.083339035511017,0.4313367009162903,0.6373021900653839,1.0235819816589355,0.0991733968257904,4.509648308157921,-31.65396247123933,49.17622950791248,0.7994471102743883,1.100243330001831,0.3333333333333333,39.5694653193156,0.8279051816338593
02112120,-0.746963219717145,0.4053932428359985,0.6283938586711884,0.9910009503364564,0.1637683361768722,1.5339555218815804,-24.11473488670004,50.80151034229469,0.749577300834229,1.1799533367156982,0.2916666666666667,36.33240461349487,0.8260823701647534
02112360,-10.318242758512495,0.4676401019096374,0.6632051467895508,0.869360089302063,0.0943837314844131,-6.7532360553741455,-24.237722714962175,-22.265371211068143,0.7595780926191021,1.0936989784240725,0.25,28.871740341186523,0.8212364446432402
02118500,-4.575518146157265,0.4798207879066467,0.7201035022735596,0.8924817442893982,0.0680197477340698,0.9838877245783806,-22.317069851617266,73.50727856773463,0.7827037148235305,1.1176033020019531,0.1666666666666666,60.07589764065213,0.852260487347898
02125000,-31.734520196914676,0.5599430203437805,0.6635578572750092,0.692747175693512,-0.0005731728160753,-27.75191962718964,-33.200491974673824,-5.61519669275596,0.6465483146546502,0.997589945793152,0.3157894736842105,56.831816623085416,0.8253060176540858
02128000,8.956476300954819,0.3124682307243347,0.5180940330028534,1.0194374322891235,0.1227320358157157,10.043606162071228,-31.464740371745865,81.24859521027155,0.5801120349450641,1.3515470027923584,0.2105263157894736,53.60246457551655,0.7712145235123297
02137727,-10.695643723011017,0.5299855172634125,0.6726120412349701,0.7523595690727234,0.0441104136407375,-9.193380922079086,-20.497127871220545,65.43380893621999,0.6879212954038503,1.072513222694397,0.238095238095238,44.81804257347471,0.8244745962345155
02143000,-0.2124252030625939,0.4892989993095398,0.7364822924137115,0.8734822869300842,0.0852571874856948,-1.630166731774807,-31.96520872168952,61.73015232973831,0.7639717470673792,1.144190549850464,0.3125,47.32037484645844,0.8624802203470187
02143040,-16.85725897550583,0.5342196822166443,0.7437225878238678,0.7617313265800476,0.0276554357260465,-17.814211547374725,-28.107060549611816,64.49044785984344,0.7237253916139468,1.0503751039505005,0.2631578947368421,50.26418284366005,0.8695467616057793
02149000,-8.603081107139587,0.446608304977417,0.7097779810428619,0.8805913329124451,0.1396568715572357,-8.242196589708328,-27.57478001999646,57.06508700425764,0.7338720430489312,1.1880455017089844,0.3636363636363636,31.660769202492457,0.8543821817827921
02152100,-24.955202639102936,0.4517305493354797,0.5921306014060974,0.6691160798072815,0.0532815605401992,-21.99675142765045,-26.020113853317845,64.64259210012993,0.5875801304460451,1.108775019645691,0.1764705882352941,55.38034439086914,0.7791516917386972
02177000,-17.54608005285263,0.6742490530014038,0.7605379074811935,0.7742815017700195,0.0311565194278955,-13.336710631847382,-12.67046433249638,24.319859762481705,0.741775591670383,1.0326188802719116,0.1818181818181818,24.14980801669034,0.8788925548787782
02178400,-16.04812741279602,0.6648905277252197,0.7763379514217377,0.7897579669952393,-0.0124078914523124,-15.331365168094637,-16.126973894205054,18.398008998722485,0.7607981686974659,0.9886401295661926,0.3181818181818182,31.76040866158225,0.8864801471096875
02202600,3.937089443206787,0.5724395513534546,0.6734818518161774,0.9886587262153624,0.0773394033312797,7.14484378695488,-50.29309370181701,-15.357878308988395,0.7365133476612449,1.20745849609375,0.5454545454545454,39.61872621016069,0.8379581416172186
02212600,25.90872347354889,0.4685776233673095,0.6028635203838348,1.2166242599487305,0.1299575418233871,19.82262432575226,-39.74529552311662,86.75518681439722,0.538990049732907,1.3831956386566162,0.0,55.27634024620056,0.8630138446357428
02221525,19.78706866502762,0.5386945903301239,0.684043288230896,1.1624863147735596,0.1344199180603027,17.64613538980484,-13.817723952938326,52.16478175240231,0.6695816295073929,1.2629436254501345,0.6470588235294118,33.17998156828039,0.8832303682225681
02231000,-31.07334971427917,0.4924473166465759,0.7524976581335068,0.7759650945663452,0.0738323032855987,-24.40165877342224,-16.924135828258365,-500.1752558724595,0.6791547071162403,1.1935628652572632,0.9230769230769232,38.42752896822416,0.8763736261698276
02231342,-30.09604811668396,0.3147657513618469,0.4148563146591186,0.8412603735923767,0.1139776334166526,-19.458046555519104,-34.00031401732245,,0.5360879225587192,1.2904115915298462,0.6,51.9881025950114,0.6749196190033072
02245500,0.1916530542075634,0.4241800308227539,0.6760062277317047,0.9031434655189514,0.0747060179710388,-1.570938527584076,-22.636268657284894,-58.25706304500965,0.7322865505354675,1.1817103624343872,0.375,32.62571096420288,0.8289133350126788
02246000,-15.02295732498169,0.4798020720481872,0.7259607911109924,0.898192286491394,0.0639269724488258,-9.433779120445251,-13.570348475754828,-10.386273472150563,0.7553935194375723,1.1690728664398191,0.2857142857142857,55.971820013863706,0.8554943404668524
02296500,-23.375970125198364,0.5861594378948212,0.6303309500217438,0.7622107267379761,-0.0671717599034309,-21.09540551900864,-14.700998803938772,-202.4472763699296,0.6557066684338969,0.8550527691841125,1.181818181818182,50.95811323686079,0.7975538097142577
02297155,15.77979177236557,0.4323512315750122,0.4545269608497619,1.1275997161865234,0.0687666535377502,19.140411913394928,-31.5780637968218,-12.869215556703692,0.6847652980573125,1.1703187227249146,1.0714285714285714,92.41280555725098,0.7674429910164662
02297310,-35.197797417640686,0.5653168857097626,0.6924136281013489,0.7230531573295593,-0.0042548179626464,-29.75841760635376,-19.155742721258235,-6.32162782073134,0.6801536365192016,0.9892997145652772,1.0,41.400742530822754,0.8403514908983466
02298123,2.0797455683350563,0.5142925083637238,0.5797746479511261,0.9891408681869508,0.0679415538907051,-4.625077918171883,4.7223114169277896,-49.48937074959923,0.758503544078536,1.1187077760696411,1.1428571428571428,54.557922908238,0.789973617420348
02298608,-16.934305429458618,0.500711053609848,0.6939027309417725,0.8583711385726929,0.0525424666702747,-11.43830493092537,-31.98086628551056,-9.077735483215044,0.7466958808245224,1.129908800125122,0.7777777777777778,47.63282669915093,0.8349910728108316
02299950,-14.025580883026125,0.5153133571147919,0.6505124866962433,0.8815054893493652,0.0470535904169082,-7.26507231593132,-10.079547557987713,-318.66729211688363,0.7417614353145092,1.130077600479126,0.3888888888888889,46.21629185146755,0.8109867065783947
02300700,-5.907582864165306,0.272426962852478,0.5013596415519714,0.9432314038276672,0.1123984009027481,2.802233397960663,-26.08744629387382,93.54924363603672,0.5630503855149014,1.349581241607666,0.7647058823529411,48.94621792961569,0.7440796069021822
02312200,-11.727067083120346,0.4281686544418335,0.4500943422317505,0.9112188220024108,0.0269788447767496,-11.157988011837006,-31.56453293119409,-40.8473767625738,0.6851713227022523,1.0549150705337524,1.4,54.80573654174805,0.7029826040268302
02314500,-23.377899825572968,0.5404945611953735,0.6612059772014618,0.9227868914604188,0.091323435306549,-18.18225234746933,-12.325518226143588,-85.33408564722284,0.7494037240476699,1.1610071659088137,1.6,18.205277919769287,0.8241781529023112
02315500,-4.957959800958633,0.5830361843109131,0.7533695995807648,0.9744670987129213,0.1192880347371101,-8.361706137657166,-17.396589294555067,-218.04391296141932,0.7500037527076302,1.2184181213378906,1.9,23.98113489151001,0.8810894500754518
02324400,-25.999343395233154,0.5379427373409271,0.6495742201805115,0.7753140926361084,-0.0342715308070182,-23.98769706487656,-39.61501685691453,-443.130518203857,0.6943121282319489,0.9235957860946656,1.0,52.333692403940056,0.8073248483180743
02327100,14.386729896068571,0.5090034008026123,0.6807524263858795,1.080341339111328,0.0936275646090507,13.374190032482147,-28.22768324084519,-374.1371346028928,0.7439029187067392,1.198323130607605,0.6875,45.23510038852692,0.8592913643633607
02342933,-24.241992831230164,0.5784845054149628,0.7136211395263672,0.7798438668251038,-0.0057584010064601,-23.26703518629074,-26.90906034114347,-276.5316247632312,0.7314716669919488,0.9805658459663392,0.3157894736842105,45.16853533293072,0.8474842424188369
02349900,30.25294542312622,0.4817203283309936,0.5476121008396149,1.2841471433639526,0.1260707974433899,28.9314478635788,-25.280189764145483,-553.0454609397833,0.5608884590037342,1.304782152175903,0.2222222222222222,65.7625569237603,0.8614821814016512
02361000,-23.07751327753067,0.5712529420852661,0.7834828943014145,0.8021036982536316,0.0972172990441322,-18.422432243824005,-22.71341510295481,7.422686723807898,0.7303161580134998,1.1503723859786987,0.45,20.35649061203003,0.8953358995701813
02369800,-12.459953874349594,0.4195636510848999,0.6104414761066437,0.8673310875892639,0.067644216120243,-10.062532126903534,-39.29751549677224,-37.38043546813424,0.7316705540475275,1.0976996421813965,0.2857142857142857,62.7241089230492,0.7882113526117596
02371500,3.2789964228868484,0.6474009454250336,0.8468071520328522,1.0402182340621948,0.0780819430947303,3.8688819855451584,-17.435075937132517,-486.3762576997934,0.8530302972531502,1.122852802276611,1.2222222222222223,30.132516225179035,0.9300730656527848
02372250,-4.27519753575325,0.5841177701950073,0.7907400578260422,0.9668813347816468,0.0569672919809818,2.964062988758087,-23.568581838211585,-436.1920591938661,0.8526563532725733,1.096871018409729,1.2,38.639187812805176,0.8940315611261858
02374500,-21.998269855976105,0.5478918850421906,0.7500429898500443,0.7470611333847046,-0.0067998766899108,-20.06047517061233,-22.01830466702059,3.357680068411871,0.7179753555503621,0.9914078116416932,0.3333333333333333,36.84413546607608,0.8755572254747995
02381600,-26.701542735099792,0.3548507690429687,0.4159035086631775,0.6889851093292236,0.1041910275816917,-22.278977930545807,-20.48910473683024,71.99556271564201,0.5000265242531583,1.183470368385315,0.5263157894736842,52.59370301899157,0.6541939298450943
02395120,-14.052118360996246,0.5559669435024261,0.591913640499115,0.858479917049408,0.0086243646219372,-15.464214980602264,-19.524577580068268,-689.8529326517637,0.7328602971911344,1.0165092945098877,0.4444444444444444,44.989914364284935,0.7740284749503771
02408540,10.659139603376389,0.6230778098106384,0.71403568983078,1.095486402511597,0.0710530877113342,8.153434097766876,-26.65929873873523,44.44874614708298,0.7998462589676799,1.1247179508209229,0.1111111111111111,43.43896177079942,0.8759463836574836
02422500,12.75811642408371,0.5560089647769928,0.7406984269618988,1.120543122291565,0.1123785078525543,12.52417415380478,-12.641881566968928,7.798480846096796,0.7617055741896869,1.1775494813919067,0.2352941176470588,32.01296189252068,0.8964153935281278
02430085,-8.910324424505234,0.4916107058525085,0.533496618270874,0.9128618836402892,0.0369587652385234,-12.43019700050354,-20.095300157975316,-890.4088327790561,0.7263993419880566,1.0667754411697388,0.3333333333333333,62.73182233174642,0.7493901254969456
02430615,29.461807012557983,0.2747242450714111,0.1516448855400085,1.2252806425094604,0.160938486456871,27.52196192741394,-33.95674161648879,-2.3653027862743867,0.5367388492714772,1.254346489906311,0.44,87.09729766845703,0.6850914593772048
02450250,-2.4337248876690865,0.6292547881603241,0.7312106490135193,0.965493381023407,0.0010108150308951,-6.062678620219231,-12.31066231649027,-296.6032962202537,0.8571676522617655,1.002396583557129,0.25,28.66510391235352,0.8614192322345057
02464000,-4.773781821131706,0.6324413418769836,0.8072995990514755,0.9835965037345886,0.0771084502339363,-3.0339088290929794,-7.020930199306713,-231.8486126076833,0.7992428035434377,1.176203727722168,0.0526315789473684,34.6207342649761,0.9052021963535996
02465493,-4.125634208321571,0.485673725605011,0.5531013607978821,0.849034309387207,0.0698228105902671,0.1608051941730082,-12.022889301445758,5.9067963852845065,0.6929896461760368,1.1025233268737793,0.25,39.808828830718994,0.7531119989557009
02469800,-12.453260272741318,0.6277632415294647,0.8348026722669601,0.9203331470489502,0.0364492982625961,-11.642620712518692,0.2479312660962835,-406.5991563973332,0.8571848808136253,1.0820099115371704,0.5294117647058824,30.71733643026913,0.9144212338324528
02472000,4.501044750213623,0.6831828951835632,0.8690710067749023,1.054628849029541,0.0765236988663673,4.6681612730026245,-1.6339734783524074,-42.811601052455735,0.8269464813580051,1.1536647081375122,0.75,24.16262626647949,0.942117648276041
02472500,-1.5457767993211746,0.589417427778244,0.8091963976621628,0.97459077835083,0.0767027661204338,-3.3492255955934525,-5.425056470655272,-159.1544726790781,0.823880097934976,1.1464065313339231,0.45,33.24340581893921,0.9054604900512704
02479155,34.58121716976166,0.5399059355258942,0.6605967581272125,1.2746292352676392,0.0666206553578376,27.11291015148163,-25.38296368264174,-585.9138765087412,0.6660697401839839,1.1603827476501465,0.0,37.56245431445894,0.8981885280860099
02479300,19.293807446956635,0.5983509123325348,0.7015945613384247,1.151570439338684,0.0767973959445953,10.7509583234787,-4.823925291486667,28.66904807191701,0.7712050018915964,1.1252110004425049,0.4,30.21457433700562,0.882971121314909
02479560,12.846517562866213,0.6119058132171631,0.7822327762842178,1.0100888013839722,0.0694561824202537,8.712448179721832,-19.01832963475715,-39.87465691309074,0.8502745581615953,1.1059041023254397,0.7,39.06725168228149,0.8946422991377321
02481000,8.994536846876144,0.595423012971878,0.7649176865816116,1.0531927347183228,0.0554163493216037,9.874620288610458,-20.47589468788285,-294.4936585855882,0.8183747077167538,1.1353517770767212,0.0434782608695652,28.56001646622368,0.8911966167238613
02481510,-15.82498550415039,0.6265560984611511,0.771656408905983,0.9028186202049256,0.0362765491008758,-12.68361210823059,-6.577871022515727,-407.1620129762115,0.8285779703799201,1.0736240148544312,0.4285714285714285,39.87558001563662,0.879497734059033
03010655,5.794040858745575,0.6181679964065552,0.7881315052509308,1.0381633043289185,0.0383068211376667,6.04444183409214,-11.588424302649914,1.0581965258807633,0.8795849219401083,1.0540053844451904,0.1578947368421052,28.781180632741822,0.899368137859844
03011800,-1.9320042803883557,0.5974477231502533,0.7300119400024414,0.9071216583251952,-0.0753492340445518,-3.3807437866926198,-18.954095167242453,-19.137788824477823,0.8090900959138072,0.9107896089553832,0.16,40.75761413574219,0.8590684164014178
03015500,-17.154592275619507,0.6262836754322052,0.7806098163127899,0.8294149041175842,-0.0520145408809185,-14.834293723106384,-15.166613228422149,-17.627004062364943,0.7835011329133542,0.9293974041938782,0.48,39.57548141479492,0.8869170305570926
03021350,-21.14022374153137,0.566840797662735,0.6566280126571655,0.743384599685669,-0.0950978025794029,-25.234094262123108,-1.9097079811628976,-403.0556089510455,0.6459253140672674,0.8359596729278564,0.24,44.26661682128906,0.819422618708923
03026500,1.8834993243217468,0.5518008172512054,0.633010745048523,0.9827540516853333,0.028864013031125,0.1674899132922291,-14.895634541088215,-270.9000159226631,0.8091317438822803,1.0385401248931885,0.4090909090909091,55.6820652701638,0.8138604630032493
03028000,-10.53273379802704,0.5998225212097168,0.7631427198648453,0.931463658809662,-0.0040301601402461,-4.154548421502113,-13.371667117069633,-119.93563030739324,0.8576874162444642,0.9947660565376282,0.3636363636363636,42.881033637306906,0.8753876119029467
03049000,-9.221544116735458,0.5343873798847198,0.6179740726947784,0.905974507331848,0.0773573517799377,-4.405388981103897,-16.352203520284718,-368.4559784910064,0.7426242240949381,1.127798080444336,0.1739130434782608,41.42626057500425,0.7973447573192666
03049800,-52.42161154747009,0.4006705284118652,0.2157739400863647,0.4248395264148712,-0.055902674794197,-47.82796800136566,-26.752272095927864,67.4845975515498,0.2040033090882297,0.8518471717834473,0.4545454545454545,74.76382689042525,0.4700453783018254
03069500,3.5625580698251724,0.6973366439342499,0.879094272851944,1.0076062679290771,0.0375427082180976,1.9653374329209328,-5.914408044312693,-441.988924645551,0.9225912727328954,1.0492088794708252,0.0833333333333333,20.611669619878136,0.940731611068548
03070500,-10.008380562067032,0.6551036238670349,0.7756759375333786,0.8950991034507751,-0.0167283527553081,-10.806304961442947,-10.854715309409276,-272.3021745876748,0.8394031926099625,0.9749943614006042,0.3636363636363636,36.742656881159,0.8809964097798809
03076600,-15.442170202732086,0.5006616115570068,0.6186568439006805,0.9202075600624084,0.0997849106788635,-12.37214133143425,-7.669106420158278,-434.0283882339115,0.7351108160883703,1.1564050912857056,0.3,36.58489227294922,0.8016646937580574
03078000,-5.828223004937172,0.5678667724132538,0.7412094175815582,0.8577077388763428,0.0539145432412624,-10.212930291891098,-27.803573336529865,-245.1502436398452,0.7864717689243887,1.080487847328186,0.1904761904761904,34.45561499822708,0.862635796791627
03140000,-16.53035432100296,0.5817259848117828,0.705596387386322,0.8278694152832031,-0.0242390949279069,-14.981277287006378,-5.3796049764615805,-284.7263575813989,0.7603373636096579,0.9515196681022644,0.217391304347826,42.049134295919664,0.8404415514436533
03144000,-14.090831577777864,0.6571811437606812,0.8052165061235428,0.8371080756187439,-0.0208996105939149,-12.185902148485184,-15.136391904057357,-431.9218538834433,0.8032666116936245,0.9539191126823424,0.3,34.39643859863281,0.8997662787785686
03164000,6.216000020503998,0.6040186285972595,0.8284882158041,1.0535982847213743,0.1352625340223312,6.411580741405487,-10.847639959768026,-10.760815240489816,0.8444226874277886,1.1274404525756836,0.2608695652173913,20.61728809190833,0.9286525746125132
03165000,-3.263579308986664,0.4592052102088928,0.6238607466220856,0.9369234442710876,0.0569750294089317,0.3078220412135124,-19.0452931943516,37.16984373365376,0.7807178054678715,1.073116898536682,0.2083333333333333,47.213880221049,0.8031245365603418
03170000,-3.849872574210167,0.5763499438762665,0.7533071339130402,0.913229525089264,0.0623022317886352,-4.160035401582718,-23.48484812746405,54.7768813348159,0.8296366692879897,1.0700019598007202,0.2857142857142857,30.054748625982374,0.8711812328924335
03173000,-3.1084368005394936,0.5606771409511566,0.6955569088459015,0.9666129350662231,0.0183856524527072,-0.3180492669343948,-12.7997817393244,-58.17995142493972,0.8370103169264771,1.0297878980636597,0.2777777777777778,45.19961145189073,0.843272140917882
03180500,7.801012694835663,0.641726553440094,0.7907047420740128,0.989581286907196,-0.038648746907711,3.1244078651070595,-6.566049526944863,-280.1939873844824,0.8814317762688697,0.9458012580871582,0.0476190476190476,30.424942289079937,0.8950601578459813
03182500,-8.13821628689766,0.7261581122875214,0.8720795661211014,0.911486804485321,-0.0159794893115758,-9.539750963449478,-13.298319927610793,-480.2208087476852,0.8867197342541564,0.973982036113739,0.1578947368421052,20.946303166841208,0.9342664592278616
03186500,-9.36245620250702,0.6308499276638031,0.7510039657354355,0.92299085855484,0.0301768705248832,-9.121671319007874,-12.619857731465189,-290.16973213290845,0.8413995818369624,1.0448956489562988,0.5,44.47638591130574,0.8688204837630412
03213700,-10.50250381231308,0.6989999711513519,0.8806141465902328,0.9081733226776124,0.0117725133895874,-7.65916109085083,8.888880261306959,-673.0939054664558,0.8882961677301694,1.017983317375183,0.2777777777777778,21.915717919667564,0.9389901010336849
03237280,-35.72918474674225,0.443489670753479,0.3806402087211609,0.6417170763015747,-0.0825547724962234,-34.16585028171539,-40.83532249134198,-9.229805987160685,0.4410799507593888,0.795779287815094,0.3333333333333333,51.62590571812221,0.622748268733031
03237500,-6.519787013530731,0.5997293889522552,0.6788192391395569,0.944633424282074,0.0088690649718046,-7.128880172967911,-17.273506331140386,-100.32819249745258,0.8214336720264869,1.0219676494598389,0.15,47.98333644866944,0.8316613586949655
03238500,-1.8362093716859815,0.5861348807811737,0.6859645247459412,0.9117138385772704,-0.0131179057061672,-9.59279090166092,-21.176379514155126,-3.9092475175406207,0.8066592602329554,0.962432026863098,0.1428571428571428,37.24372727530344,0.8321463650995522
03241500,-13.616175949573517,0.6064267456531525,0.7516904324293137,0.8516656756401062,-0.0312641523778438,-13.5004922747612,-18.98632714273562,-469.9857423783066,0.7928027981358913,0.9414535760879515,0.238095238095238,38.81829125540597,0.8677127182072261
03280700,-19.11607831716537,0.5009414553642273,0.5790428519248962,0.8431331515312195,0.0079232295975089,-17.95182079076767,-21.72854381184679,-248.8169772722892,0.7167334350513771,1.020091533660889,0.2631578947368421,50.75724752325761,0.764991342830911
03281500,-23.875096440315247,0.6919054687023163,0.8461547046899796,0.7729496359825134,-0.0441914163529872,-23.58171045780182,-20.558171100917026,-4.7687717478900105,0.7465926411312432,0.9080737829208374,0.25,23.36583375930786,0.935092432321952
03285000,-0.0669277156703174,0.6288582682609558,0.7469480931758881,0.9429450631141664,0.0226800888776779,-3.467348590493202,-19.297242252671627,-151.47203202256142,0.8450033382493308,1.0574142932891846,0.2857142857142857,22.896010535103933,0.8678171786618686
03291780,-2.296045795083046,0.5576207339763641,0.674249917268753,0.9573309421539308,-0.0135746970772743,-2.6926007121801376,-3.573798650021414,5.686182060222139,0.8219257885084896,0.9639552235603333,0.1666666666666666,42.982546488444015,0.830912595406203
03340800,-1.5541715547442436,0.5863250195980072,0.6725940704345703,0.9670135378837584,-0.0482147447764873,-10.633157193660736,-29.881617458171768,-275.4504777349302,0.7964367826009573,0.8891574740409851,0.1739130434782608,48.89928154323412,0.8324774306729723
03346000,-15.422649681568146,0.641826868057251,0.7348423898220062,0.8166782259941101,-0.0080711711198091,-11.4870086312294,-19.783037189316826,-89.05984111178813,0.7669588917330009,0.975188136100769,0.4444444444444444,34.26784674326579,0.8582761250618278
03357350,-20.84077149629593,0.4801906943321228,0.4880703687667846,0.7524926662445068,-0.043808925896883,-18.73393803834915,-36.666077324369056,-9.929374033477668,0.591697195495098,0.8713828921318054,0.3043478260869565,57.45384796806003,0.701823979053586
03364500,-19.64389979839325,0.608616441488266,0.6737618744373322,0.8028502464294434,-0.0012907715281471,-17.410090565681458,-17.031685744031932,-8.438527800082356,0.73371342433731,0.9966698884963988,0.217391304347826,45.60490898464037,0.8210323341980349
03366500,-7.663606107234955,0.641676515340805,0.8362053334712982,0.8929733037948608,0.0200940500944852,-7.866111397743225,-16.259314288991497,-137.5703705106878,0.8523185276681153,1.0558359622955322,0.6363636363636364,36.47636066783559,0.914926802786906
03368000,-16.44092947244644,0.4197810292243957,0.4688559770584106,0.8531356453895569,0.0251591820269823,-14.734186232089996,-25.22329373807075,-20.19481466808107,0.656503486372688,1.086321473121643,0.5238095238095238,61.01304008847192,0.7017227472684422
03384450,-11.241932958364488,0.5848107039928436,0.6890462338924408,0.8841505646705627,-0.0058207912370562,-10.428231209516523,-21.465719120016253,-3.708081171736701,0.794834579517048,0.9808400869369508,0.1818181818181818,53.42015353116122,0.8317601241464633
03439000,-7.075431942939758,0.5174075365066528,0.7199062705039978,0.9230176210403442,0.1122941300272941,-4.28178608417511,-1.5366887845766783,40.53024609730483,0.8023550187102627,1.114290475845337,0.1739130434782608,43.280829554018766,0.8583139417946176
03455500,1.9440656527876852,0.3919500112533569,0.5232149362564087,0.9632925391197203,0.1083779260516166,6.923904269933701,-8.132114655673222,31.30822208821754,0.7145546346526603,1.149011492729187,0.3636363636363636,41.79483760486949,0.7593193112262256
03456500,-4.903989285230637,0.5373741984367371,0.6412190794944763,0.8398278951644897,-0.0047683743759989,-5.819980427622795,-9.233957331016624,28.929164374275345,0.7449687028090654,0.9924824833869934,0.3333333333333333,47.86436898367746,0.8016837214865449
03460000,8.340641111135483,0.5266503095626831,0.7440156042575836,0.9924073815345764,0.0034813261590898,5.670140311121941,-5.850649616353145,-34.157679308072865,0.8707975929258006,1.0033246278762815,0.1428571428571428,38.11141422816685,0.87106373284413
03463300,-14.82183188199997,0.5326620638370514,0.6220896542072296,0.7317119836807251,0.035065721720457,-12.162084877490996,-7.399140225204663,-630.8077579743166,0.6526600212043272,1.0729000568389893,0.3809523809523809,35.974847702752974,0.7917881298241644
03471500,10.350959748029709,0.4003296494483948,0.5018905699253082,1.1204640865325928,0.1663912683725357,15.113960206508636,-4.894373622790675,-48.60015069963593,0.6897351161859004,1.200902223587036,0.2105263157894736,34.801214619686725,0.796552221585417
03473000,-5.2947696298360825,0.4894957542419433,0.622344046831131,1.00105082988739,0.0756527036428451,-0.7779412902891636,-1.782620441385376,7.628743081307161,0.7965137355309637,1.0830353498458862,0.2631578947368421,39.84867899041426,0.8142294795720225
03479000,-3.007206693291664,0.5397581160068512,0.7515817433595657,0.8362401723861694,0.036889836192131,0.2916540252044797,-22.27308975784631,26.6582075440284,0.7796387886369027,1.066339373588562,0.0869565217391304,60.67665763523268,0.8683152634312643
03488000,-16.334542632102966,0.5987231433391571,0.7444474399089813,0.8610839247703552,0.0533618032932281,-8.540721237659454,-7.3630116860242625,-177.8212058642599,0.7863657084896124,1.0892930030822754,0.3,35.62649488449097,0.8644688443475608
03498500,-6.55582994222641,0.6693896651268005,0.8330153226852417,0.8912681937217712,-0.0055402084253728,-6.822533160448074,-21.26612362746661,-626.5914083842406,0.860451626236913,0.9912140369415284,0.2105263157894736,31.63756320351048,0.9129715576576763
03500000,-10.64259186387062,0.7173336446285248,0.8711481690406799,0.8470874428749084,-0.0065921796485781,-9.033431112766266,-9.655011577907342,35.88001960283365,0.834803366174697,0.994060218334198,0.1818181818181818,20.119877295060597,0.937771415776675
03500240,-9.603699296712875,0.5881913006305695,0.7847393602132797,0.859139084815979,0.0651398673653602,-8.771546930074692,-13.177927776557825,48.98777128543018,0.8089812474037098,1.065326690673828,0.3043478260869565,34.32406342547873,0.888739989652307
03504000,-22.78771996498108,0.5571699738502502,0.7123662233352661,0.7250447273254395,-0.1073933839797973,-22.833779454231266,-20.12856049442481,31.149241760142072,0.680465971334349,0.9140713810920716,0.2083333333333333,36.857569217681885,0.861732628735717
03574500,-14.121486246585846,0.6365788280963898,0.7855749279260635,0.9029317498207092,0.0348406918346881,-13.17809522151947,-18.986889988914264,-289.5290130128709,0.8298880434814809,1.0823471546173096,0.3157894736842105,33.41344281246788,0.8871515233415973
03592718,-20.925061404705048,0.5712218880653381,0.6301857233047485,0.8208482265472412,-0.0226219072937965,-22.305457293987278,-11.559913728150285,-371.7306976639995,0.7218692295242877,0.9445786476135254,0.217391304347826,45.82615313322648,0.7945983416478851
03604000,-11.97945550084114,0.6036186218261719,0.8056314140558243,0.8321589231491089,-0.0123531650751829,-9.613865613937378,-18.308484886717803,26.16361155317046,0.8026613438263464,0.9713941216468812,0.2105263157894736,50.496628409937806,0.9002321601636916
04015330,6.574312597513199,0.5878077447414398,0.6500528752803802,0.9928006529808044,0.0213894583284854,1.199562381953001,-20.34143454755723,-6.143287555387109,0.816430532281453,1.051719307899475,0.8421052631578947,46.11328526547081,0.8240141139995393
04024430,-10.800419747829435,0.5584247708320618,0.7268703877925873,0.9801621437072754,0.1182003319263458,-4.267887398600578,-13.563005304801091,-723.3618342747488,0.723007290888152,1.2427079677581787,0.5,31.69739776187473,0.8679990047555513
04027000,-24.87827241420746,0.6163860857486725,0.775518611073494,0.8210869431495667,0.0332968831062316,-19.96010690927505,-8.268694393809712,-806.6770791106226,0.7759138942925823,1.0680104494094849,0.5263157894736842,38.55422170538652,0.8834698338168632
04040500,-2.813528105616569,0.6933871209621429,0.8921420499682426,0.9889253973960876,0.039723701775074,0.5220027640461922,-7.79891665677989,1.751379136771729,0.911441395558466,1.0695642232894895,0.8823529411764706,19.64455352110021,0.9463269300679802
04043050,-17.87862479686737,0.5706157684326172,0.758266881108284,0.8508070111274719,0.0169206950813531,-18.50450336933136,-23.17926329157994,-997.2706599252468,0.8005154424961827,1.0307085514068604,0.3125,42.78276860713959,0.8711880222018631
04045500,-2.7368316426873207,0.7178167402744293,0.9165192916989326,1.0152888298034668,0.0751546621322631,-0.1188382622785866,-11.259731220291494,17.730137744091902,0.912435270253972,1.077288031578064,1.3529411764705883,14.684944994309369,0.9617849014979196
04056500,22.1253901720047,0.5137889683246613,0.711099237203598,1.1890720129013062,0.2067706733942031,21.302548050880432,-14.821141163225018,10.923579574256513,0.7261708864132725,1.1772199869155884,1.3125,29.79949116706848,0.9115283456536508
04057510,11.705116182565687,0.5005357563495636,0.714326024055481,1.1589221954345703,0.1790780425071716,15.108644962310793,-8.684161579298195,3.8381093734713048,0.7448636347773121,1.1735873222351074,1.0588235294117647,27.68844716689166,0.9014822746073275
04057800,4.879442602396011,0.6193622052669525,0.8177341818809509,1.021395206451416,0.0924348309636116,8.320003747940063,-20.123024895152373,16.01235770004249,0.8212618786429032,1.1558704376220703,0.6875,32.18080997467041,0.91518273853354
04059500,26.428920030593872,0.5903143584728241,0.7168706357479095,1.1483919620513916,0.0981835052371025,24.564607441425323,-11.83334472029506,30.902364541279105,0.7619623855879465,1.1505131721496582,1.2857142857142858,25.64175469534738,0.8905124825244122
04063700,-10.015730559825895,0.4642857313156128,0.7245929837226868,0.9941741228103638,0.2044477313756942,-2.344074845314026,11.008430964748692,-48.65740270684859,0.7163178341356842,1.258151292800903,0.7777777777777778,37.1695597966512,0.88252855491796
04074950,12.391066551208496,0.5256015360355377,0.7815968245267868,1.0164923667907717,0.1924329549074173,7.250019907951355,0.7316304598854504,15.89046162401003,0.8510031843294608,1.1182903051376345,1.4444444444444444,16.638611422644722,0.9109188200120548
04105700,-16.108117997646332,0.3783265948295593,0.6729467213153839,0.8479659557342529,0.1911584138870239,-12.81769573688507,-16.502320962518645,-15.761379798598815,0.7634314636723253,1.089389681816101,0.4166666666666667,20.89624206225077,0.8423300708783206
04122200,-4.6546820551157,0.5889194905757904,0.8072868138551712,0.9819290637969972,0.15939262509346,-0.433108489960432,-9.02820136941212,34.15559823203228,0.8827951447080056,1.078618407249451,0.45,20.99515199661255,0.914973148886226
04122500,-3.834426775574684,0.5446882247924805,0.7663923352956772,1.0311869382858276,0.1221389546990394,-0.6237959954887629,5.956757179956177,13.25946910772147,0.8773453416078992,1.054104566574097,0.4736842105263157,19.155429538927574,0.8944337365373385
04124000,1.9849030300974848,0.5905236601829529,0.8220499455928802,1.0480165481567385,0.0696781650185585,2.6831988245248795,8.955645983245521,46.50407430427566,0.903468183520394,1.0193248987197876,0.5,10.511910915374756,0.9185177873064684
04127918,28.932592272758484,0.466213047504425,0.5340497493743896,1.272819995880127,0.1819240897893905,29.73884642124176,-14.029954882549706,-18.02316836718644,0.6145869325789766,1.232998251914978,0.75,39.09992694854736,0.8592012180755307
04127997,20.34666240215301,0.1021776795387268,0.3948302865028381,1.1600172519683838,0.5445936322212219,16.996507346630096,0.2483779623431575,7.289142240320161,0.748044800710961,1.1516523361206057,0.4166666666666667,15.139442682266235,0.8780267633026448
04161580,-7.016555219888687,0.4409411549568176,0.6053575575351715,0.9821233749389648,0.1144899874925613,-2.7883879840373997,-10.250898143333416,22.86258334051524,0.7718497031913608,1.1186050176620483,0.7142857142857143,35.851424080984934,0.8059231234905031
04185000,-1.4610200189054012,0.6908681690692902,0.828789234161377,0.9824175238609314,0.0130493631586432,2.552115172147751,-8.534883164537613,-299.736528237508,0.9092246594442576,1.0195075273513794,0.8260869565217391,33.379368160081945,0.9131065286545345
04196800,-9.349504113197328,0.645465075969696,0.751902848482132,0.8465020656585693,-0.0695081949234008,-11.01774275302887,-16.768139397610497,-109.64173609114516,0.7469381696416817,0.8462535738945007,0.391304347826087,44.03807598611583,0.8702282365188698
04197100,-26.20675265789032,0.5987394154071808,0.6924606263637543,0.7311352491378784,-0.0691009908914566,-26.699191331863403,-19.829098627400217,-164.3067919743653,0.6486538716814985,0.8377863168716431,0.6,48.63184452056885,0.8423847449192076
04213000,-9.886259585618973,0.6121068894863129,0.7033405601978302,0.8626698851585388,-0.0576798059046268,-11.7238849401474,-15.195720698631597,-300.7588450715359,0.7663064895436902,0.8977964520454407,0.3181818181818182,42.35137592662465,0.8409165905176641
04216418,-14.275181293487549,0.570205956697464,0.6717274188995361,0.8555099964141846,-0.0681875273585319,-16.543449461460114,-6.2719945310517335,-465.595792775332,0.7492261614723377,0.89654541015625,0.3333333333333333,41.89598957697551,0.8230612965065852
04221000,-11.053168028593063,0.6366687119007111,0.7989916652441025,0.8646684288978577,-0.0247899740934371,-13.11594545841217,-10.722574083145144,-74.25367756580141,0.8246463025163242,0.9632762670516968,0.1428571428571428,34.76570674351284,0.8947115746030744
04224775,-7.972454279661179,0.5122252106666565,0.6173988282680511,0.913158357143402,0.0218110363930463,-8.873473107814789,-10.303449005095,-725.9794158943856,0.7745046194454767,1.035202980041504,0.3809523809523809,55.180000123523534,0.7948964995091652
04233000,-24.758832156658173,0.5613114237785339,0.6595828831195831,0.7585076093673706,-0.0579760707914829,-22.889693081378937,-15.73753190007116,-586.9199177049918,0.6854439212606482,0.9171366095542908,0.3181818181818182,46.32828018882058,0.8162593935400866
04256000,2.5936389341950417,0.6203556656837463,0.7860586494207382,0.9599834680557252,0.013311693444848,0.4949711728841066,-16.86730056032269,7.234574227084983,0.8815177022686967,1.0150244235992432,0.5,28.458642959594727,0.889496612077491
04296000,-19.301599264144897,0.6248848736286163,0.771078810095787,0.8292233943939209,-0.0968146473169326,-16.51487499475479,-10.80681994550505,-716.2329241392073,0.7654141850336176,0.8873603940010071,0.4782608695652174,37.30347674825917,0.8852037686964456
05056000,-31.21624886989593,0.3533276319503784,0.2890548706054687,0.7380108833312988,-0.1085203364491462,-28.273046016693115,-17.54771737724214,-152.08242013664463,0.4327528768592811,0.7342061400413513,1.4545454545454546,88.98452411998402,0.5728178076430879
05057000,-44.77156102657318,0.405057430267334,0.4756015539169311,0.6125503778457642,-0.1557027250528335,-41.06781482696533,-13.391640742329274,-255.6752957039405,0.4180180420571804,0.6729696393013,2.333333333333333,68.4707588619656,0.714278224762662
05057200,-42.85050630569458,0.4715808629989624,0.541945606470108,0.5748559832572937,-0.0974667221307754,-41.37410521507263,-37.75729847681378,-209.04658562955976,0.3853025686460543,0.6220487356185913,1.8333333333333333,77.20232009887695,0.7670658056585276
05120500,-28.636211156845093,0.1464491486549377,0.1112240552902221,0.7277799844741821,0.1078683584928512,-22.13699370622635,-18.05691837821368,-15.6624851619029,0.26467948167496,1.4027612209320068,1.8333333333333333,50.77286958694458,0.4482972478496341
05123400,-27.2818386554718,0.3185842037200928,0.2460994124412536,0.8172105550765991,-0.0045533757656812,-22.89583534002304,-71.87868700118104,-131.59094203787055,0.5225969386919849,0.9862537384033204,1.0,70.47437940325055,0.5591908099154748
05129115,-19.28554475307465,0.5045432150363922,0.6826190948486328,0.8734223246574402,0.0553800873458385,-18.011106550693512,11.368637680514956,43.17079504969597,0.7786263303270348,1.0618486404418943,1.2,36.95119539896647,0.8292395262221438
05131500,-4.683347791433334,0.6312335431575775,0.7925140112638474,0.9253160953521729,0.0229778680950403,-6.487170606851578,-6.088348697130757,-505.88636148543617,0.8626665993021716,1.0379687547683716,1.0,27.573765648735893,0.8911829471308664
05291000,-26.000916957855225,0.4742242693901062,0.524600476026535,0.7490171790122986,0.0078235585242509,-16.574054956436157,-28.190764352990183,-422.07019301359134,0.6262933799736211,1.0299546718597412,0.5555555555555556,61.94093492296007,0.7247419773115215
05362000,9.35477763414383,0.6263270378112793,0.7702397406101227,1.0870305299758911,0.0932023301720619,11.46342158317566,-9.277033199691338,-767.424720370465,0.7566139797120446,1.204984426498413,0.4736842105263157,67.66014601054945,0.901797013197962
05393500,6.458916515111923,0.5849185585975647,0.7310382723808289,1.0542881488800049,0.0818845331668853,8.269358426332474,-8.977703874932114,14.726513452837525,0.7745267227390523,1.1810173988342283,0.631578947368421,41.11047794944362,0.8770215589248893
05399500,-18.97832751274109,0.5979616641998291,0.7464853525161743,0.8414506316184998,0.0165541488677263,-16.24303013086319,-29.44837698325975,-360.1972742659784,0.7830330059036849,1.0597102642059326,0.125,44.7992742061615,0.8644586459361
05408000,-21.194487810134888,0.4853240847587585,0.4983083605766296,0.5857089757919312,0.0385042019188404,-16.782772541046143,-7.664101111634655,26.226529951650328,0.4962262696639863,1.0589560270309448,0.1666666666666666,29.034007920159237,0.7195091703566435
05412500,-11.152701824903488,0.5683690309524536,0.7074540853500366,0.8435887694358826,0.0353051014244556,-6.186867877840996,-16.296721813264742,-303.77236200943946,0.7692375571440261,1.0614323616027832,1.0,39.63113512311663,0.8418453385632279
05413500,-11.547765135765076,0.3308796882629394,0.5695336759090424,0.7798963189125061,0.0022644638083875,-9.41055566072464,-27.412245753683727,-1915.987240323473,0.6707018279934417,1.002940058708191,0.3333333333333333,58.4859742058648,0.7550857053714748
05414000,-25.46657621860504,0.4549636840820312,0.5109204053878784,0.6524561643600464,0.0151323340833187,-18.27193796634674,-9.30008897592042,-407.2736205619552,0.5518258659412882,1.0227020978927612,0.4666666666666667,57.30918884277344,0.7179398087301
05444000,-0.0330689363181591,0.3315324187278747,0.5030854642391205,0.926639437675476,0.0531241372227668,1.2943007983267307,-35.78600988368888,2.4137171274835496,0.7124696508265772,1.088056564331055,0.4666666666666667,49.05107498168945,0.736299467066464
05454000,-21.561218798160557,0.4314535856246948,0.4416946172714233,0.7928952574729919,-0.0510366633534431,-19.59959864616394,-24.36401633504056,-3.510215393336468,0.5997231707520609,0.8870555758476257,0.2352941176470588,69.00868135340073,0.6766229403490501
05458000,-19.70570534467697,0.5632223188877106,0.6395711600780487,0.7274968028068542,0.0076736831106245,-12.056978046894072,-22.420564730473348,-681.2347010814136,0.6633726371806719,1.019803166389465,1.0666666666666669,62.3664919535319,0.8033586423990104
05466500,-5.036444962024689,0.5952267348766327,0.7310903966426849,0.966308295726776,0.0341858081519603,-4.845394939184189,-13.744723313793813,-120.1943527935424,0.8472490805838426,1.056278944015503,0.4444444444444444,43.96359655592177,0.8620493098743361
05487980,12.1912844479084,0.5389573872089386,0.5974659323692322,1.0894453525543213,0.0337458476424217,5.809201300144196,-30.62989478930438,-277.21612183073984,0.7724481479966585,1.105743646621704,0.3333333333333333,46.54796388414171,0.8194517918789334
05489000,10.039380937814713,0.5658672153949738,0.590801864862442,1.0438621044158936,0.0021856972016394,-3.6927226930856714,-27.517954798404517,-74.64761598168928,0.7999137610742455,1.007424235343933,0.2352941176470588,43.55028657352223,0.8049218117440567
05495000,3.0674662441015244,0.6233210861682892,0.771008774638176,1.0111477375030518,0.051179502159357,2.25870069116354,-14.398802203249565,-118.94223549567565,0.8098072209782622,1.1534035205841064,0.3333333333333333,31.191632482740616,0.8881233669930299
05495500,-9.473839402198792,0.6033372282981873,0.7783987522125244,0.8874222636222839,0.0218590311706066,-9.975233674049376,-27.145258134883548,-132.3824139993164,0.8204815988711242,1.0758905410766602,0.2857142857142857,45.906402951195126,0.8825532657285474
05501000,8.122722804546356,0.5620612502098083,0.7527980357408524,1.0645452737808228,0.0696202889084816,11.348103731870651,-25.3515359856924,-199.85920489071668,0.7198684750703743,1.248579740524292,0.25,42.53647923469544,0.8881264486447678
05503800,21.864505112171173,0.520294189453125,0.660497635602951,1.1820980310440063,0.0913047417998313,21.96899503469467,-31.120318025659486,-18.92918395209874,0.5797510838100615,1.357156753540039,0.1052631578947368,47.72319793701172,0.8739503587888731
05507600,-15.002013742923737,0.5964169204235077,0.6911509335041046,0.7801918387413025,-0.0274568144232034,-19.787339866161343,-34.46154085979858,-17.76903964244993,0.6969819818107534,0.874352753162384,0.1111111111111111,58.73379707336426,0.8335155834513746
05508805,3.8262639194726944,0.5751399099826813,0.6724116206169128,0.954663336277008,0.0075391386635601,-1.3135455548763275,-16.93468033462192,-3.0544708089141737,0.820979642821507,1.030562400817871,0.3529411764705882,58.19529926075655,0.8295335374244208
05514500,4.794091731309891,0.6028333008289337,0.7373210787773132,1.0177218914031982,0.0333040542900562,0.3507501212880015,-28.082766535885213,-172.53370658503812,0.8301117231442389,1.1098791360855105,0.3888888888888889,34.32344330681695,0.8716468285112716
05525500,-1.1353728361427784,0.6922489106655121,0.849669948220253,0.9398463368415833,0.0207558739930391,-5.426795408129692,-9.589377402184354,-360.3769396072619,0.8934106959402514,1.0410683155059814,0.2631578947368421,21.24187820836117,0.9221783448514076
05556500,-23.447397351264957,0.5665658414363861,0.7204521298408508,0.7587095499038696,-0.0230794809758663,-20.780663192272183,-30.06473270314985,-322.3661547327626,0.7133888774821346,0.9475333094596864,0.1052631578947368,42.168486745733965,0.8544936405956611
05584500,-11.44186705350876,0.6171152591705322,0.7677910029888153,0.8585720062255859,-0.0294037014245986,-13.29084187746048,-34.563927308591815,-288.0252435501776,0.7998093297068247,0.929812788963318,0.5,51.11077785491944,0.8769220472372595
05585000,0.2086654072627425,0.6266324818134308,0.7738503217697144,0.9561697840690612,0.0315239578485488,-2.6439249515533447,-17.744885317020596,-328.2514143232497,0.8600920791154907,1.0634534358978271,1.3043478260869563,30.27422117150348,0.8832661147291253
05591550,-25.53430795669556,0.5786303579807281,0.6770000755786896,0.7258811593055725,-0.0801135674118995,-28.34806740283966,-47.330894376618886,-20.745095438359424,0.6172874507475686,0.7910282611846924,0.2631578947368421,68.69656412225021,0.8336913444581292
05592050,19.489246606826782,0.4807604551315307,0.6069582104682922,1.1854718923568726,0.0771486312150955,17.837366461753845,-32.50357250247322,,0.6673372655643293,1.2326726913452148,0.2,39.86095190048218,0.8512448631812917
05593575,-0.5464306101202965,0.6380520761013031,0.8046657145023346,0.9543954133987428,0.0139259416610002,-4.790182411670685,1.0126967534646327,14.713036497643328,0.8781998950457152,1.0502554178237915,0.1111111111111111,34.765985276963974,0.8988571296276432
05593900,-16.5602445602417,0.5570183992385864,0.6892267465591431,0.8475245833396912,0.000309751718305,-11.842310428619385,-40.06666215494176,-18.424934891927126,0.7719143510895221,1.001152753829956,0.05,40.42282104492188,0.8303739945887231
05595730,-6.774897128343582,0.655453622341156,0.8285306543111801,0.8971235752105713,-0.0070589915849268,-7.823674380779266,-29.163462991230737,-5.948898824115269,0.8605304463143058,0.971139907836914,0.3888888888888889,43.40955946180556,0.9103602057779584
06191500,-9.24544706940651,0.7932583540678024,0.9371149316430092,0.9700355529785156,0.0614696107804775,-8.677024394273758,-4.081397155818739,24.441590845482427,0.9115667350133632,1.0776039361953735,1.2,16.221531629562378,0.9699966108934712
06224000,6.132099404931068,0.7293394804000854,0.8131960928440094,1.0833278894424438,0.0672505646944046,10.111478716135023,-9.272380675190703,-794.4330117409665,0.8451441137799389,1.1024103164672852,0.6,28.63363981246948,0.9190745069885956
06278300,-14.107383787631989,0.6946874558925629,0.808978483080864,0.977197289466858,0.0493981353938579,-8.854473382234573,4.422872588321786,-871.3027057948423,0.8394283572008915,1.1265071630477903,0.3,28.224964141845703,0.903775125039593
06280300,0.3380477195605635,0.7658308893442154,0.8465963453054428,0.925861954689026,-0.0302731003612279,-2.0566843450069427,-17.88532607332219,3.833523467567301,0.882267826162262,0.9545780420303344,1.0,30.086305141448975,0.9206195192239978
06289000,-14.666566252708437,0.551719605922699,0.6964043378829956,0.9100616574287416,0.074292816221714,-13.157457113265991,6.04706596846695,42.17668723196213,0.7934290592829553,1.095910668373108,1.3333333333333333,32.61592653062608,0.8406770833292226
06311000,-21.593131124973297,0.5370371639728546,0.563109278678894,0.8748565316200256,0.0302970241755247,-16.97600781917572,-24.435432224108432,-857.8563203810459,0.7217440356207567,1.063725829124451,0.9,40.45620441436768,0.759782363809702
06332515,117.8686022758484,-0.3042856454849243,-1.9265611171722408,1.9336642026901243,0.2210132777690887,114.47666883468628,6.804473323701088,-20.60886522373692,-0.825098639958884,2.4799344539642334,0.6363636363636364,94.87890763716264,0.4812994947328773
06339100,-30.145996809005737,0.3225864768028259,0.2057167291641235,0.6101126074790955,0.004052679054439,-23.531505465507507,-1.0678969003989165,-4.537659901159973,0.344270115129294,1.03057062625885,0.9,60.97132682800292,0.473658912988981
06339500,-48.13768267631531,0.2977538108825683,0.0374516248703002,0.4717307984828949,-0.0113468477502465,-43.49227845668793,-18.060817377707696,-93.865600189434,0.1008267470759618,0.9304963946342468,1.1111111111111112,68.73645782470703,0.275697964697297
06344600,-2.275384217500686,-0.045400857925415,-0.028298020362854,0.8150067329406738,0.0955681577324867,7.304736971855164,-37.25560449789547,-50.753633913758776,-0.0031036490311664,1.7790195941925049,0.7777777777777778,85.743162367079,0.3957460023247645
06350000,-4.63411882519722,0.2135518193244934,0.4006053209304809,0.7744131684303284,0.0563476234674453,4.482522234320641,-0.348277078025978,-278.28008653635084,0.3642181609669336,1.478915452957153,1.6666666666666667,66.71528816223145,0.6479075161474342
06352000,-18.1878998875618,0.4088314771652221,0.5697910785675049,0.7316188812255859,0.0319824069738388,-9.902297705411913,-18.08515101138862,-112.76090803102404,0.5536963181823917,1.259961485862732,1.4285714285714286,57.1509565625872,0.7559127669102962
06353000,-7.981622964143753,0.3033009171485901,0.3161211013793945,0.8258686661720276,0.0282146241515874,-7.136493921279907,-58.56142554006879,-39.0582635109523,0.5260320890422021,1.1953035593032837,1.25,74.7188925743103,0.6048033667647724
06354000,4.847236350178719,0.4007495045661926,0.3935707211494446,0.9681575894355774,0.0462018623948097,3.3502504229545598,-34.866175285280654,-20.305439686999502,0.5678425386783919,1.297784686088562,1.4285714285714286,62.88442611694336,0.6884387492056809
06360500,-31.71224296092987,0.5275378823280334,0.5775656998157501,0.7030574679374695,-0.0025692542549222,-27.56510972976685,-57.83161148144909,-49.45057016815386,0.6193794875888615,0.9862422943115234,2.125,62.58119344711304,0.7622862379781097
06404000,7.986005395650864,0.526949942111969,0.6263285875320435,1.093733787536621,0.0343510620296001,9.206819534301758,-34.924751151448866,-16.005563826558543,0.7819768387923763,1.1053712368011477,0.4444444444444444,35.750060611301,0.8337322089158531
06406000,23.05174022912979,0.137675404548645,0.1967779994010925,0.956309974193573,0.0733069330453872,37.86110877990723,-37.82251248206193,-302.8215624087254,0.535829459157497,1.2009068727493286,0.8333333333333334,79.13564840952554,0.5838487040592801
06409000,2.5070112198591232,-0.3876423835754394,-0.8676586151123047,1.1209628582000732,0.3938745260238647,11.536350846290588,0.0905055211214264,54.94135512830529,0.2039739556440674,1.2132338285446167,0.6923076923076923,44.61867625896747,0.2426646815358291
06431500,-22.392918169498444,0.0395785570144653,0.3765539526939392,0.848182201385498,-0.1877380013465881,-20.63134461641312,55.69261552957286,38.647381807999054,0.6210539551564358,0.9022278785705566,0.5,40.7405177752177,0.6668452713863822
06447000,9.461284428834915,0.3977377414703369,0.4879090189933777,1.0168884992599487,0.0793646201491355,4.346737638115883,-47.6453649821578,,0.670693866550915,1.2153539657592771,0.45,46.73340797424317,0.7514442164187578
06447500,20.850619673728943,0.4897937178611755,0.5131066739559174,1.1590567827224731,0.0427723042666912,18.789853155612946,-9.341965584155188,-46.72935976232375,0.7420620144815606,1.043541669845581,1.4285714285714286,36.874522481645855,0.80166425629669
06450500,-0.4828089848160743,0.2706959247589111,0.2441140413284301,1.0108537673950195,0.004145398736,5.622543394565582,-6.284623703254093,70.70420249888635,0.626001361138037,1.0041463375091553,1.0,68.13213684979607,0.6261818818072136
06452000,-7.744225859642029,0.4600214958190918,0.408682644367218,0.9355482459068298,0.0353297032415866,-5.820762738585472,-10.487023191145916,-1.4509972227698555,0.6675485864335586,1.0911771059036257,0.8125,56.2933087348938,0.6868600167086969
06453600,-27.84623801708221,0.4184317588806152,0.4852880835533142,0.7610012292861938,0.0282687880098819,-23.883768916130062,-35.90525840604673,-9.135366043641737,0.6038791714141436,1.0985682010650637,0.6363636363636364,52.604103088378906,0.6998740128285587
06464500,-12.543953955173492,0.5124915242195129,0.5918477475643158,0.9390621185302734,0.0201282203197479,-7.269958406686783,-4.804533749392832,9.615757979778897,0.7742863123664065,1.03088641166687,1.5384615384615383,47.68201387845553,0.7848738208365109
06468170,-57.7426552772522,0.3755217790603637,0.1388651728630066,0.4302813112735748,-0.0910596400499343,-55.08700609207153,-32.742221915856504,-2.4726441744747456,0.0715066129404551,0.5991281270980835,2.4,92.86294937133788,0.3861414437793847
06470800,-38.97818624973297,0.5651126801967621,0.6532518863677979,0.6467785835266113,-0.0345642045140266,-32.717570662498474,-20.58647905733652,9.67089020498762,0.5788640630943187,0.8468417525291443,1.6666666666666667,50.78360239664713,0.8293170789750335
06477500,-16.013909876346588,0.5020465552806854,0.3469290137290954,0.8277522325515747,0.0025890883989632,-12.350530922412872,-35.602749350495586,4.98532242949273,0.5856930132560321,1.013579487800598,0.2857142857142857,40.937927791050505,0.6234411289254055
06479438,-11.830514669418337,0.3520961999893188,0.3455666899681091,0.8200304508209229,0.0698777139186859,-2.087200805544853,-40.8502913126974,-169.75437755955326,0.4896402326153202,1.2940635681152344,1.181818181818182,121.45983089100233,0.623696038500043
06601000,30.85995316505432,0.2961364388465881,0.0024634599685668,1.1801424026489258,0.0438980050384998,37.60350048542023,-24.19649829936579,-6.465193735687187,0.5495849566345756,1.0624687671661377,0.2222222222222222,52.60465410020616,0.5919312812938338
06614800,3.7880241870880127,0.7031508982181549,0.8033494502305984,1.0649093389511108,0.0515650436282157,8.586899191141129,7.386891661266656,-1131.5648565135652,0.8505833750806465,1.1008579730987549,1.4,30.99541664123535,0.9108945861261428
06622700,4.310376942157745,0.6907361745834351,0.8039307296276093,1.151156306266785,0.1024534702301025,8.225228637456894,3.5793898475396526,-0.7392124760059277,0.7197726636924984,1.225130319595337,1.1,35.19002676010132,0.9293213590348464
06623800,-12.538306415081024,0.7898146361112595,0.903694249689579,0.9334983229637146,-0.0103340838104486,-8.02953615784645,-6.131167461962753,14.89457129062766,0.9150311187216228,0.9804859161376952,0.6,20.96796751022339,0.9508427190736152
06632400,8.978097885847092,0.6383555829524994,0.7306256890296936,1.2116905450820925,0.1387748420238495,19.84670162200928,-3.7307522286719657,-145.10295385703938,0.6086671781998435,1.3180431127548218,0.8,21.900131702423096,0.9152824164051911
06746095,-14.533093571662905,0.6402962505817413,0.6969234943389893,0.8985975384712219,0.007939551025629,-11.724361032247543,0.8873172329570193,-810.5800611182989,0.8074522226604324,1.0161737203598022,2.0,37.06254482269287,0.83711783976127
06784000,3.062397800385952,0.2682858109474182,0.2315151691436767,1.0089104175567627,0.1085207462310791,-2.9837964102625847,-31.908719790462115,60.44367048399999,0.6064734074268415,1.1190751791000366,0.875,45.48167288303375,0.6250268206344632
06803510,13.0914106965065,0.118715763092041,0.6062357127666473,1.1478540897369385,0.1149845421314239,10.248470306396484,-31.55838984711441,-240.68985649795653,0.4335229476963865,1.5240461826324463,0.1666666666666666,45.68493101331923,0.8437597446142227
06803530,-5.392659083008766,0.3792474269866943,0.5960296988487244,1.0592739582061768,0.0226973332464694,-8.577258139848709,-7.973774169524452,-726.2361944483711,0.7815942444790516,1.0924628973007202,0.2,82.1336046854655,0.811218950776289
06814000,-7.357632368803024,0.5190670192241669,0.6717783510684967,0.9254178404808044,0.0148203577846288,-9.977595508098602,-43.488279606964,-9.935528641252994,0.8015746496738854,1.0588215589523315,0.4444444444444444,60.73708004421658,0.8257870689761752
06847900,2.1178804337978363,-0.0188679695129394,0.1191816329956054,0.9088510274887084,0.0554589480161666,5.785221606492996,-69.4338564922017,25.359736057108893,0.3948307411707801,1.359355330467224,1.0,70.04659175872803,0.5216847868749779
06853800,12.586478888988497,-0.0862876176834106,0.2862977981567383,1.0319734811782837,0.1742909103631973,23.2402041554451,-70.29536272163003,-38.47069468500751,0.0267417541661229,1.9148361682891848,0.6666666666666666,100.6129264831543,0.6694185504676037
06876700,-10.80404296517372,0.1762365102767944,0.2469152212142944,1.002901554107666,0.1539094895124435,-7.730276882648468,-31.294648407897025,-137.5956933155999,0.4131029458480103,1.4606586694717407,0.4615384615384615,69.08550262451172,0.636360998521103
06878000,-18.273866176605225,0.4207471013069153,0.7232836782932281,0.7992320656776428,0.0453041307628154,-17.85067766904831,-33.165593853559734,-275.1568995771049,0.6857431270439225,1.1922346353530884,0.2,48.59101295471192,0.8533866864206013
06879650,-29.757019877433777,0.2331196069717407,0.2060268521308899,0.6666784286499023,0.0427564717829227,-24.36454147100449,-89.29277298918282,-383.2685602085773,0.3555498116892143,1.208145260810852,0.5833333333333334,91.51795705159506,0.4892277164053523
06885500,-36.72072887420654,0.6004190444946289,0.6958413422107697,0.6444234251976013,-0.0223560873419046,-32.509997487068176,-34.71509136635673,-194.47177364262612,0.6069055862760029,0.9041844010353088,0.2941176470588235,53.40521195355584,0.8624940417732937
06888500,12.45393231511116,0.3920974731445312,0.4698677659034729,1.097479224205017,0.0636851713061332,5.581483617424965,-25.639254800853728,-183.1680562122785,0.6682151939797276,1.2125824689865112,0.1666666666666666,41.10010464986165,0.764654185858561
06889200,-22.031013667583466,0.5034092962741852,0.3698880672454834,0.5904126763343811,0.0110522555187344,-16.717030107975006,-13.967415086900017,-0.2084192721018586,0.4290573905595541,1.0706003904342651,0.2222222222222222,49.81066385904949,0.6085548921781876
06889500,-18.898646533489227,0.497425377368927,0.5955600440502167,0.6871422529220581,0.0091987214982509,-17.057716846466064,-19.93174376738523,-196.4020783275936,0.6127556148704079,1.048435926437378,0.2,72.02383518218994,0.7769928141564418
06892000,-13.85256052017212,0.5658808946609497,0.7227595448493958,0.8126482963562012,0.0295399222522974,-11.123345792293549,-17.575763749632944,-82.65403041141477,0.7382812626091747,1.106583833694458,0.6190476190476191,35.11598223731631,0.8515549831142653
06903400,20.827242732048035,0.5894803404808044,0.6186204254627228,1.0394365787506104,0.014906664378941,3.991825878620148,-34.98214505749158,-3.429361968011156,0.8078463757412151,1.045000433921814,0.2941176470588235,42.00870289522059,0.8174000752489704
06910800,-13.916485011577606,0.5213318467140198,0.6332121193408966,0.9851011633872986,-0.005885187536478,-17.847290635108948,-45.02086509239836,-10.811860751583154,0.8116249670957841,0.9744407534599304,0.1818181818181818,67.6304427060214,0.8139626311582633
06911900,-11.413522064685822,0.5240906476974487,0.7371087670326233,0.8330599665641785,-0.0079857297241687,-13.983450829982758,-37.76370797681621,-5.306505130663089,0.7779012776873839,0.9603535532951356,0.0476190476190476,64.86555735270181,0.8589786294456699
06917000,-9.01549905538559,0.6034539341926575,0.8245893567800522,0.8562062978744507,0.016617426648736,-10.645817220211027,-50.781967710128725,-14.803564971362691,0.8151419379368157,1.0732121467590332,0.1666666666666666,24.99168184068468,0.9098010204840504
06918460,28.97791266441345,0.5149145722389221,0.5064877867698669,1.245301365852356,0.1096174418926239,30.61257004737854,-20.899996061522256,-392.5371255196311,0.6222282035518331,1.2322108745574951,0.3125,60.18130779266357,0.830834755815838
06919500,5.882364511489868,0.6398781836032867,0.7697436213493347,1.018545389175415,0.0364594124257564,1.062480080872774,-30.7380509940041,-5.952885647881401,0.8390033513752682,1.1139507293701172,0.4375,43.54150295257568,0.8877893913894676
06921070,24.148480594158173,0.5348489880561829,0.6685737371444702,1.2156012058258057,0.0965110883116722,23.822951316833496,-25.79655984176664,-266.9425895656951,0.6034204578257941,1.3129512071609497,0.1111111111111111,35.62711874643962,0.8866289487829205
06921200,24.08936321735382,0.4371783137321472,0.5101167261600494,1.2332909107208252,0.1026404798030853,25.961190462112427,-47.5251987600065,-13.175417377877997,0.5039555430677993,1.4024397134780884,0.2777777777777778,39.24438423580593,0.8277277409334746
07014500,5.063482001423836,0.5747823417186737,0.7697270661592484,1.0193363428115845,0.0970842540264129,5.947628617286682,-12.597154748936536,-366.7077147450304,0.7780708406391509,1.1928293704986572,0.1666666666666666,50.01219113667806,0.891854304318768
07056000,4.574872553348541,0.6958082914352417,0.884981170296669,0.9863746166229248,0.0154486643150448,5.165565013885498,-31.24974076346035,-453.0702238599189,0.9236977062821876,1.0475614070892334,0.0714285714285714,24.1689818246024,0.9419112617616868
07057500,7.483413070440292,0.5189801156520844,0.818015843629837,1.0006299018859863,0.1350996345281601,9.08827930688858,-15.13731705674424,-20.31003440263625,0.7725859969119729,1.212186574935913,0.375,40.0662362575531,0.9181856403734568
07060710,-27.937671542167664,0.5398131906986237,0.5643487274646759,0.7125698924064636,-0.0007286143954843,-25.850453972816467,-10.246750804819102,-461.0573541895394,0.620535973503971,0.99653559923172,0.3333333333333333,45.12482007344564,0.7522806455267093
07066000,6.58288300037384,0.5545788407325745,0.7189673781394958,1.0006815195083618,0.0380123816430568,6.439536809921265,-19.251755816517672,-1730.6366191373847,0.8429111417708121,1.0718387365341189,0.2105263157894736,55.79336065995065,0.8603016075822949
07067000,-2.326236106455326,0.4844735264778137,0.7560357600450516,0.9697348475456238,0.1170574650168418,-2.634149417281151,-10.2550432113304,-12.162679466611957,0.789875524477643,1.171034574508667,0.2222222222222222,41.629531648423935,0.8817481920514606
07068000,-12.427212297916412,0.652058869600296,0.848472848534584,0.8347115516662598,0.0375783666968345,-11.32618486881256,-12.983643441290168,-7.35037493653962,0.8121237396227814,1.0506640672683716,0.4444444444444444,29.40739260779487,0.926444780276456
07071500,-11.385989934206007,0.4801394343376159,0.6893709003925323,0.8442324995994568,0.0971211045980453,-4.241039231419563,-1.248948249846738,-46.855473173293,0.7289974789501124,1.1492582559585571,0.2857142857142857,50.73846748897007,0.8359852894933768
07083000,-14.696238934993744,0.7147282660007477,0.8276075124740601,0.9625275135040284,0.0249921027570962,-8.195095509290695,2.246948428404891,-136.7280518700221,0.8970488747458316,1.0369166135787964,1.2,24.515857696533203,0.9115019175982748
07142300,18.02402436733246,-0.0856260061264038,0.0513707995414733,1.0899664163589478,0.1658297628164291,26.38963758945465,-64.55888319150593,-54.750672719119024,0.3109652056799735,1.5396766662597656,0.625,67.32922196388245,0.5811634118108648
07145700,12.97333687543869,0.5356386005878448,0.634257435798645,1.07821524143219,0.0508431829512119,13.728615641593931,32.0915494543544,-187.695779324817,0.7154854248122089,1.217755675315857,0.3636363636363636,43.65313269875266,0.8344301193763534
07148400,47.67242968082428,0.1952118873596191,0.0991523265838623,1.4950637817382812,0.2578041851520538,42.04595386981964,-12.648546932936334,34.86384205068956,0.2340352591622501,1.550248146057129,0.4117647058823529,49.53165054321289,0.802919270403407
07149000,58.71924161911011,0.0347523689270019,-0.0949689149856567,1.5827943086624146,0.3595684468746185,50.811463594436646,8.525410340105136,-4.978961218116728,0.1876591769492624,1.530225396156311,0.5263157894736842,47.113990783691406,0.8022389425181722
07151500,1.6803968697786331,0.5352538228034973,0.5729241371154785,1.0271896123886108,0.0042402725666761,0.1164503744803369,3.624823085571253,53.26073677094993,0.790379758448841,1.011750340461731,0.4,45.17762184143066,0.7924830123937879
07167500,-11.180563271045685,0.486948013305664,0.6110312342643738,0.8659549951553345,0.0008499011746607,-15.029792487621307,-42.87200461779234,-98.15906781874544,0.7472628358922682,1.0044957399368286,0.2352941176470588,61.26585006713867,0.7857856234520368
07180500,-0.7586111314594746,0.5257300138473511,0.6061420440673828,0.9549755454063416,-0.0097666084766387,-3.012224100530148,-11.688347520568158,5.843102316598973,0.7856291206427483,0.9568639993667604,0.2105263157894736,55.998716856303965,0.7948976893004028
07184000,-22.522510588169094,0.6155842840671539,0.785839855670929,0.7915612459182739,-0.0018672343576326,-21.870729327201843,-42.49729493316576,-22.75509543763464,0.7651748547788377,0.991719126701355,0.2777777777777778,35.31023131476508,0.8921688275014621
07195800,19.71624195575714,0.3305902481079101,0.348906397819519,1.2040109634399414,0.0546975582838058,11.372169852256777,-19.938225348631367,92.7555903401434,0.6577645021857106,1.1098719835281372,0.0625,65.19412994384766,0.748141289616392
07196900,26.42327845096588,0.3579686880111694,0.3702660799026489,1.2001760005950928,0.0560385137796402,16.533948481082916,-39.376683916547016,-4.278250512097221,0.6397431321616278,1.1732288599014282,0.3636363636363636,67.69695281982422,0.7556511884462723
07197000,3.4123092889785767,0.6116385459899902,0.8596809953451157,1.0559865236282349,0.0481835305690765,4.9301330000162125,-12.186549268342834,-451.15893265230966,0.8471084216040131,1.1271365880966189,0.3157894736842105,37.63600148652729,0.936143662150167
07208500,3.9624419063329697,0.4643013477325439,0.6047821938991547,1.1026551723480225,0.1408991664648056,9.837905317544935,-9.678009876416354,61.86957174092038,0.6975838245058196,1.231408715248108,1.181818181818182,46.06243913823908,0.8345688502792027
07226500,-41.2973552942276,0.3745971322059631,-0.021234393119812,0.7059563398361206,-0.0515972375869751,-47.92480170726776,-76.30720889170135,-1575380371093.75,0.1940910926823822,0.6433551907539368,0.5,83.97957483927408,0.339824286383432
07261000,-14.985847473144531,0.6517592370510101,0.811024934053421,0.8527952432632446,0.0363783277571201,-11.64255365729332,-21.671287216861035,-9.22105914100689,0.7987976932575123,1.0966570377349854,0.1578947368421052,30.046219574777705,0.902683275389744
07291000,-12.1950201690197,0.4466079473495483,0.5900203883647919,0.7901808619499207,0.0492520555853843,-4.647431522607803,-20.652657068172413,-1118.4524341631886,0.6288636827239362,1.2020013332366943,0.2105263157894736,45.87264813874897,0.7699705308449398
07292500,5.527852103114128,0.5420551896095276,0.7165361642837524,0.9925505518913268,0.0816258192062377,9.15682688355446,3.7426212181779737,2.941037737340788,0.7425031871092556,1.216364502906799,0.2631578947368421,42.03238487243652,0.8605886796072109
07299670,-27.05264985561371,0.1413894295692443,0.3580778837203979,0.7165244221687317,0.0361527726054191,-20.896336436271667,-22.697091020874836,-573.7102340453166,0.4842673961383434,1.1810426712036133,0.6666666666666666,57.51578648885091,0.6090456974752506
07301410,9.45487543940544,0.2820866107940674,-0.0037939548492431,0.813435971736908,0.0902843475341796,11.14828810095787,-28.871290197916228,-4.868584218318547,0.3630857687637493,1.1484622955322266,0.5,63.50580453872681,0.4093964543665402
07301500,5.968235433101654,0.3641580939292907,0.3614017367362976,0.9510291814804076,0.0566503293812274,7.858952134847641,-1.2965686682069588,-10.183984816402711,0.6391596932489806,1.1306012868881226,0.625,58.76431465148926,0.6672074373234023
07315200,-4.373741522431374,0.3169533014297485,0.4875536561012268,1.0383105278015137,0.0696132630109787,4.1489411145448685,-60.92858162036225,-930.6380583903624,0.3815207798599025,1.567137598991394,0.4545454545454545,76.29981474442916,0.7562710665207159
07315700,23.48300665616989,0.3936324119567871,0.2396469712257385,1.2912949323654177,0.1048408448696136,21.743085980415344,-50.36893316233891,-31.626997486997915,0.3637337975751009,1.5037628412246704,0.7222222222222222,51.5066040886773,0.7426967887342311
07335700,5.810077488422394,0.3226453065872192,0.2852293848991394,1.0007563829421997,0.1094964817166328,10.258486866950989,-47.129924113708746,-31.60275400186533,0.5008556622231444,1.354761838912964,0.3684210526315789,85.39875432064659,0.648875327738661
07340300,-3.7950925529003134,0.5551421046257019,0.6492477059364319,0.9571728110313416,0.0440968349575996,-2.302929386496544,-19.28205577031323,-677.6129879931048,0.7799642099118236,1.1171764135360718,0.1666666666666666,40.7206376393636,0.818750809889825
07346045,-7.649756968021393,0.607331782579422,0.7500535547733307,0.9116625189781188,0.0392808280885219,-5.717402696609497,-33.12531159783301,-22.04854973113986,0.8218656553645707,1.08072030544281,1.1428571428571428,38.25427804674421,0.8680433159153272
07362100,-16.955767571926117,0.6114822924137115,0.7478331029415131,0.8788527250289917,0.073062390089035,-11.291609704494476,-29.40385184659842,-9.070009230310854,0.7224232922916385,1.2119619846343994,0.3333333333333333,32.692015965779625,0.8679231909108995
07375000,-11.159775406122208,0.5037525296211243,0.4755390882492065,0.8276659250259399,0.0122832600027322,-13.255609571933746,-23.302030956721204,-142.2460998855336,0.6536432452102181,1.031357765197754,0.4117647058823529,81.4494301291073,0.7012013073101779
08013000,29.495272040367126,0.5510789155960083,0.6663375496864319,1.3054977655410769,0.1900533735752105,28.88665497303009,-11.589100396935596,-649.9660003067903,0.4701694849772437,1.4257631301879885,0.6470588235294118,32.51151477589327,0.921787169395203
08014500,-7.818111777305603,0.5652901530265808,0.7152770459651947,0.9251511096954346,0.0818384364247322,-2.5901760905981064,-9.477672134049884,-21.204367165696155,0.7605321364209328,1.1733936071395874,1.0555555555555556,38.20753362443712,0.8527683515326263
08023080,1.2697512283921242,0.63112011551857,0.6723687946796417,1.0095425844192505,0.0251693837344646,3.785356506705284,-39.75310077428775,-12.931961387667618,0.8125673876621999,1.093944787979126,0.2857142857142857,36.63931914738247,0.8380916924245991
08029500,-18.648961186409,0.5692786574363708,0.4927027821540832,0.6132185459136963,0.0188851803541183,-12.801215052604675,-11.178699285057451,48.95274088574647,0.511600144619922,1.0635693073272705,0.3157894736842105,36.05347683555202,0.708635162251694
08066200,12.353751063346865,0.4824674129486084,0.447587788105011,1.1580580472946167,0.05078561976552,10.576127469539642,-4.219203875639888,6.794263218112922,0.6495884452012597,1.2155334949493408,0.3,71.59420013427734,0.7733919154645938
08066300,9.73229482769966,0.488066017627716,0.6317873299121857,1.0472443103790283,0.0928864702582359,11.338857561349869,-14.47897480039028,-80.33720374274972,0.7262098633504124,1.2088522911071775,0.5789473684210527,43.30116573132967,0.8293842487849008
08070000,15.426713228225708,0.4725651741027832,0.3938484787940979,1.1661360263824463,0.106913074851036,14.539465308189392,-11.581129106251794,-39.20184053524522,0.5527789782044767,1.336567521095276,0.4117647058823529,42.1475186067469,0.7568379823708811
08079600,-60.36901473999024,0.4870718717575073,0.3166176676750183,0.36359304189682,-0.0586060173809528,-61.42230033874512,-60.10088682944883,-139.353335777565,0.1035021293403252,0.4942819476127624,0.5,77.21424102783203,0.6219208187894397
08082700,-59.44470167160034,0.3895822167396545,0.3202245235443115,0.2513680160045624,-0.0149775855243206,-55.15925884246826,-79.52155109562578,-4531.601988144764,0.1756229934588673,0.7489556074142456,0.3333333333333333,78.05806795756021,0.7630942921666446
08086212,1.3815753161907196,0.1135969758033752,-0.6598631143569946,1.2195427417755127,0.0481049045920372,5.197843536734581,-67.26740415632594,-106.379381846281,0.1472970979196797,1.493502497673035,0.5833333333333334,111.88231309254964,0.3401829734385698
08086290,-32.145094871521,0.2873069643974304,0.149746298789978,0.8367836475372314,0.01767641864717,-30.164620280265808,-73.9815572316787,-282.7546926651236,0.4530667848463927,1.1746060848236084,0.4285714285714285,80.36257198878697,0.5080558169166117
08101000,-30.14426529407501,0.5864238142967224,0.677729070186615,0.7469915151596069,-0.0312955863773822,-32.026758790016174,6.923934918408937,23.19205369018978,0.6498099175659475,0.8298128843307495,0.1176470588235294,60.98437028772691,0.8277904006911397
08103900,-41.102319955825806,0.537434995174408,0.4482747912406921,0.5322757363319397,0.0045414641499519,-34.9786102771759,-77.62388681715755,-65.10783131338361,0.4368697090779747,1.023176193237305,0.3333333333333333,55.37909825642904,0.6872499371748702
08104900,-12.007776647806168,0.5110951066017151,0.5301315486431122,0.6487498879432678,0.0030637069139629,-7.868786156177521,-22.55740185259964,13.730370029567618,0.5582814045330283,1.020714521408081,0.3333333333333333,38.9326532681783,0.732961454160113
08109700,-32.05791711807251,0.5875198245048523,0.653968095779419,0.7174410820007324,-0.0550641752779483,-33.11016261577606,17.454280979910447,4.953395253872285,0.5973310154996037,0.7793952226638794,0.9333333333333332,49.63122367858887,0.8165979794164081
08150800,-55.19838333129883,0.3507738709449768,0.2960463762283325,0.4054142832756042,-0.0607082620263099,-52.85701751708984,-48.874207981199206,-1.085823828877857,0.1729756589031031,0.6158539056777954,0.5714285714285714,75.89834077017647,0.572368307475827
08158700,13.359712064266205,0.4777462482452392,0.5427429974079132,1.025683045387268,0.0813764110207557,18.85894685983658,-58.71094819029703,-62.579860715748346,0.6624463929979847,1.2552776336669922,0.9285714285714286,59.47230884007045,0.7806460656174877
08158810,-5.595375224947929,0.5259355902671814,0.5125273168087006,0.8719155192375183,-0.0128017570823431,-9.105167537927628,-44.65732324872679,,0.6968619405476315,0.9493468999862672,0.3846153846153846,59.211848332331726,0.7299605355964579
08164000,14.089648425579073,0.6048790216445923,0.4004383683204651,1.2381163835525513,-0.0156624801456928,1.7675375565886495,20.512524929663893,-114.18970263621684,0.6715846921404856,0.9439710378646852,0.2857142857142857,63.94020716349284,0.7808699981235947
08164300,-26.58487856388092,0.5504015386104584,0.5898661613464355,0.8054354190826416,-0.0376820378005504,-31.9659560918808,-42.10805619660821,-13.301523544798712,0.6376825665662614,0.7989621758460999,0.5882352941176471,61.37737386366901,0.7697776299272162
08164600,-17.106187343597412,0.5457786619663239,0.6090444326400757,0.843893826007843,-0.0144959967583417,-20.951883494853973,1.003912290073878,7.551986793478202,0.7217918536599303,0.9231290817260742,0.4444444444444444,86.41353713141548,0.7829251349067988
08165300,42.49109625816345,-0.1367536783218383,0.1490940451622009,0.9494104385375975,0.064546138048172,47.09816575050354,-57.24472901393366,-497.72448354360233,0.4543772766809334,1.3122375011444092,0.2857142857142857,77.98985753740583,0.5554186290989561
08171300,13.28454315662384,0.5590493679046631,0.5010316669940948,1.116416096687317,0.0473265089094638,13.95278424024582,-22.99359202843968,-25.42936006908503,0.6936330397174006,1.182977557182312,0.1666666666666666,78.18267345428467,0.7836040195556239
08175000,-13.274067640304564,0.5640622973442078,0.5509971082210541,1.0558154582977295,0.0041765961796045,-15.598374605178831,-23.558451019390624,-9.870079280287896,0.7804198600487978,1.022713541984558,0.6,50.61097462972005,0.7888503670698912
08176900,0.2234069630503654,0.3869398832321167,0.5337192714214325,0.927230954170227,0.0109963966533541,-3.1070956960320477,-30.977579248267524,-18.95053897631168,0.7332108914030313,1.0641921758651731,0.2857142857142857,59.3907220023019,0.7514834834609896
08189500,-10.405923426151276,0.596706360578537,0.7289973199367523,0.8403158783912659,0.0105688637122511,-6.1425089836120605,5.433926909448621,1.872008918959763,0.7756384951354443,1.0593265295028689,0.0769230769230769,38.38245318486141,0.8539882570877247
08190000,0.5408248864114285,0.4613323211669922,0.6152917146682739,0.8981561660766602,0.0327162817120552,4.253711178898811,-18.131646432201336,-705.7651603503796,0.744733342981653,1.1077492237091064,0.1,49.46918964385986,0.792204416632108
08190500,141.79688692092896,-0.1065245866775512,-3.2734122276306152,2.501124620437622,0.0968429967761039,131.48669004440308,205.96378621396573,42.06722729051694,-0.8271964454232388,1.9610968828201292,0.625,98.06100130081175,0.5980491249956608
08194200,-45.855551958084106,0.3969751000404358,0.2264729142189026,0.5236605405807495,-0.0194670241326093,-35.507386922836304,-68.63307647394512,-224.91707751381944,0.2733888230866936,0.829613208770752,0.6363636363636364,73.291015625,0.478432302390076
08195000,39.01594877243042,0.1901876926422119,0.0290501713752746,1.1275634765625,0.1092343181371688,36.44474744796753,-13.105924264807722,-328.75017104397915,0.3889529173628793,1.4270178079605105,1.125,66.91690683364868,0.5819546814862945
08196000,52.04952359199524,0.1914092302322387,0.230482816696167,0.8748483657836914,0.0613164044916629,49.08592104911804,-43.86713451792853,-205.02132764670185,0.4036390779783357,1.395221471786499,0.3076923076923077,102.71506676307092,0.5713003312265913
08198500,-9.413821250200272,0.1340654492378235,0.2179981470108032,0.583319365978241,0.0413471609354019,8.338508754968643,9.787633489073658,39.47188589550104,0.1271040601120174,1.5638341903686523,0.0,37.37286499568394,0.4799850224508186
08200000,-49.4120717048645,0.4107990264892578,0.1508315801620483,0.2830507457256317,-0.020081590861082,-44.59799528121948,-63.231522025315215,-17.10991514262953,0.0526349091545622,0.8160938620567322,0.4285714285714285,68.71662139892578,0.408676979498681
08202700,-67.35302209854126,0.3846957683563232,0.2443697452545166,0.2088743895292282,-0.0185678731650114,-61.39965653419495,875579452.5146484,-0.0,0.0291203911149176,0.5301380753517151,0.4285714285714285,84.53177043369838,0.690230319153232
08267500,-52.59054899215698,0.549900472164154,0.5791959166526794,0.5122961401939392,-0.1742967814207077,-48.3294278383255,-19.830079146087165,65.11412695749036,0.4394971700768417,0.7673310041427612,1.75,50.34818053245544,0.8510922908344793
08269000,-20.43676227331161,0.6593485474586487,0.8282850980758667,0.7931838631629944,-0.0388063341379165,-17.186126112937927,-35.29055642934403,71.28217527054727,0.7697009724728442,0.9382626414299012,0.75,23.392382264137268,0.9196680251670752
08271000,-29.63169515132904,0.6320002377033234,0.772669643163681,0.68905109167099,-0.1147388666868209,-26.41389071941376,-17.64190412339472,9.905645258939684,0.646540911802725,0.8551641702651978,1.3333333333333333,44.79371176825629,0.9147551417194132
08324000,16.910971701145172,0.5618182122707367,0.6932695508003235,1.10270893573761,0.1221417114138603,16.045653820037842,-14.863918318848777,24.984120023387224,0.7470408013916778,1.1928073167800903,1.2307692307692308,41.77378140963041,0.8724673795600748
08377900,3.740775585174561,0.615575760602951,0.7624548375606537,0.9247211217880248,-0.0112966774031519,6.302987039089203,-27.03928365842623,10.737955833579337,0.85275646913112,0.982349157333374,0.8181818181818182,35.25137901306152,0.874691597923206
08378500,5.505448207259178,0.6342092752456665,0.8135834783315659,1.1438286304473877,0.1366449892520904,14.70458060503006,-17.02501749624174,29.738312926893247,0.749751611089424,1.194435715675354,0.7,36.8698787689209,0.9357167697935104
08380500,-29.516971111297607,0.4868309497833252,0.5126990079879761,0.7916871905326843,0.0309852231293916,-26.274016499519348,-28.28087769822517,-622.4987570240602,0.6467882915661642,1.0557228326797483,0.9375,56.69878721237183,0.7202514516485785
09034900,-1.901954598724842,0.7127979695796967,0.8158168196678162,1.0129480361938477,0.0054610059596598,1.09831802546978,-7.898147907752613,-1039.6961171769374,0.9077414485913146,1.0098117589950562,1.4,18.73092532157898,0.909183051955184
09035800,41.05963706970215,0.6409169137477875,0.6943450570106506,1.279355525970459,0.1289157718420028,34.82859134674072,-5.860459443065868,-1586.9913897356,0.6523532999163575,1.189786076545715,1.5,23.187289237976078,0.917538109782772
09035900,9.482808411121368,0.7622998356819153,0.8835585117340088,0.9597723484039308,-0.0475724413990974,4.956079646945,-11.78552317701446,-5.79544780858069,0.9011287051996282,0.9313068985939026,1.4,24.263606071472168,0.9413610470610284
09047700,3.864782303571701,0.5974999964237213,0.6952539384365082,0.9891468286514282,0.0459225997328758,7.233165204524994,-12.362838398284904,-1076.4197022736914,0.835884593779311,1.0585811138153076,1.75,33.00907611846924,0.8470806476118269
09065500,-29.377436637878414,0.7642695009708405,0.86589315533638,0.7775459885597229,-0.0440041646361351,-28.338605165481567,-0.4437954028590111,-973.2715092372785,0.7567309522457943,0.91713285446167,1.6,36.751530170440674,0.9468297208988304
09066000,-6.176743283867836,0.6894332766532898,0.805021733045578,0.826918363571167,-0.0539382062852382,-9.607219696044922,-23.80040752539034,-18.66519653436213,0.7753356413726693,0.8955557942390442,1.3,25.47333240509033,0.9019784255813535
09066200,-22.05769270658493,0.6783904433250427,0.7635294049978256,0.7948422431945801,-0.0848974585533142,-19.33540403842926,-18.07793378811862,-690.8234460940324,0.711701224056755,0.8351873755455017,1.5,39.56148147583008,0.8822575783612292
09066300,-12.95539140701294,0.7163577973842621,0.7901362329721451,0.8233478665351868,-0.0552072376012802,-13.045810163021088,-7.84457633881174,,0.7640965792921097,0.8856691718101501,1.8,38.88498544692993,0.8933561564391235
09081600,-11.435434222221376,0.7692794650793076,0.8707479387521744,0.8789108395576477,-0.0409155674278736,-12.785869836807253,-14.95867513764965,-40.97893910627781,0.8503426360642424,0.9399293661117554,0.6363636363636364,32.66197117892178,0.9357640229479576
09210500,-9.74901095032692,0.6891907155513763,0.8245935589075089,0.8010337948799133,-0.1121761053800582,-11.848093569278715,-18.99000564712478,46.58003010161018,0.7459700321808018,0.8620631694793701,1.0,36.94735288619995,0.923077281923625
09223000,-36.78339719772339,0.6948382556438446,0.8140478879213333,0.691118061542511,-0.053042247891426,-35.1816326379776,-18.83824416365473,61.66366040997464,0.6701327800535755,0.9031708240509032,1.0,30.98514318466187,0.9365299946829556
09306242,22.03229963779449,-0.7699358463287354,-1.3867158889770508,1.5913989543914795,0.7486280798912048,47.131264209747314,-22.119744206411884,-90.51765421505785,-0.3045066836124028,2.066197156906128,1.0,53.05300818549262,0.5360942046714829
09312600,-22.82014638185501,0.6137909293174744,0.7124387323856354,0.888555109500885,0.0481452457606792,-20.227782428264614,-21.24398112801195,56.03362614695037,0.777067347239324,1.1170912981033323,1.125,62.028270959854126,0.846479213273808
09352900,-28.220874071121216,0.6747148334980011,0.811943918466568,0.7877453565597534,-0.0274837352335453,-26.36759877204895,-23.703808535603542,21.98184376348551,0.7660522132330315,0.9609165191650392,0.9375,46.10838890075684,0.9097114913345004
09378630,4.811133071780205,0.4324338436126709,0.534613698720932,1.1754510402679443,0.1517005264759063,11.376450955867767,-77.46683639159414,-323.4158288779293,0.4047294572240426,1.5412132740020752,1.4,29.07088756561279,0.8249224640062758
09386900,15.482687950134276,-0.1856719255447387,-0.5971232652664185,1.1711459159851074,0.1891388744115829,34.05025601387024,-80.43954765341863,-170.3500630226106,-0.3484620928037223,2.1667182445526123,1.6666666666666667,71.02952003479004,0.3459146622968195
09404450,-5.692904815077782,0.4130738377571106,0.5930018126964569,1.016682744026184,0.1309841573238372,-0.1835199771448969,-2.726630204843124,23.46157873160876,0.7443176208509075,1.1684939861297607,0.1666666666666666,26.70545180638631,0.8084146621027561
09430500,3.4895483404397964,0.4561641812324524,0.5009140372276306,0.9558121562004088,0.0267457626760005,6.573335826396942,-5.399211706168437,-486.6925333393049,0.7278347851043534,1.0684514045715332,0.3333333333333333,62.15895811716715,0.740316069284754
09430600,-26.123377680778503,0.3930281400680542,0.2538062930107116,0.4881086945533752,0.0158355198800563,-19.542503356933597,-28.8828234420958,,0.2814954704670974,1.0921871662139893,0.4,70.21305561065674,0.5043009211700286
09480000,-0.4345747176557779,-0.1996316909790039,-0.2844691276550293,0.6990859508514404,0.0724629089236259,8.864125609397888,-25.493822874683765,-40.570373920586064,-0.2024857090757235,1.7953938245773315,0.8333333333333334,62.354958057403564,0.1498404388700854
09492400,20.235629379749295,0.4934623837471008,0.5833472907543182,0.991899073123932,0.0638584643602371,7.375192642211914,-10.061622724840754,-858.2622754862498,0.779129745739734,1.0740227699279783,0.6875,46.71073853969574,0.7920608893619753
09494000,-14.390692114830015,0.6382332742214203,0.6596987247467041,0.9371207356452942,0.0754428058862686,-8.522345870733261,-14.677481581447765,-307.02693087772275,0.7805609494632919,1.1143471002578735,0.6,35.17865816752116,0.8235788117110682
09497980,-15.320520102977753,0.5719388723373413,0.7980422526597977,0.7588114142417908,0.0291742719709873,-11.677222698926926,12.145656871526477,-1297.7259181493043,0.6832808083168934,1.1823968887329102,0.0,46.80025279521942,0.9058167347088149
09505350,48.63905310630798,0.4995386600494385,-0.1158418655395507,1.470093846321106,0.0591898225247859,37.20821440219879,-72.29642685470881,-14293.734968270594,0.37035513444307,1.289063811302185,0.8888888888888888,67.07227494981554,0.6968390767782108
09505800,31.2747061252594,0.3503300547599792,0.2076066136360168,1.221919298171997,0.0907294899225235,34.23933982849121,89.64874659326415,-649.8796751890767,0.45676481273357,1.3942375183105469,0.3333333333333333,56.82912402682834,0.6992790779816233
09508300,-30.297213792800903,0.5983693599700928,0.7138276696205139,0.686612069606781,-0.015210430137813,-28.96047830581665,-86.68175368188733,-105.37990239634964,0.639687167897339,0.8863134980201721,0.5555555555555556,64.64500427246094,0.8632933018126548
09510200,-23.983030021190643,0.6093796491622925,0.7558971792459488,0.7889841198921204,0.0024923847522586,-20.788536965847012,-70.58396442973371,-146.97244401274236,0.7532411609713581,1.0191582441329956,0.1818181818181818,64.27579793063077,0.873527929317178
09512280,12.831297516822817,0.2979187369346618,0.4425405263900757,0.8362258672714233,0.0386981032788753,19.48360800743103,-84.88011955902228,-700.2076304962721,0.3562174829922001,1.536221981048584,0.5555555555555556,62.16754383511014,0.6836142391095441
09513780,24.062129855155945,0.4008473753929138,0.5152423679828644,0.9344180226325988,0.0307119861245155,21.64531648159027,-85.79229222259325,-720.0786541699198,0.5519126852722182,1.3614497184753418,0.6666666666666666,72.26360638936362,0.7434160042429925
10172700,-17.313124239444733,0.1494046449661255,0.2179291844367981,0.8394674062728882,-0.1570292562246322,-15.740860998630524,-23.352071003782164,45.35989332777794,0.5192183888709632,0.8755881190299988,0.625,49.81600046157837,0.5642226166669675
10172800,-19.925060868263245,0.6129047572612762,0.7610533982515335,0.7526429891586304,-0.1120874807238578,-17.072053253650665,-31.0299230710064,32.26656753572966,0.7025852974224014,0.8766060471534729,1.9,36.22664451599121,0.8902550825876064
10205030,7.94534757733345,0.4608482122421264,0.5480864644050598,1.1569877862930298,0.1273812651634216,14.58057165145874,5.027970776864248,47.80314731437832,0.7170947321139717,1.154389500617981,0.8,39.532246589660645,0.8223652408693335
10234500,-34.97920036315918,0.6362943947315216,0.7545540630817413,0.7466168999671936,0.0044739656150341,-28.82688939571381,1.2895720575934424,-21.714947600293343,0.7189745026917602,1.0065898895263672,1.3333333333333333,32.95932345920139,0.8786372869817973
10242000,-19.87731754779816,0.6760539412498474,0.8399874120950699,0.7961309552192688,-0.0315570570528507,-19.759687781333923,-20.95659527876414,-51.385388820147234,0.7714377692078511,0.9276346564292908,0.9,40.82512855529785,0.926234405209685
10244950,-5.696707218885422,0.44687420129776,0.8024430871009827,0.9830517768859864,-0.0051527321338653,-4.6840135008096695,-9.227742932924803,-38.129099752982114,0.898104781133607,0.9944391250610352,1.0,27.71789828936259,0.8996781677249617
10249300,-27.35363245010376,0.5187083184719086,0.6303136944770813,0.7040777802467346,-0.0683376640081405,-23.20782095193863,-24.213149754014307,22.019187196446065,0.6181526362509199,0.8606538772583008,1.1428571428571428,53.49879264831543,0.8029718113180814
10258500,85.90682744979858,0.0124224424362182,-0.1525967121124267,1.6553934812545776,0.1729295700788498,92.54258275032043,-85.06070447471488,-2165475000000.0,-0.6143323491484678,2.4603753089904785,0.4285714285714285,203.0377524239676,0.7906384105735228
10259000,9.012243896722794,0.0085786581039428,0.6499073207378387,0.813688337802887,0.1816208958625793,25.314852595329285,-24.597519042174685,69.86271832553663,0.3982117363342293,1.5452754497528076,0.25,47.97441065311432,0.8264725880096018
10259200,70.17937302589417,0.1707177758216858,0.1641287803649902,1.4085757732391355,0.118886224925518,73.12965989112854,-77.1428843108848,-401.9336954122866,-0.1705871821464508,2.072060823440552,0.6666666666666666,97.41625256008572,0.7675655374700724
10263500,-31.134092807769772,0.5603277087211609,0.6014841198921204,0.6240659952163696,-0.0653872862458229,-30.010807514190677,-29.464888706567034,-820.190471557496,0.5310067747540508,0.8061761260032654,0.7142857142857143,62.74756022862026,0.7973659079946394
10316500,-14.675313234329224,0.7435174584388733,0.8504810631275177,0.9497552514076232,-0.0012425907189026,-9.070105850696564,-14.44012558574502,-978.098606625476,0.9077003851988952,0.9974885582923888,0.5,29.26356792449951,0.9226153969327848
10329500,36.66672110557556,0.5789431631565094,0.4944049119949341,1.313722014427185,0.1229728460311889,34.011486172676086,1.337599378404944,-178.63137660548068,0.5870555061407026,1.223241686820984,0.9,30.38933753967285,0.8507860531391845
10336645,-7.575571537017822,0.6928383409976959,0.8049855679273605,0.8600499033927917,-0.0014433745527639,-12.41416335105896,-6.444196941337328,-727.1048143219576,0.8268052529150727,0.996963918209076,0.9090909090909092,28.88796329498291,0.8980138583688753
10336660,7.759056240320206,0.6773835122585297,0.8590053170919418,1.0538181066513062,0.1178249418735504,8.292324095964432,-13.247687209801995,-438.5466644108816,0.7611764293952474,1.2250930070877075,1.2727272727272727,20.21944089369341,0.9410640395591524
10343500,17.047221958637238,0.2462483048439026,0.2823559641838074,1.4581880569458008,0.3365435600280761,29.598358273506165,-3.854391809526852,-146.90146362666437,0.2190883152648147,1.6177326440811155,0.7272727272727273,62.1753909371116,0.8647478493156925
10396000,-4.5515600591897964,0.6651434898376465,0.8295570313930511,0.9874663352966307,0.0945707485079765,-2.030988037586212,-11.911059631437949,-309.16611099965183,0.8457771660563649,1.1302056312561035,0.3571428571428571,31.886911392211918,0.9183049368204592
11098000,-33.67961049079895,0.6878730058670044,0.8464045077562332,0.6728090643882751,-0.015663132071495,-31.55999481678009,-55.02499083839146,-11.2651482485389,0.6557716308386246,0.8987303376197815,0.25,45.08506655693054,0.9655948075078654
11124500,1.2713919393718245,0.4870792627334595,0.7225649356842041,0.8814226388931274,0.0763260871171951,7.427671551704407,-55.36870823865028,,0.5550859974511344,1.40316641330719,0.125,53.94700765609741,0.853901669147117
11141280,-10.787296295166016,0.3087143898010254,0.4476838111877441,0.8738977313041687,0.0768427178263664,0.6964369677007198,10.016924246793431,-1044.026626357046,0.6088044402985884,1.2121350765228271,0.4,62.652139663696296,0.6964692880967079
11143000,-5.63201904296875,0.6121087074279785,0.6437134444713593,0.9667049050331116,0.0021556043066084,-3.714523836970329,3.559068044920571,-908.992011755704,0.8132615815092015,1.003981351852417,0.5,48.27357133229573,0.8162969177476389
11148900,-31.65592849254608,0.6195726692676544,0.6558393836021423,0.7129749655723572,-0.0052442378364503,-29.521444439888,-85.67676885884234,-101.19210247552776,0.6587442278042208,0.980576992034912,0.2727272727272727,43.30870888449929,0.8164383525070226
11151300,-25.42343139648437,0.4239735007286072,0.4018768072128296,0.663720428943634,0.0252565573900938,-21.44344598054886,-38.83740077311502,-31.58842319661338,0.4782067448660978,1.1613141298294067,0.2,61.91007137298584,0.635086307860665
11162500,-26.126176118850708,0.6845193803310394,0.7670906633138657,0.7609601616859436,-0.030230714008212,-23.17577302455902,-27.24302013717917,-500.649854399392,0.720996807849357,0.9133816957473756,0.2307692307692307,44.285609171940735,0.885108719663161
11176400,26.20871365070343,0.4237052202224731,-0.0223727226257324,1.3350712060928345,0.0645845830440521,20.69891095161438,-81.2093501871432,-146.8249804079181,0.4485281833449479,1.277014136314392,0.5,66.2310791015625,0.660718966497819
11180500,6.052355095744133,0.4732394814491272,0.5636574327945709,1.065622329711914,0.1071642190217971,11.533446609973907,-76.45740568950295,-537.4399586248637,0.543828703330836,1.4060148000717163,0.1666666666666666,50.88281631469727,0.8026730026815098
11180960,-26.498520374298096,0.5183213651180267,0.5253317058086395,0.690693736076355,-0.0252776518464088,-27.680784463882446,-65.12232591800536,-83.64482808277658,0.5750355874290938,0.9004790782928467,0.5384615384615384,59.82549373920148,0.7261022577824151
11224500,100.83311796188354,-0.1666926145553589,-0.6275819540023804,1.6020599603652954,0.1798222213983535,104.3076515197754,-80.00209008638063,-598.6072641633566,-0.4803663725715041,2.2965259552001958,0.3333333333333333,43.585684564378525,0.6152548263360885
11230500,5.842674896121025,0.5491370558738708,0.6674544215202332,1.1495870351791382,0.1683299690485,6.030135601758957,2.0993320925245618,-615.5092829296165,0.6677998339995892,1.2701011896133425,1.0,29.8524538675944,0.8774193466876887
11237500,-5.083245411515236,0.672446995973587,0.847505733370781,0.9154455065727234,-0.0106172440573573,-6.770750135183334,-42.92365164657356,-5.549498499040616,0.881758481873307,0.9767743945121764,0.8333333333333334,29.605531692504883,0.920676828732799
11253310,-15.141624212265016,0.4067432284355163,0.4741144180297851,0.7385879755020142,0.0419202670454978,-7.881005853414535,-83.19317580585755,-463.9092962278666,0.4967614531005099,1.2995092868804932,0.125,52.98284292221069,0.6914437237622394
11264500,-6.262797117233276,0.6893714666366577,0.8755461201071739,0.9694457650184632,0.0301009733229875,-4.975882917642593,-38.36981469400113,-401.0852532970693,0.9133760506185252,1.0507043600082395,0.5,28.35606535275777,0.936760651432102
11266500,-6.201594695448875,0.7346823215484619,0.9037689194083214,1.0186561346054075,0.0764766186475753,-3.4438803791999817,-29.324758315011728,-564.4428057007415,0.8657491377202466,1.1253883838653564,0.6153846153846154,47.06925979027382,0.955807287296702
11274500,2.139824442565441,0.4539023041725158,0.215938925743103,1.1704953908920288,0.0536075010895729,0.3772924188524484,-52.71324015858856,-1338229003906.25,0.5221551781885052,1.3099108934402466,0.3333333333333333,74.76390732659233,0.6787178287802114
11274630,31.872355937957764,0.2491523623466491,-0.9446122646331788,1.629732370376587,0.1272946894168853,34.899649024009705,-84.63051046797003,-287.4017076925361,0.0581928371580594,1.5191987752914429,0.1111111111111111,68.24465327792697,0.5300313782643182
11284400,-23.206177353858948,0.6172685325145721,0.7954462021589279,0.7802009582519531,0.0088806571438908,-19.762951135635376,-82.04043889839602,-108.76682265110084,0.754753631079172,1.0426424741744995,0.0833333333333333,51.05276902516683,0.8999211205509955
11381500,-10.543598234653471,0.6736316978931427,0.8632301986217499,0.8527490496635437,-0.0886858329176902,-12.667368352413176,-17.717351450543845,-142.09412714064004,0.8098900543181513,0.8974986672401428,0.0,24.710378646850582,0.9371316784491668
11383500,-8.671944588422775,0.7046871185302734,0.8746574521064758,0.9069376587867736,-0.0315629802644252,-9.366258978843687,-14.883742569185973,-2474.467148125638,0.8776721190046062,0.9527152180671692,0.1538461538461538,27.442798247704136,0.9362217865231324
11451100,5.574070289731026,0.5593011379241943,0.731022298336029,1.1339205503463743,0.1551669687032699,8.748384565114975,-26.342374200192992,-8.474822899516704,0.5489219085705317,1.4189518690109253,0.2307692307692307,21.209161098186787,0.899919721149327
11468500,-0.3471872769296169,0.7494887709617615,0.8551232516765594,1.0023707151412964,0.0325242616236209,-0.6199799478054047,-30.430692378043528,-424.84497767114186,0.8890146466749208,1.0846521854400637,0.2307692307692307,32.81320791978102,0.9282634273007652
11473900,12.9943385720253,0.6384817361831665,0.6314631700515747,1.069445252418518,0.0152646731585264,9.405788779258728,-31.512675782036283,-271.7823704140412,0.8138151528037638,1.0310297012329102,0.1538461538461538,40.68318880521334,0.8300608582950636
11475560,-37.054044008255005,0.7316479384899139,0.7912513613700867,0.7041232585906982,-0.0506244488060474,-33.72257947921753,-20.811954205236383,-526.9187149138568,0.6726290161492223,0.8880585432052612,0.25,43.78664493560791,0.9157514082544348
11476600,-1.1419376358389854,0.6776151955127716,0.7717486917972565,0.9821422696113586,-0.0097205368801951,-1.1444061063230038,-32.364488189592336,-256.60396777032435,0.8809358541901738,0.979909598827362,0.25,38.53784402211507,0.8840097070289388
11478500,-28.7015438079834,0.6604202687740326,0.7794920206069946,0.7022436261177063,-0.136108323931694,-28.71720492839813,-35.22607070084726,-347.9189701191691,0.5806363838785014,0.7159284949302673,0.25,43.43891938527425,0.919313171171596
11480390,-15.330223739147186,0.6704102158546448,0.7454935908317566,0.8317192196846008,-0.0463030189275741,-13.36342990398407,-44.74694269572508,-39.15816076342394,0.7570088043854533,0.8878142833709717,0.2307692307692307,34.76274930513822,0.865312713639859
11481200,-22.139234840869904,0.663339763879776,0.7667641639709473,0.7780769467353821,-0.0806098505854606,-22.08295166492462,-31.913032856621136,-533.3016726564882,0.7046805398094924,0.8420282602310181,0.1111111111111111,43.92024146185981,0.8859444370875168
11482500,-32.05571174621582,0.6681945621967316,0.7484776079654694,0.6950243711471558,-0.1396727114915847,-32.86808729171753,-27.070454370160096,-248.74454125356215,0.5982943570936392,0.7584271430969238,0.125,48.0815052986145,0.9000007792214821
11522500,-24.765190482139587,0.6230663359165192,0.7749124765396118,0.7445869445800781,-0.1434107571840286,-24.571678042411804,-19.88193011404961,-545.2581393343172,0.6638626594709203,0.8025049567222595,0.4375,44.83987092971802,0.906468236947303
11523200,-5.848434939980507,0.6794756352901459,0.8023480325937271,0.9269793033599854,-0.0241823475807905,-6.125698983669281,-9.265412707980651,-735.3027888218852,0.8689241979510356,0.9660399556159972,0.125,35.723331570625305,0.8965806636531503
11528700,6.995828449726105,0.7104106545448303,0.8366138786077499,0.9856684803962708,-0.053747434169054,4.693141207098961,-20.130920565250708,-358.253257260484,0.8726697436628738,0.903066635131836,0.2307692307692307,35.29453644385704,0.9186887184945312
11532500,-8.56480598449707,0.7703229933977127,0.8889085426926613,0.9417715668678284,0.0025716975796967,-6.41980916261673,-9.153736477998091,-867.2585179609308,0.9182855531109892,1.0041898488998413,0.3125,20.77406346797943,0.9428235575473108
12010000,-12.316734343767166,0.7436919510364532,0.9011548385024072,0.9052344560623168,0.0295345447957515,-10.796897858381271,-6.388973746663757,-85.92810550973779,0.8833679369669296,1.046972155570984,0.3529411764705882,22.927926568424,0.9508456877724808
12013500,-18.505270779132843,0.7582242339849472,0.8824217990040779,0.8522414565086365,-0.0305610839277505,-15.147349238395693,-15.34259937031576,-527.4450831656686,0.8347087072201013,0.9510663747787476,0.1764705882352941,24.11957909079159,0.944375143893516
12020000,-34.73334014415741,0.6631362736225128,0.5433986783027649,0.5843541026115417,-0.0127696134150028,-28.07692587375641,-17.418033747459297,-667.4896779360765,0.5176861040605085,0.9691944122314452,0.5,34.80460984366281,0.7572734090324924
12025700,-21.293221414089203,0.6837779581546783,0.8241051137447357,0.7767103910446167,-0.0697654485702514,-19.83990967273712,-7.158367134151778,-950.4571701521292,0.741519360199989,0.8957419991493225,0.2777777777777778,29.32392756144206,0.9219983273089916
12035000,0.752156088128686,0.7666513621807098,0.9052417278289796,0.9427685737609864,-0.0704955384135246,-4.694479703903198,-10.939137957821574,-212.2323704162133,0.8778991817319035,0.9023886919021606,0.0588235294117647,21.87777827767765,0.954117473872772
12040500,-5.453034490346909,0.6921484768390656,0.8444613069295883,0.891930878162384,-0.0883999541401863,-7.279428094625473,-14.258996703867467,9.1070681866472,0.8182697938270165,0.875377893447876,0.3636363636363636,30.063249848105688,0.9237355698937398
12041200,-18.73258352279663,0.6025297045707703,0.7806288003921509,0.7689304947853088,-0.1219558864831924,-18.936805427074432,-29.120494534925378,29.607486726182103,0.7124979834047918,0.8599644899368286,0.3478260869565217,42.291433914848,0.9017434519866656
12048000,-10.283838212490082,0.466350793838501,0.6435346901416779,0.89168781042099,0.1020738258957862,-10.202255845069883,-13.142887146557433,19.281050106576863,0.7647571164335082,1.092009663581848,0.8421052631578947,25.75731779399671,0.8125382554630579
12054000,-7.879576086997986,0.5462599396705627,0.7567889541387558,0.8756904602050781,-0.0169363114982843,-8.822127431631088,-20.838014002242083,-153.22611158240926,0.8190178047431047,0.9792013764381408,0.1904761904761904,39.31168147495815,0.8701188598220982
12056500,-19.152474403381348,0.546676754951477,0.7250035107135773,0.7866976857185364,-0.029506491497159,-19.79067623615265,0.720639605976389,-0.1500731240513725,0.738963342942135,0.96091490983963,0.2857142857142857,40.23126874651228,0.8546913121066986
12073500,2.2839251905679703,0.6156873106956482,0.7696308642625809,1.0386391878128052,0.0909117385745048,8.120972663164139,10.323173654310482,-35.247902568610165,0.8269416118082068,1.131062388420105,0.3,30.208256244659427,0.8937979791608197
12082500,-9.531782567501068,0.580741286277771,0.8011179268360138,0.8756036162376404,-0.0248508546501398,-12.92669028043747,-12.334946092918244,17.47068967552529,0.8360630051306268,0.9775097966194152,0.45,29.392540454864506,0.8956205540082313
12092000,-17.5371453166008,0.5367449820041656,0.7782222181558609,0.7614396214485168,-0.1281469166278839,-20.1045960187912,-25.29193506738957,38.705108257192826,0.7219134117675079,0.8955039978027344,0.36,27.603918075561523,0.9025234291485912
12114500,-1.046173833310604,0.6589402258396149,0.8213458508253098,0.9371305108070374,-0.0340682491660118,-0.9636682458221912,-5.149211358815465,-1034.5245914235811,0.8815322609786762,0.9611564874649048,0.3333333333333333,23.05385498773484,0.9074083478310472
12115000,0.8962045423686504,0.6442546844482422,0.8355555385351181,0.9644568562507628,0.0132113825529813,2.1486539393663406,-9.72492467948237,-183.8805032493653,0.9069446132504349,1.015955090522766,0.35,27.785098552703857,0.9154930474934602
12115500,1.4800346456468103,0.6273451149463654,0.78202885389328,0.9245303273200988,-0.0284808315336704,0.1298969378694892,-12.06704506560322,-623.9304434584109,0.8572292289292065,0.9598888754844666,0.1904761904761904,25.53401674543108,0.8856368972621114
12117000,1.3480735011398792,0.6764179766178131,0.8499128222465515,1.0078181028366089,0.0165911670774221,0.7759468164294958,-11.566114012125633,-41.23368123921715,0.9238083112663984,1.0149790048599243,0.3,23.443470001220703,0.9257054503108028
12145500,5.250261351466179,0.7505845576524734,0.9078641384840012,0.9974190592765808,0.0073429248295724,-0.2203009556978941,-13.893947830382592,-817.121778475153,0.9525015952932442,1.0109082460403442,0.1904761904761904,19.696378707885746,0.9538432305832364
12147500,-4.469162598252296,0.6129826605319977,0.8260705471038818,0.9497459530830384,0.0808925554156303,-2.7560990303754807,-18.0835152140575,2.9501123961890743,0.8657958060815022,1.0891766548156738,0.32,31.44498634338379,0.913208176251056
12147600,-14.70186710357666,0.4700410366058349,0.7120725214481354,0.8885795474052429,0.0913220196962356,-10.31787246465683,-15.290180809003465,-687.4213490194032,0.7559277428710879,1.1567018032073977,0.1363636363636363,43.977295268665664,0.849662731449812
12167000,12.102331221103668,0.5982365608215332,0.7919406294822693,1.1165013313293457,0.0566909089684486,15.05715399980545,1.9869125350140688,-796.1309248271442,0.8405197642155717,1.0672622919082642,0.3636363636363636,32.1333798495206,0.9143427207320106
12175500,7.803630083799362,0.6530337929725647,0.8019062280654907,0.9651955962181092,0.0578786358237266,3.399895876646042,-15.500286629197245,-2.776493096977744,0.8807611536034583,1.0543633699417114,0.3333333333333333,25.77683585030692,0.8997444267088068
12178100,1.1997947469353676,0.6037292778491974,0.8064358979463577,0.9509089589118958,0.0575729198753833,-4.24548014998436,-20.776004631014423,6.9334604719806485,0.874344930418531,1.0602002143859863,0.3333333333333333,20.67201137542725,0.901231582050277
12186000,-9.568838030099869,0.5594701766967773,0.6538144052028656,0.8392473459243774,0.07737448066473,-9.514481574296951,-13.877214399824435,-20.640235044527568,0.7355244338297404,1.095026969909668,0.2857142857142857,26.208441598074774,0.8127146981247336
12189500,-0.0835158163681626,0.5942247807979584,0.7779646515846252,0.9471916556358336,0.0236234087496995,-1.958897151052952,-12.985246059454056,16.41567549018316,0.8712023734482124,1.0217622518539429,0.4347826086956521,27.42821651956309,0.884559488197882
12358500,-18.725763261318207,0.7826520651578903,0.915307842195034,0.8805726766586304,-0.0102127948775887,-17.41456389427185,-14.91373197794403,-33.40690044089354,0.8732906694208062,0.9859339594841005,0.1538461538461538,26.230547978327824,0.9600686163582024
12390700,-13.579101860523224,0.7077786922454834,0.8760665357112885,0.9234725832939148,0.0341794155538082,-13.370469212532043,-6.525278096636263,-174.88190395736265,0.8902441455551255,1.046724796295166,0.3333333333333333,32.86094466845195,0.936701536445243
12411000,-15.074162185192108,0.627671480178833,0.7457416653633118,0.855861485004425,0.0252607259899377,-14.61920291185379,-7.201288559410976,-42.36329620332972,0.7980577630855238,1.0387402772903442,0.3571428571428571,33.89045851571219,0.8639707882094435
12414500,-16.520635783672333,0.7015309035778046,0.8648492842912674,0.8528509736061096,0.0185770820826292,-16.615302860736847,-11.975081726259772,0.4389945043923684,0.8368242023423293,1.0239328145980835,0.5333333333333333,32.40017573038737,0.9336620368268592
12447390,0.7723003625869751,0.5713901817798615,0.689371258020401,0.9928706884384156,-0.0092485239729285,3.039344027638436,-4.220362526670879,-0.0447933339461636,0.8426046092251265,0.9834548234939576,1.0833333333333333,43.21705102920532,0.8436390742921465
12451000,0.4933053161948919,0.731005996465683,0.913370318710804,0.9594802260398864,0.07727812230587,-1.262640580534935,-14.711143730975406,-15.09887649796438,0.8940086047401752,1.0888640880584717,0.2777777777777778,28.47328186035156,0.958823579066632
12488500,-19.627755880355835,0.6733969151973724,0.7670040726661682,0.8429521322250366,-0.0599071271717548,-15.53605943918228,0.6855552986758567,29.56021682271393,0.7895497816781737,0.930167317390442,0.5,37.43601640065511,0.8785559467960876
13011500,-14.33706432580948,0.7588775902986526,0.8753082752227783,0.8892325758934021,0.0035434996243566,-10.850483924150469,-17.534075505985868,-8.11425879983541,0.8722851569062393,1.0068305730819702,0.8,29.266059398651123,0.9367939704250864
13011900,-8.134324103593826,0.7475619912147522,0.8906329646706581,0.96383136510849,0.0098358923569321,-5.983805283904076,-11.81710656240375,21.480382387487825,0.9317705132795367,1.014503002166748,0.6,15.808936357498167,0.9439932536530302
13018300,-24.242661893367767,0.6887510716915131,0.8204653710126877,0.912617564201355,0.0466292351484298,-18.493354320526123,-1.4660442625162136,41.75037524769719,0.8603915536347151,1.0566400289535522,1.0,19.97507214546204,0.9070121764392506
13023000,-13.153712451457976,0.8114331066608429,0.9457717873156072,0.9165828227996826,-0.0109020108357071,-12.393824011087418,-6.551524631160216,38.35740230188953,0.911932909240081,0.9883460402488708,0.6,21.62484169006348,0.9742789532684668
13083000,-8.200979977846146,0.3325467109680176,0.6319818794727325,1.0162274837493896,0.2550343573093414,-2.817676402628422,-26.435280563243257,56.068761410685966,0.7927137357775781,1.1432528495788574,0.7333333333333333,27.60607401529948,0.8510608003446096
13161500,-27.75588631629944,0.6741287410259247,0.8525161743164062,0.8775855302810669,0.0687956064939498,-21.181461215019223,-18.510635524378092,-59.70288468340548,0.8116956231027728,1.1231839656829834,0.5454545454545454,35.76202826066451,0.9272061365175676
13235000,-7.133658975362778,0.7811805158853531,0.93659108877182,0.9862319827079772,0.0696681067347526,-4.388715699315071,-7.137672150294813,34.22284114003064,0.9144262974199622,1.0791057348251345,0.6363636363636364,19.40112764185125,0.9704097483809468
13240000,-23.04878532886505,0.7232486009597778,0.8556984215974808,0.8356480598449707,0.034121349453926,-19.16940361261368,-22.67203557865806,-483.2653586356549,0.8102659662992666,1.0644952058792114,0.5833333333333334,28.103240331014,0.9305175437234202
13313000,-11.199454963207245,0.7424061298370361,0.9125482067465782,0.9904760122299194,0.0721232444047927,-7.737595587968826,-9.62805902108886,-29.869593629557706,0.868276792803067,1.1246601343154907,0.6363636363636364,24.27793199365789,0.9585253344360044
13331500,-21.69240415096283,0.7623453289270401,0.9147201403975488,0.8682780861854553,0.0175877902656793,-19.25855427980423,-3.375949409097324,9.185675950610085,0.8604081806809368,1.024878978729248,0.25,27.090402444203693,0.9610609468627028
13337000,-14.232894778251648,0.7562243789434433,0.901986449956894,0.8855734467506409,0.016032587736845,-15.110580623149872,-9.861182967251851,37.70439886339593,0.8740350040538571,1.0221084356307983,0.5384615384615384,23.180934099050667,0.9521987323479576
13338500,-12.992693483829498,0.7372259497642517,0.872931718826294,0.9479881525039672,0.0501011125743389,-15.11976718902588,-5.676502113864963,25.60897881140579,0.8948933376475248,1.0648971796035769,0.3846153846153846,23.162484169006348,0.9357307673110392
13340000,-11.094678193330765,0.799885094165802,0.9366909712553024,0.931546151638031,0.0389863736927509,-10.865716636180878,-7.149385199428523,-13.95912382186792,0.9099617023756048,1.04981529712677,0.3846153846153846,16.96288402263935,0.9693503367766078
13340600,-9.95156541466713,0.7589828372001648,0.914168395102024,0.9654228091239928,0.0581344775855541,-9.551767259836195,-0.456757463902062,52.05039675080335,0.913720074109618,1.0669151544570925,0.2666666666666666,16.16312026977539,0.957916682797604
14020000,-10.550154000520706,0.6851219236850739,0.7970059961080551,0.9085666537284852,-0.0133393500000238,-11.801521480083466,-5.379951655164807,-42.004915046146046,0.8582923459965278,0.983588933944702,0.3125,26.82642638683319,0.8929874806217063
14137000,38.4905070066452,0.603072315454483,0.645566999912262,1.2452061176300049,0.0440225899219512,32.7310174703598,3.056251938757184,-15.57503597172948,0.7250001539392447,1.04143226146698,0.3157894736842105,40.583086013793945,0.8826022022353437
14138800,5.032742023468018,0.6085444390773773,0.7687892019748688,1.038526177406311,0.0193686839193105,5.427230894565582,-5.127180879670859,-477.6533521557647,0.8795052783221724,1.0290136337280271,0.4736842105263157,26.21241870679353,0.8895784411241606
14138870,8.388698101043701,0.6610707342624664,0.8209119737148285,1.058550477027893,0.0444955676794052,6.187813356518745,0.9996854264927826,-628.9525551001688,0.8839532477540735,1.0575209856033323,0.25,22.218563556671143,0.917963260901869
14138900,-11.56623587012291,0.6509783267974854,0.8219402432441711,0.8933185935020447,-0.0112026399001479,-12.04526498913765,-3.6555054465458063,-149.04944662814222,0.8576051120304229,0.9856787919998168,0.25,24.65620756149292,0.9067783038724252
14139800,2.33517587184906,0.6874187290668488,0.8310021907091141,0.983384370803833,0.0309463646262884,3.973531723022461,-8.99896686222184,-718.6272767586165,0.9042666346352666,1.0401599407196045,0.0476190476190476,24.616400400797524,0.914700660777056
14141500,5.285997688770294,0.6720803678035736,0.8189101815223694,0.9981815218925476,0.0334933623671531,3.478249534964561,-10.749741097116257,-864.3235863871981,0.9014844410630208,1.0396945476531982,0.3,29.17500734329224,0.90985372233616
14154500,-1.9222376868128777,0.7477751076221466,0.891814649105072,0.971118152141571,0.0022719493135809,-2.46425848454237,-16.51983626374457,-483.4300845076039,0.937542325883016,1.0034793615341189,0.2631578947368421,21.17417486090409,0.944730714101765
14158500,-5.21550290286541,0.5556980967521667,0.7532984912395477,0.9928292632102966,0.1182571053504943,-5.9423938393592834,1.9311567522281168,-21.379002640086917,0.8668346978544935,1.0628656148910522,0.6111111111111112,12.784210840861002,0.8828270820805134
14158790,-1.579698733985424,0.6274848282337189,0.7628193944692612,0.9921104311943054,0.0256442185491323,-1.602664403617382,-13.326559213918966,-640.3570555911338,0.8754537316893809,1.0353256464004517,0.2941176470588235,22.83265590667725,0.8808294232599708
14166500,-5.751253664493561,0.7570026218891144,0.9035058617591858,0.9757082462310792,0.057626873254776,-3.478480875492096,-2.725329059085551,-535.2680991821883,0.8885873518109902,1.0978353023529053,0.2666666666666666,30.640478134155277,0.9525559014330148
14182500,-10.23760661482811,0.6708628535270691,0.8187553435564041,0.92982816696167,0.0024579646997153,-8.700407296419144,-9.008948610354722,-499.678101051356,0.8820010667687139,1.0032672882080078,0.4736842105263157,27.349311427066205,0.905189731993164
14185000,-3.757696226239205,0.7444475889205933,0.8845879510045052,0.963286817073822,-0.014199998229742,-5.8342088013887405,-8.670907013535647,-618.319110402622,0.9280698292869692,0.9817474484443665,0.1666666666666666,25.305347972446015,0.9408989338510408
14185900,1.6432275995612144,0.7133297622203827,0.8655933439731598,0.9820817112922668,-0.0018340073293074,-0.0521923648193478,-17.47628876406774,-572.7313417334664,0.9293782793516692,0.9974804520606996,0.3888888888888889,28.681564331054688,0.9317357030703548
14222500,6.445969641208649,0.7429961860179901,0.8763315379619598,1.0225019454956057,0.0020145375747233,5.527519062161446,-9.000251816554215,-731.4386221971225,0.935660998175682,1.0025008916854858,0.3333333333333333,25.96033149295383,0.939776124788919
14236200,-11.093926429748535,0.6823841333389282,0.8323619663715363,0.8972367644309998,0.0089122951030731,-8.556463569402695,-8.00055159914295,-737.859230518795,0.8645058232266034,1.0119960308074951,0.3157894736842105,31.06027151408948,0.9125100885829902
14301000,-15.887002646923063,0.8100789487361908,0.921822428703308,0.8579708933830261,-0.0451349467039108,-15.272581577301024,-9.135289331867387,-488.1001393552902,0.8387677879545445,0.9310092926025392,0.6,21.074401537577312,0.9673834188264177
14305500,7.726576179265976,0.7516964077949524,0.8660784512758255,1.0733383893966677,0.0767734199762344,6.568259000778198,1.3762639731824626,-616.7102151270437,0.8542892869335603,1.1121996641159058,0.2,22.58927822113037,0.942865702810737
14306500,13.17959576845169,0.7717760354280472,0.8579227179288864,1.0925041437149048,0.0593565292656421,11.424271762371063,-11.737741828443909,-776.7405862192584,0.859989891184062,1.08663809299469,0.25,33.77775251865387,0.9405050018197622
14309500,-2.573657594621181,0.6986823379993439,0.8087827414274216,0.9686089158058168,-0.0025375531986355,-2.343480288982392,-17.999317797022922,-499.1237958718047,0.896785187326656,0.9949396848678588,0.2857142857142857,36.69122968401228,0.9018048341359384
14316700,8.760400861501694,0.7379184365272522,0.8766045495867729,1.0457563400268557,0.0186179317533969,9.69695970416069,-15.225119856158669,-708.1464657932013,0.9209495552199828,1.0284755229949951,0.1111111111111111,20.84005938635932,0.9421685660092468
14325000,-18.00108700990677,0.711349219083786,0.8132335096597672,0.8098428249359131,-0.0540101155638694,-17.68241822719574,-25.678018817404595,-557.0544309351967,0.7690470559351279,0.9058460593223572,0.125,33.2665890455246,0.908815864325262
14400000,-11.401020735502245,0.754521369934082,0.8865379765629768,0.9291200637817384,-0.0054567018523812,-8.709651231765747,-13.382944294350512,-640.3684944492575,0.9077460822879704,0.9908700585365297,0.125,24.337138235569,0.941660783826086
