basin,FHV_1%,mNSE,NSE,Alpha-NSE,Beta-NSE,FHV,FMS,FLV,KGE,Beta-KGE,Peak-Timing,Peak-MAPE,Pearson-r
01013500,-6.33416473865509,0.7082528173923492,0.8965040370821953,0.9820758104324341,-0.0388689860701561,-1.908443309366703,12.929095924689433,36.41740447249662,0.9286099117631863,0.9542157053947449,1.1176470588235294,13.202382536495433,0.9482403004809222
01022500,-5.975791811943054,0.745105504989624,0.8908657357096672,0.9277805685997009,-0.0518062561750412,-5.3702618926763535,-2.443572017255939,8.32037361178842,0.8889905451855846,0.9357276558876038,0.36363636363636365,19.977055896412242,0.9454425205062683
01030500,8.01900401711464,0.6979227364063263,0.8929271176457405,0.9777895212173462,0.06113945692777634,4.297949746251106,-19.393538579077862,46.977981966783595,0.9035892613439606,1.0776926279067993,0.7619047619047619,22.509990419660294,0.9474112109914665
01031500,-4.0229130536317825,0.7022637128829956,0.8779208213090897,0.974432647228241,0.05559074133634567,-2.9117560014128685,-7.39225620063361,29.37044149805228,0.8870265038295048,1.0917736291885376,0.13636363636363635,23.885826631025832,0.9392799679282517
01047000,-8.788524568080902,0.7155452072620392,0.8521127849817276,0.8991879820823669,-0.00840115174651146,-9.10351350903511,-6.943650225079437,-26.310620391604743,0.8727585113427923,0.98702073097229,0.13636363636363635,26.696196469393644,0.9234567308342302
01052500,-16.94326400756836,0.6545746028423309,0.8143101036548615,0.9124987125396729,-0.01824018359184265,-13.943541049957275,8.317667669136549,-430.35169777719096,0.8659099918196955,0.970971405506134,0.391304347826087,32.65097244926121,0.9026295954188851
01054200,-28.285691142082214,0.5865758657455444,0.6622658371925354,0.782200813293457,-0.004066907800734043,-28.24234664440155,0.1884319589145726,-42.85923654035471,0.7137877469714902,0.9928831458091736,0.2608695652173913,45.514732858409054,0.8144459150542607
01055000,-13.75797688961029,0.6287195980548859,0.7588648945093155,0.897272527217865,0.021996263414621353,-14.568950235843658,-0.06189331756254298,-5.534518567036046,0.8316873829520215,1.0365456342697144,0.08695652173913043,38.95595384680707,0.8717790188418468
01057000,19.280819594860077,0.6591472327709198,0.7824320942163467,1.1045598983764648,0.08450949937105179,12.860970199108124,-11.925724321539422,31.046701441950425,0.8121116419828545,1.1273356676101685,0.14285714285714285,30.399560928344727,0.9096955677491126
01073000,6.270301342010498,0.6984806060791016,0.8722628951072693,1.0643119812011719,0.06214188411831856,5.341920256614685,-12.468237235928576,32.38507521893395,0.8571687752804166,1.114457130432129,0.15789473684210525,24.196983638562656,0.9437479500629632
01078000,10.218025743961334,0.6500824987888336,0.8308558017015457,1.100579857826233,0.11207779496908188,11.300116777420044,-3.408681501284954,-24.96975024943653,0.7975104886932982,1.1626592874526978,0.42857142857142855,35.43796085176014,0.933459406417869
01118300,-10.439781099557877,0.6538543701171875,0.8498227000236511,0.8920296430587769,-0.020212264731526375,-7.688092440366745,-27.83482883875616,60.42444094957222,0.8639201957585799,0.9705519676208496,0.05263157894736842,17.935538291931152,0.9225859926540126
01121000,-28.03058922290802,0.646743655204773,0.7577507346868515,0.7396720051765442,-0.019005976617336273,-26.164719462394714,-11.238944519487246,52.06707766830484,0.7127399839345632,0.9700903296470642,0.25,37.127249240875244,0.8823009619389671
01123000,-13.725689053535461,0.6384338140487671,0.8485357910394669,0.9058765769004822,0.0720246210694313,-10.311368852853775,-7.656559976763246,-71.66040248936774,0.8383744488939235,1.1072880029678345,0.10526315789473684,24.99547004699707,0.9241522286843836
01134500,-11.19258999824524,0.6397759914398193,0.8087750524282455,0.9060157537460327,0.002498532412573695,-11.231886595487595,-3.641396629508727,34.61638712625612,0.8622488377328839,1.0033764839172363,0.3333333333333333,31.372723976771038,0.899347411765163
01137500,-15.42428731918335,0.633502334356308,0.7549413293600082,0.8825578093528748,-0.04725548252463341,-15.465240180492401,2.59512663915436,-6.3635142368490065,0.8150463558905814,0.9401772022247314,0.125,43.45994393030803,0.870244787419938
01139000,-7.260936498641968,0.6551366746425629,0.848718523979187,0.9930744767189026,0.031061537563800812,-5.841796845197678,8.440427294253773,33.7588808539892,0.9165596770587845,1.0344984531402588,0.0,24.578966413225448,0.9243416802278382
01139800,-4.230952635407448,0.5288550555706024,0.7240914106369019,1.006662368774414,0.12730750441551208,-0.5440074484795332,-13.945293095697785,46.44768174265178,0.8163904863497684,1.1305181980133057,0.68,45.57947540283203,0.8710307543150391
01142500,-8.301351219415665,0.643991082906723,0.8235271871089935,0.9881922602653503,0.052034374326467514,-5.934622511267662,4.356451610023318,23.560038132523186,0.8927033224049371,1.0604606866836548,0.34615384615384615,31.828667567326473,0.9121497884405588
01144000,-7.674646377563477,0.7063822448253632,0.8601246923208237,0.9791637063026428,0.02557179145514965,-3.4658458083868027,-0.1955111871693348,10.30726769213788,0.9202460455181176,1.030065655708313,0.3333333333333333,23.94737799962362,0.929129706736286
01162500,-6.262156367301941,0.6814316511154175,0.8372281938791275,0.9157946705818176,-0.03186125308275223,-7.2676606476306915,-18.00309013778885,33.12313344740133,0.8738232669242583,0.9587774872779846,0.3333333333333333,25.247962134225027,0.9155563210647141
01169000,-25.43613910675049,0.6282723844051361,0.7060763835906982,0.8155995011329651,-0.028667261824011803,-19.218116998672485,8.846170785269853,-18.252248500950742,0.7526839968731711,0.9560479521751404,0.2727272727272727,44.487688758156516,0.8411608394878027
01170100,-19.73572075366974,0.6267029643058777,0.7195019423961639,0.8540389537811279,-0.040531668812036514,-16.23794436454773,0.08676706983382712,-4.758265922292749,0.7835597741408936,0.9470285773277283,0.4090909090909091,40.24398977106268,0.8492161390045048
01181000,-31.96699619293213,0.6797429025173187,0.7255824506282806,0.6936246156692505,-0.02597219869494438,-27.83152461051941,-7.034500451774457,-16.75119314284804,0.6643352796424485,0.9553679823875427,0.5238095238095238,45.877452123732795,0.8703353888960443
01187300,-30.338627099990845,0.6085945963859558,0.7485274970531464,0.7463700771331787,0.028643639758229256,-26.246479153633118,-18.78528785319445,20.429489661117106,0.7124913775584221,1.052469253540039,0.45,41.08501434326172,0.875179938961018
01333000,-19.44199651479721,0.6137937009334564,0.6990663111209869,0.7861447930335999,-0.11101765185594559,-20.50737589597702,-4.86536272809824,35.47369382427333,0.7042148644723707,0.866234540939331,0.43478260869565216,36.30804393602454,0.8455279999004846
01350000,-5.184729024767876,0.6236525475978851,0.7139747142791748,0.9812406301498413,0.026623830199241638,-7.931365817785263,-1.1215658392948125,-407.5087399969842,0.8463092673445607,1.046734094619751,0.21739130434782608,34.04527539792268,0.8547937613355995
01350140,-15.8370241522789,0.4451456665992737,0.5851556956768036,0.939903974533081,0.09126106649637222,-12.173369526863098,-4.7301102488137525,-273.14025999021527,0.7169803947625093,1.174785852432251,0.36363636363636365,40.5211405320601,0.7856673835801097
01365000,-1.7107157036662102,0.5793223083019257,0.696968674659729,1.040582537651062,-0.0548434816300869,0.27226863894611597,6.090040791288014,-19.836329649404234,0.8333521498295713,0.9253701567649841,0.5652173913043478,35.46665025793988,0.8566300237046028
01411300,7.1593523025512695,0.5074998140335083,0.7047285735607147,1.167337417602539,0.16156873106956482,12.055154144763947,22.98405134664189,18.41740239541674,0.7560925483354242,1.1442869901657104,0.2777777777777778,38.15346293979221,0.8967028649161022
01413500,20.771855115890503,0.5757946968078613,0.6680521965026855,1.2465242147445679,0.09378403425216675,18.487247824668884,-2.916447848411724,-431.413843589296,0.7017093698833786,1.1308695077896118,0.1,53.175292015075684,0.894756076228364
01414500,11.407475918531418,0.5415621399879456,0.5493354201316833,1.1760468482971191,0.049773816019296646,8.554115891456604,-4.34772132250047,-4.006610896888001,0.7407350087061038,1.0690300464630127,0.25,42.65318314234416,0.8226283686702139
01415000,18.27857494354248,0.5030667185783386,0.529341071844101,1.2594236135482788,0.12551863491535187,18.54761242866516,-6.0666569097084055,25.421000914652048,0.6498569485960446,1.1778204441070557,0.5,45.12764930725098,0.8461187638547318
01423000,11.491813510656357,0.6311583518981934,0.7909126728773117,1.163262963294983,0.06046504154801369,11.514776200056076,-0.1304092261073497,2.968612303335539,0.8001083893342915,1.0860061645507812,0.14285714285714285,30.958030337379093,0.9231573003471624
01435000,-13.045017421245575,0.6130558550357819,0.6947109401226044,0.9601273536682129,-0.0412474162876606,-9.628072381019592,8.472505521604763,-2.0937007584262926,0.8271434457486765,0.9403694868087769,0.4583333333333333,39.13745880126953,0.8427302879805131
01439500,-2.4296965450048447,0.6421287059783936,0.8179300725460052,0.9968648552894592,-0.0361970029771328,-4.156608879566193,3.0504086699070543,19.143289442735753,0.9001861155473929,0.9583598971366882,0.09090909090909091,18.8003886829723,0.9093408348224231
01440000,-12.510082125663757,0.6884257793426514,0.8549278527498245,0.9328198432922363,0.03604045510292053,-8.797209709882736,5.059738283966689,-20.49420273142164,0.887879550178921,1.0498597621917725,0.2,23.852996826171875,0.9253553355759347
01440400,-10.971961170434952,0.6350055634975433,0.757701188325882,0.9390668272972107,0.020573128014802933,-8.919665217399597,2.8606162196925777,-3.7072075902053387,0.8562655156427975,1.0294352769851685,0.42105263157894735,42.80083304957339,0.873191818376694
01451800,-7.714525610208511,0.6445485055446625,0.8222309499979019,0.9119570851325989,-0.06973247975111008,-10.212971270084381,-3.220815805851175,-39.8619853872446,0.8329480922950707,0.8906586170196533,0.0,35.80632448196411,0.9094503065855388
01466500,-3.7748172879219055,0.36131805181503296,0.5910336375236511,0.9669084548950195,0.16496168076992035,-0.9543760679662228,-16.646023342314304,-12.858671209877373,0.7759902463465904,1.101676106452942,0.14285714285714285,37.51419612339565,0.8031566898495245
01484100,-34.29564833641052,0.5384114682674408,0.6466984152793884,0.7702404260635376,0.006683351472020149,-29.754772782325745,13.455685863214361,49.53339555773882,0.6985069326525926,1.0080589056015015,0.47619047619047616,50.47746839977446,0.8049521548860648
01485500,-9.255790710449219,0.5870659351348877,0.7988931089639664,0.8597910404205322,0.0676838755607605,-8.767908811569214,-33.416938763466035,41.834562868441196,0.790821460528613,1.1162669658660889,0.35,29.690868854522705,0.8971452398898354
01486000,-18.92842799425125,0.5464881956577301,0.6229026317596436,0.8260786533355713,-0.08460653573274612,-13.8710156083107,-6.481913647241969,45.86259439204417,0.6922267505936324,0.8509944677352905,0.18181818181818182,40.5778017911044,0.7943957938681787
01487000,-18.953634798526764,0.6225842237472534,0.7838075459003448,0.8718159794807434,-0.13815459609031677,-15.922936797142029,-3.1750558199119103,-14.07541274802443,0.7911177641620348,0.8716894388198853,0.42105263157894735,32.076062654194075,0.8963802855541951
01491000,-33.76011252403259,0.6354664266109467,0.7184584736824036,0.7459628582000732,0.013399457558989525,-30.340227484703064,-10.904305285354887,64.19108055734264,0.7065033645327741,1.021989107131958,0.21052631578947367,39.141165582757246,0.8546662985256177
01510000,-14.73904550075531,0.6440161168575287,0.8190895766019821,0.8801325559616089,-0.04673682525753975,-12.878495454788208,2.4821791739549726,2.9713877432237137,0.8340533204230095,0.9332771897315979,0.16,26.865859985351566,0.9066288968030347
01516500,-3.6342155188322067,0.34641528129577637,0.5193387866020203,1.0237022638320923,0.1729309856891632,2.8163913637399673,-17.598423397686762,-177.00607073968897,0.5400410879768754,1.4032999277114868,0.2631578947368421,44.50463244789525,0.7801146395354165
01532000,-12.217854708433151,0.5599868297576904,0.7429086267948151,0.9234809279441833,0.08881745487451553,-8.85784775018692,-10.123208428858774,3.8181298490512448,0.7721906553100347,1.169358730316162,0.11764705882352941,41.70843292685116,0.8682443564567892
01539000,-28.966528177261353,0.7089091837406158,0.78267802298069,0.6945452690124512,-0.015750516206026077,-25.374698638916016,-9.455222578716647,9.093037095580609,0.6807317497505766,0.9737248420715332,0.05263157894736842,34.30598158585398,0.9108975925662681
01542810,-17.238764464855194,0.5481506884098053,0.7168549597263336,0.8736996054649353,0.0605376735329628,-16.939014196395874,-12.942738464986533,31.4092519276634,0.771110205816252,1.1170237064361572,0.13636363636363635,40.16404151916504,0.8491881955757123
01543000,-7.848977297544479,0.6921402513980865,0.8542708903551102,0.9154376983642578,0.023489343002438545,-7.844092696905136,-6.422878791722562,38.39267800233511,0.8805337555266614,1.0379210710525513,0.14285714285714285,26.286191032046364,0.9246117178809822
01543500,-11.208823323249817,0.7091420888900757,0.8688766658306122,0.9076243042945862,0.02349010668694973,-9.044396877288818,-2.9941434385206698,38.6145975758247,0.8803540532766323,1.0355256795883179,0.3333333333333333,24.51849892025902,0.9327704715169003
01544500,13.715144991874695,0.6210552155971527,0.7816213369369507,1.1339304447174072,0.04613431915640831,13.329295814037323,4.35508466305944,16.763203015501396,0.8268331110595872,1.0663535594940186,0.42105263157894735,18.11738641638505,0.9125550885095508
01545600,25.53384006023407,0.523886114358902,0.637864887714386,1.2620049715042114,0.12727750837802887,23.282188177108765,0.33677053076715346,27.377631652658387,0.664545969156161,1.17836332321167,0.5789473684210527,33.58321691814222,0.8901395127930609
01547700,-21.825671195983887,0.5541751682758331,0.7861477583646774,0.7697843313217163,0.06395047158002853,-22.458630800247192,-24.12351459958066,37.62550907640103,0.7132231825252597,1.137381911277771,0.3125,38.09831738471985,0.8981771175539707
01548500,11.666438728570938,0.6969988644123077,0.8631900399923325,1.0985569953918457,0.07228555530309677,10.709641128778458,-5.044731049520053,29.396536630496307,0.8452581122565985,1.1056162118911743,0.05263157894736842,25.836098821539625,0.9445312135748244
01549500,7.201153039932251,0.5328902304172516,0.7527826279401779,1.0848084688186646,0.13186222314834595,9.043648838996887,-7.851786266758511,-386.63772106846676,0.7411316958030947,1.2220141887664795,0.3157894736842105,22.818347027427272,0.8973841020076464
01550000,-3.3819295465946198,0.590148538351059,0.7787337750196457,1.0118275880813599,0.07914575934410095,-0.12076053535565734,-3.21645977428157,19.07191264869737,0.8381210454771459,1.1216211318969727,0.42105263157894735,38.76667775605854,0.8938246527969458
01552000,-1.451929286122322,0.6352558732032776,0.8083845227956772,1.0289698839187622,0.08617023378610611,2.867059037089348,1.9829608215614198,19.001615617030822,0.8419346049932552,1.1273090839385986,0.2,27.21740484237671,0.9109056002260157
01552500,-13.848799467086792,0.5806017518043518,0.7258156836032867,0.9280104637145996,0.04439235106110573,-7.946650683879852,5.765984280693444,4.629769199066448,0.8229646544054561,1.073889136314392,0.3333333333333333,33.833281199137375,0.8561270845853681
01557500,-11.465151607990265,0.6835726201534271,0.8139313459396362,0.9015707969665527,-0.06788717210292816,-11.675278097391129,8.385036961094753,-7.876440946391241,0.8299446308466986,0.8992250561714172,0.4,34.57064867019653,0.9047375663526696
01567500,19.962866604328156,0.4535122513771057,0.561531126499176,1.1450716257095337,0.07733917981386185,18.60220730304718,10.38953571001741,-595.3979169314639,0.736950744803827,1.1259851455688477,0.42857142857142855,55.62307721092588,0.820342333396956
01568000,-12.619219720363617,0.5990324020385742,0.7940265834331512,0.9075874090194702,0.09154276549816132,-8.683785796165466,1.515646244670394,5.5782583497884906,0.7920612014213071,1.1544374227523804,0.19047619047619047,36.078566596621556,0.8958484784738212
01580000,-9.666290134191513,0.5161084234714508,0.7120798528194427,0.9477032423019409,0.045893847942352295,-3.062004968523979,-0.7838572399432667,44.620729048224774,0.8339197521653107,1.0504209995269775,0.09523809523809523,30.43790544782366,0.8506500061539912
01583500,-9.588606655597687,0.5176092386245728,0.6528535187244415,0.9364712238311768,0.10794892907142639,-2.1212520077824593,0.645598195298896,35.934953423081254,0.7790360903549787,1.1160612106323242,0.125,33.969267209370926,0.8230284221953594
01591400,-14.904049038887024,0.4117436408996582,0.5390692055225372,0.8996348977088928,0.05492420494556427,-10.525356978178024,2.83153407570786,63.15498636494278,0.7164397288280828,1.0915495157241821,0.18181818181818182,43.29730814153498,0.7510984937774492
01596500,-9.348280727863312,0.6158815026283264,0.7963105291128159,0.8553057312965393,0.05333718657493591,-10.493876039981842,-19.530558340063124,-114.18029374227888,0.798321077283576,1.0931495428085327,0.15,29.312016963958744,0.8948281447012112
01605500,-23.846009373664856,0.6028384864330292,0.7637062519788742,0.835648775100708,0.069045789539814,-17.437158524990082,-4.3111520908040095,-48.2874207124411,0.7644231549316709,1.1162365674972534,0.21052631578947367,28.90383318850869,0.8776309467924739
01606500,-2.666589245200157,0.6447515487670898,0.8154505342245102,1.0016292333602905,0.0876830443739891,-0.12081569293513894,-14.760374836019263,-21.223606292844607,0.8394341352744223,1.1341060400009155,0.21052631578947367,30.916690826416016,0.9117145960591273
01620500,-21.575821936130524,0.5550647675991058,0.680202305316925,0.8391731977462769,0.031611137092113495,-14.796701073646545,-18.271530884902287,-221.7559129401626,0.7548776727620551,1.0612910985946655,0.35,42.50124454498291,0.8254631952267747
01632000,-17.489449679851532,0.5005699396133423,0.6165001094341278,0.9289458394050598,0.09458153694868088,-12.91765570640564,-26.624121529317684,-181.0666754020516,0.7015166242770419,1.2109233140945435,0.35,48.26891899108887,0.80111564310762
01632900,-2.0823583006858826,0.6070438921451569,0.8510589152574539,1.0168416500091553,0.07021733373403549,-1.3367312029004097,-10.518825596213603,40.80077527965008,0.8539198700831591,1.1267322301864624,0.10526315789473684,37.6222058346397,0.9293267730080496
01634500,-4.122243821620941,0.4532756805419922,0.5811076462268829,1.0480695962905884,0.15996494889259338,-2.8941795229911804,-12.477419551403015,-592.0533791254961,0.6333842600825783,1.311934232711792,0.4375,48.031747341156006,0.8134699779387672
01638480,-32.074540853500366,0.4728661775588989,0.6050531566143036,0.6448342800140381,0.0768856406211853,-26.096227765083313,-30.91655935201522,67.15878500771467,0.5452521958284284,1.197737216949463,0.1,55.01653671264648,0.7961547896594077
01639500,-7.682822644710541,0.5159226953983307,0.7261351048946381,0.9554062485694885,0.09259476512670517,-6.056081131100655,8.79890887582479,69.53693232329185,0.7912188921956307,1.150376796722412,0.22727272727272727,41.92356196316806,0.862203892228845
01644000,-19.140255451202393,0.5058749914169312,0.7100701332092285,0.8012516498565674,0.09918089956045151,-14.178815484046936,-34.96928869656074,65.81456591054362,0.6737792099951568,1.2106621265411377,0.15,43.19807529449463,0.8498648422659996
01658500,-36.82370185852051,0.34048616886138916,0.4655483365058899,0.6831738948822021,0.07207940518856049,-29.90054190158844,-19.73953843776764,82.78893610036702,0.5001508078138482,1.2257121801376343,0.6190476190476191,59.563750312441876,0.686113960516638
01664000,11.852556467056274,0.5921322703361511,0.7197070419788361,1.1712666749954224,0.06235272437334061,15.87292104959488,2.322875851445514,55.775948976983116,0.7763044838434445,1.0978926420211792,0.15,31.9406533241272,0.8945275361875271
01666500,16.081030666828156,0.4896543025970459,0.6481144428253174,1.2214853763580322,0.08029204607009888,23.16667139530182,7.735290350493367,51.80736749608072,0.7129819756063553,1.1363996267318726,0.15789473684210525,66.26155752884713,0.8786792836578292
01667500,20.45217603445053,0.5740624368190765,0.6737191081047058,1.2665237188339233,0.06873280555009842,23.13225418329239,-2.9570847402562586,67.89481334979139,0.6958843902273417,1.108027458190918,0.045454545454545456,35.62527136369185,0.9010986365961471
01669000,-28.529495000839233,0.5344367325305939,0.714447408914566,0.7515867948532104,-0.02568785846233368,-23.22555184364319,-20.049214803741823,90.46801515809058,0.7088045130280394,0.9677373170852661,0.45,42.76733875274658,0.8515250511612155
02011400,12.601152062416077,0.5478146970272064,0.7552691847085953,1.1439942121505737,0.19550158083438873,12.43998408317566,-9.258709917485751,-40.80858184447497,0.6661482687019747,1.2900514602661133,0.2,36.263909339904785,0.9188039671208024
02011460,-29.72869575023651,0.6168150007724762,0.7535718679428101,0.7470442652702332,0.04084223881363869,-26.34689509868622,-24.262207667475046,29.17699823248267,0.7093705144697097,1.0764180421829224,0.25,43.767757415771484,0.8790075334747895
02013000,-27.691128849983215,0.5582696497440338,0.7417456805706024,0.7961141467094421,0.09664557129144669,-21.561098098754883,-10.630405412227255,-39.43108489922561,0.6833693337248028,1.2042732238769531,0.45,42.504820823669434,0.8697771615238994
02014000,-18.57714205980301,0.5621252655982971,0.7593812793493271,0.912303626537323,0.0903993546962738,-11.852167546749115,8.342024995661006,-76.28356859726607,0.7788983168468547,1.1613129377365112,0.17647058823529413,41.447260800529925,0.8768194962931838
02015700,-20.847909152507782,0.6160465776920319,0.7674998193979263,0.8200682997703552,-0.07004132866859436,-20.997969806194305,14.623542591194184,-82.67804590438442,0.7624690520117894,0.9006102085113525,0.4,38.29880475997925,0.8809739362471797
02016000,-17.732137441635132,0.6808306574821472,0.8299371749162674,0.8789812326431274,0.011477540247142315,-15.292081236839294,13.13530121465175,-59.36757119267868,0.8488396906635758,1.0200307369232178,0.05,25.084145069122314,0.9116672957256519
02017500,-16.337768733501434,0.6768185198307037,0.8240407407283783,0.8427518606185913,-0.01527638453990221,-14.564812183380127,-13.78347052391263,-24.11276249210483,0.8171316348819111,0.9737690091133118,0.29411764705882354,34.71986546235926,0.9104131888102371
02018000,-10.436984896659851,0.6790301203727722,0.8385385274887085,0.8846415877342224,0.0031605686526745558,-9.49767753481865,2.078402058856988,-44.17914884396635,0.8573472055562666,1.0056008100509644,0.1111111111111111,26.8897189034356,0.9162689579134599
02027000,-9.441588073968887,0.4581705331802368,0.6928187608718872,0.9019505977630615,0.14782370626926422,-7.996737211942673,-21.994808291522787,56.57932583232481,0.6935214002668678,1.2468888759613037,0.42105263157894735,42.819936651932565,0.8471558645484738
02027500,18.45524162054062,0.34582316875457764,0.39924156665802,1.1281667947769165,0.22819401323795319,19.266541302204132,-16.09907532951795,61.22290254886801,0.5809681791614305,1.321736216545105,0.3157894736842105,78.79772186279297,0.7641043735989577
02028500,-5.486732721328735,0.5046860575675964,0.7305369079113007,0.9774513840675354,0.15577666461467743,-6.2949493527412415,-31.518952772014213,71.84777885610839,0.7241137878551721,1.24482262134552,0.2222222222222222,43.87519624498155,0.874833526658856
02038850,-19.295451045036316,0.45979368686676025,0.5890873372554779,0.8546207547187805,0.0320826880633831,-15.471048653125763,-12.152404904561127,56.908905158333965,0.7208120604513727,1.0712898969650269,0.35,57.29457855224609,0.7725609285509922
02046000,0.5556676536798477,0.6147653162479401,0.815186157822609,0.9644151329994202,0.05942175164818764,3.0794043093919754,-27.838845282440722,87.01093006793747,0.8175642624440496,1.1526634693145752,0.4,34.35962200164795,0.9066705795851469
02051500,-3.01493089646101,0.5688479542732239,0.7425820529460907,0.9772073030471802,0.07394678890705109,-7.3395997285842896,-11.314685735456148,59.14267676743232,0.7997201062179837,1.1517971754074097,0.19047619047619047,34.41448892865862,0.8713526278648306
02053200,2.681085281074047,0.6053317487239838,0.8524936586618423,0.9503021240234375,0.07936824858188629,-0.3485448891296983,-53.098033505748774,71.24993274782518,0.8313162673327463,1.1437214612960815,1.0,19.565939903259277,0.927003668907988
02053800,-11.962689459323883,0.3651171326637268,0.7118736207485199,0.9007138609886169,0.21036724746227264,-9.118329733610153,-28.889519929177432,31.61356132688618,0.6089985475169206,1.3551747798919678,0.2,35.72198152542114,0.8700951341450894
02055100,-10.539938509464264,0.5701067745685577,0.6465297043323517,0.8716903924942017,-0.01232177298516035,-4.682248830795288,-7.3410310185289855,-463.74065570655364,0.7670624182111203,0.9784873723983765,0.35294117647058826,47.22664776970358,0.8067805173254187
02056900,-10.227714478969574,0.6336264908313751,0.761370524764061,0.9083858728408813,0.029283013194799423,-6.1573658138513565,-2.892407715818377,51.5400019089835,0.8373830491406598,1.0459399223327637,0.2857142857142857,35.50006321498326,0.8737437211552567
02059500,-20.812571048736572,0.5610666573047638,0.6442054212093353,0.8174803853034973,0.03378954902291298,-14.180567860603333,-0.4302658946625467,32.672772768236605,0.7234181604533683,1.0674915313720703,0.42105263157894735,59.41743348774157,0.8034573903422166
02064000,25.590354204177856,0.5583920478820801,0.4450962543487549,1.2707167863845825,0.055823326110839844,23.99863302707672,15.166636987825857,42.85013652635637,0.6543982485124137,1.1034592390060425,0.3684210526315789,52.04121439080489,0.8117204789012298
02065500,3.970523178577423,0.444183886051178,0.5779984295368195,1.0489970445632935,0.11339323967695236,7.372116297483444,-19.247130138276844,88.50945572359896,0.7185681491142326,1.1980321407318115,0.42105263157894735,34.84226778933876,0.8061277545541202
02069700,9.395768493413925,0.5086227059364319,0.7436633110046387,1.1272315979003906,0.13211071491241455,10.397808998823166,-17.61827822477842,40.89520184090253,0.7745332465671381,1.1577653884887695,0.08333333333333333,37.92961438496907,0.9012201458076804
02070000,4.097554087638855,0.5207647383213043,0.6501096189022064,1.0821160078048706,0.03849603235721588,-0.08533804793842137,-13.013707502313151,52.73032774243547,0.8133610918148722,1.0562883615493774,0.09523809523809523,52.83402488345191,0.8421308653827051
02074500,-17.148691415786743,0.49966245889663696,0.620884120464325,0.8507009148597717,0.03409264609217644,-16.706106066703796,11.031294809743692,29.187169491018146,0.7347818761807599,1.065970778465271,0.14285714285714285,46.78655351911272,0.7909586338372838
02077200,-26.409631967544556,0.5220797955989838,0.6905786097049713,0.7558109164237976,0.06347145885229111,-22.97673523426056,-41.331010356126946,84.21205498166343,0.6485421301552518,1.1935484409332275,0.16666666666666666,50.06145901150174,0.8374167082682252
02081500,-7.0934198796749115,0.5480814278125763,0.8206110596656799,0.938521146774292,0.10694480687379837,-5.393543839454651,-44.604144162512064,84.36630855026988,0.6798467543330663,1.3017758131027222,0.09523809523809523,33.26100848969959,0.9125368080658225
02082950,16.347232460975647,0.552381306886673,0.6822521388530731,1.10719895362854,0.10350772738456726,10.566757619380951,-26.05970151710823,64.305951903454,0.7497589049474771,1.1825276613235474,0.35,45.11931896209717,0.8665359867013273
02092500,-24.073350429534912,0.4985429644584656,0.72735795378685,0.7979437112808228,0.09929906576871872,-18.097057938575745,-38.99625605676309,-164.1161165491131,0.6734932171634833,1.2154921293258667,0.7647058823529411,42.38767623901367,0.8609206067532336
02102908,6.447984278202057,0.27992743253707886,0.619822233915329,1.0401860475540161,0.2412825971841812,8.221419900655746,-29.23903874958836,62.97173510461684,0.7175288997925048,1.2333745956420898,0.2,31.330184936523438,0.8460152535368837
02108000,1.0383444838225842,0.5162374079227448,0.7655055671930313,0.9622074961662292,0.10268261283636093,3.3668987452983856,-33.75182996035187,-9.062805421177277,0.8059045705612614,1.1512421369552612,1.105263157894737,34.348093835931074,0.8843687827955237
02111180,-0.6311229430139065,0.5497073829174042,0.7481157183647156,1.0376492738723755,0.029159225523471832,-2.4392951279878616,8.592014512961649,-46.666100356259,0.8680250215115268,1.0391496419906616,0.2857142857142857,32.54206294105166,0.8797201901567896
02111500,-7.00036808848381,0.5135090053081512,0.7509536892175674,0.8838421702384949,0.0810936763882637,-6.570225954055786,-30.630018905646267,40.45946164415733,0.8076698766681448,1.0819685459136963,0.375,33.24853181838989,0.8704647059418241
02112120,-3.597927838563919,0.3822580575942993,0.6969836056232452,0.9706100821495056,0.22525884211063385,1.956920512020588,-28.51251497754853,44.855411152426015,0.7191019644618977,1.247520923614502,0.2916666666666667,29.27442193031311,0.8704881029753249
02112360,-14.657074213027954,0.5600588023662567,0.7440730035305023,0.8673525452613831,0.05377977341413498,-8.241815865039825,-18.516020856853178,32.68100561909107,0.8028540113031857,1.0533896684646606,0.25,27.53569984436035,0.8642769845905102
02118500,-11.429519206285477,0.5325890183448792,0.7799838334321976,0.8966847658157349,0.07410704344511032,-2.3593010380864143,4.168569957924734,31.33291247655805,0.7999713876344516,1.1281280517578125,0.16666666666666666,42.48446093665229,0.8863311366156739
02125000,-25.34848153591156,0.5364298820495605,0.6947037279605865,0.7469154000282288,0.02157108299434185,-21.444392204284668,-41.542597474887245,-22.727106026414692,0.6865379968300058,1.0907020568847656,0.2631578947368421,52.32082166169819,0.8388176511979469
02128000,-8.4310844540596,0.47213608026504517,0.6650574207305908,0.8909739255905151,0.07480857521295547,-5.674229562282562,-32.16770662403074,86.5894576932643,0.7007674544005664,1.2142776250839233,0.3684210526315789,48.7638373123972,0.8218468893530957
02137727,6.426410377025604,0.5257675647735596,0.8529409021139145,1.12890625,0.06449922919273376,6.990958750247955,-2.419355457242651,30.298199400940906,0.8239671089517273,1.1060304641723633,0.3333333333333333,32.14723950340635,0.9440688091567531
02143000,-6.054605171084404,0.6020757853984833,0.838330015540123,0.9181488752365112,0.015436658635735512,-0.2996117575094104,22.252380923220546,28.126023021441103,0.8796610812668252,1.0261071920394897,0.25,33.32924246788025,0.9157369401182544
02143040,-16.97390377521515,0.5761440098285675,0.8482331782579422,0.8860856890678406,0.04706411063671112,-14.844466745853424,-13.156302045542697,44.26030173486829,0.8379348209453455,1.0857285261154175,0.21052631578947367,35.23437851353696,0.9229333286241926
02149000,-3.369133546948433,0.45975053310394287,0.6254683434963226,1.1485722064971924,0.11007440090179443,-8.326894044876099,-29.900842983565788,43.01624563167768,0.7431112580140469,1.148213267326355,0.13636363636363635,32.23079334605824,0.8518414612513756
02152100,-23.153947293758392,0.49482423067092896,0.7561070322990417,0.7747213244438171,0.06028236821293831,-18.47774386405945,-12.903314871055624,33.21171770089875,0.715649563892569,1.1230672597885132,0.11764705882352941,48.487214481129364,0.8776924433148755
02177000,-2.976381778717041,0.6495490670204163,0.8552967607975006,0.9561085104942322,0.04877820611000061,-3.3261235803365707,-11.760213307705174,35.380703738194605,0.9003754660473302,1.051067590713501,0.2727272727272727,28.842941197482023,0.9265787081769187
02178400,-10.841067135334015,0.651743620634079,0.7834077924489975,1.0220561027526855,0.03649892657995224,-10.7142373919487,-1.304778290728682,10.761229688657806,0.8875603658059492,1.0334160327911377,0.2727272727272727,35.43056574734775,0.8949306494663808
02202600,17.704594135284424,0.5497541427612305,0.5569019317626953,1.1336686611175537,0.11639963090419769,20.58437168598175,-36.95542081755114,-10.293239043315056,0.6148686869958139,1.3122353553771973,0.6363636363636364,36.939581957730375,0.8184293521963302
02212600,-1.5271270647644997,0.44359713792800903,0.7006318271160126,0.9618568420410156,0.12466901540756226,-3.2685190439224243,-41.46687382881308,80.93903885864111,0.6023424006837936,1.367601752281189,0.0625,38.298338651657104,0.8532157450042958
02221525,21.50730788707733,0.5849754214286804,0.7331407070159912,1.2040443420410156,0.08785980194807053,20.95334380865097,23.109666789411985,12.383542912819676,0.7183438987466322,1.171865701675415,0.6470588235294118,37.6341511221493,0.9096769883035688
02231000,16.34168028831482,0.5383468568325043,0.7814666032791138,1.1372777223587036,0.12986034154891968,10.249633342027664,-27.523233240471924,-505.86369698929525,0.6242190530434932,1.3404489755630493,0.6153846153846154,31.21377137991098,0.9196218806041973
02231342,25.080779194831848,0.4212825298309326,0.2880237102508545,1.3700029850006104,0.08887466788291931,7.512565702199936,-30.73925816826184,-29.099227240845778,0.519344296960784,1.226449966430664,0.6666666666666666,57.452570597330734,0.7930021530104426
02245500,-3.866877779364586,0.5013097822666168,0.7596344649791718,0.9016140103340149,0.047283850610256195,-6.859223544597626,-4.117583078608247,-101.74758281617535,0.8026236882011094,1.115010380744934,0.5625,29.211199283599854,0.8733105457518944
02246000,-7.117985188961029,0.5258840322494507,0.8032658100128174,0.9648500680923462,0.06512570381164551,-3.086591698229313,3.2009345343770192,-343.0026993882642,0.7981918532139061,1.1722432374954224,0.35714285714285715,48.79571369716099,0.9008875510683926
02296500,-19.421324133872986,0.6206348538398743,0.7540263086557388,0.8010298609733582,-0.026811910793185234,-19.74724382162094,-12.97898751890873,-200.11050406445122,0.7562443491755886,0.9421436786651611,0.6363636363636364,37.93717731129039,0.8716241955579203
02297155,14.701545238494873,0.4500850439071655,0.5227226316928864,1.206703543663025,0.08638864010572433,17.77694523334503,-25.561657376740243,-14.085134215574948,0.6538445645828982,1.2139642238616943,0.7142857142857143,69.44859368460519,0.8230351972475486
02297310,-38.014379143714905,0.5521456301212311,0.6603677868843079,0.7175442576408386,-0.0189881082624197,-31.875428557395935,-21.348375029398785,-2.4024561133575375,0.6612422443234789,0.9522476196289062,1.2857142857142858,53.04791586739677,0.8191816358656482
02298123,10.604973882436752,0.5849146246910095,0.6483064293861389,0.963485598564148,0.019006477668881416,-1.107838936150074,18.687323642427607,-40.69397621540094,0.8117816108095839,1.0332082509994507,1.1428571428571428,60.63413619995117,0.818368305126077
02298608,-23.416398465633392,0.5175227522850037,0.695042073726654,0.8522297143936157,0.013068707659840584,-15.850359201431274,-3.2243648217040572,-0.8732473106635219,0.7754154452474953,1.0323117971420288,0.8333333333333334,46.95697360568577,0.8339936365959401
02299950,-29.421475529670715,0.5544047653675079,0.6905780136585236,0.7453455328941345,0.003148760413751006,-24.48188066482544,16.255977547732783,-299.69118940176435,0.6969481111928576,1.008704662322998,0.7222222222222222,54.9820688035753,0.8359397106352459
02300700,-21.12571895122528,0.3703935742378235,0.603001594543457,0.8490505218505859,0.06739494949579239,-13.961200416088104,-11.13557245513015,77.92103181267683,0.6621915724868594,1.2096116542816162,0.9411764705882353,53.10625188490924,0.782303552774409
02312200,25.103822350502014,0.492689847946167,0.47341102361679077,1.0341473817825317,0.032264284789562225,5.667811632156372,-45.51985729472784,-46.705182560498045,0.7358820878108543,1.065673589706421,1.3,47.36000061035156,0.7464665555165868
02314500,13.635928928852081,0.4712749123573303,0.58812016248703,1.2022448778152466,0.2162684202194214,16.83201789855957,-23.03961022400568,-88.56804230727595,0.5478213423216716,1.3812906742095947,2.3,24.840056896209717,0.8651668823394503
02315500,24.85555410385132,0.4923008680343628,0.6534299850463867,1.1732356548309326,0.21062903106212616,18.007422983646393,-26.327984394125604,-228.0969850867003,0.5615887151540533,1.385664939880371,1.2,34.13640737533569,0.8839982037956239
02324400,-0.279054744169116,0.4718087315559387,0.5045181214809418,0.9961162805557251,0.02913586050271988,-7.029957324266434,-37.304744045950244,-446.60401181363295,0.743341102280461,1.0649548768997192,1.1538461538461537,89.20619671161359,0.7517268228969765
02327100,-2.112750895321369,0.5094662308692932,0.6599720120429993,1.0010124444961548,0.0992421880364418,-0.04605509166140109,-36.85849212135609,-412.2357210962468,0.7328089144669858,1.2102160453796387,0.75,48.54532480239868,0.835078002045214
02342933,-36.66067719459534,0.5397070944309235,0.6817047595977783,0.6468740105628967,0.0017216727137565613,-36.16481423377991,-36.178024989443976,37.06536599014087,0.616433368469733,1.0058104991912842,0.3157894736842105,51.12022600675884,0.8503616542904509
02349900,33.95541310310364,0.461544930934906,0.576152503490448,1.3398438692092896,0.15281018614768982,37.504565715789795,-14.799358433269294,-735.8655860833874,0.4868907561564748,1.369425892829895,0.3333333333333333,49.22136200798882,0.8936432870695583
02361000,-3.122294507920742,0.5551539659500122,0.7216951847076416,0.9871507287025452,0.0417286641895771,2.456515096127987,14.542479921131275,39.51138411261602,0.8453049656609589,1.064544439315796,1.3,34.84910249710083,0.8600019099069882
02369800,5.184920504689217,0.4544389247894287,0.6056931614875793,1.085864782333374,0.05274157598614693,6.4693644642829895,6.533894998009453,-219.87176559493315,0.789133305169139,1.076175570487976,0.42857142857142855,47.34821319580078,0.8231122259607376
02371500,2.419222891330719,0.6114792823791504,0.8115265518426895,1.0286754369735718,0.09413411468267441,4.846373572945595,-15.462035413834208,42.19499757014085,0.825900386259717,1.148108959197998,1.2777777777777777,32.16373125712077,0.9130970022140995
02372250,-17.973583936691284,0.5934891104698181,0.7744327932596207,0.8831627368927002,0.05795149505138397,-8.875583112239838,-13.233468444433546,48.159056605175884,0.8068587151526438,1.0985445976257324,1.05,41.836628913879395,0.8819255652528216
02374500,-11.04251742362976,0.552992045879364,0.6902841627597809,0.8395540714263916,-0.041596684604883194,-13.02511841058731,-23.311123569319086,28.209378451071903,0.7617563729225605,0.947439432144165,0.47619047619047616,33.025628044491725,0.8319092014599287
02381600,-23.632805049419403,0.2500333786010742,0.25799816846847534,0.866133451461792,0.177224799990654,-18.42881590127945,-19.52752855300232,63.3252578576752,0.4754014799888304,1.3120758533477783,0.3684210526315789,48.91393561112253,0.6001350026100896
02395120,-17.838463187217712,0.6216894090175629,0.6817557215690613,0.8603726625442505,-0.04094130918383598,-16.08598083257675,17.054196251555144,-72.5134097609585,0.7645362867724415,0.9216275811195374,0.3333333333333333,40.0799380408393,0.8273583745420778
02408540,1.4941851608455181,0.6499946713447571,0.7986448556184769,1.044297695159912,0.05214732512831688,4.985642060637474,-20.679012989494726,50.25771729898035,0.8614080825463819,1.0915330648422241,0.1111111111111111,34.455834494696724,0.905834550775886
02422500,17.341533303260803,0.5603468716144562,0.7334071695804596,1.1543160676956177,0.14112719893455505,18.52809339761734,-14.305152340333935,-38.72106979484613,0.7121665812898321,1.2229702472686768,0.17647058823529413,33.46437285928165,0.9034655656758195
02430085,-7.57165253162384,0.4764043092727661,0.6087445318698883,0.8622686266899109,0.07355011999607086,-11.321493983268738,-36.06535662156974,-35.13780584537427,0.7138414665608321,1.1328871250152588,0.375,58.20345083872477,0.7872612233950961
02430615,16.980230808258057,0.34505409002304077,0.3569011092185974,1.1094865798950195,0.15139590203762054,19.160646200180054,-15.461243825002812,-14.227579836286475,0.6200543559342784,1.2392653226852417,0.48,84.83056640625,0.7259133592680325
02450250,-3.059482015669346,0.6502688527107239,0.8086956590414047,0.981849193572998,0.05068567767739296,-2.188991755247116,-13.554160603511331,-305.4868238500965,0.8451562707556582,1.1201740503311157,0.15,24.195003509521484,0.9040556080880232
02464000,-12.206006050109863,0.6184619069099426,0.8260940313339233,0.8865243792533875,0.06827498972415924,-10.558678209781647,-32.95322828391738,49.64151298229239,0.7878772222885595,1.1560180187225342,0.0,32.959533992566556,0.9118085369546286
02465493,-1.137212011963129,0.4712969660758972,0.6213682293891907,0.9068350195884705,0.08985600620508194,6.447058916091919,8.07788060955199,5.020612738865316,0.7432920181557152,1.1319388151168823,0.2,28.263099193572998,0.8004719983735663
02469800,-11.028853058815002,0.5831117928028107,0.8111085742712021,0.8975074887275696,0.055813632905483246,-13.293617963790894,-13.094576476724157,30.87951341106511,0.8107671121548911,1.1255791187286377,0.5294117647058824,30.990923152250403,0.902356485547636
02472000,0.8409604430198669,0.5673840343952179,0.8608639389276505,0.9660972356796265,0.12889286875724792,1.8946589902043343,-34.805631816831514,28.202573445925555,0.7315117423782921,1.2588255405426025,0.75,29.524598121643063,0.937183707407971
02472500,-19.887681305408478,0.6176929175853729,0.8271025568246841,0.8414367437362671,0.013773880898952484,-15.708883106708527,29.739135121804892,-50.82960973760549,0.816908618802212,1.0262908935546875,0.45,31.115064620971676,0.9123134186545537
02479155,10.650210827589035,0.5723294913768768,0.815143808722496,1.1049124002456665,0.0742405503988266,11.65187805891037,-26.40029913721874,7.382217470184263,0.7791995011025338,1.1787269115447998,0.047619047619047616,28.522738956269766,0.9238229714564793
02479300,7.553974539041519,0.6217300891876221,0.7484999299049377,1.035402536392212,0.00504416273906827,2.681504935026169,10.89335446279924,8.133412334822712,0.8738193782426519,1.0082240104675293,0.7,32.734596729278564,0.8791671593651005
02479560,15.111333131790161,0.6356389820575714,0.7918127626180649,1.0366017818450928,0.0584028959274292,8.16589966416359,-9.093146412227329,11.337141145478084,0.8625281106937159,1.0890504121780396,0.95,33.02275896072388,0.9018732757801183
02481000,-1.1558054946362972,0.5775256454944611,0.7406804859638214,0.9761948585510254,0.027626290917396545,-4.618342965841293,-36.56497127520484,41.20254416950513,0.8497309772735664,1.0674759149551392,0.08695652173913043,36.35741109433381,0.8678595620836734
02481510,4.125873371958733,0.5993889570236206,0.7421495020389557,1.1154882907867432,0.08468654751777649,-0.785660557448864,-20.550740249023388,48.88448283994182,0.7672006257683306,1.1718730926513672,0.47619047619047616,37.28561628432501,0.8936155868735083
03010655,7.640595734119415,0.6264473795890808,0.8112590909004211,1.0792756080627441,0.06263485550880432,5.112242698669434,-4.835629465975892,2.494407881601969,0.8553521659968494,1.0883033275604248,0.3157894736842105,28.41755716424239,0.9172902896278707
03011800,-7.543882727622986,0.602062314748764,0.7632594257593155,0.9498323202133179,-0.06155899539589882,-5.090676620602608,-2.22869328842418,7.6174823792207285,0.8498563876665983,0.9271166324615479,0.28,40.668304443359375,0.8786973909365563
03015500,-4.104757308959961,0.6600473523139954,0.839245617389679,0.9477205872535706,-0.023292329162359238,-4.111618548631668,5.588346103914856,-29.04586592536859,0.8968715216869694,0.9683838486671448,0.28,34.10841751098633,0.916917119591653
03021350,-29.370877146720886,0.584177166223526,0.6732670962810516,0.691218376159668,-0.10382790118455887,-32.093650102615356,-5.944188211407855,-0.6802926804262852,0.6089912402617532,0.820900559425354,0.32,44.75399398803711,0.8404219646805408
03026500,-7.552021741867065,0.6255164742469788,0.7556205689907074,0.975792407989502,0.035132311284542084,-2.6442067697644234,-4.109864615691586,45.979440208191825,0.8649662458968377,1.0469098091125488,0.5,36.043136770075016,0.8757117179888997
03028000,-17.230291664600372,0.6501944661140442,0.8049495667219162,0.881027340888977,-0.06775089353322983,-12.150761485099792,-1.1918730798455548,13.3571537177578,0.8213727375289885,0.9120123982429504,0.3181818181818182,40.24914828213779,0.8999430801044586
03049000,-0.09507267968729138,0.6136373579502106,0.739143967628479,1.016956090927124,0.06874952465295792,-0.8120386861264706,-17.02285728637626,33.5269708414764,0.82967666335472,1.1135776042938232,0.043478260869565216,37.489899345066235,0.874211853542044
03049800,-35.29418408870697,0.46727079153060913,0.33696669340133667,0.6238856315612793,-0.027585076168179512,-34.261539578437805,-20.31257617334943,84.21455424738149,0.43341117160919507,0.9268942475318909,0.6363636363636364,68.86103803461249,0.5826075812053138
03069500,2.2808851674199104,0.7114374041557312,0.8753736466169357,1.0164945125579834,0.042312219738960266,4.024921357631683,-2.8764842185051878,28.35245557576609,0.9164385220232115,1.0554604530334473,0.20833333333333334,20.537050565083824,0.9397124406990578
03070500,-11.360717564821243,0.6699990630149841,0.7933753877878189,0.8817362189292908,0.017728211358189583,-13.977347314357758,-18.680396339389244,49.0644709077687,0.8369582039382282,1.0265002250671387,0.2727272727272727,40.72953137484463,0.8909401842047275
03076600,-6.445562094449997,0.5844317078590393,0.7295375764369965,0.9446581602096558,0.08554395288228989,-6.69340044260025,-15.347545434681281,20.384051277955965,0.800022038191986,1.1340835094451904,0.25,26.431114673614502,0.8623407159964541
03078000,1.6834665089845657,0.6503271162509918,0.8138701021671295,0.9297526478767395,0.025165490806102753,-1.988750696182251,-22.196939260434267,41.078226526546416,0.8744016535908388,1.0375690460205078,0.2857142857142857,22.270491009666806,0.9028978840524303
03140000,-10.431524366140366,0.597573459148407,0.7735227942466736,0.8906653523445129,0.024618765339255333,-9.68102142214775,-22.371146630948573,-298.84543104015603,0.8302948711254562,1.0492397546768188,0.391304347826087,43.80292892456055,0.8799116485759642
03144000,-18.56277734041214,0.6332614719867706,0.8161488920450211,0.8307541012763977,0.019462870433926582,-14.379942417144775,-9.570467142528996,24.744607393552087,0.8020878810126136,1.0429130792617798,0.2,34.14305925369263,0.9068146994661189
03164000,-2.0559195429086685,0.6425131559371948,0.8557186722755432,1.0166233777999878,0.08157890290021896,1.244303211569786,-2.176001715390227,34.62987293017451,0.8963310029054252,1.0768612623214722,0.13043478260869565,15.639937442281973,0.9324480153995186
03165000,-13.803520798683167,0.419779896736145,0.6254659295082092,0.8923444747924805,-0.037868764251470566,-8.181967586278915,26.05171129947164,-2.341857010771113,0.7655158275606093,0.951402485370636,0.20833333333333334,43.46793492635091,0.7974379191735832
03170000,15.024502575397491,0.5235472917556763,0.6814433634281158,1.13247549533844,0.11605164408683777,15.782018005847931,-11.38066033100781,37.549076322548345,0.7749021099561807,1.1303941011428833,0.23809523809523808,28.351084391276043,0.8730485068061274
03173000,-3.9028655737638474,0.684526652097702,0.8524449914693832,0.9780464172363281,-0.010904619470238686,-0.3420274704694748,1.5263992872260408,-5.343630180348427,0.9197624493436415,0.9823326468467712,0.2222222222222222,28.69797812567817,0.924873643960795
03180500,-3.314705565571785,0.697019636631012,0.8616721034049988,0.9437223076820374,0.018692385405302048,-4.832166060805321,-12.407996080332468,50.31987756432994,0.9053644997494043,1.0262130498886108,0.047619047619047616,24.23358644757952,0.9285746874659799
03182500,-18.492673337459564,0.7154722213745117,0.8406953513622284,0.8307576775550842,-0.005731410346925259,-17.968888580799103,-18.28600955217454,24.65083631153244,0.8131546025075038,0.9906680583953857,0.10526315789473684,30.33244484349301,0.9213796863179234
03186500,-15.56881070137024,0.6453910171985626,0.7530391663312912,0.8839243650436401,0.03360871598124504,-13.979113101959229,-16.980803332972098,43.85684270848345,0.8176571194384874,1.0500013828277588,0.5416666666666666,46.99954191843669,0.8685647125911011
03213700,0.13069340493530035,0.6366592645645142,0.8435485810041428,1.0047695636749268,0.0674804076552391,2.5965340435504913,13.555632804814849,-26.66973942385116,0.872092773040872,1.1030806303024292,0.3333333333333333,24.319619602627224,0.9244229292233509
03237280,-31.159913539886475,0.4917517900466919,0.46903830766677856,0.7092611193656921,-0.02569957636296749,-29.844382405281067,-54.391852828468465,73.8006015029699,0.5671899415910581,0.9364254474639893,0.23809523809523808,47.35311780657087,0.6857489439678723
03237500,-14.703233540058136,0.5805887281894684,0.6950287222862244,0.8786560893058777,0.033012788742780685,-14.535896480083466,-15.54463458514018,-114.78935041141891,0.7798055928481523,1.0817688703536987,0.45,46.06151580810547,0.8354549176684682
03238500,-11.519289016723633,0.5705972611904144,0.6786627769470215,0.8606658577919006,-0.007658788468688726,-19.318585097789764,42.915562761779746,17.38815933690037,0.7749474780559684,0.9780662059783936,0.23809523809523808,39.4866080511184,0.8246331184963371
03241500,-12.405823916196823,0.6373813450336456,0.8093539774417877,0.889385461807251,-0.006048139650374651,-12.688307464122772,2.4571077144885582,-461.3480065876751,0.8502676112720209,0.9886740446090698,0.19047619047619047,36.63692928495861,0.8997207154539175
03280700,-29.313987493515015,0.4277247190475464,0.646740049123764,0.7600844502449036,0.10329044610261917,-24.60358589887619,-29.043874941893705,-53.6172088192291,0.5983547569417658,1.2619221210479736,0.42105263157894735,40.24773898877596,0.8125000459660097
03281500,-19.126011431217194,0.6684020757675171,0.8491179794073105,0.81639564037323,0.025391284376382828,-19.878357648849487,-24.14326958797258,72.41708098041686,0.7960550379785782,1.0528185367584229,0.4,22.361583709716797,0.9286334193430708
03285000,-16.01639986038208,0.6146782040596008,0.825946643948555,0.9036686420440674,0.01777942106127739,-19.34768259525299,-30.941624181922545,-162.48740003500887,0.8600519193890253,1.0450084209442139,0.2857142857142857,29.757531483968098,0.9090056222331824
03291780,-9.141922742128372,0.5514946281909943,0.6609100103378296,0.936020016670227,0.01488691195845604,-8.901380002498627,-16.018078352144546,-5.787218971353501,0.8060005830110528,1.0395290851593018,0.20833333333333334,43.83879899978638,0.8211710679122586
03340800,-9.043941646814346,0.6125089824199677,0.6600829362869263,0.9339340925216675,0.002652884228155017,-10.987512767314911,-19.555516939474508,-274.9098700038671,0.8084987975594445,1.0060988664627075,0.13043478260869565,36.527069755222485,0.8203592189030757
03346000,-1.3117189519107342,0.6625670492649078,0.8385727554559708,0.9363241791725159,0.02846718393266201,-2.345636673271656,-10.496557416847029,-84.68139473682085,0.8632421344257319,1.0875120162963867,0.5,30.16468683878581,0.916395271412936
03357350,-20.70436179637909,0.5057578682899475,0.47264355421066284,0.8008370995521545,-0.03618410974740982,-17.404252290725708,-16.4587635506015,-8.37725381944005,0.6216260360446366,0.893768310546875,0.5217391304347826,55.86725317913553,0.6963294155825577
03364500,-19.532398879528046,0.622181624174118,0.6940274238586426,0.8285096883773804,0.018875010311603546,-14.642077684402466,-12.258279069576277,-8.550808032595642,0.7559394161867025,1.0486961603164673,0.2608695652173913,42.6670447639797,0.8333106915207297
03366500,-9.158267080783844,0.6208468973636627,0.8519081175327301,0.9411323070526123,0.02884656935930252,-7.6823510229587555,5.787422072103856,-131.3859113892615,0.8745941217770181,1.080156922340393,0.18181818181818182,37.02842539007013,0.9236056492870994
03368000,-29.173722863197327,0.5201173424720764,0.574528843164444,0.7650783061981201,0.002186086028814316,-25.530171394348145,-18.69345084107794,-9.336844970663451,0.6626541507475989,1.0075005292892456,0.5714285714285714,52.556828090122764,0.7580128890840244
03384450,-16.950155794620514,0.585090309381485,0.7102743685245514,0.8461766242980957,0.017558733001351357,-15.956176817417145,-30.74483982662384,-16.352551901296213,0.7727082696803186,1.057796835899353,0.2727272727272727,47.482282465154476,0.8429668012189497
03439000,-1.3499129563570023,0.5518244504928589,0.7769469171762466,1.05328369140625,0.12528224289417267,-1.6733339056372643,0.1430604949821907,17.238916076560507,0.8311109367186258,1.1275094747543335,0.2608695652173913,34.28106515303902,0.9029139671525428
03455500,6.612040847539902,0.38662993907928467,0.5398849844932556,1.0733708143234253,0.09795223921537399,8.143243193626404,-6.278226345278687,15.340894980855527,0.7420908017715193,1.1346769332885742,0.36363636363636365,36.685145984996446,0.7926452272640918
03456500,-14.885123074054718,0.514838457107544,0.7691703587770462,0.8457351326942444,0.07704009115695953,-13.942627608776093,-20.775909597916588,15.975889601440382,0.770470391740496,1.1214563846588135,0.2857142857142857,35.67531903584798,0.8811112351460018
03460000,17.761602997779846,0.49408161640167236,0.6424809098243713,1.1648682355880737,-0.02876407466828823,11.491136997938156,8.913457512018734,24.20795273225151,0.7810469332858617,0.9725304841995239,0.2857142857142857,41.68277922130766,0.8585633144502859
03463300,-21.702830493450165,0.5755447447299957,0.7045924663543701,0.7143195867538452,-0.013361813500523567,-19.023895263671875,-7.232588843453867,24.51610619580623,0.6763608077002735,0.9722213745117188,0.42857142857142855,41.81274686540876,0.8504761683011455
03471500,-3.6112837493419647,0.48900532722473145,0.705752968788147,1.0286293029785156,0.1471845656633377,1.1082913726568222,-3.0897559526482476,-48.17136202733513,0.7767253218054335,1.177711844444275,0.3157894736842105,21.142101287841797,0.8678998664721892
03473000,-4.353741556406021,0.5967307686805725,0.8072540611028671,1.0105692148208618,0.057495132088661194,-1.5588212758302689,5.033394708450874,-19.085626153174385,0.8865587786364933,1.063105821609497,0.10526315789473684,18.037120919478568,0.906325789667033
03479000,1.2430035509169102,0.5604174435138702,0.8581875562667847,0.9209677577018738,0.07342658936977386,2.7339961379766464,4.252825588531186,34.157916502206795,0.8306591425823366,1.1320438385009766,0.13043478260869565,37.17240457949431,0.9293271241408156
03488000,-13.38278204202652,0.6846028566360474,0.8511080592870712,0.8930432796478271,0.022706687450408936,-9.803064912557602,5.3085555263710145,-14.369356527192673,0.8630273015921733,1.0379962921142578,0.25,28.935947418212894,0.9233314806051628
03498500,-9.12977159023285,0.6688146591186523,0.8023742437362671,0.9045178294181824,-0.023785891011357307,-4.524167627096176,3.290978219270466,9.706807859715598,0.8539413419854551,0.9622789621353149,0.2631578947368421,35.189179370277806,0.8961086626113349
03500000,6.6566333174705505,0.620706170797348,0.8156092315912247,1.0887367725372314,0.12655629217624664,3.661124035716057,-15.761881682431255,44.85452153500136,0.8377947900744438,1.1140317916870117,0.13636363636363635,26.23168338428844,0.9262906667285656
03500240,-3.84262353181839,0.6006362736225128,0.8279352188110352,0.9453206658363342,0.07345537841320038,-5.543839186429977,-21.36116138634188,43.510312446636334,0.8738593537651796,1.073665976524353,0.30434782608695654,32.60209456734035,0.9134265805765434
03504000,-14.678901433944702,0.611075758934021,0.8111158907413483,0.864456295967102,-0.06562600284814835,-14.849591255187988,-12.533851992875885,15.914895256475017,0.8257276788411205,0.9474906921386719,0.20833333333333334,31.783294677734375,0.90386718142554
03574500,-24.873991310596466,0.4961838126182556,0.769437626004219,0.779903769493103,0.10722595453262329,-20.100516080856323,-46.27759823027539,61.91506928056114,0.6469621550770072,1.2534321546554565,0.5263157894736842,32.192373275756836,0.8906130160795227
03592718,-31.37437403202057,0.5050860941410065,0.6724580228328705,0.679520845413208,0.02468104660511017,-31.388789415359497,-46.30300298182251,43.67966095705306,0.6345083269368184,1.0604660511016846,0.17391304347826086,37.81712573507558,0.8350117239982573
03604000,-12.77080774307251,0.6125507056713104,0.8228311687707901,0.8573763966560364,-0.029991738498210907,-8.687175065279007,31.832638967891935,5.925026825936115,0.8171509726296629,0.9305490255355835,0.3157894736842105,29.428853486713606,0.909066855737828
04015330,1.1725733056664467,0.6049194931983948,0.7456027269363403,0.9598264098167419,0.05451598018407822,-2.9902974143624306,-25.794456417801122,-10.692848885497984,0.8104614374375576,1.1318187713623047,0.47368421052631576,37.941661633943255,0.869866373036955
04024430,8.87807309627533,0.6240653097629547,0.7891010046005249,1.1020439863204956,0.09650705754756927,6.455737352371216,-3.8970976721579516,-712.1299159548347,0.7608245000373562,1.1981638669967651,0.5555555555555556,28.005962901645237,0.9132646182051898
04027000,7.046248018741608,0.6240750253200531,0.8253914713859558,1.1003326177597046,0.10701360553503036,10.838350653648376,-4.514819605706982,-13.55363453049132,0.749633684512885,1.2185802459716797,0.7368421052631579,33.33768091703716,0.9304346795088344
04040500,7.191675901412964,0.6572305262088776,0.8635450154542923,1.0390955209732056,0.06561680883169174,8.504416793584824,-11.921765195263033,57.84520872854366,0.8633145551641042,1.1149083375930786,0.8823529411764706,23.45096503987032,0.9371467978427874
04043050,-17.719338834285736,0.6298284530639648,0.8356365859508514,0.8260189294815063,-0.004520938266068697,-19.880259037017822,-8.492251021952395,6.89133551714594,0.8078461446648948,0.9917951822280884,0.375,27.945682406425476,0.9188435326870792
04045500,13.921292126178741,0.6612294018268585,0.8947807475924492,1.0965038537979126,0.12683525681495667,12.89806067943573,-20.19149088950831,20.590700309841285,0.8337135517749918,1.130435585975647,1.1176470588235294,14.987524817971623,0.9636029262628294
04056500,32.57279396057129,0.480510950088501,0.6082601845264435,1.3467448949813843,0.18641307950019836,31.153279542922974,6.830006815495684,-18.393895612231205,0.6082277878691831,1.1597718000411987,1.125,29.875490069389343,0.9120999663605425
04057510,31.85020089149475,0.5225795805454254,0.6446630656719208,1.2728092670440674,0.16683928668498993,32.080891728401184,-16.237627305663498,6.291934214856367,0.6676400264914126,1.1617238521575928,1.4705882352941178,31.68211263768813,0.9005834447950609
04057800,14.543941617012024,0.5725006759166718,0.7517501711845398,1.1576004028320312,0.12262073904275894,19.491922855377197,2.5088646941090267,5.336677108314449,0.7248759291509957,1.2067722082138062,1.0625,27.064219117164612,0.9099965484100982
04059500,19.507217407226562,0.5921873450279236,0.8083671480417252,1.1044816970825195,0.12013185769319534,16.52524173259735,-22.280470966874024,-476.1372973704928,0.7752827913507023,1.184159517288208,1.0714285714285714,29.155557496207102,0.9247227057469329
04063700,21.950893104076385,0.5003179013729095,0.6734395027160645,1.2343093156814575,0.22499215602874756,26.481923460960388,4.133347043212384,-24.662483381149862,0.6210190359802944,1.2840923070907593,0.8888888888888888,28.975099987453884,0.9104607531523622
04074950,29.916930198669434,0.49968069791793823,0.7459452450275421,1.0916047096252441,0.2222115844488144,22.199100255966187,-8.63220392628037,14.55403238355332,0.8125620694566283,1.1365954875946045,0.9444444444444444,20.686988035837807,0.9100932274539412
04105700,-10.246161371469498,0.3745272755622864,0.6828280091285706,0.8510987758636475,0.21709886193275452,-10.159178078174591,-26.313216620238737,21.06608827138561,0.7683059688708538,1.1015199422836304,0.6666666666666666,18.180481592814125,0.8543832055348772
04122200,-9.436845034360886,0.5795730352401733,0.7898363620042801,0.9623634219169617,0.13783913850784302,-5.79378567636013,-7.60416064436827,31.16636788627346,0.8744706065999776,1.0679874420166016,0.95,25.103235244750977,0.9014159022680828
04122500,-0.8244873955845833,0.551457405090332,0.7620309591293335,1.0497075319290161,0.1399269998073578,1.2440705671906471,5.805432110942153,13.066800752505742,0.8700369242956719,1.0619843006134033,0.5789473684210527,16.260788315220882,0.8971529835458413
04124000,4.079283028841019,0.5857071876525879,0.8224943727254868,1.0583481788635254,0.04178750142455101,1.7283104360103607,7.918214252242269,9.8196750001539,0.8991581253344716,1.011589527130127,0.9,10.054954290390015,0.9185736125677416
04127918,24.57871586084366,0.4775999188423157,0.5581717789173126,1.267994999885559,0.1672489494085312,27.39739418029785,8.56378656138297,-65.57842423328961,0.6313608516428302,1.214203119277954,0.7,37.002577781677246,0.865127744033722
04127997,7.9527296125888824,0.2020244002342224,0.5192612409591675,1.086503028869629,0.4522091746330261,6.851761043071747,4.88637579781593,-18.001943091544177,0.8034356942835144,1.12592613697052,0.3333333333333333,14.842539032300314,0.876317502022857
04161580,-4.353192448616028,0.4786441922187805,0.6932390034198761,0.9563631415367126,0.09024279564619064,-5.175640434026718,-16.113282398263674,30.789549344200427,0.8136995582934238,1.0934863090515137,0.3333333333333333,32.21937815348308,0.8448742794265074
04185000,19.99576836824417,0.6872371733188629,0.771005392074585,1.0788007974624634,0.013388863764703274,16.448616981506348,-8.047885115102645,-69.17717688401572,0.8686425179127081,1.020015001296997,0.8260869565217391,22.23811149597168,0.8968272218912651
04196800,-8.675890415906906,0.6401681900024414,0.7767687290906906,0.8442746996879578,-0.03679586201906204,-12.62500286102295,-14.97529195656823,-109.01090464493394,0.7888771607799991,0.9186105728149414,1.0,40.96194557521654,0.882960497157897
04197100,-12.518738210201263,0.615953654050827,0.7670135796070099,0.8108436465263367,-0.00663131894543767,-19.855329394340515,-23.210989712482682,-172.90995474788596,0.7746030414316637,0.9844330549240112,0.55,44.02331829071045,0.8784214941142802
04213000,-7.1417853236198425,0.5983034074306488,0.6917358934879303,0.926080584526062,0.024629861116409302,-3.9247646927833557,-24.19200739637876,33.60345048619177,0.8156390228275626,1.0436419248580933,0.5909090909090909,41.52010137384588,0.8368427987655835
04216418,-11.570899933576584,0.5597371160984039,0.6906459033489227,0.9187432527542114,0.007957427762448788,-13.335378468036652,5.457618196876059,-469.3895596521873,0.8159233736996293,1.012073040008545,0.5,42.33858982721965,0.8352705640083946
04221000,-10.323182493448257,0.6654238402843475,0.810417965054512,0.919657289981842,-0.002359431004151702,-10.841918736696243,-5.625136810340857,4.842085743868206,0.8720183884432051,0.9965047240257263,0.38095238095238093,35.90187799362909,0.9004403450715293
04224775,-29.096266627311707,0.585669606924057,0.6715673208236694,0.7870845794677734,-0.021134277805685997,-24.035842716693878,-3.0723262173775794,-61.75863890450801,0.7193984766901027,0.9658892750740051,0.2857142857142857,52.04557691301618,0.820443053522168
04233000,-18.887828290462494,0.6075323820114136,0.7523714154958725,0.8255812525749207,-0.11633879691362381,-17.08722859621048,11.728769556230418,-62.69538559866364,0.7292859103487943,0.8337206244468689,0.3181818181818182,39.01277021928267,0.8766493285465856
04256000,-3.417716920375824,0.6606607735157013,0.8171585649251938,0.9497516751289368,-0.048280980437994,-6.125231087207794,5.440157338581721,-21.370309311024744,0.8805250952563912,0.9455071687698364,0.2916666666666667,26.976482073465984,0.906298932473171
04296000,-6.825573742389679,0.6832789480686188,0.8521385192871094,0.8898770213127136,-0.03753132373094559,-8.306905627250671,-12.395700528385051,24.319286404887894,0.85953586431856,0.9563339352607727,0.21739130434782608,22.59268968001656,0.9245256482772917
05056000,-11.59510388970375,0.50583815574646,0.7511181235313416,0.8622868061065674,-0.12160436064004898,-15.593752264976501,-47.606921664207896,-169.35540421598125,0.6489522401719787,0.7021600008010864,0.7272727272727273,49.312790957364165,0.8752565000285261
05057000,-13.414271175861359,0.562740683555603,0.764141857624054,0.7869679927825928,-0.11188846826553345,-22.7210134267807,-32.91055616384435,-269.5410699908864,0.6632602823983519,0.7649949193000793,2.111111111111111,47.763093312581375,0.8869353576197048
05057200,-16.568858921527863,0.6054339110851288,0.7085962891578674,0.9324594140052795,-0.042144689708948135,-18.481309711933136,27.343366531111286,-126.09234797485807,0.7662583308952076,0.836573600769043,1.5,72.23052183787027,0.8471430434890584
05120500,133.8582158088684,0.09697014093399048,-0.9179378747940063,2.012300491333008,0.15706998109817505,99.5398223400116,-45.60589546359058,-15.1444273401743,-0.18965171381601564,1.5864713191986084,1.6666666666666667,57.64753818511963,0.7841984541534097
05123400,-11.281195282936096,0.4827498197555542,0.5843636691570282,0.8597474098205566,-0.024530520662665367,-13.887396454811096,-77.44361093558392,-117.01752213422077,0.7206741456417141,0.9259443879127502,1.8571428571428572,64.4437176840646,0.7700697710623366
05129115,16.973596811294556,0.6016842424869537,0.7735809534788132,0.9881296753883362,0.0687226951122284,8.140422403812408,1.9085365914480765,45.660617500597034,0.8636192228944213,1.0767496824264526,1.0666666666666667,35.80354372660319,0.8878915792414596
05131500,6.570560485124588,0.6262156367301941,0.7939144372940063,1.023049235343933,0.020751018077135086,5.539011210203171,-14.669674181792164,-503.14384651973967,0.8915689023371236,1.0342891216278076,0.6666666666666666,29.28117911020915,0.8997488562238334
05291000,-4.546656832098961,0.5005435943603516,0.5331791043281555,1.0034440755844116,0.05572633445262909,2.7311423793435097,12.67739109780856,-385.196014275413,0.6854801272934352,1.213363528251648,0.5555555555555556,48.392889234754776,0.7689439602980896
05362000,33.57373774051666,0.5674653351306915,0.6743976175785065,1.2716072797775269,0.14614546298980713,29.54828143119812,-19.565743277099955,9.639385389239328,0.5695386884695361,1.3214248418807983,0.5263157894736842,49.90819127936113,0.9093771699940731
05393500,18.76656860113144,0.5938273966312408,0.7091019749641418,1.1493080854415894,0.11221187561750412,18.057912588119507,-5.65783611584457,21.081256177450545,0.6897876864258399,1.2480602264404297,0.3157894736842105,24.57505276328639,0.8886227169790766
05399500,-25.346794724464417,0.5455289483070374,0.6989487409591675,0.8142505288124084,0.04844682291150093,-19.14997100830078,-14.69752088081622,-353.6807618887434,0.6977426819608722,1.1747459173202515,0.5625,41.76585078239441,0.8377641080351195
05408000,-13.081306219100952,0.4818305969238281,0.658076673746109,0.7111620306968689,0.030614351853728294,-8.593320846557617,0.6342262407409599,-2101.168689629829,0.6558841421389743,1.0468753576278687,0.05555555555555555,30.41998545328776,0.8189170025443235
05412500,-8.211502432823181,0.6517767012119293,0.8195771276950836,0.8875977993011475,-0.027150258421897888,-5.786562338471413,-5.035042038972759,-40.605934124984024,0.8459820921994229,0.9527574181556702,0.6428571428571429,31.363889149257112,0.9058968668852958
05413500,-20.908363163471222,0.47863179445266724,0.7112776935100555,0.7414446473121643,-0.06656354665756226,-15.207542479038239,-24.865655538310925,-147.7291337946418,0.6904502262581826,0.9135770797729492,0.16666666666666666,31.723279423183865,0.8533668834147348
05414000,-24.987155199050903,0.4339750409126282,0.488095760345459,0.6889966130256653,-0.07997885346412659,-19.443772733211517,-18.38152350244029,-515.018945929392,0.5537685194555063,0.8800123929977417,0.4,43.47363789876302,0.7033480125040544
05444000,-5.62419481575489,0.4861806631088257,0.5187485218048096,0.9835649728775024,-0.018015077337622643,-3.755231946706772,-20.27981482846131,1.844988448502704,0.7532898812036539,0.9701389074325562,0.5333333333333333,47.02546755472819,0.7556558006608945
05454000,-16.638991236686707,0.4673283100128174,0.6453182399272919,0.8733900189399719,-0.07118906825780869,-12.395403534173965,7.836496719566184,7.348573301730486,0.7219365054017544,0.842458188533783,0.29411764705882354,60.187530517578125,0.809029328523695
05458000,-23.834045231342316,0.5975010991096497,0.7710503041744232,0.7334775328636169,-0.03753231465816498,-18.764622509479523,-21.77974942355162,-668.7267448657398,0.6970179259242072,0.9031416177749634,0.6666666666666666,47.46289889017741,0.8933118304798816
05466500,7.714475691318512,0.6161272525787354,0.7400724291801453,0.9633373022079468,0.021641992032527924,-1.174677349627018,-11.761534918734394,-94.85008815376176,0.8566079220168801,1.0356285572052002,0.8333333333333334,32.16404649946425,0.8660308224612784
05487980,-0.8468834683299065,0.5782879292964935,0.7234615683555603,1.0010734796524048,0.055955447256565094,-3.606937453150749,-23.104899854455056,-282.2150757447374,0.7777562841921284,1.1753380298614502,0.2222222222222222,48.59392907884386,0.8634434470930411
05489000,-9.4309501349926,0.5643729567527771,0.7525734156370163,0.904721200466156,0.05952144041657448,-13.673001527786255,-29.005616667528766,-92.01502006923963,0.7415552605865674,1.2021785974502563,0.29411764705882354,33.67718808791217,0.8702330996636127
05495000,4.077726602554321,0.651080846786499,0.8072818070650101,0.9839467406272888,0.04038313776254654,-2.2745775058865547,-12.837502612228322,-115.22026795236941,0.844075152881981,1.1210428476333618,0.3333333333333333,30.614850256178116,0.9030284585607878
05495500,-11.593582481145859,0.6648867428302765,0.8216062784194946,0.8920648694038391,0.009667424485087395,-11.23187318444252,-3.0148684328439272,-82.88258187629918,0.8533665259964378,1.033563494682312,0.23809523809523808,30.40050779070173,0.9065929600819431
05501000,-1.686038263142109,0.6163016855716705,0.7726128548383713,0.9935281276702881,0.05189979821443558,0.47473018057644367,-2.527700146392978,-146.63392932762284,0.7828291922185021,1.185308575630188,0.1875,42.553600668907166,0.8869424641214612
05503800,12.178133428096771,0.5813821256160736,0.7630948722362518,1.1350955963134766,0.08368708938360214,6.60218745470047,-5.776092604410353,3.5196507242956505,0.6337944098096888,1.3273588418960571,0.10526315789473684,35.79284015454744,0.9067696252511416
05507600,-21.48575782775879,0.6108630299568176,0.764286071062088,0.7756841778755188,0.00320446933619678,-22.315305471420288,-3.1836496297175416,5.557979231113948,0.7454170161993882,1.0146641731262207,0.16666666666666666,48.86583222283257,0.8805015915923358
05508805,0.6900773383677006,0.6095389127731323,0.7903455793857574,0.9833022952079773,0.0387403778731823,-0.8538438007235527,25.372273301083847,25.61557542633307,0.8099589109417896,1.157047152519226,0.29411764705882354,43.120990079991955,0.8942976155864398
05514500,-14.035631716251373,0.5851781368255615,0.772111788392067,0.8796108365058899,0.03233509138226509,-14.0019029378891,-4.529390221985245,-151.44009433747004,0.7988913993752936,1.106682300567627,0.4444444444444444,34.8851998647054,0.879293723013198
05525500,-0.1125684124417603,0.6817167699337006,0.841803103685379,0.954410195350647,0.016364021226763725,-5.60554675757885,-18.059662444388987,-6.349853790882834,0.9010397569584176,1.0323784351348877,0.2631578947368421,28.0424670169228,0.9183523646815246
05556500,-9.588179737329483,0.5432529449462891,0.7302240431308746,0.8474593758583069,-0.039621658623218536,-3.7716716527938843,-27.20852816815346,-321.0012112570299,0.7713833497185878,0.9099279046058655,0.3684210526315789,32.71922061317845,0.8554872033221065
05584500,-13.273106515407562,0.6985934376716614,0.8425061404705048,0.8505997061729431,-0.03725482523441315,-15.234361588954926,-12.146765241176753,-270.233606601923,0.8091775990514599,0.9110719561576843,0.9,42.074646949768066,0.9213581286684146
05585000,2.478846348822117,0.6614158749580383,0.7997502088546753,0.9237799048423767,-0.010126849636435509,-1.279030553996563,-23.177690971178734,-330.7114958946218,0.8685118273427817,0.9796160459518433,1.3478260869565217,36.564030854598336,0.8948138266678555
05591550,-26.02555751800537,0.6035336554050446,0.7425955832004547,0.7709953188896179,-0.06260684132575989,-27.48819589614868,-49.552290052639684,-27.657573577202264,0.6899829765480117,0.8366935849189758,0.2631578947368421,60.36882902446546,0.8696219893810804
05592050,-5.912346765398979,0.6092888712882996,0.7796525955200195,0.9563097953796387,0.021884692832827568,-7.218361645936966,-27.39064235352026,-5.7098086999919815,0.8612494971618256,1.0660021305084229,0.2,29.317314624786377,0.8860412933276868
05593575,-3.2228492200374603,0.6344085335731506,0.8130462914705276,0.9074193835258484,0.008377302438020706,-9.177784621715546,0.48803259269102894,11.700281731171529,0.8616574177125869,1.0302317142486572,0.16666666666666666,39.87056414286296,0.9017475548354991
05593900,-24.924668669700623,0.595022439956665,0.7459589540958405,0.7637512683868408,-0.008804251439869404,-25.54454803466797,-19.167455299481436,3.525237156157919,0.7284953650974004,0.9672340154647827,0.05,37.11602449417114,0.8702783987062861
05595730,-16.498440504074097,0.6341127455234528,0.8128893822431564,0.8003592491149902,0.02550170011818409,-14.682163298130035,-30.97235591713642,-13.233391707496834,0.7568643581812937,1.1042615175247192,0.2777777777777778,37.127436531914604,0.9084137189743661
06191500,-11.995267868041992,0.7912736386060715,0.9274297431111336,0.9170646667480469,0.010629802942276001,-11.055561900138855,-8.108056048866517,13.487870808235822,0.9086940791837391,1.0134198665618896,0.9,14.216971397399902,0.9642451561889323
06224000,-14.24473375082016,0.7494457066059113,0.8636747002601624,0.9265645146369934,-0.008286702446639538,-10.540159791707993,-12.504654998744066,-794.4449090964304,0.8973409380462916,0.987380862236023,1.1,29.14703607559204,0.929382227075553
06278300,-24.0387424826622,0.6096875071525574,0.6992408037185669,0.8758931159973145,0.048819463700056076,-20.304156839847565,-1.220347011617429,-891.8774825436005,0.7609872376817748,1.1250251531600952,0.8,36.39556169509888,0.8384658148520038
06280300,-22.167856991291046,0.7484981715679169,0.8639636635780334,0.8502314686775208,-0.015739381313323975,-19.867829978466034,-5.249445258298385,18.921627427714874,0.8343731249251123,0.9763845205307007,0.8,28.465242385864258,0.9333369825014265
06289000,-15.9308522939682,0.5615698099136353,0.7829943001270294,0.9419763684272766,0.0955650806427002,-14.1196608543396,15.053292235469385,42.48221190654405,0.8257270456229332,1.1233727931976318,1.0,30.298370785183376,0.8914482855730116
06311000,-13.90312910079956,0.5794597864151001,0.630912721157074,0.9202762842178345,-0.006539273541420698,-14.332298934459686,-6.821633972900338,-829.946745569613,0.7869849113151605,0.9862455129623413,1.5,45.68899154663086,0.8029457657505796
06332515,22.745616734027863,-0.28601300716400146,-0.3938964605331421,1.1480087041854858,0.1937379091978073,29.26272749900818,58.07580317608091,1.4955435151203833,-0.42922325312719756,2.297294855117798,1.6363636363636365,61.40929135409269,0.41879556982958677
06339100,-12.916779518127441,0.01846921443939209,-0.0024564266204833984,0.7782546281814575,0.09191903471946716,3.1024539843201637,-17.50673186513805,-10.875228341941174,0.05215320989072503,1.6933729648590088,0.8,62.448887825012214,0.39297738164040363
06339500,-5.5320702493190765,0.2767125368118286,0.18161725997924805,0.8019328713417053,0.05036942660808563,2.473813109099865,-20.19015977366999,-110.297311719818,0.3926403272770429,1.3085312843322754,1.7777777777777777,60.04564497205946,0.5157855524837442
06344600,-5.076485499739647,0.04261624813079834,-0.03415727615356445,0.7981345057487488,0.08603453636169434,9.464672952890396,-6.928881973714726,-17.860694845637987,0.04390026328584784,1.7013068199157715,0.3333333333333333,51.06975767347548,0.38230608460565446
06350000,-3.746999055147171,0.2337329387664795,0.5370115339756012,0.7724817991256714,0.07596565037965775,10.36418229341507,17.665093923726758,-263.0012192258146,0.26685111495996316,1.6456550359725952,1.7777777777777777,50.1073784298367,0.7375646166585293
06352000,-9.90046113729477,0.3195594549179077,0.5951539278030396,0.7897002696990967,0.057587869465351105,-2.1631885319948196,-14.696724350131642,-101.37562833527203,0.43918567594308433,1.4680895805358887,1.2857142857142858,70.87055615016392,0.7737725169292679
06353000,10.821247845888138,0.4429919123649597,0.7187484204769135,1.0523276329040527,0.06789795309305191,15.400008857250214,-44.45294024433407,-22.49073396070541,0.5095210918452894,1.4699941873550415,1.5,43.32634508609772,0.8698583770203787
06354000,6.67153000831604,0.441023588180542,0.6202695965766907,1.011814832687378,0.06027738004922867,11.721397936344147,-16.86482184726371,5.197457058656056,0.5691963645116104,1.3885055780410767,1.1428571428571428,43.56434345245361,0.8142162603736499
06360500,-29.51774299144745,0.4215356111526489,0.7174787819385529,0.7358680367469788,0.05898650363087654,-22.76550978422165,-61.13743058056681,-54.65884721214861,0.5643948774322203,1.3158578872680664,1.875,74.2831826210022,0.8578032213939131
06404000,2.662423439323902,0.374472975730896,0.7021292746067047,1.1072114706039429,0.16243132948875427,12.8964364528656,-50.99508805082,-27.370175876335818,0.4769919683120535,1.4982552528381348,0.3333333333333333,31.096887588500977,0.8825912916336853
06406000,8.989354968070984,0.12533998489379883,0.36193346977233887,0.9156346321105957,0.12132488936185837,21.220101416110992,-69.72573014397938,-319.47537225069203,0.5194661657913727,1.3325061798095703,0.6666666666666666,69.4873015085856,0.6634960759388152
06409000,9.682255238294601,-0.18856704235076904,-0.3963353633880615,0.9801424741744995,0.4139714241027832,13.966436684131622,-37.53011386160841,50.299586290349296,0.3360286418556261,1.2241138219833374,1.0,50.897150773268486,0.37531076694071713
06431500,27.543973922729492,0.2756924033164978,0.41154778003692627,1.1889662742614746,-0.12719599902629852,17.204241454601288,-17.779680083208056,25.544569935350957,0.6983191701435758,0.9337575435638428,1.0833333333333333,28.378963470458984,0.7743564597425805
06447000,-8.898025751113892,0.19548934698104858,0.31900501251220703,0.8649032115936279,0.14901234209537506,-12.499387562274933,-40.69408383631786,-20.780664325049,0.4353216376637574,1.4043413400650024,0.25,66.9171953201294,0.6297047240816285
06447500,23.78365248441696,0.2580782175064087,0.26998674869537354,1.117918848991394,0.22046682238578796,13.561826944351196,-52.18793628540214,-823.134074724234,0.6083301699960296,1.2244327068328857,1.2142857142857142,45.09321280888149,0.7014529167927648
06450500,7.654101401567459,0.31453192234039307,0.3220062255859375,1.032244086265564,-0.014549268409609795,10.32848134636879,-5.505181233632124,51.02162168272469,0.6702951106968436,0.985447347164154,0.8235294117647058,54.73153731402229,0.6721984545083033
06452000,-14.746111631393433,0.3833129405975342,0.6377955377101898,0.8725249767303467,0.09473255276679993,-10.618828237056732,-5.586237664005364,1.2054404207696747,0.6633832399976622,1.244480848312378,1.0625,54.082560539245605,0.8068936138670374
06453600,-20.443902909755707,0.3509780168533325,0.610706239938736,0.8424257040023804,0.11815454065799713,-10.428768396377563,-36.49738605408085,-15.71291181374663,0.5123141139970256,1.4119834899902344,1.1818181818181819,54.64780113913796,0.7919676260222291
06464500,-10.722699016332626,0.4081183671951294,0.5783475935459137,0.9495280385017395,0.15002964437007904,-5.98350428044796,-9.82814355567352,-597.9316021611213,0.6851012725965443,1.2302178144454956,1.0769230769230769,28.412787730877216,0.7911614318791346
06468170,-51.808732748031616,0.5415210127830505,0.6158187091350555,0.4883587658405304,-0.08842339366674423,-54.337990283966064,-51.00643273429195,-17.921615463770543,0.3464953174078962,0.610733687877655,2.4,79.90274906158447,0.8826826699747634
06470800,-53.391456604003906,0.5412688255310059,0.5332885682582855,0.5196239352226257,-0.06364436447620392,-47.77500629425049,-26.12128244726567,6.258990681719231,0.39992790862204186,0.7179839611053467,0.5,46.58039013544719,0.7768581055787823
06477500,4.8851992934942245,0.40611910820007324,0.44215768575668335,1.065477967262268,0.08882104605436325,15.865465998649597,-8.257165353530265,3.2847980036502125,0.4643895386914072,1.4658554792404175,1.1428571428571428,53.87394087655204,0.7439338473595428
06479438,12.620590627193451,0.31061404943466187,0.35252833366394043,1.0379494428634644,0.13069169223308563,20.10236531496048,-32.01463851252508,-162.82305320384438,0.3709383515072603,1.5499844551086426,1.0,47.520897605202414,0.6970222837738634
06601000,40.482163429260254,0.1693408489227295,-0.07372283935546875,1.2501925230026245,0.019259754568338394,48.91684651374817,4.500028847103297,-874.0298707748201,0.523809556802455,1.0274074077606201,0.3333333333333333,81.1229493882921,0.5957601286041929
06614800,-22.86919355392456,0.7527861297130585,0.8585103452205658,0.9107083082199097,0.016945907846093178,-14.79940414428711,-11.946117338678238,-1150.5483736574313,0.8799085454268741,1.0331451892852783,1.3,24.469127655029297,0.9268539292389428
06622700,-7.308387011289597,0.7325337529182434,0.8804667741060257,1.1019076108932495,0.08343254029750824,-2.3330822587013245,24.53300787890809,18.199714644948468,0.7851825675324251,1.1833339929580688,1.0,22.66585350036621,0.9536317440478733
06623800,2.0490899682044983,0.7642621845006943,0.9038061127066612,1.1004846096038818,0.09535623341798782,5.556200444698334,8.284570042663109,12.442322350646512,0.7908494987235852,1.1800631284713745,0.5,18.19457769393921,0.9650136429156693
06632400,-12.483008950948715,0.7500717639923096,0.892556942999363,1.0204201936721802,0.08795773983001709,-4.7128405421972275,-13.149034481752754,-161.16374330288585,0.7916282523224805,1.2015808820724487,0.9,24.8567533493042,0.9513487009066762
06746095,-23.386240005493164,0.678925484418869,0.8146750926971436,0.787001371383667,-0.07481307536363602,-23.76825511455536,-6.904666999238139,-799.9581848991463,0.7245343209114792,0.8475981950759888,1.4,31.897592544555664,0.914638331675365
06784000,25.63568651676178,0.015524089336395264,-0.05448746681213379,1.238558053970337,0.3192896842956543,31.451302766799927,-30.116511020434444,72.32189238668433,0.44288465433357493,1.350343108177185,0.8125,49.81042742729187,0.6384377372904422
06803510,21.475239098072052,0.3246229290962219,0.7161440253257751,1.1578119993209839,0.01518067717552185,26.22736096382141,91.17185772653265,-149.4977265558216,0.794635406877118,1.0691864490509033,0.0,41.241367657979325,0.8882716497635116
06803530,14.981913566589355,0.33197498321533203,0.6204801201820374,1.1897220611572266,0.038112327456474304,20.05453258752823,86.10065203528279,-543.1299738906113,0.7158039010989652,1.155259609222412,0.2,69.82865651448567,0.8562383365256083
06814000,-12.169447541236877,0.5639165341854095,0.7546745538711548,0.8873125910758972,0.028405223041772842,-10.736069083213806,-27.717822876815667,-3.4536817669797673,0.7939103233368683,1.1127394437789917,0.16666666666666666,35.68841616312663,0.8693695268572843
06847900,34.588196873664856,-0.9844522476196289,0.03889584541320801,0.9432951211929321,0.22824974358081818,60.58483123779297,-43.60925209944549,-24.88487339887076,-0.5559942867660213,2.4789817333221436,0.5,63.75536918640137,0.5198793800851682
06853800,-5.426141992211342,0.05650228261947632,0.5149408578872681,0.9130279421806335,0.16273970901966095,3.4832097589969635,-60.2682032907546,-32.741661402311514,0.1065613739889224,1.8542050123214722,0.75,52.55927642186483,0.7530136916100398
06876700,-0.3120145294815302,0.32609158754348755,0.30435627698898315,0.9752493500709534,0.1099119484424591,-3.117983601987362,-33.45272033675651,-135.41182655326728,0.5189239818907476,1.3289718627929688,0.7692307692307693,48.353206194364105,0.6498585228533077
06878000,-28.575146198272705,0.4782993197441101,0.7102964222431183,0.7577806711196899,0.012873968109488487,-24.65936988592148,28.74391286855531,-227.4717357992119,0.7086940325759077,1.0546268224716187,0.4,48.2923158009847,0.8476685402147252
06879650,-3.075476922094822,0.25145262479782104,0.08693492412567139,0.9526565670967102,0.06643082946538925,1.165851205587387,-85.27595546526577,-360.81550777924963,0.42281441032404476,1.3233957290649414,0.5833333333333334,98.12325636545816,0.5242721295603264
06885500,-27.495944499969482,0.5768901407718658,0.7425037026405334,0.75385981798172,0.006143671926110983,-22.860628366470337,-6.299136641925163,-163.3796577806086,0.7201273901217382,1.0263310670852661,0.17647058823529413,51.630704543169806,0.8694229596666054
06888500,-13.201247155666351,0.5273949503898621,0.6072436571121216,0.9062982797622681,-0.0318169966340065,-16.238144040107727,16.258055809533246,-153.7720417112411,0.7456408036927125,0.8937941789627075,0.1111111111111111,51.172192891438804,0.7887207725582716
06889200,-35.98323464393616,0.5514379739761353,0.41719967126846313,0.506685197353363,-0.024920573458075523,-31.544876098632812,20.231282946421565,19.300079165704226,0.3831609825452712,0.8408105373382568,0.2222222222222222,49.4875431060791,0.6656504913691508
06889500,-28.20262610912323,0.554130494594574,0.6330473124980927,0.6645103096961975,-0.008400394581258297,-24.50152486562729,12.528253064947673,-158.18482730248996,0.6112447878043368,0.9557676911354065,0.2,51.30641460418701,0.8086344190778786
06892000,-10.588423162698746,0.5749841034412384,0.7704724371433258,0.8692652583122253,0.012661322951316833,-15.073972940444946,-24.31784793841375,-92.03458617142543,0.8153729519897821,1.045683741569519,0.47619047619047616,36.619672321137934,0.8778993450918157
06903400,29.06925678253174,0.5413886904716492,0.4861813187599182,1.087561011314392,0.022763973101973534,9.133045375347137,-48.50758197220183,-22.57378449059511,0.7422636100299917,1.0687201023101807,0.29411764705882354,39.46548349717084,0.7675378233973291
06910800,-9.064192324876785,0.566853255033493,0.7462150752544403,1.029958724975586,-0.005305167753249407,-12.544982135295868,-5.9526161313775985,15.794684354180403,0.8715614425312052,0.976959764957428,0.18181818181818182,50.625506314364344,0.8772478700319821
06911900,-17.02962815761566,0.5381253063678741,0.8095006346702576,0.8595061898231506,0.010324873961508274,-18.74311715364456,-25.642738204262166,-7.990222013393995,0.8204965421163355,1.0512595176696777,0.09523809523809523,52.14604423159644,0.900725418447339
06917000,-10.179230570793152,0.5091607868671417,0.8196654319763184,0.8737043738365173,0.05604257062077522,-14.0822634100914,-43.869904573867544,-27.001583633763016,0.70771665331619,1.246909260749817,0.2777777777777778,37.08394368489583,0.9077243991260907
06918460,46.120283007621765,0.49789273738861084,0.5006163716316223,1.3106597661972046,0.07256342470645905,44.5815771818161,-26.992764982412115,47.258300792701945,0.621653740584782,1.1537165641784668,0.3125,52.147376537323,0.8483173721978916
06919500,4.994683712720871,0.5140672922134399,0.7764039784669876,1.0201482772827148,0.11766154319047928,0.4241030663251877,-52.085089447548725,77.5391961602923,0.6176816804914169,1.3677409887313843,0.625,33.62577259540558,0.897394398002498
06921070,-12.225453555583954,0.5124443173408508,0.7887101918458939,0.8989279270172119,0.09300675243139267,-8.683623373508453,-43.932769833015314,-286.44270246714075,0.6644017161738293,1.3015879392623901,0.2222222222222222,26.99318461947971,0.8929702888843575
06921200,-22.018909454345703,0.38979899883270264,0.6953962445259094,0.8035616278648376,0.0931212455034256,-18.31095963716507,-54.34265592369041,88.14926079143767,0.5555470263926734,1.365116000175476,0.16666666666666666,43.577655156453446,0.8398728064408043
07014500,-6.775800883769989,0.341227650642395,0.7906526625156403,0.949694812297821,0.21799635887145996,-4.304089769721031,-32.29125294683735,35.89926596320793,0.5561072007154306,1.432985782623291,0.2222222222222222,28.252898322211372,0.9161339318136607
07056000,1.1763755232095718,0.6696429550647736,0.8854986131191254,0.9893971085548401,0.04895634576678276,6.396881490945816,-24.51273404779776,19.049112020904406,0.8386549867516918,1.150720477104187,0.14285714285714285,30.554689679827007,0.9434038007054789
07057500,34.48687195777893,0.6033118963241577,0.8062750995159149,1.2895488739013672,0.05925760045647621,33.69385302066803,12.352048778482915,-78.24659633347362,0.6930771424141762,1.0930695533752441,0.3125,39.831000566482544,0.9587550201160118
07060710,-17.0259490609169,0.27550870180130005,0.5974289774894714,0.7964986562728882,0.11694740504026413,-8.239905536174774,-33.41787742441442,-500.6681420691919,0.36897683870106035,1.5560543537139893,0.2,50.461877187093094,0.7818693306463181
07066000,5.921071395277977,0.6324957609176636,0.7190739214420319,1.1208080053329468,0.00970462616533041,2.1909236907958984,-13.271157574007528,-24.004474970670675,0.8295965944557401,1.0183405876159668,0.3157894736842105,34.12522014818693,0.8812297625056796
07067000,10.173335671424866,0.5701407790184021,0.6410434544086456,1.2492516040802002,0.09133287519216537,8.65664854645729,-4.801727779716537,15.394924687798875,0.6946038880471175,1.1334480047225952,0.2222222222222222,33.537091149224175,0.8845354898899973
07068000,2.9789410531520844,0.6468826532363892,0.8109482079744339,1.1086106300354004,0.024878952652215958,4.5159075409173965,16.11000938248291,-5.603651156761683,0.8611908073610761,1.0335423946380615,0.6111111111111112,25.417825910780167,0.9203342560046804
07071500,1.5362320467829704,0.5407962799072266,0.8281487077474594,1.0719459056854248,0.0909809097647667,8.06296169757843,-2.7444984954172025,23.14702981450371,0.8262614136248174,1.1398218870162964,0.14285714285714285,35.51114967891148,0.9261168289665853
07083000,-7.049320638179779,0.7354986071586609,0.8900716453790665,1.0041424036026,0.07007483392953873,-1.2255169451236725,-15.425194807158386,-69.51051466031227,0.8839610881441,1.103509783744812,0.8,17.505176067352295,0.9477162145001269
07142300,9.449952840805054,-0.1422710418701172,0.2885919213294983,1.0196086168289185,0.2416222244501114,20.618535578250885,-69.36624429763295,-59.181589681120926,0.1508018703940588,1.7863357067108154,1.0,46.55987024307251,0.679954500384886
07145700,10.503958910703659,0.5544436275959015,0.6782556772232056,1.084637999534607,0.03921310976147652,1.694546826183796,60.13813774009111,-149.27019934148282,0.7629473964525533,1.167945384979248,0.22727272727272727,52.41157358342951,0.8556923649020088
07148400,22.32041209936142,0.219715416431427,0.44424664974212646,1.1718229055404663,0.2285175621509552,23.77607524394989,-35.02942041297898,48.59965372997455,0.44473465223952424,1.4877398014068604,0.5294117647058824,46.216933867510626,0.7977467387684677
07149000,15.37172794342041,0.35417526960372925,0.505712479352951,1.1177870035171509,-0.0550508126616478,9.50547307729721,8.352614177245231,-0.48934295124265337,0.7429730636182337,0.9188212156295776,0.6842105263157895,45.83164516248201,0.7864606059847792
07151500,-13.038484752178192,0.4979131817817688,0.5952282845973969,0.904522716999054,-0.031694285571575165,-13.707150518894196,61.17402027582667,-258.9234215655705,0.7461867640595798,0.9121712446212769,0.5,48.70586395263672,0.7818455664032264
07167500,-16.71743243932724,0.5783767700195312,0.7195800840854645,0.7921608686447144,-0.0078047774732112885,-18.093211948871613,-5.466035850423796,-66.90159116180803,0.7405590457477769,0.9587144255638123,0.17647058823529413,49.59561965044807,0.850306962205123
07180500,-8.32277163863182,0.589193195104599,0.7271319925785065,0.9490722417831421,-0.031731974333524704,-12.844112515449524,19.537127030687024,11.144604209482404,0.7941859083235001,0.8598499298095703,0.21052631578947367,48.453657250655326,0.8581417552581253
07184000,-20.933930575847626,0.5502721071243286,0.7561888098716736,0.7888815999031067,0.03303353860974312,-18.428173661231995,-46.319228563362124,-46.58546579507954,0.7139838691600746,1.1464983224868774,0.2777777777777778,48.78313276502821,0.8744114266754326
07195800,22.051173448562622,0.3707113265991211,0.3689544200897217,1.2481915950775146,0.04166046902537346,16.61628633737564,8.9299098892697,87.92922339803354,0.653129785510143,1.0836842060089111,0.0625,91.34519696235657,0.7725866505726268
07196900,13.104298710823059,0.36809229850769043,0.572402834892273,1.0963830947875977,0.09316693246364594,11.838937550783157,-31.50990901311793,84.35632960463944,0.6434439462001584,1.2880018949508667,0.4090909090909091,58.994943445379086,0.8131914695598983
07197000,3.855063021183014,0.41970688104629517,0.7766530513763428,1.009572148323059,0.13506586849689484,4.708226770162582,-34.52241516376052,54.59733417200774,0.6293114373464554,1.3563834428787231,0.10526315789473684,50.327210677297494,0.8984656407882534
07208500,3.0783692374825478,0.5358668565750122,0.6947950124740601,1.1469060182571411,0.16567502915859222,10.499262064695358,14.149716699552814,-451.2332814366941,0.6712258543396858,1.2720999717712402,0.9090909090909091,36.418359929865055,0.8883189093149952
07226500,-62.36194372177124,0.03634244203567505,0.23717552423477173,0.3751126527786255,0.06598500162363052,-59.08855199813843,-85.91446826976122,-2090780078125.0,0.08397729629108108,1.4560943841934204,0.75,75.98190307617188,0.5094989197768716
07261000,2.983923628926277,0.6422188878059387,0.8766321688890457,1.0267242193222046,0.0913933739066124,4.66046966612339,-33.39661698825871,81.53545602189207,0.7494410648023349,1.2428317070007324,0.15789473684210525,18.783801480343467,0.9443371022662592
07291000,-26.282137632369995,0.5390788018703461,0.639323502779007,0.712253212928772,0.020435618236660957,-19.350628554821014,4.266179238178195,-16.589763598918918,0.6425632586679058,1.083814263343811,0.3157894736842105,40.24151500902678,0.8052232564076859
07292500,-19.31246817111969,0.49422192573547363,0.7110650837421417,0.8213174343109131,0.07681397348642349,-11.391876637935638,7.669373843590729,-12.209043875728756,0.6889482695585554,1.203609824180603,0.3684210526315789,47.954423804032174,0.8471315623598966
07299670,-31.942299008369446,0.17674177885055542,0.40635132789611816,0.5942636132240295,0.001153127639554441,-27.850809693336487,45.58536644353237,-533.481197985753,0.4569012262469403,1.0057744979858398,0.9333333333333333,103.95533879597983,0.6390278159316582
07301410,10.796073079109192,0.23556619882583618,0.08192610740661621,0.8529982566833496,0.06615948677062988,18.089598417282104,-30.183756847019893,-2.5276607734777983,0.4460299224727241,1.1087918281555176,0.5625,47.189563512802124,0.4770873185855768
07301500,-8.346328884363174,0.13966912031173706,0.3002099394798279,0.852026104927063,0.1530037224292755,5.114203691482544,-32.91081774716464,78.90147579994748,0.45793833780232396,1.3527337312698364,1.0625,37.65471577644348,0.6159251546561404
07315200,-8.545630425214767,0.14800482988357544,0.4221482276916504,0.9463858604431152,0.1024215891957283,-0.2204569522291422,-81.63994500547665,-1456.3418326869605,0.11225878018715263,1.8344261646270752,0.6363636363636364,52.31236111034047,0.7017669146789272
07315700,14.218278229236603,0.49630045890808105,0.49805551767349243,1.1795282363891602,0.08674142509698868,11.478399485349655,-58.542290029897636,-48.16357576977263,0.5056990376717776,1.4167946577072144,0.8333333333333334,49.808502197265625,0.8040784161856315
07335700,-21.25747501850128,0.40511465072631836,0.4722209572792053,0.7776116728782654,0.08297480642795563,-15.185214579105377,-49.122079846843874,-31.59236697162033,0.5378130284329063,1.2688332796096802,0.3157894736842105,55.039230145906146,0.6968681863930127
07340300,-3.3015724271535873,0.6172148585319519,0.7219902575016022,0.9683045148849487,0.016635356470942497,-1.6538633033633232,4.510032383473982,-640.7902874699674,0.8471042313652077,1.0442043542861938,0.16666666666666666,38.78193696339925,0.8571067274085791
07346045,-1.7700092867016792,0.6246390640735626,0.8305584788322449,1.0067236423492432,0.09081673622131348,5.795171856880188,-43.79404106720111,-26.57477397371146,0.7968260176533937,1.1866244077682495,1.0714285714285714,25.43856586728777,0.9199638196732958
07362100,-12.491868436336517,0.5603888034820557,0.7249892354011536,0.8627212643623352,0.06898581981658936,-4.652881249785423,-51.70685639038314,88.30433545492231,0.7169280702346679,1.2001354694366455,0.4,48.916727701822914,0.8542946121923874
07375000,9.103965014219284,0.46446287631988525,0.45335912704467773,1.0308375358581543,0.0076053026132285595,8.587689697742462,74.21717819136076,-1733.2486972363643,0.7328482607525326,1.0194154977798462,0.47058823529411764,67.2497132245232,0.7353452501633408
08013000,12.485386431217194,0.5501812398433685,0.7387813925743103,1.0910587310791016,0.12777934968471527,15.330055356025696,-29.683427151714987,21.235395226893715,0.6806413831184224,1.2862550020217896,1.3529411764705883,27.147800782147574,0.8915734926861358
08014500,8.272849023342133,0.5016670525074005,0.719944030046463,1.0884730815887451,0.11650431901216507,16.093958914279938,23.9173631848139,-39.787369012984556,0.7121194431419737,1.2468411922454834,0.9444444444444444,50.76495276557075,0.8811843669296548
08023080,-16.61948561668396,0.5113007724285126,0.686533510684967,0.8229762315750122,0.04669167101383209,-15.287338197231293,-63.20462780045476,67.31469384194943,0.6989382307429766,1.1742769479751587,0.42857142857142855,41.06384686061314,0.8299167270856732
08029500,-23.59337955713272,0.5701910853385925,0.5338658392429352,0.6373131275177002,-0.02537950500845909,-19.725412130355835,64.72006920201302,5.927098721723927,0.5444975931480539,0.914570152759552,0.42105263157894735,40.21007136294716,0.7380030221979698
08066200,-3.4991569817066193,0.4931332468986511,0.5853516459465027,1.0150090456008911,0.05994640290737152,-1.9798001274466515,-7.904609112856306,-5.267900777266736,0.6745662241216601,1.2544116973876953,0.2,63.22445869445801,0.7976227303650538
08066300,11.230561882257462,0.5042833983898163,0.6565767526626587,1.1310380697250366,0.12482665479183197,10.544157028198242,-1.553003789444373,-12.186434724449812,0.6611669497379585,1.2806687355041504,0.7368421052631579,36.70669354890522,0.8626612904417811
08070000,8.391604572534561,0.5327988266944885,0.5672236979007721,1.0625050067901611,0.08001426607370377,8.240102231502533,17.714729765672914,-681.0519899167017,0.6730762476813766,1.2518888711929321,0.5294117647058824,40.91969097361845,0.8011929062497997
08079600,-69.28769946098328,0.38397282361984253,0.2319294810295105,0.271452397108078,-0.04735040292143822,-70.83014845848083,-92.05070779318201,-12.00802612263348,0.05916596395854856,0.5914079546928406,0.9444444444444444,87.2464550866021,0.5670570312313714
08082700,-39.89247977733612,0.3312571048736572,0.48812490701675415,0.3944016695022583,0.012954140082001686,-34.26150679588318,-79.35709762018901,-5212.462138873225,0.3309219757075559,1.2171287536621094,0.4166666666666667,67.3306385676066,0.816230663541037
08086212,10.225588828325272,0.09947967529296875,0.5179518163204193,1.0017260313034058,0.09599699079990387,17.402927577495575,-86.77433882973365,-190.31830936584709,-0.01270751651128288,1.9848217964172363,0.4166666666666667,57.298171520233154,0.7639924490277543
08086290,-12.355633825063705,0.3417389988899231,0.7059885263442993,0.8971577882766724,0.04998202621936798,-8.496705442667007,-78.31463216788,-325.0986548934649,0.47193921080425105,1.493717908859253,0.7857142857142857,64.35025078909737,0.8434295588384007
08101000,-32.47799873352051,0.5468203127384186,0.6674850285053253,0.6544244885444641,-0.008159149438142776,-27.896490693092346,-54.47496747010116,-21.2974993795224,0.6154465258901438,0.9556301236152649,0.29411764705882354,48.56016495648552,0.8372417301584711
08103900,-36.183446645736694,0.5455964505672455,0.5101418793201447,0.6411672234535217,-0.01505072321742773,-30.618733167648315,-84.17257576409979,-100.17055577789532,0.5375544466010969,0.9231923222541809,0.5333333333333333,61.35631561279297,0.7185830336073225
08104900,-26.653757691383362,0.5101584196090698,0.449482262134552,0.4957219660282135,0.000402590463636443,-16.661469638347626,-38.37081358217074,-10.235430213666461,0.41385000150716333,1.0027220249176025,0.16666666666666666,59.23402706782023,0.7012223640112096
08109700,-31.959781050682068,0.5210379362106323,0.6864284873008728,0.7142107486724854,0.020281938835978508,-31.60005807876587,-17.418487642241786,-14.618332347584559,0.6615620429777354,1.0812559127807617,0.7333333333333333,48.874546686808266,0.8379437405799202
08150800,-15.675629675388336,0.27026158571243286,0.2047094702720642,1.0697122812271118,0.04462897777557373,-14.250576496124268,-54.015560159129365,-14.835799628810026,0.5305074756164256,1.2824006080627441,0.5,74.01595796857562,0.6314714056359186
08158700,32.84673988819122,0.48309534788131714,0.5592650771141052,1.1790558099746704,0.1407279223203659,37.177565693855286,-61.44583162599986,-68.25490677274254,0.49587199562280737,1.4414631128311157,0.5714285714285714,71.51267187935966,0.8350928087647266
08158810,-22.71307408809662,0.559895396232605,0.6009662747383118,0.6611880660057068,0.005126222502440214,-18.829824030399323,-50.782872698440194,-60.24621577424792,0.5982558019671615,1.0202831029891968,0.46153846153846156,65.06257423987756,0.785073338626347
08164000,19.87542062997818,0.5969134569168091,0.3893665075302124,1.2468833923339844,0.005220503080636263,2.8544966131448746,-19.88357060106606,-134.86515600526428,0.6685163927460118,1.0186752080917358,0.6190476190476191,48.77444221859887,0.7795885459634401
08164300,-28.894412517547607,0.5511053204536438,0.6915662586688995,0.7736223936080933,-0.013524598442018032,-29.232588410377502,6.394065430655196,5.500713520216357,0.7100968466673493,0.927844762802124,0.47058823529411764,59.80243682861328,0.8338956972820885
08164600,-6.523787975311279,0.5801813304424286,0.7251913547515869,0.9456696510314941,0.014164917171001434,-3.2159697264432907,441.3584506680124,45.52188045405857,0.82904930893178,1.0751152038574219,0.2777777777777778,43.91820165846083,0.8563683248474755
08165300,24.845419824123383,-0.15331697463989258,0.042072296142578125,0.8581052422523499,0.03942149877548218,38.56622278690338,48.17990629298928,-472.6009399463452,0.404936932447422,1.1906988620758057,0.2857142857142857,93.70642389569964,0.4544728456879414
08171300,-11.082569509744644,0.5807048380374908,0.6502470672130585,0.8366379737854004,-0.00027497156406752765,-8.144714683294296,-33.17415594609624,-38.04738457464879,0.7470854383614405,0.9989368915557861,0.16666666666666666,56.62162701288859,0.8069261962867021
08175000,0.7305056322365999,0.5557051301002502,0.5677920281887054,0.9227051734924316,0.03335766866803169,0.8498632349073887,-23.67306740218809,-9.430439988044954,0.6967635384971174,1.1814087629318237,0.8,39.7400156656901,0.7696335047983333
08176900,-12.104149162769318,0.4792777895927429,0.6417606174945831,0.980385959148407,0.008771701715886593,-12.531647086143494,15.578984551318475,14.073113339339075,0.8094712993558075,1.0512053966522217,0.7857142857142857,47.730837549482075,0.8175322425075461
08189500,-7.960539311170578,0.5334161520004272,0.7835019379854202,0.9712265133857727,0.052022457122802734,-6.987407058477402,-11.211616211268623,-12.161609471759736,0.6867533514831696,1.2920194864273071,0.15384615384615385,29.43723935347337,0.890363469492056
08190000,-18.68828684091568,0.4652506709098816,0.6453032791614532,0.903954803943634,-0.07993203401565552,-20.591507852077484,-16.17828510628829,-681.7202835979618,0.6628010690664888,0.7367482781410217,0.2,56.19254112243652,0.8124447540710199
08190500,130.5386185646057,-0.44129931926727295,-2.7018344402313232,2.444078207015991,0.21777783334255219,140.37489891052246,-10.349506650881594,-23.28698387489313,-1.6190765228286335,3.161288022994995,0.125,67.02422499656677,0.6790108317840121
08194200,-55.05303740501404,0.3979354500770569,0.26452940702438354,0.43109628558158875,-0.024714456871151924,-53.27978730201721,-81.7085874926654,-345.15809772767557,0.22675420665407975,0.7836846113204956,0.9090909090909091,75.0350605357777,0.5230668041868638
08195000,10.190001130104065,0.4041130542755127,0.29844921827316284,0.8551345467567444,-0.003838704666122794,9.655575454235077,-2.7971960150647406,-304.1106061473988,0.57626492917497,0.9849937558174133,0.5,73.53940010070801,0.6020801294993526
08196000,41.63488447666168,0.2764688730239868,0.1605718731880188,0.842302143573761,0.05113667994737625,38.42222988605499,-33.40518964179049,-201.17384362522236,0.39517491400685034,1.3296068906784058,0.07692307692307693,138.41426555926984,0.5180206764367339
08198500,-20.815233886241913,0.3336027264595032,0.36470746994018555,0.5052628517150879,0.025942642241716385,-12.970145046710968,0.44600535205648817,-6.0850350819238495,0.27975397103777455,1.353769063949585,0.2857142857142857,60.136577061244424,0.6142060838543429
08200000,-35.80687940120697,0.5090391933917999,0.288077175617218,0.3599148988723755,-0.013422248885035515,-29.85253632068634,-42.60940916218947,-9.515110086016712,0.22483911534103596,0.8770797848701477,0.2857142857142857,58.00595964704242,0.5804096269787196
08202700,26.32443904876709,-0.8487417697906494,0.4257904887199402,0.6416760683059692,0.10386599600315094,56.430596113204956,183892047.40524292,-2413207812500.0,-1.6742233691592658,3.6283397674560547,0.42857142857142855,61.11843926565987,0.6610241086125472
08267500,-30.606839060783386,0.6209226846694946,0.7970383763313293,0.666924238204956,-0.06463351845741272,-28.639930486679077,-22.279319088556893,56.88718520591499,0.6496846069965456,0.9137206673622131,0.625,31.844240427017212,0.9341419083225608
08269000,-4.983939602971077,0.7234241664409637,0.8995182067155838,0.8925313353538513,-0.030189434066414833,-5.2463192492723465,-8.610467823739532,-119.47997595570487,0.8723766825417019,0.9519713521003723,1.0,19.5218026638031,0.9506903025848996
08271000,-10.603055357933044,0.7031133472919464,0.8739159852266312,0.8430507779121399,-0.0936000719666481,-10.48506498336792,0.9160891079331437,-24.623787703506515,0.7960024175971039,0.8818478584289551,0.6666666666666666,27.224286397298176,0.9450270361503247
08324000,2.7911225333809853,0.45686542987823486,0.595840722322464,1.067886471748352,0.1294073760509491,7.46220126748085,-6.5352526495191,-715.0913560787341,0.7198884377260362,1.204276442527771,0.8461538461538461,58.07991027832031,0.8207653791776846
08377900,22.186565399169922,0.529012531042099,0.600948691368103,1.078308343887329,0.08255621045827866,19.810476899147034,-17.428843618854913,34.35362953205712,0.7658551865043455,1.1289926767349243,1.2727272727272727,35.971470312638715,0.8209679182009606
08378500,28.51061522960663,0.5603193044662476,0.554414838552475,1.2382184267044067,0.0996871367096901,30.678361654281616,13.200531127548713,-25.12257380782473,0.6833325401194068,1.1418473720550537,0.7,34.524433612823486,0.8469980903165604
08380500,-30.8534175157547,0.41316521167755127,0.4258527159690857,0.8265990614891052,0.06746610254049301,-19.87389177083969,-28.339226927390133,-139.33509316073417,0.6110327628023637,1.1213289499282837,1.0625,65.06330370903015,0.67364603258731
09034900,-3.5236570984125137,0.8094431757926941,0.9484202638268471,0.9679190516471863,0.01697453111410141,-0.5650482140481472,-25.840332808447513,-1077.1124909959485,0.9486826607526849,1.0304982662200928,0.9,15.960550308227539,0.9740358358929762
09035800,22.906887531280518,0.7430308163166046,0.872603639960289,1.2159318923950195,0.10846976190805435,20.24896591901779,-3.4111957930365326,-1578.559469465322,0.7299419848188312,1.1596859693527222,0.8,17.132508754730225,0.971625000402122
09035900,-1.1145145632326603,0.793969601392746,0.9336177483201027,0.9276716113090515,-0.09340925514698029,-3.3185765147209167,-4.629588632532262,-1790.4889302848326,0.8443644396681604,0.8651200532913208,0.7,19.6644389629364,0.9717434643836045
09047700,3.0259042978286743,0.6602948606014252,0.8492480218410492,1.0330334901809692,0.015360001474618912,6.729783117771149,12.839980233089745,-36.118486296171326,0.9181110626346805,1.0195939540863037,0.875,20.20651251077652,0.927676673524036
09065500,-29.23923432826996,0.7952863574028015,0.8985040634870529,0.7945541143417358,-0.06833548098802567,-26.926010847091675,-13.10501252215111,-12.684910126820299,0.7551537602802498,0.8713129758834839,1.0,35.57538986206055,0.9656296785725242
09066000,-3.7288397550582886,0.8186181038618088,0.9473196938633919,0.9953966736793518,0.005882456433027983,-3.552957996726036,-4.9217513895666105,-1002.0827808627487,0.9708505783686874,1.0113905668258667,0.5,15.676926374435423,0.9735660605355325
09066200,-24.950221180915833,0.7489551305770874,0.8528006672859192,0.8450525403022766,-0.042861804366111755,-20.13658434152603,-35.168104426989835,-707.0989576129508,0.8100318590623317,0.9167917966842651,1.4,37.871479988098145,0.9281976727013427
09066300,-5.644673854112625,0.7108616232872009,0.8718660026788712,1.0117825269699097,0.10388851910829544,1.3433514162898064,-31.55073501780974,86.69409578102403,0.7768822160917138,1.215146780014038,0.4,19.155821800231934,0.9420812586122665
09081600,-1.608249731361866,0.8275274038314819,0.9466011673212051,1.006508708000183,-0.012625145725905895,-1.1907153762876987,-10.205383785335572,35.847406801748335,0.9670713111116177,0.9814642667770386,0.45454545454545453,19.67067285017534,0.973573462845779
09210500,-19.5162296295166,0.6817562878131866,0.8097918480634689,0.765986442565918,-0.045470379292964935,-21.1630180478096,-5.117830775003304,58.9717770548748,0.7441318306250684,0.944087564945221,1.2,36.70112609863281,0.912936950187985
09223000,-3.669940307736397,0.725580096244812,0.9137494713068008,0.9688823223114014,0.06334874778985977,-0.08859049994498491,-31.855846140570282,87.4205881456275,0.873111286806057,1.115643858909607,0.6,17.187784910202026,0.9580603580394618
09306242,87.06854581832886,-2.0608694553375244,-4.302679538726807,2.309354066848755,1.3815133571624756,121.70437574386597,-10.118657573136923,-747.2690053333235,-1.3912194135686127,2.96755313873291,2.111111111111111,88.76849280463325,0.6363286405058539
09312600,-11.290419101715088,0.5842753648757935,0.819509968161583,0.9953208565711975,0.12923184037208557,-6.6480837762355804,-37.19929277358159,89.87066111175854,0.6750801730409561,1.3142974376678467,1.125,34.60642993450165,0.9177314139948078
09352900,-11.676852405071259,0.6795992851257324,0.8135254681110382,0.9332690238952637,-0.021999342367053032,-10.822069644927979,-12.247493891053681,11.646720940387022,0.8779711668784997,0.9687156677246094,1.0625,46.728694438934326,0.9027410492798373
09378630,4.92372028529644,0.2484074831008911,0.3606536388397217,1.183387041091919,0.24867267906665802,12.621919810771942,-84.39595220430176,-432.71010166948304,0.0653784305857319,1.8871753215789795,0.4,53.903837203979485,0.7702030897614707
09386900,-23.041310906410217,-0.046100616455078125,-0.11436820030212402,0.7918300032615662,0.1278250515460968,-7.284492999315262,-76.68368746213821,-172.7472272116226,-0.05290164573221845,1.788499116897583,1.4166666666666667,83.0233653386434,0.33401481195505084
09404450,38.98288309574127,0.2948039770126343,0.6154562830924988,1.43271803855896,0.26728537678718567,41.445180773735046,-13.648680010078754,15.250847704822872,0.44557092373117013,1.343827724456787,0.6666666666666666,37.50490347544353,0.9560773906414686
09430500,-11.101912707090378,0.3991336226463318,0.6708626449108124,0.8395351767539978,0.06048916280269623,-6.04226179420948,13.307988112083468,-485.6129052144686,0.714375701552652,1.154811978340149,0.5,45.45571804046631,0.8214908077252652
09430600,-46.458616852760315,0.5091394484043121,0.3291230797767639,0.3759826421737671,-0.0178601685911417,-44.21992897987366,-38.108212994869305,-25.849426182530895,0.2651464688983939,0.8960263133049011,0.6,67.92680740356445,0.6260995830717813
09480000,45.84974944591522,-0.3544731140136719,-0.43358075618743896,1.0507937669754028,0.11102057248353958,67.38448739051819,-7.6638249262050016,-8.203498954011563,-0.3940291544070822,2.2186245918273926,1.3333333333333333,98.0326255162557,0.3249508308523788
09492400,0.5600893404334784,0.5853770077228546,0.7455721795558929,0.9509060978889465,-0.019154950976371765,-3.419429436326027,1.9468851936991827,-154.8859180019118,0.8571287145446262,0.9777961373329163,0.875,42.708489298820496,0.8676784920512071
09494000,-13.17533403635025,0.5888714492321014,0.630751371383667,0.9211274981498718,0.05559217929840088,-9.410205483436584,-12.352128215713758,-306.7860817826271,0.7730783565746019,1.0842599868774414,0.7333333333333333,45.56577682495117,0.8046213539861675
09497980,-14.251115918159485,0.5158224105834961,0.8540460169315338,0.8585926294326782,0.04647982493042946,-12.973739206790924,35.423628981342276,-1292.8647066851786,0.6688858986964281,1.2905908823013306,0.5,35.52439212799072,0.9279067079774933
09505350,30.901405215263367,0.45417916774749756,0.13359230756759644,1.277795672416687,0.06053570657968521,22.744400799274445,-78.98450660383295,-20472.86465391232,0.49101825543908606,1.295636773109436,1.0,64.41887749565971,0.692606312575759
09505800,20.11425495147705,0.29915815591812134,0.43537747859954834,1.1499929428100586,0.10975424945354462,22.417545318603516,326.5480347401183,-3891.479979275603,0.44949855349461576,1.4769039154052734,0.3333333333333333,66.6025161743164,0.7695295785077428
09508300,-52.33805179595947,0.565104603767395,0.5697749853134155,0.4784092605113983,-0.02891889214515686,-49.29979145526886,-82.08051557908458,-97.96020764434034,0.41194018912754093,0.7838530540466309,0.4444444444444444,69.78776719835069,0.835567827363021
09510200,-40.292927622795105,0.6287173628807068,0.7144899964332581,0.6274844408035278,-0.029352040961384773,-37.79861629009247,95.65243385252211,-27.427764572417924,0.5492395703336355,0.7743790149688721,0.7272727272727273,83.783297105269,0.8837576057407246
09512280,-15.7647505402565,0.4012370705604553,0.4775247573852539,0.6311501860618591,0.016575021669268608,-9.426583349704742,15.8159086379916,-307.1123813765168,0.4686051115358263,1.2296724319458008,0.2222222222222222,65.0779883066813,0.6940900193721166
09513780,-20.09993940591812,0.502467542886734,0.540662407875061,0.5921288132667542,0.003621942363679409,-17.739911377429962,-72.75407962472727,-485.9578431008687,0.5210694796815731,1.0426267385482788,0.6666666666666666,63.159688313802086,0.7526166952156441
10172700,19.738973677158356,-0.05156886577606201,0.34464502334594727,1.2140644788742065,0.31685692071914673,23.81717711687088,-0.26929054329861724,46.898988208540615,0.6090890321260596,1.2510409355163574,1.25,40.7934695482254,0.7903187362124899
10172800,-19.68916654586792,0.6469367146492004,0.8286917507648468,0.8953092098236084,0.05085661634802818,-12.351472675800323,-6.078187911498638,-14.839380815832357,0.8521585847610296,1.0559866428375244,2.1,32.95048236846924,0.91189541251508
10205030,-13.213430345058441,0.5202663242816925,0.8093456625938416,1.0157049894332886,0.11119993031024933,-7.677141577005386,27.606265856450225,18.730216715269222,0.8384662249559374,1.134777307510376,1.1,22.00253963470459,0.9123553129554353
10234500,-31.65552020072937,0.6372297704219818,0.8401711285114288,0.7869228720664978,0.040027473121881485,-24.748069047927856,-17.613352714747684,-34.060083018321116,0.7675843301491734,1.0589585304260254,1.2222222222222223,24.90431202782525,0.9283126731296123
10242000,-24.575521051883698,0.601047694683075,0.7951516509056091,0.8277834057807922,0.03871731832623482,-16.72569066286087,-0.1375193530163097,-69.0823713835375,0.7796636791834719,1.08878493309021,1.4,56.97372436523438,0.8950868235031098
10244950,6.373625993728638,0.23807591199874878,0.3197486400604248,1.2281198501586914,0.21137769520282745,13.55288028717041,-7.2119908534937975,21.837165201262565,0.5993538142742718,1.2281196117401123,1.3333333333333333,55.60264587402344,0.7624286573685889
10249300,-41.477957367897034,0.550599604845047,0.6397368311882019,0.6192721724510193,-0.05713535472750664,-38.27600181102753,-19.209481918287267,44.79437538667208,0.5665972603460542,0.8834963440895081,2.142857142857143,49.66443266187395,0.828794993563654
10258500,104.96258735656738,-0.1613856554031372,-0.7301093339920044,2.0029876232147217,0.2124403566122055,109.43527221679688,-72.77186521070111,-1760430468750.0,-1.0623517737403363,2.7940406799316406,0.42857142857142855,165.15846252441406,0.830504557352089
10259000,20.126906037330627,0.16488289833068848,0.7117064297199249,0.899013876914978,0.16296669840812683,28.691205382347107,9.23128253748115,71.02713139771618,0.48119877745490025,1.4892704486846924,0.5,39.047637581825256,0.8601038259907487
10259200,43.43947172164917,0.2255643606185913,0.14207720756530762,1.308379054069519,0.08808683604001999,49.00902211666107,-68.48729977895243,-320.4725716996948,0.10038170858522943,1.7943263053894043,0.5555555555555556,91.88008838229709,0.7114499179940532
10263500,-54.043006896972656,0.6137573421001434,0.6035103797912598,0.46600621938705444,-0.10651951283216476,-48.849278688430786,-11.022839005365176,37.49773075229224,0.3704302635139268,0.6842501759529114,0.14285714285714285,48.72173922402518,0.8927118646817382
10316500,-9.56837311387062,0.6333123445510864,0.7907258719205856,1.039718747138977,0.10116662085056305,0.5328487139195204,-40.25285524390712,48.450428602150744,0.7710825862496669,1.2044708728790283,0.4,32.19831943511963,0.9050407161571894
10329500,11.550962179899216,0.49604886770248413,0.5452172160148621,1.1319003105163574,0.09911169111728668,10.237402468919754,-19.590642825822297,19.425768095382566,0.7076951459907661,1.179924726486206,1.0,52.485456466674805,0.8111309221658771
10336645,-13.661669194698334,0.7130769193172455,0.8658995926380157,0.900882363319397,0.025509074330329895,-12.3325914144516,-12.315451075808049,-742.3862365148254,0.8680482118794894,1.0536577701568604,1.0909090909090908,33.134109323674984,0.9313865014093754
10336660,1.851770095527172,0.6838243007659912,0.8767379149794579,1.0181320905685425,0.10382271558046341,1.7112940549850464,-18.035816211261103,31.355688179217,0.793354498612719,1.19834303855896,1.0,22.38954847509211,0.9449216050486778
10343500,27.082934975624084,0.6829794645309448,0.7703548520803452,1.2323449850082397,0.05454271286725998,21.33866846561432,-7.698751674805607,-10.210986995329547,0.7374814005936373,1.1001142263412476,0.9090909090909091,34.28707989779385,0.9299359959758748
10396000,-1.777542196214199,0.54775270819664,0.7387698888778687,1.1140395402908325,0.11978767067193985,1.6833312809467316,33.80125626652901,-66.35347148938473,0.7736743598729168,1.1649245023727417,0.5714285714285714,33.52969714573452,0.8950324471739333
11098000,-47.70723581314087,0.6672195196151733,0.7184250056743622,0.5196220874786377,-0.028240565210580826,-43.451640009880066,-38.612579789876136,-11.799197399842397,0.48384330129240083,0.8174111247062683,0.5,55.24170398712158,0.9518741088257493
11124500,-11.882420629262924,0.44838303327560425,0.7298734486103058,0.7902066111564636,0.08207787573337555,-3.3182483166456223,-58.86109080986191,-80.26343859872111,0.4987561210398379,1.4335482120513916,0.25,76.49123668670654,0.8611903893110568
11141280,-20.013821125030518,0.4570322036743164,0.5785261392593384,0.8104785680770874,0.008974948897957802,-9.422331303358078,47.19967711986848,-1000.1297824523584,0.6949025999362176,1.024776577949524,0.8,59.745144844055176,0.7621929951564091
11143000,-18.532826006412506,0.6982569396495819,0.7956559658050537,0.8737683892250061,-0.02699434570968151,-16.043150424957275,12.09294708030884,-10.600072665623278,0.8269266048261997,0.9501424431800842,0.5,32.87239869435628,0.892602585756985
11148900,-21.28807306289673,0.6660962402820587,0.7052825689315796,0.8383225202560425,0.011885656043887138,-16.182100772857666,-78.30104214828005,-89.01976854407505,0.7682446759917209,1.0440207719802856,0.0,40.71443731134588,0.8398966134521685
11151300,-29.592570662498474,0.27961045503616333,0.44874781370162964,0.6152692437171936,0.06830877810716629,-25.83940625190735,-38.566744467303785,-30.250606036392075,0.3342103121444173,1.4362895488739014,0.6,67.04849243164062,0.676102511327578
11162500,-15.151897072792053,0.6537240743637085,0.8352428525686264,0.9082329273223877,0.08444652706384659,-9.654908627271652,-10.638224741388044,39.215140181371524,0.728499196841037,1.2419596910476685,0.15384615384615385,26.204826281620907,0.917859885584079
11176400,4.812994226813316,0.2547788619995117,0.4108867645263672,1.1348472833633423,0.19725091755390167,11.788993328809738,-82.36696108999755,-209.02381355992574,0.11179060437021604,1.8460423946380615,0.2,37.84057140350342,0.7655977663723164
11180500,-28.195226192474365,0.5637112855911255,0.6418550312519073,0.7554266452789307,0.02192023955285549,-22.13643342256546,-50.80361780564786,-399.9363311711596,0.6750735374996677,1.0830495357513428,0.5833333333333334,55.57798544565836,0.8028608237692256
11180960,-19.727186858654022,0.6716441512107849,0.7400543391704559,0.7807233929634094,0.01193128153681755,-13.653916120529175,144.6969140919975,6.511380434730467,0.7379422121518557,1.046974778175354,0.46153846153846156,50.27538446279672,0.8644071388539945
11224500,77.5181531906128,-0.13520610332489014,-0.12251639366149902,1.423128366470337,0.21735712885856628,85.68004369735718,-72.13962052280938,-616.3501700441794,-0.6535294671224272,2.5671539306640625,0.4444444444444444,72.36722310384116,0.6851180511135939
11230500,12.39306703209877,0.5064745545387268,0.5821128189563751,1.303769588470459,0.2148439884185791,15.957434475421906,3.4662178927076717,-616.9796598439726,0.5281891906634129,1.3447372913360596,1.5833333333333333,29.103165864944458,0.8928287497058557
11237500,9.930773824453354,0.6695029139518738,0.7790368944406509,1.0916070938110352,0.029890520498156548,6.172052025794983,-43.901945925231495,-11.859663280700383,0.8514472778108013,1.0653865337371826,0.9166666666666666,32.085462411244706,0.90304303614926
11253310,-15.044429898262024,0.2002151608467102,0.50163933634758,0.7173882126808167,0.11115872114896774,-4.7951556742191315,-84.97428345092737,-548.9545855530116,0.11075945023179234,1.7941999435424805,0.25,57.64594078063965,0.7169350203620347
11264500,-7.378987222909927,0.7713246196508408,0.93410524725914,0.9632279276847839,0.028146056458353996,-6.296588480472565,-27.98570708307256,-400.53273655456866,0.9314791838553117,1.047411322593689,1.0833333333333333,22.818799813588463,0.9669079551448411
11266500,-8.335600048303604,0.7449657022953033,0.9193808287382126,0.950175940990448,0.005035371985286474,-7.365942001342773,-27.77323873851024,-564.8549648812503,0.9348839114294804,1.0082558393478394,0.8461538461538461,24.430135580209587,0.9588963596356831
11274500,-45.54842710494995,0.38921278715133667,0.5347277224063873,0.6032618284225464,0.04792766273021698,-38.74541521072388,-60.030631781151946,-1520084570312.5,0.4538163979995007,1.2770750522613525,0.5555555555555556,48.708995183308915,0.7467318304208215
11274630,10.316511243581772,0.18826305866241455,0.05521953105926514,1.275875449180603,0.19972936809062958,22.4886417388916,-74.150508790079,-238.65771421486812,0.08063486674597675,1.8146390914916992,0.3333333333333333,59.5170709821913,0.6752106291822848
11284400,-9.493889659643173,0.4130035638809204,0.719655454158783,0.9034268260002136,0.1297229677438736,-0.28208536095917225,-82.05991538678397,-167.34170514634323,0.35415525982922,1.6228947639465332,0.0,47.47704267501831,0.8593189297813598
11381500,-6.917145103216171,0.6116054058074951,0.8422814309597015,0.9107829332351685,-0.12739843130111694,-10.604410618543625,24.972102461553398,-129.42156884056362,0.812879235380827,0.8527553677558899,0.26666666666666666,29.948253631591797,0.9266957448381041
11383500,0.6737986113876104,0.7115901708602905,0.8947569206357002,0.9892210364341736,0.010975085198879242,-1.6158230602741241,7.042230350433429,-107.91880875070757,0.9434004485588418,1.016441822052002,0.15384615384615385,22.672620186438927,0.9469246794131472
11451100,3.025643713772297,0.509117603302002,0.6580705344676971,1.1337428092956543,0.17220017313957214,7.738619297742844,-4.34368181744571,-12.003804548843673,0.49908684291875327,1.4649417400360107,0.15384615384615385,25.94199547400841,0.870169224483967
11468500,-10.853786766529083,0.7506808042526245,0.8748844265937805,0.9338858723640442,0.025427471846342087,-7.864625006914139,-7.470638663517105,36.16909921270248,0.8864856148595217,1.0661810636520386,0.5384615384615384,19.839466535128082,0.9356998866669567
11473900,-22.917672991752625,0.692099928855896,0.8168739974498749,0.7947543263435364,-0.007359846029430628,-20.284855365753174,-37.959463508180036,49.07111494412084,0.7759186115837878,0.9850390553474426,0.15384615384615385,36.606755623450645,0.9113272746841233
11475560,-35.39321422576904,0.7100278735160828,0.7533097267150879,0.6986477375030518,-0.0902852788567543,-32.962530851364136,-1.9149358526817877,-14.927578249928985,0.6233747622457491,0.8003600239753723,0.16666666666666666,42.17109282811482,0.8942774216437072
11476600,-14.818690717220306,0.6937982738018036,0.7790687829256058,0.8930090069770813,-0.020927684381604195,-12.01636716723442,-11.782811845942248,46.98956739797086,0.835629456869485,0.9567466974258423,0.3333333333333333,35.64096689224243,0.8829540488636253
11478500,-39.776358008384705,0.6912689507007599,0.7423093318939209,0.6412292718887329,-0.13551482558250427,-37.69095242023468,-19.794254867194493,36.71280880403347,0.535081071324832,0.7171671986579895,0.3333333333333333,44.75509325663249,0.9137516297196979
11480390,-36.27505600452423,0.6813144087791443,0.7391928136348724,0.6513246297836304,-0.09540563821792603,-35.02649664878845,-47.992437461633614,85.24639018902236,0.569899693813937,0.7688454985618591,0.5384615384615384,43.59279779287485,0.900103273073102
11481200,-39.95408117771149,0.666507214307785,0.7195633947849274,0.6450211405754089,-0.11862698197364807,-38.26842904090881,-31.479474992228017,40.98526579642353,0.5619460549043155,0.767525851726532,0.2222222222222222,57.58103264702691,0.8912018448684216
11482500,-36.760565638542175,0.6324590444564819,0.7505310922861099,0.6483871936798096,-0.1748075932264328,-35.796985030174255,-30.574901975077484,67.82196545959823,0.5304895681208832,0.6976591348648071,0.125,47.051817178726196,0.9265256415866183
11522500,-34.018173813819885,0.6703819036483765,0.737966388463974,0.707309365272522,-0.0316505953669548,-30.16696870326996,-17.66578954224838,22.556272566634192,0.6791649936358946,0.9564130306243896,0.4375,44.63220536708832,0.8760344009326326
11523200,-9.906980395317078,0.7654789686203003,0.8944725319743156,0.9363681077957153,0.00687830988317728,-7.465733587741852,-3.8668183410375234,-1.8356917930629455,0.9158819651685044,1.0096594095230103,0.375,29.559999704360962,0.9458380033041451
11528700,-23.997609317302704,0.7368944883346558,0.8574598878622055,0.7756844758987427,-0.07616662234067917,-21.869003772735596,-24.236551120665386,50.906592268337725,0.7311316915625751,0.8626337051391602,0.15384615384615385,26.480845304635853,0.944293501587469
11532500,-4.150747135281563,0.7795826196670532,0.9050478711724281,0.9743986129760742,-0.009292406029999256,-3.303699567914009,7.973513012395252,-22.5513318028102,0.9432403882060995,0.9848608374595642,0.3125,22.90636897087097,0.9516571797365966
12010000,-14.38876986503601,0.7011345624923706,0.8897193893790245,0.9072301387786865,0.05587850883603096,-11.635429412126541,4.001656681689187,6.6986777735477325,0.8605216743258134,1.0888699293136597,0.23529411764705882,26.330036275527057,0.9456852520429502
12013500,-13.836883008480072,0.7507577985525131,0.8875042051076889,0.8668673634529114,-0.009174040518701077,-13.430739939212799,-22.850090505872146,23.86902620732438,0.8553527304691334,0.9853107929229736,0.23529411764705882,26.347839131074792,0.9453853420389342
12020000,-38.288718461990356,0.6431287527084351,0.5387156903743744,0.5796619057655334,0.024866940453648567,-30.392080545425415,-23.368702091902662,8.515500600685987,0.5098106384581969,1.059989333152771,0.5,32.76544639042446,0.755045358051775
12025700,-28.27700674533844,0.678750216960907,0.8331985771656036,0.7565842866897583,-0.11993245780467987,-27.572080492973328,21.433602610923263,-26.043901468710583,0.6915121049963582,0.8207720518112183,0.16666666666666666,32.50109884474013,0.9384295974880499
12035000,-9.810235351324081,0.7199377119541168,0.9037333428859711,0.9086505174636841,-0.12062245607376099,-11.12421229481697,10.123619781062125,-22.387577514514774,0.8053971292455534,0.8329806327819824,0.11764705882352941,25.961239197674917,0.9596257468141867
12040500,-19.109158217906952,0.6928429901599884,0.8469732105731964,0.7884114384651184,-0.056966330856084824,-18.63682121038437,-26.897111549329882,29.744255938995057,0.7640882737383465,0.9196915626525879,0.3181818181818182,37.1225270357999,0.9334028671325129
12041200,-24.961668252944946,0.5163861215114594,0.751604825258255,0.7527875304222107,-0.21065247058868408,-23.66723120212555,-8.99055995706455,37.79722485778615,0.6413497716741967,0.7581188678741455,0.34782608695652173,43.91193804533585,0.9050816188248221
12048000,-16.56622886657715,0.45830488204956055,0.7074481546878815,0.8410958647727966,0.11165589094161987,-15.13691246509552,-25.177906576060106,-27.56880249054518,0.758485225194044,1.10064697265625,0.631578947368421,30.281051836515726,0.8485105642217968
12054000,-24.57701861858368,0.5584264695644379,0.7878512144088745,0.7753373980522156,-0.1129019483923912,-25.361132621765137,11.790652356771572,-14.760299197750143,0.7190715153389688,0.8613507151603699,0.3333333333333333,40.00027974446614,0.9039588390665039
12056500,-21.26491069793701,0.5729779601097107,0.7667459547519684,0.7436421513557434,-0.13707596063613892,-24.0640327334404,3.078499553558716,-4.550445904153268,0.6703170630826215,0.8184255361557007,0.47619047619047616,42.80509494599842,0.8999889685454058
12073500,0.7372386753559113,0.5533178448677063,0.8029346466064453,1.0633869171142578,0.04596131294965744,4.583791643381119,82.16958523190674,-36.458251591412285,0.8716717056255061,1.0662598609924316,0.5,29.019813537597656,0.9102231616892164
12082500,-13.832688331604004,0.5544357597827911,0.8067260682582855,0.8508503437042236,0.008392641320824623,-14.9660125374794,-12.009567636415772,18.65326089174445,0.8200107867193192,1.007595419883728,0.35,22.828083038330078,0.8995370390589644
12092000,-17.429670691490173,0.5341330170631409,0.7409801781177521,0.7863408923149109,-0.13765041530132294,-21.566064655780792,-28.684929716850398,16.3655270549136,0.7288316431120165,0.887754499912262,0.56,31.909393310546875,0.87637552349719
12114500,7.6902322471141815,0.6135115921497345,0.7817907184362411,0.991893470287323,-0.006032314617186785,3.7476330995559692,-12.171806133849081,12.945934945126321,0.889542349412741,0.9931221604347229,0.47619047619047616,27.64387811933245,0.890055140765069
12115000,9.444012492895126,0.5864006280899048,0.7497873902320862,1.060131311416626,0.060971178114414215,10.784375667572021,-7.511376549682866,16.366635522815557,0.8511384928346795,1.0736336708068848,0.8,24.485418796539307,0.8854484560280794
12115500,2.409503608942032,0.5989716947078705,0.8256698250770569,0.945101261138916,0.058752141892910004,5.157254263758659,-20.26130517701319,36.54245410675955,0.8667812906046877,1.0827438831329346,0.38095238095238093,21.75343150184268,0.91119232686024
12117000,9.058211743831635,0.6940408647060394,0.8316050916910172,1.1083132028579712,0.01846717856824398,6.621075421571732,-0.5748756356421434,-17.849687386414036,0.8696805553571909,1.0166727304458618,0.4,24.90746021270752,0.9294774660258313
12145500,-4.254996031522751,0.7443988621234894,0.9160653576254845,0.9356095194816589,0.03225593641400337,-7.587224245071411,-22.27450654135959,-8.863170372282536,0.9093727910209873,1.0479177236557007,0.19047619047619047,23.9837646484375,0.9579161695469782
12147500,3.9388414472341537,0.5448029041290283,0.7880720496177673,1.0574668645858765,0.09331169724464417,6.4974866807460785,2.4176375383729245,3.560637846609803,0.848938598561846,1.102867603302002,0.16,28.34920883178711,0.9054729527064892
12147600,-27.581170201301575,0.4042012095451355,0.7232111096382141,0.778037965297699,0.12665864825248718,-21.98871374130249,-33.86122841621369,23.018380783805206,0.6609237030643648,1.2173367738723755,0.3181818181818182,38.49007866599343,0.8640944555319927
12167000,0.825822539627552,0.6060847342014313,0.8160464912652969,1.052490234375,0.04111252352595329,4.352745041251183,8.487409576713723,7.2676901984648214,0.8886136622537675,1.048779010772705,0.36363636363636365,22.75472337549383,0.9147222207148212
12175500,15.503990650177002,0.6926188468933105,0.7833532094955444,1.0405099391937256,0.025689564645290375,6.923446804285049,-11.337817645597754,-49.653603210959666,0.8867200437111131,1.0241292715072632,0.42857142857142855,34.36081750052316,0.89699965252553
12178100,12.847483158111572,0.6348346769809723,0.7670872807502747,1.0295953750610352,0.0090475557371974,3.8956958800554276,-8.72043442049934,3.1889793615694133,0.8831496773773816,1.00946044921875,0.5416666666666666,25.82542101542155,0.8873562626126684
12186000,1.7729680985212326,0.563444197177887,0.664188027381897,0.9191492199897766,0.06996428221464157,1.1073186993598938,-13.366590243716796,19.710696776115363,0.7877333418679883,1.0859261751174927,0.2857142857142857,24.914087568010604,0.8235432688845541
12189500,5.703025311231613,0.596055805683136,0.7937564253807068,0.9778828024864197,0.0070825121365487576,0.03015143156517297,-18.279434992557956,-1.9965930101093745,0.8923235030657797,1.0065245628356934,0.34782608695652173,32.491346027540125,0.8948216388891065
12358500,-1.8100587651133537,0.779575988650322,0.9305092617869377,0.9835720062255859,0.04702570661902428,-2.064126916229725,-17.73751074292787,29.42923350329313,0.9249986156186457,1.0647684335708618,0.6153846153846154,27.109553263737606,0.9659356683252948
12390700,-13.80704641342163,0.7145250141620636,0.891492024064064,0.8907212018966675,-0.004116004798561335,-15.380407869815826,2.972558758973664,-2.0411849056437044,0.8778900043981002,0.9943732619285583,0.5833333333333334,27.595641215642292,0.9458028125299617
12411000,-31.572261452674866,0.6619945764541626,0.7522789090871811,0.8103544116020203,-0.026654914021492004,-26.543644070625305,6.751747424038716,8.081333817369488,0.7663481813315662,0.959121584892273,0.2857142857142857,28.179608072553364,0.8697821888275991
12414500,-12.458131462335587,0.7578441053628922,0.9047064930200577,0.9627246260643005,0.020245205610990524,-10.300227254629135,10.249146869472218,36.04021911915167,0.9334604682484637,1.026081919670105,0.5333333333333333,25.757721265157063,0.951442927909627
12447390,-15.84138423204422,0.6355130970478058,0.7814337760210037,0.8690290451049805,-0.016093874350190163,-12.656059861183167,-20.74980437834443,68.56855427527552,0.8228648368469761,0.9712088108062744,0.9166666666666666,40.6001091003418,0.8842652065109794
12451000,-2.1117959171533585,0.730636328458786,0.8898192420601845,0.9033488631248474,-0.0442495159804821,-4.241037368774414,-2.334429911663189,-914.0113306931053,0.8778279729236157,0.9491163492202759,0.3333333333333333,24.206331041124134,0.9452696060308317
12488500,-9.850575774908066,0.689397931098938,0.8228915184736252,0.9015985131263733,-0.03072761930525303,-11.427827924489975,8.565971009489202,22.252314413486683,0.8603938963065367,0.9641813635826111,0.8333333333333334,31.29974471198188,0.9076742893082952
13011500,-18.354789912700653,0.7576611638069153,0.9146227464079857,0.8777585029602051,0.03737254440784454,-13.512425124645233,-15.183018092591634,32.448300157871174,0.8527610955697685,1.07204008102417,0.9,26.476633548736572,0.9606739513132112
13011900,-9.22595039010048,0.739625096321106,0.8844127207994461,0.9717989563941956,0.035639598965644836,-6.53848871588707,3.635140786801325,35.324387777847264,0.9165232912826907,1.0525505542755127,0.8,19.96399164199829,0.9415919416248545
13018300,-18.908345699310303,0.6863515377044678,0.8643119782209396,1.0306004285812378,0.058798983693122864,-11.699579656124115,25.523464065276112,-9.614158310476025,0.8995261970244924,1.0714224576950073,0.8,26.8378758430481,0.9363020299239405
13023000,12.122107297182083,0.797800287604332,0.9383197985589504,1.1167601346969604,0.024920308962464333,10.208605229854584,11.49393532419316,27.989193808063867,0.8783716554582951,1.0266392230987549,0.9,17.70708441734314,0.9787661370872349
13083000,4.080979153513908,0.353193461894989,0.6686742305755615,1.132977843284607,0.3022783398628235,7.445947825908661,-4.257765919073269,59.15948622122864,0.7630747365735266,1.1697897911071777,1.1333333333333333,30.432100296020508,0.9019087135324484
13161500,-2.167501673102379,0.684339851140976,0.9112708047032356,1.0056116580963135,0.12835361063480377,1.7792684957385063,-27.07793157357326,56.82318359222691,0.7673164080462992,1.2298274040222168,0.5454545454545454,27.52089500427246,0.9640900067071139
13235000,-0.29918195214122534,0.7153067886829376,0.9106979444622993,1.0119879245758057,-0.0905797928571701,-0.6893548648804426,25.980126204599802,-17.680401784883237,0.8889970261190706,0.8971498012542725,0.7272727272727273,26.0657245462591,0.9600026689297968
13240000,-16.490869224071503,0.7881858944892883,0.8707872033119202,0.9368427395820618,0.01209871657192707,-10.327736288309097,-8.775854308281412,59.761264094981655,0.9053003578329133,1.0228686332702637,0.3333333333333333,34.138671557108566,0.9332451627563576
13313000,-16.615454852581024,0.7598999291658401,0.9092768207192421,0.9187660813331604,0.010153742507100105,-12.467709928750992,4.9165874904775,18.489960873349993,0.9051436336210954,1.0175501108169556,0.45454545454545453,23.001443256031383,0.9542750143690472
13331500,-6.93441703915596,0.7910366505384445,0.9311333149671555,0.936587929725647,0.0195024237036705,-8.71877670288086,-2.6880241288934053,23.691014864967944,0.9227565902912198,1.0275874137878418,0.4166666666666667,23.102341095606484,0.9655850572068267
13337000,-8.418512344360352,0.7997423261404037,0.9187076315283775,0.8875409960746765,-0.010272144339978695,-12.929955124855042,-2.8255092127040684,45.81006638107744,0.8802562061997856,0.9858350157737732,0.5384615384615384,22.87900814643273,0.9613878022943129
13338500,1.5348311513662338,0.6963642239570618,0.883553758263588,1.0149600505828857,0.12701673805713654,-3.538382053375244,-8.754401560557918,65.04732188592928,0.8275922109067558,1.1645280122756958,0.9230769230769231,27.371446902935322,0.9506930450830051
13340000,-18.541687726974487,0.7880184352397919,0.9215874150395393,0.8835094571113586,-0.005340881180018187,-17.118538916110992,-4.4685711656796725,48.67467414133017,0.8776806200882102,0.9931756258010864,0.5384615384615384,23.257057483379658,0.9633201412719791
13340600,0.30911494977772236,0.7329076826572418,0.8993605300784111,1.0208518505096436,-0.0014332587597891688,-3.5561081022024155,28.4636511710773,47.427669702021085,0.9466505368154593,0.9983502626419067,0.3333333333333333,20.199410120646156,0.9509220628076989
14020000,-19.488361477851868,0.6583601236343384,0.7606048732995987,0.8773658275604248,0.013985485769808292,-17.638948559761047,-5.21622501199326,-25.2004612237494,0.8220834759901442,1.0172059535980225,0.375,26.147806644439697,0.872253749853106
14137000,11.122510582208633,0.5849145948886871,0.7416462898254395,1.1366556882858276,-0.012689446099102497,12.62134313583374,30.137325997865368,-32.69725185507283,0.8270309151819304,0.9880571961402893,0.42105263157894735,27.532632727372018,0.8946392074920859
14138800,3.500468283891678,0.5938036441802979,0.7664991021156311,1.0016840696334839,0.06155473738908768,2.0331859588623047,-13.723876101460148,36.442613708464336,0.8528531109094661,1.0922069549560547,0.3157894736842105,25.61632959466231,0.8853385490401262
14138870,3.9211131632328033,0.6476942002773285,0.8219572007656097,1.044165015220642,0.09374517947435379,4.167294502258301,-6.800065080568642,23.06205520027013,0.8481604186060607,1.1211878061294556,0.15,16.470221281051636,0.9198861712687713
14138900,-10.219283401966095,0.6493827700614929,0.8176927864551544,0.9205836057662964,-0.05490273982286453,-10.750540345907211,13.720107845186297,-48.30544010902057,0.8583647667076335,0.9298136234283447,0.2,23.252172470092773,0.9060454994135894
14139800,-6.962826102972031,0.7003375291824341,0.8336337059736252,0.9245280623435974,-0.03213879466056824,-4.4662874191999435,-8.135631229239987,9.449524041940489,0.8779788170800995,0.9582926034927368,0.2857142857142857,27.643274125598726,0.9136654832402137
14141500,8.298642933368683,0.6747413277626038,0.793968066573143,1.0429155826568604,0.01511566061526537,6.664695590734482,-0.15589319868940912,-12.660629671508708,0.8917204834106807,1.0179142951965332,0.2,31.628222465515137,0.9022156223845018
14154500,-8.86920914053917,0.7374415993690491,0.9064898788928986,0.9235644936561584,0.03144200146198273,-7.461275160312653,-24.051260002036816,34.91637743290205,0.8982011471030882,1.0481511354446411,0.3684210526315789,25.583041341681227,0.9530735897763373
14158500,17.094822227954865,0.5115102231502533,0.672401487827301,1.0669339895248413,0.014852012507617474,7.442912459373474,6.420293061340409,-12.494624856277161,0.8343486623675814,1.0078953504562378,0.6111111111111112,19.45686870151096,0.8486795778922384
14158790,-4.538538679480553,0.6265650689601898,0.7693733721971512,0.9431695342063904,0.017331477254629135,-7.006245851516724,-20.465890921119833,27.243997421810136,0.8647466040661025,1.0238746404647827,0.5882352941176471,33.537157844094665,0.8796098807542314
14166500,-9.619399160146713,0.7441278100013733,0.877487801015377,0.9474519491195679,0.04500281810760498,-5.968938395380974,-6.697183203953467,39.03865975311393,0.8883822278499702,1.0764029026031494,0.6,39.09660975138347,0.9378725030102038
14182500,-15.928241610527039,0.6745786070823669,0.7957055866718292,0.9053648710250854,-0.05070360004901886,-12.289885431528091,1.3242967040113947,29.369721579417007,0.8424189495918005,0.9326015710830688,0.47368421052631576,32.770688910233346,0.8935414090306368
14185000,4.075696691870689,0.7441733777523041,0.8775953128933907,1.0440144538879395,0.028647450730204582,2.273358963429928,-14.826026913382142,24.785158040176146,0.9189034266564018,1.0368231534957886,0.2777777777777778,28.247780270046658,0.9426987135951936
14185900,-4.69389520585537,0.7298256456851959,0.8642135262489319,0.9392343759536743,-0.018515020608901978,-5.7220809161663055,-15.6529020795053,19.957551513121288,0.9037777853447758,0.974564254283905,0.3888888888888889,27.30560302734375,0.9298624468114064
14222500,8.823247998952866,0.7572470605373383,0.8796539902687073,1.07271409034729,0.02838369458913803,8.883500099182129,-4.0852842825047215,16.491185381527842,0.9032271256188789,1.0352369546890259,0.3888888888888889,24.739315774705677,0.9467458235891876
14236200,-11.159370094537735,0.7007332444190979,0.8807404637336731,0.9128046631813049,-0.0452110581099987,-11.09941303730011,16.824393332717637,3.764277575591499,0.8778881247954919,0.9391453266143799,0.3157894736842105,24.948644638061523,0.9399584141601409
14301000,-8.833633363246918,0.8059181571006775,0.9309873282909393,0.8923965096473694,-0.03886653110384941,-9.570251405239105,-15.037733662569707,47.9450705863562,0.8731546745682148,0.9405908584594727,0.8666666666666667,18.586727778116863,0.9686666415900818
14305500,-6.205013021826744,0.7683167606592178,0.8997156918048859,1.0034781694412231,0.026631593704223633,-4.775688052177429,22.99150122886614,8.93468421458095,0.93684984711558,1.0389204025268555,0.2,20.490256945292153,0.9503910651816498
14306500,8.443260192871094,0.7785218358039856,0.8600470721721649,1.0824016332626343,0.0590578094124794,6.797468662261963,-0.416343192975912,8.520229074193622,0.8665495836247233,1.0862020254135132,0.3125,37.693873047828674,0.9400984534340467
14309500,-20.86602747440338,0.6888587176799774,0.8342772275209427,0.8204184174537659,0.011973031796514988,-18.238389492034912,-28.827307047170176,46.97067627443415,0.8014493472260666,1.0238763093948364,0.2857142857142857,38.413708550589426,0.9187427616957897
14316700,0.3498260863125324,0.7547510862350464,0.8991434872150421,0.9929766058921814,0.010914668440818787,1.8417518585920334,-10.002290690367438,8.841991917531471,0.9461622282401909,1.0166935920715332,0.16666666666666666,24.040648672315807,0.9492998857297461
14325000,-16.980470716953278,0.7035719454288483,0.8133204728364944,0.8247673511505127,-0.02919572964310646,-17.711663246154785,-28.87202422578521,26.422495347270257,0.7947191766498827,0.9491040706634521,0.3125,27.583083510398865,0.9059609677343314
14400000,-13.687288761138916,0.7619734108448029,0.8944622129201889,0.9258279204368591,-0.023563656955957413,-11.453121900558472,3.67020138050495,-5.453281739711939,0.9002887974741741,0.9605740904808044,0.375,25.938129425048828,0.9462745481079073
