basin,NSE,Alpha-NSE,Beta-NSE,FHV,FMS,FLV,KGE,Beta-KGE,Peak-Timing,Peak-MAPE,Pearson-r
01013500,0.905875451862812,0.9999104142189026,0.01364878285676241,0.3626991529017687,2.942641446696494,-80.63853153187796,0.9503515021837435,1.0160770416259766,1.411764705882353,15.441141409032486,0.9530266666889046
01022500,0.8634249269962311,0.9416033029556274,-0.044749077409505844,-3.533080965280533,0.1274828644970486,25.124726139010285,0.8934954801509334,0.9444830417633057,0.36363636363636365,25.48460526899858,0.9303515551449055
01030500,0.8945556357502937,1.0569013357162476,0.06242741271853447,12.743549048900604,-12.210225379579224,43.412065964572534,0.8918615868269093,1.079329252243042,0.9047619047619048,17.959682146708168,0.953491676703403
01031500,0.8692152947187424,0.8849924206733704,0.048908449709415436,-11.792173236608505,-20.41348839739074,33.177633765360255,0.8451465053267067,1.0807420015335083,0.22727272727272727,27.797295830466528,0.934933951262401
01047000,0.8502795249223709,0.9024434089660645,-0.02341497875750065,-8.112355321645737,-9.170081085946725,3.154084980259084,0.8703352764558736,0.9638253450393677,0.09090909090909091,25.707244873046875,0.9226239932789797
01052500,0.8235645443201065,0.8227130770683289,-0.05100516974925995,-20.584870874881744,-5.874865986984404,-31.284638565315458,0.7866699179665246,0.9188270568847656,0.13043478260869565,33.812392276266344,0.9134550743033426
01054200,0.6827767491340637,0.8646335601806641,0.017226293683052063,-17.75558888912201,-9.769779041535276,6.855169660665887,0.7785283532930071,1.0301449298858643,0.34782608695652173,41.10927167146102,0.8273242910310732
01055000,0.746534138917923,0.8982238173484802,0.010257171466946602,-11.861621588468552,-9.138390691389791,36.87757339024398,0.8298638750098826,1.017041802406311,0.13043478260869565,39.61471889329993,0.8647317973717341
01057000,0.8266140073537827,1.0046963691711426,0.07844378799200058,1.975875161588192,-10.326136073887094,55.48028600564735,0.8553728068328543,1.1181961297988892,0.14285714285714285,25.155426207042876,0.9167855540150669
01073000,0.9000820368528366,1.0467796325683594,0.06347697228193283,6.58007487654686,-13.411751330740573,45.54480096655635,0.8663554393035643,1.1169161796569824,0.15789473684210525,18.82239266445762,0.9552435310270259
01078000,0.8227871805429459,1.0764515399932861,0.1081148236989975,10.393394529819489,0.1768642040647356,36.70492351520668,0.8103530337632416,1.1569077968597412,0.38095238095238093,35.07104374113537,0.9258307535424329
01118300,0.8628502190113068,0.8402407169342041,-0.028394946828484535,-13.771869242191315,-19.520694262554038,58.97300125333813,0.8222830454529398,0.9586302638053894,0.05263157894736842,21.70341893246299,0.9340543228484758
01121000,0.8015413135290146,0.7768017649650574,0.005122654139995575,-22.435933351516724,-13.471975775409547,67.55375482813116,0.7570330429819158,1.0080615282058716,0.2,31.985225677490238,0.9043417445125617
01123000,0.8558899164199829,0.9505561590194702,0.0903002992272377,-7.377859205007553,-6.165456422871957,-12.590594599296907,0.840406780225619,1.1345114707946777,0.10526315789473684,25.901601189061214,0.92977203824901
01134500,0.8013188242912292,0.9571322202682495,0.015423165634274483,-5.0667233765125275,-8.594013937161703,44.775008305593246,0.8867724203583157,1.0208423137664795,0.25,30.785497029622395,0.8972944197755366
01137500,0.7510455697774887,0.9196884036064148,-0.07562721520662308,-9.612144529819489,11.472774636074906,-6.440067880335351,0.8205905124657522,0.9042601585388184,0.08333333333333333,37.22875912984212,0.8712689064017435
01139000,0.8609899431467056,0.988753080368042,0.07008221000432968,-2.7584966272115707,-5.84673420515475,36.50972885754988,0.8961979712169338,1.0778368711471558,0.047619047619047616,19.782699857439315,0.9322520150241068
01139800,0.6674312949180603,1.0650969743728638,0.13708187639713287,4.360579326748848,-11.603480686008133,48.149306654251454,0.7876229914821007,1.1405390501022339,0.56,49.383338928222656,0.8546894598768816
01142500,0.817189946770668,0.9931135773658752,0.05053367465734482,-2.4173714220523834,-2.1047810010455974,-373.2100652659778,0.891709132127884,1.0587170124053955,0.38461538461538464,35.00329897953914,0.9092707230163002
01144000,0.8831131234765053,0.9913948774337769,0.018465904518961906,0.18608696991577744,4.262621491877436,-542.4301595345125,0.9367863429801323,1.021710991859436,0.16666666666666666,23.398605982462563,0.9412586080184914
01162500,0.8569526523351669,0.9560920596122742,-0.02144716866314411,-1.8357612192630768,-17.203805263944822,48.228505463062426,0.9099505334223507,0.9722513556480408,0.6666666666666666,21.268204280308314,0.9264404191253405
01169000,0.7224274277687073,0.7951183915138245,-0.03895419463515282,-21.4306578040123,4.315218552804525,8.714139967005009,0.7407501942895842,0.9402762651443481,0.2727272727272727,43.85017915205522,0.8528026367087453
01170100,0.7454470098018646,0.8171507120132446,-0.034048501402139664,-18.52080225944519,-9.897455152000747,31.6750772087616,0.7686381456312722,0.9555015563964844,0.4090909090909091,42.98420385880904,0.865410497970541
01181000,0.7642747908830643,0.7013186812400818,-0.031208526343107224,-27.623936533927917,-5.2952895073094295,10.942061832415567,0.679292428863153,0.9463695883750916,0.5238095238095238,44.28777240571522,0.8962377961043868
01187300,0.7722957283258438,0.7946959733963013,0.031094089150428772,-23.606500029563904,-16.48775338020146,46.645608120709205,0.7573442215222957,1.0569579601287842,0.4,38.659400939941406,0.883862692183363
01333000,0.6901096105575562,0.7929840683937073,-0.11282795667648315,-19.159074127674103,-3.508327991091849,-475.10391140847787,0.7049607658463564,0.8640533089637756,0.43478260869565216,34.73045307656993,0.8396533413274581
01350000,0.7349758744239807,0.9529545307159424,0.021947864443063736,-12.941552698612213,-1.7695753553388989,-411.2474757624091,0.8495264495959554,1.038526177406311,0.30434782608695654,34.084467265916906,0.8623600826595031
01350140,0.5965409278869629,0.9306526780128479,0.07486766576766968,-15.56723564863205,-9.932501958315488,-274.8942993739892,0.7354994115898821,1.1433887481689453,0.5,48.00813848322088,0.788833769032424
01365000,0.702914834022522,0.9827970266342163,-0.034982893615961075,-9.16084349155426,-2.0185376585487673,-624.453197300841,0.8413397729467479,0.952396035194397,0.5217391304347826,39.63725463203762,0.8496304954761353
01411300,0.670859694480896,1.2264907360076904,0.20108550786972046,20.639193058013916,14.040657171626686,12.105484245497939,0.6951838872495718,1.1795768737792969,0.2222222222222222,41.217096646626786,0.9032169668865926
01413500,0.6857740581035614,1.1599277257919312,0.07427862286567688,6.1086393892765045,-1.0508022294909671,-431.96673878414504,0.7736906814755535,1.1036509275436401,0.3,52.34015941619873,0.8779528148896366
01414500,0.5412443578243256,1.1091513633728027,0.05578058585524559,-2.3353921249508858,-3.37680869452227,-576.4006418343703,0.7593524599092597,1.0773606300354004,0.25,42.333924770355225,0.7999686240958466
01415000,0.5699602365493774,1.1535568237304688,0.08048766851425171,3.800368681550026,-2.5672731642020032,-380.49320819478993,0.7418559726258221,1.1140257120132446,0.35,45.43673038482666,0.8266310934606709
01423000,0.797873318195343,1.114081859588623,0.027505209669470787,2.534523606300354,0.6419751334516398,-467.8383764986247,0.8527202421221025,1.039123773574829,0.09523809523809523,28.493547439575195,0.9154660616400767
01435000,0.6959406435489655,0.8827382922172546,-0.039101287722587585,-18.907350301742554,3.7413769244695616,-654.4622148315188,0.7909519928881925,0.9434720873832703,0.375,42.194437980651855,0.8364293539155399
01439500,0.8118133693933487,1.0514260530471802,0.019172893837094307,0.7717945612967014,4.125730661266961,35.19065790156115,0.8956667225988033,1.022055983543396,0.09090909090909091,22.14088656685569,0.9119413409641215
01440000,0.8420922309160233,1.0107938051223755,0.06878814101219177,0.27257546316832304,8.254607365194426,17.730043797016343,0.8779134153800079,1.0951642990112305,0.1,22.093651294708252,0.9242874904070947
01440400,0.7711724638938904,0.9226576089859009,0.026719309389591217,-11.454124748706818,6.840898902284612,0.16507171277950056,0.8518996979554831,1.038228988647461,0.42105263157894735,45.549693860505755,0.8796239291017869
01451800,0.793083667755127,0.9542244672775269,-0.039529334753751755,-6.437818706035614,-2.1244491282431808,-339.0726761152576,0.8685449625904405,0.9380175471305847,0.05,38.57596397399902,0.8934955259126961
01466500,0.6512186527252197,0.9787126779556274,0.15767696499824524,-3.963783383369446,-16.907993838605588,-37.0815433188001,0.8071111396338518,1.0971860885620117,0.21428571428571427,34.410098620823454,0.8347492010199424
01484100,0.6627455949783325,0.7826210260391235,-0.04602440074086189,-28.29585075378418,15.424646394395964,34.567653324409434,0.7098950048026396,0.9445025324821472,0.38095238095238093,42.44427453903925,0.8160779485290522
01485500,0.8049157559871674,0.9446383118629456,0.04414500668644905,-1.697644591331482,-25.367666780881493,41.4714944254331,0.8623890870106423,1.0758320093154907,0.35,27.725622653961178,0.899395063622328
01486000,0.6386445164680481,0.8873416781425476,-0.009176109917461872,-9.617657214403152,-0.414331103373598,42.751224905550494,0.7729911399549728,0.9838393926620483,0.13636363636363635,36.53632077303799,0.8035821804782622
01487000,0.7752709537744522,0.836915135383606,-0.15829607844352722,-17.38520711660385,-15.314582826680168,15.07244659395063,0.7573020701676456,0.8529831171035767,0.3157894736842105,36.88828568709524,0.8965995733984515
01491000,0.7008424699306488,0.7511820197105408,0.07099079340696335,-27.167922258377075,-28.592425803637838,73.19833146942128,0.6847672851715845,1.1164991855621338,0.2631578947368421,36.33614088359632,0.8454386304857292
01510000,0.803402841091156,0.8822631239891052,-0.0374162495136261,-14.22542929649353,-5.723485830277459,-6.147563034959217,0.8348444076234425,0.9465835094451904,0.28,28.216598510742188,0.8972329028469971
01516500,0.4848923087120056,1.0068528652191162,0.18856988847255707,-0.5215976387262344,-27.64122324060687,-180.53369718163205,0.4998528623818277,1.4397720098495483,0.2631578947368421,45.16754150390625,0.761880750759565
01532000,0.7547916769981384,0.962390124797821,0.08364474028348923,-4.633708298206329,-11.817214376320361,-325.54792004075705,0.7950888371708611,1.1594953536987305,0.23529411764705882,43.572538039263556,0.8769743356539651
01539000,0.8809975013136864,0.8690657615661621,-0.0005554577801376581,-11.678628623485565,2.8108354579039454,3.9444081708272676,0.8565466725661435,0.9990733861923218,0.05263157894736842,30.293695550215872,0.9413977496639628
01542810,0.741480678319931,0.9098178744316101,0.07286714762449265,-12.511397898197174,-17.722146942511888,-346.1237538729311,0.7852592792139083,1.140857458114624,0.3181818181818182,42.35975525595925,0.8653154133347682
01543000,0.8735828101634979,0.9478552937507629,0.014507959596812725,-4.522733762860298,-7.493983691802267,-335.22997947165663,0.9133343493423886,1.0234216451644897,0.09523809523809523,22.23880858648391,0.9348594507861911
01543500,0.8828764036297798,0.8853164911270142,0.011502509005367756,-11.948665231466293,-4.055264049598792,-26.610934166471377,0.8700223934976559,1.0173959732055664,0.14285714285714285,21.431475593930198,0.9413548714649784
01544500,0.8200144916772842,1.1111146211624146,0.05611570179462433,9.926830232143402,-4.07290424622845,21.67488508309382,0.843988853297017,1.080709457397461,0.3157894736842105,19.803427395067715,0.9259797166573903
01545600,0.6756964027881622,1.2353228330612183,0.14388839900493622,19.903941452503204,-6.633009815198319,39.8584801730631,0.6742238579790811,1.2016414403915405,0.3684210526315789,35.09845733642578,0.8995311567355296
01547700,0.8172100186347961,0.7832268476486206,0.0347423292696476,-24.10252094268799,-24.589812579870994,-284.9097306943055,0.755166226538028,1.07463538646698,0.25,37.13931739330292,0.9140783139469526
01548500,0.8906247466802597,1.0739613771438599,0.05500214174389839,7.6537638902664185,-3.8364605521781425,-61.273313210556616,0.8811118142409826,1.0803635120391846,0.05263157894736842,19.360145769621194,0.9530338277397211
01549500,0.7618077248334885,1.0569292306900024,0.14484873414039612,6.114746630191803,-13.334073387769113,-389.1939022075709,0.7298813946652802,1.2438793182373047,0.3157894736842105,28.677729556435033,0.8987774640846908
01550000,0.7767902165651321,1.0667792558670044,0.09790419042110443,4.957439377903938,0.5624819768582188,-451.41381670164964,0.8084153489563756,1.1504466533660889,0.2631578947368421,46.05574858816047,0.9019642208563609
01552000,0.834941491484642,1.1070853471755981,0.06365682929754257,10.875039547681808,12.918954784483361,-27.65197281420501,0.8422867410724733,1.0940474271774292,0.2,28.35263729095459,0.9324627369289451
01552500,0.7806408405303955,0.8653407096862793,0.040946681052446365,-16.258908808231354,0.424267720281236,11.459889392484495,0.8100725873513921,1.068153977394104,0.25,34.85905726750691,0.8846989463492912
01557500,0.8251167386770248,0.8800416588783264,-0.0499444454908371,-16.95932447910309,-2.044533387385009,17.076953383186492,0.8328324629383541,0.9258601069450378,0.25,32.8801703453064,0.9102321989776305
01567500,0.5895663201808929,1.0379693508148193,0.046336881816387177,8.79683867096901,8.403213179884146,-595.734570026962,0.7865804275021377,1.0754826068878174,0.3333333333333333,56.247515905471076,0.8040188315646355
01568000,0.8115720450878143,0.9452893137931824,0.037910524755716324,-3.724818676710129,-3.199466512391839,-481.4258063482525,0.8713314650497155,1.0639569759368896,0.19047619047619047,33.2208724248977,0.9026766321480815
01580000,0.6948602497577667,1.0094746351242065,0.15643072128295898,3.0708488076925278,-0.12690575923895397,48.05510586229575,0.778776734828947,1.1718617677688599,0.14285714285714285,26.48426237560454,0.8610269913919698
01583500,0.6260426044464111,1.0657447576522827,0.1693839728832245,12.41183802485466,7.147874874451852,37.28645677779058,0.7488557522204549,1.1821131706237793,0.08333333333333333,33.9755376180013,0.8400442151113302
01591400,0.6213153898715973,0.8689960837364197,0.0637812465429306,-15.083904564380646,19.272499725084796,71.97908864539733,0.7339831287483967,1.1063127517700195,0.18181818181818182,37.12103150107644,0.7943290284819389
01596500,0.8270709961652756,0.8688967823982239,0.05004635080695152,-10.04863977432251,-17.494836002487038,-315.3482816450198,0.819437820017332,1.08740234375,0.1,28.370230197906494,0.9118213320492901
01605500,0.7613894790410995,0.8879019618034363,0.10237385332584381,-13.945363461971283,-3.7949935235767804,-1010.3763342896033,0.7612456351268324,1.172343373298645,0.21052631578947367,36.832305004722194,0.8786103865295088
01606500,0.8177701830863953,0.9657940864562988,0.10088330507278442,-4.826479405164719,-12.941487663239293,-737.9804550112939,0.8188827054417636,1.1542950868606567,0.15789473684210525,33.80410796717593,0.9115327403080766
01620500,0.6900769174098969,0.7674608826637268,0.021460337564349174,-23.189111053943634,-24.767767677144814,-223.64600193474956,0.7110539875320914,1.0416096448898315,0.35,42.28279113769531,0.83361492109653
01632000,0.5963264107704163,0.9638181924819946,0.131377175450325,-9.411010146141052,-27.98722743207597,-181.1294694248985,0.6435469545372781,1.2929800748825073,0.35,52.12228298187256,0.8002193048710167
01632900,0.8217294365167618,0.9088308811187744,0.06248421594500542,-12.278832495212555,-8.881377368016958,-468.8713861728977,0.8286058210189533,1.1127750873565674,0.15789473684210525,34.83731621190122,0.9086439053881645
01634500,0.5492863357067108,1.0725964307785034,0.14377065002918243,-1.6151763498783112,-15.378253880462687,-589.391246273979,0.64917544668414,1.2803550958633423,0.375,52.651411294937134,0.8019882688552245
01638480,0.6059527695178986,0.6273881196975708,0.05103115364909172,-28.615722060203552,-31.2635500273979,71.12674961370539,0.5566134157366212,1.1312437057495117,0.2,48.514299392700195,0.7986864647785199
01639500,0.7204715609550476,0.9849815368652344,0.13046126067638397,-4.065369069576263,-4.315451197235207,-111.01820235018629,0.7493163224025614,1.211873173713684,0.22727272727272727,36.18425889448686,0.8668590587409819
01644000,0.7157204747200012,0.7758241891860962,0.10513543337583542,-17.30952560901642,-33.851114734697205,64.63198585361917,0.6524779535495839,1.2233096361160278,0.1,36.87652111053467,0.8563003652310097
01658500,0.46003758907318115,0.7039827108383179,0.1045490950345993,-26.73248052597046,-34.850263875792876,87.97658038803839,0.4586167410972283,1.3273890018463135,0.47619047619047616,57.94409797305152,0.6864939569838738
01664000,0.7741236090660095,1.0125374794006348,0.11406881362199783,0.22933706641197205,-20.76182430204341,56.73465341936893,0.7920055065993844,1.1790859699249268,0.1,27.83834457397461,0.8949631670731376
01666500,0.7430905997753143,0.9985926747322083,0.060384370386600494,0.25215286295861006,-9.786618240053638,53.1153185835648,0.836888739142792,1.1025805473327637,0.15789473684210525,52.638731504741465,0.8731909539388872
01667500,0.7380269467830658,1.1487003564834595,0.08953925967216492,11.725472658872604,-13.76411318589222,68.84517239261108,0.7717448206988264,1.1407289505004883,0.045454545454545456,41.192787343805485,0.899084226453274
01669000,0.7260154783725739,0.8131813406944275,0.012216993607580662,-17.43488907814026,-21.65619424711428,83.86613916202042,0.7618401399903898,1.0153439044952393,0.2,38.86211633682251,0.853086855421625
02011400,0.7563134878873825,1.1138710975646973,0.17348547279834747,8.339809626340866,-9.799487791768199,-822.7394584706082,0.7044915277103542,1.2573877573013306,0.25,36.66351079940796,0.9099435025899689
02011460,0.7562646269798279,0.7328186631202698,-0.0031274459324777126,-28.354328870773315,-16.692293820532804,-369.5262941271007,0.7080294752775015,0.9941483736038208,0.4,45.38754463195801,0.8824131002262124
02013000,0.734522670507431,0.8430145978927612,0.10626814514398575,-17.206431925296783,-12.469968719308234,-137.62562800763678,0.6940103743749275,1.2246118783950806,0.45,46.38820171356201,0.8638576531742086
02014000,0.7733960598707199,0.9222787022590637,0.08249060809612274,-10.523278266191483,3.0226468568693514,-111.74933259014301,0.7971747824937446,1.147200107574463,0.17647058823529413,43.72104195987477,0.8841138616400085
02015700,0.7240890562534332,0.8006071448326111,-0.08798637986183167,-23.47750812768936,16.64606063195493,-1098.709889242105,0.7248730328444821,0.8751458525657654,0.5,41.867570877075195,0.8573508526739101
02016000,0.8269363939762115,0.8651208281517029,0.012869208119809628,-17.204374074935913,2.2518586862228824,-858.766188381084,0.8366248220880127,1.0224593877792358,0.05,22.250213623046875,0.9105872846857174
02017500,0.8267983496189117,0.8785538673400879,-0.0034343774896115065,-10.80729365348816,-20.042074586801327,-57.226517817538834,0.8486236344936953,0.9941028356552124,0.35294117647058826,42.365051718319165,0.9098286944281055
02018000,0.8490579128265381,0.9281054139137268,0.02148805372416973,-6.002337113022804,-8.970068698886019,-80.02286666758613,0.8870966487964136,1.0380783081054688,0.1111111111111111,24.290707376268177,0.9217160447070485
02027000,0.6488232314586639,0.9999809861183167,0.14949439465999603,0.6303192116320133,-24.344965192114365,51.638563730592026,0.7010472747997507,1.2496792078018188,0.3157894736842105,45.639861257452715,0.8355827723911384
02027500,0.2926366925239563,1.2478101253509521,0.2550397515296936,28.523093461990356,-11.614828108071338,-209.12436713849064,0.5051315683106938,1.3595865964889526,0.3157894736842105,89.18527301989103,0.7672288976662479
02028500,0.6913180351257324,1.0326919555664062,0.1203816831111908,-2.625957317650318,-39.41118481042778,69.89251243361365,0.7612426583266144,1.189194917678833,0.2222222222222222,53.711297776963974,0.8580789396576903
02038850,0.5561043322086334,0.8818398714065552,0.025594858452677727,-13.316017389297485,-23.23433316739433,-200.9120074259323,0.7235226292674084,1.0568735599517822,0.35,60.09206771850586,0.7566004956529316
02046000,0.7939460724592209,0.8644201755523682,0.0837063267827034,-3.4244924783706665,-31.858662799344607,83.14349029861638,0.7251352020693319,1.2150542736053467,0.45,35.13716697692871,0.8954991495331592
02051500,0.7391990125179291,1.0018459558486938,0.1053534522652626,-4.64969165623188,-20.308675539821795,38.58838211443443,0.7503894981050164,1.216268539428711,0.42857142857142855,36.56233378819057,0.8753809245875963
02053200,0.8520580679178238,0.8665973544120789,0.07440228760242462,-8.943714946508408,-51.16562974968315,71.32774506263827,0.7972261698979011,1.134729027748108,0.8235294117647058,17.098907863392547,0.9281038985308107
02053800,0.7693078368902206,0.8621150851249695,0.14559222757816315,-13.84301632642746,-27.794067118353517,-6.083572208835121,0.6972789167071235,1.2458114624023438,0.25,33.4299635887146,0.8895258877766405
02055100,0.6565113961696625,0.8403067588806152,0.000231817684834823,-8.780258148908615,-19.616355771371197,-470.4682855477259,0.7524075957175846,1.000404715538025,0.47058823529411764,43.51385621463551,0.8107913754490395
02056900,0.7856252789497375,0.8945427536964417,0.07259511202573776,-6.883441656827927,-18.379703269751378,41.88541176981925,0.8093748667547337,1.1138888597488403,0.2857142857142857,30.049616949898855,0.8893381806947168
02059500,0.6604146063327789,0.7805445790290833,0.10348506271839142,-18.121083080768585,-19.617145673282877,6.137433206196166,0.6489704375161778,1.2067019939422607,0.5263157894736842,52.5912134270919,0.820179651751102
02064000,0.5064771473407745,1.1296924352645874,0.1276930570602417,11.374808847904205,-11.574940379350098,-6.488221970592183,0.6618435902030697,1.236657977104187,0.47368421052631576,40.63585682919151,0.7962289726314254
02065500,0.6614696681499481,0.9931575655937195,0.08867382258176804,2.0589621737599373,-15.044750171106248,67.7928587010551,0.7725482907357617,1.1548616886138916,0.47368421052631576,38.67466575221011,0.8335508529962578
02069700,0.7744748443365097,1.0244051218032837,0.09243905544281006,3.977462276816368,-9.453908612535907,23.046643729705057,0.8452873679482366,1.1103898286819458,0.20833333333333334,35.391124089558915,0.8943852554340925
02070000,0.7166701555252075,0.9707940220832825,0.022892924025654793,-5.8242760598659515,-1.0978841311494836,44.590688810729326,0.8481394393477752,1.0334737300872803,0.14285714285714285,53.75611441476005,0.8547824042012121
02074500,0.5898706912994385,0.8093008995056152,0.041488852351903915,-19.756540656089783,13.270556363843111,-12.434423552408088,0.690735979767497,1.0802826881408691,0.19047619047619047,46.189676012311665,0.7701461828337879
02077200,0.6360053420066833,0.735867977142334,0.09681122750043869,-26.65393054485321,-47.67445327838043,87.8418168630074,0.5591154364143294,1.295214056968689,0.1111111111111111,48.79556232028538,0.8064486283248493
02081500,0.8210061937570572,0.8045076727867126,0.10272662341594696,-20.899784564971924,-48.68642648226626,81.56751989664515,0.6411213330037508,1.2898730039596558,0.14285714285714285,32.32278596787226,0.9190661430478992
02082950,0.6573288440704346,1.0399291515350342,0.1650947481393814,7.075142860412598,-35.055882234066715,55.633481030479004,0.6696693661065933,1.2911314964294434,0.45,46.37131214141846,0.8491144727521385
02092500,0.7457758784294128,0.742867648601532,0.09170117974281311,-23.39787483215332,-42.145296961061085,69.94191660117622,0.6530876990084122,1.1990036964416504,0.7647058823529411,39.64448816636029,0.879051137888229
02102908,0.6272091269493103,0.8695994019508362,0.26642435789108276,-2.541089430451393,-32.904132046122506,40.436413422541925,0.6679972495467329,1.2576924562454224,0.24,29.963539123535156,0.8362437533064591
02108000,0.7979227006435394,0.9141228795051575,0.06482204794883728,-3.4701280295848846,-28.071561954391438,30.148535236477287,0.8346274821699095,1.0954769849777222,0.8421052631578947,34.54129319441946,0.895801462733195
02111180,0.7717004865407944,0.9279158115386963,0.08867187052965164,-10.466594994068146,-21.093321517762092,-34.786304142449104,0.8188339623861383,1.1190524101257324,0.19047619047619047,31.655806586855935,0.8840192834914492
02111500,0.7455981075763702,0.9547151923179626,0.09701056033372879,-2.623387798666954,-23.43260187887345,33.827710813454495,0.8331053146991567,1.0980571508407593,0.375,31.496739387512207,0.8727682533961708
02112120,0.7205027043819427,0.9380497336387634,0.22367237508296967,-2.2079015150666237,-24.52594309754125,41.12794819959987,0.719449959841319,1.2457777261734009,0.25,29.42977547645569,0.8797344652535808
02112360,0.7846324592828751,0.8981983661651611,0.009530264884233475,-7.721555233001709,-2.0399309967227266,9.951585020253058,0.8468176956199926,1.0094611644744873,0.16666666666666666,25.699827194213864,0.8859310204722015
02118500,0.7946193665266037,0.8693032264709473,0.07201597094535828,-5.342200770974159,-0.18036988775208584,37.78673891727714,0.7910079533701776,1.1245126724243164,0.2222222222222222,35.57969199286567,0.8946784763242943
02125000,0.6872699856758118,0.7138898968696594,0.011371960863471031,-25.22457242012024,-37.805663459198726,-23.362935378705995,0.6679415378518456,1.0478167533874512,0.3157894736842105,53.170425013491986,0.8383912463186886
02128000,0.6531517505645752,0.8426681756973267,0.07955730706453323,-10.902532190084457,-32.667903983803576,82.41196767493551,0.6656552444269923,1.2278796434402466,0.15789473684210525,50.47617460552015,0.8126394365232826
02137727,0.8688659071922302,1.0305997133255005,0.060543492436409,-1.0868319310247898,-11.764020479832592,40.10929756340386,0.8791258698124577,1.0995277166366577,0.3333333333333333,32.69841557457334,0.9386123260410911
02143000,0.811260536313057,0.8099735379219055,0.002982729347422719,-10.891290009021759,2.498287639960518,24.207005785228368,0.7878405256741987,1.0050444602966309,0.25,38.63653540611267,0.9057867330117538
02143040,0.8336581438779831,0.8258581757545471,0.01244451105594635,-19.99407559633255,-23.391784572826975,41.11402547669907,0.8060797357734389,1.0226680040359497,0.2631578947368421,42.32024644550524,0.9177451793559112
02149000,0.6250550448894501,1.1296656131744385,0.10996581614017487,-11.553755402565002,-23.341467153817387,44.54231028027798,0.7506107290803643,1.1480669975280762,0.36363636363636365,32.97654715451328,0.8468399482471196
02152100,0.7843928635120392,0.863007128238678,0.030514288693666458,-15.253204107284546,-13.012403519995447,28.948503248980057,0.8115037437385555,1.0622953176498413,0.29411764705882354,48.40819975909065,0.886496321160627
02177000,0.8204525858163834,0.8907820582389832,0.02553574927151203,-5.346180126070976,-17.68743412663117,34.23872854982225,0.8536218349983125,1.0267342329025269,0.18181818181818182,28.785150701349433,0.9062807961095387
02178400,0.798815980553627,0.900550127029419,-0.0697663202881813,-17.112982273101807,-1.3026203656763924,8.92138023370629,0.8428892262731825,0.9361264705657959,0.3181818181818182,41.01386070251465,0.896493042626148
02202600,0.529645711183548,1.0375748872756958,0.11741434782743454,10.74257642030716,-45.32565042804613,-15.621737918586682,0.6143596361063568,1.3149572610855103,0.6363636363636364,37.42080601778897,0.7806634052426409
02212600,0.7046233713626862,0.8788798451423645,0.1044246256351471,-9.598159790039062,-43.94309073538956,74.32005195261078,0.6352567721544748,1.3079086542129517,0.125,31.79260492324829,0.8465080099575095
02221525,0.770038902759552,1.0914387702941895,0.07082197815179825,12.441398948431015,-2.941796229345502,38.547802867922435,0.8066138642147661,1.1385374069213867,0.6470588235294118,34.695984335506665,0.9007803664362265
02231000,0.8567225784063339,0.9654927849769592,0.10033197700977325,-7.903970777988434,-26.93002753185108,-491.7758184138938,0.7260419866552935,1.2630358934402466,0.5384615384615384,23.95332959982065,0.9316306797662631
02231342,0.3299400806427002,1.3976184129714966,0.09062566608190536,13.080908358097076,-36.68370328369278,-31.6170528929543,0.5061393473859783,1.2309114933013916,0.4666666666666667,58.21210861206054,0.8197839515256835
02245500,0.6709871590137482,0.9726522564888,0.04645779728889465,-5.858033895492554,-11.457757272639972,-73.18680811540284,0.7959911952849226,1.1130011081695557,0.3125,44.37719285488129,0.8323621675200595
02246000,0.7582125067710876,1.0253959894180298,0.06520793586969376,-3.7263471633195877,-10.092852739298028,-42.55094428619969,0.7908813821533286,1.172460675239563,0.42857142857142855,58.261408124651226,0.8844882882669661
02296500,0.7818861305713654,0.9231774210929871,-0.031236620619893074,-7.620115578174591,-20.471362672111542,-209.9635696512126,0.8465918380663524,0.9325957894325256,0.6363636363636364,38.25247937982733,0.8855927103908514
02297155,0.45796269178390503,1.2982110977172852,0.10730059444904327,20.179937779903412,-26.159951225337558,-8.364634850039511,0.5658528444620906,1.2657581567764282,0.7142857142857143,75.07275853838239,0.8299220885396787
02297310,0.6438250243663788,0.815057635307312,-0.01099924836307764,-23.20520281791687,-12.301739441130009,0.07165208038023785,0.7280598098836131,0.9723384380340576,1.2142857142857142,52.78762749263218,0.8025598147994746
02298123,0.5436840951442719,1.1094990968704224,-0.007390137296169996,25.01825988292694,12.94934979434201,-37.10488946831127,0.7714352625510527,0.9870879054069519,0.9285714285714286,71.84034756251744,0.7997874509355414
02298608,0.6001093089580536,0.9423860907554626,0.07207175344228745,-6.753525882959366,-1.1538722988453183,-1.785259763091283,0.7203718772532574,1.1781940460205078,0.6666666666666666,51.956023110283745,0.792347871536864
02299950,0.6797667443752289,0.8142797350883484,0.031259313225746155,-20.26294469833374,13.218445205810392,-295.2547255071965,0.7306780118487508,1.0864149332046509,0.4444444444444444,56.23097949557834,0.8251435565324421
02300700,0.631814032793045,0.8506125211715698,0.07393942773342133,-16.881780326366425,6.260148070070088,-3.595312485571215,0.6605326071935196,1.2299662828445435,0.7647058823529411,51.45164377549115,0.7999075196246046
02312200,0.324576735496521,1.2295893430709839,0.11134660989046097,37.585216760635376,-55.26305567142716,-48.362099120463306,0.5929725241947819,1.2266446352005005,1.2,63.15447807312011,0.7518220216388377
02314500,0.8080580979585648,1.0590547323226929,0.16616860032081604,6.047385931015015,-32.27732872768955,-89.15844190571659,0.6916480669967126,1.2929625511169434,1.5,17.52004623413086,0.9240632050965324
02315500,0.7701497226953506,1.105886459350586,0.2081015408039093,19.56763118505478,-42.96866354073065,-234.7495992099641,0.5966574423830133,1.3810369968414307,1.1,22.69660472869873,0.9207277882907733
02324400,0.6570945978164673,0.8857380151748657,0.06134754791855812,-14.217866957187653,-56.17784217656213,-482.15696635519134,0.7437873135098015,1.1367669105529785,0.6153846153846154,56.73207503098708,0.8159240599096691
02327100,0.637606680393219,1.0851629972457886,0.12119738757610321,10.657058656215668,-29.731849129546035,-376.0891890361051,0.6873244540695507,1.2567218542099,0.5,51.34740471839905,0.8431333353001689
02342933,0.6808441877365112,0.730772078037262,0.027214055880904198,-28.2412588596344,-40.216400055130414,27.430635313411265,0.6694951794480736,1.0918452739715576,0.3684210526315789,47.529175407008125,0.8317317377139217
02349900,0.610029399394989,1.3112114667892456,0.09888869524002075,32.012948393821716,-8.38267437793234,-709.3515950256973,0.5929621219748276,1.2390681505203247,0.3333333333333333,49.592558542887375,0.8919552107091099
02361000,0.7885641753673553,0.9478324055671692,-0.02146380953490734,-5.227676033973694,25.71270020249908,-16.26894505890112,0.8739348908224636,0.9668005108833313,1.25,34.86816167831421,0.8901421474566882
02369800,0.5885634422302246,1.1054203510284424,-0.009574487805366516,10.267437994480133,-1.3537527207855675,-117.34024383167585,0.7900546877739129,0.9861714243888855,0.2857142857142857,56.3802855355399,0.8189686374925138
02371500,0.7901167720556259,1.0853829383850098,0.1045101061463356,12.498010694980621,-27.08264571720257,4.988834066981384,0.7947558283730521,1.1644344329833984,1.4444444444444444,38.392019271850586,0.9117036746574246
02372250,0.776613250374794,0.9331023693084717,0.07625964283943176,-1.8041368573904037,-23.23242127369887,21.624758403068846,0.8147162864689683,1.1296770572662354,1.15,37.90262460708618,0.8858132129952032
02374500,0.7685126811265945,0.8740910887718201,-0.025546807795763016,-12.121473252773285,-13.597563686706609,0.6255627284619265,0.8210648957962393,0.9677196741104126,0.6190476190476191,34.61740357535226,0.8770256199437987
02381600,0.3765168786048889,0.7877232432365417,0.11801871657371521,-17.7813783288002,-2.955107257845848,58.9063719966629,0.5345602087669447,1.2078195810317993,0.5263157894736842,48.793868014686986,0.6416931489061015
02395120,0.6698296368122101,0.8364258408546448,-0.010728643275797367,-17.04639047384262,16.00803979725724,-33.427889817880505,0.754948355215621,0.9794625639915466,0.4444444444444444,48.36054907904731,0.818693583142741
02408540,0.8118313252925873,1.033346176147461,0.027766739949584007,5.480257794260979,-26.93175516384196,51.67780386776219,0.8922405562942007,1.0487383604049683,0.1111111111111111,25.361837281121147,0.9098628685326561
02422500,0.7551388740539551,1.1695514917373657,0.09958643466234207,16.47997945547104,7.984849117788379,-21.42940134182171,0.7524641727489878,1.1573389768600464,0.11764705882352941,28.976058959960938,0.9118482910936452
02430085,0.5979932546615601,0.9717797636985779,0.03193332254886627,-1.1852438561618328,-21.28072801866456,-13.156669189881773,0.7843093026633211,1.057695746421814,0.4583333333333333,53.353325525919594,0.7940939631154432
02430615,0.35583317279815674,1.1022063493728638,0.16833792626857758,17.559270560741425,-15.603698602546142,17.627973885636955,0.6042202703127353,1.2660404443740845,0.48,78.9059829711914,0.7253767334393605
02450250,0.8024717569351196,0.9428803324699402,0.03222089633345604,-5.401932448148727,-26.546144116305747,-1.0298416369033856,0.8600064325519098,1.0763946771621704,0.15,25.694057941436764,0.8975334405311364
02464000,0.8663900047540665,0.9522392153739929,0.0500914640724659,-4.625597596168518,-23.791289743516003,51.270682615620636,0.858724374418707,1.1144660711288452,0.05263157894736842,25.598410556190892,0.9323595653797225
02465493,0.5774665176868439,1.0254491567611694,0.03412081301212311,20.005805790424347,20.65784235154405,-0.2134887081447164,0.7873024884708355,1.0501008033752441,0.25,35.059242248535156,0.7948598495369578
02469800,0.8284959197044373,0.8279158473014832,0.053109969943761826,-19.885869324207306,-31.799757999541573,13.722741913708939,0.7742872402280914,1.1194958686828613,0.7058823529411765,34.930189918069274,0.9160117169980645
02472000,0.8495857566595078,0.9927905201911926,0.1096053272485733,2.0493779331445694,-17.79041956106755,-0.77244371141947,0.769026826201667,1.220094919204712,0.8,28.650920391082764,0.9303231964307153
02472500,0.7944008558988571,0.8973329663276672,0.03736419603228569,-11.235065013170242,43.280645069553,-100.72118809780241,0.8348591461117354,1.0713189840316772,0.45,38.24281930923462,0.8920899247680801
02479155,0.7955378293991089,1.1331409215927124,0.04401862248778343,13.183149695396423,-31.69662751939777,18.16854088485975,0.8113059675401775,1.1059706211090088,0.047619047619047616,34.38559486752465,0.918457616265143
02479300,0.778935506939888,0.9467785358428955,-0.007594719063490629,-5.295820906758308,-5.936378168751273,-16.522145957431015,0.8724800632428994,0.9876174926757812,0.6,30.487380027770993,0.8847807154341139
02479560,0.8183227181434631,0.9887885451316833,0.03931828588247299,4.608073458075523,-22.868728083141313,-15.544262301665695,0.8904323983712696,1.0599509477615356,1.1,31.549420356750492,0.9089766707436963
02481000,0.7262948453426361,1.0103094577789307,0.046310264617204666,0.4017922095954418,-42.97304862853576,49.418798297700455,0.8240792528297841,1.1131106615066528,0.17391304347826086,32.39646165267281,0.8656578896296516
02481510,0.7721025794744492,1.0415213108062744,0.05852653831243515,-2.687515504658222,-23.850112222376605,32.84324929163004,0.8348703947220153,1.1187808513641357,0.47619047619047616,37.74466287522089,0.8930660173873484
03010655,0.7878946363925934,1.108339786529541,0.055582817643880844,9.04926210641861,-12.087479040835337,4.47936797147511,0.8393808536842313,1.0783612728118896,0.2631578947368421,28.94736089204487,0.9110027430690113
03011800,0.7785891145467758,0.9567290544509888,-0.0973992869257927,-3.5487238317728043,-2.249842726853645,-7.430918582378022,0.835011751768143,0.8846831917762756,0.16,39.596397399902344,0.8902239503944319
03015500,0.8393101692199707,0.951921820640564,-0.04598361998796463,-2.405048906803131,1.1380654138647706,-48.9221955613338,0.8862277079344694,0.9375835657119751,0.2,32.421939849853516,0.9179219161889426
03021350,0.676772803068161,0.7696785926818848,-0.10617108643054962,-25.02019703388214,6.8707558585347135,-396.1835488880235,0.6610647286788713,0.8168586492538452,0.48,44.63526916503906,0.8318084035291778
03026500,0.7737294137477875,1.0033674240112305,0.028486467897892,1.586790382862091,-9.607324667684994,45.895163216737835,0.881342486165828,1.0380359888076782,0.36363636363636365,34.310297532515094,0.8876544188663502
03028000,0.8214539885520935,0.9054373502731323,-0.06911487132310867,-8.499537408351898,-9.052793033928094,13.439988910274202,0.8409920220900526,0.9102410078048706,0.22727272727272727,37.862838398326524,0.9089793120452347
03049000,0.7502022683620453,0.9768142700195312,0.08155962079763412,-0.2861456712707877,-20.32103099014771,21.631017013750874,0.8153000212698909,1.1347404718399048,0.043478260869565216,30.523432856020722,0.8758166302738754
03049800,0.3426716923713684,0.5694214701652527,-0.03082575835287571,-39.11455571651459,-20.567776074930926,46.65928889834425,0.3974189702336175,0.9183058142662048,0.6818181818181818,69.36066367409445,0.5864397418791867
03069500,0.8826330155134201,0.9762544631958008,0.04051050916314125,-0.24044013116508722,-10.63424068067038,15.195510649628757,0.9171618587328867,1.0530987977981567,0.125,15.912728508313497,0.9410184367546849
03070500,0.791799932718277,0.8816389441490173,0.02672600746154785,-13.742110133171082,-22.037234161465754,27.80906488909282,0.8337320687827231,1.0399501323699951,0.36363636363636365,37.21342086791992,0.8902745593185721
03076600,0.6979572772979736,0.9743837714195251,0.10080598294734955,-1.5732381492853165,-16.202099220259043,-433.5964637593002,0.7810150580397406,1.1580055952072144,0.25,29.96471166610718,0.8505595586132556
03078000,0.7984103709459305,0.964141845703125,0.024808142334222794,1.9210338592529297,-15.238611151958503,-238.90190454804525,0.8843210708554129,1.037035584449768,0.2857142857142857,28.100549607049853,0.8964424174532641
03140000,0.7469083964824677,0.8893725872039795,0.030217796564102173,-8.334759622812271,-19.44572063561423,-296.45950762358626,0.8153725348063389,1.0604382753372192,0.391304347826087,47.5772069848102,0.8651071116916911
03144000,0.8005729168653488,0.7878328561782837,-0.01513106282800436,-18.59627515077591,-0.35658451557792525,-420.4893773030462,0.763984982236964,0.9666379690170288,0.25,31.372804641723633,0.9021472198610964
03164000,0.8688117414712906,1.0687141418457031,0.1075262799859047,5.935076251626015,-6.888219730998016,13.470569142078725,0.866302743229438,1.1013082265853882,0.17391304347826086,19.05004252558169,0.9462415922435771
03165000,0.6051892638206482,0.8538498282432556,-0.02414024993777275,-13.029509782791138,20.278708808531867,-20.34751236273263,0.7354357074256848,0.9690204858779907,0.16666666666666666,40.152597427368164,0.7816547186092948
03170000,0.7210213840007782,1.1354173421859741,0.17959605157375336,13.716810941696167,-16.712655336608968,27.734642991632224,0.7369927325559306,1.201791763305664,0.2857142857142857,24.04968852088565,0.8994263929966022
03173000,0.8207193464040756,1.0314682722091675,0.0510152205824852,7.628612965345383,-6.53118525092886,-59.693101725791294,0.877220853204304,1.082653284072876,0.05555555555555555,30.31880060831706,0.9148360324784168
03180500,0.8372460901737213,0.9364715814590454,0.008318125270307064,-5.385319143533707,-14.391732407979365,-281.9172947046752,0.8934778150656711,1.011664867401123,0.09523809523809523,21.62902241661435,0.9152943520809689
03182500,0.8422396779060364,0.8365612626075745,-0.011818819679319859,-18.29608827829361,-12.62532112304095,-484.7073053582341,0.8177794139442959,0.9807564616203308,0.21052631578947367,29.476040288021686,0.921758020649499
03186500,0.7639630138874054,0.8821207284927368,0.03177851438522339,-13.21982741355896,-18.905895648899048,24.01439860603098,0.8215592279706092,1.0472784042358398,0.4583333333333333,46.25827471415202,0.8746591089696802
03213700,0.8239644765853882,0.9530173540115356,0.05660559982061386,-4.116597026586533,15.160839527368497,-35.777430945634094,0.8669675399361572,1.0864686965942383,0.1111111111111111,23.280763626098633,0.9104822312842075
03237280,0.43988490104675293,0.7480947375297546,-0.02960025519132614,-29.475650191307068,-51.463890300609336,-21.27481505790817,0.5773656312510056,0.9267760515213013,0.2857142857142857,52.42409933181036,0.6686364507721969
03237500,0.6695164740085602,0.9633145332336426,0.024392524734139442,-6.613392382860184,-13.308431670712336,-110.11946024278734,0.8154041741556246,1.0604174137115479,0.25,48.203063011169434,0.8294727834986182
03238500,0.6997658014297485,0.86615389585495,0.0058731078170239925,-18.05795431137085,-7.833926832497708,1.4118646615420616,0.7884547341603733,1.0168198347091675,0.14285714285714285,39.29070518130347,0.8370468991865848
03241500,0.8144250959157944,0.829476535320282,-0.010870911180973053,-18.685315549373627,-1.4083445382146862,-463.84168248293463,0.8040963215576544,0.9796427488327026,0.47619047619047616,36.08917508806501,0.9057366373091937
03280700,0.6697127521038055,0.8042787313461304,0.07381410151720047,-20.628269016742706,-20.746842150692565,-251.73996270599739,0.6758517413130939,1.1871765851974487,0.3157894736842105,40.9414994089227,0.8218702591926452
03281500,0.8760837987065315,0.8338807225227356,-0.0268314927816391,-17.83270388841629,-14.800633522054552,-3.9446030251739037,0.8156179067421383,0.9441856145858765,0.45,23.16526174545288,0.942677261532389
03285000,0.8082623034715652,0.8407952785491943,0.015569225884974003,-21.688778698444366,-33.85755731364986,57.6526109043253,0.8085269355598685,1.039413332939148,0.2857142857142857,37.90921256655738,0.9011952417112719
03291780,0.6491180062294006,0.9215818643569946,0.019663352519273758,-10.592692345380783,-12.306074292603167,-12.086910564358122,0.7907670197076947,1.0522119998931885,0.2916666666666667,42.36210187276204,0.8131767061862223
03340800,0.7127933502197266,0.8625887632369995,-0.052654288709163666,-15.6668022274971,-9.434743954166787,-260.17805924721256,0.7607755603188602,0.8789512515068054,0.17391304347826086,38.30501722252887,0.8460724682188101
03346000,0.8486651927232742,0.9441210627555847,0.04043719172477722,-3.537346050143242,-23.024582158192892,-96.11377310291951,0.8431525434941792,1.1243094205856323,0.3333333333333333,30.307330025566948,0.9223737355114624
03357350,0.5121205747127533,0.70603346824646,-0.05055759847164154,-24.278172850608826,-21.69051480464212,-7.734842938841154,0.5661182207821884,0.851569652557373,0.34782608695652173,54.259134375530735,0.717501312385226
03364500,0.6854487061500549,0.7718881368637085,0.00019523610535543412,-20.41580080986023,-6.110378220091204,-10.072736279211814,0.7154799767786562,1.000503659248352,0.30434782608695654,42.76887644892153,0.8299518661151336
03366500,0.8693916648626328,0.9084211587905884,0.017371945083141327,-10.05811020731926,2.2582421503606773,-134.41055589734347,0.8766306305507668,1.0482720136642456,0.18181818181818182,39.08338113264604,0.9328946361470141
03368000,0.6132567226886749,0.8048774003982544,0.016207916662096977,-20.23048847913742,-17.53825526774374,-16.730943072620338,0.7033360592003888,1.0556095838546753,0.47619047619047616,50.87532770066034,0.7835647000165594
03384450,0.7355565130710602,0.8690680861473083,0.040120139718055725,-13.067485392093658,-24.056474358621955,-16.169397280278,0.7664109023407458,1.1320607662200928,0.18181818181818182,43.3213320645419,0.8586470569620217
03439000,0.7868732810020447,0.9957221150398254,0.08591228723526001,-1.6953669488430023,-3.0586974311975776,20.635942200761217,0.8645893885591971,1.0874395370483398,0.2608695652173913,35.43345824531887,0.8966943333993163
03455500,0.5474950969219208,1.0649375915527344,0.09862647950649261,8.023950457572937,-8.444236381152908,17.36580711032377,0.7450413259267967,1.1356040239334106,0.4090909090909091,38.45491409301758,0.7940908370626427
03456500,0.7940188050270081,0.8952565789222717,0.04403137415647507,-10.560761392116547,-9.685165310276815,21.298921274139435,0.8344184839035431,1.0694169998168945,0.23809523809523808,35.72226251874651,0.8921698819895101
03460000,0.6958270370960236,1.1598237752914429,0.022388946264982224,11.876203864812851,-2.0887589840064336,-4.769567402231511,0.7990595958933754,1.0213812589645386,0.3333333333333333,36.93135806492397,0.8800990049281686
03463300,0.7003631889820099,0.7196467518806458,-0.02411268651485443,-17.050068080425262,-0.8156734870401404,31.497678591555545,0.6766238837998648,0.9498708248138428,0.47619047619047616,42.646744137718564,0.84682939383561
03471500,0.7188765406608582,1.0967832803726196,0.10030928999185562,6.909773498773575,10.87591652043499,-40.66577217569283,0.8043769475785159,1.1211142539978027,0.2631578947368421,21.529870284231087,0.8806990664010991
03473000,0.7836541831493378,1.1154475212097168,0.0786852315068245,7.863818109035492,11.111632474904228,-36.72845399876811,0.8309706274382518,1.0863637924194336,0.05263157894736842,16.79054937864605,0.9117724873178256
03479000,0.8698474317789078,0.9849117398262024,0.04448702931404114,7.381460815668106,10.287194798645318,13.352016753311927,0.8958521432214399,1.0800014734268188,0.17391304347826086,42.728336997654125,0.9350470576029595
03488000,0.8512023836374283,0.9058215022087097,0.06038276106119156,-7.884287089109421,1.0005737038639895,-104.40074375140685,0.8427172056245741,1.101041555404663,0.25,30.17370939254761,0.9247743923804875
03498500,0.8081315159797668,0.8270975947380066,0.013023042120039463,-11.216109991073608,-20.68015268344045,1.1889664272183258,0.8002767590195567,1.0206526517868042,0.3157894736842105,29.142557947259203,0.902185894593251
03500000,0.8121631145477295,1.1075409650802612,0.07626785337924957,8.053220808506012,-12.042152819491585,44.176477765271045,0.850972725430758,1.0687201023101807,0.18181818181818182,21.554450555281203,0.923047956923675
03500240,0.8490988463163376,0.8958426117897034,0.025678930804133415,-9.038585424423218,-17.085357143111413,51.074665162384214,0.8674677980667541,1.0257525444030762,0.391304347826087,32.429898303488024,0.9222000675626784
03504000,0.7941662520170212,0.8034470081329346,-0.13993658125400543,-19.69635635614395,-4.434673090017904,22.458638576835128,0.7558502948655843,0.8880326151847839,0.2916666666666667,36.269426345825195,0.90813431193874
03574500,0.7833670526742935,0.8428993821144104,0.07277072966098785,-14.343875646591187,-35.869882923727346,50.59177047166769,0.7420798185239206,1.171995997428894,0.7368421052631579,29.876819409822165,0.8892769547878148
03592718,0.6922561228275299,0.7463391423225403,0.04016061872243881,-24.415743350982666,-23.997774671676712,21.218542793278644,0.6833574335948509,1.0983893871307373,0.21739130434782608,39.55681013024371,0.8380178632008681
03604000,0.8613062649965286,0.9586443305015564,-0.03700747340917587,-2.2089846432209015,39.261867732305284,-28.919220668062636,0.8814364321216318,0.9143028855323792,0.42105263157894735,33.988355335436374,0.9292678799956666
04015330,0.6844347715377808,1.0246917009353638,0.03155103325843811,1.9475286826491356,0.8801286783294532,-0.3650836783172357,0.8270860075885831,1.0762898921966553,0.6842105263157895,48.7259915000514,0.8468026729175837
04024430,0.7018333077430725,1.1909502744674683,0.09893961995840073,12.76894062757492,0.5844847940830689,-702.4188983705176,0.7018033788837545,1.2031588554382324,0.5,32.223351796468094,0.8942375445492514
04027000,0.8561125099658966,1.0072896480560303,0.06115134805440903,2.2435860708355904,8.783675062294893,-19.615387767282247,0.856856164372778,1.1249045133590698,0.631578947368421,34.081373716655534,0.9304594991977602
04040500,0.8314493000507355,0.9812220335006714,0.0326450914144516,1.4251942746341228,-10.216320844597607,-325.4976722321658,0.89572173808141,1.0571681261062622,0.8235294117647058,28.486285490148205,0.9148345772017149
04043050,0.8065404295921326,0.8053318858146667,-0.03316812962293625,-23.69881123304367,13.312486845185825,12.903766973598914,0.7747976904775354,0.9398047924041748,0.5,41.62628650665283,0.9040993090938678
04045500,0.868444174528122,1.112158179283142,0.1503254920244217,12.872171401977539,-5.959328885056181,13.562318074952728,0.8041536632710709,1.1545926332473755,1.3529411764705883,16.718797122730926,0.9566704699347647
04056500,0.6018128395080566,1.2929236888885498,0.23333217203617096,29.021236300468445,2.63490149474121,-23.044759798413388,0.6315593033489568,1.199985384941101,1.3125,30.10573983192444,0.9002497857316097
04057510,0.7146090567111969,1.1864404678344727,0.18403594195842743,21.76830619573593,-11.801515489981952,12.737558320054132,0.7262684827275259,1.1783932447433472,1.3529411764705883,31.52631310855641,0.9086504201876439
04057800,0.7647944986820221,1.094205617904663,0.11794736981391907,16.23297780752182,-3.2744192220007746,-830.7686915752906,0.7594709067949497,1.198891520500183,1.1875,37.4656081199646,0.9029345102192871
04059500,0.7838957607746124,1.1118485927581787,0.14269909262657166,16.232308745384216,-22.735861028822374,-108.56003389635258,0.7408603646824523,1.2187546491622925,0.9285714285714286,23.921118463788712,0.9176006895635102
04063700,0.6297749876976013,1.1870298385620117,0.27878743410110474,22.973640263080597,2.749046182695735,2.4581297893196874,0.586885513859112,1.3520183563232422,0.6666666666666666,34.85065301259358,0.8915265241711109
04074950,0.7610791027545929,1.0494003295898438,0.24239425361156464,14.73558396100998,-13.450259828286754,-1.3383114610601499,0.8216391255871229,1.149001955986023,1.2777777777777777,21.02503909005059,0.9153204506974665
04105700,0.6663424670696259,0.9018881916999817,0.21604779362678528,-7.031258195638657,-21.30737696215266,7.725066643719569,0.7914912642525814,1.1010284423828125,0.4166666666666667,20.640293757120766,0.8462364809690217
04122200,0.7679830193519592,0.9599543809890747,0.16205087304115295,-6.925290822982788,-10.626140134166498,6.302605508156055,0.8610775377578052,1.0799295902252197,0.85,22.540900707244873,0.8936653418687287
04122500,0.7631875574588776,1.0462799072265625,0.12897324562072754,1.227678544819355,1.6369966161739458,-24.75365026168424,0.8724746560248986,1.0571320056915283,0.9473684210526315,14.62499216983193,0.895803946961836
04124000,0.8170070946216583,1.0772067308425903,0.08467621356248856,3.3359024673700333,7.100177391932401,0.8362646728330521,0.8871783021723517,1.0234845876693726,1.0,10.60093879699707,0.921156291593352
04127918,0.5698363184928894,1.2914239168167114,0.15906867384910583,28.04441750049591,17.386342298457848,-100.20256147681397,0.6234689180703668,1.2037262916564941,0.75,28.135583400726315,0.8761317052099296
04127997,0.49288445711135864,1.0337615013122559,0.48274311423301697,3.586800768971443,4.289160040560197,9.505444232896203,0.8085901656775911,1.1344289779663086,0.25,15.18647869427999,0.8679896383331662
04161580,0.6875772774219513,0.90378338098526,0.13852813839912415,-13.250139355659485,-13.868188341544652,24.932732180961015,0.766476052378216,1.1435071229934692,0.3333333333333333,37.25595474243164,0.842896524582136
04185000,0.8110993355512619,1.0650112628936768,0.07322163134813309,18.220709264278412,-19.684446758170665,-3.903306721137261,0.8473741945902422,1.1094591617584229,0.8695652173913043,16.55251461526622,0.9158164856929225
04196800,0.780351534485817,0.8462521433830261,-0.043322592973709106,-13.801708817481995,-10.966655521611253,-112.19591197224241,0.7855762917666581,0.9041739702224731,0.6086956521739131,37.753839078156844,0.885298233425547
04197100,0.7891703099012375,0.7999916672706604,-0.020144643262028694,-18.804383277893066,-26.08690499394819,-174.09614162760016,0.7685160187299632,0.9527106881141663,0.4,40.403714179992676,0.8934860506561659
04213000,0.6976983845233917,0.9515759944915771,0.010193605907261372,-3.8280658423900604,-8.352897810743237,-300.65990623365775,0.834183871696665,1.0180621147155762,0.45454545454545453,36.38629046353427,0.8424440921195601
04216418,0.6936895847320557,0.8957284092903137,-0.0025426270440220833,-15.084373950958252,-6.208825435853331,-48.71239894889781,0.8048508916369659,0.9961423277854919,0.5416666666666666,38.27326695124309,0.8350887261863389
04221000,0.8012944608926773,0.8826611638069153,-0.016954980790615082,-15.005649626255035,-3.4884193522403177,-21.447261848513275,0.8408143665097754,0.974882960319519,0.38095238095238093,35.873565219697504,0.8954017316193729
04224775,0.6660166382789612,0.7851346135139465,-0.01570545881986618,-25.40034055709839,-4.992039892757874,-717.8915974147717,0.716543275592044,0.9746513962745667,0.38095238095238093,52.2323245093936,0.816866091093272
04233000,0.745516449213028,0.8535194396972656,-0.0794491395354271,-14.315874874591827,1.5070117676394825,-28.02685486350351,0.7719867176493314,0.8864458799362183,0.22727272727272727,37.08919178355824,0.8671882377262352
04256000,0.8099537193775177,0.9853747487068176,-0.013722104020416737,-1.0193001478910446,2.227074284474163,-34.630482711314336,0.9014410593393296,0.9845123887062073,0.5,23.58917792638143,0.9037705829531468
04296000,0.8378474861383438,0.8986297249794006,-0.04443303495645523,-6.801342219114304,-11.441327454029,-87.22348503204921,0.8589150532425585,0.9483041167259216,0.08695652173913043,22.747168333634086,0.9165939738609312
05056000,0.735296756029129,0.8101608753204346,-0.1568097174167633,-24.10920411348343,-30.61580792547219,-147.23017572433034,0.5534477331129127,0.6159331798553467,1.4545454545454546,52.23534323952415,0.8740527433134514
05057000,0.7141760289669037,0.8038126826286316,-0.17083655297756195,-26.040902733802795,-35.29962032280806,-258.9211980336124,0.569125886189377,0.6411832571029663,1.3333333333333333,54.19416427612305,0.8643033402346258
05057200,0.6524885296821594,0.8122648596763611,-0.046799082309007645,-24.84198957681656,50.84271875713442,-106.18255353130866,0.6765658096405346,0.8185250163078308,2.0,66.73411528269449,0.8091282554303193
05120500,-0.3557494878768921,1.787976622581482,0.10468591749668121,58.36073160171509,-18.186805816627004,3.7254015031317715,0.09740852126174826,1.3908785581588745,2.1666666666666665,52.75741418202718,0.7975693389636239
05123400,0.3927420973777771,0.9163009524345398,-0.0272674560546875,-9.546175599098206,-80.77808339176383,-131.64788544693675,0.6524379802847644,0.9176818132400513,2.7142857142857144,64.80182920183454,0.6728646409913431
05129115,0.7922861278057098,0.9289841651916504,0.058382242918014526,-1.432706881314516,-0.08343087473456035,54.46222047462118,0.8557901710863465,1.0652015209197998,0.7333333333333333,29.97500737508138,0.8927526800730046
05131500,0.7661171108484268,1.102475643157959,0.06258520483970642,16.1461740732193,-16.286113491683206,-51.81162315240545,0.8236397914243809,1.1034162044525146,0.8888888888888888,32.54934416876899,0.900467320015815
05291000,0.5837361216545105,0.9901149272918701,0.05913984403014183,2.6208413764834404,29.012672720007625,-319.10021251959813,0.6921074216403287,1.2264330387115479,0.6666666666666666,45.1237784491645,0.791605652364619
05362000,0.7629616558551788,1.215112328529358,0.13685652613639832,18.821218609809875,7.071132406583406,-14.405094960938241,0.6233268679654922,1.3009952306747437,0.2631578947368421,56.53755288375052,0.9292101305099298
05393500,0.7568104267120361,1.1141719818115234,0.07694817334413528,12.186870723962784,8.07376485709255,-25.682039208699898,0.7717526562501015,1.1701048612594604,0.21052631578947367,25.625105908042507,0.8993722469990847
05399500,0.6743240356445312,0.899405837059021,0.050959955900907516,-10.794643312692642,-10.689504395134247,-346.78907050186496,0.7276489245548778,1.1838107109069824,0.5625,48.03817868232727,0.8260185491663317
05408000,0.6958247125148773,0.8445228934288025,0.04418310895562172,3.4823570400476456,2.2071748368012964,-16.338090794118408,0.7636751528653896,1.0676512718200684,0.1111111111111111,40.17291598849827,0.8353804139035312
05412500,0.7719591557979584,0.9827368855476379,0.03331612050533295,8.119870722293854,-9.321208338246274,-48.131149960483135,0.86979095831225,1.0579713582992554,0.7857142857142857,47.1440179007394,0.8846930139428394
05413500,0.6858215630054474,0.7492662668228149,-0.06758461892604828,-14.587777853012085,-25.82248695053721,-55.268168029338185,0.6874635428939951,0.912251353263855,0.16666666666666666,37.609574529859756,0.835343366172568
05414000,0.45715999603271484,0.6606860756874084,-0.08262920379638672,-20.195771753787994,-21.78919515355762,-89.07337161110677,0.5183844567013405,0.8760362267494202,0.3333333333333333,47.30064709981283,0.6814837912508521
05444000,0.5528988838195801,0.983340322971344,0.04928692430257797,3.5030655562877655,-20.25083062905432,18.63290203668979,0.7591463405124019,1.0816961526870728,0.4,42.8083610534668,0.7740383238555724
05454000,0.6240518689155579,0.9147983193397522,0.01577305607497692,-7.603803277015686,-12.508482585214264,-5.166337627729832,0.7785711337351121,1.0349059104919434,0.23529411764705882,48.43168258666992,0.7986222608113022
05458000,0.7843217104673386,0.7922714948654175,-0.02137482911348343,-12.400031089782715,-16.334312190653343,-655.587083381102,0.759196482755929,0.9448387026786804,0.3333333333333333,49.11221822102865,0.8914070290051134
05466500,0.7689300328493118,0.949718177318573,0.018754318356513977,-5.030980333685875,-11.59852190804018,-470.4101712453763,0.8661565515187656,1.0308746099472046,0.8888888888888888,37.58141199747722,0.8798643871710375
05487980,0.7101318836212158,1.0269614458084106,0.06595934182405472,-1.5795756131410599,-24.74343240495021,-291.6301347823754,0.7496571071801561,1.2066855430603027,0.2777777777777778,48.64603678385417,0.8613431187600279
05489000,0.7208842933177948,0.9404635429382324,0.06286272406578064,-9.46413055062294,-25.474608387163943,-96.0382652676958,0.735439516521504,1.213528037071228,0.29411764705882354,33.9988484102137,0.8555928080620077
05495000,0.8302397280931473,0.9553738236427307,0.03173219412565231,-5.106687545776367,-17.76497665573902,-122.89743493291067,0.8634167341265582,1.0951128005981445,0.2222222222222222,33.16865762074788,0.9127242985547362
05495500,0.8377260863780975,0.8458677530288696,0.0075739528983831406,-14.831845462322235,-11.509598711168428,-111.09399483434386,0.8235155115448296,1.0262954235076904,0.2857142857142857,30.880996159144807,0.9181551723597339
05501000,0.7720831036567688,0.9404181838035583,0.03401799127459526,-3.2890882343053818,13.514781875527419,-137.7851449388634,0.8200365956940983,1.1214615106582642,0.25,34.807288646698,0.8813242421691976
05503800,0.7310730516910553,1.1339316368103027,0.10421322286128998,9.049176424741745,-36.9011003970392,-31.56419406490018,0.5580405484870432,1.4076508283615112,0.05263157894736842,33.33402181926527,0.8941166888545675
05507600,0.7738662511110306,0.7955808043479919,-0.009575429372489452,-20.896947383880615,-21.713199585112765,-1.1251794035921692,0.7610090061184457,0.9561811685562134,0.1111111111111111,43.573644426133896,0.8842010465661273
05508805,0.7622864246368408,0.967262327671051,0.022860007360577583,-3.6116182804107666,-19.76125487991001,5.846416451129211,0.8432928236745487,1.0926706790924072,0.35294117647058826,42.431228301104376,0.8779445652216563
05514500,0.8212715834379196,0.8799589276313782,0.025955375283956528,-13.795952498912811,0.08128240332074678,-122.70277811561792,0.8256752612489603,1.0856338739395142,0.2222222222222222,32.879437340630425,0.9070156189496271
05525500,0.8614924401044846,0.9198302030563354,0.03307816758751869,-7.885203510522842,-19.38978894823076,-368.4740417668328,0.874379662369088,1.065449595451355,0.3157894736842105,21.418162396079616,0.9287987125132566
05556500,0.7178537845611572,0.8292625546455383,0.021582381799817085,-5.420752614736557,-44.21786637650196,-336.15046507511,0.7660299434508078,1.0490633249282837,0.21052631578947367,41.22724031147204,0.8477387039906528
05584500,0.8158500045537949,0.8436303734779358,-0.03954080492258072,-15.60082882642746,-20.19198065963029,-274.2951346668199,0.7947101259810423,0.9056152701377869,0.6,41.80891513824463,0.9062770303239024
05585000,0.8025826215744019,0.9697431325912476,0.027064941823482513,0.42980872094631195,-15.64590878161237,-318.4067551701431,0.8813746467154627,1.0544780492782593,1.3478260869565217,34.038352966308594,0.8990612137811931
05591550,0.7450917959213257,0.7292033433914185,-0.07202624529600143,-31.004273891448975,-40.321610789398825,-24.45963624798019,0.648920951534604,0.8121235966682434,0.21052631578947367,49.703040875886614,0.8790532095832845
05592050,0.774615615606308,0.9553536176681519,0.011061590164899826,-6.894946843385696,-27.6501556269159,-4.533755356177694,0.8705377402974086,1.0333607196807861,0.2,27.996163368225098,0.8831486430786546
05593575,0.8364979475736618,0.9533472061157227,0.024527186527848244,-4.319718852639198,-19.28487385380256,-2.7423567923541907,0.8691696126876998,1.088512897491455,0.1111111111111111,34.68622631496853,0.915705432887138
05593900,0.7490017414093018,0.8287693858146667,-0.01266661286354065,-19.572389125823975,-17.024892560417417,-3.349438742899679,0.7777333273732695,0.9528598785400391,0.05,37.73165941238403,0.8663573441037186
05595730,0.8095153719186783,0.845140278339386,0.03606729209423065,-10.184697061777115,-35.431756514470486,-21.161051888642938,0.7648875757475053,1.1474580764770508,0.3333333333333333,36.57417032453749,0.9022634442658714
06191500,0.9336161613464355,0.8791463971138,-0.0014410269213840365,-9.943875670433044,-5.390343408644317,28.92361740014669,0.8755973495025369,0.9981807470321655,0.9,16.19066834449768,0.9705531591022453
06224000,0.8731757700443268,0.8627784848213196,0.004543385934084654,-18.356125056743622,-18.08299777066121,-805.8190176188781,0.8490263779739202,1.0069187879562378,1.2,35.444397926330566,0.9374266774658929
06278300,0.7101903259754181,0.934029221534729,0.05596613511443138,-14.266753196716309,-12.321483784077737,-890.1575803758892,0.7815139813912207,1.1433275938034058,0.6,40.27376651763916,0.8488669540744715
06280300,0.8849196583032608,0.8742918968200684,-0.009016179479658604,-18.290895223617554,0.038278786687200334,4.360220802266811,0.8614222825612368,0.9864720702171326,1.5,25.612356662750248,0.9432703632901535
06289000,0.7542622834444046,0.9983350038528442,0.0922611728310585,-11.494331806898117,19.315711652164392,51.93264249004936,0.8317590257060927,1.1191076040267944,0.8888888888888888,24.601978725857204,0.881190775264757
06311000,0.6125967502593994,1.0139938592910767,0.04277561604976654,-6.289313733577728,15.98108680940798,1.295761743104787,0.7892817101011373,1.0899728536605835,1.1,27.7167534828186,0.8099703833498212
06332515,-0.395766019821167,1.3208494186401367,0.22500161826610565,49.37928020954132,38.25051497319892,-13.131475414326879,-0.6105973538086069,2.506640911102295,0.36363636363636365,46.00706967440518,0.5297738292625348
06339100,0.20386207103729248,0.7116706371307373,0.061535317450761795,-9.734129160642624,11.465243841158875,1.2333139648195734,0.26048943127413426,1.4641793966293335,0.7,60.75575351715088,0.5017234226762346
06339500,0.39791160821914673,0.6775304675102234,0.040316417813301086,-14.50764387845993,16.665741942076632,-51.787253237618124,0.45299771496028163,1.2469528913497925,1.3333333333333333,57.41509331597222,0.6336133600846289
06344600,0.3447096347808838,0.6357457041740417,0.04243031516671181,-15.992484986782074,378.0478071654025,17.485281578988538,0.35186228421333454,1.3458688259124756,0.5555555555555556,48.10023307800293,0.590395237015709
06350000,0.6918239295482635,0.5940815806388855,0.02064436301589012,-22.92599231004715,146.66264055970703,-141.60075165492796,0.5417010323058122,1.1754627227783203,1.3333333333333333,57.08028475443522,0.879662917069796
06352000,0.6764053404331207,0.5725072622299194,0.01751888357102871,-29.698148369789124,-9.711429644485067,-92.49670002450772,0.532996680989748,1.1423981189727783,1.4285714285714286,55.59232234954834,0.8772611111609412
06353000,0.7127905786037445,0.7188118100166321,0.039779070764780045,-15.719754993915558,-68.89346051225434,-53.95999462346525,0.5810361056841246,1.2753534317016602,1.375,55.482929944992065,0.8563182885530639
06354000,0.6639689207077026,0.6346437931060791,0.018351007252931595,-24.360738694667816,-24.065717433881535,2.5712636832669253,0.5842426267751191,1.118277668952942,0.8571428571428571,52.17084203447614,0.8406907770968745
06360500,0.7131181955337524,0.8154292106628418,0.07896481454372406,-17.117109894752502,-69.52259795229057,-76.50440395315255,0.5144923380074768,1.4228367805480957,2.25,69.37136054039001,0.8488035364414035
06404000,0.557993471622467,1.3137290477752686,0.15544982254505157,26.548445224761963,-50.49765183301287,57.836778250739705,0.41640703225686404,1.476839542388916,0.6666666666666666,41.85434712304009,0.8784315526314768
06406000,0.34443753957748413,0.9766544699668884,0.08447595685720444,21.094290912151337,-66.82731878311505,-14.215671905805882,0.5948341276760283,1.23151695728302,0.3333333333333333,76.62134170532227,0.6683160106156308
06409000,-0.41707849502563477,1.0096021890640259,0.4996781051158905,19.325417280197144,-32.06061549657942,55.49496220385669,0.36166413571038747,1.2705132961273193,0.6923076923076923,45.09758949279785,0.42189704184991533
06431500,0.5679802298545837,1.060362458229065,-0.19374333322048187,3.584345057606697,-12.865914937206934,35.816336431868244,0.7813927771611218,0.8991003632545471,0.5833333333333334,29.874958594640095,0.8157047075519643
06447000,0.37144994735717773,0.7960185408592224,0.1310247927904129,-16.72748029232025,-51.456710323911715,-21.420858703200018,0.4558520013839421,1.3555325269699097,0.6,69.90339756011963,0.6421100294908348
06447500,0.3766170144081116,1.1444002389907837,0.1349761039018631,19.883862137794495,-44.9262910368692,-815.1566568636497,0.6761088772349338,1.137404203414917,1.2857142857142858,43.563917704990935,0.7447077845500732
06450500,0.3890465497970581,1.0096640586853027,-0.005368093494325876,5.571133270859718,16.720309026350055,40.08591143638991,0.697305709140766,0.9946306347846985,1.0588235294117647,54.921509237850415,0.6975076701704879
06452000,0.53534796833992,0.8517389297485352,0.06362639367580414,-10.601630806922913,-12.882798524637975,-1.331725128959278,0.660524800372787,1.1642036437988281,0.5,49.51571822166443,0.7425136322579118
06453600,0.5825013518333435,0.9493184089660645,0.09836839884519577,0.6885718088597059,-31.492744575932434,-12.527553308695241,0.5928498355685203,1.3429927825927734,0.9090909090909091,52.99465006048029,0.786555431514137
06464500,0.6073595285415649,0.8850564956665039,0.10982333868741989,-15.837763249874115,10.187072329896795,-81.11063228586384,0.7089947266756713,1.1685220003128052,1.1538461538461537,29.937610259422886,0.7924610992496258
06468170,0.6207375228404999,0.47225281596183777,-0.08367211371660233,-52.43488550186157,-20.369203736004227,3.4167345304399923,0.34880906143090606,0.6316502690315247,1.6,73.23827743530273,0.900747675544905
06470800,0.7014791965484619,0.6547502875328064,-0.05345309153199196,-32.506263256073,238.58525567385942,37.56696221223198,0.5601607868607641,0.7631427645683289,0.8333333333333334,41.9366995493571,0.8652416255666158
06477500,0.295574426651001,1.1902859210968018,0.10255716741085052,28.064164519309998,-35.771167899055186,-15.726489875276526,0.3660645151741566,1.5378997325897217,0.7142857142857143,63.315486907958984,0.7237223410522945
06479438,0.25832492113113403,1.1063920259475708,0.1613728553056717,33.3203911781311,-23.203949696981702,-142.66792430529605,0.24250069089351944,1.6790988445281982,1.0909090909090908,38.468317552046344,0.6817065827384537
06601000,0.011982321739196777,1.218779444694519,0.049265239387750626,49.764284491539,2.8373087798575414,-21.80945207097387,0.5519234734575291,1.0701065063476562,0.3888888888888889,64.34241930643717,0.6153011489681187
06614800,0.8663054406642914,0.8698188066482544,0.0002511340717319399,-15.160320699214935,-4.448068442871027,-1.7945995991415993,0.8535378649881663,1.0004912614822388,1.2,23.220317363739014,0.9328898476242522
06622700,0.9179277569055557,0.9503054022789001,-0.0007538615609519184,-11.917275935411453,25.596831762347243,3.4731989014470956,0.9349889886738414,0.9983434677124023,1.0,25.465557575225827,0.9581176116754533
06623800,0.9380344338715076,0.9552033543586731,0.021554088220000267,-13.678476214408875,26.607900088196583,-11.744102418174334,0.9319327598760024,1.0407010316848755,0.6,24.630868434906006,0.9688578141876635
06632400,0.9069663509726524,0.9387680888175964,0.016630355268716812,-10.58153286576271,0.08424380879732446,-329.6974300989379,0.9136902839702401,1.0381133556365967,0.6,23.28070878982544,0.9525933310998722
06746095,0.8509780913591385,0.8069252371788025,-0.08642309159040451,-26.31801962852478,1.3786973483562983,-785.9786076961084,0.730839897171051,0.8239474296569824,0.9,29.57484245300293,0.9353873898372339
06784000,-0.09746682643890381,1.3506131172180176,0.2413112074136734,38.03538978099823,-1.282283054561836,65.35973874730873,0.44492555717196847,1.2647806406021118,0.75,50.12780427932739,0.6607813515181549
06803510,0.6004848778247833,1.2379100322723389,0.046165529638528824,32.57727921009064,37.56385135654775,-197.65191449540382,0.6538558615798389,1.2104010581970215,0.1111111111111111,40.057317415873214,0.8623556182897977
06803530,0.7259495556354523,1.0828417539596558,0.01772613823413849,7.140882313251495,25.00797533766992,-671.489180104718,0.8348864543336223,1.0722116231918335,0.06666666666666667,72.66176223754883,0.8767717230526553
06814000,0.7357089519500732,0.8999348878860474,0.03585739806294441,-8.397988975048065,-31.062228055714158,-7.110955774534967,0.7763380923448576,1.1423169374465942,0.4444444444444444,43.743016984727646,0.8594385842793916
06847900,-0.20374083518981934,1.1536227464675903,0.2547436058521271,88.63021731376648,-37.980361261383216,-21.381377254250218,-0.7268177027690514,2.650653123855591,0.375,50.38290023803711,0.5166329602981627
06853800,0.5649567246437073,0.8967233896255493,0.1595880687236786,-1.2546083889901638,-72.38929818495399,-39.806873998192955,0.1271784317125194,1.8376623392105103,0.5833333333333334,65.49806594848633,0.7775741982463431
06876700,0.36262214183807373,0.8268044590950012,0.06550169736146927,-20.36103457212448,-38.74650722869459,-133.69620764491967,0.5511716141036598,1.1960498094558716,0.6153846153846154,51.72359393193171,0.6352882003427152
06878000,0.6994736194610596,0.7405164241790771,0.07385727763175964,-25.375518202781677,-0.01308435341620379,-261.50171204736654,0.5650385036644618,1.3133915662765503,0.2,52.321888605753585,0.8462290555391937
06879650,0.17004841566085815,0.9066381454467773,0.06460314244031906,-3.2724767923355103,-87.08803654254599,-413.4171770170056,0.4426261780877382,1.3144983053207397,0.5833333333333334,77.78816223144531,0.5494004467181005
06885500,0.7257300615310669,0.7304112911224365,-0.007415491621941328,-28.51242423057556,-9.414430358244017,-170.3505064610563,0.6954980281381224,0.9682180881500244,0.17647058823529413,53.41102936688591,0.8620388134558841
06888500,0.617150217294693,0.9749962091445923,0.017726683989167213,-6.965404003858566,-17.703301396115844,-203.1757074441623,0.7938820203339358,1.0591720342636108,0.1111111111111111,55.27350637647841,0.804147753789789
06889200,0.41447973251342773,0.5327833890914917,-0.006198919843882322,-23.46012443304062,-16.317133635263843,-1.6166407647270027,0.41810128470921426,0.9604020714759827,0.16666666666666666,59.5992300245497,0.6554034860814153
06889500,0.6387755870819092,0.7115877270698547,0.005301462020725012,-19.046616554260254,-8.90719289730433,-182.68942910571897,0.6505407299991606,1.0279148817062378,0.2,53.704071044921875,0.8046518451786305
06892000,0.7856583744287491,0.8931297659873962,0.018129603937268257,-11.643177270889282,-9.525467577095469,-82.26104656248576,0.8309923401708358,1.0654139518737793,0.47619047619047616,41.50292532784598,0.8865832593340971
06903400,0.5766198933124542,1.121738314628601,0.05824371799826622,14.948232471942902,-37.87958782444667,-22.070442737004946,0.7200876211683532,1.1758267879486084,0.35294117647058826,49.59136177511776,0.819401929095978
06910800,0.7737351208925247,1.089333176612854,0.03370760753750801,-3.7431079894304276,-39.78745663169695,-11.065886204027493,0.8016443036862361,1.1463912725448608,0.18181818181818182,47.130641070279204,0.9003297379401908
06911900,0.8193174600601196,0.8922433853149414,0.024829482659697533,-12.633207440376282,-38.45671288883884,-15.090746703577459,0.8110073681147755,1.1232699155807495,0.047619047619047616,54.19075375511533,0.9056005571455282
06917000,0.8015788942575455,0.865766704082489,0.04952148720622063,-16.738201677799225,-38.61086599033264,-26.38140240387241,0.7239883550385999,1.2181791067123413,0.3888888888888889,38.474716080559624,0.8972297328230354
06918460,0.3284679651260376,1.418472409248352,0.07677769660949707,48.70934188365936,-13.260648286271826,-5.539236687832624,0.5188889187584026,1.1626439094543457,0.25,45.97417116165161,0.8270963450104502
06919500,0.7978678643703461,0.9666855335235596,0.1005411446094513,-3.9265088737010956,-49.55044477531279,80.91614278287703,0.6689366615528899,1.3142327070236206,0.6875,30.914247035980225,0.9012534242429475
06921070,0.7893006056547165,0.9167429804801941,0.08419092744588852,-9.163638949394226,-42.79322906611955,58.64989584513551,0.6950926748623529,1.2730013132095337,0.05555555555555555,31.839627689785427,0.892729180999008
06921200,0.7330293357372284,0.8317453265190125,0.05578061193227768,-16.867533326148987,-53.939275229548464,88.62842989367711,0.6898493328478359,1.2187083959579468,0.2777777777777778,43.658534685770675,0.858400428234261
07014500,0.8411386162042618,0.9277193546295166,0.18718937039375305,-6.124112382531166,-33.977092291650465,24.222617963726787,0.6158867709987882,1.3717968463897705,0.3333333333333333,33.91918871137831,0.93608141105136
07056000,0.8813825622200966,0.9964159727096558,0.08104469627141953,8.540821820497513,-48.20092396100289,43.615413466467814,0.7442095350795217,1.2495100498199463,0.0,35.46866348811558,0.9437803261174132
07057500,0.8490439057350159,1.1673798561096191,0.07376736402511597,19.075392186641693,34.71110317748125,-50.610471667954336,0.7903052197846412,1.115858554840088,0.3125,29.24584150314331,0.9496742621648008
07060710,0.5752695500850677,0.7101143002510071,0.0981845036149025,-18.36388111114502,-38.93797988760806,48.4018863252599,0.4030821640599066,1.466841697692871,0.2,46.654411951700844,0.7668991350516284
07066000,0.644515335559845,1.1918538808822632,-0.006994321011006832,1.5564336441457272,-1.310769607126357,-36.518360423684086,0.765799150071667,0.9867815971374512,0.3157894736842105,37.978418249832956,0.8663310046296027
07067000,0.6688680052757263,1.2428224086761475,0.13745146989822388,12.018832564353943,0.0008732801529529966,-30.412614764009994,0.6688215296663547,1.2008326053619385,0.2222222222222222,35.76795525021023,0.8981043588725057
07068000,0.8379568010568619,1.0948103666305542,0.03045499697327614,4.0404025465250015,13.924090331432915,-47.841496016915244,0.8754933694940181,1.041060209274292,0.5,24.041970570882164,0.9305237117162672
07071500,0.845041498541832,1.0714634656906128,0.1063019409775734,10.186758637428284,-0.5433489102928619,-6.939186327169922,0.8103257919082383,1.1633676290512085,0.35714285714285715,34.23608030591692,0.9353447908911409
07083000,0.8890365660190582,0.9773294925689697,0.02148592472076416,-1.930011436343193,-9.192110073738432,15.207596330481135,0.9315347505494601,1.0317375659942627,1.1,19.00695562362671,0.9437304222523034
07142300,0.3057471513748169,0.9674175381660461,0.1775476485490799,16.066713631153107,-62.388299821408864,-53.066005346914416,0.3277831670208836,1.577811360359192,1.375,41.35830998420715,0.6580235599325996
07145700,0.7440279424190521,1.0874254703521729,0.05042431503534317,2.8982214629650116,19.134287606537445,-207.47241658224448,0.7410509971416668,1.2159616947174072,0.22727272727272727,46.35987715287642,0.8869870820223997
07148400,0.5466603338718414,1.1199774742126465,0.18518586456775665,20.906856656074524,-41.23266320320849,-2.6057697315418555,0.5491613496436487,1.3952542543411255,0.4117647058823529,40.51844372468836,0.8193484880718376
07149000,0.5422889888286591,1.1812255382537842,-0.03509162738919258,16.276083886623383,-4.389754561796832,83.18337802523281,0.7398530926554905,0.948253333568573,0.47368421052631576,43.29987074199476,0.8206790581143026
07151500,0.6486384868621826,0.7311113476753235,-0.06356543302536011,-25.22689402103424,50.537781867756394,-33.295663740717366,0.6275694859227758,0.8238523006439209,0.55,54.44242000579834,0.8119165916982438
07167500,0.6988866627216339,0.8356009125709534,0.0015831813216209412,-14.647400379180908,-28.440961376084857,-91.4895247645407,0.7676328025255061,1.0083746910095215,0.17647058823529413,50.60298022101907,0.8359959785092386
07180500,0.743181973695755,1.0192856788635254,-0.00132394814863801,-4.733967408537865,15.819375594770039,10.607111228407556,0.8725998784666957,0.9941525459289551,0.21052631578947367,50.925400382594056,0.8742038917996241
07184000,0.710483729839325,0.7902793884277344,0.03603215515613556,-17.033028602600098,-44.026472257189525,-43.772758640488775,0.6943931593481054,1.1597965955734253,0.5,50.742742750379776,0.8454753929688525
07195800,0.29396843910217285,1.3108094930648804,0.020973235368728638,20.921742916107178,12.927021919394473,90.07959223984692,0.6096944610063486,1.042129397392273,0.0,78.67391109466553,0.7677049577256527
07196900,0.5784017741680145,1.0929728746414185,0.08716023713350296,9.505067020654678,-36.57037170702016,84.95864603250168,0.6599621460242278,1.2694337368011475,0.4090909090909091,54.32577133178711,0.8145620098503825
07197000,0.7973573505878448,1.0409207344055176,0.07462941855192184,1.9400155171751976,-27.49948337019385,60.87492477193342,0.7780540072370502,1.1969164609909058,0.15789473684210525,48.24656938251696,0.9061414650121709
07208500,0.6949653327465057,1.226040005683899,0.1621474325656891,26.98284685611725,-10.425243318026693,-455.8691943798748,0.6385691335811652,1.2663064002990723,1.1818181818181819,44.899363951249555,0.9071609554635397
07226500,0.2665119767189026,0.41789835691452026,-0.030381033197045326,-55.487966537475586,33.49968170365909,-809963476562.5,0.2222775495792919,0.7900035381317139,0.3333333333333333,78.31034660339355,0.5289252999699762
07261000,0.902572438120842,0.9433526992797852,0.08994726091623306,-4.224777966737747,-35.05954398677484,82.08848600871896,0.7501825622621678,1.2389893531799316,0.21052631578947367,14.476932977375231,0.9543499771561164
07291000,0.5839633345603943,0.7055443525314331,0.026946280151605606,-18.720558285713196,23.018780981915945,-14.890873682872732,0.6086579137730278,1.110516905784607,0.3684210526315789,43.57719421386719,0.767125540983683
07292500,0.7392000257968903,0.8933894634246826,0.023587508127093315,-7.523084431886673,47.81496161349422,-4.524197658500344,0.8137844196266454,1.0625231266021729,0.3157894736842105,48.4007383647718,0.860711470304275
07299670,0.21002286672592163,0.4621223509311676,-0.05591391399502754,-43.419307470321655,60.77366840644592,-468.86294699585835,0.18913630521026759,0.7199991941452026,0.6666666666666666,80.12889862060547,0.4616812144454679
07301410,0.14049464464187622,0.7718169689178467,0.08283673971891403,4.020089283585548,-15.771296846145669,-4.189894168596826,0.41724793767078483,1.1362156867980957,0.4375,57.079923152923584,0.48136934419064875
07301500,0.3740174174308777,0.9135409593582153,0.12128489464521408,7.745970785617828,-22.46018272343127,-15.932307578133765,0.55856187329187,1.2796094417572021,0.9375,43.8803106546402,0.6695291025171642
07315200,0.27887850999832153,1.0388551950454712,0.1175536960363388,5.3961131721735,-78.80531288742606,-1474.6427893535877,-0.01691044856093593,1.9577070474624634,0.7272727272727273,59.71812334927645,0.660302567788461
07315700,0.6099914312362671,1.0849705934524536,0.12014064192771912,6.817791610956192,-54.34582552796117,-51.575074739322936,0.39231015738847086,1.577278733253479,0.7222222222222222,49.58087073432075,0.8302466283256161
07335700,0.4113759994506836,0.8147979974746704,0.11288531124591827,-10.876361280679703,-52.635691224029266,-33.95926169836316,0.47225291244414547,1.365741491317749,0.3157894736842105,53.9320895546361,0.6676592588728196
07340300,0.6940429210662842,0.9109227657318115,0.05649697408080101,-6.61296471953392,-24.538324687443943,-680.7077799650866,0.7619623300980843,1.1501266956329346,0.16666666666666666,41.834501425425216,0.8381693666644048
07346045,0.7968565821647644,1.1172863245010376,0.13910320401191711,19.934582710266113,-41.24998303834762,-26.101485445731885,0.6817907764798115,1.2858508825302124,1.4285714285714286,23.643665654318674,0.9239059728030026
07362100,0.7222424447536469,0.8860815763473511,0.08784620463848114,-0.6418718490749598,-55.41976266379217,87.002933748754,0.6854082488723441,1.2548514604568481,0.3333333333333333,43.713318506876625,0.854943818700918
07375000,0.5637962520122528,0.9129289984703064,0.04340469464659691,0.8928320370614529,51.99476705343362,-163.01788500136897,0.7270817684097765,1.1108072996139526,0.47058823529411764,61.66323493508732,0.7662806294309034
08013000,0.6643615067005157,1.1682721376419067,0.1588590443134308,22.40769863128662,-33.827581706320956,2.5107272009796064,0.5882454384733675,1.355880618095398,1.3529411764705883,27.808186587165384,0.8792718247655084
08014500,0.644923061132431,1.0966176986694336,0.13059045374393463,17.123475670814514,14.163184340032538,-72.32338214875766,0.6708352100473773,1.2766859531402588,0.8333333333333334,43.46359570821126,0.8501355192741014
08023080,0.710744172334671,0.8669916987419128,0.11295335739850998,-10.507413744926453,-69.69255060354087,83.42948449818032,0.5334016857618691,1.4215989112854004,0.5714285714285714,36.56981331961496,0.8507447265612751
08029500,0.5329434871673584,0.6078578233718872,-0.02195947989821434,-21.548011898994446,46.83451693983664,-135.36435294885834,0.5251942237477716,0.9260823130607605,0.47368421052631576,40.63850703992342,0.7427040341758159
08066200,0.5927567481994629,1.1032863855361938,0.0700964480638504,10.410694032907486,0.5840724125707613,5.2750730325402495,0.6385129340752397,1.2974884510040283,0.25,50.54011821746827,0.8225022734991104
08066300,0.6441967785358429,1.0334582328796387,0.09338366985321045,6.132005900144577,-4.317829936217059,-33.272389708156815,0.7294016585954188,1.209970235824585,0.7368421052631579,45.56507813303094,0.832618671617022
08070000,0.5643602907657623,1.0524187088012695,0.07822740077972412,6.5162427723407745,25.474080746708914,-661.9880749832795,0.6767286962353454,1.2462637424468994,0.7647058823529411,35.14381576986874,0.7972420557379944
08079600,0.16111654043197632,0.17415392398834229,-0.07350017130374908,-76.26579403877258,-84.96734913560041,-298.8950134845703,-0.12843838268711738,0.3657585680484772,1.0,92.40187538994682,0.565156064485491
08082700,0.440921425819397,0.3838619291782379,0.017605984583497047,-32.181087136268616,-71.88437782859845,-4494.873136820794,0.278086809426595,1.2950998544692993,0.5,78.96162668863931,0.7666577442894044
08086212,0.4976363182067871,1.1181113719940186,0.11597950756549835,27.474844455718994,-83.85998155835193,-172.84740175106953,-0.21438611007703678,2.1898200511932373,0.5,45.382118225097656,0.787605146172866
08086290,0.42992961406707764,1.2958050966262817,0.07702095806598663,17.926812171936035,-79.59994380311764,-317.04269997622936,0.16324943447459173,1.7608060836791992,0.5,60.00731331961495,0.8160843759934296
08101000,0.6678045094013214,0.6945328712463379,0.025727173313498497,-19.572237133979797,-40.91482200803407,-16.616379541776865,0.6227789322026602,1.1399058103561401,0.47058823529411764,49.48107775519876,0.8285009286621337
08103900,0.5489715337753296,0.7332159876823425,0.0134036960080266,-24.042406678199768,-84.76263643455046,-100.2021889098976,0.621995462387307,1.0684025287628174,0.6666666666666666,57.248280843098954,0.7410891750306107
08104900,0.4675336480140686,0.5967290997505188,0.008389201946556568,-4.908191040158272,-31.023366843669447,4.248057024418323,0.4882978407628046,1.0567216873168945,0.16666666666666666,62.25564479827881,0.6901704807996734
08109700,0.6546701788902283,0.7634223699569702,0.030533667653799057,-30.8300644159317,44.456073123243144,-3.445317904321755,0.6734757033105079,1.1223276853561401,0.8,48.49215825398763,0.8110950538307692
08150800,0.1909298300743103,1.0708400011062622,0.025003327056765556,-12.913800776004791,-21.484626338721004,0.9193988274335202,0.5867457747791671,1.1582145690917969,0.42857142857142855,77.58105141775948,0.6248614935344111
08158700,0.6478455662727356,1.08967924118042,0.06696952879428864,16.259725391864777,-54.70735767266037,-36.155074933386025,0.7234808270121813,1.210083246231079,0.42857142857142855,47.63868195669992,0.8441618904626246
08158810,0.5933151841163635,0.5416425466537476,-0.041572004556655884,-37.86022365093231,-42.50101792475449,-30.072214221753573,0.480860038363243,0.835510790348053,0.38461538461538464,66.76739912766678,0.8201165804243499
08164000,0.28271567821502686,1.3548115491867065,0.01172684133052826,10.025306046009064,35.68754195224037,-107.8885736777933,0.5813535570795787,1.0419501066207886,0.5238095238095238,55.99886576334635,0.7817941401149927
08164300,0.6462798416614532,0.9063209891319275,0.006208599545061588,-17.022299766540527,40.76331873212672,21.459248752323184,0.7853406337710983,1.0331236124038696,0.6470588235294118,49.335485346177045,0.8097220119564759
08164600,0.732661783695221,0.873310923576355,0.030117716640233994,-7.5433120131492615,63.227101989195944,23.920157694230223,0.7507861274817546,1.159711480140686,0.16666666666666666,43.424434132046166,0.8566484207211675
08165300,-0.20466434955596924,1.0692189931869507,0.08059944957494736,75.79919695854187,52.64209752416617,-475.3942798004225,0.31571945498627707,1.3898943662643433,0.2857142857142857,104.89290782383509,0.4419399867202553
08171300,0.6453389823436737,0.9770057797431946,0.0031711917836219072,1.9085066393017769,-1.103799209372052,-1.8019598542439186,0.8169077844386669,1.0122606754302979,0.08333333333333333,43.781443436940506,0.8187716879956884
08175000,0.6802780628204346,1.0107107162475586,0.03759146109223366,8.185676485300064,-0.8842303078390205,-3.161172034736079,0.7417636730455066,1.2044334411621094,0.6666666666666666,39.19475237528483,0.842588916365363
08176900,0.6226424276828766,1.0672422647476196,0.020381774753332138,-8.901725709438324,14.324785096271448,2.1183897389796074,0.7783690078678439,1.118979811668396,0.42857142857142855,51.13885743277413,0.8255219815551315
08189500,0.6844769418239594,0.8481425046920776,0.0038659395650029182,-17.012639343738556,16.46671274807722,-3.1878497962758705,0.7692295581629846,1.0217008590698242,0.6153846153846154,38.95676319415753,0.8275953287753278
08190000,0.5676945149898529,0.9579304456710815,-0.05933833867311478,0.7226535584777594,17.133188108214135,-647.2626304439146,0.7006022269207404,0.8045724630355835,0.1,45.65128803253174,0.7771160460701407
08190500,-0.675033450126648,1.7153759002685547,0.217769056558609,90.80200791358948,-52.647124632420486,-80.73972811433747,-1.2996386848208399,3.161200761795044,0.125,55.365729331970215,0.674751373168159
08194200,0.31556904315948486,0.5584837198257446,-0.011522491462528706,-33.826664090156555,22.47817304958895,-59.76419913869317,0.3698781108899605,0.8991484045982361,0.5454545454545454,64.2223531549627,0.5618836625031973
08195000,0.2710273861885071,0.8655335307121277,-0.022079110145568848,7.252933084964752,-15.465451770693553,-305.24471932162066,0.5596061580586935,0.9136885404586792,0.375,66.08701944351196,0.5896150141526556
08196000,0.07975393533706665,0.7028608918190002,0.03531305864453316,18.61775517463684,-51.88058472163162,43.279449166170394,0.30048707537372943,1.2276140451431274,0.0,105.3794347322904,0.409052854679726
08198500,0.3990272879600525,0.5005190968513489,0.014239740557968616,-16.00729674100876,35.171831834439935,15.485764499999663,0.3594255813028594,1.1941814422607422,0.14285714285714285,54.768967628479004,0.6490755341095104
08200000,0.34843963384628296,0.35274019837379456,-0.02543119713664055,-35.36312282085419,-42.56710394527824,-9.376680453646244,0.2375685063629227,0.7671024799346924,0.42857142857142855,63.410479681832456,0.6711911241527999
08202700,0.36605364084243774,0.5866627097129822,0.08715426921844482,46.83634638786316,223423767.08984375,-2089458203125.0,-1.2771820690298568,3.2054476737976074,0.42857142857142855,65.06178719656808,0.6117848301392556
08267500,0.7997359186410904,0.693884551525116,-0.09773346036672592,-30.195629596710205,-1.8475374276166405,64.25107357238223,0.6599798260074509,0.869535505771637,1.25,36.820149421691895,0.930099594617188
08269000,0.8575868606567383,0.8030014634132385,-0.04626994580030441,-21.931838989257812,2.778669844231708,-11.231116650383933,0.780412906909081,0.926388680934906,1.0,29.56903576850891,0.9368221420093142
08271000,0.8745673298835754,0.8263660073280334,-0.09103082865476608,-14.563290774822235,14.344399729065946,-18.199534870389034,0.7852358572703829,0.8850910663604736,0.8888888888888888,29.895909627278645,0.9473615106504212
08324000,0.6565764248371124,1.1757943630218506,0.19801819324493408,18.150994181632996,-5.178600888975716,35.49641516050885,0.6230130229407826,1.3125823736190796,0.9230769230769231,40.26869993943434,0.8837770138713911
08377900,0.6232793033123016,1.2886958122253418,0.12428579479455948,39.21842277050018,-6.97261727597393,46.06277865715162,0.6357408163446996,1.1941944360733032,1.0909090909090908,46.22309424660423,0.8921667867540439
08378500,0.5374004244804382,1.4214571714401245,0.1712278127670288,47.54931926727295,7.155400582124659,12.121029852447595,0.5049488730895317,1.2436444759368896,0.6,43.8892936706543,0.9100731394829528
08380500,0.5027477145195007,0.8025035262107849,0.04781293496489525,-24.091938138008118,-23.364056994867326,40.8905235406205,0.6434839972899249,1.0859853029251099,0.8125,56.11473321914673,0.7159131634340069
09034900,0.9442193396389484,0.9658214449882507,-0.016550926491618156,-3.1454313546419144,-16.46117668270673,-1049.7426432465418,0.9466726299383189,0.970262885093689,1.0,15.854136943817137,0.9718692557501021
09035800,0.7533825784921646,1.2859365940093994,0.14010562002658844,29.985705018043518,6.17081286515748,-1574.5740160420148,0.6429407858951903,1.2062593698501587,1.1,21.648287773132324,0.9435321424838548
09035900,0.93817488104105,0.989745020866394,-0.06844629347324371,0.8607439696788788,11.265919729385015,-1779.4624217739674,0.8965419498766457,0.9011657238006592,0.8,20.426440238952637,0.9711869927559059
09047700,0.8230991512537003,0.9330952763557434,-0.006330006755888462,-6.719619035720825,17.590647412807243,55.050038821930144,0.8856579227762226,0.9919251203536987,1.375,25.074559450149536,0.9076275750202926
09065500,0.8638324439525604,0.7258144617080688,-0.09966777265071869,-31.434684991836548,-14.652836902359429,-19.588784262131952,0.6658703034599163,0.8123090267181396,0.9,42.631821632385254,0.9648283743617053
09066000,0.9463574625551701,0.968978762626648,-0.00174811203032732,-5.989209562540054,2.557830002976134,45.884301403870126,0.9586161207116725,0.9966149926185608,0.6,13.173704147338865,0.9728182042203866
09066200,0.8323061615228653,0.7562735676765442,-0.06652965396642685,-26.478013396263123,-21.08651920182177,25.853462456540548,0.7157483604952074,0.8708450794219971,1.4,44.51949596405029,0.9313310314732176
09066300,0.8887489065527916,0.964306652545929,0.08372612297534943,0.20206377375870943,-31.105544866164525,94.46487543049506,0.8150970603118446,1.1733916997909546,1.0,21.21166706085205,0.9466108578787027
09081600,0.9314365163445473,0.890785276889801,0.022220933809876442,-12.601503729820251,-20.444400057338598,-31.366460650174155,0.8817408983854456,1.0326238870620728,0.6363636363636364,21.320447054776277,0.9684874411764895
09210500,0.8447530567646027,0.7848526835441589,-0.06038105860352516,-25.508716702461243,-12.302007143877184,31.69641655217837,0.7627191612379995,0.9257526993751526,1.2,33.685455322265625,0.9329092628198783
09223000,0.8982466235756874,0.9693523645401001,0.07490416616201401,-5.104769766330719,-14.030271165501013,58.69905295135438,0.8515139355583564,1.1367383003234863,0.5,25.99549531936646,0.9508932693133714
09306242,-2.3371670246124268,1.8780152797698975,1.067169427871704,65.43793678283691,-8.92740394607061,-719.9756965289089,-0.795917807162043,2.519864082336426,1.5555555555555556,51.5184137556288,0.6199695935902451
09312600,0.7847672998905182,1.103765606880188,0.1394549459218979,-4.285406321287155,-36.41054944877794,-6.024535518245683,0.6355530629886279,1.339160442352295,1.0,47.85517156124115,0.9161879300508992
09352900,0.871536135673523,0.8699968457221985,-0.025836043059825897,-17.76476353406906,-9.901248853828545,-667.8784152950448,0.8506259381060656,0.9632596373558044,1.0,43.06526184082031,0.936266680634945
09378630,0.4001356363296509,1.3608323335647583,0.23642820119857788,29.50158417224884,-70.40457012252158,-275.513806654695,0.0700592860989353,1.8434913158416748,1.0,39.132258892059326,0.8479731651164407
09386900,-0.04679429531097412,0.8061336874961853,0.12057488411664963,-10.898099094629288,-70.44309227734162,-170.89268018868606,0.014403094839580133,1.7437758445739746,1.3333333333333333,79.56116199493408,0.38306029033118494
09404450,0.23719513416290283,1.6252715587615967,0.2681812644004822,63.35152983665466,-25.34105308234182,6.292000876252361,0.27993815060960714,1.3449801206588745,0.3333333333333333,31.028709808985393,0.9077326650349951
09430500,0.3956420421600342,0.9267588257789612,0.055222924798727036,8.324435353279114,41.62932418467315,-473.4077384679223,0.6412311563519413,1.1413339376449585,0.9166666666666666,44.64919964472453,0.67847934492313
09430600,0.28850990533828735,0.37255483865737915,0.0037757023237645626,-35.502880811691284,-33.995100707535045,80.38910603111582,0.2410060792184341,1.0219804048538208,1.0,72.30072498321533,0.5735012273246632
09480000,-0.321628212928772,0.9593278765678406,0.06246184930205345,48.21138381958008,405.3153707024017,58.07657564798582,0.029314289663681548,1.6856166124343872,0.8333333333333334,102.64040629069011,0.3140653184299269
09492400,0.6872167587280273,0.9831464290618896,0.014570462517440319,0.8353107608854771,-6.435044390350324,-29.459962661727428,0.8393975838940886,1.0168896913528442,1.125,39.99771475791931,0.8411798768049337
09494000,0.6449604332447052,0.8979400992393494,0.017655642703175545,-11.599279940128326,-11.665270804410266,15.44514405703549,0.7811620048321379,1.0267603397369385,0.9333333333333333,38.69640668233236,0.8082769471269066
09497980,0.7715710401535034,0.8550974726676941,0.05168205127120018,-5.279583856463432,94.536717060879,-1261.2051900941397,0.6261881163016343,1.3231151103973389,0.125,55.11993765830994,0.8802702735334859
09505350,0.4185452461242676,1.1365313529968262,0.059758566319942474,17.415180802345276,-72.69260313633079,-17411.75196581482,0.5946073246463233,1.2918413877487183,0.5555555555555556,52.3508177863227,0.7539694830388517
09505800,0.11767899990081787,1.347309947013855,0.08799754083156586,37.823399901390076,365.70447199048164,-3718.089664326616,0.41253401337058615,1.3823667764663696,0.3333333333333333,76.11748377482095,0.7202005460934185
09508300,0.5579679906368256,0.49024251103401184,-0.025296367704868317,-45.34047544002533,-79.18891425635447,-107.70743861217504,0.42564633522176853,0.8109287023544312,0.3333333333333333,67.23349359300401,0.8148474167236756
09510200,0.6922688186168671,0.6213338375091553,-0.028083741664886475,-35.11602282524109,-53.06490993767151,-69.44326730552834,0.544685392331189,0.7841280698776245,0.6363636363636364,87.44772130792792,0.8683845027122538
09512280,0.4283413290977478,0.7397904992103577,0.03828398883342743,8.257687836885452,-77.37507790945999,-602.8699219106854,0.3184880431817372,1.5304837226867676,0.4444444444444444,73.9774227142334,0.6603875989463113
09513780,0.44561272859573364,0.5665144324302673,0.016801003366708755,-14.034351706504822,-83.60207584302759,-799.9962366800015,0.42426931061458584,1.1977312564849854,0.6666666666666666,56.6823853386773,0.6767996911854509
10172700,-0.9142440557479858,2.034825325012207,0.28449925780296326,82.40788578987122,-32.095120067978684,71.66804362760065,-0.07553234970245404,1.2254043817520142,0.875,60.11459827423096,0.8126520705829546
10172800,0.8280670791864395,0.9594175219535828,0.013509176671504974,-0.9643387980759144,5.817345904149749,-28.563954756238225,0.9013753750286526,1.0148718357086182,2.0,36.343486309051514,0.9113506478929099
10205030,0.7160789966583252,0.8358078002929688,0.20579643547534943,-23.32942485809326,-28.075150501306005,71.7273249074674,0.6749501479977238,1.249430775642395,0.6,26.026976108551025,0.8716153591565515
10234500,0.838129460811615,0.8007715344429016,0.01720130629837513,-23.23072850704193,-16.13144039020581,-288.1829640528524,0.785231193355463,1.025336742401123,0.8888888888888888,18.84254217147827,0.9238967260639745
10242000,0.41570979356765747,0.8726854920387268,0.040729161351919174,-15.921173989772797,18.4504950439455,-67.04681561709394,0.6390971195544815,1.0933984518051147,1.1,39.08390998840332,0.675471673999235
10244950,0.8375584483146667,1.0480543375015259,0.11049278825521469,7.542922347784042,-22.44053168601819,29.63751511768054,0.8533418393727072,1.1192442178726196,1.1666666666666667,19.136848052342735,0.9294293741715616
10249300,0.6655310094356537,0.6654226183891296,-0.0977228432893753,-31.695163249969482,-8.999534935054019,45.30317135016408,0.5789790852811565,0.8007351160049438,1.4285714285714286,51.36088984353202,0.8399684645092018
10258500,-0.7033141851425171,2.0099306106567383,0.22061729431152344,117.67719984054565,-62.09597285092169,-1693079296875.0,-1.125090016470467,2.8630940914154053,0.7142857142857143,177.91189466203963,0.8421135018630105
10259000,0.7266630828380585,0.8238665461540222,0.15294401347637177,23.962995409965515,8.254968699492913,64.80464917961937,0.4905675769626914,1.4591796398162842,0.375,36.33454740047455,0.8671374452445771
10259200,0.25681620836257935,1.1712980270385742,0.10017217695713043,52.901095151901245,-82.95756691166825,-533.4862478802728,0.03275208637421945,1.903306245803833,0.6666666666666666,73.17806879679361,0.6995614228533515
10263500,0.6389757394790649,0.5598099827766418,-0.123989537358284,-37.46120631694794,-5.91391522949637,18.656467823202917,0.4107190332352112,0.6324647665023804,0.14285714285714285,57.685688563755576,0.8643436007186021
10316500,0.8229309320449829,0.9822261929512024,0.07065822929143906,-8.306074142456055,-29.478618976023892,7.051128368537644,0.8316098955895241,1.142809510231018,0.7,32.434656620025635,0.9125656655887413
10329500,0.6607763171195984,0.981069803237915,0.25609102845191956,-0.7065555546432734,-35.56195985839464,35.000237253662924,0.5143154392635687,1.4649008512496948,1.5,33.20533752441406,0.860722081091086
10336645,0.8861327692866325,0.9451977014541626,0.034084416925907135,-7.318340986967087,6.130460211711279,-262.4953174110649,0.8927096588556642,1.0716958045959473,0.8181818181818182,31.62010366266424,0.9419686551913485
10336660,0.8895122185349464,0.9964429140090942,0.08744601160287857,-0.16931889113038778,-1.6166981443902848,-449.09987967989986,0.8251199559635605,1.1670570373535156,0.9090909090909091,22.514302080327813,0.9484022945073485
10343500,0.6363224983215332,1.265913486480713,0.06978332996368408,25.733014941215515,2.8517001245200087,-1757.5511894856795,0.6836695157974071,1.1280887126922607,0.8181818181818182,29.917972738092597,0.8862095143504604
10396000,0.7042917013168335,1.1231790781021118,0.18001873791217804,9.607422351837158,4.0177872682476234,5.729582524898836,0.7019996587121835,1.247851014137268,0.5,32.939144543239046,0.8895418951968816
11098000,0.7462884187698364,0.5765666961669922,-0.008357728831470013,-34.33546423912048,-54.55965085679414,92.16209596955201,0.5682911852617556,0.9459632635116577,0.625,51.556193828582764,0.9355269898527067
11124500,0.7236194610595703,0.7297983169555664,0.051149267703294754,-10.94106063246727,-55.502309930144456,-72.70392103496555,0.5938928227234914,1.2701784372329712,0.125,72.26816415786743,0.862458362777672
11141280,0.5827016532421112,0.826810359954834,-0.03533559292554855,-7.926922291517258,141.08479520899766,-912.1762795598073,0.6933826078304748,0.9024511575698853,0.4,54.52876567840577,0.7665395170432244
11143000,0.722490519285202,0.9671115875244141,0.043053366243839264,-6.630387157201767,5.228498046642583,27.168099660988222,0.8339993688991267,1.0795179605484009,0.4166666666666667,38.891371091206864,0.858044176586704
11148900,0.6672587692737579,0.8000615239143372,0.05947982892394066,-19.99325305223465,-80.28677588417038,60.96936019224142,0.6518950428502388,1.2202948331832886,0.2727272727272727,49.089371074329726,0.8192464289549802
11151300,0.4668489098548889,0.7047780752182007,0.056294623762369156,-19.60875391960144,-0.5897119834566308,-18.632756811630085,0.43863367949403287,1.3595548868179321,0.5,58.32427978515625,0.6858400975746876
11162500,0.8832763582468033,0.9425475001335144,0.016552843153476715,-4.2592354118824005,7.562795243433527,-479.3311567055235,0.9043289901131324,1.0474278926849365,0.15384615384615385,23.665848145118126,0.9399771094720462
11176400,0.27977699041366577,1.1464881896972656,0.14190493524074554,6.434398889541626,-79.41224541630149,-197.8311591350585,0.3075330741720357,1.6086541414260864,0.2,34.56352949142456,0.704040898484735
11180500,0.6606074571609497,0.7267716526985168,0.004491010680794716,-25.737255811691284,-71.3568647266808,-528.918778696054,0.6711979666545373,1.0170152187347412,0.9166666666666666,57.75947570800781,0.8178804521902722
11180960,0.6364786028862,0.678299069404602,0.0017660678131505847,-22.064413130283356,-53.80601833826788,-83.27320203833236,0.6254611122824032,1.006953239440918,0.3076923076923077,48.02716328547551,0.8083243830632942
11224500,-0.2953265905380249,1.547607660293579,0.2639704644680023,100.25376081466675,27.519715086478286,-450.79664854340155,-1.0029100539488756,2.90323805809021,0.6666666666666666,59.71316761440701,0.7009023088783752
11230500,0.7892828732728958,1.1272927522659302,0.11751869320869446,5.245479941368103,-1.2234981733637964,-613.2805701904434,0.7587825768805063,1.1885696649551392,0.8333333333333334,30.22167682647705,0.9198508771371768
11237500,0.8081951886415482,1.0293424129486084,-0.004206941928714514,6.237582489848137,-31.91918177581574,-8.120252358474133,0.9022927144441503,0.9907971620559692,1.0,33.35311412811279,0.9072581851222351
11253310,0.4892429709434509,0.7988954186439514,0.07930310815572739,-2.544897608458996,-75.90692233374848,-483.05952826841707,0.33230219297836494,1.56659996509552,0.125,50.086092948913574,0.7095834226273152
11264500,0.9223701283335686,0.9037953615188599,0.013407278805971146,-13.54023665189743,-25.261033427473695,-400.5436880367044,0.8942233601081285,1.0225841999053955,1.4166666666666667,28.414193789164226,0.9622730998336608
11266500,0.9316904544830322,0.942880392074585,0.013731895945966244,-8.140385150909424,-23.56875772016989,-5.959673395114497,0.9296261892769426,1.0225143432617188,1.0769230769230769,24.376342846797066,0.9656062800263614
11274500,0.6197808980941772,0.5866666436195374,0.012894854880869389,-40.278393030166626,-77.88463528569594,-2345796484375.0,0.5437177866391376,1.0745465755462646,0.5555555555555556,49.07867643568251,0.8216974402677457
11274630,0.1592889428138733,1.3640047311782837,0.19012834131717682,39.1749769449234,-76.72684716131441,-349.3469556036615,0.10861965781498328,1.7754791975021362,0.4444444444444444,82.30109214782715,0.7536435826791887
11284400,0.7412358224391937,0.8437192440032959,0.10833252966403961,-9.34693068265915,-79.19787824170413,49.81607595956479,0.44105712787590823,1.5201835632324219,0.16666666666666666,43.81168683369954,0.868081388173433
11381500,0.815601572394371,0.8597726225852966,-0.14191606640815735,-16.236650943756104,46.74626023903974,-80.21539153344443,0.7684002197373895,0.8359761834144592,0.4666666666666667,30.899877548217773,0.9159111872256678
11383500,0.8731019645929337,0.979295551776886,0.01319155190140009,-3.807414695620537,26.597193010104682,-109.4109614076536,0.9294503516286452,1.019762396812439,0.3076923076923077,22.521945146413948,0.9355172396579838
11451100,0.6136905252933502,1.1728094816207886,0.20058803260326385,10.823926329612732,-11.735090682469425,-12.733216176433832,0.41574371753964656,1.5415891408920288,0.15384615384615385,26.774320235619175,0.865190916017574
11468500,0.8854319900274277,0.954375684261322,0.03518959879875183,-7.7779799699783325,5.867676718701905,-103.39091800051199,0.882241287923847,1.091589331626892,0.46153846153846156,24.440484780531662,0.9417168084663262
11473900,0.7985242307186127,0.7827458381652832,0.02895638905465603,-20.79016864299774,-46.48079899983056,48.90913604877059,0.7544993333308786,1.0588619709014893,0.23076923076923078,36.015756313617416,0.9019873738640273
11475560,0.7057509124279022,0.6046974062919617,-0.11625242978334427,-42.7933007478714,-17.78684536047903,-17.085136987376302,0.5173657445377973,0.74294114112854,0.08333333333333333,49.30777947107951,0.8970804827598036
11476600,0.7537535130977631,0.9243116974830627,-0.0360923632979393,-9.262941032648087,-8.395857985332293,41.66668107848768,0.8325543695825776,0.9254043698310852,0.25,33.90524784723918,0.8705982536141992
11478500,0.7549067735671997,0.6541318893432617,-0.12319207936525345,-35.267722606658936,-34.76757986407189,43.483449601269946,0.5608649493956639,0.742885947227478,0.16666666666666666,41.016296545664474,0.9156957500068952
11480390,0.6865172684192657,0.7053178548812866,-0.05857686698436737,-28.366607427597046,-53.71864520637445,83.91281326340597,0.6366563496076226,0.8580764532089233,0.46153846153846156,43.73573156503531,0.8417636309348171
11481200,0.7327879965305328,0.6868625283241272,-0.11365361511707306,-34.61880087852478,-26.173121449946297,7.553821947211434,0.5992528538117472,0.7772721648216248,0.16666666666666666,58.95702044169108,0.8862656144904923
11482500,0.7441617846488953,0.6386243104934692,-0.1787530928850174,-36.112186312675476,-37.7622114055436,60.74714640774202,0.5188446258563899,0.6908351182937622,0.1875,46.394890546798706,0.9269576765120053
11522500,0.6858789026737213,0.6966069340705872,-0.051178544759750366,-31.68952465057373,-9.718320229315008,12.98773810767294,0.650963849415105,0.9295205473899841,0.5625,40.7982736825943,0.8424832430473983
11523200,0.8237397074699402,0.8623194098472595,-0.012312126345932484,-11.713273823261261,-17.01959187190986,25.07249625474956,0.8339935488666967,0.9827097058296204,0.375,34.07757878303528,0.9088778696442591
11528700,0.827372133731842,0.8691694736480713,-0.035353269428014755,-11.713849753141403,-26.813856204695654,44.647507543026414,0.8295393907651533,0.9362404346466064,0.23076923076923078,31.671058214627777,0.9112593075238944
11532500,0.8991161584854126,0.9559640288352966,-0.0425422340631485,-6.437600404024124,23.77334473231973,-55.692847059328365,0.9034385849287571,0.930690348148346,0.1875,23.711439967155457,0.9491953517446997
12010000,0.8971875235438347,0.9002878069877625,0.04545966908335686,-11.718898266553879,-5.598228667174967,-8.054210344592,0.8669098966900779,1.0722997188568115,0.35294117647058826,23.830147350535675,0.9495698025290199
12013500,0.8941712081432343,0.8549909591674805,0.002697649644687772,-14.505419135093689,-30.282550518376073,18.0113223917541,0.8466859162656605,1.004319429397583,0.17647058823529413,24.614491182215072,0.950412412058943
12020000,0.5581370890140533,0.5616177320480347,0.04600086435675621,-31.572270393371582,-36.94254818366515,16.82350556887793,0.496936589841961,1.1109731197357178,0.5714285714285714,36.45022596631731,0.7795941278430889
12025700,0.8251459747552872,0.7116037011146545,-0.11030055582523346,-29.829147458076477,-6.838859805341594,-39.89647336469057,0.6631555602214749,0.8351660370826721,0.2222222222222222,35.77483495076497,0.9441294704883527
12035000,0.9180770814418793,0.9094881415367126,-0.09470260888338089,-9.411165118217468,-2.3932797653517697,-46.475780967921885,0.8367365046876887,0.8688704371452332,0.35294117647058826,22.045424405266257,0.9643964871868983
12040500,0.8351932466030121,0.8095583915710449,-0.1420886516571045,-18.599000573158264,9.668222510314143,-3.0169828301854067,0.7156231070091352,0.7996900677680969,0.36363636363636365,42.26433580571955,0.9330810781962178
12041200,0.755786806344986,0.7581461071968079,-0.22400197386741638,-24.586491286754608,5.727032526410492,-0.7797889192954116,0.6358010332031441,0.7427903413772583,0.30434782608695654,43.1288014287534,0.9106088736897667
12048000,0.673775851726532,0.8032237887382507,-0.06450478732585907,-18.87337863445282,-21.448658575748883,-40.605240516506505,0.729424731124843,0.9418551325798035,0.47368421052631576,32.631992038927585,0.8236217893246938
12054000,0.771065354347229,0.7679855823516846,-0.11684543639421463,-27.045848965644836,3.1391855858147832,-19.321666352290237,0.7076483813690411,0.8565079569816589,0.14285714285714285,44.50677690051851,0.894886668258126
12056500,0.7527357637882233,0.7506951093673706,-0.1554015725851059,-23.96402359008789,12.874636741372491,-18.214777208575512,0.6593823295474963,0.7941509485244751,0.3333333333333333,46.60579590570359,0.8927916190880126
12073500,0.7861371338367462,1.01630437374115,0.036018285900354385,1.472565345466137,76.78519869550765,-35.45142553673668,0.8822237025391588,1.051925539970398,0.5,30.05198478698731,0.8955530663960112
12082500,0.8191961050033569,0.8449695706367493,-0.05030883848667145,-15.64684510231018,-15.146510952332507,-12.213714080868227,0.8144269103236085,0.9544700980186462,0.35,24.685442447662354,0.9087313547319974
12092000,0.7569609731435776,0.7905599474906921,-0.10903485119342804,-21.17624431848526,-26.964263403959215,5.733101379156358,0.7434829554853507,0.9110887050628662,0.36,30.39044189453125,0.8815489967791283
12114500,0.8071395307779312,0.9695020318031311,-0.056537505239248276,-2.0121263340115547,-14.638610553980817,-39.851936498443074,0.8793364193694585,0.9355377554893494,0.38095238095238093,26.23046466282436,0.9026645354503557
12115000,0.8267372697591782,1.0205546617507935,0.006215683650225401,3.053492121398449,-11.051893201914648,-40.73552795304537,0.9125570693631063,1.0075066089630127,0.5,23.4854793548584,0.9153393667602499
12115500,0.8455706089735031,0.8968731164932251,-0.002987681655213237,-1.9987337291240692,-16.952516518758504,10.338999637993453,0.869315804757196,0.9957922697067261,0.19047619047619047,20.34656433832078,0.9198407847454926
12117000,0.7967700660228729,1.1365643739700317,-0.02905181236565113,7.756218314170837,2.0750324936963436,-37.309808314572486,0.8391547123745727,0.9737710356712341,0.35,27.80501365661621,0.9191704277895765
12145500,0.9236527532339096,0.9358314275741577,0.021375562995672226,-5.295001715421677,-26.979561249256122,1.997953654571192,0.9187815211764672,1.0317543745040894,0.19047619047619047,23.20152237301781,0.9616529621079787
12147500,0.782564327120781,1.1086921691894531,0.09221592545509338,10.414780676364899,6.555094591575425,-40.01175409926396,0.8266470382018933,1.1016595363616943,0.2,31.1188793182373,0.9111034287062066
12147600,0.7568115741014481,0.7612498998641968,0.07801797240972519,-23.451028764247894,-29.790755473568314,-32.49834026541625,0.7018110435193208,1.1338729858398438,0.2727272727272727,36.077917705882676,0.8817077047542597
12167000,0.8322606384754181,1.0427099466323853,0.06330636143684387,4.543245583772659,1.732277811882634,-28.249481154359895,0.8838384806828957,1.0751113891601562,0.36363636363636365,22.551727294921875,0.9223621339348617
12175500,0.8195763379335403,1.0013787746429443,0.0061715650372207165,4.589024558663368,-7.63072026481039,-33.729948953478804,0.9097354644053701,1.0057967901229858,0.5714285714285714,27.06249327886672,0.9099323443689787
12178100,0.7824559509754181,1.0322356224060059,0.04626958817243576,1.8532071262598038,-11.228266645897337,-38.47324153366159,0.8809977362920884,1.0483810901641846,0.2916666666666667,25.688660144805908,0.8961651622516327
12186000,0.7197428941726685,0.8714288473129272,0.04101818427443504,-4.491322487592697,-9.990852229776928,12.088797631431916,0.7958570128457827,1.0503761768341064,0.3333333333333333,24.743924822126115,0.8496468866017627
12189500,0.8103576898574829,0.9826285243034363,-0.011725869961082935,-1.039685495197773,-9.950817787503851,-20.376996050760933,0.901576815565639,0.9891979694366455,0.30434782608695654,28.232976664667543,0.903726061667592
12358500,0.9243114665150642,0.9418050646781921,0.039247289299964905,-6.8078868091106415,-22.518117121611414,12.51150684338469,0.9121370683645292,1.0540552139282227,0.5384615384615384,27.446559759286732,0.9624330184118541
12390700,0.8824286535382271,0.9498844146728516,0.026830587536096573,-6.459984928369522,-4.233585702256234,-30.38635907641562,0.91351723770659,1.0366785526275635,0.8333333333333334,28.01619569460551,0.9398137884697598
12411000,0.8150041401386261,0.835593044757843,-0.04458066448569298,-20.811665058135986,16.1166282661217,-71.54572714973939,0.7989643765433577,0.9316303730010986,0.5,28.49582093102591,0.9066658204587658
12414500,0.915460079908371,0.9500625133514404,0.01441949326545,-7.397077232599258,-0.6587848126726037,2.284272175308227,0.9314882332819152,1.0185766220092773,0.7333333333333333,18.881085713704426,0.9569300717346472
12447390,0.7719057500362396,0.9144061803817749,-0.03512949123978615,-9.947874397039413,-13.174714524647941,55.97691031362284,0.8397320437194105,0.93715500831604,0.9166666666666666,41.554077466328934,0.8799582452903877
12451000,0.8778383508324623,0.8995668292045593,-0.04351939633488655,-8.552271127700806,-2.667500010035317,1.5596529072204492,0.8721653452403348,0.949955940246582,0.7222222222222222,26.644198099772137,0.9387589251817625
12488500,0.7797068208456039,0.9175593256950378,-0.06147485971450806,-13.713450729846954,1.6334130839435728,-34.764930636592176,0.8419127261255746,0.9283398389816284,0.3888888888888889,39.509545432196724,0.8857198936646811
13011500,0.9203337877988815,0.9811388850212097,0.038168031722307205,-4.772314429283142,9.87566358058843,31.672140613935042,0.9143091909166733,1.0735734701156616,0.7,20.761849880218506,0.9603248491086442
13011900,0.8715800195932388,0.9815493226051331,-0.03178118169307709,-7.769516110420227,30.071423045783224,10.830121700579962,0.9179862309852662,0.9531387090682983,0.8,18.708577156066895,0.9352709476055221
13018300,0.8469083309173584,0.9435810446739197,0.06526628881692886,-13.045252859592438,7.662235348827555,27.423008929112818,0.87580377562645,1.0792782306671143,1.1,18.00395369529724,0.9228212090607092
13023000,0.9344209730625153,1.1231796741485596,0.08075554668903351,13.716213405132294,6.313456746764618,-0.9552803494215497,0.8483194309061224,1.0863256454467773,1.0,12.342405319213867,0.9804642416196718
13083000,0.7483009696006775,1.1168081760406494,0.16857695579528809,4.56501841545105,-4.818442686505574,56.315444639421855,0.8227456509231175,1.0946897268295288,0.7333333333333333,38.81397565205892,0.9061447395737714
13161500,0.8512939661741257,0.9825939536094666,0.1321374624967575,-2.9499024152755737,-32.32127335257899,-419.6838155929696,0.7535786076774298,1.2366026639938354,0.9090909090909091,22.107046300714668,0.9333688396149002
13235000,0.9188499674201012,1.014197587966919,-0.02275911346077919,-0.7257525809109211,24.92334190180017,5.397133068825886,0.9505865113622286,0.9741578102111816,0.7272727272727273,20.14148018576882,0.9603477291672287
13240000,0.8554294407367706,0.8435069918632507,0.013567996211349964,-18.578501045703888,-17.15874149348662,21.65970009399064,0.8262221324698359,1.0256458520889282,0.8333333333333334,33.596257368723556,0.9289297817769256
13313000,0.8694462776184082,0.8382304310798645,-0.03076520748436451,-20.40655165910721,16.0215681766196,-140.81342260627903,0.8188814258560702,0.9468244314193726,0.5454545454545454,30.433936552567914,0.9382998915928769
13331500,0.9248797073960304,0.9593592882156372,0.028301872313022614,1.404422614723444,-0.9169743898922373,18.5866803995015,0.931525082596658,1.0400347709655762,0.4166666666666667,17.686853806177773,0.962127002062304
13337000,0.9217799007892609,0.8620957136154175,-0.012967514805495739,-17.163389921188354,-10.584729015767198,43.27149097229086,0.8567880922060782,0.9821181893348694,0.46153846153846156,27.620418255145733,0.9657611451992004
13338500,0.8929833099246025,1.0216432809829712,0.08233341574668884,-6.399838626384735,1.1367794225835628,52.91469040454555,0.880725042188293,1.106648564338684,0.7692307692307693,26.932477951049805,0.9511720605209044
13340000,0.9247162714600563,0.9021525979042053,-0.012236395850777626,-12.13260367512703,-6.293743596225609,12.639794183691977,0.8944593725815739,0.9843648076057434,0.3076923076923077,21.343185351445122,0.9636647458000707
13340600,0.8972456902265549,0.9791204929351807,-0.010232262313365936,-5.528213456273079,13.817110852260228,43.85563323393845,0.9425616691074427,0.9882222414016724,0.6,22.6809024810791,0.9478033291976147
14020000,0.778040274977684,0.9056110978126526,-0.015606696717441082,-14.429447054862976,5.831254574088419,-44.3819565607632,0.8480702276539057,0.9807994961738586,0.25,22.664260864257812,0.8825064617869317
14137000,0.7752158492803574,1.1452010869979858,-0.010226714424788952,13.736535608768463,13.28410046026238,-72.00042135720017,0.8294784113158323,0.9903750419616699,0.47368421052631576,28.70035924409565,0.9111089615049065
14138800,0.7994008362293243,0.9610856771469116,0.03406297788023949,-2.941260300576687,-10.479174205042035,7.674344018976181,0.8786716829930866,1.051025152206421,0.42105263157894735,27.434223576595905,0.8970307335807074
14138870,0.827893003821373,1.0704519748687744,0.08569175004959106,6.696857511997223,-2.29413977556104,-33.684563800461916,0.8489823051892144,1.1107767820358276,0.1,16.744389533996582,0.9253584033876558
14138900,0.8400825709104538,0.8822368383407593,-0.08008655160665512,-14.898645877838135,14.688148536083004,-117.5072212083332,0.8250351957306535,0.8976191878318787,0.15,24.472906589508057,0.9208628419209655
14139800,0.8578070551156998,0.9155055284500122,-0.053999561816453934,-6.469964981079102,-4.68537776161887,-37.05228685984953,0.8686300106063872,0.9299232363700867,0.19047619047619047,24.17443139212472,0.9278334870599702
14141500,0.8202851414680481,1.001760721206665,-0.003926273435354233,4.733572527766228,-9.70677273163177,-44.29638865004232,0.9101718555506849,0.9953467845916748,0.35,30.889136791229248,0.9103097386423523
14154500,0.9039302170276642,0.9631670117378235,0.06389953196048737,-3.420088067650795,-21.52680211402366,32.54979322207879,0.885342763326743,1.0978575944900513,0.3157894736842105,25.464725494384766,0.9529521084654548
14158500,0.7253994941711426,1.0497502088546753,-0.049358680844306946,-0.4868627991527319,7.424882272258161,-63.00460298070038,0.8597716245374871,0.9737608432769775,1.0,14.007588227589926,0.8715460368138206
14158790,0.8103319257497787,0.9812774062156677,-0.00817877147346735,-3.097282163798809,-14.714456957214233,-14.17274050055559,0.9011245121171634,0.9887335300445557,0.6470588235294118,30.376566157621497,0.9035692308399497
14166500,0.8885820284485817,0.9601741433143616,0.08289309591054916,-3.7353381514549255,-16.495807964899857,57.009920597280114,0.8442250407628211,1.140730619430542,0.26666666666666666,36.57851537068685,0.9463844069388793
14182500,0.8194549232721329,0.932511568069458,-0.04420090466737747,-6.957735866308212,-1.3132186829050738,16.252425728240112,0.8707147081851281,0.9412453770637512,0.42105263157894735,27.914664619847347,0.9066839107182881
14185000,0.8604378998279572,1.0381277799606323,-0.007858706638216972,3.411683067679405,-11.008070084776493,16.120402117130414,0.9226924634312412,0.9898985028266907,0.2222222222222222,30.498647689819336,0.9335117502075652
14185900,0.8837157562375069,0.9931841492652893,0.0037813284434378147,-0.010011138510890305,-9.494996207665118,23.13629434839841,0.9408651912067748,1.0051947832107544,0.3888888888888889,24.228501319885254,0.9414894537953481
14222500,0.8882188946008682,1.065356731414795,0.044839367270469666,11.582370102405548,-14.174830288602525,-6.485690168599806,0.9008951334911574,1.0556658506393433,0.3333333333333333,22.146928310394287,0.9504865139875184
14236200,0.8781789839267731,0.952727735042572,-0.015381920151412487,-5.28721958398819,3.4841806137860623,-23.29921953936984,0.9188422586064388,0.9792957305908203,0.2631578947368421,23.732298298885947,0.9373641861062618
14301000,0.9237683489918709,0.8951793909072876,-0.015063082799315453,-10.441569983959198,-10.463905419107883,39.017671025473824,0.8867026454209298,0.9769754409790039,0.7333333333333333,19.825574556986492,0.9636847119529942
14305500,0.889414370059967,1.0114574432373047,0.010492604225873947,-3.8166776299476624,30.629888160137664,10.274819069965481,0.9421916552957825,1.0153342485427856,0.2,19.33126449584961,0.9454528411965055
14306500,0.8752240091562271,1.0616488456726074,0.06775664538145065,5.01156710088253,-3.9409164927946847,38.01356786366116,0.8712131017327213,1.098899006843567,0.3125,33.10199677944183,0.9451869409912423
14309500,0.8335612863302231,0.831206738948822,0.03703661635518074,-18.248075246810913,-34.38259365164767,53.96264331920011,0.7982686513272231,1.073857307434082,0.42857142857142855,36.83227470942906,0.917844840699845
14316700,0.9138210341334343,0.9787746071815491,0.0012016132241114974,-0.2933519193902612,-9.826743201545039,-5.4961350211226545,0.9512996514258311,1.0018378496170044,0.1111111111111111,22.294741206698948,0.9562069759010263
14325000,0.8279467970132828,0.8410004377365112,-0.04968821257352829,-16.71108454465866,-21.82111210500905,10.070688730652655,0.7996397504023043,0.9133802652359009,0.25,29.06166911125183,0.9142072825452707
14400000,0.8766578584909439,0.8830927014350891,-0.025139791890978813,-18.330907821655273,11.638482990363412,-19.636461343828802,0.8612616080555688,0.9579369425773621,0.375,29.183894395828247,0.9382608378592547
