basin,NSE,Alpha-NSE,Beta-NSE,FHV,FMS,FLV,KGE,Beta-KGE,Peak-Timing,Peak-MAPE,Pearson-r
01013500,0.8649988174438477,1.0402177572250366,0.029209615662693977,-3.8537222892045975,17.26902046991753,-7.479945709750415,0.917178663880722,1.0344064235687256,1.0588235294117647,15.414581579320572,0.9362967525350561
01022500,0.8537570387125015,0.8694604635238647,-0.058563292026519775,-9.035108238458633,-12.196847117357917,2.634467105292665,0.8340159628089594,0.9273447394371033,0.5909090909090909,25.077607414939184,0.9276719754772045
01030500,0.8779319077730179,1.022192358970642,0.07541945576667786,9.302229434251785,-19.056514311013537,50.65068478208212,0.8864620263587644,1.0958389043807983,1.0952380952380953,19.49747630528041,0.9433142428032907
01031500,0.8783869221806526,0.9187275767326355,0.0879778191447258,-10.573526471853256,-14.226251070031362,30.2485238069382,0.8236249184977905,1.1452409029006958,0.13636363636363635,21.888154203241523,0.9416215560694529
01047000,0.8498369306325912,0.8661970496177673,-0.036785148084163666,-13.629227876663208,-5.045512217997398,-3.699004851491796,0.8361620211590874,0.9431692957878113,0.045454545454545456,25.08073936809193,0.9244359553859656
01052500,0.8069758713245392,0.8666352033615112,0.003870910033583641,-15.401197969913483,-4.313131029516926,-123.24375660691334,0.8325363150972678,1.0061603784561157,0.43478260869565216,36.805152893066406,0.8989061499592901
01054200,0.6558209657669067,0.7916037440299988,0.0017742383060976863,-26.135769486427307,-7.974388823179991,-25.015942875414936,0.7180006605935377,1.00310480594635,0.34782608695652173,46.57757385917332,0.8100395090988594
01055000,0.7361783385276794,0.9125673174858093,0.03380594775080681,-13.629540801048279,-3.779360256818337,-340.8652073721962,0.825859483514316,1.0561667680740356,0.08695652173913043,38.118474379829735,0.8602654671371783
01057000,0.7949948161840439,1.0189125537872314,0.06221455708146095,1.951487734913826,-13.09954413633967,40.09097861001123,0.8626954902606343,1.0937424898147583,0.19047619047619047,27.465761275518506,0.9014749305641321
01073000,0.8806632906198502,1.0292637348175049,0.07123426347970963,3.9835944771766663,-11.280547519725108,44.148488423015756,0.8547214430347242,1.1312040090560913,0.15789473684210525,21.450180756418327,0.9449091573303444
01078000,0.8357177227735519,1.0433841943740845,0.12765295803546906,5.718889459967613,-7.371724079134961,20.842167005959112,0.797251673008454,1.1852636337280273,0.47619047619047616,31.251357850574312,0.9299851316199919
01118300,0.8634735196828842,0.879081666469574,-0.05011654272675514,-9.285052120685577,-18.297046801523642,59.0453233075151,0.8432702803079585,0.9269832372665405,0.15789473684210525,21.980418657001696,0.9320918708040322
01121000,0.7806396186351776,0.7910036444664001,-0.014160661958158016,-21.021707355976105,-9.994422707385768,63.831962000642875,0.7623449863836259,0.9777154326438904,0.25,33.283894062042236,0.889077383151933
01123000,0.8565657138824463,0.97201007604599,0.08223866671323776,-4.73671481013298,0.1573539888248608,-38.333878171600546,0.8562069906464507,1.1225028038024902,0.10526315789473684,25.855214972245065,0.9300996655478155
01134500,0.8058861941099167,0.9605255126953125,0.02407294325530529,-4.288497939705849,-9.18704859073867,17.317415724789505,0.8877364890423167,1.0325313806533813,0.3333333333333333,32.38911827405293,0.9000671724738926
01137500,0.7914783209562302,0.9304706454277039,-0.049402687698602676,-9.233283251523972,6.493847330468953,-22.70433506738863,0.8570297147178603,0.9374589323997498,0.08333333333333333,32.7725887298584,0.8918575652676652
01139000,0.8466507494449615,0.976155698299408,0.05115514621138573,-8.15892294049263,2.5192920559655527,11.390518645401038,0.9014474084734693,1.056815505027771,0.0,21.157185236612953,0.9230840656206681
01139800,0.7096092998981476,1.0268999338150024,0.07478485256433487,0.9821070358157158,-5.2827203612939435,35.64549824134244,0.8395834369405489,1.0766708850860596,0.64,50.329643249511726,0.8616835416710087
01142500,0.7958196252584457,0.957283079624176,0.023447571322321892,-8.405164629220963,1.8955754166478742,41.8100715896791,0.883049911462428,1.0272445678710938,0.5,35.758194556603065,0.8945944904472787
01144000,0.8721616119146347,0.9738996624946594,-0.005109374411404133,-4.489388689398766,3.44055466123035,10.013194459866183,0.9294495481966683,0.9939927458763123,0.2916666666666667,27.226146062215168,0.9347309297625975
01162500,0.8227717727422714,0.9338808655738831,-0.006330233998596668,-3.5000748932361603,-19.795250286489544,48.067316106721755,0.8859830289333043,0.9918098449707031,0.5238095238095238,25.100222088041757,0.9074740516689459
01169000,0.6886604130268097,0.7750851511955261,-0.03687960281968117,-23.950575292110443,4.0452965527758575,-0.05967855665059248,0.7140214417862024,0.9434570074081421,0.2727272727272727,44.36936378479004,0.8326681843340599
01170100,0.6969016194343567,0.8219465613365173,-0.07544220238924026,-20.74013650417328,4.025981451406857,16.361093179384635,0.7400984472124812,0.9014034867286682,0.45454545454545453,42.90981726212935,0.8383691932451955
01181000,0.7251704931259155,0.6932830214500427,-0.03558729961514473,-28.97295653820038,-5.516192389108944,-1.9068547491132535,0.6615152073224555,0.9388449192047119,0.5238095238095238,45.684110550653365,0.8705523038595623
01187300,0.7462477087974548,0.7256797552108765,0.020941825583577156,-29.860404133796692,-17.796292928948635,49.0905895738495,0.6970558924753751,1.0383610725402832,0.4,41.74586772918701,0.8773135553686312
01333000,0.6487801969051361,0.7181166410446167,-0.1414366513490677,-29.582706093788147,-1.767606669455032,34.20663655724236,0.6268688195741108,0.8295826315879822,0.34782608695652173,41.47065204122792,0.8247100393816846
01350000,0.717786580324173,0.9733002781867981,0.0210453849285841,-8.301245421171188,1.5939562527449773,-407.3423395691055,0.8485923416392527,1.0369420051574707,0.17391304347826086,34.16794486667799,0.8556161639229384
01350140,0.6026986837387085,0.8996205925941467,0.08187847584486008,-16.339971125125885,-7.920386951803474,-273.5830322167096,0.7182284255146129,1.156816005706787,0.3181818181818182,41.0184079950506,0.7885102009292346
01365000,0.697933703660965,1.032307744026184,-0.03663448244333267,-2.5115028023719788,2.61758926327744,-619.7182331798198,0.8431635049033835,0.9501485824584961,0.5652173913043478,34.95803086654,0.8548492781994103
01411300,0.7316888570785522,1.1411783695220947,0.1776016801595688,12.312591075897217,18.719321128777622,24.402896549340618,0.7673779873526183,1.1586049795150757,0.3888888888888889,35.0197156270345,0.9049940569215592
01413500,0.6383065283298492,1.2367159128189087,0.08242282271385193,18.97527128458023,-2.830558489155013,-428.878383129035,0.7104089366066766,1.1150156259536743,0.05,55.303893089294434,0.8791696792933532
01414500,0.5320097208023071,1.174100399017334,0.06496132165193558,6.992509216070175,-2.821126768607909,-572.9544613307992,0.7307381060186438,1.0900931358337402,0.20833333333333334,40.34380912780762,0.8154078942964367
01415000,0.611812561750412,1.1836737394332886,0.0881047397851944,11.370759457349777,-5.991461081107978,-380.2049940342181,0.7339892660397777,1.124816656112671,0.35,43.28186511993408,0.8535538652558564
01423000,0.7838975042104721,1.1561260223388672,0.0846136286854744,11.918598413467407,-3.138900381732274,-30.772514521398236,0.7873212084166408,1.120355486869812,0.047619047619047616,28.770385469709126,0.9201783843916199
01435000,0.6995954215526581,0.944787323474884,-0.043911613523960114,-11.575181037187576,8.503899546556811,-649.7867883139152,0.8224540625989362,0.9365179538726807,0.375,34.94332631429036,0.8436537494595912
01439500,0.7870076447725296,1.1403759717941284,0.01447203103452921,9.131670743227005,15.747547618520763,19.423065540383902,0.8352302312448999,1.016648292541504,0.09090909090909091,23.483878915960137,0.9153448312628478
01440000,0.8546997308731079,0.9727635383605957,0.031969938427209854,-3.071015328168869,10.295795159776155,-5.243262284987514,0.9097718611873201,1.044228434562683,0.15,22.318122386932373,0.9262223762438777
01440400,0.7582279741764069,0.9619895815849304,0.008947746828198433,-7.429244369268417,6.864227593958777,-9.707096497437703,0.8688467014365698,1.0128021240234375,0.2631578947368421,46.373884301436576,0.8751300619185381
01451800,0.7842735946178436,0.9705509543418884,-0.021530143916606903,-7.081209123134613,9.064493922811554,23.164851246025282,0.8808099976780819,0.9662404656410217,0.0,40.834503173828125,0.889549539597201
01466500,0.4696686267852783,1.1808526515960693,0.1945207417011261,13.872258365154266,-2.354243471176708,-4.101056106861238,0.7084794294348928,1.1198952198028564,0.2857142857142857,34.581334250313894,0.8053164163528389
01484100,0.6512486934661865,0.7331655621528625,-0.01860998012125492,-31.090736389160156,2.2581772160940465,43.40949767114493,0.6722155337093068,0.9775595664978027,0.5238095238095238,48.32458041963123,0.8109537991270118
01485500,0.8134403079748154,0.8942628502845764,0.04893781989812851,-5.275651440024376,-30.77212801898553,35.646880774366984,0.8338619603911015,1.0840650796890259,0.3,31.150906085968018,0.9032809959107118
01486000,0.6344381868839264,0.8402064442634583,-0.03949897363781929,-15.169547498226166,0.7886829541973438,32.22926935687897,0.7336489517054229,0.9304360151290894,0.45454545454545453,41.324012929742985,0.7985806551456077
01487000,0.7837573736906052,0.9199960231781006,-0.11351166665554047,-8.972026407718658,-6.711702974131795,-26.28086060212416,0.8297859559107716,0.8945764899253845,0.2631578947368421,34.973503413953274,0.8929576344551456
01491000,0.6924096345901489,0.7557829022407532,-0.009222381748259068,-25.9477436542511,-28.04420948961016,76.59064218465679,0.7054498732574306,0.984865665435791,0.3157894736842105,39.90526701274671,0.8360221409963747
01510000,0.8154435157775879,0.9216266870498657,-0.025954801589250565,-9.669899940490723,-5.109644059365299,-15.542299554775902,0.8703325754055324,0.9629461765289307,0.24,31.889297485351562,0.9035724158533613
01516500,0.44724947214126587,1.1047979593276978,0.2097306102514267,11.374206095933914,-23.360293781225625,-179.7311964757597,0.45138847274074134,1.489121913909912,0.2631578947368421,46.590328216552734,0.7747185118666181
01532000,0.7504348158836365,0.9743435978889465,0.10955945402383804,-3.3984586596488953,-13.886477001074224,29.31234221119125,0.7569339190359211,1.2089099884033203,0.17647058823529413,35.49914640538832,0.8784290927430553
01539000,0.8514599651098251,0.858040988445282,0.005772613920271397,-10.001128166913986,3.0646983543672417,-36.918217787958,0.8392536475544502,1.0096299648284912,0.05263157894736842,25.16777138960989,0.925204995886367
01542810,0.7584170550107956,0.8351238965988159,0.05684468150138855,-18.001414835453033,-22.435128284274803,-341.66373676202306,0.7649615689031661,1.1098848581314087,0.22727272727272727,41.477051648226656,0.8735711560871359
01543000,0.8705840408802032,0.9287104606628418,0.03737591207027435,-5.195861309766769,-12.455905376539,-334.9182255771919,0.8855283517785892,1.0603395700454712,0.09523809523809523,24.185241971697128,0.9338131726523332
01543500,0.8788715228438377,0.8994642496109009,0.007945808582007885,-8.58684852719307,-8.433675212164955,11.03910618438555,0.8814408650464584,1.012017011642456,0.23809523809523808,22.7537473042806,0.9383199967102958
01544500,0.7979561239480972,1.1283553838729858,0.07724542170763016,13.897095620632172,-4.83254690798608,-6.318207580701234,0.8125110452262092,1.1110996007919312,0.3684210526315789,19.70653032001696,0.9204143084665305
01545600,0.6824862360954285,1.2085590362548828,0.12260281294584274,19.488856196403503,-7.527159744518899,-318.8572608261123,0.7093167901380428,1.1718124151229858,0.47368421052631576,28.26559920060007,0.8928536006125641
01547700,0.8087491989135742,0.7329814434051514,0.017624426633119583,-27.431213855743408,-22.517834471756842,-1.839372017309672,0.7182322586421975,1.037861704826355,0.3125,37.9002183675766,0.9183872447988487
01548500,0.8631597310304642,1.117432713508606,0.09527254849672318,12.072167545557022,-10.792521781978355,17.17844552951559,0.8108742890874714,1.1392024755477905,0.05263157894736842,20.191149962575814,0.9490023223318769
01549500,0.7612593173980713,1.0934929847717285,0.12425895035266876,9.597480297088623,-11.750401475507658,-86.24972077264837,0.7507292107718937,1.2092126607894897,0.2631578947368421,27.446420569168893,0.9018926571236472
01550000,0.7855325192213058,1.0284855365753174,0.11350242793560028,1.308732945472002,-5.081427844310194,11.343572048610914,0.7981104956434777,1.1744160652160645,0.21052631578947367,40.26326380277935,0.9023937380600813
01552000,0.818460613489151,1.065792441368103,0.10239362716674805,6.832532584667206,0.970606389694194,-6.166278129456413,0.8174307857082143,1.151277780532837,0.2,24.028220176696777,0.9217829572087801
01552500,0.7631069272756577,0.8310532569885254,-0.0012643126538023353,-17.17304140329361,-2.1017405192074237,15.198376985693471,0.7896180332499021,0.9978955984115601,0.2916666666666667,33.76277287801106,0.8746479299995066
01557500,0.8162718266248703,0.8339540362358093,-0.09007454663515091,-19.5992648601532,2.3917790197444178,-111.69044108189216,0.7690709563194602,0.8662890195846558,0.3,32.54551649093628,0.911240015495736
01567500,0.6437496542930603,1.1276954412460327,-0.044762685894966125,15.92750996351242,21.173821228754168,-577.3856284028599,0.7900613030711386,0.9270817637443542,0.42857142857142855,49.13611639113653,0.8501632168840537
01568000,0.8065118044614792,1.0259151458740234,0.027817703783512115,4.648607224225998,16.38434760142774,-55.91910005683617,0.892138078468034,1.046929955482483,0.14285714285714285,31.136058625720796,0.9064041741886517
01580000,0.734592854976654,0.9398658871650696,0.0940861627459526,-5.1272474229335785,-7.5528214028747325,50.09872108422936,0.8199789145579737,1.1033672094345093,0.14285714285714285,24.029729479835147,0.8654388626274158
01583500,0.6762279570102692,0.9936691522598267,0.15037259459495544,4.347226023674011,1.24551186432964,42.365077379198304,0.7783327844142159,1.1616730690002441,0.125,28.698774178822834,0.8484807154435862
01591400,0.5471529960632324,0.8350048065185547,0.07035190612077713,-18.398328125476837,14.654255043995262,66.37487788393386,0.676847209708966,1.117264986038208,0.22727272727272727,39.85535881736062,0.7481007442441316
01596500,0.8281126171350479,0.9624702334403992,0.07365258038043976,-1.3064609840512276,-16.32254660434615,-315.6847959618208,0.8409211375013165,1.1286288499832153,0.1,30.0865912437439,0.914254912281505
01605500,0.7134533226490021,0.8537566661834717,0.08666455000638962,-17.307601869106293,0.32812300147544815,-1007.0238986764648,0.7441850337019197,1.1458972692489624,0.42105263157894735,35.67725231772975,0.849108744050521
01606500,0.7895330935716629,0.9870188236236572,0.1480039358139038,-3.2402854412794113,-14.846511892646653,-8.749754163156876,0.7539984036727834,1.2263633012771606,0.10526315789473684,33.70343760440224,0.9045645228946253
01620500,0.7018190622329712,0.8618409633636475,0.025581149384379387,-15.629726648330688,-12.902597995137397,-219.4336840244345,0.7817289166196484,1.0495994091033936,0.35,39.179396629333496,0.8384628678837538
01632000,0.6220014989376068,0.9366887211799622,0.11762271076440811,-13.2525235414505,-23.454744166434637,-179.99285170184785,0.6686801714821418,1.2623066902160645,0.35,56.33828639984131,0.8077509141473801
01632900,0.8401920646429062,0.9556944370269775,0.0742587298154831,-10.406282544136047,-11.34766126634533,55.968704463628974,0.837896454346237,1.1340264081954956,0.15789473684210525,27.51626215483013,0.920303710818009
01634500,0.6090015470981598,0.9260247349739075,0.11147367209196091,-14.124791324138641,-9.98526089115083,-589.0974451547991,0.6945373140272381,1.21737539768219,0.375,45.50268054008484,0.7985476503772584
01638480,0.5729992985725403,0.6189128756523132,0.06735952943563461,-29.00211811065674,-33.13464623904519,68.54913316104067,0.5252355214705636,1.173237681388855,0.15,47.630276679992676,0.776029869230846
01639500,0.6883811056613922,0.8646317720413208,0.14973080158233643,-19.106364250183105,-4.29341306839026,77.59117341954149,0.6806386549252819,1.243167519569397,0.22727272727272727,38.209811123934664,0.8433581505033625
01644000,0.7216171026229858,0.7694085836410522,0.1060216873884201,-17.006318271160126,-41.2000696016484,58.169683448912416,0.6489753619176902,1.2251920700073242,0.05,38.031930923461914,0.8609517103729523
01658500,0.46363455057144165,0.6806371212005615,0.10403668135404587,-31.658631563186646,-20.639630177891142,83.44492094089864,0.4477887069543949,1.32578444480896,0.5238095238095238,61.82934897286552,0.6888582970211932
01664000,0.7277972102165222,1.0578488111495972,0.07872946560382843,2.3509835824370384,-6.880217663420847,48.293763610043456,0.8155090261347466,1.1236038208007812,0.1,28.875999450683594,0.8758527891180145
01666500,0.7121827602386475,1.0592985153198242,0.07666604220867157,5.869631841778755,-7.061830651424043,46.37753492163563,0.805707424601057,1.1302398443222046,0.15789473684210525,56.52768486424497,0.868581303130238
01667500,0.7207652628421783,1.0991305112838745,0.10283727198839188,4.371907562017441,-14.886004647957229,54.92758814029269,0.7768081129356379,1.1616294384002686,0.045454545454545456,35.16039848327637,0.8822558501395403
01669000,0.7546797841787338,0.8849791288375854,0.035318221896886826,-13.218630850315094,-3.058680556610685,81.14633606952398,0.8205353565960081,1.0443580150604248,0.4,38.36355447769165,0.8695771341786251
02011400,0.7427930533885956,1.1573865413665771,0.18579263985157013,12.548311054706573,-2.0996677492890727,-818.7872294560988,0.6712715552317137,1.2756470441818237,0.3,36.84577226638794,0.9144981051071577
02011460,0.7734550535678864,0.7713104486465454,0.007446755189448595,-24.40016120672226,-9.44404040117309,-366.64778565345614,0.7445716094141449,1.0139333009719849,0.3,43.75802040100098,0.8870813791128325
02013000,0.7358486354351044,0.8095933794975281,0.07618945091962814,-20.83382159471512,-8.483410132336884,-77.01806706972415,0.7153932458430797,1.161036491394043,0.45,38.97700548171997,0.8628374255853237
02014000,0.7449164390563965,0.8999394774436951,0.05569908395409584,-12.635259330272675,6.945365998388239,-115.2927952603554,0.8051564610183937,1.099392056465149,0.11764705882352941,43.761811536901135,0.8655637116688185
02015700,0.7290341556072235,0.7938708662986755,-0.056618478149175644,-25.357404351234436,14.664459647687773,-1107.0094716085766,0.7371797612909687,0.9196574091911316,0.45,42.640299797058105,0.8581186192034613
02016000,0.8125160187482834,0.833522379398346,-0.01872650906443596,-19.317251443862915,14.976463812605022,-248.50977169610044,0.8052492050808882,0.9673183560371399,0.1,29.01979684829712,0.904370589731388
02017500,0.8025182634592056,0.8322970271110535,-0.010012268088757992,-15.40534645318985,-18.053498500697014,-635.6331329356641,0.8031273737116706,0.982807993888855,0.29411764705882354,44.62873234468348,0.8983192309640224
02018000,0.8367175757884979,0.9094074964523315,0.0013840805040672421,-6.9776751101017,0.4548225397551771,-229.8607200233344,0.8755716584562052,1.0024527311325073,0.2222222222222222,23.01838662889269,0.9147392552794866
02027000,0.6657002866268158,1.0065953731536865,0.12453713268041611,-1.923203468322754,-8.907466156747503,47.3297261979974,0.7385153926182563,1.2079966068267822,0.3157894736842105,42.99748069361636,0.8416708728657507
02027500,0.3467397689819336,1.2119500637054443,0.1923353224992752,20.931142568588257,-2.0791815869536134,52.39986003345436,0.5828418125645565,1.271178126335144,0.3684210526315789,66.22289356432462,0.7642871500383499
02028500,0.6938470304012299,1.049246907234192,0.1087975800037384,-4.284492507576942,-24.8636007354584,72.26436536814226,0.774145994752397,1.1709890365600586,0.2222222222222222,54.0011829800076,0.8609046255603224
02038850,0.5724653601646423,0.8021411895751953,0.009475059807300568,-20.608271658420563,-8.694981796232364,44.90525400778756,0.6866733108998941,1.0210542678833008,0.35,54.41261291503906,0.757962352011895
02046000,0.8462575674057007,0.9097967743873596,0.060854021459817886,-1.447986252605915,-31.474081639548917,86.89858360311604,0.8033744092593768,1.1563432216644287,0.3,33.98987293243408,0.9220141162596622
02051500,0.7530487775802612,0.9568197727203369,0.09445209801197052,-6.465134769678116,-16.217467607521684,53.14681091033467,0.7661444081695243,1.1938903331756592,0.2857142857142857,31.217886152721587,0.8765883129379938
02053200,0.8392647951841354,0.8961866497993469,0.03645213320851326,-5.1032982766628265,-51.83509000728173,-119.39628912250504,0.8516405008739292,1.06600821018219,1.1176470588235294,24.466828738941864,0.9170768699963695
02053800,0.7572736144065857,0.8494312763214111,0.15094296634197235,-13.056027889251709,-29.071589254867924,14.841529396183384,0.6820362830481569,1.254845380783081,0.2,35.18364667892456,0.8838801625855471
02055100,0.615192711353302,0.7745943665504456,-0.048592764884233475,-13.512924313545227,-21.930988221165297,53.65991845475308,0.6777700368899919,0.9151617288589478,0.35294117647058826,41.087397407082946,0.7859277755408712
02056900,0.7793940454721451,0.8350273370742798,0.03879960626363754,-11.281701922416687,-26.894797381232426,61.352027144928435,0.7899465306375567,1.0608696937561035,0.3333333333333333,31.741105942499072,0.8851028248370144
02059500,0.6718714833259583,0.7498795986175537,0.10456797480583191,-19.521714746952057,-32.575039994167525,39.31899612809007,0.632561365702237,1.2088650465011597,0.47368421052631576,54.12542443526419,0.8302168231627244
02064000,0.5990879237651825,1.057999849319458,0.01736707240343094,4.393910989165306,-0.9703884448033616,52.08141952708192,0.8008912701290389,1.0321869850158691,0.42105263157894735,44.800627859015215,0.8122653420773466
02065500,0.5285194218158722,1.0990641117095947,0.07033997774124146,14.56318199634552,-8.78742239793414,85.05630447147725,0.7390877971971972,1.1228431463241577,0.42105263157894735,44.5179587916324,0.7922235799139339
02069700,0.73942631483078,1.081588864326477,0.09022779762744904,4.884757101535797,-15.579432005451713,39.6237179823251,0.8234336206521846,1.1077492237091064,0.08333333333333333,34.87154642740886,0.8863820070411499
02070000,0.6956015825271606,1.00980806350708,0.09426967054605484,-0.7360906340181828,-20.455055288324882,66.1857944033305,0.7987742946510596,1.137839674949646,0.09523809523809523,46.92902792067755,0.8537269320989145
02074500,0.6512245535850525,0.8439154624938965,0.011970065534114838,-16.49613380432129,9.171973180434142,36.40632045428907,0.7513841904391578,1.023162603378296,0.14285714285714285,47.186324709937686,0.80787782085392
02077200,0.7054695188999176,0.7162772417068481,0.08284040540456772,-27.274802327156067,-35.07396367773624,88.01108391642902,0.5935213409534434,1.252611756324768,0.16666666666666666,55.506134033203125,0.8553846576143165
02081500,0.8083319813013077,0.9042163491249084,0.1086883619427681,-10.143497586250305,-45.312640035258354,-16.56577589633442,0.6651203273661301,1.3066956996917725,0.14285714285714285,37.20534415472122,0.9056197310928785
02082950,0.6260297894477844,1.1066209077835083,0.13661311566829681,10.966050624847412,-30.410529486011818,62.295375144289935,0.6941351673741533,1.2409064769744873,0.45,41.005492210388184,0.8445993976446723
02092500,0.7515561282634735,0.8659483194351196,0.08825929462909698,-10.601051896810532,-35.80593946720875,36.07333817758388,0.733189843788091,1.191534399986267,0.5294117647058824,51.52686062981101,0.871421696941299
02102908,0.573402464389801,0.9950300455093384,0.2543891966342926,4.260595142841339,-31.44137344103059,49.22665764288242,0.6940107357524301,1.2460516691207886,0.32,30.108386993408203,0.8181668195570349
02108000,0.7980654537677765,0.866897463798523,0.1031816154718399,-9.26922857761383,-47.77048075156251,-12.963613956537849,0.7745326853192018,1.1519770622253418,0.8947368421052632,35.86373078195672,0.8998890745050314
02111180,0.6723282337188721,1.1034536361694336,0.0609419159591198,1.8380628898739815,-7.019720975078146,10.033759643706643,0.8062339585710805,1.0818216800689697,0.2857142857142857,35.124690192086355,0.8580569246315715
02111500,0.736913412809372,0.9589115977287292,0.07856336236000061,-1.5120655298233032,-29.202583059623954,44.07473863692482,0.839672392579017,1.0794109106063843,0.4166666666666667,35.622529188791916,0.8669188511591671
02112120,0.6947185695171356,1.002370834350586,0.22302645444869995,4.0662482380867,-25.598171522731572,45.03825315724747,0.723754934616598,1.2450679540634155,0.2916666666666667,28.11969518661499,0.872534658889823
02112360,0.7569198161363602,0.9564177393913269,0.08382920175790787,-1.0491606779396534,-18.05757491645044,32.363099813516456,0.8456957960568985,1.0832210779190063,0.08333333333333333,24.792522430419922,0.8775882926156545
02118500,0.7662838995456696,0.8907144665718079,0.11075106263160706,-0.05872908513993025,-12.85379462505833,46.41358065680865,0.7501187452441002,1.191483974456787,0.2222222222222222,41.59693188137478,0.8823938726599209
02125000,0.706410139799118,0.7491723299026489,0.013120786286890507,-19.760026037693024,-44.44554613171012,-22.83924500602652,0.7006263689189439,1.0551701784133911,0.2631578947368421,47.34975915206106,0.8461614407437937
02128000,0.6639007031917572,0.8157974481582642,0.08594866842031479,-12.143214046955109,-42.16424198217785,85.77093183679139,0.6433763715943118,1.2461867332458496,0.3157894736842105,49.40075121427837,0.8193292369917925
02137727,0.8712568432092667,1.0426257848739624,0.045744724571704865,-2.6904959231615067,-14.390990223389528,43.041086064579694,0.894853381095518,1.0751999616622925,0.3333333333333333,35.843510854811896,0.9401349877064008
02143000,0.795624777674675,0.8341524600982666,0.050555307418107986,-7.204846292734146,2.9824536469293714,44.704965144214306,0.7861469253324864,1.0855013132095337,0.1875,32.02560842037201,0.8955143239829625
02143040,0.8030382394790649,0.763604462146759,0.038192108273506165,-21.82558923959732,-21.515959741236998,53.12677914570675,0.7371682916392835,1.0695679187774658,0.21052631578947367,40.06314779582777,0.9085781137808809
02149000,0.6390973031520844,1.0745575428009033,0.08454200625419617,-12.651154398918152,-34.41279490557971,55.760837774381834,0.78841768485304,1.113834261894226,0.18181818181818182,31.66186809539795,0.8379814525634929
02152100,0.7681409120559692,0.759808361530304,0.046622633934020996,-21.593764424324036,-20.138962383163594,51.66626687703504,0.7179333747410716,1.0951807498931885,0.29411764705882354,46.42607745002298,0.8868179221609096
02177000,0.8160547018051147,0.86116623878479,0.027614515274763107,-8.330347388982773,-16.84318161208047,30.825737441052787,0.829215773115273,1.0289106369018555,0.22727272727272727,28.125101869756524,0.9048337561244479
02178400,0.8122345060110092,0.9276537895202637,0.002439067931845784,-11.485377699136734,-12.07609144051713,11.135632733358817,0.8778622518121746,1.0022330284118652,0.3181818181818182,32.95428319410844,0.9016197736040105
02202600,0.5285705626010895,1.025538682937622,0.13064756989479065,4.824527353048325,-49.70781757327246,-18.568586309981097,0.5847864911362428,1.350454568862915,1.0,47.886449640447445,0.7787950525420525
02212600,0.7128096222877502,0.9203674793243408,0.09132150560617447,-5.687339976429939,-43.912869887286924,78.52905841560231,0.6825633587064286,1.2692725658416748,0.0625,32.64526426792145,0.8519561950920432
02221525,0.6461646258831024,1.2713054418563843,0.08829188346862793,30.13969659805298,7.04613532332339,-175.5005847420242,0.6610071011437014,1.17271089553833,0.7058823529411765,43.330902211806354,0.8928529549802852
02231000,0.8495054990053177,0.9032486081123352,0.14478252828121185,-11.22855469584465,-41.47158810731158,-524.830264413547,0.6026848850763931,1.3795698881149292,1.4615384615384615,30.129836155818058,0.9334780581238141
02231342,0.2533302903175354,1.40799880027771,0.05243687331676483,11.102255433797836,-32.48746959712003,-30.005184847548634,0.5242218105956111,1.1336076259613037,0.4666666666666667,61.118507385253906,0.7949369200225155
02245500,0.7255122363567352,1.019416332244873,0.07295626401901245,-3.0564188957214355,-8.961038838128514,-40.42895359930449,0.7780825992263594,1.1774543523788452,0.625,35.036566853523254,0.8681656659663729
02246000,0.7587777525186539,0.9104989171028137,0.09617109596729279,-11.244068294763565,-14.856416149802785,34.74947940810159,0.7036363863651391,1.2543513774871826,0.42857142857142855,54.084965160914834,0.8770108768332876
02296500,0.7561967670917511,0.8651190400123596,-0.05141262710094452,-15.461501479148865,-15.558697648946595,-212.92647767769392,0.7829584884436336,0.8890587687492371,0.6363636363636364,37.64277804981578,0.8711350025024265
02297155,0.22760403156280518,1.4266544580459595,0.11087629944086075,35.66533029079437,-24.35602957689431,-13.685729963672777,0.4536557012149922,1.2746143341064453,0.6428571428571429,87.6424925667899,0.7974042602924135
02297310,0.6741785705089569,0.8833887577056885,0.004787085112184286,-19.82528418302536,-15.44216539162415,83.63309148875314,0.7879430429191123,1.0120388269424438,1.2857142857142858,50.59974534170968,0.8232939223941839
02298123,0.6184367835521698,0.9798882603645325,-0.0021234340965747833,3.896535560488701,23.80295315531395,-44.2051556379604,0.8044390814689423,0.9962899088859558,1.0,66.80034909929547,0.8055113730588042
02298608,0.6031470894813538,0.929577112197876,0.037116799503564835,-13.659587502479553,-2.1379623169917763,-4.402806194047095,0.7602039288561823,1.0917695760726929,0.6111111111111112,49.016062418619796,0.7899497262152259
02299950,0.6720479726791382,0.8195927739143372,-0.009275976568460464,-21.27276360988617,12.867384989202568,-302.4692802578021,0.743752567611575,0.9743569493293762,0.8333333333333334,53.903394275241425,0.8198378138064462
02300700,0.6484265625476837,0.854898989200592,0.012748101726174355,-16.33833199739456,65.43558458669449,2.482959352197538,0.7551368957941342,1.0396491289138794,0.9411764705882353,51.09430200913373,0.8067861727445642
02312200,0.48608821630477905,1.0394034385681152,0.0899127945303917,13.25983852148056,-58.88235752668044,-52.55460726572103,0.693581718009505,1.183016300201416,1.8,46.73116207122803,0.7574210099213032
02314500,0.6806076765060425,1.1723589897155762,0.1310788094997406,18.54385882616043,-25.31624654101202,-86.91278502902186,0.6891610588473174,1.23109769821167,1.3,32.299065589904785,0.8837800366442379
02315500,0.7239859402179718,1.1894344091415405,0.15340544283390045,28.784534335136414,-41.042692526610594,-232.05283575265844,0.6491818680536751,1.2808877229690552,1.5,26.51502132415772,0.908950269518445
02324400,0.5841257870197296,0.8535209894180298,0.019818753004074097,-18.692326545715332,-55.30770179461408,-479.4167965637466,0.7230744412452779,1.0441834926605225,1.3076923076923077,93.0424323448768,0.7691765100193231
02327100,0.7299538850784302,0.9529184103012085,0.11020990461111069,-2.5766903534531593,-34.24302910735943,7.570276022220369,0.7266631764642044,1.2334480285644531,0.625,39.08379077911377,0.8658420297878521
02342933,0.6853466928005219,0.7049287557601929,0.06453464925289154,-31.45405948162079,-43.88587525538608,48.62300711796651,0.6004794176677739,1.217799425125122,0.3157894736842105,50.94297810604698,0.8415289712754427
02349900,0.63428995013237,1.265394687652588,0.12762023508548737,22.934268414974213,-7.10244757633483,-144.37157210956033,0.5783647343507439,1.3085280656814575,0.3888888888888889,46.55351638793945,0.889762122245744
02361000,0.7998352348804474,0.9786041378974915,0.0932442843914032,0.2686684485524893,-22.088871458994173,0.23486023914245563,0.824546554602978,1.144227147102356,0.65,31.69384479522705,0.9024056424515658
02369800,0.5899766385555267,1.0983622074127197,-0.012984503991901875,7.602205872535706,-0.06515452918711033,-82.9082652201816,0.7921223038872133,0.981246292591095,0.2857142857142857,47.25690115065802,0.8178288959453822
02371500,0.8001903742551804,1.080326795578003,0.11913155019283295,11.116592586040497,-26.116961917517926,32.255373670651025,0.7798591823021939,1.1874395608901978,1.2777777777777777,32.70622094472249,0.917078371083786
02372250,0.7634592652320862,0.9208083152770996,0.08717003464698792,-1.5746071934700012,-31.993096056154553,42.08857522642371,0.7929667631990764,1.1482298374176025,1.45,41.95569038391113,0.8790894813915383
02374500,0.6104216277599335,0.8735649585723877,-0.03538631647825241,-16.46358072757721,-29.014402627065188,-5.626008364066697,0.7481998811071602,0.9552866816520691,0.5238095238095238,41.10070183163598,0.786884539894538
02381600,0.24979156255722046,0.8817022442817688,0.10311372578144073,-16.556890308856964,-11.54821459607513,65.05402278295259,0.5349539425740227,1.1815733909606934,0.42105263157894735,48.217306639018815,0.5885336220120649
02395120,0.7156019806861877,0.9401230812072754,-0.013356591574847698,-7.515052706003189,34.31561598050928,6.240568616519671,0.8371634584297514,0.9744319915771484,0.4444444444444444,42.77492099338108,0.8507459521093723
02408540,0.830240786075592,0.9587792158126831,0.06481999903917313,-2.3986874148249626,-25.76936194333406,59.379141782748725,0.8518569223264005,1.1137771606445312,0.1111111111111111,30.141417185465496,0.9145483989075844
02422500,0.7504047751426697,1.156532883644104,0.08394014090299606,18.08352768421173,-6.9363577044281675,-11.790412870193915,0.7742198027073378,1.132619023323059,0.11764705882352941,28.44683703254251,0.9057325693549848
02430085,0.5853886306285858,0.858953058719635,0.022574495524168015,-13.648843765258789,-33.01972943181847,16.28874815086972,0.7275772461237375,1.040786623954773,0.4583333333333333,62.67743110656738,0.7705302449311633
02430615,0.37305521965026855,1.039454698562622,0.09581980854272842,7.908898591995239,-15.19546300518804,30.201029502980692,0.6648183294366574,1.1514332294464111,0.48,80.5117416381836,0.7035914035281765
02450250,0.7852877825498581,0.9364997148513794,0.04513934999704361,-7.170123606920242,-22.449649184711955,-313.05283153282176,0.8329814106161334,1.1070239543914795,0.2,27.93111801147461,0.8886052237659636
02464000,0.8353526741266251,0.9635427594184875,0.04247671738266945,-5.622868984937668,-4.489873857863854,54.11127045547238,0.8666757693653835,1.0970653295516968,0.10526315789473684,31.699122880634505,0.9161874598731512
02465493,0.5426977872848511,0.9868886470794678,0.06118818372488022,17.416201531887054,9.411591641762538,22.51015920989087,0.7530013226889274,1.089844822883606,0.3,30.331077575683597,0.7702950875165573
02469800,0.8126914203166962,0.8731863498687744,0.018129581585526466,-16.523191332817078,-16.221065255947657,35.49340134189548,0.834706363092355,1.0407910346984863,0.6470588235294118,37.351998160867126,0.9021410401098685
02472000,0.8406349867582321,0.9695367217063904,0.07379341870546341,-1.0362513363361359,-13.100979482911029,-15.154577586939682,0.8293803596967271,1.1481821537017822,1.0,33.73626232147217,0.9211006992608571
02472500,0.8115382641553879,0.9254153370857239,0.02998252958059311,-8.477376401424408,44.08207905589806,-144.75299376816594,0.8639571442590979,1.0572291612625122,0.5,38.63162279129028,0.9016658260964527
02479155,0.8386726379394531,1.0657130479812622,0.07883487641811371,8.401350677013397,-34.25542966583478,23.478005647227455,0.7870617536514503,1.1897872686386108,0.09523809523809523,28.544687089465913,0.9292519629551197
02479300,0.7838838994503021,1.0657414197921753,0.01723775453865528,8.30075740814209,-4.340382962656323,-22.15569262038469,0.8776993252120158,1.028104543685913,0.75,31.664855480194092,0.9007747239786562
02479560,0.7714788168668747,1.062474250793457,0.10495205968618393,11.288674175739288,-22.524808021573897,-18.893971777938052,0.8009618234597982,1.1600267887115479,1.1,33.47005367279053,0.8994784072802544
02481000,0.7605162560939789,0.963495671749115,0.03990435227751732,-3.5457413643598557,-35.71213873229516,55.90762214524164,0.8390587852800395,1.0974644422531128,0.08695652173913043,34.34101602305537,0.8772392932947285
02481510,0.7608452439308167,1.0478929281234741,0.0622648186981678,-3.791525587439537,-25.89733978047153,36.61216467939254,0.8250119223353116,1.1263676881790161,0.47619047619047616,35.79361552283877,0.8888320993054483
03010655,0.790556475520134,1.0721734762191772,0.055680304765701294,6.733733415603638,-12.974311006956093,-18.226988682274595,0.8579823523081698,1.0784987211227417,0.21052631578947367,25.67867228859349,0.9062025993512896
03011800,0.7767354995012283,0.9665639400482178,-0.08802275359630585,-0.1647779019549489,-6.96011979147878,-22.16493033729891,0.8441818565977629,0.8957846760749817,0.2,35.877227783203125,0.8890924260141605
03015500,0.8284199833869934,0.9213637113571167,-0.013825664296746254,-5.688630044460297,-4.245829104531642,-67.55828448359868,0.8792795630287285,0.981233537197113,0.24,32.52952575683594,0.9103474602430264
03021350,0.6520201563835144,0.7051446437835693,-0.07673932611942291,-31.379705667495728,-9.439707968947639,0.7278308389974522,0.6296020143979976,0.8676273822784424,0.44,45.87286376953125,0.8190788107322822
03026500,0.7773932069540024,0.9565257430076599,0.009769799187779427,-1.2136402539908886,-10.806948900916511,33.62213284181857,0.8760650345752018,1.0130449533462524,0.2727272727272727,35.357874090021305,0.8846757014935535
03028000,0.8106976896524429,0.857387125492096,-0.08901821076869965,-11.821775138378143,-11.067244725308333,-8.769689163345982,0.7937885995693663,0.8843926787376404,0.22727272727272727,39.974238655783914,0.9060869712835459
03049000,0.7394839227199554,1.0299757719039917,0.1062544733285904,3.41704860329628,-18.622767686612907,-7.989718674291499,0.7849550250957791,1.1755375862121582,0.08695652173913043,33.113674495531164,0.8794498023347702
03049800,0.33986032009124756,0.5783006548881531,-0.03035147860646248,-37.97473609447479,-25.46328329005484,75.68951749461895,0.4020614039495535,0.9195627570152283,0.5,70.20863619717684,0.5837908255215566
03069500,0.8366688191890717,1.0037058591842651,0.05567464232444763,2.167999930679798,-15.244509348975905,-6.494796383261911,0.8917907537334422,1.0729751586914062,0.20833333333333334,24.677185217539467,0.9201868820353005
03070500,0.7702028006315231,0.9045625925064087,0.021936170756816864,-10.793956369161606,-22.62668525890286,30.460948514207704,0.8418880330572114,1.0327903032302856,0.5454545454545454,38.41684081337669,0.8782794538482283
03076600,0.7141911685466766,0.96040278673172,0.09732379764318466,-4.7924283891916275,-21.48605431436704,-435.35613363623884,0.787158192439356,1.1525474786758423,0.1,26.99021816253662,0.8569511884120947
03078000,0.806411623954773,0.9147459864616394,0.01835150085389614,-4.740215465426445,-21.57727684730439,-240.86149383160853,0.8645257823934502,1.027396559715271,0.23809523809523808,29.145140874953494,0.8983415260419703
03140000,0.7847017198801041,0.9017418026924133,0.013592296279966831,-8.593404293060303,-12.573525500072638,-293.64228716256207,0.847120084246486,1.0271857976913452,0.2608695652173913,50.28978430706522,0.8860766586403376
03144000,0.8157193213701248,0.8122232556343079,-0.017401261255145073,-16.430453956127167,0.7084723015824841,-422.27576536212837,0.7876005179632442,0.961632490158081,0.3,32.31875658035278,0.9084501860546188
03164000,0.8961443305015564,0.9679054617881775,0.012463690713047981,-2.9312191531062126,-10.00664263539607,8.498869836638171,0.9369054975482217,1.0117429494857788,0.2608695652173913,17.194415175396465,0.9469626547234709
03165000,0.6148886382579803,0.8407224416732788,-0.03779977187514305,-12.40016296505928,16.141127849644025,-14.99858147229208,0.7295681407052832,0.9514909982681274,0.16666666666666666,44.042038917541504,0.7869016032766727
03170000,0.7367597222328186,1.013132929801941,0.19409944117069244,2.773807942867279,-23.499323578077465,44.32854516279728,0.7548304690466555,1.2180876731872559,0.2857142857142857,24.154390607561385,0.8887642509511043
03173000,0.8460645973682404,0.995628833770752,0.004806134384125471,2.355585992336273,7.13523482323442,-52.33200713408736,0.9222014023044603,1.007786750793457,0.16666666666666666,28.54773733350966,0.9227155822867941
03180500,0.8422874361276627,0.9078079462051392,-0.0035826782695949078,-8.02602767944336,-16.527866264050097,-3.262296021941661,0.8763976561105102,0.9949758648872375,0.047619047619047616,26.839310782296316,0.9178238313230053
03182500,0.8379607945680618,0.8460116386413574,-0.005029653199017048,-17.427702248096466,-9.764733497605635,-10.42486039622256,0.8254707082973581,0.99181067943573,0.15789473684210525,27.699588474474456,0.9182626569002785
03186500,0.7539747953414917,0.8653113842010498,0.01727844960987568,-15.01448005437851,-21.322488345489095,-10.645611618956558,0.8100121054790845,1.0257060527801514,0.5833333333333334,50.36853154500326,0.8684949594535732
03213700,0.8309725373983383,1.0070549249649048,0.027309516444802284,3.020824119448662,19.359457244584274,-40.64019958467997,0.9063688707914709,1.0417170524597168,0.2777777777777778,22.447019153171116,0.9164733340502742
03237280,0.44109058380126953,0.697009801864624,-0.021879497915506363,-33.526524901390076,-45.43398744768928,-22.009836526022966,0.545268989801756,0.945875346660614,0.2857142857142857,52.47779119582403,0.6652646517460511
03237500,0.6497720777988434,0.9409629106521606,0.04729529470205307,-10.150985419750214,-17.175393971735875,-114.97763183921714,0.7747904345018294,1.1171449422836304,0.4,46.528897285461426,0.816939810525131
03238500,0.6528013944625854,0.8475112915039062,0.004422508180141449,-21.43891006708145,-2.694086247467815,-7.497941455708619,0.7551855590500453,1.0126655101776123,0.19047619047619047,41.23818079630534,0.8088956067203764
03241500,0.7897759228944778,0.8835492730140686,-0.00040590003482066095,-12.824657559394836,-2.6993638890363223,5.1028763331084175,0.8389187791758322,0.9992399215698242,0.47619047619047616,38.289392562139604,0.8887084452106435
03280700,0.6477901041507721,0.7972778677940369,0.12035622447729111,-21.014849841594696,-24.779821698835374,39.306394453033235,0.5890899104444793,1.3051972389221191,0.42105263157894735,44.44466641074733,0.8139745066752705
03281500,0.8472862392663956,0.8075910806655884,0.002052814932540059,-21.83992862701416,-12.786147775874678,74.54455437528179,0.7946475025276923,1.0042701959609985,0.5,27.12328195571899,0.9283744360920441
03285000,0.8007573783397675,0.8818415999412537,-0.0021319917868822813,-17.315751314163208,-29.566902701509523,70.1933241338155,0.8418031428794561,0.9946029186248779,0.09523809523809523,32.442889894757954,0.8949490142311586
03291780,0.6643862724304199,0.8815935254096985,0.04627738893032074,-15.911737084388733,-28.085528833696877,-16.345009487649055,0.7511118332578395,1.122879981994629,0.16666666666666666,49.22915697097778,0.8188212585749381
03340800,0.7474485337734222,0.9049005508422852,-0.026430878788232803,-12.639890611171722,-8.118063948521005,-266.40642119205114,0.8246836133794592,0.939237117767334,0.17391304347826086,36.73565076745074,0.8658366580232837
03346000,0.8509630411863327,0.9569849371910095,0.05892602726817131,-4.877257719635963,-30.047798960774543,53.513699706934815,0.7992453761111413,1.181146502494812,0.4444444444444444,27.906931771172417,0.9249129304194607
03357350,0.5346972942352295,0.7756233215332031,-0.02842896245419979,-19.019609689712524,-8.47307342923016,-7.165025594256487,0.6414074419002845,0.9165363907814026,0.34782608695652173,55.38915136586064,0.7330214337799554
03364500,0.6858735680580139,0.7686713933944702,-0.0026548809837549925,-20.662038028240204,-12.342883741586421,-11.021787113985447,0.7131271755794584,0.9931505918502808,0.34782608695652173,43.1115316308063,0.8304825119199747
03366500,0.8554541021585464,0.8857806324958801,0.02333041839301586,-12.725694477558136,-19.146410054064916,54.10198438764314,0.8492910946954574,1.0648289918899536,0.22727272727272727,37.48261711814187,0.9260790149173813
03368000,0.5958896577358246,0.7551603317260742,0.048773303627967834,-26.43786072731018,-31.381419684071926,-25.74864966802515,0.6269566775273304,1.167341947555542,0.5238095238095238,50.1768293834868,0.7737003538021318
03384450,0.7089248597621918,0.8364909291267395,0.026659319177269936,-17.615309357643127,-28.62711734276479,-17.119920367050877,0.7565511596444467,1.0877526998519897,0.18181818181818182,40.45398452065208,0.8424195910612194
03439000,0.7425108551979065,1.062830924987793,0.09557992219924927,3.374892473220825,-8.997266674864994,20.423901961538192,0.8368097790606357,1.0972790718078613,0.30434782608695654,36.733403413192086,0.8850212834320289
03455500,0.5606488585472107,0.9963675737380981,0.13401952385902405,0.6908831186592579,-17.1225082909893,32.54626360260075,0.7194981562678268,1.1842668056488037,0.3181818181818182,38.73510794206099,0.7885435407640939
03456500,0.780163899064064,0.9022814035415649,0.05262116715312004,-9.223003685474396,-16.55229158657307,36.34781884118544,0.8277928703515076,1.0829590559005737,0.2857142857142857,36.727385293869744,0.8850036241786217
03460000,0.6357482969760895,1.1666126251220703,0.00966864638030529,13.244560360908508,2.2629173953174515,22.420182684531927,0.7794730074521017,1.0092334747314453,0.3333333333333333,40.32872063773019,0.8558225727218819
03463300,0.7220503985881805,0.7685462236404419,-0.014193166978657246,-10.435858368873596,-12.32744383054619,45.11154698751121,0.724841356576067,0.9704930186271667,0.38095238095238093,39.251990545363654,0.854154991480469
03471500,0.7121808230876923,1.0140149593353271,0.11447227001190186,-3.369997814297676,14.028059157879525,-44.7828178996683,0.8060343233931776,1.1382147073745728,0.21052631578947367,24.100770448383532,0.8646376740679566
03473000,0.8082986921072006,1.0081703662872314,0.04923414811491966,-2.3385614156723022,1.6231333058650168,-12.993780187976531,0.891406221000769,1.054038643836975,0.15789473684210525,21.141840282239414,0.9061614209169446
03479000,0.8391118347644806,0.94144207239151,0.05499711632728577,5.377186089754105,-0.18627903070919713,-9.390085884567577,0.8587983127046308,1.0989018678665161,0.17391304347826086,40.84026917167332,0.9179798430763981
03488000,0.8460923135280609,0.8954073786735535,0.008041642606258392,-8.870461583137512,9.927769513002646,-50.774059730057964,0.8677562374980096,1.0134564638137817,0.25,30.48111915588379,0.9202020058749983
03498500,0.8342693895101547,0.8818520307540894,-0.035116396844387054,-6.94350078701973,-4.996238939478384,-5.007648995218008,0.8439695277830292,0.9443104267120361,0.15789473684210525,31.001871510555866,0.9146463998982893
03500000,0.829593613743782,1.1135962009429932,0.05975905433297157,7.630850374698639,-8.935534485733916,44.587487366781914,0.8565420125614063,1.0538450479507446,0.13636363636363635,21.837024255232375,0.9308855434627976
03500240,0.8358916193246841,0.9443191289901733,0.09278696030378342,-5.054257810115814,-20.26467314300712,46.35466885068829,0.8648316938614946,1.0930529832839966,0.30434782608695654,35.06482995074728,0.9193076590382456
03504000,0.8052497655153275,0.8972175717353821,-0.13745315372943878,-11.580115556716919,-1.8007094518177829,11.201366042761737,0.8235208590459296,0.8900197148323059,0.25,36.315246423085526,0.9078859592334155
03574500,0.7188124358654022,0.821850061416626,0.032777298241853714,-18.500709533691406,-21.399986192414975,54.278241426457704,0.7538850064770306,1.0774701833724976,0.631578947368421,37.72439203764263,0.8488922235363681
03592718,0.6646882593631744,0.767662525177002,0.013282177969813347,-26.003843545913696,-29.401263507803282,38.44371046961042,0.7023863254867928,1.032539963722229,0.2608695652173913,42.82479078873344,0.8168761407924079
03604000,0.8094933331012726,0.8443154096603394,-0.006410048808902502,-8.240096271038055,39.817399317440156,-28.133625147791136,0.8152072807937067,0.9851564168930054,0.47368421052631576,35.70082815069902,0.9015605493566035
04015330,0.6365554928779602,1.0683029890060425,0.0445885956287384,6.382990628480911,-9.165591030752282,-4.695862795195002,0.7898220184234157,1.1078144311904907,0.47368421052631576,50.82427576968544,0.833010377389736
04024430,0.7286322712898254,1.2302500009536743,0.08988659083843231,16.317012906074524,6.444742128197109,-693.4432542039689,0.6927796190718412,1.1845697164535522,0.7222222222222222,31.337791019015842,0.9145405400980599
04027000,0.8156616687774658,1.0941340923309326,0.06569841504096985,8.037018775939941,20.551997744614724,-781.7116309803328,0.8183775264845681,1.1341921091079712,0.7894736842105263,32.34468510276393,0.9217825249701221
04040500,0.7877395302057266,1.0618962049484253,0.07744443416595459,6.452472507953644,-17.802756167892717,51.07982865106682,0.8230555217341264,1.1356209516525269,1.1176470588235294,25.142445283777576,0.9046838645630882
04043050,0.7807047516107559,0.7803693413734436,-0.02146425098180771,-26.160231232643127,1.3870279483266044,-86.0414175602883,0.7515996848507657,0.9610455632209778,0.6875,34.95919108390808,0.8906947292545636
04045500,0.8519700467586517,1.1417466402053833,0.16728205978870392,15.482676029205322,-16.588504096371647,10.668040181528912,0.7728377911536785,1.1720305681228638,1.1176470588235294,16.757304528180292,0.9562273744247602
04056500,0.4865086078643799,1.3814527988433838,0.2738974690437317,39.967307448387146,0.6383537561216737,-38.008255938490485,0.539718784040748,1.2347532510757446,1.5,32.034897804260254,0.8939647646824653
04057510,0.7040638029575348,1.1615111827850342,0.1326165348291397,22.360508143901825,-15.652117875640585,9.160655143748054,0.7667545459515663,1.128550410270691,1.4705882352941178,33.59669517068302,0.8914073129125341
04057800,0.6477824449539185,1.1960229873657227,0.1153942197561264,23.91427755355835,-4.684560071966796,5.519762828616977,0.6965730154659208,1.1945862770080566,0.8125,34.81098711490631,0.8743850957576851
04059500,0.8502206653356552,1.0635088682174683,0.12870922684669495,6.92928284406662,-13.711098370000807,32.37408853637718,0.7840081701228193,1.1973084211349487,1.0,19.616665158952987,0.9392671326161615
04063700,0.6496835350990295,1.2229121923446655,0.2599059045314789,25.807440280914307,0.48460016013544976,-61.63144168158933,0.591991115944483,1.3281770944595337,0.7777777777777778,43.64521503448486,0.9047046766917626
04074950,0.7577170878648758,1.1526588201522827,0.24512220919132233,25.67691206932068,-5.957786495881863,-12.123052708853342,0.7747015006047786,1.1506787538528442,1.0,25.850097338358562,0.9310753193927928
04105700,0.682773768901825,0.8942593336105347,0.1607951819896698,-7.407952100038528,-24.281683573588808,23.551779433303736,0.7965858714124737,1.0751912593841553,0.625,21.847915649414062,0.8433395592602932
04122200,0.7421437799930573,1.0035998821258545,0.16140873730182648,3.308757394552231,-7.83591046833936,20.74137566719234,0.8596907435770471,1.0796128511428833,0.7,23.339014053344727,0.8845204683957238
04122500,0.7290805578231812,1.043412446975708,0.14755795896053314,7.88264274597168,-4.849246338625095,20.2810403329002,0.8578862446008321,1.0653645992279053,1.105263157894737,16.384108443009225,0.8815130889548926
04124000,0.8103071004152298,1.0331703424453735,0.04352959617972374,1.1838676407933235,5.6988452475001905,18.76929794699257,0.902997469955365,1.0120728015899658,0.95,10.248270034790039,0.9096480953223105
04127918,0.5644665658473969,1.2702901363372803,0.21304407715797424,26.81574821472168,4.491528706365367,-50.61134919975368,0.59616331995167,1.2728550434112549,0.95,32.519803047180176,0.8751904184917125
04127997,0.4924960732460022,0.9577955007553101,0.45712462067604065,-1.804916188120842,5.699562020544564,14.267789469647987,0.7950979022365753,1.1272950172424316,0.375,14.982157945632935,0.8450818651783916
04161580,0.6336477100849152,0.9514528512954712,0.1555238962173462,-9.442533552646637,-10.408503741507198,5.4281612259247565,0.7546373923706103,1.1611137390136719,0.6190476190476191,32.742597943260556,0.8214269150280799
04185000,0.7791070193052292,1.1008687019348145,0.054007504135370255,20.654013752937317,-17.899867181489206,36.758736852989166,0.8399983973981683,1.0807359218597412,1.0434782608695652,22.8772785352624,0.9056192353993792
04196800,0.7499822378158569,0.8501462936401367,-0.03839470073580742,-10.515350848436356,-29.723023922607762,-128.6002185643322,0.7824005921344097,0.9150740504264832,0.6521739130434783,38.1853725599206,0.8670302587702605
04197100,0.7616281062364578,0.7474130392074585,-0.006834166124463081,-24.820435047149658,-37.05519999669902,-180.68116840402894,0.7212729833404824,0.9839568734169006,0.55,46.06252670288086,0.8832472906398282
04213000,0.6506887078285217,0.917758047580719,0.02275269106030464,-7.694334536790848,-20.940186163979007,24.127063585593948,0.7923665262890137,1.0403157472610474,0.6818181818181818,43.986545909534804,0.813660092330336
04216418,0.6473463475704193,0.9458712935447693,0.00851559080183506,-8.839581906795502,0.7907035014772424,-471.11596844534205,0.8069739278051432,1.0129199028015137,0.5,43.39249928792317,0.8151697432884514
04221000,0.8010325133800507,0.9354141354560852,-0.0001825247163651511,-8.597785234451294,-5.869960449202502,12.559550610946186,0.8774724870957877,0.9997296333312988,0.42857142857142855,34.9136125473749,0.8958770706257674
04224775,0.6384418606758118,0.8085993528366089,-0.021463042125105858,-21.73728346824646,3.4319100229206208,-715.3425791296914,0.7205580859874295,0.9653586745262146,0.38095238095238093,50.011721111479254,0.7993671160007334
04233000,0.7203637659549713,0.8105178475379944,-0.12400932610034943,-19.228823482990265,18.411430537811466,-561.9493579175544,0.7047667894777743,0.822757363319397,0.3181818181818182,37.899164720015094,0.8591305205655467
04256000,0.8016523569822311,0.9542633295059204,-0.06050681695342064,-5.125795677304268,3.661049574872534,-71.24978210216891,0.869850154089893,0.9317083358764648,0.3333333333333333,31.12059434254964,0.8990872259137682
04296000,0.8314947336912155,0.8935911059379578,-0.047563400119543076,-8.049561828374863,-9.31526145604945,0.8476031377484521,0.8520160370732327,0.9446620941162109,0.13043478260869565,23.29256016275157,0.9133159950140696
05056000,0.7463641464710236,0.8527763485908508,-0.12559780478477478,-22.43027687072754,-30.395938593333238,-166.66959704196586,0.6361702091883235,0.6923790574073792,1.4545454545454546,47.58683984929865,0.873245635869004
05057000,0.7380518615245819,0.8242701292037964,-0.13498042523860931,-20.405671000480652,-27.111158259788283,-265.10799053406583,0.642331332339245,0.7164937257766724,1.8888888888888888,47.92824851142036,0.8708873328748237
05057200,0.6150380074977875,0.9457793235778809,-0.04966168478131294,-14.359824359416962,385.21719530417874,-51.372032375543,0.7166474211644704,0.8074246048927307,1.5,71.22105757395425,0.7993422830281577
05120500,0.1415373682975769,1.6749075651168823,0.10302194952964783,44.01715397834778,-38.063571133946695,-9.613347518271983,0.21438798223576616,1.384665608406067,1.3333333333333333,53.287712732950844,0.882874466006841
05123400,0.4256226420402527,0.9043843746185303,-0.05957001447677612,-10.418324917554855,-79.5889028362202,-128.08405416553427,0.628629838576066,0.8201631307601929,2.4285714285714284,64.46384702410016,0.6894647372020792
05129115,0.7654921859502792,0.9643212556838989,0.0502757802605629,1.6880568116903305,6.016414968632397,38.425208647238684,0.8631245055081158,1.0561481714248657,1.3333333333333333,28.346939086914062,0.8803784674815274
05131500,0.7900640815496445,1.0588648319244385,0.08445679396390915,7.260137051343918,-25.46736504176546,-514.7040880627127,0.8216708270568394,1.139556884765625,1.0555555555555556,18.007674482133655,0.9058718883668998
05291000,0.513867974281311,0.8994137644767761,0.02709384635090828,-4.085421934723854,16.766517407803338,-357.88004060588895,0.6988534014712394,1.103736162185669,0.6666666666666666,55.43940332200792,0.7357832486693971
05362000,0.7505658864974976,1.147963047027588,0.1447589248418808,11.513527482748032,-2.1585771989080134,-18.09399401279158,0.6375745490195617,1.3183753490447998,0.5263157894736842,47.88355576364617,0.910020661520059
05393500,0.800146222114563,1.035784363746643,0.10545332729816437,5.193319916725159,-4.145398687318477,19.11857462116571,0.7473869458084638,1.2331194877624512,0.3157894736842105,21.530309476350485,0.909511664372714
05399500,0.6706638932228088,0.7635686993598938,0.10925264656543732,-26.466557383537292,-28.828399125510817,-391.96465718954283,0.5095790097487534,1.3940702676773071,0.375,41.78489446640015,0.8287644549476466
05408000,0.709141731262207,1.0043448209762573,0.058378640562295914,15.686134994029999,10.574812219560476,-110.40150553940566,0.8312256638768716,1.0893869400024414,0.05555555555555555,36.80881924099392,0.8569060657418108
05412500,0.8116263896226883,0.9908920526504517,0.012294801883399487,4.485464841127396,-6.061148523017244,2.434709453988498,0.9022596622442893,1.0213934183120728,0.7857142857142857,35.313762937273296,0.9050655985819528
05413500,0.6696019768714905,0.793089747428894,-0.07834292948246002,-12.140778452157974,-29.31129547914538,-3.9425204838817223,0.7090663312178,0.8982832431793213,0.1111111111111111,31.624650955200195,0.8225619871788605
05414000,0.4794371724128723,0.7219760417938232,-0.08539362251758575,-16.18203967809677,-19.6347267342769,9.168394443575387,0.570032697278422,0.8718889355659485,0.4,41.04866027832031,0.6980693535882562
05444000,0.5776689946651459,0.87369704246521,0.019020481035113335,-8.22511911392212,-34.12203213354118,49.21704958430079,0.7336627254386737,1.0315276384353638,0.3333333333333333,42.58171399434408,0.7676444217295197
05454000,0.651523232460022,0.9053941965103149,-0.00878959707915783,-8.440501987934113,-8.93316259700714,-3.6798281526817247,0.7891217450613432,0.9805485606193542,0.29411764705882354,56.02641947129193,0.8125406127768864
05458000,0.7775241434574127,0.7555269002914429,-0.011121152900159359,-15.376725792884827,-14.253243135325674,-667.861105250846,0.7313591101338859,0.9713000059127808,0.5333333333333333,46.99213981628418,0.8924028738007325
05466500,0.6976565718650818,1.0085625648498535,-0.02354113757610321,1.1604536324739456,-4.749166430736127,-83.64384350561595,0.845246637074894,0.9612450003623962,0.8888888888888888,35.007267528110084,0.8504228098174359
05487980,0.7297860383987427,0.9832446575164795,0.05414925888180733,-5.8238353580236435,-28.9686607503909,-283.19534212997746,0.7820402196438383,1.1696783304214478,0.16666666666666666,48.49376148647732,0.864224492132947
05489000,0.7221047580242157,0.9090740084648132,0.05862656980752945,-14.424556493759155,-29.416597296935226,-93.07248205602016,0.736638929172367,1.1991389989852905,0.29411764705882354,35.477127748377185,0.8535924292464453
05495000,0.8039470314979553,1.0220924615859985,0.03951169177889824,1.8864566460251808,-19.36047088614984,-117.31360845158558,0.8466346302625574,1.1184308528900146,0.2222222222222222,26.731615596347385,0.9050948217455056
05495500,0.8236450552940369,0.8852059245109558,0.025178806856274605,-12.499716877937317,-26.264406555301157,-130.61878245465016,0.8289779272036203,1.0874162912368774,0.2857142857142857,33.60961505344936,0.9081889895351584
05501000,0.7932330071926117,0.9706583619117737,0.03593716025352478,-2.1891865879297256,-17.531064570449193,-162.45760624146422,0.8313745971323563,1.1283138990402222,0.25,34.25636291503906,0.8946001039864347
05503800,0.6665587425231934,1.200747013092041,0.12361633777618408,11.101852357387543,-33.00365318129324,-32.1911120019526,0.4638029343265869,1.4835500717163086,0.05263157894736842,38.68128375003212,0.8842966806243002
05507600,0.754155769944191,0.7605213522911072,-0.02116062305867672,-27.325809001922607,-3.905970911375197,9.419049743042997,0.7136237618222747,0.9031652808189392,0.16666666666666666,50.1965151892768,0.8763700511790514
05508805,0.7786008417606354,0.9583048820495605,0.030263522639870644,-6.164662539958954,-19.36935739663704,6.28509997266782,0.8273281127321976,1.1226832866668701,0.4117647058823529,49.09578772152172,0.8858688957192731
05514500,0.7675260007381439,0.8752694725990295,0.030178653076291084,-14.153754711151123,-18.55868381324125,-166.27774938200398,0.7982639433186393,1.0995676517486572,0.5,38.32438786824544,0.8766062609980593
05525500,0.8095876574516296,1.0142406225204468,0.014483699575066566,1.9801326096057892,-12.936392400546017,-22.67809295806957,0.9010182077263011,1.0286579132080078,0.3157894736842105,31.323575973510742,0.9063339769046102
05556500,0.772261768579483,0.8659008145332336,-0.007848693989217281,-4.857604578137398,-36.199219241538295,23.248674050473983,0.818444611594795,0.9821575284004211,0.21052631578947367,38.42066212704307,0.8789156751543252
05584500,0.808970183134079,0.8268828392028809,-0.03184081241488457,-16.623513400554657,-12.860268451578102,-273.10825027453353,0.7876040332749028,0.923995316028595,0.6,43.87557506561279,0.9032230227118049
05585000,0.809127688407898,0.9668959379196167,0.015514529310166836,0.718127703294158,-10.353105732514415,-325.7889743555791,0.8919372705099293,1.0312286615371704,1.2608695652173914,38.066810110340946,0.9019875248898428
05591550,0.7100571393966675,0.7002378106117249,-0.0651012659072876,-32.10570514202118,-46.58927731248421,58.95170177543917,0.6281801435858878,0.8301870226860046,0.21052631578947367,61.98908153333163,0.8601565583492905
05592050,0.7791356295347214,0.8829582333564758,0.009996861219406128,-12.658506631851196,-29.961986624248933,-7.271254452936268,0.8316048551620722,1.0301495790481567,0.25,32.292847633361816,0.8827432196025813
05593575,0.8144774883985519,0.855950117111206,0.026755886152386665,-13.550640642642975,-24.219152573304367,-20.12587844904686,0.8018654340803962,1.0965557098388672,0.1111111111111111,38.10545603434245,0.9041671645552161
05593900,0.7383786737918854,0.7720806002616882,-0.01297067105770111,-25.245851278305054,-29.671772111510663,-0.2683165396033646,0.7303976420803642,0.9517282843589783,0.05,38.421032428741455,0.8643238411222245
05595730,0.8196706622838974,0.7844191789627075,0.04368184879422188,-17.11965650320053,-46.12412294204703,-30.439821393517473,0.7076938730428847,1.1785895824432373,0.2222222222222222,34.069834815131294,0.9158956451763272
06191500,0.9423226900398731,0.8921622037887573,-0.005843604914844036,-11.705316603183746,-11.686061693649458,1.912414783575801,0.8888764750841606,0.9926226139068604,1.3,23.201453685760498,0.9742119858760617
06224000,0.8488715142011642,0.8709686398506165,-0.02865656279027462,-18.152444064617157,-22.07334244432411,-52.45922776510531,0.8436642597976218,0.9563612937927246,1.3,37.856693267822266,0.9232703767559057
06278300,0.7471555471420288,0.9087725877761841,0.05651262402534485,-15.822575986385345,-0.13996303346646607,-884.1813522042248,0.7834402375729461,1.144727110862732,1.0,36.81925058364868,0.8672229186089163
06280300,0.8753901273012161,0.8974332213401794,0.026406120508909225,-13.578106462955475,-12.073401894546638,-4.273541143392645,0.873189507523223,1.0396199226379395,1.0,27.090814113616947,0.9368239076254806
06289000,0.7699850052595139,0.9029796123504639,0.05286763235926628,-14.115048944950104,-11.139684529052202,63.22323125370664,0.8308354323284854,1.068251132965088,0.5555555555555556,24.71877204047309,0.8793953641653603
06311000,0.6521975696086884,0.9272732138633728,0.02381686493754387,-14.304524660110474,10.248753801659346,-34.58217518275722,0.7955600496446116,1.0500956773757935,1.1,35.96837282180786,0.8156174330696869
06332515,-0.5802628993988037,1.4348481893539429,0.2956843972206116,54.783833026885986,-24.496013157685532,-32.11733834462463,-1.0774176400035702,2.9799420833587646,0.8181818181818182,36.970650066028945,0.545686837348337
06339100,0.1437150239944458,0.6900317072868347,0.08170931041240692,-11.499951779842377,-22.431291316691,-16.13450663814201,0.12016807657561845,1.6163579225540161,1.0,59.53173637390137,0.4539901261936468
06339500,0.3738201856613159,0.8169316053390503,0.05230027809739113,1.0855303145945072,-23.94338760603099,-97.09595338924949,0.4837526974293459,1.320358395576477,1.2222222222222223,57.424004872639976,0.6389352708011974
06344600,0.16380834579467773,0.7201418280601501,0.09518002718687057,-2.5631358847022057,-24.514284960759355,-35.25907443413384,0.02502564141473773,1.7758558988571167,0.6666666666666666,49.43450821770562,0.480094212663636
06350000,0.6757380962371826,0.9069023132324219,0.09123428165912628,19.2589670419693,0.04832045239316199,-269.47416018377504,0.2008415791087752,1.7754278182983398,1.5555555555555556,50.130791134304474,0.8305930904332447
06352000,0.6438633799552917,0.7117971777915955,0.04426048696041107,-12.11889460682869,-35.75297607788859,-109.50534202866984,0.5012433048971103,1.3597609996795654,1.7142857142857142,55.21563121250698,0.8095547393852309
06353000,0.49738818407058716,0.9978522062301636,0.06068466603755951,8.175066858530045,-66.12796270855117,-55.78893922947561,0.5111673432449291,1.4200632572174072,1.125,49.16732907295227,0.7500007735451054
06354000,0.6128078103065491,0.8885457515716553,0.06389571726322174,1.2096259742975235,-25.070681031542158,-6.027550729985655,0.5250956520371451,1.4118268489837646,1.4285714285714286,66.65191650390625,0.7914077262279338
06360500,0.7161252796649933,0.7572430372238159,0.04760810732841492,-16.639378666877747,-57.69284830800876,-44.94236490143214,0.6185052537480191,1.2549294233322144,2.0,70.19718885421753,0.8529684130499495
06404000,0.5422988533973694,1.2228323221206665,0.1747318059206009,18.561705946922302,-44.69192372896517,-26.99790215666867,0.39936423801214815,1.5359866619110107,0.5555555555555556,39.277561505635575,0.8456388227223864
06406000,0.21619445085525513,0.9334455132484436,0.08247660100460052,20.33480554819107,-56.522411884917204,-310.3103613228452,0.5237889439411954,1.2260375022888184,1.3333333333333333,87.00669606526694,0.5861709075416383
06409000,-0.49807989597320557,1.0138956308364868,0.4695243835449219,19.4413959980011,-33.175497999740095,-9.176678728345205,0.32054525677689805,1.2541887760162354,1.3076923076923077,53.36233285757211,0.3700367267217907
06431500,0.49442440271377563,1.2184593677520752,-0.16056938469409943,16.384802758693695,-6.156318545602718,0.6373846164022928,0.7064816693839999,0.916377067565918,1.0,35.298093159993485,0.8226987867495203
06447000,0.35534900426864624,0.7919667363166809,0.09973977506160736,-17.270024120807648,-51.10679163637526,-18.86572990723159,0.49409007777017067,1.2706414461135864,0.35,69.16094303131104,0.6266098310648696
06447500,0.44328582286834717,1.0349806547164917,0.03225155547261238,9.502017498016357,-15.369511031582103,-797.0070419013982,0.7278822100242378,1.0328316688537598,1.3571428571428572,47.59993553161621,0.7321445782942304
06450500,0.39229071140289307,1.0039094686508179,-0.02196374163031578,4.84762042760849,13.961919267402509,-375.9869335459452,0.6967544127681489,0.9780310988426208,0.8823529411764706,51.70501821181354,0.6975765061831408
06452000,0.5329177379608154,0.9097069501876831,0.10015527904033661,-5.5716075003147125,-16.63848374708908,-1.9815824577133907,0.6314398269884978,1.2584755420684814,0.75,48.17930459976196,0.7532731055635329
06453600,0.6372157335281372,0.7406859397888184,0.10667647421360016,-24.274876713752747,-37.626651290326535,-17.14763519349981,0.5076636922109944,1.3719614744186401,0.8181818181818182,50.31527172435414,0.8081773743991251
06464500,0.5458430349826813,0.7533696889877319,0.11525222659111023,-27.95996069908142,-13.658567073948621,-604.4254172889888,0.6053810428363933,1.1768524646759033,1.1538461538461537,39.941035784207855,0.7477683271653958
06468170,0.6190816760063171,0.4536982476711273,-0.10056883841753006,-56.96331858634949,-35.03728491602707,-4.6730078501518095,0.29231494391665425,0.5572658181190491,1.2,72.44814872741699,0.9202567984070338
06470800,0.5214993953704834,0.5277729630470276,-0.06393823027610779,-43.2237833738327,1.7163826992831006,28.416002617050378,0.4000006422470106,0.7166817784309387,0.3333333333333333,57.6600710550944,0.7618159530918157
06477500,0.27545052766799927,1.1254702806472778,0.08789648860692978,11.233630031347275,-56.81537367205125,-45.9170198138068,0.429668761703067,1.4610062837600708,1.4285714285714286,54.34911251068115,0.6885387080465128
06479438,0.29532188177108765,0.9710235595703125,0.0836753100156784,15.08159339427948,-25.21756688729628,-140.56627438360937,0.49643070127547184,1.3521274328231812,1.2727272727272727,68.29707405783914,0.6411843431909724
06601000,-0.26811039447784424,1.4106100797653198,0.046175867319107056,68.7048852443695,9.830098346112743,-871.321100836541,0.4305984189653912,1.065710186958313,0.1111111111111111,109.19105741712782,0.6110273862985551
06614800,0.8838437050580978,0.9859561324119568,0.009007452987134457,-7.240110635757446,4.325145848573724,-1116.1964701046352,0.9370646187973982,1.0176180601119995,0.9,20.578947067260742,0.9412357596137219
06622700,0.9289958849549294,1.0169466733932495,0.05493491142988205,-6.347522884607315,8.1423947857915,0.6492862627610766,0.8736399826009161,1.120713472366333,0.7,26.235470771789547,0.9667145400022493
06623800,0.9374600127339363,0.9457850456237793,0.0264511089771986,-6.702793389558792,-4.825734995352958,-4.353363081849201,0.9199768463925653,1.0499482154846191,0.7,21.158788204193115,0.9688612844650674
06632400,0.9067364484071732,0.9873959422111511,0.05103452876210213,-4.618125781416893,-8.967036158612611,-79.17257130317809,0.8737510199815742,1.1169605255126953,0.5,23.90467882156372,0.9541722992640653
06746095,0.7676118016242981,0.7992405891418457,-0.06680816411972046,-22.296448051929474,-12.721666551896135,26.990376451613997,0.7305507382546557,0.8639050126075745,1.1,27.020890712738037,0.882625735300904
06784000,0.38164806365966797,1.172287106513977,0.24213692545890808,22.09358662366867,-16.253514119394794,52.825331134569986,0.6109241117886569,1.2656866312026978,1.0625,39.09882605075836,0.7739296266277937
06803510,0.4878174066543579,1.399269461631775,0.06681840866804123,45.63270807266235,40.09696097643305,-197.11626955527612,0.4826578111709299,1.3045274019241333,0.2222222222222222,46.35021951463487,0.875541577914296
06803530,0.6833894550800323,1.0849525928497314,0.03351392596960068,3.6963287740945816,23.539819774750136,-679.2800667760021,0.7854321061541409,1.1365269422531128,0.13333333333333333,51.13563855489095,0.857933705346515
06814000,0.7572742402553558,0.9883686900138855,0.03741300851106644,0.4782207775861025,-26.35607678054752,-0.6076517390021249,0.8074579954382134,1.1484910249710083,0.2222222222222222,37.14522520701091,0.8779854449184961
06847900,0.021222412586212158,1.0003105401992798,0.2743490934371948,67.04790592193604,-24.94314661929071,-17.037692268722335,-0.8341585310480693,2.7776899337768555,0.625,52.516186237335205,0.548385208468949
06853800,0.5300821661949158,0.8193601369857788,0.1312747299671173,-8.36378037929535,-64.68687509442745,-34.04709167770361,0.2429505904851521,1.689048409461975,0.5833333333333334,60.607922077178955,0.7436694755693238
06876700,0.07522886991500854,1.1466271877288818,0.16414476931095123,14.895707368850708,-34.2474382768501,-140.00036552121955,0.3605514987768018,1.4912934303283691,0.6923076923076923,74.97590138362004,0.6178670141802757
06878000,0.7201540470123291,0.9283242225646973,0.08143634349107742,-16.71242117881775,-2.333270063384137,-270.24703936647774,0.6186987528601727,1.3455510139465332,0.5333333333333333,47.811384201049805,0.8556126017965716
06879650,0.26413315534591675,0.8317193984985352,0.04404221102595329,-3.246450796723366,-83.24167576974027,-360.3045701741684,0.4957956220934183,1.2144044637680054,0.3333333333333333,88.57196966807047,0.5758132253654974
06885500,0.7414245307445526,0.7308715581893921,-0.03290316462516785,-27.06722617149353,12.23674110704814,-131.84457835881395,0.670841806926032,0.8589808940887451,0.23529411764705882,48.78857556511374,0.8733958545532411
06888500,0.6438107192516327,0.9152280688285828,-0.014652908779680729,-13.36987316608429,12.98927244520971,-176.38479818645544,0.7857877933682176,0.9510882496833801,0.16666666666666666,39.37644428677029,0.8094528146718231
06889200,0.3662300109863281,0.5863792896270752,-0.005071789026260376,-20.26260495185852,17.2535353380841,10.92177204452473,0.42748969293416994,0.9676020741462708,0.3333333333333333,48.774470223320854,0.6054922889884352
06889500,0.5680922865867615,0.7012984752655029,-0.0030351411551237106,-19.69831883907318,6.208008661407469,-176.3960857399036,0.6137772938534429,0.9840184450149536,0.2,59.33227062225341,0.7556846960079734
06892000,0.7322264015674591,0.8910053372383118,0.0036856597289443016,-12.84121721982956,-17.382120731060564,-85.8846370537135,0.8192377935630857,1.0132983922958374,0.6190476190476191,46.72666731334868,0.8564092916385133
06903400,0.5148085653781891,1.0959737300872803,0.05722704902291298,9.718090295791626,-43.89785612962459,-23.872302849887763,0.7074876757375206,1.172757625579834,0.23529411764705882,45.614615608664124,0.7843444742590868
06910800,0.7868523448705673,1.0198365449905396,0.0194647628813982,-9.36225801706314,-25.120742844048436,-10.275024371313195,0.8644231249416856,1.084535002708435,0.36363636363636365,44.81951973655007,0.8958777936725265
06911900,0.8373702317476273,0.8168730139732361,0.005891429726034403,-21.329133212566376,-36.65060725425139,-18.37826263837532,0.7984277388616262,1.0292489528656006,0.09523809523809523,43.03428104945591,0.9210039101888199
06917000,0.8310599029064178,0.8682037591934204,0.048336438834667206,-18.32696497440338,-36.76428648370112,-24.931744913277964,0.7352213491788071,1.2129580974578857,0.3888888888888889,36.63165834214952,0.9140562185666531
06918460,0.5671197474002838,1.2248725891113281,0.03891577944159508,38.24182450771332,-21.785316236506407,38.47148496761834,0.7144714149918328,1.0824382305145264,0.1875,44.12566423416138,0.8445560240061785
06919500,0.7688530534505844,1.0211315155029297,0.1128816157579422,1.8867908045649529,-50.250941870497435,75.5528562870573,0.6308041841570535,1.3528016805648804,0.5625,24.366873502731323,0.8932761335076153
06921070,0.7609862387180328,0.7645450234413147,0.06814704835414886,-20.906229317188263,-48.97655606549262,54.6021582984354,0.6565427154078639,1.220976710319519,0.1111111111111111,41.742149988810226,0.8829822498527856
06921200,0.6555197834968567,0.7016148567199707,0.08311984688043594,-30.07357120513916,-57.636427752654896,87.32984548995223,0.523957345875079,1.3259018659591675,0.2222222222222222,53.69823243882921,0.8228817102036371
07014500,0.744759738445282,0.9126986265182495,0.22823795676231384,-5.97570538520813,-40.48833090287453,23.569129289525197,0.5260790441658983,1.4533277750015259,0.2222222222222222,33.9881075753106,0.892885710668117
07056000,0.8728169500827789,0.9325368404388428,0.06535229831933975,3.674057498574257,-28.418532703190596,11.035472929890929,0.7785063360588214,1.2011983394622803,0.07142857142857142,30.09875161307199,0.9365382519486374
07057500,0.847327470779419,1.1453111171722412,0.026716560125350952,23.558761179447174,46.74071387051308,-118.4427718263979,0.8383247692139488,1.0419608354568481,0.5,31.816184520721436,0.9428786575469253
07060710,0.5516816973686218,0.7229506373405457,0.10193436592817307,-15.536202490329742,-18.559539924898573,24.53593973889518,0.3883975982917245,1.4846712350845337,0.4,51.287994384765625,0.7502102037573319
07066000,0.7603604793548584,0.9354433417320251,-0.02177571877837181,-14.043869078159332,-20.52375828293518,-79.87645413211985,0.8528998219970513,0.9588465690612793,0.3684210526315789,37.66000647293894,0.8743922957627874
07067000,0.7899121642112732,1.1287131309509277,0.10902261734008789,8.540036529302597,-8.976672865480875,-25.184472960043387,0.7799639664631011,1.1592947244644165,0.2222222222222222,32.03563955095079,0.9195389738241783
07068000,0.8520585894584656,1.0887744426727295,0.016642052680253983,7.055024057626724,-3.272748550641696,-40.470167893050444,0.8881738802851301,1.0224372148513794,0.6111111111111112,25.13604958852132,0.9358069258537675
07071500,0.8169748187065125,1.1027981042861938,0.08142273128032684,19.1177636384964,-12.062974199685375,-7.850629015260424,0.8214546398585463,1.12513267993927,0.35714285714285715,39.88220351082938,0.9248148432573127
07083000,0.8966310098767281,1.0122965574264526,0.004437701310962439,3.188176080584526,-12.227242372313013,-19.53434357428468,0.9471573517551953,1.0065550804138184,0.8,24.97603416442871,0.9490277421556541
07142300,0.16877788305282593,0.7954180240631104,0.2380858063697815,-8.492781966924667,-61.36754040937529,-60.86577790924345,0.07569987464352679,1.7748268842697144,1.875,59.117090702056885,0.5394348729347427
07145700,0.6547471582889557,1.093923807144165,0.03396359086036682,1.349786389619112,38.55309359394173,-178.27298808226513,0.7687747673953353,1.1454622745513916,0.09090909090909091,51.204052838412196,0.8467545976971493
07148400,0.5487423241138458,1.0977067947387695,0.216050386428833,17.14175045490265,-21.839445580244707,-205.71109225353382,0.49545594572287366,1.4611303806304932,0.4117647058823529,44.013090694651886,0.8200642975175514
07149000,0.5862554609775543,1.1355739831924438,-0.03656410798430443,11.777236312627792,29.823053530613358,0.1584824569290485,0.7733127119874794,0.9460819959640503,0.6842105263157895,40.60045292502956,0.8265074339673723
07151500,0.5884228944778442,0.6660484075546265,-0.06900925189256668,-34.61061716079712,32.58373827856488,-266.25941720996906,0.5558906366331045,0.8087668418884277,0.75,61.02488994598389,0.7783260507591775
07167500,0.7079373896121979,0.7648934721946716,-0.0029370589181780815,-19.8659747838974,-22.424013659004657,-98.50143519056445,0.7180904313068766,0.9844635725021362,0.17647058823529413,50.935419868020446,0.8452209803472418
07180500,0.7679978311061859,0.9126012921333313,-0.02826111577451229,-11.88456118106842,32.30621501511052,7.8980813288862,0.8044957764987528,0.875179648399353,0.21052631578947367,49.2964694374486,0.8775122573628155
07184000,0.6854057312011719,0.7982206344604492,0.021852772682905197,-19.057612121105194,-43.73320146839489,-43.44940808400548,0.7181558841408613,1.096913456916809,0.3888888888888889,56.69659508599175,0.8287429558957945
07195800,0.3648378252983093,1.2733122110366821,0.026519382372498512,17.768988013267517,25.81758964665543,89.92568608539383,0.6452448059116687,1.0532699823379517,0.125,87.64410018920898,0.7801955596158164
07196900,0.6042553782463074,1.0580732822418213,0.03332361578941345,6.59722238779068,-31.110093134945906,-6.945372967585624,0.7805245818575197,1.1030114889144897,0.5,56.96111158891157,0.8151065544425701
07197000,0.8037198036909103,0.9773246645927429,0.11904055625200272,-0.3286123974248767,-29.229483851898546,50.8286396934734,0.6716652814823465,1.3140991926193237,0.21052631578947367,39.6205977389687,0.9070956742442844
07208500,0.7345630824565887,1.1736867427825928,0.15180987119674683,21.703925728797913,9.537051579192811,-448.2238494688831,0.682974073291565,1.2493282556533813,0.6363636363636364,28.4757137298584,0.9095910705750944
07226500,0.1787751317024231,0.45153290033340454,0.04061229154467583,-60.10404825210571,-75.2819688704106,-1642066210937.5,0.15762133633004927,1.2807159423828125,0.25,86.33677959442139,0.4255574760850182
07261000,0.8875520303845406,1.0115132331848145,0.08725972473621368,3.7499427795410156,-22.779292657481378,68.10223688295088,0.7621662813451167,1.2318485975265503,0.15789473684210525,18.41665569104646,0.9482452802556713
07291000,0.5902834832668304,0.7028428912162781,0.03133927285671234,-17.71320551633835,20.779040377403536,-1075.7614841477184,0.6040372165609122,1.128534197807312,0.3157894736842105,37.80837309987922,0.7720457533579163
07292500,0.7764563858509064,0.9330854415893555,0.0035234722308814526,-1.7088767141103745,44.2385374232065,-86.50254690607488,0.8645630664593602,1.0093395709991455,0.3684210526315789,43.331201452957956,0.8826186673565509
07299670,0.2833852171897888,0.511074423789978,-0.03079693391919136,-35.61531603336334,57.534286345867194,-489.11927308253826,0.3069925787755714,0.8457778096199036,0.6,92.27366765340169,0.5337097654955705
07301410,0.006756961345672607,0.7463666796684265,0.054761577397584915,-8.649218082427979,-41.36104709028154,-6.570760910690744,0.32384366350297755,1.090049147605896,0.6875,60.80009937286377,0.3797188692067866
07301500,0.31149739027023315,0.8436458706855774,0.11623747646808624,1.7740823328495026,-46.12571453161618,-18.189950815018282,0.505116855227703,1.2679730653762817,1.0,39.44003880023956,0.6144443626934161
07315200,0.28716009855270386,0.9788472652435303,0.10316751897335052,2.090662904083729,-73.65847543940475,-1194.5240441018902,0.08600637084812612,1.840503215789795,0.7272727272727273,71.2578990242698,0.6415432240987082
07315700,0.5455321967601776,1.0845736265182495,0.0977841392159462,3.0519938096404076,-55.62858965296876,-55.346192059654996,0.48169173117495123,1.4698551893234253,0.7222222222222222,50.05591180589464,0.7981910202795256
07335700,0.4140189290046692,0.6613526344299316,0.13182663917541504,-28.597292304039,-63.497146989239894,81.90977653622433,0.3558921114310809,1.427110195159912,0.47368421052631576,45.19316522698653,0.6568239298849272
07340300,0.7122128903865814,0.9815787076950073,0.05774533376097679,-1.0105697438120842,-6.928158320830952,-51.08863172215947,0.7882714548583448,1.1534438133239746,0.16666666666666666,37.00714111328125,0.8552774068425625
07346045,0.8496948480606079,1.0355192422866821,0.06239238753914833,8.858966082334518,-36.5662183869096,-24.601233260836093,0.8496259112026774,1.1282135248184204,1.0714285714285714,20.71545124053955,0.9299140380486838
07362100,0.7176654636859894,0.9175882935523987,0.11767053604125977,0.17016162164509296,-46.07926438186081,83.34898479096924,0.6209703567333559,1.3413751125335693,0.3333333333333333,48.237759272257485,0.8573998118587259
07375000,0.5793313980102539,0.8103259205818176,0.017776869237422943,-7.387413829565048,53.6004456147391,-200.2078018878108,0.6929376938162333,1.0453823804855347,0.4117647058823529,46.25056491178625,0.7628261333594604
08013000,0.7472115159034729,1.0734446048736572,0.14460939168930054,12.00621947646141,-23.31016407423832,-19.39428548236794,0.6514718905518484,1.323958158493042,1.0588235294117647,30.479593837962433,0.8945066607019564
08014500,0.7157605588436127,1.0921268463134766,0.1327429711818695,16.421502828598022,51.478759371194386,-132.592807256431,0.6813260524313042,1.281246542930603,0.9444444444444444,38.95073731740315,0.8818216976897475
08023080,0.6883582174777985,0.868377149105072,0.05981915444135666,-10.199595987796783,-63.11851433433373,62.7252714259092,0.6914543854968604,1.2232753038406372,0.5714285714285714,35.92705045427595,0.8325964156707429
08029500,0.5266608893871307,0.6373137831687927,-0.02769179455935955,-20.12244611978531,46.491371201150926,-46.71875783606691,0.5397665609822087,0.9067867994308472,0.3684210526315789,38.80177297090229,0.7324465927137829
08066200,0.5430981814861298,1.0966664552688599,0.046093251556158066,4.638741165399551,29.961577280993318,12.034362629641242,0.7019148953844241,1.1956191062927246,0.35,59.293680191040046,0.7969150638952558
08066300,0.6096656322479248,1.0644718408584595,0.10114044696092606,12.758639454841614,14.30209691458108,-103.05259952243821,0.7049472457878105,1.2274110317230225,0.7894736842105263,45.82703740973222,0.823410837945273
08070000,0.5638640224933624,1.0028492212295532,0.07252899557352066,1.216118410229683,46.33190413382452,-650.1568143634113,0.6864896953503842,1.2283248901367188,0.7647058823529411,41.40460350934197,0.7851783586229374
08079600,0.2764454483985901,0.2844667136669159,-0.06979849934577942,-71.00833654403687,-80.59882504286142,-263.44068456752245,-0.003364849256398239,0.397700697183609,0.7777777777777778,89.53133689032661,0.6366975272591986
08082700,0.34834712743759155,0.38691991567611694,0.025653410702943802,-21.949301660060883,-78.75468736878248,-5354.395680292085,0.17104877198896284,1.429985523223877,0.4166666666666667,74.68109130859375,0.6444646312329592
08086212,0.2386903166770935,1.2496060132980347,0.08665180206298828,26.770731806755066,-84.82352991145322,-163.12550741218942,0.03610597865174714,1.8889505863189697,0.08333333333333333,68.62030029296875,0.7233135753248322
08086290,0.4088684916496277,1.3396579027175903,0.06442871689796448,22.530536353588104,53.90985433426001,-110.80360893227837,0.2574487815037054,1.6364210844039917,0.5714285714285714,60.82629476274762,0.8239800450577635
08101000,0.7360978126525879,0.722594141960144,0.019987720996141434,-20.968419313430786,-52.54658952501824,-25.912548346633052,0.6752989279097479,1.108694314956665,0.35294117647058826,50.9010539335363,0.8709173828982705
08103900,0.4953979253768921,0.7151976227760315,0.013812778517603874,-27.129456400871277,-84.11303440126157,-107.68834019739964,0.5832786676707415,1.0704901218414307,0.6,58.638490041097,0.7040685595131385
08104900,0.49916642904281616,0.5391637682914734,0.026954852044582367,-10.154056549072266,-27.765699674872334,-9.038614464149825,0.4371622031782203,1.1822490692138672,0.16666666666666666,72.62356281280518,0.7331636646808399
08109700,0.6117056012153625,0.7006092071533203,0.021356046199798584,-37.10185885429382,17.765765038352676,-10.728504320535501,0.6228443405332036,1.0855591297149658,0.7333333333333333,54.209232330322266,0.7871827545782807
08150800,0.27645808458328247,0.9481987953186035,0.010461128316819668,-14.200316369533539,8.34367259037933,15.26342699040701,0.610753963477176,1.0661952495574951,0.2857142857142857,72.66883850097656,0.6199377668350818
08158700,0.5042473673820496,1.1371463537216187,0.12186331301927567,26.0202556848526,-52.74700621538329,-62.794208822245864,0.5458707976535582,1.3822848796844482,0.7142857142857143,63.953304290771484,0.7968190932953416
08158810,0.5539876520633698,0.5962009429931641,-0.004629988223314285,-28.703683614730835,-40.26353177293502,-58.29274062500184,0.5312860951973155,0.9816803932189941,0.6153846153846154,66.13358717698318,0.7627165447757485
08164000,0.5562909841537476,1.0660871267318726,-0.03452568128705025,-11.453524231910706,27.76273727466877,-105.11034136281853,0.7513043276142222,0.8764922618865967,0.5714285714285714,51.617136455717535,0.794505796262156
08164300,0.6350996792316437,0.7413266897201538,-0.016503995284438133,-30.87957501411438,-7.778370039577322,-1.0670690523389494,0.6609052777445543,0.9119493961334229,0.7058823529411765,61.95335388183594,0.7992004970895213
08164600,0.7105670869350433,0.8040080070495605,0.021042082458734512,-16.668371856212616,-28.436236272610234,-23.25453941186674,0.7258706391164418,1.111584186553955,0.16666666666666666,44.6635299258762,0.8441699178308786
08165300,0.014732956886291504,0.8708292841911316,0.03898756206035614,46.83040678501129,45.10187888021019,-473.63824289717627,0.3995324328527293,1.188599705696106,0.2857142857142857,106.0938835144043,0.44474656562563364
08171300,0.6311090588569641,0.80352783203125,-0.012297079898416996,-11.996804922819138,56.395660673900274,14.551279176999701,0.7117926465658657,0.9524560570716858,0.16666666666666666,51.590402921040855,0.7945693808654697
08175000,0.6409335732460022,1.1772853136062622,0.09139573574066162,27.175408601760864,-21.475066349187284,-17.30939614347839,0.45514825121983815,1.4970368146896362,0.6666666666666666,39.248460133870445,0.8643985598472123
08176900,0.6386841535568237,1.0353249311447144,0.0326051190495491,-5.084758996963501,-0.35481340892835767,3.501302205624171,0.7401252571292819,1.1903343200683594,0.42857142857142855,47.96453203473772,0.8266221530129689
08189500,0.6916604936122894,0.975574254989624,0.016499100252985954,-7.560267299413681,26.494984811851957,-0.7565874289179492,0.8155900953064414,1.092615008354187,0.38461538461538464,34.38556744502141,0.8424155586444864
08190000,0.4828815460205078,0.975593090057373,-0.09933154284954071,-13.426806032657623,-12.131917245201766,-662.6086875823958,0.5816169226382357,0.6728571057319641,0.3,62.639198303222656,0.7403343902252646
08190500,-2.9155871868133545,2.4216387271881104,0.32587891817092896,152.6910424232483,-49.93509095106383,-89.4051444120052,-2.5520252592468444,4.2341132164001465,0.125,68.57614517211914,0.6307595970204767
08194200,0.23761731386184692,0.3944055736064911,-0.025630025193095207,-54.834163188934326,-78.3655673464688,-404.5003219551649,0.18281072463232206,0.7756710052490234,0.6363636363636364,72.64372218738903,0.4992703278104205
08195000,0.2565959095954895,0.8722675442695618,-0.030822470784187317,8.281753957271576,14.007786791624413,-292.4280879916971,0.54824106157464,0.8795090913772583,0.875,58.773499727249146,0.5837638901542228
08196000,0.04355436563491821,0.7979255318641663,0.047442879527807236,28.924256563186646,-31.519383007088468,-201.27695342401623,0.3203578926478984,1.3057981729507446,0.0,138.09476999136118,0.4276654991758648
08198500,0.4604477286338806,0.518744945526123,0.02969222143292427,-12.521946430206299,5.85984254176757,-14.403529620003496,0.3049114145435855,1.4049005508422852,0.2857142857142857,56.57293115343366,0.7040316603034051
08200000,0.3355671167373657,0.31839656829833984,-0.02485385350883007,-41.68822765350342,-40.22093854297476,-12.956293712533078,0.21624251212305856,0.7723897099494934,0.42857142857142855,62.940856388637,0.6871324280804759
08202700,0.3707941770553589,0.659339964389801,0.11106280237436295,61.6507887840271,177412211.894989,-2688556640625.0,-1.8563876299138653,3.810455560684204,0.42857142857142855,72.30347905840192,0.6202098291395061
08267500,0.8249160200357437,0.7396279573440552,-0.01684824377298355,-22.83187061548233,-6.031658446782153,69.83894207626653,0.7288317249043563,0.9775092601776123,1.25,36.819297075271606,0.9276619087633687
08269000,0.8458872586488724,0.731408953666687,-0.028390727937221527,-22.880612313747406,-33.514292218081565,32.508463970914306,0.7220433707987188,0.954832911491394,0.75,29.166579246520996,0.944514221081701
08271000,0.9167544543743134,0.9326022267341614,0.017638003453612328,-5.109984427690506,20.071455454870588,6.965341336319986,0.9175101335533286,1.0222645998001099,0.8888888888888888,18.47915914323595,0.9579713690332738
08324000,0.6971553266048431,1.0527234077453613,0.14911103248596191,4.612316936254501,4.129660240138589,-714.4722585236868,0.7250520811154431,1.2353798151016235,0.6923076923076923,44.81315612792969,0.8680418891564798
08377900,0.7684490084648132,1.0812100172042847,0.08215511590242386,13.375633955001831,-18.334038018995393,45.46841198192891,0.817639341320339,1.1283659934997559,1.0,35.98937554792924,0.8990915531158058
08378500,0.8184461742639542,1.1893374919891357,0.11936618387699127,19.58444118499756,-0.45958509695264393,-69.79545076784915,0.7397085204145418,1.1698492765426636,1.0,33.56462001800537,0.9447352578040507
08380500,0.48927849531173706,0.850827157497406,0.06795849651098251,-18.045639991760254,-14.915021081973364,-623.3482561156998,0.6564320932770127,1.122214436531067,1.0625,55.21122217178345,0.7156586539155703
09034900,0.933989442884922,0.9639005064964294,-0.012593544088304043,-1.3562683947384357,-13.346448617843155,-1052.698161866906,0.9458126548038653,0.9773731231689453,0.6,16.731908321380615,0.9665168789826425
09035800,0.7909508794546127,1.2597324848175049,0.14640915393829346,26.923629641532898,-3.031929234883645,-5.769148414474648,0.6591298999559341,1.2155392169952393,0.6,33.95233869552612,0.9523103011997844
09035900,0.9351900741457939,0.9954617619514465,-0.07088688015937805,3.1707730144262314,9.694799704105044,-77.66993854626824,0.8932342220785882,0.897641658782959,1.0,20.135493278503418,0.9699815770921473
09047700,0.779557004570961,0.8913387656211853,0.03839227184653282,-4.070869088172913,-0.3621665077084068,48.86896201369122,0.8335362962334335,1.0489749908447266,1.625,30.500662326812744,0.8837917770262601
09065500,0.9394267573952675,0.8776806592941284,-0.04092893749475479,-17.711350321769714,1.2510977118846023,8.188952429202716,0.8532716559055595,0.9229240417480469,0.6,23.61912488937378,0.9749703673714414
09066000,0.9462795592844486,1.0395071506500244,0.013940997421741486,3.3697515726089478,-7.499778435079187,34.592962746865744,0.9460157466957988,1.0269949436187744,0.1,13.497334718704224,0.9750048470429239
09066200,0.8438067138195038,0.9048037528991699,-0.03645933419466019,-12.926270067691803,-22.655663717368817,47.95987995680559,0.8565996435409201,0.929220974445343,1.1,34.419658184051514,0.9194291224322206
09066300,0.8658069670200348,1.0009468793869019,0.11283376812934875,3.163287416100502,-34.37591199302194,92.68642612030207,0.7585779637371526,1.23367178440094,0.4,20.669314861297607,0.9393271050006106
09081600,0.9576281681656837,1.006739854812622,0.007765068206936121,-3.307162970304489,5.680286766085862,31.099101463748475,0.9751798515802861,1.0114003419876099,0.5454545454545454,18.4508583762429,0.9790084224688342
09210500,0.8250699043273926,0.7936435341835022,-0.03594186156988144,-22.328926622867584,-3.4535837860293683,2.198075752511466,0.7733872754159182,0.9558042883872986,1.0,37.96142339706421,0.9174344197973974
09223000,0.9094015136361122,0.9088749885559082,0.10091722756624222,-7.342509925365448,-35.27803386615138,61.41519077817067,0.79067608591003,1.1842254400253296,1.5,16.840368509292603,0.9603298532050489
09306242,-2.698732852935791,1.8427704572677612,1.190001130104065,51.72479748725891,-5.628265939037059,-728.1725137125952,-0.9402647596999703,2.694801092147827,1.1111111111111112,55.378733740912544,0.5733683648101042
09312600,0.6833549439907074,1.156923532485962,0.21036510169506073,0.9030008688569069,-23.97644533663346,-8.319219901247106,0.4542499358108866,1.5116170644760132,1.0,59.01155471801758,0.8929200445858534
09352900,0.8326576203107834,0.9038090705871582,0.018173210322856903,-14.961029589176178,-18.070641151677638,15.76547629073573,0.8675709279214314,1.0258433818817139,1.1875,46.38679027557373,0.9127252393689889
09378630,0.011463046073913574,1.681732177734375,0.33111873269081116,68.43509674072266,-66.75156370578412,-246.59250643782565,-0.36945991168713355,2.1813132762908936,0.8,59.79958534240723,0.8768714865737701
09386900,0.18217533826828003,0.5835090279579163,0.09032458066940308,-34.14596617221832,-82.93285589036626,-173.27315531175654,0.11620256959345343,1.5571744441986084,1.5833333333333333,82.12389945983887,0.45484882194695153
09404450,0.6896888315677643,1.0947264432907104,0.2155448943376541,-1.869717426598072,-36.39048406603149,19.226732834760448,0.684716534768501,1.2772703170776367,0.4166666666666667,44.90787188212077,0.8835880776829949
09430500,0.5110175013542175,1.0380696058273315,0.020902423188090324,13.259215652942657,47.79127695742232,-458.50219632564927,0.7563691774177335,1.053496241569519,0.75,48.78917535146077,0.7653836430207835
09430600,0.2636401653289795,0.2992519736289978,-0.02834331803023815,-48.20088744163513,-31.423771303307387,-21.586707416123872,0.17224840355977766,0.8349982500076294,0.9,78.57277870178223,0.5914668539201046
09480000,-0.5620566606521606,1.1230899095535278,0.0918816328048706,67.48160123825073,421.8631635467069,23.388124617686344,-0.22533079147212698,2.008544921875,0.8333333333333334,110.43965021769206,0.3150755054343847
09492400,0.7409109175205231,0.8550515174865723,-0.1064186841249466,-12.7784863114357,4.698485227227712,-9.630788243062563,0.7680323842035396,0.8766427040100098,0.6875,42.9904967546463,0.8674032816341718
09494000,0.5974087119102478,0.886494517326355,0.012824006378650665,-7.168610394001007,-25.91695835314271,58.42078901908804,0.751939998510069,1.0194370746612549,0.5333333333333333,43.16563606262207,0.7802900323817323
09497980,0.7064236104488373,0.7332307696342468,0.03133610635995865,-19.064030051231384,23.20568085443599,-1323.9191948656508,0.6362045233221654,1.1959127187728882,0.25,59.13035869598389,0.849004857017413
09505350,0.4656665325164795,1.0948837995529175,0.07526810467243195,11.673976480960846,-78.00248564342078,-21138.486647365127,0.552294556733099,1.3675849437713623,0.7777777777777778,57.33893182542589,0.7626847294719143
09505800,0.5070445239543915,1.0675114393234253,0.09920594841241837,18.133457005023956,395.21402859497255,-3827.4098442829027,0.50946975142376,1.4310694932937622,0.2222222222222222,62.87075678507487,0.775854461832928
09508300,0.5242554247379303,0.5010648369789124,-0.011415219865739346,-44.15605366230011,-74.77124266207049,-69.25501042376389,0.44558088971183374,0.9146798253059387,0.7777777777777778,69.35609181722006,0.7738038003325047
09510200,0.6859754025936127,0.6385185718536377,-0.028234001249074936,-39.59115445613861,-64.83730996282586,-92.91191245609845,0.5547971683103241,0.7829731106758118,0.45454545454545453,71.62528471513228,0.8570452247735714
09512280,0.3316267132759094,0.6562860012054443,0.021853085607290268,-9.931623190641403,-67.97324177024544,-409.2154096002561,0.3793083203297777,1.302808165550232,0.6666666666666666,83.55404535929361,0.5811610534816499
09513780,0.4573138356208801,0.6490293145179749,-0.0016559254145249724,-19.211459159851074,-70.43783596700138,-477.1888402872774,0.5225026195289271,0.9805113673210144,0.2222222222222222,63.47123781840006,0.6768227738758229
10172700,0.649435818195343,1.1122547388076782,0.06369480490684509,11.264356225728989,-2.6519546304259465,50.485566082759746,0.8058898422029994,1.050464391708374,1.5,32.623058557510376,0.8498967950218911
10172800,0.828649252653122,1.013742446899414,0.06289540231227875,6.822891533374786,-0.659459900899347,-13.853674422009565,0.8914447236199999,1.0692397356033325,1.8,24.300062656402588,0.9175302952792022
10205030,0.7522450983524323,0.9192599654197693,0.14206531643867493,-14.331802725791931,-4.304863630490069,27.841761568081225,0.7750030432978777,1.1721869707107544,1.9,32.68307685852051,0.8797655437960746
10234500,0.8132512867450714,0.8322571516036987,0.09739680588245392,-16.06275886297226,-30.02972178283118,3.836427549845403,0.761787556405603,1.1434608697891235,1.2222222222222223,18.96562841203478,0.91040935353254
10242000,0.848677784204483,1.009145736694336,0.015696803107857704,1.7987355589866638,14.641598087042047,-1451.104096991802,0.9164768356179346,1.0359952449798584,1.3,39.635071754455566,0.9251881237533012
10244950,0.6472608745098114,1.1043882369995117,0.15971773862838745,2.480292320251465,-17.04172803527717,-3.2103547382049986,0.7527784042234007,1.172368049621582,1.1666666666666667,36.23225291570027,0.8567838386769362
10249300,0.7104147970676422,0.7807602286338806,-0.012671087868511677,-20.374877750873566,14.746253018455684,-144.32674797778603,0.7305108368364581,0.9741626381874084,1.0,49.52831949506487,0.8454336309267666
10258500,-0.8425060510635376,2.045515298843384,0.24382883310317993,114.75992202758789,-87.37378312401364,-2412995703125.0,-1.3154900920864128,3.0591137409210205,0.5714285714285714,221.2024688720703,0.8313502790247941
10259000,0.776505172252655,0.8925960063934326,0.15010015666484833,25.62800943851471,1.2991910657501728,73.02907168940732,0.5247388982160225,1.4506416320800781,0.25,40.18462002277374,0.8938886600664934
10259200,0.4317467212677002,1.1855430603027344,0.10313796997070312,47.98853099346161,-87.44206557100065,-499.976626794802,0.026291461692841245,1.9300504922866821,0.4444444444444444,106.20617336697049,0.7793460352881467
10263500,0.7088600993156433,0.5595654249191284,-0.11166111379861832,-44.2668616771698,-19.750619834026367,18.10861646628902,0.443884832271757,0.6690092086791992,0.14285714285714285,50.99996158054897,0.9243259561568568
10316500,0.8535025119781494,0.8602633476257324,0.06381729990243912,-18.55376958847046,-34.926797082028905,29.256567581900832,0.7968613670575531,1.1289830207824707,0.4,36.68289661407471,0.9285692466315243
10329500,0.6710776090621948,0.9613613486289978,0.06893604248762131,-9.432456642389297,-8.588353195716454,-831.4893248879463,0.7871180908282833,1.125144600868225,0.8,51.467251777648926,0.832176906397368
10336645,0.8744061440229416,0.9144476056098938,0.05208059027791023,-8.4587924182415,-12.247083734075764,-16.693150904020477,0.8473137865715102,1.1095503568649292,0.8181818181818182,32.99679105932062,0.9368130797077693
10336660,0.8864515647292137,0.9958630800247192,0.05150147154927254,-0.26837647892534733,-7.68353089173583,33.151649425884514,0.8868781891687667,1.0983885526657104,0.7272727272727273,26.560525460676715,0.9443302354666183
10343500,0.7732043266296387,1.1408463716506958,0.11827552318572998,5.942533910274506,-12.56029127213743,17.15775596322497,0.7277475137447642,1.2170971632003784,1.0909090909090908,29.26794398914684,0.9154273235888819
10396000,0.7549632638692856,1.095241665840149,0.1294214129447937,4.732058569788933,18.009109154648666,24.375231564462624,0.7745285969299747,1.1781883239746094,0.21428571428571427,33.8874237877982,0.8999235297910699
11098000,0.7869309484958649,0.6266888380050659,-0.00856428500264883,-33.38836431503296,-38.03000476317911,87.1528799294512,0.6180592523816415,0.9446277618408203,0.5,50.217872858047485,0.9412511594794774
11124500,0.7572680860757828,0.7810755968093872,0.05497221276164055,-7.648944854736328,-56.95797424410017,-73.56613256520504,0.6161827290419228,1.2903718948364258,0.0,59.77668762207031,0.8772320650070072
11141280,0.6063940823078156,0.8808891177177429,-0.01948099210858345,-2.8082938864827156,54.332270885704794,-977.9841961397257,0.7482712567645661,0.9462199807167053,0.4,55.06770133972167,0.7848543111779328
11143000,0.7610841393470764,0.9932414293289185,0.036324404180049896,-4.5875877141952515,21.578412020946665,26.549222445204506,0.862715749510109,1.0670899152755737,0.6666666666666666,37.76044845581055,0.8804164291243505
11148900,0.7085860073566437,0.9282821416854858,0.07000064104795456,-6.373158097267151,-80.02728977371434,-113.91934889965339,0.6912472363877666,1.259260654449463,0.18181818181818182,32.397647337480024,0.8484456173797436
11151300,0.3897297978401184,0.7223458290100098,0.05788729712367058,-17.668600380420685,-0.43527431940000694,-0.5457409553634985,0.4098398358907933,1.369727373123169,0.6,65.8981704711914,0.6332591511752366
11162500,0.8524827063083649,0.8895257115364075,0.037880972027778625,-11.201301217079163,-1.8999144923156834,-50.51918102268598,0.8278140265123303,1.1085381507873535,0.07692307692307693,31.4602778508113,0.924747685231475
11176400,0.4112865924835205,1.077128291130066,0.1268644630908966,2.2083336487412453,-84.25422456242154,-216.8456316360826,0.39071024431672996,1.5441430807113647,0.3,45.428404808044434,0.736953348620668
11180500,0.6906933486461639,0.7774428725242615,0.020949136465787888,-18.66493821144104,-82.17815495999281,-720.2553380389877,0.7107777034646448,1.079370379447937,0.6666666666666666,54.82132832209269,0.8332120966939649
11180960,0.6812998652458191,0.7156662940979004,0.00681080250069499,-19.278335571289062,-62.687817792349264,-89.15517276518588,0.669593124528899,1.0268149375915527,0.6923076923076923,45.020041098961464,0.8338554660287762
11224500,-0.27526044845581055,1.4795464277267456,0.23989349603652954,81.47616386413574,-76.15559361456091,-701.39765583387,-0.8256641411087231,2.729642152786255,0.8888888888888888,50.686868031819664,0.6661994561273175
11230500,0.6761139333248138,1.2361583709716797,0.19587719440460205,21.24382257461548,0.39090864036239426,-67.84936651409451,0.5960285483796844,1.3143032789230347,1.0833333333333333,26.945364475250244,0.9070720364881671
11237500,0.8284251093864441,1.083485722541809,0.042913250625133514,12.05693706870079,-40.6853265887133,-12.67247231668454,0.8536309397818986,1.093874216079712,0.8333333333333334,38.646531105041504,0.9248889656826521
11253310,0.509598970413208,0.7934824824333191,0.06644418835639954,-3.9290647953748703,-79.84031998170195,-467.9958582645426,0.4117336260984169,1.4747263193130493,0.75,59.754323959350586,0.7206386509323497
11264500,0.9347328767180443,0.9750495553016663,0.05905579775571823,-4.013266041874886,-24.46254846600027,44.18329836485191,0.8927529351465007,1.0994781255722046,0.9166666666666666,22.82037933667501,0.9686390248607164
11266500,0.9343705624341965,0.9899030327796936,0.036144040524959564,-1.9612282514572144,-27.51264564531905,29.15447271242913,0.931692001723248,1.0592604875564575,0.6153846153846154,31.939308459942158,0.9675619282925177
11274500,0.6886620819568634,0.8531360030174255,0.09828823804855347,-11.819705367088318,-84.9559363269851,-2427055078125.0,0.3905844928520211,1.5682151317596436,0.6666666666666666,43.141208754645454,0.8358360856274998
11274630,0.16025352478027344,1.2468568086624146,0.14622282981872559,18.04214119911194,-90.47079126085423,-327.92200802253905,0.2866366407784484,1.5964010953903198,0.4444444444444444,58.53411356608073,0.6962653597067152
11284400,0.7126805186271667,0.857999861240387,0.11943042278289795,-6.786829978227615,-80.14308305874978,-162.75061738840486,0.3911044567649795,1.5734727382659912,0.08333333333333333,37.965496381123856,0.8526271340123043
11381500,0.848070964217186,0.8166484236717224,-0.12842051684856415,-16.413085162639618,0.7699097243509951,-10.443847836658016,0.7560034658818982,0.8515740633010864,0.26666666666666666,35.72880744934082,0.9376602098605396
11383500,0.8692478537559509,0.9629424810409546,0.08065728098154068,-4.2593978345394135,-4.815308127625235,-25.179897372261134,0.8584212902564733,1.120833396911621,0.07692307692307693,25.698359196002666,0.9361990475616514
11451100,0.6766002476215363,1.0971323251724243,0.16532224416732788,5.1916323602199554,-17.722662835643014,62.80509768587006,0.5248729191317361,1.4463711977005005,0.07692307692307693,28.29485306373009,0.8693714876284012
11468500,0.898332916200161,0.9172911643981934,0.006416579242795706,-8.951053768396378,-2.7690960948930994,-405.68579015702034,0.9010605383512982,1.0167006254196167,0.38461538461538464,23.21483355302077,0.9483342018805293
11473900,0.8052929192781448,0.7825903296470642,-0.001809511100873351,-22.375041246414185,-33.850091229540986,47.824441326707664,0.763032172334667,0.9963216781616211,0.3076923076923077,34.666494222787705,0.9058020354046434
11475560,0.7435518205165863,0.655436635017395,-0.12005391716957092,-37.59997487068176,-7.499369562509312,37.371860070316174,0.5549783512546438,0.7345352172851562,0.16666666666666666,42.24022626876831,0.9059319156033241
11476600,0.7686382085084915,0.9101703763008118,-0.035739604383707047,-9.9518321454525,-12.55776627758751,64.97129218682632,0.831474839611163,0.926133394241333,0.3333333333333333,33.438165982564286,0.8780365097914988
11478500,0.7385042309761047,0.6356827020645142,-0.13033874332904816,-37.517231702804565,-27.755197072352495,58.33945711690852,0.5369044079982119,0.7279701828956604,0.25,40.940626462300614,0.912078373748818
11480390,0.7055481672286987,0.6381906270980835,-0.07732249796390533,-35.525861382484436,-49.55902964393303,81.70751852132935,0.5742743111425084,0.812658429145813,0.23076923076923078,45.03503946157602,0.8765517287954452
11481200,0.7743936330080032,0.722874641418457,-0.11731182783842087,-30.94683587551117,-9.139157364101253,46.67619387602869,0.6280104246286293,0.7701031565666199,0.1111111111111111,47.42927021450466,0.9065911075143712
11482500,0.733310878276825,0.6370157599449158,-0.1686597317457199,-35.85904240608215,-34.8481148188575,67.16528525727033,0.5268860204426082,0.7082922458648682,0.1875,42.78375506401062,0.9164185110104957
11522500,0.7471896111965179,0.7212410569190979,-0.0941368117928505,-26.302576065063477,-11.053972030926511,33.14544130584427,0.6716790921336973,0.8703615069389343,0.6875,45.49047350883484,0.8847527383777485
11523200,0.83560711145401,0.933815598487854,0.003196484874933958,-7.036077231168747,-4.953390065830017,28.361645751282648,0.8916483092699714,1.0044889450073242,0.3125,36.49190664291382,0.91432874896877
11528700,0.8592723608016968,0.7858583927154541,-0.04404560849070549,-22.26659655570984,-18.209488848954777,19.209469763615168,0.7640704857445391,0.9205638766288757,0.15384615384615385,30.815520653357876,0.9408729331847366
11532500,0.9035093933343887,0.9540718197822571,0.008790645748376846,-6.124986335635185,0.805324119236653,-25.847687374479694,0.9310288093095491,1.0143216848373413,0.375,19.90695595741272,0.9505781753618411
12010000,0.8962207362055779,0.9111047983169556,0.004204840864986181,-12.171277403831482,13.019598676680456,-33.80251427963199,0.8964892543239054,1.0066874027252197,0.35294117647058826,22.98429994022145,0.9473939525059836
12013500,0.88885348290205,0.86920565366745,-0.010531660169363022,-14.906826615333557,-16.9818346450871,-4.202933944598244,0.8574837175750842,0.9831370115280151,0.29411764705882354,23.282926222857306,0.9459688113821931
12020000,0.5534973740577698,0.5811406970024109,0.030947642400860786,-31.00234866142273,-27.418329988563343,35.04065289226238,0.5152095697743009,1.0746585130691528,0.5714285714285714,35.06085532052176,0.7676107748687658
12025700,0.8362588137388229,0.7429665327072144,-0.07154718041419983,-27.165129780769348,-1.5601915468656513,-44.57788028770182,0.714731640854888,0.8930793404579163,0.1111111111111111,31.702131695217556,0.9377119113804342
12035000,0.9095886945724487,0.9009031653404236,-0.09146334230899811,-12.637564539909363,-1.6546509852956526,-112.64935310282131,0.8342719678096044,0.8733556866645813,0.11764705882352941,25.766894396613626,0.959914891618537
12040500,0.8621988892555237,0.8306116461753845,-0.07894903421401978,-16.115690767765045,-10.463666244979027,27.070339063469213,0.7880687901897334,0.8887013792991638,0.3181818181818182,35.980647260492496,0.9380722977148229
12041200,0.7507082372903824,0.7758177518844604,-0.17991197109222412,-21.106506884098053,-5.084481896798981,47.471013126880464,0.6767787949334408,0.7934165596961975,0.2608695652173913,38.24642430181089,0.8925870155577705
12048000,0.7215319275856018,0.8108575940132141,-0.013034646399319172,-20.266249775886536,-6.0006563181951185,-10.871865907198886,0.758593013761315,0.9882504940032959,0.631578947368421,34.79757057993035,0.850452574842601
12054000,0.8093232959508896,0.7874906659126282,-0.08144153654575348,-22.952453792095184,-10.336482208076312,3.482930599140446,0.7491235453405145,0.8999857306480408,0.23809523809523808,35.96315383911133,0.9118187981809706
12056500,0.7463127970695496,0.7160297632217407,-0.1666879951953888,-25.787556171417236,-12.791265454190981,16.506429236751323,0.6262610353002129,0.7792006731033325,0.38095238095238093,47.23477590651739,0.8985634405110926
12073500,0.7807332426309586,1.0414706468582153,0.07591896504163742,4.725728556513786,71.81075290458904,-101.48734069383794,0.8449628432649133,1.1094480752944946,0.4,30.053646564483643,0.8983249084977464
12082500,0.8092028051614761,0.8504590392112732,0.0016486021922901273,-14.331194758415222,-17.348370795258724,24.261292720029118,0.8206386145180975,1.0014920234680176,0.25,22.6755690574646,0.900975853882283
12092000,0.7618725001811981,0.7409824728965759,-0.07889789342880249,-24.03070628643036,-33.14986793156006,-10.665512067922139,0.7108678578496177,0.9356635808944702,0.4,30.848791122436523,0.8887878538361322
12114500,0.8046689182519913,1.0118030309677124,-0.030190670862793922,4.423217475414276,-2.861786928911195,-46.34026399166725,0.8973279206091807,0.9655775427818298,0.38095238095238093,27.07345372154599,0.9039930274122073
12115000,0.7967326939105988,1.008795142173767,0.019607936963438988,4.613533243536949,-3.20410310607824,-23.821688026335096,0.8963558746163313,1.0236800909042358,0.65,24.731881618499756,0.899481327627868
12115500,0.8070651590824127,0.8803645968437195,0.014026915654540062,-5.487292632460594,-10.423572201853458,6.542214608804718,0.8419750277496805,1.0197548866271973,0.42857142857142855,24.804258346557617,0.8986638928086585
12117000,0.7457634806632996,1.1738898754119873,-0.039593715220689774,10.99967285990715,9.702414406873343,-45.67090505798785,0.7987753193530609,0.9642534852027893,0.3,30.111935138702396,0.9052589317638916
12145500,0.9085491523146629,0.962419867515564,0.005920980591326952,-4.506423696875572,-24.167467046637412,-12.452400751832968,0.9393696843873814,1.0087958574295044,0.19047619047619047,26.704633803594678,0.9532410253981356
12147500,0.791633740067482,1.0937706232070923,0.09932652115821838,8.86576697230339,7.137835195379943,10.364441307923276,0.8317635605549828,1.109498381614685,0.2,23.14697265625,0.9132781791919976
12147600,0.7435696125030518,0.7637933492660522,0.06111682951450348,-23.945210874080658,-22.075194310458752,-29.960339745468566,0.7111987447359585,1.1048718690872192,0.18181818181818182,35.50471609288996,0.8711028539288395
12167000,0.8197770565748215,1.0212211608886719,0.035421330481767654,0.5153346341103315,11.225912588715834,-21.0823771026378,0.9007223421648008,1.0420265197753906,0.4090909090909091,22.87017215381969,0.912595839278964
12175500,0.8082142919301987,1.0267350673675537,0.07139720767736435,8.403054624795914,-18.519728877294813,12.286388129712746,0.8841810595522425,1.067060947418213,0.5238095238095238,31.384488514491487,0.909434595619159
12178100,0.8042807281017303,0.9946016073226929,0.07471881806850433,-0.5392991937696934,-15.26988912307004,-1.5764321847002847,0.8764412891804078,1.0781285762786865,0.3333333333333333,23.917341232299805,0.9044304549316746
12186000,0.689195454120636,0.8703483939170837,0.1009945347905159,-4.060681164264679,-18.07254814266021,19.936177263568656,0.7575645382496046,1.1240358352661133,0.42857142857142855,21.39053571791876,0.83696464885159
12189500,0.8174469470977783,0.9585525393486023,-0.0034754793159663677,-3.887525200843811,-10.616944399725487,0.591487391599078,0.8969244087654159,0.9967983365058899,0.43478260869565216,26.769333300383195,0.9056790857509301
12358500,0.9238751828670502,0.9915673732757568,0.02370022051036358,-2.349996566772461,-12.253215346148787,-25.906609095187598,0.9491499977757192,1.0326422452926636,0.5384615384615384,27.372732529273403,0.9619329886254184
12390700,0.8847422674298286,0.9022469520568848,0.03140397369861603,-14.812180399894714,-3.7685381679640146,7.147562799673929,0.878483561733446,1.0429306030273438,0.5,21.017454067866005,0.9419694071154803
12411000,0.8223941028118134,0.809760332107544,-0.02425139956176281,-25.276127457618713,10.587840118871501,-9.796741264899602,0.7875483431983881,0.9628076553344727,0.42857142857142855,35.734633037022185,0.9130442369006025
12414500,0.9222863465547562,0.9616580009460449,0.0015756365610286593,-5.848243087530136,7.478889682454211,13.428376236078613,0.9448131140390088,1.0020298957824707,0.5333333333333333,22.79212474822998,0.9603595785374289
12447390,0.7456457018852234,0.9573649764060974,0.01437853742390871,-1.6388261690735817,-14.563064257113684,54.316934185795475,0.8591231782782753,1.0257225036621094,1.25,41.45216544469197,0.868216516714291
12451000,0.8919409886002541,0.9106503129005432,0.0022415348794311285,-1.9132275134325027,-16.02036082393364,-67.1555599116363,0.8950766091927128,1.002577543258667,0.6666666666666666,27.780834833780926,0.9450554131467205
12488500,0.8294800072908401,0.8847305774688721,-0.013017315417528152,-13.650745153427124,-1.1718662427326088,-36.429824575975076,0.8537254494206294,0.9848259687423706,0.5,31.83635075887044,0.9112365325602384
13011500,0.8848012164235115,0.8365052938461304,-0.002906946698203683,-15.978078544139862,-10.352834923217774,-29.559473262031023,0.8280766369201839,0.9943965077400208,0.8,32.63859748840332,0.9471253869344989
13011900,0.8867183700203896,0.936349630355835,-0.01535605825483799,-6.9587282836437225,4.172258803713152,9.563933312579072,0.9108288141334611,0.9773575067520142,0.9,28.81226778030396,0.94179821022923
13018300,0.8477197587490082,0.9865149855613708,0.10600968450307846,-9.290486574172974,10.111569855699882,8.145860043113636,0.8521481635979988,1.1287686824798584,0.7,24.648878574371338,0.9286070989142795
13023000,0.9462033323943615,1.05507493019104,0.0010366726201027632,-0.8137530647218227,17.053364595620575,40.14832944300091,0.939890264494184,1.001108169555664,1.3,13.723303079605104,0.9759437258232467
13083000,0.6109704673290253,1.151949167251587,0.3479219079017639,8.2881860435009,-12.628441549927356,59.684398010666584,0.7305949912866416,1.1954277753829956,0.8,29.597930908203125,0.8937056262060528
13161500,0.9057671800255775,1.0518302917480469,0.13000530004501343,7.215236872434616,-22.228268745852507,-410.4412295330432,0.7588895568900582,1.2327848672866821,0.9090909090909091,25.042973865162242,0.96451659266211
13235000,0.9045836478471756,0.9637436866760254,-0.12212873995304108,-10.94445213675499,37.55968420103443,23.15908352568295,0.8508943491882066,0.861327052116394,0.7272727272727273,31.144577806646172,0.9589172983674037
13240000,0.8514595329761505,0.8432889580726624,-0.018476206809282303,-17.427951097488403,-8.668236215544548,-0.8285490062346362,0.8235003150669963,0.9650768041610718,0.5833333333333334,35.05209287007649,0.9266913476328089
13313000,0.8920099511742592,0.8255439400672913,-0.04751501604914665,-20.38103938102722,-3.3879162358370913,41.74853619071827,0.8018599694147776,0.9178735017776489,0.45454545454545453,37.311289527199484,0.9543952506551983
13331500,0.9183129742741585,0.9606838822364807,0.055035851895809174,-9.796229004859924,-3.520891853474946,34.64861667238436,0.9039929069647472,1.0778515338897705,0.3333333333333333,22.326475381851196,0.9598659313289235
13337000,0.9305807277560234,0.9424692988395691,0.057086002081632614,-9.99758467078209,-3.3650826063194375,21.059786788623278,0.896954407671736,1.0787198543548584,0.6153846153846154,21.84418531564566,0.9666563791315059
13338500,0.8803100138902664,0.951429009437561,0.09202107787132263,-9.64895784854889,-13.729662805146624,59.58422173871438,0.859144978043497,1.1191972494125366,0.7692307692307693,25.14459536625789,0.942789757747096
13340000,0.9449340514838696,0.963581383228302,0.02911452390253544,-6.985236704349518,-1.0002150532627974,19.190293421006427,0.941148353107824,1.0372014045715332,0.46153846153846156,24.150575124300445,0.972554486846432
13340600,0.9154707565903664,1.0222567319869995,0.012826429679989815,-2.261858433485031,21.399283247745142,18.596401077942815,0.9510499493159387,1.0147637128829956,0.26666666666666666,16.27019246419271,0.9589783212783836
14020000,0.753164142370224,0.8899253606796265,0.02132762223482132,-15.832409262657166,-7.455072655596736,-1.6478821120708216,0.826423468019984,1.0262387990951538,0.375,24.8593270778656,0.8683796685358096
14137000,0.7592902928590775,1.1102068424224854,0.055267371237277985,9.585971385240555,23.00999748560425,-78.58463357094396,0.8413620745069159,1.0520154237747192,0.3684210526315789,29.256554653770046,0.8984380042656154
14138800,0.7867445051670074,0.9687525033950806,0.06370706111192703,-1.5119479037821293,-11.462917299683625,16.95697689259402,0.8529185655235416,1.0954310894012451,0.10526315789473684,28.20974651135896,0.8925316348906812
14138870,0.8294549733400345,1.0806888341903687,0.08315210789442062,10.446830838918686,-6.7310140359328985,8.953684397370552,0.8471926965293146,1.1074937582015991,0.2,17.497916221618652,0.9273055987116101
14138900,0.8385293483734131,0.8786449432373047,-0.05560756474733353,-13.89617919921875,1.3903519514522351,-63.86368218224852,0.8373258478966082,0.9289125800132751,0.3,26.03659152984619,0.918253998994988
14139800,0.8482079952955246,0.9898627400398254,-0.0054506114684045315,2.0261097699403763,-5.385959222075211,-15.087303783369213,0.9224027717930235,0.9929265975952148,0.19047619047619047,24.13755144391741,0.923393650626561
14141500,0.8238173574209213,0.998361349105835,0.010512134991586208,3.0733345076441765,-6.9094302962177,-35.46383740213846,0.9109299570723645,1.0124584436416626,0.25,32.475829124450684,0.9118207816296526
14154500,0.8920856416225433,1.0263973474502563,0.058129891753196716,4.115002974867821,-23.946652829486624,21.97578788534746,0.89426241741117,1.0890218019485474,0.3684210526315789,21.006226539611816,0.9494160579120834
14158500,0.7273436188697815,0.9498330354690552,-0.020050259307026863,-9.25074964761734,7.692086142239939,-21.360385061309604,0.8490294718998319,0.9893412590026855,0.8333333333333334,20.128451453314888,0.8580078619607877
14158790,0.7879402041435242,1.007958173751831,0.05390607938170433,-0.3678837092593312,-12.522263030198111,-12.015837288093408,0.8721904882658442,1.0742571353912354,0.47058823529411764,25.834184534409466,0.8962801050726201
14166500,0.8788222596049309,0.9480992555618286,0.07367663085460663,-5.777689442038536,-9.718243903833384,38.02212941633149,0.8520324042931622,1.125083565711975,0.2,38.61167589823405,0.9403776577547993
14182500,0.8106763511896133,0.8245335221290588,-0.09635302424430847,-19.323746860027313,0.4550462628418844,16.355324946581902,0.7646618816941612,0.8719214200973511,0.42105263157894735,34.61039442765085,0.9094935226548935
14185000,0.8758165836334229,1.0821778774261475,0.05671846121549606,6.528748571872711,-8.091059549412833,10.206627633398217,0.8781268396687621,1.0729053020477295,0.3333333333333333,24.118985070122612,0.9472299270022674
14185900,0.8710160702466965,0.9711915254592896,-0.007074327673763037,-3.049047663807869,-9.403729745008304,6.314488478422733,0.9273774146881111,0.990281343460083,0.6111111111111112,23.580728636847603,0.9340480522874498
14222500,0.8500888049602509,1.1392234563827515,0.13209210336208344,16.421861946582794,-16.711326776973472,-25.681150570834827,0.7792338704321654,1.1639858484268188,0.2222222222222222,19.4457385275099,0.9503698209459361
14236200,0.8653386235237122,0.9174801707267761,-0.10135053098201752,-9.86027717590332,16.960835229365728,-24.5313748583383,0.8281696819788029,0.8635808229446411,0.3157894736842105,25.53627365513852,0.9359223588174287
14301000,0.9337881579995155,0.8956772685050964,-0.020122509449720383,-11.82498186826706,-12.414988183331328,33.41688122829123,0.8869984348794474,0.9692419171333313,0.9333333333333333,20.974400838216145,0.9693395735270383
14305500,0.8829670920968056,1.0142390727996826,0.050516705960035324,-2.361101284623146,8.986265360908348,5.4446307254309225,0.9060477218361775,1.0738270282745361,0.2,19.554189046223957,0.9436630736183765
14306500,0.8457107692956924,1.1041440963745117,0.06672586500644684,11.541502177715302,-5.6386113469987444,-2.2093987598983937,0.8441372692812863,1.0973944664001465,0.25,34.23917889595032,0.9370594253913946
14309500,0.8340724855661392,0.8168323040008545,0.035066284239292145,-20.32414674758911,-32.264134110656514,39.67030655380338,0.7881393741777688,1.0699281692504883,0.2857142857142857,35.95829350607736,0.9197219141893186
14316700,0.9053650945425034,0.9609957337379456,-0.004118239041417837,-2.1146757528185844,-10.482086173013997,-15.572645562424112,0.9374923553406536,0.9937012791633606,0.2222222222222222,23.311045434739857,0.951562421922231
14325000,0.8212378770112991,0.8276039361953735,0.010453635826706886,-18.10530573129654,-33.75734963505774,13.386902229790506,0.8046834594640546,1.0182234048843384,0.3125,28.397825360298157,0.9100219154125726
14400000,0.8876693546772003,0.88468337059021,0.005358864087611437,-18.230384588241577,5.905171584647266,-0.48356097657865854,0.8715117736359982,1.008966326713562,0.3125,27.77532935142517,0.9440455159884592
