basin,NSE,Alpha-NSE,Beta-NSE,FHV,FMS,FLV,KGE,Beta-KGE,Peak-Timing,Peak-MAPE,Pearson-r
01013500,0.889465220272541,0.9845423698425293,-0.021786237135529518,-5.2952781319618225,9.065942124496393,28.574558441286918,0.9366905361001726,0.9743376970291138,1.2941176470588236,18.537274528952207,0.9442272817998904
01022500,0.8713212460279465,0.932686448097229,-0.033705227077007294,-4.461712762713432,-2.273034937392453,9.65094135963464,0.8969059947110966,0.9581843614578247,0.36363636363636365,26.31175301291726,0.9340552350064726
01030500,0.88553486764431,0.9425772428512573,0.020176470279693604,2.371339313685894,-17.091302840231002,42.19290604368783,0.9139372797565015,1.0256391763687134,1.0476190476190477,19.507978076026554,0.9412458391917541
01031500,0.8842404261231422,0.8970551490783691,0.03976183384656906,-10.54600104689598,-14.156498431271805,25.235784133056022,0.8649455145374076,1.06564199924469,0.045454545454545456,20.232787999239836,0.9422661308463665
01047000,0.8319979012012482,0.8489875197410583,0.006684211548417807,-16.22592806816101,-4.983862950422151,4.827431047856623,0.8261632367405751,1.010326623916626,0.045454545454545456,27.78148651123047,0.9145142590542689
01052500,0.8261979222297668,0.856438934803009,-0.00010688828479032964,-16.273969411849976,-5.5416760093225905,-5.559971627384277,0.8308594195272501,0.999829888343811,0.30434782608695654,33.7424547775932,0.910564394203491
01054200,0.661761999130249,0.7313488721847534,0.010896864347159863,-32.389429211616516,-11.416260640770385,11.133824332188594,0.6750460118315402,1.0190688371658325,0.34782608695652173,46.303616399350375,0.8181812842435453
01055000,0.7583580911159515,0.8116852641105652,0.029269706457853317,-22.88445234298706,-9.813533323256033,31.761358516671866,0.7679992679760361,1.0486301183700562,0.08695652173913043,37.660706561544664,0.8735207072526817
01057000,0.7945179045200348,0.9504091143608093,0.07292865961790085,-2.9862696304917336,-12.564231860414743,52.14471986145875,0.8407758720310243,1.1098861694335938,0.3333333333333333,31.78644407363165,0.8959899199297828
01073000,0.899686835706234,0.959204375743866,0.07012713700532913,-1.712857186794281,-22.339904897052975,52.96446312637008,0.8560034360453954,1.1291648149490356,0.05263157894736842,18.467914430718675,0.9511412438608368
01078000,0.8549391627311707,1.0239511728286743,0.1203228309750557,3.028763458132744,-5.347280011947005,27.802257856787577,0.8126555507880014,1.1746253967285156,0.2857142857142857,27.34180177961077,0.9365157122739287
01118300,0.8553258329629898,0.8822972774505615,-0.04199190065264702,-9.179351478815079,-20.687093717167027,62.19292295026627,0.8485210217330856,0.9388203620910645,0.15789473684210525,24.013012333920127,0.926863129226294
01121000,0.7931371480226517,0.7960739731788635,-0.011585204862058163,-20.765911042690277,-9.868333201681585,71.27579034870368,0.7704858706221458,0.9817684292793274,0.2,34.20419692993164,0.896276709471418
01123000,0.8317893296480179,0.9764650464057922,0.048539116978645325,-3.2740656286478043,-0.40593925742083375,-7.753644764802536,0.8862191291535988,1.0723038911819458,0.0,27.757554305227178,0.9153575765361527
01134500,0.8091504275798798,0.8769534230232239,-0.006193242035806179,-13.311134278774261,-6.512855738879457,36.53043815317454,0.8411212242858865,0.9916306734085083,0.20833333333333334,31.03024164835612,0.899840329278103
01137500,0.7843202203512192,0.9025426506996155,-0.04003419354557991,-12.375394254922867,3.531915605376277,-41.73095519050642,0.842166862544656,0.9493189454078674,0.125,34.66901779174805,0.8866651198801991
01139000,0.8493928015232086,0.9629504084587097,0.0075702848844230175,-6.129645928740501,0.16486200097825707,14.251962496365497,0.9137261823180952,1.0084079504013062,0.09523809523809523,25.95584960210891,0.9225415869380009
01139800,0.6820968687534332,1.0762197971343994,0.13003604114055634,7.665707916021347,-6.046320629700083,34.56920796118633,0.7941124660198718,1.1333154439926147,0.64,48.27370834350586,0.8628606126371369
01142500,0.8084682673215866,0.9433172941207886,0.003350751707330346,-8.27653557062149,2.150005790855401,39.632006894753935,0.8851505578945603,1.0038933753967285,0.4230769230769231,36.311237628643326,0.9001886437615353
01144000,0.8333637416362762,0.9958788156509399,0.0405006930232048,-1.9667629152536392,2.703714964696077,6.21716476455826,0.904368357782338,1.04761803150177,0.125,29.938117663065594,0.9171691488109388
01162500,0.8169888705015182,0.8966822624206543,-0.021815858781337738,-8.461642265319824,-23.65813011659168,47.96096442955843,0.8562818681542435,0.9717743396759033,0.5714285714285714,27.251988365536643,0.9041685927162266
01169000,0.6808513402938843,0.7505883574485779,-0.043717142194509506,-25.733503699302673,5.681827776239258,12.580278830847158,0.6908714457348295,0.9329738616943359,0.2727272727272727,50.19102963534269,0.8301124124436806
01170100,0.714297890663147,0.8323267698287964,-0.024142825976014137,-18.429644405841827,1.2288927842446626,16.768719386463253,0.7699000828604574,0.9684473872184753,0.45454545454545453,43.75731728293679,0.8456105820393182
01181000,0.7278673946857452,0.68290776014328,-0.03236665949225426,-30.118966102600098,-2.2037916625808176,18.536449364582246,0.6547008667776724,0.9443793892860413,0.6190476190476191,45.69456917898996,0.8751386749607974
01187300,0.7347346842288971,0.721531867980957,0.04079706221818924,-31.526973843574524,-17.153363260639686,51.51686908187359,0.6841635341853136,1.074731707572937,0.55,42.557125091552734,0.8710684504422233
01333000,0.6899727582931519,0.7828139066696167,-0.12028034031391144,-21.763120591640472,-0.027642810095510784,28.475286968635782,0.694477750156582,0.8550739288330078,0.43478260869565216,36.414403500764266,0.8413479281277112
01350000,0.7302888631820679,0.9181489944458008,0.005508913658559322,-13.645854592323303,-1.1247642134774316,24.82323196297187,0.834763868021795,1.0096700191497803,0.30434782608695654,31.787198522816535,0.8567872808353668
01350140,0.5767127573490143,0.8862764835357666,0.08344538509845734,-17.229151725769043,-8.443046739951097,-275.54445735041,0.6995578561944309,1.1598169803619385,0.4090909090909091,42.67171512950551,0.7724236911155133
01365000,0.714449018239975,0.9694525599479675,-0.05335753411054611,-10.961131006479263,9.865700698957934,-1.8774421686240983,0.8346993499790223,0.9273922443389893,0.30434782608695654,35.70878402046535,0.8546752855791686
01411300,0.6958048045635223,1.2053099870681763,0.19518889486789703,21.146558225154877,13.655100000407977,0.7911257932054874,0.7151021950912446,1.1743110418319702,0.5,43.34522353278266,0.9071009733778351
01413500,0.6108744740486145,1.2495743036270142,0.07967790216207504,17.64189302921295,1.9002796642944255,25.529076215087166,0.6981807056729092,1.1111853122711182,0.25,55.231552124023445,0.8717604595595887
01414500,0.48374253511428833,1.1593787670135498,0.07911362498998642,3.578079119324684,-2.6986584008921723,3.845542762648778,0.7151895081743667,1.1097207069396973,0.2916666666666667,45.96037069956462,0.7910100687883437
01415000,0.4730488061904907,1.256584644317627,0.08486054092645645,15.58302789926529,-3.1082259206609217,31.472588451155385,0.6639788835234912,1.12022066116333,0.4,49.03224468231201,0.8193857601185108
01423000,0.7291942238807678,1.244255781173706,0.05235862731933594,19.808797538280487,8.797312680669569,-15.732455545070751,0.7312604876591986,1.0744755268096924,0.09523809523809523,32.52336184183757,0.9162537477685531
01435000,0.7027335166931152,0.9053227305412292,-0.05152514576911926,-16.941505670547485,16.5910901012277,-10.404320947536997,0.801504018491362,0.9255112409591675,0.2916666666666667,37.1066689491272,0.8422397575449833
01439500,0.7941733002662659,1.0972726345062256,-0.013612479902803898,4.498260468244553,14.494734703825547,23.45316601952915,0.8669643248546082,0.9843405485153198,0.09090909090909091,27.363872528076172,0.910605889361729
01440000,0.8615245223045349,0.8961384892463684,0.004264042247086763,-13.579590618610382,11.194561585168058,8.733604860840922,0.8739197983536817,1.0058990716934204,0.15,25.850448608398434,0.9287665472947896
01440400,0.7944589555263519,0.9507020711898804,0.0061990367248654366,-9.754027426242828,8.399888555267927,-10.6461002999098,0.8820362151512476,1.0088692903518677,0.2631578947368421,38.72672633120888,0.8931987619943974
01451800,0.8402024805545807,0.9337543845176697,-0.010879209265112877,-8.72517004609108,6.45701058593372,4.843448458424819,0.8923242993574917,0.9829412698745728,0.0,33.895487785339355,0.9168460784765377
01466500,0.5548606514930725,1.0693964958190918,0.14644016325473785,6.978647410869598,-9.4127081252599,-26.388193897941765,0.7734624290711453,1.0902601480484009,0.21428571428571427,36.358693667820525,0.8041518366574314
01484100,0.6643674075603485,0.7848153710365295,-0.02081448584794998,-25.4043310880661,10.484293135048725,39.56653643933977,0.7157293597264354,0.9749013185501099,0.38095238095238093,50.598848433721635,0.8159472125479408
01485500,0.7690337151288986,0.8328872323036194,0.09129311144351959,-11.340168863534927,-39.51980796920119,26.520890826833423,0.7427407372714917,1.1568228006362915,0.25,33.12706708908081,0.883114327939387
01486000,0.6081334948539734,0.8644043207168579,-0.024811742827296257,-12.118913978338242,-8.33366858223294,15.009216091147657,0.741519169708049,0.9563025832176208,0.36363636363636365,45.200807398015804,0.7843227245287379
01487000,0.7703285813331604,0.8261122703552246,-0.14347006380558014,-18.77388209104538,-11.937232011885609,-8.082658983143538,0.7556447029054919,0.8667527437210083,0.2631578947368421,33.72923198499178,0.8917515016674525
01491000,0.7098099887371063,0.7926864624023438,0.034127362072467804,-25.049889087677002,-18.5649749958944,48.06304330781921,0.7350438041530022,1.0560046434402466,0.3157894736842105,38.02506547225149,0.8448021818465585
01510000,0.8070797920227051,0.9275746941566467,-0.05557970702648163,-8.751673996448517,2.073973882164343,-0.10785606962567869,0.8535709319174631,0.9206528067588806,0.24,29.937429428100586,0.9005009046384168
01516500,0.41499143838882446,1.068706750869751,0.2467634230852127,5.0309523940086365,-28.473014482249326,-182.66053468230032,0.3715441827956254,1.575487732887268,0.2631578947368421,40.81635726125617,0.7569980126434918
01532000,0.7225900590419769,0.9634599685668945,0.10870105028152466,-5.408071726560593,-10.472313984179186,-326.6560055147432,0.7487932226599922,1.2072731256484985,0.23529411764705882,43.26081556432387,0.862859479116048
01539000,0.869188591837883,0.85605388879776,-0.010208884254097939,-9.072542935609818,4.99237111454906,-488.65302135587126,0.8414523160330732,0.9829694628715515,0.05263157894736842,23.23366968255294,0.9357594678871246
01542810,0.7389284670352936,0.8410323262214661,0.06153165549039841,-18.64588111639023,-20.897293806248445,-347.10122974800134,0.7582468734417953,1.1189451217651367,0.22727272727272727,44.769707593050875,0.8620655557796176
01543000,0.8589720875024796,0.927311897277832,0.03456637263298035,-5.306178703904152,-11.145486305406441,-336.8293179239187,0.8831203416863312,1.0558037757873535,0.09523809523809523,24.993069966634117,0.9274518583418825
01543500,0.8715770989656448,0.9062216877937317,0.036608047783374786,-7.3729559779167175,-9.522339370845836,8.815154823930733,0.8730390095434346,1.055364727973938,0.2857142857142857,21.45399366106306,0.9347353989223285
01544500,0.7758378386497498,1.119706153869629,0.07424428313970566,13.32225501537323,-3.0089776829126653,-35.45422641149585,0.8154555729981623,1.106783151626587,0.3684210526315789,22.12595688669305,0.9087616265386615
01545600,0.6546313464641571,1.2023948431015015,0.15270934998989105,17.132674157619476,-12.42679230175165,-325.55344385243876,0.6831039802492567,1.2140028476715088,0.42105263157894735,36.07495458502519,0.8831146031008702
01547700,0.7934865057468414,0.719578206539154,0.025215955451130867,-28.432300686836243,-20.151959364247386,-283.2020945931875,0.7010220812459101,1.0541702508926392,0.1875,36.42803728580475,0.9115862138976147
01548500,0.8217518776655197,1.1472911834716797,0.11199826002120972,18.137812614440918,-7.434982497111342,-48.41946261422034,0.771063796297435,1.1636403799057007,0.21052631578947367,22.77233726099918,0.9372391945433117
01549500,0.7457740902900696,1.0795234441757202,0.13665753602981567,6.573411077260971,-12.817833380549537,-388.2050039120012,0.7344127425110551,1.2300879955291748,0.3157894736842105,25.933325918097243,0.8938297241206531
01550000,0.7886891067028046,1.038063883781433,0.08921796083450317,1.921667531132698,-5.0244889147174225,-453.7146862587621,0.8276562003133848,1.137098789215088,0.42105263157894735,39.89966041163394,0.9027505884971504
01552000,0.8277135640382767,1.0457764863967896,0.07705023884773254,5.7358477264642715,4.196728167839046,-451.24440004754734,0.8543249539578174,1.113835096359253,0.3,27.389037609100342,0.921467820802959
01552500,0.7668101042509079,0.8511291146278381,0.02214985527098179,-16.78159236907959,-4.6145310386840075,-432.2704204922042,0.8029753641492947,1.0368674993515015,0.3333333333333333,34.2238187789917,0.8763191441160811
01557500,0.8200231790542603,0.8346359729766846,-0.08050864189863205,-19.25770491361618,-3.3610688236749966,-499.51672676577743,0.7779782519326224,0.8804891109466553,0.45,35.58117628097534,0.912446915649959
01567500,0.578178882598877,1.0754517316818237,0.04050885885953903,13.315600156784058,12.389637523172285,-591.6957948781314,0.7827853135068924,1.0659887790679932,0.47619047619047616,56.22143972487677,0.8072962448429489
01568000,0.7997404038906097,0.9468239545822144,0.03689200431108475,-2.600192651152611,5.301065268476939,-20.080253745922374,0.8680069661631555,1.0622386932373047,0.14285714285714285,33.97540364946638,0.8964586351292747
01580000,0.7664425075054169,0.9161328077316284,0.03728644177317619,-4.4261302798986435,-15.086075809809602,47.560711039542994,0.845697567303272,1.0409644842147827,0.09523809523809523,28.695730935959592,0.877128335934744
01583500,0.6453496813774109,0.9898813366889954,0.1607743501663208,6.652617454528809,-11.321246537933217,47.81011413262543,0.7601091464101123,1.1728564500808716,0.08333333333333333,28.672999143600464,0.8339702377453891
01591400,0.6012933850288391,0.8932605385780334,0.08340306580066681,-11.419744044542313,18.512503256446422,60.820508622933346,0.7242325596161268,1.1390191316604614,0.18181818181818182,37.6979567787864,0.787096149439253
01596500,0.8221620619297028,0.929102897644043,0.07780579477548599,-3.145386651158333,-20.450186712570357,43.37210111133671,0.822394102716213,1.1358821392059326,0.15,25.91552734375,0.9102587058688835
01605500,0.7580298781394958,0.8364375829696655,0.08438489586114883,-18.3466836810112,-5.727343864048682,-1009.0314170776651,0.7501848579036551,1.142059564590454,0.3157894736842105,36.08292780424419,0.8756053816912381
01606500,0.8102769255638123,1.003618836402893,0.12670905888080597,-1.3999625109136105,-11.845582264928547,-4.777862218247156,0.7877408637122782,1.1937940120697021,0.21052631578947367,33.7187741932116,0.9134856899315099
01620500,0.6984261572360992,0.7994520664215088,0.057688821107149124,-19.71488893032074,-25.331859265354357,-226.8303614932568,0.7193344160018407,1.1118532419204712,0.45,39.16821479797363,0.8386229612048063
01632000,0.6249929070472717,0.8877655267715454,0.13127893209457397,-18.579357862472534,-26.90215552749773,-183.3588017659387,0.6310829395597772,1.292760968208313,0.4,46.534271240234375,0.8055926030298295
01632900,0.8405256420373917,0.8874826431274414,0.038701578974723816,-14.082056283950806,-21.699061329368238,-471.153022098996,0.8443016198313636,1.0698508024215698,0.10526315789473684,27.934393129850687,0.9181300092181921
01634500,0.5682298243045807,1.0284961462020874,0.1653546243906021,-4.804225638508797,-12.009598357756326,-32.22492879876024,0.621472388879313,1.3224440813064575,0.5625,49.59474205970764,0.8037834449828507
01638480,0.5948260724544525,0.6236927509307861,0.09467223286628723,-28.750702738761902,-39.6300543092579,64.7021038345926,0.5075050507564114,1.2434813976287842,0.1,51.796555519104004,0.7958898867347838
01639500,0.7340123653411865,0.8959335684776306,0.09976214170455933,-11.326207965612411,3.0327479386421956,70.20255474236684,0.7637682901194899,1.1620168685913086,0.22727272727272727,34.37369086525657,0.8631565387929108
01644000,0.7228905260562897,0.7835898399353027,0.1376023292541504,-14.919562637805939,-40.23250241015939,70.24022163332792,0.6121328910345878,1.2922699451446533,0.05,39.027414321899414,0.8651452040040829
01658500,0.4827916622161865,0.725667417049408,0.08174680918455124,-25.303202867507935,-27.237062726127586,73.31207973050525,0.5196545140410369,1.255985140800476,0.5238095238095238,56.59003938947406,0.7000916348246196
01664000,0.7360065281391144,1.0767524242401123,0.057601988315582275,4.921906068921089,-9.37220381092249,52.03857285786708,0.8324682595415033,1.0904340744018555,0.1,31.860315799713135,0.8816884298920913
01666500,0.67769455909729,1.1364651918411255,0.07643626630306244,17.404504120349884,2.7258170113840663,54.82038814608446,0.7705341555161372,1.1298494338989258,0.15789473684210525,63.50752177991366,0.8689620294853984
01667500,0.7799767851829529,1.0511188507080078,0.060636501759290695,3.3961858600378036,-9.003548922345704,67.77106007087399,0.8515669637699388,1.0953024625778198,0.0,35.0089658390392,0.8983305848675702
01669000,0.7263421416282654,0.9423683285713196,-0.023228460922837257,-4.522765800356865,-8.833341573277227,84.79982892086086,0.8429523552036677,0.9708262085914612,0.1,35.042641162872314,0.8568516745495686
02011400,0.7815482914447784,1.1391406059265137,0.19276490807533264,11.091388016939163,-7.811177190437629,-10.476586771069957,0.674111874747048,1.2859913110733032,0.4,32.12959051132202,0.9289230561021409
02011460,0.7758465856313705,0.7348321080207825,0.00911364983767271,-27.8041273355484,-19.613459000032297,20.885253671510714,0.7144301377343769,1.017052173614502,0.4,44.87142562866211,0.8953799317877978
02013000,0.7404413521289825,0.8256819844245911,0.10261334478855133,-17.932061851024628,-16.194476724243444,-40.21179363620564,0.691849412387819,1.2168869972229004,0.45,44.39352989196777,0.8675989255058045
02014000,0.7512109726667404,0.9180344343185425,0.08648193627595901,-10.681373625993729,-4.534788010089089,-75.86358063325996,0.7835316367931202,1.1543225049972534,0.17647058823529413,49.64853735531078,0.8722316049902912
02015700,0.7443428933620453,0.808991551399231,-0.07183020561933517,-21.901312470436096,15.07452092405753,-1103.3024779470452,0.7462887732105683,0.8980717658996582,0.45,42.79773712158203,0.8677283316227102
02016000,0.8229699432849884,0.8149974346160889,0.005635172128677368,-20.79344093799591,1.522304761277714,-75.66867965193633,0.7950736793472538,1.0098345279693604,0.15,23.803677558898926,0.912409305532701
02017500,0.8093430995941162,0.8232837915420532,0.006797000300139189,-15.495307743549347,-26.99330544592764,-14.236779630417207,0.7981723372634133,1.0116710662841797,0.4117647058823529,40.79781420090619,0.9032034436265879
02018000,0.8477100729942322,0.8397956490516663,0.010022618807852268,-14.76292759180069,-11.132700217189718,-60.43514767865784,0.8220799998724652,1.0177607536315918,0.1111111111111111,25.449379285176594,0.9246697403891172
02027000,0.6921112835407257,0.9192622303962708,0.1317053884267807,-8.991655707359314,-18.96473944590671,57.95539918409721,0.7193394056607063,1.2199687957763672,0.47368421052631576,42.005320599204616,0.8455153384345372
02027500,0.3937579393386841,1.1365917921066284,0.27058514952659607,18.623486161231995,-14.95396021848653,55.63213354512608,0.5358835684189105,1.3815044164657593,0.3157894736842105,76.21545791625977,0.7737233449739362
02028500,0.7177385687828064,0.9971339106559753,0.06723225861787796,-7.924431562423706,-16.822134080230107,70.65310882021292,0.8251629326315975,1.1056638956069946,0.2222222222222222,49.845997492472335,0.8607343300629708
02038850,0.5967373549938202,0.758622944355011,0.0015355731593444943,-24.52724277973175,-20.271786660577924,61.99328721868393,0.6683706795532323,1.003412127494812,0.35,52.454571723937995,0.7726160063370775
02046000,0.8176764398813248,0.8688814043998718,0.04453445225954056,-4.173946380615234,-19.941890098005004,-5.863081132867549,0.8022697248911483,1.1144157648086548,0.35,35.95050096511841,0.9061159846101436
02051500,0.7151804566383362,1.103840708732605,0.07769130170345306,6.159713491797447,-10.709185960150698,41.704554428764915,0.7742685893175535,1.1594839096069336,0.2857142857142857,36.29029137747629,0.8786053561515788
02053200,0.8794237896800041,0.8812498450279236,0.0681004524230957,-6.809054315090179,-53.69381139319932,54.36182967503655,0.8193143383546131,1.1233174800872803,1.1764705882352942,18.373781092026654,0.9422201754652861
02053800,0.746951550245285,0.8260927796363831,0.1085323691368103,-15.555760264396667,-30.855755874471473,21.15041785173432,0.716919167387442,1.1832412481307983,0.25,33.46534490585327,0.8722749770738457
02055100,0.5539886653423309,0.7728450894355774,-0.06446470320224762,-14.649194478988647,-29.974445471074546,43.6083023196818,0.6422110728570516,0.8874508738517761,0.35294117647058826,49.39678977517521,0.747519788506421
02056900,0.7614553719758987,0.7805539965629578,0.06824678182601929,-15.404470264911652,-25.95336215257827,59.14885451646016,0.7283851894245775,1.1070671081542969,0.2857142857142857,41.08022054036458,0.8810265103020493
02059500,0.6548956036567688,0.8407080769538879,0.11330593377351761,-7.701876014471054,-19.085175712338362,38.5964150365723,0.6684769759621674,1.226318359375,0.47368421052631576,54.13940329300729,0.8174798670577156
02064000,0.41090619564056396,1.185589075088501,0.049786526709795,13.793933391571045,0.009847867056025156,53.90793310132539,0.688255228136458,1.092271089553833,0.42105263157894735,44.24664848729184,0.7671319171191657
02065500,0.5943920910358429,1.0587549209594727,0.10216454416513443,9.045550227165222,-26.08496599095187,86.99727910856929,0.7363565083206851,1.1784220933914185,0.42105263157894735,38.392990513851764,0.8150099825457302
02069700,0.7759225070476532,1.0450029373168945,0.08438275009393692,1.8401162698864937,-16.882592388563644,24.15985457069794,0.8491513340109553,1.1007691621780396,0.125,30.085108677546184,0.8971621100106483
02070000,0.7397058308124542,0.9162128567695618,0.07162584364414215,-8.149782568216324,-17.027902172008446,45.12622936653543,0.8094041629444199,1.104730248451233,0.09523809523809523,47.1031007312593,0.8645818963670576
02074500,0.6076053977012634,0.8295559287071228,0.04696549102663994,-14.74730670452118,8.687423907681504,31.240240163547238,0.7089840020809832,1.090880274772644,0.14285714285714285,45.56857971918015,0.7823307434129512
02077200,0.7033072710037231,0.7400064468383789,0.04619325324892998,-24.540072679519653,-37.597650565699254,80.827601348798,0.6669008136012274,1.140860676765442,0.1111111111111111,53.494156731499565,0.8466484756022907
02081500,0.8258930742740631,0.8584100604057312,0.08027923852205276,-15.191583335399628,-44.28477063139135,84.0862111489441,0.7193634726790024,1.2265311479568481,0.047619047619047616,35.656860896519255,0.9140186736678657
02082950,0.6815922558307648,1.1104344129562378,0.09822434931993484,11.846739053726196,-27.252183290567494,55.05336445978218,0.7549910522874552,1.173210859298706,0.45,38.17219257354736,0.8664648993139876
02092500,0.7745021283626556,0.8097918629646301,0.10726382583379745,-15.387411415576935,-44.28677164775007,61.51763120651296,0.6799720588995094,1.2327767610549927,0.7058823529411765,40.97458895514993,0.8902105323662608
02102908,0.6104376316070557,0.912333607673645,0.2527632415294647,2.786606177687645,-38.021439220744554,62.534914302128854,0.6872284863824187,1.2444790601730347,0.2,28.27202606201172,0.8257283370021847
02108000,0.7813172936439514,0.917873740196228,0.08636829257011414,-3.223814070224762,-30.611997537054762,33.569344055180736,0.8120243213297458,1.127212643623352,0.7894736842105263,31.685131474545123,0.8886129427422376
02111180,0.7719689309597015,0.9656581282615662,-0.01980128325521946,-8.512236922979355,1.5816470025464127,12.296419812343444,0.8749589396439642,0.9734144806861877,0.3333333333333333,30.306945528302876,0.8827433891702576
02111500,0.7603242099285126,0.9726818799972534,0.09882523119449615,0.6935803685337305,-24.29104161974777,47.053703822744794,0.8431519051205723,1.0998914241790771,0.4166666666666667,33.83542696634929,0.8822003881063389
02112120,0.690206915140152,0.9911637306213379,0.23498646914958954,4.967087507247925,-21.28801249257607,55.009052304574155,0.7114995066048956,1.2582099437713623,0.25,27.861257394154865,0.8716174467839328
02112360,0.7515863627195358,0.9597457647323608,0.06886230409145355,0.9211336262524128,-13.360696803644927,33.075689989462575,0.8510184087384073,1.0683627128601074,0.125,27.449338912963867,0.8738982531117815
02118500,0.7696294337511063,0.9270010590553284,0.08107291907072067,3.585067391395569,5.1045313163732295,40.25965787960492,0.8028645620219547,1.140171766281128,0.16666666666666666,33.99707741207546,0.8821636241842913
02125000,0.6587263345718384,0.7205694913864136,-0.003430946497246623,-22.900155186653137,-39.58411781578635,-21.800599910002198,0.6658749893103595,0.9855735898017883,0.3684210526315789,54.508058648360404,0.8173801973686926
02128000,0.6556884348392487,0.7711870074272156,0.10609085857868195,-16.879871487617493,-42.362599506848184,66.51743712527862,0.5783124795797394,1.3038809299468994,0.21052631578947367,47.27501116300884,0.8180072536536629
02137727,0.8590048998594284,1.102820634841919,0.04003862664103508,-1.4706372283399105,-7.090101740174903,17.130983837741297,0.8646655202251246,1.0658196210861206,0.38095238095238093,38.07565371195476,0.9415952403761437
02143000,0.8228418231010437,0.8393198847770691,0.04351542145013809,-8.3503857254982,3.326564331091799,46.619244194214126,0.8021101527672814,1.0735951662063599,0.25,36.83462142944336,0.9109716689991741
02143040,0.8053584694862366,0.7684857249259949,0.039325933903455734,-25.254714488983154,-24.634264149988944,47.40490151181601,0.7412189516323175,1.071633219718933,0.21052631578947367,44.11596498991314,0.9092395831657117
02149000,0.6201542317867279,1.12910795211792,0.0900551900267601,-12.766671180725098,-25.987950553743783,46.090476742746354,0.7631569629583216,1.1212576627731323,0.2727272727272727,35.568415034901015,0.842766606238242
02152100,0.7798373103141785,0.8787176609039307,0.02712920308113098,-14.06417042016983,-9.52059142720901,42.00092265915026,0.8229521407895992,1.055384635925293,0.23529411764705882,45.02981410307043,0.883513602606164
02177000,0.8529212474822998,0.945622444152832,0.02362239733338356,-1.874655857682228,-10.301408800990727,18.420101607556134,0.9034037834159246,1.024731159210205,0.18181818181818182,31.453310359608043,0.9240903152254918
02178400,0.7761281877756119,1.0023329257965088,-0.05281456187367439,-10.576146841049194,-0.6520698262366658,5.5359330934464195,0.879561377959223,0.9516463875770569,0.3181818181818182,36.34416190060703,0.8897187808284615
02202600,0.5880944132804871,1.0423669815063477,0.12178155034780502,11.893978714942932,-45.69489740763121,60.907332676891045,0.6199206648885596,1.3266719579696655,0.6363636363636364,40.40836854414506,0.8103931126433945
02212600,0.7824985831975937,0.8611568808555603,0.06860356777906418,-12.236037850379944,-48.75100914200579,84.75261018588091,0.7301452271514272,1.2022860050201416,0.0,29.18735444545746,0.8876409377558311
02221525,0.7526601254940033,1.20624577999115,0.06958789378404617,22.777217626571655,10.991878695640162,44.76417455864766,0.7393529526739842,1.1361234188079834,0.7647058823529411,27.79221254236558,0.9171146794200631
02231000,0.8547678589820862,1.0559507608413696,0.13702642917633057,4.236474633216858,-25.0500499498367,-509.5798486308761,0.6317731398056982,1.3592360019683838,0.6923076923076923,22.597459646371696,0.941604556516821
02231342,0.46310168504714966,1.2859234809875488,0.11017367988824844,8.604234457015991,-37.672383281896245,-29.837587354278643,0.5638502658752262,1.28071928024292,0.6,49.711618423461914,0.8277471646184871
02245500,0.687140017747879,1.074427604675293,0.08749345690011978,5.697695165872574,-6.961560413596189,-80.4399564076769,0.7349029725126157,1.2128137350082397,0.4375,36.77399158477783,0.8605464957887827
02246000,0.760141134262085,0.9601221680641174,0.07374594360589981,-6.280747056007385,-9.362103536265433,-351.5743261282784,0.7669052332099826,1.1950417757034302,0.35714285714285715,53.04426806313651,0.8787497028645335
02296500,0.812219962477684,0.8945571184158325,0.005265158135443926,-14.152276515960693,5.775316564292061,-165.65243761423181,0.8551057859497883,1.0113614797592163,1.2727272727272727,30.753779411315918,0.9012728569939517
02297155,0.347151517868042,1.3469804525375366,0.14623284339904785,27.038535475730896,-44.76582495952983,-19.98450225477366,0.46375168098054487,1.3621840476989746,0.42857142857142855,80.25694574628558,0.8102909048031053
02297310,0.7182391881942749,0.874128520488739,0.003959566354751587,-20.44466733932495,-6.566611135602216,-2.4921574345179685,0.8023241742017024,1.0099577903747559,0.8571428571428571,54.485808100019185,0.8479048154557892
02298123,0.6891746819019318,1.0246096849441528,0.06470760703086853,6.867428123950958,11.025025356606163,-42.5397202788529,0.8110810649876451,1.1130573749542236,1.2142857142857142,49.485840116228374,0.8506589226581917
02298608,0.6457912027835846,0.9399706125259399,0.04759429395198822,-12.542104721069336,-11.37996350148174,-4.193446654109522,0.7724381842916549,1.117674708366394,1.0,48.71211581759983,0.814706946652466
02299950,0.7258127927780151,0.8549202084541321,0.05149811878800392,-18.244290351867676,-17.72144334449744,-321.09733157466707,0.7494462249397871,1.142364263534546,0.4444444444444444,45.79287634955512,0.8535026800579695
02300700,0.6491666734218597,0.8828567266464233,0.06968442350625992,-13.262894749641418,-6.760834237301111,82.46697391189849,0.6899943700288608,1.2167322635650635,0.9411764705882353,46.567972968606384,0.811829678079204
02312200,0.4727514982223511,1.0203005075454712,0.08784788101911545,5.197244882583618,-40.7130491359256,-45.06428697157985,0.6883861240127156,1.1788132190704346,1.8,48.7874698638916,0.7456047764070959
02314500,0.719357818365097,0.8951700329780579,0.15014807879924774,-24.311810731887817,-23.955210974506965,-89.82611993813538,0.6835902678031658,1.2647175788879395,1.9,23.839292526245117,0.8619768132857437
02315500,0.7783932685852051,0.9163103699684143,0.1715817153453827,-13.859082758426666,-33.45288694754381,-232.7153306751175,0.6595379694266813,1.3141686916351318,1.5,28.248307704925534,0.8989630103202142
02324400,0.31388115882873535,1.0052647590637207,0.02068464457988739,-6.59731924533844,-63.73930187283094,59.729787819333765,0.6558200333900253,1.0461138486862183,0.9230769230769231,166.59698486328125,0.6589638660097894
02327100,0.7199484705924988,1.0165361166000366,0.11118946969509125,7.2802722454071045,-48.402989817901684,16.949842935998692,0.7297310458111348,1.235522985458374,0.4375,41.19506478309631,0.8684675410139859
02342933,0.6213839054107666,0.5621113777160645,0.03100082464516163,-43.58997642993927,-45.46718109557055,43.9407973045552,0.5203762544867943,1.1046253442764282,0.3157894736842105,57.866723913895456,0.834633651943837
02349900,0.6790923476219177,1.19970703125,0.1135176345705986,18.329863250255585,-15.634505335046867,-724.2728222548745,0.642668868902545,1.2744343280792236,0.5,40.19637107849121,0.8882483177200314
02361000,0.8078092783689499,0.9080639481544495,0.061375830322504044,-4.080619663000107,-11.742146383174994,-11.514222401714926,0.8348189083345323,1.094934105873108,0.85,29.37986135482788,0.9009037288445149
02369800,0.495464563369751,1.1128348112106323,0.06444388628005981,11.858290433883667,-11.708709790234016,-92.50574188207406,0.7365589278665666,1.0930774211883545,0.2857142857142857,59.64271000453404,0.7808970617933217
02371500,0.8198251128196716,1.027389407157898,0.10238850861787796,2.9008110985159874,-25.77611813783221,9.761844589413055,0.8170734311690799,1.1610963344573975,1.2777777777777777,25.556524594624836,0.9177812613561693
02372250,0.7676310986280441,0.9236687421798706,0.0859137624502182,-3.9143960922956467,-27.599926183318342,29.001281318690403,0.7969129795926484,1.146093487739563,1.1,43.24613571166992,0.8813637080079493
02374500,0.7608149200677872,0.8780658841133118,-0.03548750653862953,-10.640154033899307,-22.301465565411164,-47.06762564324726,0.8183083479545619,0.9551588296890259,0.47619047619047616,39.12301290602911,0.872983476464381
02381600,0.21502459049224854,0.9285854697227478,0.15788795053958893,-13.964062929153442,-29.745749596432507,58.42289619572999,0.5023621361098216,1.278025507926941,0.42105263157894735,44.46059779116982,0.5934963402570332
02395120,0.6865555644035339,0.8961383104324341,-0.0347926951944828,-11.428778618574142,-7.187401246682672,-4.557348854149642,0.7914054603069041,0.933397650718689,0.3888888888888889,43.82907549540202,0.8318079713537072
02408540,0.8370694071054459,0.9726762771606445,0.04248400777578354,-1.7551960423588753,-20.41952144410642,54.81458165034196,0.885526550042579,1.0745712518692017,0.1111111111111111,26.429200172424316,0.9175578183815327
02422500,0.7830503880977631,1.1359518766403198,0.046362169086933136,12.85070925951004,16.607878775958874,-30.5849736404177,0.8230391589764949,1.0732487440109253,0.17647058823529413,35.60248823726879,0.9135890747963925
02430085,0.5590529441833496,0.8239349126815796,0.015095562674105167,-19.681890308856964,-31.148916522119872,-39.74336682139577,0.6941196223390311,1.0272740125656128,0.4166666666666667,59.10357634226481,0.751363681848076
02430615,0.39612239599227905,1.0165612697601318,0.09524284303188324,4.743695259094238,-13.806721125457596,-13.883304666182708,0.6706942273151396,1.1505213975906372,0.52,78.0993423461914,0.7075768047249562
02450250,0.7919694781303406,0.9123503565788269,0.02693946287035942,-9.557339549064636,-21.237222493640616,-309.2397801007018,0.8459528229355654,1.0638725757598877,0.1,26.813602447509766,0.8905999687593286
02464000,0.8433587998151779,0.925242006778717,0.06173638254404068,-8.174636960029602,-16.632611829360187,40.59168736734209,0.8216112789362109,1.1410764455795288,0.15789473684210525,32.26452375713148,0.9204310691604619
02465493,0.49861931800842285,1.0314160585403442,0.12851892411708832,20.827142894268036,8.779604233730133,-25.19267516456817,0.6973109453575708,1.1887089014053345,0.3,37.180800437927246,0.7654309364035637
02469800,0.8173338621854782,0.9541619420051575,0.050485122948884964,-7.3022060096263885,-5.939479067679344,15.204134716504772,0.8460332268726355,1.113590121269226,0.8823529411764706,31.848988813512463,0.9067158962279355
02472000,0.8467478007078171,1.0169334411621094,0.10324309021234512,1.817718893289566,-10.259944678573646,-21.449689723310954,0.7805381841103205,1.2073190212249756,0.85,29.340147972106934,0.9300316454222121
02472500,0.782049834728241,0.897266685962677,-0.06445737928152084,-10.74380874633789,51.62641706948806,-192.7637519228636,0.8037395876545051,0.8769668936729431,0.5,40.607523918151855,0.8867442258052706
02479155,0.8287834525108337,0.9470595121383667,0.08154147863388062,-2.267034724354744,-43.42398168246688,-35.47183941060451,0.7794745869244102,1.1963032484054565,0.09523809523809523,32.128113792056126,0.9145962692700289
02479300,0.7485400438308716,0.9965496063232422,0.012575201690196991,-0.8694547228515148,7.291956333274937,-40.18689967898789,0.8722172935283843,1.0205026865005493,0.7,32.0427680015564,0.8739200463874344
02479560,0.8060808330774307,0.9985007643699646,0.1066138744354248,5.0894904881715775,-19.14561677498139,-33.50037360724807,0.8134942615583152,1.1625605821609497,1.0,30.219287872314453,0.9085877475843807
02481000,0.7567233890295029,1.0443143844604492,0.06812872737646103,4.3061308562755585,-33.929572250141646,31.69896353808261,0.7938611693225914,1.1664011478424072,0.08695652173913043,32.78712811677352,0.8866857871241645
02481510,0.8345309942960739,1.0241093635559082,0.032843273133039474,-4.052325338125229,-18.296894641735395,17.846743384536243,0.8931331880259555,1.0666561126708984,0.42857142857142855,34.9663461957659,0.9200236489077596
03010655,0.7683064192533493,1.1041170358657837,0.0742204561829567,9.293783456087112,-13.928993676308506,-56.91596191920456,0.8230843538078537,1.104636788368225,0.15789473684210525,24.586680060938786,0.9024811237242191
03011800,0.7960201501846313,0.9267156720161438,-0.06454812735319138,-3.5942107439041138,-14.249068211866906,-93.13794665435796,0.8509463286584128,0.9235776662826538,0.16,33.84096145629883,0.8950903668791323
03015500,0.8428090214729309,0.9109581708908081,-0.05994343012571335,-6.459370255470276,2.830029884725134,-45.55071030636565,0.8552888187146389,0.9186350703239441,0.28,31.212200164794922,0.9200460953004508
03021350,0.6598200500011444,0.680808961391449,-0.09647484123706818,-33.13964903354645,-1.7615913930464018,-0.2198576531696493,0.6026842464442795,0.8335843086242676,0.44,45.685420989990234,0.8318253688587918
03026500,0.7700774371623993,0.941472589969635,0.021812835708260536,-3.520379960536957,-13.042962466705838,-17.451513310856285,0.8633164626416425,1.0291252136230469,0.3181818181818182,34.89842848344283,0.87996394878478
03028000,0.8040865659713745,0.8560716509819031,-0.07602038979530334,-12.077473104000092,-13.003616638540377,-39.218501460253144,0.7993664939258899,0.9012728333473206,0.3181818181818182,41.23130278153853,0.9010485943846732
03049000,0.761180579662323,0.9332680106163025,0.11012708395719528,-3.805810585618019,-22.214960355723566,15.928150094069792,0.7725577345443931,1.1819353103637695,0.043478260869565216,26.216900866964586,0.8809354437655282
03049800,0.342595636844635,0.5118637084960938,-0.032461922615766525,-41.927701234817505,-19.434556812170765,84.94926303544402,0.35777304598769377,0.9139696955680847,0.5909090909090909,71.0429234938188,0.5916163469284179
03069500,0.8663461953401566,0.9817220568656921,0.045081522315740585,0.977601483464241,-14.754701128775775,-3.157858850684594,0.9089133174772911,1.059090256690979,0.25,19.47377920150757,0.9331341485362971
03070500,0.7772371768951416,0.8736181855201721,-0.018053904175758362,-14.104631543159485,-17.05705387805758,23.569230582436933,0.824888757474634,0.9730129241943359,0.36363636363636365,40.71025414900346,0.8818336682171133
03076600,0.7188803255558014,0.8974929451942444,0.08372054994106293,-10.479950159788132,-22.01453424103345,-2.3495089792278425,0.7779769354872175,1.1312254667282104,0.25,28.89352321624756,0.8531448953128958
03078000,0.8152883946895599,0.9564256072044373,0.033702053129673004,-0.7860363461077213,-12.727599541817202,-28.637980234440658,0.884022469518068,1.050313115119934,0.3333333333333333,23.337591262090772,0.9050228958321336
03140000,0.7712335586547852,0.8629171848297119,0.0019408637890592217,-11.663375049829483,-24.006831218764187,48.734532166002104,0.816673068969059,1.0038819313049316,0.2608695652173913,54.15821904721467,0.878336546015018
03144000,0.8141105473041534,0.8049795031547546,0.0075928946025669575,-16.781768202781677,-10.29547806998133,23.148191982036654,0.7838032615101815,1.016741394996643,0.3,30.997714996337887,0.9081971610600469
03164000,0.8585788905620575,0.9893461465835571,0.14782282710075378,-1.639033481478691,-15.925544240908238,6.114069819769849,0.8478304656039373,1.1392744779586792,0.21739130434782608,15.892465218253756,0.9396287949844226
03165000,0.6186398863792419,0.7113099694252014,-0.012220893055200577,-23.047158122062683,0.3982966932880937,20.747691170675246,0.6430293125197253,0.9843167662620544,0.20833333333333334,44.029418627421066,0.7906195468856207
03170000,0.7417599558830261,1.0967849493026733,0.16283254325389862,11.73916980624199,-14.43299348344215,39.93570130743007,0.7695310276406068,1.182956576347351,0.19047619047619047,20.62720798310779,0.8986317999561518
03173000,0.8224959522485733,0.9511014223098755,-0.001057790475897491,-2.192447893321514,-2.8316084201615723,-4.889895110440567,0.8957475523938465,0.9982861876487732,0.16666666666666666,27.381886376274956,0.9079426006288391
03180500,0.828199103474617,0.9109854698181152,-0.01624349318444729,-6.78919330239296,-17.089274917842488,39.20757446009914,0.8715221697642809,0.9772210717201233,0.047619047619047616,27.257744471232098,0.9101997399502829
03182500,0.824989914894104,0.8270068764686584,-0.010201528668403625,-18.95485669374466,-14.8660688582581,18.949776883362773,0.8053578086041584,0.9833897352218628,0.21052631578947367,31.081827063309518,0.9123469282555048
03186500,0.7507954388856888,0.8553714156150818,0.0245219599455595,-16.166241466999054,-23.370144815338907,37.289697260194544,0.8000954458490135,1.036482572555542,0.4583333333333333,48.45404624938965,0.8669082074324306
03213700,0.8317866027355194,1.0093376636505127,0.06964007765054703,2.8389332816004753,16.853820985235522,-32.14844911893384,0.866037793615507,1.1063796281814575,0.16666666666666666,21.593586603800453,0.9191170259886159
03237280,0.40239375829696655,0.7868958115577698,-0.030813394114375114,-25.40222704410553,-36.043157917603416,-18.561468716360245,0.5829762092194287,0.9237750768661499,0.2857142857142857,50.08386884416852,0.6497355170180471
03237500,0.6671089231967926,0.9840818643569946,0.0633627325296402,-4.536278918385506,-27.664459099125082,60.8591009896838,0.7702981301960362,1.1569421291351318,0.2,48.79575252532959,0.833030751179687
03238500,0.6800567209720612,0.8519259691238403,-0.01502481009811163,-20.24310529232025,1.9614572784901678,0.08442444212124339,0.7669250911880401,0.9569708704948425,0.14285714285714285,42.450714111328125,0.8252244624902618
03241500,0.8104457408189774,0.8165447115898132,-0.01948527805507183,-20.167821645736694,-8.843775964822024,-466.72220288524517,0.7901048103977676,0.9635111689567566,0.3333333333333333,38.96779559907459,0.9047702095896987
03280700,0.6282313764095306,0.7628199458122253,0.0803881362080574,-25.69814622402191,-13.594801571874287,43.5743111624688,0.6273831275835653,1.20384681224823,0.3684210526315789,44.312642749987155,0.7974279569113134
03281500,0.8445599228143692,0.7846429347991943,-0.03274524211883545,-24.913784861564636,-7.40446893855064,-4.307762161803351,0.7638774535840819,0.9318839311599731,0.45,28.00480604171753,0.9311858113481379
03285000,0.8052977174520493,0.9026829600334167,0.03005995973944664,-13.872918486595154,-44.43314061469717,64.19741296523395,0.8397323879935403,1.0760964155197144,0.2857142857142857,27.36517588297526,0.8978998690723341
03291780,0.6629528403282166,0.906493604183197,0.017127366736531258,-13.155391812324524,-25.77542059074083,-14.232651826537221,0.7913263628867964,1.045478105545044,0.20833333333333334,44.639436403910324,0.8190774124564922
03340800,0.7646631002426147,0.8925947546958923,-0.022575678303837776,-13.130904734134674,-9.53352404103239,14.31529578799546,0.8271576264049123,0.9480999708175659,0.13043478260869565,34.48185713394828,0.8749200801007179
03346000,0.8541268557310104,0.8796321749687195,0.029117165133357048,-9.730932116508484,-27.568081939871043,-95.56478503079197,0.8326498675677063,1.0895100831985474,0.3333333333333333,29.216257731119793,0.9258002794605369
03357350,0.529871255159378,0.7507636547088623,-0.043180134147405624,-19.990409910678864,-22.644948649882725,-9.295104358672885,0.6109581626217044,0.873228907585144,0.391304347826087,53.484253261400305,0.7295117644988216
03364500,0.6879021525382996,0.7837302684783936,0.023981908336281776,-18.94184648990631,-20.34686963627164,-12.828179694211904,0.7187008756572489,1.0618715286254883,0.2608695652173913,41.12422362617824,0.8310961382054389
03366500,0.8622990995645523,0.8887559771537781,0.03940544277429581,-12.742462754249573,-23.062101633562254,-150.2326764703801,0.8290802096471852,1.1094971895217896,0.18181818181818182,39.970116181807086,0.9303673381086957
03368000,0.5940642356872559,0.76261967420578,0.02939322590827942,-25.2011239528656,-33.69944713107885,-24.068831908247944,0.6553355537618233,1.1008485555648804,0.5238095238095238,49.353867485409694,0.7713655094545527
03384450,0.7164755165576935,0.8974756598472595,0.03369299694895744,-11.828868091106415,-17.162260987190344,-14.671574564774142,0.7860987494949687,1.1109049320220947,0.13636363636363635,38.14651315862482,0.8485318492321376
03439000,0.7475655972957611,1.126992106437683,0.08440812677145004,3.9263565093278885,6.394319511111177,17.77663631058228,0.8160274667343596,1.0859086513519287,0.30434782608695654,38.547146838644274,0.8983210861506177
03455500,0.570480227470398,1.0250539779663086,0.16071629524230957,2.894769236445427,-12.823909639592252,36.37668261430657,0.7031660034042945,1.2209728956222534,0.2727272727272727,37.725236199118875,0.8033945597818826
03456500,0.7770430743694305,0.855781078338623,0.09524614363908768,-13.954110443592072,-25.48289740601136,39.910629463841886,0.7632015646174067,1.1501588821411133,0.2857142857142857,40.05619230724516,0.8871872713360542
03460000,0.6916161775588989,1.1355971097946167,0.030915362760424614,11.991449445486069,-9.51203413265852,6.084299766083041,0.8117066481189648,1.0295239686965942,0.2857142857142857,40.4090336390904,0.8727359223883482
03463300,0.7026566863059998,0.6598271727561951,0.016770020127296448,-25.791311264038086,-20.108139763938013,46.967654072098426,0.6314666692830024,1.034864068031311,0.47619047619047616,47.55697704496838,0.862581805372693
03471500,0.6922723352909088,1.0686670541763306,0.11523677408695221,5.086017400026321,1.3500722918784986,-42.47355529810257,0.7939647632395204,1.139137864112854,0.2631578947368421,23.56174870541221,0.8644418603410154
03473000,0.7724109143018723,1.1106042861938477,0.06077198311686516,9.676441550254822,7.521756731579194,-14.250048870794146,0.8394913723084678,1.0667024850845337,0.0,17.48114510586387,0.9047083953198609
03479000,0.834231048822403,0.8959206342697144,0.0033882888965308666,2.2087493911385536,10.786247241799446,26.419433785521836,0.8645555479496175,1.006093144416809,0.08695652173913043,43.01339025082795,0.9135386860409483
03488000,0.8488461375236511,0.8847079873085022,0.038311462849378586,-7.84125030040741,-0.2949483769071764,-30.249684628116963,0.8472122145842587,1.0641084909439087,0.2,29.539048671722412,0.9229158863922992
03498500,0.8376630991697311,0.8729788661003113,-0.04725581407546997,-9.061474353075027,4.089327429665247,-13.882463992130084,0.8310327066289673,0.9250590801239014,0.3684210526315789,32.8861161282188,0.917541305491209
03500000,0.8192903697490692,1.1333403587341309,0.04469664767384529,8.239560574293137,-8.324600672813965,36.08441518473648,0.8436591594935394,1.0402733087539673,0.13636363636363635,25.04135261882435,0.9290009313798593
03500240,0.8404115736484528,0.9305632710456848,0.09077902138233185,-6.148472428321838,-25.44752797016967,37.15303291534692,0.8610467794865235,1.0910392999649048,0.30434782608695654,32.80647941257643,0.9212701833795361
03504000,0.7992311418056488,0.946486234664917,-0.11090405285358429,-8.048510551452637,-5.045249158125774,13.27939453355339,0.8573401473426354,0.9112623929977417,0.25,32.9701582590739,0.9019502800442785
03574500,0.8283896446228027,0.847510814666748,0.08856454491615295,-14.107628166675568,-35.30337572905328,44.312214781730034,0.7280770276354507,1.2093253135681152,0.5263157894736842,29.271379270051657,0.9171020847331922
03592718,0.5908219218254089,0.6681276559829712,0.030648978427052498,-37.1976375579834,-36.449651060349034,-10.869554544305826,0.5931283625792901,1.0750868320465088,0.34782608695652173,46.77600860595703,0.7769142670019621
03604000,0.8480092734098434,0.9068055748939514,-0.033031512051820755,-3.6538373678922653,9.614136387544098,-56.8431931123782,0.8561776770823453,0.9235098958015442,0.47368421052631576,30.823546961734174,0.921584927097575
04015330,0.6780686676502228,1.0121921300888062,0.05309318006038666,0.25938355829566717,-33.825870739005154,-11.166408818646298,0.7963947606681576,1.1283783912658691,0.47368421052631576,44.34952484933953,0.8424391098550728
04024430,0.7296746969223022,1.2005059719085693,0.07604200392961502,10.935252904891968,0.5364746258542763,-3.9412773476764134,0.7292360353677385,1.156141757965088,0.4444444444444444,28.214208285013836,0.9065642938061017
04027000,0.8603264093399048,1.0737088918685913,0.04472511634230614,7.842031121253967,11.921561637469829,0.8358633999699929,0.86744574684323,1.091353178024292,0.8947368421052632,29.69348054183157,0.9384189464663407
04040500,0.8650191724300385,1.1146992444992065,0.08891497552394867,16.28802716732025,-14.606782609351242,67.10791954388677,0.7999699521685995,1.1557081937789917,0.5882352941176471,20.981982175041647,0.9489014507365661
04043050,0.8137020021677017,0.8351313471794128,-0.01977713033556938,-19.38616782426834,10.423549051759935,-5.568169902512001,0.8063491172751943,0.9641074538230896,0.3125,33.17942023277283,0.9049699162046067
04045500,0.8681208044290543,1.127795696258545,0.17775842547416687,12.178507447242737,-9.349243514904343,-0.5885687034186465,0.7738709878140264,1.1828042268753052,0.9411764705882353,18.659214412464813,0.9627816603470829
04056500,0.5793823301792145,1.363157868385315,0.23078729212284088,33.24476778507233,0.786967000685227,-31.59953837805955,0.5775430470532784,1.1978042125701904,1.125,34.58355367183685,0.9136302529102365
04057510,0.5894029438495636,1.2968940734863281,0.19172285497188568,37.19809055328369,-9.647721988159088,8.982038505181853,0.6328266715719425,1.1858445405960083,1.7647058823529411,32.23883684943704,0.8898547823630477
04057800,0.7776765078306198,1.1944941282272339,0.13156309723854065,24.019642174243927,3.5513147039668227,-23.12865702096345,0.6967780587557423,1.2218514680862427,1.0625,24.977095425128937,0.9300178176601841
04059500,0.7367921769618988,1.1716525554656982,0.16955994069576263,23.750345408916473,-23.486193224513666,-12.369287770163249,0.6764541543945293,1.2599318027496338,1.2857142857142858,32.33488287244524,0.9125198746572688
04063700,0.633661687374115,1.2780219316482544,0.25405022501945496,33.53287875652313,6.281054809072138,-12.516253735161214,0.5665113198327264,1.320783257484436,1.0,41.186674435933426,0.9121686669040473
04074950,0.7299933135509491,1.1360641717910767,0.30758777260780334,23.657913506031036,-14.213126375831504,4.02486483147149,0.7570370738974371,1.1890769004821777,1.1666666666666667,21.813178062438965,0.9309532743775604
04105700,0.6306388974189758,0.9998667240142822,0.19761668145656586,-0.3769614268094301,-20.013241159452928,13.605722675518136,0.8107308113390674,1.0924097299575806,0.5833333333333334,21.446651220321655,0.8348235797002297
04122200,0.7983444035053253,0.9711943864822388,0.15387922525405884,-3.8642868399620056,-6.652529427416585,13.9850574486137,0.8779018023556273,1.0758990049362183,0.55,24.213361740112305,0.9087994103771166
04122500,0.7428276240825653,1.0663721561431885,0.17754952609539032,5.204463750123978,-1.8736706901172506,-0.5308486472799445,0.8538755720468626,1.0786501169204712,0.6842105263157895,18.474651637830235,0.8962635818917384
04124000,0.7934441566467285,1.0611015558242798,0.11401203274726868,5.801217257976532,-0.5782538542981814,15.563403654594863,0.8871551968084199,1.031620740890503,0.9,9.790571928024292,0.9105534895664759
04127918,0.6211154460906982,1.1969095468521118,0.17801369726657867,17.313237488269806,5.4162275986673425,-66.76556022063804,0.6723525290340384,1.2279900312423706,1.1,34.515624046325684,0.8711588526790082
04127997,0.4262539744377136,1.012899398803711,0.5064297914505005,1.3633531518280506,6.872786105453235,15.847737460173036,0.7889132005849168,1.1410249471664429,0.375,17.657808462778725,0.843464998564192
04161580,0.6367264688014984,0.8271116018295288,0.12047659605741501,-17.581716179847717,-26.002338241712902,-1.157412837245409,0.7125567307657648,1.1248067617416382,0.5714285714285714,33.07099569411505,0.8072397680285697
04185000,0.8182638436555862,1.0741227865219116,0.04050731658935547,15.683822333812714,-13.42810803662807,-301.5859420369858,0.8744338827691047,1.0605545043945312,0.9130434782608695,26.861829343049422,0.9187238392134399
04196800,0.7916262447834015,0.8511779308319092,-0.01800127886235714,-12.488558888435364,-18.34095799788443,-109.34590489432215,0.8111650487097506,0.9601826667785645,0.6956521739130435,41.64762911589249,0.8907973877031687
04197100,0.800692692399025,0.8252570033073425,-0.0016975672915577888,-17.87685602903366,-21.65910933144157,-170.49249111796894,0.7974991794313642,0.9960149526596069,0.55,40.203776359558105,0.8977474360441972
04213000,0.6819061636924744,0.8795763254165649,0.027162177488207817,-12.230804562568665,-16.18959047172271,-309.3749749466924,0.7844610753678998,1.0481289625167847,0.5909090909090909,41.9053164395419,0.8278408596720956
04216418,0.6284434795379639,0.9272240996360779,0.0017520225374028087,-11.467944830656052,-2.807282789119416,-470.967986751706,0.7894996107961022,1.0026581287384033,0.5833333333333334,45.17136414845784,0.8024980594201084
04221000,0.7993615716695786,0.9635615944862366,-0.010347431525588036,-6.26506507396698,-6.59649183046955,-525.8574021393285,0.8893304560477299,0.9846713542938232,0.42857142857142855,31.054296947660898,0.8966316141993477
04224775,0.6626513302326202,0.8160874247550964,0.0017625618493184447,-22.25933074951172,-9.097787475255863,-722.110802926681,0.7384400388057822,1.0028448104858398,0.3333333333333333,48.80979174659365,0.8140384851104723
04233000,0.7007492482662201,0.8768823146820068,-0.07415667176246643,-12.619784474372864,5.068991501949487,-568.7126788462588,0.7727851416109933,0.8940101861953735,0.3181818181818182,46.145907315340914,0.8411453909880592
04256000,0.8159308582544327,0.8871333599090576,-0.06629972159862518,-10.385961085557938,-4.167046513809276,-43.24225706062233,0.8351040809552392,0.9251701235771179,0.2916666666666667,25.215788682301838,0.9059134692597597
04296000,0.8497243523597717,0.9046189785003662,-0.06353092193603516,-5.046370252966881,-13.342880416777486,-718.5324455229478,0.8574980395146836,0.926084578037262,0.13043478260869565,20.239479645438816,0.9241990773412655
05056000,0.7341036200523376,0.8168147802352905,-0.10841523110866547,-18.92974227666855,-32.56711191474633,-160.46936303371697,0.6502872981157048,0.7344635725021362,1.8181818181818181,50.859741731123485,0.8649720221930258
05057000,0.7705801427364349,0.8657514452934265,-0.10492512583732605,-12.816661596298218,-21.925730873670947,-261.5608207683103,0.7171866084027911,0.7796204090118408,1.8888888888888888,50.067970487806534,0.8842693821765215
05057200,0.6598936915397644,0.8418723940849304,0.003347108606249094,-14.150290191173553,20.46289902723257,-142.4525563965759,0.7546573482952579,1.01297926902771,0.8333333333333334,73.69641462961832,0.812863110080911
05120500,0.5606607794761658,1.1880428791046143,0.07940411567687988,33.86228084564209,-18.67533972107718,4.558717527759821,0.6110628817216036,1.2964807748794556,2.5,60.78632275263468,0.8326348073235407
05123400,0.550573855638504,0.7862159013748169,0.004151844885200262,-23.259808123111725,-84.8105675131174,-192.5529822211173,0.6656709682733873,1.0125340223312378,1.8571428571428572,54.339153426034116,0.7432605232643947
05129115,0.74066361784935,1.035564661026001,0.12485851347446442,9.560678899288177,-1.3587781285201141,61.88784394674261,0.814484252522466,1.1394424438476562,0.8,33.767445882161454,0.882922878827471
05131500,0.8276454508304596,0.943095326423645,0.0386299304664135,-4.6530794352293015,-13.505134239399878,34.44530564690817,0.8766694429655643,1.0638322830200195,1.0555555555555556,33.026880688137474,0.9111308598666286
05291000,0.5698151886463165,0.940693736076355,0.04429604113101959,-1.7238041386008263,-0.6012740414269749,-403.56928258978763,0.7114865009238514,1.1695995330810547,0.6666666666666666,52.16753747728136,0.7742594307899663
05362000,0.7826666980981827,1.1060552597045898,0.1449998915195465,9.895344823598862,-3.944431008670981,13.22530073898131,0.6536663493496401,1.3189053535461426,0.2631578947368421,59.15336106952868,0.9163420359953258
05393500,0.7971117347478867,1.0276976823806763,0.08360165357589722,5.594717711210251,-5.018117734952243,-506.76888014374947,0.7903907849932779,1.1848132610321045,0.2631578947368421,26.02337787025853,0.9050636004835202
05399500,0.6483376920223236,0.7175670266151428,0.05486277490854263,-28.212842345237732,-22.283505653878365,-365.8324348013694,0.6075320304130681,1.1978880167007446,0.5625,42.75104999542236,0.8126419055847246
05408000,0.7559210956096649,0.9718794226646423,0.05676804110407829,9.645292907953262,1.1081437292659353,-16.2348214209112,0.8463781113828293,1.0869208574295044,0.16666666666666666,43.61319012112087,0.8764942012035373
05412500,0.771547332406044,0.9219900965690613,0.02126215398311615,0.6122025195509195,-19.24867130742485,-20.229938565252564,0.8518871908715505,1.0369969606399536,0.7857142857142857,34.74398340497698,0.8796543141694649
05413500,0.7222960293292999,0.8311207294464111,-0.03870895504951477,-4.406622797250748,-29.119822175619735,0.43540077863106363,0.7692423294106329,0.9497421383857727,0.3333333333333333,38.30539385477702,0.8509931482814169
05414000,0.5066460967063904,0.7403448820114136,-0.06335216015577316,-11.579196155071259,-12.460173400449362,13.598078244249786,0.602949104225612,0.9049564599990845,0.4,47.464001973470054,0.7150520064263102
05444000,0.5550988018512726,0.9371485710144043,-3.358373942319304e-05,-2.0112909376621246,-23.563537432789055,-1122.987393748874,0.7564871307080998,0.9999443292617798,0.4666666666666667,45.255883534749344,0.7647379922596689
05454000,0.6483916640281677,0.9081553816795349,-0.00141241867095232,-7.4166856706142426,-10.920290328785507,-3.8303454057459154,0.7898977864895864,0.9968743324279785,0.23529411764705882,49.112819222842944,0.8110615539129933
05458000,0.7937396615743637,0.7719852924346924,-0.05758482962846756,-15.230238437652588,-24.333492722757196,-134.2239661469941,0.7108050106202821,0.8513927459716797,0.7333333333333333,53.72175216674805,0.9022302753077176
05466500,0.7454006373882294,0.9537360072135925,0.006615640129894018,-6.388404220342636,-10.59308774021605,20.39769172012368,0.8593937299287214,1.010891079902649,1.0,37.01092137230767,0.8676702961033665
05487980,0.7279092073440552,1.0633440017700195,0.04732856526970863,5.31272366642952,-22.143385250827105,-276.06213383042723,0.7959601430276839,1.1483055353164673,0.16666666666666666,50.23945172627767,0.8749989245344703
05489000,0.7036321759223938,0.9825004935264587,0.035038501024246216,-6.503052264451981,-22.078162664178596,-86.97212968855847,0.8076878761392272,1.1190165281295776,0.17647058823529413,39.04224283554974,0.8499573850900847
05495000,0.7552727609872818,1.0876752138137817,0.031184915453195572,7.573626935482025,-15.04348286580536,-114.1583237185114,0.832069916323853,1.0934724807739258,0.3888888888888889,26.07636981540256,0.8914805767424399
05495500,0.8224228322505951,0.8747355341911316,0.007599965203553438,-12.8130704164505,-20.239347764614834,-120.76049188358917,0.842063720817076,1.0263856649398804,0.3333333333333333,40.075429280598954,0.9074987644761126
05501000,0.7784135788679123,0.9994901418685913,0.03853766247630119,1.0800746269524097,-15.776103349479687,-188.69935165211197,0.8237694278291158,1.137598991394043,0.25,33.02204608917236,0.8898933599654173
05503800,0.725103884935379,1.1583073139190674,0.10543940961360931,11.46048903465271,-36.85728975077415,-35.26209601896562,0.5463564767164167,1.4124473333358765,0.05263157894736842,37.44458650287829,0.89695419561672
05507600,0.7758314907550812,0.8075555562973022,-0.0029433502350002527,-21.227553486824036,-39.11707593910041,-20.26910740727186,0.7749676284912954,0.9865307211875916,0.1111111111111111,50.16767713758681,0.8841411080535273
05508805,0.7871634513139725,1.0061452388763428,0.026147330179810524,-0.10064702946692705,-18.97437320860793,2.3829453317980556,0.8503860268595691,1.1059969663619995,0.29411764705882354,51.12744499655331,0.8945902275874225
05514500,0.8109625279903412,0.9364291429519653,0.055005624890327454,-7.964914292097092,-21.79743309320031,-160.87843623172452,0.784555825342863,1.1814786195755005,0.2222222222222222,25.49765904744466,0.9028380261375671
05525500,0.8327669650316238,0.9816847443580627,0.015019189566373825,-2.1841157227754593,-18.083901975633182,-10.876366920501534,0.9082120698078917,1.0297174453735352,0.3684210526315789,27.680389504683646,0.915109193782879
05556500,0.740935206413269,0.8785691857337952,0.034301888197660446,-0.34962170757353306,-40.163116236163404,-336.3628755974131,0.8000661527638144,1.0779786109924316,0.3684210526315789,39.41939504523027,0.8616257363343895
05584500,0.8238617330789566,0.8626275658607483,-0.01361982524394989,-13.355971872806549,-19.446910872723173,-282.95761707345866,0.8320180437154259,0.9674891829490662,0.75,43.107290267944336,0.9089516680519063
05585000,0.7654418498277664,1.030867338180542,0.017246920615434647,7.549656182527542,-13.37321719127941,-326.04653316993597,0.8776751211856937,1.0347156524658203,1.3478260869565217,34.393953240436055,0.886839022253892
05591550,0.7334979176521301,0.7567024827003479,-0.058459583669900894,-27.07223892211914,-47.313963888982244,67.89311748115426,0.682830008606039,0.8475114703178406,0.2631578947368421,66.8541858070775,0.8652766915784652
05592050,0.7635023146867752,0.9308159947395325,0.01421019621193409,-8.072535693645477,-34.06559213683235,-8.909064509178624,0.851379368441953,1.0428565740585327,0.3,31.05244874954224,0.8756417288605304
05593575,0.8168796002864838,0.9307916164398193,0.006003253161907196,-7.534012943506241,-21.867192707212375,-3.116957853601261,0.8798661443550658,1.0216643810272217,0.1111111111111111,39.60499498579237,0.9042242331703256
05593900,0.7340226769447327,0.756988525390625,-0.03484918922185898,-26.142242550849915,-14.738518631169947,0.811004673227714,0.6928570966917449,0.870305061340332,0.05,42.376627922058105,0.8641272317685911
05595730,0.8462528139352798,0.8222986459732056,0.025454146787524223,-13.517555594444275,-42.26068488470316,-27.063552213620163,0.781213214165855,1.104067087173462,0.16666666666666666,37.58085038926866,0.9261086757466682
06191500,0.9300245493650436,0.9069367051124573,-0.020978454500436783,-7.129844278097153,-13.543497369827481,24.68466634845499,0.89758647298691,0.9735152125358582,1.1,15.360428094863893,0.966439462267204
06224000,0.865499421954155,0.8719937205314636,-0.023290054872632027,-18.479333817958832,-18.37499857909126,-800.0960231720101,0.8510423312166709,0.9645335078239441,0.6,32.19054460525513,0.9325840713279666
06278300,0.7333967685699463,0.896872341632843,0.040310852229595184,-16.442324221134186,-16.25595658904173,-895.1202122212434,0.7965340082930652,1.103234887123108,0.7,36.24223709106445,0.858205592699597
06280300,0.9030418694019318,0.8847029805183411,0.005281068384647369,-14.09871131181717,-5.83465591181406,13.435552554575429,0.875138150677415,1.0079237222671509,0.9,23.902759552001953,0.9527316877778045
06289000,0.7921459525823593,0.9625959396362305,0.05866294726729393,-12.011610716581345,-0.2971042028720246,58.90305050670791,0.8648909203177755,1.0757328271865845,0.7777777777777778,25.262747870551216,0.8945488806735172
06311000,0.5803211629390717,0.9168509840965271,-0.014418669044971466,-19.168663024902344,14.813697276259589,-805.9872999382682,0.758231066972548,0.9696722626686096,1.6,39.701175689697266,0.7750140304821771
06332515,-0.8690356016159058,1.4849075078964233,0.16998368501663208,59.349095821380615,634.5309756807843,41.61620727818944,-0.35010580409400327,2.1382334232330322,1.0909090909090908,67.03756939281116,0.4595603037625676
06339100,0.25541114807128906,0.7176271080970764,0.08703618496656418,-3.513287380337715,11.597925934981845,0.4689909558098392,0.15117704768887252,1.6565401554107666,0.4,62.30568885803223,0.5420469689785153
06339500,0.3575633764266968,0.6789119839668274,0.03973300755023956,-14.262557029724121,-23.267615516003197,-76.88188359353859,0.43503702553821666,1.2433792352676392,1.1111111111111112,55.231777826944985,0.6039543002213937
06344600,0.23862063884735107,0.728626012802124,0.08437636494636536,0.20849804859608412,26.842587772830324,-2.3777732890134993,0.12544913239858901,1.6877902746200562,0.4444444444444444,56.877454121907554,0.5329454879430288
06350000,0.5514874160289764,0.6302831768989563,0.040617961436510086,-9.089345484972,164.16999073580462,-137.09648584667508,0.43749237513157413,1.345224380493164,1.5555555555555556,83.89871915181479,0.7539422306361769
06352000,0.5411576330661774,0.5688133239746094,0.03623785823583603,-24.939942359924316,-4.88447434622405,-92.65696528460495,0.42581939935717883,1.2945510149002075,1.4285714285714286,75.26439258030483,0.7612509430511119
06353000,0.5071493089199066,1.1153591871261597,0.10705813020467758,35.85725426673889,-55.37148917188943,-40.9829975876098,0.2212102454895598,1.7410635948181152,1.5,52.012550830841064,0.7901655697668379
06354000,0.6234671175479889,0.9907163381576538,0.08048366010189056,20.29910981655121,-21.635190279903714,0.8586720290932754,0.44859993447275803,1.5187410116195679,1.2857142857142858,48.39545658656529,0.81328200742791
06360500,0.6252029240131378,0.945817768573761,0.09761659801006317,2.4024657905101776,-68.77082597918096,-67.27581629176895,0.44066717243762143,1.5227123498916626,2.125,68.82444024085999,0.8084554958832408
06404000,0.6704045534133911,1.1925708055496216,0.1959272176027298,24.342189729213715,-42.40512054383621,-26.315533119734024,0.3599685467725443,1.6010032892227173,0.1111111111111111,28.27484342787001,0.8934552098228474
06406000,0.30070120096206665,1.0310208797454834,0.09201329946517944,38.68686258792877,-58.170555344243404,-309.9041696517158,0.5799020569726991,1.2521740198135376,0.16666666666666666,80.87147871653238,0.6654432028987198
06409000,-0.4417076110839844,0.9448251724243164,0.5760658383369446,7.837304472923279,-26.010975157287934,35.892398616787894,0.3341343664856037,1.3118677139282227,0.9230769230769231,42.71626105675331,0.4142771053589366
06431500,0.38871240615844727,1.216081976890564,-0.12102906405925751,23.47259819507599,-16.213832180802935,55.23602552017777,0.6809511402012431,0.9369692802429199,0.9166666666666666,35.629526774088546,0.7738852446900976
06447000,0.4143407940864563,0.8734143972396851,0.15796005725860596,-8.408977091312408,-45.441476420403234,-19.84166257603889,0.4550531652071227,1.4286208152770996,0.45,61.99923515319824,0.6881870197766332
06447500,0.16903972625732422,1.3034461736679077,0.1427311897277832,31.465160846710205,-16.247527934500607,-806.4343896690575,0.5650781462302046,1.145298719406128,1.1428571428571428,45.78817231314523,0.7243812039939935
06450500,0.34545332193374634,1.0696772336959839,-0.01123348530381918,11.941920965909958,9.641129401808122,4.358644453682115,0.6882782596848006,0.9887638688087463,1.2352941176470589,55.62070397769704,0.696373130560774
06452000,0.584871768951416,0.8805590271949768,0.10942485183477402,-10.73254719376564,8.169618651150886,4.776787882433071,0.6221431677577001,1.282397985458374,1.25,49.7677356004715,0.7791810300344933
06453600,0.6309061646461487,0.9336189031600952,0.12106133252382278,-6.81486576795578,-45.714618482752236,64.82515315773037,0.5333824825927387,1.422118902206421,1.0,45.65613053061745,0.8125404312026376
06464500,0.5170307457447052,0.9628166556358337,0.13495676219463348,-4.424431920051575,0.9931954550783283,-593.4751782181606,0.6803546357259693,1.2070887088775635,1.0769230769230769,33.965943409846375,0.7593657870144037
06468170,0.511145293712616,0.4142899215221405,-0.08321098983287811,-58.51854085922241,-17.202582843125345,1.9560291044436722,0.289128728051803,0.6336802840232849,0.8,72.89016723632812,0.8323947049242004
06470800,0.47330182790756226,0.4582032859325409,-0.0656798854470253,-49.978092312812805,-45.57269603781316,-9.172727384331179,0.3362205526223595,0.7089642882347107,0.5,71.62221272786459,0.7502847824742328
06477500,0.4568159580230713,1.1412349939346313,0.05557997524738312,18.877382576465607,-26.451569443226685,2.9559096659536825,0.6039464671763404,1.2915101051330566,1.0,44.84067303793771,0.7721120100670057
06479438,0.540065348148346,0.9330917000770569,0.0834898129105568,8.979254961013794,-31.03816698480256,-152.38657953641518,0.5690980002067645,1.351346731185913,0.7272727272727273,71.80953892794523,0.7596767025188678
06601000,-0.2619447708129883,1.338493824005127,0.06429512053728104,48.01812171936035,-9.249989136586619,-8.168447102961347,0.4474341439715439,1.0914946794509888,0.4444444444444444,90.62142901950412,0.5729406598714795
06614800,0.8907041475176811,0.9234163165092468,0.05047834292054176,-12.71805465221405,-12.778253091631553,-1164.248238188699,0.8636291021842077,1.0987324714660645,1.3,19.830808639526367,0.9453752778288425
06622700,0.920347161591053,1.0652046203613281,0.06397092342376709,-1.009654812514782,22.835563996992494,-34.39254789863241,0.8414701437741697,1.1405692100524902,1.1,24.241390228271484,0.9665280717057357
06623800,0.9519836008548737,1.018061876296997,0.06289741396903992,-0.9349728934466839,19.73090065252693,-0.5112698398037309,0.8779589857632276,1.1187704801559448,0.8,19.16593313217163,0.9785209212465161
06632400,0.8974885940551758,1.0351130962371826,0.08351057767868042,1.0129524394869804,-24.507025180284156,-1556.7191040346524,0.8001557681683248,1.1913889646530151,0.9,23.74333381652832,0.9544472648672154
06746095,0.8090475350618362,0.7250826358795166,-0.11772843450307846,-31.16633892059326,-3.607447871560622,-786.2019396027451,0.628522436610091,0.7601752877235413,0.7,34.316818714141846,0.9299990686586014
06784000,-0.005196094512939453,1.2676359415054321,0.23029983043670654,31.50104284286499,-3.452767551485919,69.12732529297404,0.4939261611006046,1.252698302268982,0.625,43.64549517631531,0.652688466555966
06803510,0.6939474046230316,1.163076639175415,0.04708321765065193,31.054934859275818,31.567669365099327,-205.66713914333405,0.705305158745836,1.2145835161209106,0.05555555555555555,42.311694886949326,0.8808153792376915
06803530,0.7294447720050812,1.0385602712631226,0.01041924674063921,3.5583846271038055,24.857391320962762,-675.3153584096962,0.8583831525717208,1.0424453020095825,0.26666666666666666,71.95405960083008,0.870513192591082
06814000,0.7164078652858734,0.9089749455451965,0.04210421442985535,-6.3514940440654755,-32.36641619841298,-3.951598240394923,0.7574088338037551,1.1671103239059448,0.3333333333333333,40.79331027136909,0.8495372038608734
06847900,0.18787485361099243,0.7322867512702942,0.2127651572227478,20.466889441013336,-42.87859814707269,-26.013677135977332,-0.4824462961623024,2.3786468505859375,0.375,69.07119750976562,0.5253322226763321
06853800,0.5090068280696869,0.9587151408195496,0.09869006276130676,2.6894861832261086,-60.9258379509117,-29.31097460046291,0.42329074464793315,1.518014669418335,0.75,70.39377689361572,0.749900164177185
06876700,0.35783880949020386,0.8957171440124512,0.06096701696515083,-11.760161817073822,-18.458373233852672,-122.7692068578963,0.591472614079765,1.1824772357940674,0.7692307692307693,38.43425237215482,0.6496833298130718
06878000,0.7019884288311005,0.7307231426239014,0.023736244067549706,-26.72649919986725,34.946972633204496,-239.5072387569855,0.6738959472159858,1.1007177829742432,0.6,53.43366622924805,0.846085232948347
06879650,0.20513170957565308,0.7370649576187134,0.04974369332194328,-16.977742314338684,-88.90805249830144,-418.73103580319366,0.3929591938487009,1.2421600818634033,0.5833333333333334,94.65684096018472,0.5093655142851454
06885500,0.7066566646099091,0.7454245686531067,0.007154435385018587,-25.488826632499695,-16.06853226838296,-182.45309312031011,0.7012749342692326,1.030663013458252,0.17647058823529413,46.462314269121954,0.8467427187502873
06888500,0.6086198687553406,0.9532660245895386,0.033232808113098145,-7.403288036584854,-13.376962733137358,-204.04448746734292,0.763512826256899,1.1109318733215332,0.1111111111111111,51.574134826660156,0.796441069051959
06889200,0.42485111951828003,0.5756018161773682,-0.0058173672296106815,-19.36950385570526,-10.037068832595589,-0.18080724083386432,0.4529842062747783,0.9628393650054932,0.2222222222222222,52.183522118462456,0.6568796896718428
06889500,0.6223412156105042,0.6918803453445435,-0.0062941815704107285,-20.28224468231201,-10.178080886671006,-190.5026871176711,0.628828272051646,0.9668579697608948,0.2,53.54532241821289,0.795715062046172
06892000,0.8193999081850052,0.9468230605125427,0.031618282198905945,-5.5052731186151505,-27.32149919215603,-95.07961259578902,0.843293362125149,1.1140828132629395,0.3333333333333333,35.43144861857097,0.9066496107196105
06903400,0.5572535395622253,1.098830223083496,0.04077991470694542,12.835264205932617,-37.656911151512226,-18.841795510695746,0.7481244902945305,1.123106837272644,0.29411764705882354,42.51410259920008,0.8037385264210442
06910800,0.7745465934276581,1.0631775856018066,0.028855806216597557,-1.6166938468813896,-30.55060813565319,-13.521264011028439,0.8254647827747841,1.1253200769424438,0.36363636363636365,49.21643083745783,0.8962406002112596
06911900,0.825043186545372,0.8626447916030884,0.027746470645070076,-13.628952205181122,-38.35385315597531,-22.829266434575686,0.7856482969596823,1.137751817703247,0.09523809523809523,52.97231220063709,0.909974247895522
06917000,0.8183659762144089,0.8736987709999084,0.09672120213508606,-14.372506737709045,-47.182380702836504,-28.936064921008597,0.5466331527600736,1.4261289834976196,0.3888888888888889,34.41131644778782,0.9105372303546184
06918460,0.2314213514328003,1.5090290307998657,0.1177344098687172,62.602698802948,-28.337392011021645,-5.962806605308826,0.40984757313931364,1.2494056224822998,0.3125,60.15999913215637,0.8357862118860792
06919500,0.7583881169557571,1.043114423751831,0.09237825870513916,1.9520383328199387,-50.860256531961234,62.14390841580529,0.6877472257229156,1.2887202501296997,0.625,33.024537563323975,0.8891687829475513
06921070,0.7983411550521851,0.9232057929039001,0.11452491581439972,-5.420323088765144,-49.68650185321209,59.298815886165144,0.6080901792433111,1.371363639831543,0.16666666666666666,29.533961084153916,0.9010808189829225
06921200,0.6781289279460907,0.7730598449707031,0.09655412286520004,-21.885915100574493,-61.20412593719649,88.35672510223284,0.527423705039205,1.3785758018493652,0.16666666666666666,49.13459883795844,0.8311601858320701
07014500,0.7747757434844971,0.858087420463562,0.18161116540431976,-10.119596868753433,-36.049362730687385,18.577718495146478,0.5996092576381117,1.3607172966003418,0.2777777777777778,35.87129910786946,0.8997174079325865
07056000,0.8827115520834923,0.9731653332710266,0.04535834863781929,7.418568432331085,-28.515305973708045,28.615510349450624,0.8461108859434485,1.1396434307098389,0.07142857142857142,31.835869380405974,0.9411657213332084
07057500,0.8417031913995743,1.1034249067306519,0.0595766082406044,20.661070942878723,22.354789646828564,-146.9829214059947,0.8460100316491346,1.093570590019226,0.3125,32.788729667663574,0.934725627510405
07060710,0.5474604964256287,0.656244158744812,0.09485160559415817,-23.768526315689087,-43.657337909096185,17.84415434925498,0.38111234841001274,1.450994610786438,0.26666666666666666,52.28769938151042,0.7520933483443885
07066000,0.8068125247955322,0.9298555850982666,0.037965722382068634,-8.134784549474716,-24.481955333503972,-42.82982998470625,0.8580122924812955,1.071750521659851,0.3684210526315789,29.617977142333984,0.8995403922660958
07067000,0.8041242957115173,1.0745409727096558,0.09009383618831635,5.132913216948509,-4.049764459522694,5.072825523286544,0.8265851407464685,1.1316375732421875,0.16666666666666666,29.033377435472275,0.9152184801485123
07068000,0.791037306189537,1.0875751972198486,0.06072607263922691,5.605228245258331,23.500968094920488,-32.33397694634062,0.8495817492805009,1.0818723440170288,0.5,23.154150115119087,0.9091531273704152
07071500,0.8198468089103699,0.9810723066329956,0.09446074068546295,8.99714082479477,-4.229826736657647,15.025101713215577,0.8296585944917088,1.145169734954834,0.42857142857142855,36.724042892456055,0.912915644875282
07083000,0.8771403133869171,1.0229734182357788,0.06059529259800911,2.1240223199129105,-10.015521745249112,43.12671428826423,0.8908989128142459,1.0895072221755981,1.0,19.592818021774292,0.942002358167891
07142300,-0.535408616065979,1.3670215606689453,0.3174542188644409,42.50909388065338,-68.09417005254107,-60.07348933921855,-0.19503586969448183,2.03312349319458,1.375,34.54993963241577,0.5245404836686861
07145700,0.6607472598552704,1.0730723142623901,0.009673804976046085,-0.6376307923346758,84.57975464408749,-116.78271802387452,0.8232231851683925,1.0414317846298218,0.22727272727272727,64.97696529735218,0.8444561593224117
07148400,0.4830174446105957,1.1760978698730469,0.2179892361164093,22.165732085704803,-33.919646546617415,-202.05617015817944,0.4687459599346696,1.465268611907959,0.5294117647058824,38.109504475313074,0.8135985137260109
07149000,0.4812890291213989,1.1822587251663208,-0.022215189412236214,12.839993834495544,15.398461231158553,0.37975416727726435,0.7236600465317176,0.967241108417511,0.5263157894736842,45.81915202893709,0.7948844666879498
07151500,0.5961509943008423,0.771755039691925,-0.030752554535865784,-24.06032383441925,35.75581163094467,-270.09274335302905,0.6668125960095546,0.914780855178833,0.85,53.70063781738281,0.772720916871335
07167500,0.7185807824134827,0.8784588575363159,0.0013539378996938467,-9.361175447702408,-9.967822291294592,-82.86153583330031,0.8054305032618634,1.007162094116211,0.17647058823529413,51.529884338378906,0.8482312807017707
07180500,0.7238119840621948,1.0347375869750977,-0.018648872151970863,-1.5831615775823593,44.547703339556556,13.77209442506793,0.8399937599951801,0.9176338315010071,0.3157894736842105,54.18912987960013,0.8672931381637594
07184000,0.7053950130939484,0.7637428641319275,0.01811477541923523,-20.30809372663498,-47.52652063390085,-45.42121839298863,0.7056492262105439,1.0803359746932983,0.2777777777777778,50.74064466688368,0.8438876207600935
07195800,0.36172056198120117,1.2109662294387817,0.06333567947149277,14.673227071762085,-2.4792601331031396,91.73629926347421,0.6536056961852312,1.1272236108779907,0.0,80.03308773040771,0.7564914445304494
07196900,0.5822076499462128,1.0440351963043213,0.025084758177399635,4.532213881611824,-34.62101570677039,89.32158658115145,0.7820653562838031,1.0775431394577026,0.45454545454545453,54.028866507790305,0.8011445953935654
07197000,0.7769036740064621,1.0843117237091064,0.11062243580818176,12.215510755777359,-35.532049215124,45.745281239696595,0.6819844146576695,1.2918871641159058,0.15789473684210525,48.93548363133481,0.9060461326490564
07208500,0.7898423820734024,0.9781835079193115,0.0990520492196083,-2.385942079126835,-11.870529781888063,-457.26189564165105,0.8066652652572949,1.1626802682876587,1.2727272727272727,28.739831664345484,0.8978359620943808
07226500,0.2683137059211731,0.4010050594806671,-0.00785043090581894,-56.76069259643555,38.8650356395827,-979194335937.5,0.23984033172795194,0.9457371234893799,0.25,77.22910245259604,0.5351308541831322
07261000,0.8944833129644394,1.0315557718276978,0.07329365611076355,3.666846826672554,-17.969169228520418,-8.508507367584656,0.7969499955286097,1.1947407722473145,0.15789473684210525,20.129331789518655,0.9519420224654689
07291000,0.5591822862625122,0.7558548450469971,0.01837797462940216,-9.627394378185272,33.518871811625566,-1041.549844362332,0.6411597250068487,1.0753750801086426,0.3684210526315789,48.39824877287212,0.748051426738014
07292500,0.7241232693195343,0.8789353966712952,-0.01829211600124836,-7.663251459598541,27.554974220497186,-1108.586249528699,0.8024320288563682,0.9515132904052734,0.2631578947368421,50.92192198100843,0.8515900810749129
07299670,0.295599102973938,0.5821901559829712,-0.0014786961255595088,-27.702680230140686,51.89277341830927,-525.5394034656401,0.3822001645448745,0.9925951361656189,0.4666666666666667,89.08658345540364,0.5449651233999305
07301410,0.05680805444717407,0.8157830834388733,0.07496654987335205,8.238840103149414,-42.591204679440025,-5.57250034315886,0.4034452667717989,1.1232739686965942,0.375,45.51025032997131,0.4461541676319374
07301500,0.4421144127845764,0.9029960632324219,0.04579968750476837,-0.9358324110507965,-23.828851845382854,-6.48141834626324,0.6652068456482028,1.105586290359497,0.875,47.016024589538574,0.6974636753370961
07315200,0.2327021360397339,1.1927036046981812,0.12200872600078583,18.90726387500763,34.80499042073977,-695.8417572266917,-0.05597732229870789,1.994002103805542,0.5454545454545454,79.35086163607511,0.7001446289031449
07315700,0.43453437089920044,1.2427232265472412,0.10972268134355545,20.085228979587555,-40.897041092251044,-38.46401719177451,0.3864350697878609,1.5272201299667358,0.7777777777777778,56.8808396657308,0.8010369545906025
07335700,0.37294602394104004,0.9009807109832764,0.08884244412183762,-3.3060476183891296,-38.87983958756354,-30.96445720521678,0.5450131036122052,1.2878440618515015,0.2631578947368421,80.49264205129522,0.6618372398621494
07340300,0.6949726343154907,0.9833296537399292,0.04496249929070473,-1.3396191410720348,-2.6107526052160526,-669.7291907831267,0.8044315496477342,1.1194766759872437,0.16666666666666666,37.12780872980754,0.8460700086929283
07346045,0.8280656039714813,1.0762299299240112,0.14050330221652985,14.33638334274292,-50.13685103819727,84.7064125931127,0.6937324606269992,1.2887279987335205,1.0714285714285714,23.357653617858887,0.931993042968318
07362100,0.6775555610656738,0.855714738368988,0.10153138637542725,-5.796512216329575,-57.05070678571127,82.78546253863931,0.6304671216233135,1.2945536375045776,0.6,49.15342013041178,0.8297811229321164
07375000,0.5521374940872192,0.8411706686019897,-0.01325471606105566,-4.775360599160194,66.4359177140273,-179.58358052958994,0.7009512002789371,0.9661622047424316,0.5294117647058824,58.34448758293601,0.7488856202556764
08013000,0.6881698071956635,1.136277675628662,0.16250580549240112,18.67692768573761,-30.481590466036984,-26.37395144333666,0.5939305715019401,1.364050269126892,1.411764705882353,34.164176267736096,0.8825769297172504
08014500,0.6816174387931824,1.081925392150879,0.10761852562427521,13.334868848323822,19.914291586686435,-147.0897799529893,0.7208309393420165,1.228014588356018,0.9444444444444444,43.647829691569015,0.8613171169667243
08023080,0.686676025390625,0.8530678153038025,0.05318634957075119,-13.878244161605835,-64.00708649419987,77.43190925966901,0.700546415695185,1.1985182762145996,0.6428571428571429,40.506631987435476,0.8306663758664944
08029500,0.5487249493598938,0.6686256527900696,-0.0005707082455046475,-16.47263765335083,53.51940310229906,-53.974412938891035,0.5816512099690377,0.9980789422988892,0.3157894736842105,36.42335189016242,0.7446510981639599
08066200,0.535372257232666,1.1258845329284668,0.05957871302962303,9.977946430444717,-17.421883754836283,-9.20126498666095,0.6552162028120248,1.2528512477874756,0.4,45.66957473754883,0.8022749442658893
08066300,0.5639485418796539,1.1754710674285889,0.16177190840244293,16.685590147972107,-1.9748410831276182,-0.5832832791927043,0.5651461350622139,1.3637388944625854,0.8421052631578947,39.183952933863594,0.8387492480577593
08070000,0.3295243978500366,1.1798064708709717,0.10777969658374786,20.94433754682541,7.6742005884582865,-692.2449395195151,0.5331447656348454,1.339295744895935,0.6470588235294118,41.904443853041705,0.7344781734346827
08079600,0.15724897384643555,0.1415073275566101,-0.07572659105062485,-83.91686081886292,-90.18046801296926,-341.12960817605955,-0.13528705357547355,0.3465465009212494,0.8333333333333334,93.21824179755318,0.6466368016914834
08082700,0.32859092950820923,0.3461887836456299,0.006506029050797224,-32.551419734954834,47.28589099284341,-3014.8100047145094,0.2493677871547495,1.1090497970581055,0.25,75.38672288258871,0.6477390823668306
08086212,0.46291130781173706,1.0232676267623901,0.10398605465888977,18.740712106227875,-82.19094041015293,-185.95696839702813,-0.09752201000010952,2.0667805671691895,0.5,53.02499532699585,0.7431101374329668
08086290,0.5751198828220367,1.055590271949768,0.05396631360054016,0.503968121483922,-63.76141401303329,-239.41317677239869,0.42848906933100817,1.5330743789672852,0.42857142857142855,58.13433102199009,0.8015908973173579
08101000,0.6851871013641357,0.7341561913490295,0.011641273275017738,-23.235072195529938,-31.93685821156173,-9.582888909996154,0.6801618858872382,1.0633058547973633,0.47058823529411764,47.12582756491268,0.8338198044605515
08103900,0.5232454538345337,0.7114526033401489,0.009000941179692745,-27.798503637313843,-78.61333055588027,-83.93304358324538,0.5977385497391303,1.0459340810775757,0.3333333333333333,58.48933537801106,0.7235135908541626
08104900,0.4396909475326538,0.5741389989852905,0.03186256065964699,-9.85223725438118,-4.475619620878506,12.562443395889137,0.42026140680072555,1.2154314517974854,0.25,67.95320510864258,0.6708669967386267
08109700,0.6817570924758911,0.6979690790176392,-0.007432000711560249,-33.61712992191315,77.67693679980766,16.86133837578231,0.655696948214724,0.9702250361442566,0.7333333333333333,52.9359245300293,0.8374104377071193
08150800,0.3310489058494568,0.8895705938339233,0.0013769733486697078,-30.218660831451416,-38.82429771011028,-6.151549673336629,0.6145964468811349,1.0087131261825562,0.2857142857142857,71.11755779811314,0.6308586633244925
08158700,0.6243399977684021,1.1042118072509766,0.10208401083946228,25.668305158615112,-59.06616579214421,-70.19075623190803,0.6269562879885855,1.3202372789382935,0.7142857142857143,60.06386620657784,0.8395331950871516
08158810,0.5504121482372284,0.6240395307540894,0.005730180535465479,-22.200851142406464,-46.88827318355984,-65.02427830691835,0.549619149129194,1.0226727724075317,0.46153846153846156,61.94662680992713,0.7530534839548002
08164000,0.4994455575942993,1.1907055377960205,0.03685053810477257,-0.9390040300786495,12.378790489544441,-132.64083699875053,0.6974800767817071,1.1318243741989136,0.5714285714285714,55.330058506556924,0.8056497075767642
08164300,0.6628560423851013,0.7100872993469238,-0.028429266065359116,-36.48084104061127,-2.7845327376445193,0.8085993985536192,0.6276940053698887,0.8483267426490784,0.5294117647058824,58.12889547909007,0.822355403566229
08164600,0.7135473191738129,0.7614039778709412,0.003609765786677599,-19.53693926334381,13.727467851928129,11.894349868644673,0.7171399417503654,1.0191422700881958,0.3333333333333333,46.354055404663086,0.8492839614604772
08165300,-0.05448567867279053,1.0171667337417603,0.05813083425164223,59.22759771347046,26.535132019865593,27.440695920010818,0.4116271841097343,1.2812039852142334,0.2857142857142857,112.71217209952218,0.4834613350087787
08171300,0.6548910737037659,0.7590758800506592,-0.03548434376716614,-16.534551978111267,-27.0096220366974,-35.71099278541939,0.6648767927245313,0.86280757188797,0.16666666666666666,50.52034060160319,0.8117412149461336
08175000,0.662378579378128,0.8645217418670654,0.04323325678706169,-1.8807006999850273,-4.6543184692240045,-7.887018570716772,0.6723860556045368,1.2351151704788208,0.6666666666666666,42.530625661214195,0.816431498490796
08176900,0.6368108093738556,0.7719453573226929,0.01891857571899891,-13.374575972557068,10.504953178550291,2.336139612903744,0.676369156407298,1.110438346862793,0.8571428571428571,47.89055415562221,0.7986759467424144
08189500,0.7308867871761322,0.9150086045265198,0.03235761821269989,-9.511169791221619,-0.18575955079519563,-13.072909130601332,0.753969675945295,1.1816341876983643,0.3076923076923077,36.445151842557465,0.8574643731936151
08190000,0.5835694968700409,1.085006833076477,-0.028584150597453117,3.4864332526922226,-26.535763491053743,-8.849252501132902,0.7730502521444885,0.9058597087860107,0.3,51.238245964050286,0.8118042722266695
08190500,-2.291581153869629,2.4048943519592285,0.29579105973243713,161.6313338279724,-48.03319270429417,-73.91102188244673,-2.264414016853666,3.9355127811431885,0.125,65.67257046699524,0.7441964718602804
08194200,0.2604256868362427,0.4368716776371002,-0.020913636311888695,-48.30101132392883,29.164491741858466,-43.02402784042579,0.23585656230230345,0.8169516324996948,0.5454545454545454,69.1583980213512,0.5169938084406446
08195000,0.2632572650909424,0.9800397753715515,0.018870508298277855,27.077704668045044,-14.369742121839108,46.75788683101103,0.6168131853607072,1.0737683773040771,0.625,69.1118597984314,0.6245110509534096
08196000,0.08576607704162598,0.8832455277442932,0.0731348991394043,62.203437089920044,-47.024210186605224,22.919102239358452,0.2980795462345045,1.4713988304138184,0.0,141.6886403010442,0.4932023487553098
08198500,0.49756139516830444,0.48189690709114075,0.006636050995439291,-24.330584704875946,-21.01200101917723,-13.054770132389548,0.42073427998642177,1.090493083000183,0.14285714285714285,51.36966364724296,0.7572471185953807
08200000,0.3166912794113159,0.42235246300697327,-0.008754945360124111,-18.221399188041687,-42.264909400611586,-13.089316540827031,0.2849114908107254,0.9198226928710938,0.42857142857142855,65.88033948625836,0.5861805968759003
08202700,0.42228078842163086,0.5394245982170105,0.06356626003980637,23.809657990932465,137963676.45263672,-2532622656250.0,-0.7064211086485153,2.608550548553467,0.5714285714285714,58.27129908970424,0.664875497669885
08267500,0.782984584569931,0.666076123714447,-0.11639507859945297,-30.897927284240723,-5.952088495484258,57.56429037169807,0.6252836045732703,0.8446241021156311,0.625,39.24632370471954,0.9309670208910397
08269000,0.8579514622688293,0.723052978515625,-0.056853797286748886,-26.94641351699829,-12.051786284942823,39.96347373273068,0.7055075718204633,0.9095507860183716,1.125,27.48963236808777,0.9570456377521638
08271000,0.8409875631332397,0.7474772930145264,-0.13473249971866608,-22.852514684200287,5.28036936001144,6.545123428578996,0.6912086126634331,0.829926073551178,0.7777777777777778,34.10453796386719,0.9484319586153304
08324000,0.7222217321395874,1.040655255317688,0.18860456347465515,5.935804545879364,-12.31765525164652,24.228492618117883,0.6780531224300566,1.2977224588394165,1.3846153846153846,42.02476281386156,0.8844219757276421
08377900,0.7217722535133362,1.1722303628921509,0.09614633768796921,20.156188309192657,11.271328349040962,-80.19181711918824,0.7496970504385094,1.1502269506454468,0.36363636363636365,43.58011592518199,0.8979209524094656
08378500,0.7942003160715103,1.2373595237731934,0.09103909879922867,22.06570655107498,37.45326988281451,-825.9093472764686,0.7236399997057885,1.1295418739318848,0.6,38.4622859954834,0.9429543241341195
08380500,0.5416962206363678,0.7626326680183411,0.03592250868678093,-29.031234979629517,-23.756797372936845,-624.3110902739227,0.6401082265492228,1.0646018981933594,1.0,52.05641984939575,0.7373111478283304
09034900,0.9295556843280792,0.9559513330459595,0.01321946270763874,-4.0291376411914825,-17.464262786667476,-1067.0189273104245,0.9385045790573455,1.0237514972686768,0.8,13.805291652679443,0.9642611120209046
09035800,0.8490975797176361,1.1602309942245483,0.12146822363138199,14.789284765720367,-2.3021358369172042,-1591.5305675511217,0.7552188135387246,1.1788219213485718,0.9,20.883102416992188,0.9523914064437139
09035900,0.9506849609315395,0.9307653903961182,-0.06644169986248016,-7.587748765945435,0.7638198925908174,-1797.0966308895918,0.8797417226660698,0.9040603041648865,1.1,13.619816303253174,0.9784547716793613
09047700,0.7465293705463409,1.0141760110855103,0.07361908257007599,6.935823708772659,10.825209530072396,-1074.5914375616244,0.8452373180953325,1.0939120054244995,1.5,33.910250663757324,0.8778072683946482
09065500,0.8972719609737396,0.7753182053565979,-0.07856126129627228,-28.21604609489441,-20.25842984892533,-976.6159114131796,0.7293486325171608,0.8520561456680298,0.4,32.575671672821045,0.9702868742547712
09066000,0.9506901055574417,1.0070674419403076,0.022010331973433495,2.3834282532334328,-8.564430453313818,-1012.5107629320809,0.9504736233018558,1.042620062828064,0.5,11.677813529968262,0.9757834044961158
09066200,0.8228017836809158,0.7722919583320618,-0.0577581413090229,-26.65061056613922,-32.871521179947,-709.7663529119329,0.7341744482653708,0.8878733515739441,0.9,39.68579053878784,0.921007048241554
09066300,0.8740852922201157,0.8680530190467834,0.06164446473121643,-6.3536137342453,-36.00089846027776,-9.506014464755532,0.8067517623318545,1.127661943435669,0.8,27.555346488952637,0.9396899363505259
09081600,0.9446339458227158,0.994316041469574,0.0006614232552237809,-3.192191943526268,0.5161072197067449,-131.09147585620093,0.971583974235477,1.0009710788726807,0.6363636363636364,21.63097858428955,0.9721751883834326
09210500,0.8330892324447632,0.7558519840240479,-0.07778196781873703,-30.012822151184082,-1.4788962479927072,4.044985354550792,0.729366923186691,0.9043557643890381,1.3,36.745402812957764,0.9330209827271302
09223000,0.889948695898056,0.8039920926094055,0.014406413771212101,-23.16194921731949,-24.225595507655378,73.86605621790194,0.7973087048773881,1.026298999786377,0.7,25.74042797088623,0.9555812655619498
09306242,-2.683830738067627,1.8876370191574097,1.135591745376587,63.14854025840759,-3.1871424121220815,-734.8790359439218,-0.8933149713482398,2.6173112392425537,2.0,68.64044401380751,0.5745044555198615
09312600,0.7363226115703583,0.9909701347351074,0.12452075630426407,-4.233831912279129,-63.646093496166664,85.3307866220237,0.6721853542439611,1.3028398752212524,1.25,34.30383503437042,0.874824469318355
09352900,0.8328116834163666,0.8926347494125366,-0.010100421495735645,-15.376849472522736,-13.763816666920237,-33.65922120624068,0.8609817647964191,0.9856365919113159,1.125,44.81934607028961,0.9128652469247358
09378630,0.20770859718322754,1.470855474472046,0.3607475161552429,37.93383240699768,-83.78175151863574,-425.44357704600657,-0.3786002198902989,2.287018299102783,1.0,44.90494728088379,0.8502749646322838
09386900,0.06876027584075928,0.7816510200500488,0.19269458949565887,-5.785460025072098,-88.55728474890667,-245.149174637845,-0.3242831326914739,2.1886520385742188,1.5,75.03480911254883,0.45856129647086197
09404450,0.5692919790744781,1.4267948865890503,0.27266231179237366,43.83434355258942,-37.58780799930823,21.03852405740037,0.44420995393003726,1.3507444858551025,0.5833333333333334,32.49002297719319,0.9389507925184051
09430500,0.5081690847873688,0.7993349432945251,0.05223400890827179,-9.60310846567154,23.248864289085976,-477.14883783558656,0.6299164361575949,1.1336842775344849,0.5,44.431885083516434,0.719244068301724
09430600,0.2685697674751282,0.3855927884578705,-0.010877573862671852,-37.484654784202576,-30.530123202476826,-20.535977830778148,0.2305856530141801,0.9366757869720459,1.0,73.62226486206055,0.5412056454172187
09480000,-0.5570273399353027,1.129217267036438,0.1250499188899994,71.09640836715698,-38.30591249667705,-32.73561093486218,-0.5351068981663376,2.3726186752319336,0.8333333333333334,102.15535163879395,0.32488959487944513
09492400,0.6854178309440613,0.9100292325019836,-0.00010009477409766987,-10.661769658327103,-8.346638769646374,-81.94117513170819,0.8090775688686914,0.9998839497566223,1.25,44.42371129989624,0.8316057535506389
09494000,0.5607840716838837,0.9781085252761841,0.06307224184274673,0.7327561732381582,-25.627784538559258,63.21684820183051,0.7570787902818742,1.095597267150879,0.9333333333333333,50.66534678141276,0.777755450058685
09497980,0.8250549584627151,0.8809372186660767,0.03277195245027542,-4.419460520148277,72.20727990641564,-1230.290173416954,0.7462852910898279,1.2048895359039307,0.25,45.185595750808716,0.909360683500615
09505350,0.38068556785583496,1.168254017829895,0.12475118786096573,20.31320482492447,-85.26208813173906,-23666.812917133982,0.3216613928331046,1.6092442274093628,0.8888888888888888,52.73298687405057,0.7537169863234786
09505800,0.40122973918914795,1.1690726280212402,0.09142980724573135,25.20558536052704,238.66980980436588,-3913.9026516247704,0.5058794420335067,1.3972805738449097,0.3333333333333333,58.81359312269423,0.7597132589913265
09508300,0.5887153148651123,0.5707040429115295,-0.004164384212344885,-35.91478765010834,-84.48194869830684,-116.0457886596766,0.5258625675049324,0.9688743352890015,0.5555555555555556,64.42643271552193,0.8011470917567273
09510200,0.7708647847175598,0.7019202709197998,-0.020603472366929054,-34.06015932559967,-83.57049487972974,-139.99946133079604,0.6480639984846444,0.8416268229484558,0.18181818181818182,66.46717244928534,0.9003738936588852
09512280,0.3820277452468872,0.6632947325706482,0.019280634820461273,-8.260220289230347,16.642704727508402,-257.1923774195157,0.42622420437638997,1.2671629190444946,0.5555555555555556,82.98810323079428,0.6199050102718267
09513780,0.4390919804573059,0.5834468603134155,0.006645912304520607,-16.177546977996826,10.954904720603826,-340.28048986301246,0.46164759750526063,1.0782158374786377,0.5555555555555556,60.60985989040799,0.6680526037809273
10172700,0.2801054120063782,1.4863024950027466,0.25932225584983826,47.6003497838974,3.6423793549340755,68.10001382883767,0.4538297458768844,1.205457091331482,1.125,29.053503274917603,0.8600028090831129
10172800,0.8448289185762405,0.9155493378639221,0.005321524105966091,-3.3251505345106125,-3.658986053351959,3.185007418400132,0.8829529990371958,1.005858302116394,2.0,34.95048761367798,0.9191682834805683
10205030,0.7186196148395538,0.8582231402397156,0.2404526025056839,-21.784506738185883,-13.947653371014024,70.70306659889134,0.6549115397317016,1.2914350032806396,1.5,28.493394851684574,0.8814630593035605
10234500,0.8229238986968994,0.7744156718254089,0.0009796257363632321,-26.73289179801941,-12.82259085369058,-9.584235845933664,0.7601498241236354,1.0014429092407227,0.8888888888888888,19.920306735568577,0.9185276994134542
10242000,0.7628634572029114,0.9002878665924072,0.03974418714642525,-10.07363647222519,6.835362361253969,-173.94494696357538,0.8157464336135136,1.091139793395996,1.2,49.68625068664551,0.874698742076622
10244950,0.6730396747589111,0.9793147444725037,0.11978194117546082,-11.08582466840744,-21.556509322598107,53.399220731443855,0.7937395854998733,1.1292691230773926,0.8333333333333334,38.6257251103719,0.8406106257860074
10249300,0.6824682652950287,0.6426665186882019,-0.0747852474451065,-34.149253368377686,-13.648590364597379,-601.7295757438908,0.5858859430243656,0.8475067615509033,1.7142857142857142,48.73956612178257,0.8566506102359804
10258500,-0.2845187187194824,1.822521686553955,0.2568306028842926,107.06486701965332,-85.28408864935875,-2473196679687.5,-1.3243997937113394,3.168912410736084,0.42857142857142855,236.8596758161272,0.8513008718628678
10259000,0.6732225716114044,0.8178464770317078,0.15889321267604828,20.271526277065277,29.58933926282067,76.51105430772141,0.46365755886428306,1.4770407676696777,0.25,38.42949867248535,0.8359408209980789
10259200,0.4431310296058655,1.0633755922317505,0.09470392018556595,38.400936126708984,-78.5973526307838,-403.0412225658739,0.10628525371528996,1.8539961576461792,0.8888888888888888,104.50139575534396,0.7442654799179806
10263500,0.5484680831432343,0.4283507168292999,-0.13535475730895996,-51.466238498687744,-32.64869914725249,-1.4432921360568214,0.29063607039989114,0.5987754464149475,0.5714285714285714,53.14679827008929,0.8757698133761032
10316500,0.8395281136035919,0.9716345071792603,0.059560518711805344,-5.169235169887543,-39.02280559298525,37.84569561663649,0.8525206491040943,1.1203795671463013,0.5,30.13103485107422,0.9196612324504329
10329500,0.6322957873344421,1.0560169219970703,0.13327239453792572,-2.807432785630226,12.91938387269926,-803.4801480590693,0.7022829024970447,1.2419391870498657,0.8,44.932637214660645,0.8357958454690979
10336645,0.8898131996393204,0.941643238067627,-0.006438907701522112,-5.257827788591385,7.497028037037206,-699.496152344855,0.9175301005413519,0.9864559173583984,0.8181818181818182,28.92019098455256,0.9433225752271213
10336660,0.911119244992733,0.9183182120323181,0.019259048625826836,-6.518884748220444,-11.722173483452455,-454.9948257455311,0.899944657087517,1.036792516708374,0.7272727272727273,29.234127564863726,0.9554414107718698
10343500,0.8160376101732254,1.1559847593307495,0.1532205194234848,7.214570045471191,6.806053364850033,-1770.155065569134,0.6730519737508251,1.28123939037323,0.45454545454545453,21.421072699806906,0.9411088119728149
10396000,0.7267133295536041,1.1408796310424805,0.1761537343263626,6.655341386795044,10.928761802290172,-30.68029130128912,0.7030678542207784,1.2425297498703003,0.5,30.906738553728374,0.9025271874713929
11098000,0.8208789229393005,0.6736913919448853,-0.02269737236201763,-29.178357124328613,-48.546175938031226,78.25626368909329,0.638228768240893,0.8532505631446838,0.25,50.46238899230957,0.9464675871991316
11124500,0.7159680128097534,0.8844648003578186,0.09039752185344696,6.580072641372681,-62.68462731708438,63.50303645341347,0.48680236884229555,1.4774938821792603,0.0,72.4290132522583,0.8515984543513806
11141280,0.5773018002510071,0.8935797810554504,0.07345900684595108,-3.0253665521740913,35.887766962699516,-18.126661899992662,0.6774264760528058,1.202793836593628,0.4,53.16309928894043,0.7728368973817664
11143000,0.7306870520114899,1.010478138923645,0.03530769795179367,-3.5968180745840073,26.59179140499253,-7.04705758412426,0.8518708835307629,1.0652120113372803,0.4166666666666667,42.53810246785481,0.8674110210914948
11148900,0.698619544506073,0.888365626335144,0.023793328553438187,-8.864445239305496,-83.8071811375049,-115.06284202124372,0.7842058488858739,1.088123083114624,0.18181818181818182,37.45099847966974,0.8377064249765422
11151300,0.43253493309020996,0.6780650019645691,0.03312423825263977,-23.050424456596375,356.6814492471757,42.47840368247158,0.4853869976910863,1.2115651369094849,0.3,64.11299705505371,0.6587895194607996
11162500,0.856147974729538,0.9116886258125305,0.017106883227825165,-8.441881835460663,12.504724886016033,-468.19827423311864,0.8745207988413678,1.0490154027938843,0.15384615384615385,34.35977055476262,0.9255445005289569
11176400,0.3544551730155945,1.1473006010055542,0.11051620543003082,7.105229049921036,-80.85670433875066,-149.41687967734143,0.436576921781737,1.474022626876831,0.1,41.21427536010742,0.7334467272361225
11180500,0.7283025681972504,0.7937434911727905,-0.022089840844273567,-16.812710464000702,-78.62254392666769,-588.6609427775059,0.7348684264150622,0.9163078665733337,0.4166666666666667,52.940658728281655,0.8559561501468055
11180960,0.6589331924915314,0.7903659343719482,0.03267059475183487,-9.222915023565292,-48.504409712037265,-73.50475701353854,0.6908583630015468,1.1286277770996094,0.6153846153846154,44.48670240548941,0.8127114386494724
11224500,-0.5611745119094849,1.6022658348083496,0.2695266902446747,99.54296350479126,-72.86520698022188,-661.1744521089383,-1.0645962927930617,2.943298816680908,0.3333333333333333,52.99449496799045,0.6486832974024195
11230500,0.7926379442214966,1.086682677268982,0.06110837310552597,1.8861744552850723,8.642191380830313,-600.9344597010061,0.8410318839360674,1.098054051399231,0.8333333333333334,28.403035799662273,0.9097648716375134
11237500,0.8354749828577042,1.0112526416778564,0.008726141415536404,1.087160874158144,-40.76879429089478,-11.664432075564125,0.9157856447730548,1.0190887451171875,0.6666666666666666,26.0390043258667,0.9187531201127641
11253310,0.4681558609008789,0.7246417999267578,0.07540064305067062,-8.036287873983383,-79.18704124925112,-485.79183268912516,0.31985841562875905,1.5387178659439087,0.125,58.28251838684082,0.6892694135488316
11264500,0.909389540553093,0.957277774810791,0.0031123722437769175,-6.585303694009781,-21.674779568147844,-391.87435346861264,0.9367328111699725,1.0052427053451538,0.8333333333333334,24.77103670438131,0.9536312314375207
11266500,0.9142703041434288,0.9647789597511292,0.003601123346015811,-1.2984052300453186,-33.56421792476379,-22.642657333950606,0.9435015216622724,1.0059043169021606,0.5384615384615384,25.27579894432655,0.9562199198243659
11274500,0.6323699653148651,0.830900251865387,0.046089962124824524,-20.698778331279755,-61.3261616617644,-1498761914062.5,0.6249082252222942,1.266451120376587,0.4444444444444444,47.900406519571945,0.7972614611457378
11274630,-0.21224045753479004,1.4749164581298828,0.1964827924966812,33.37444067001343,9.932655864964296,-118.71734890631605,0.014564088595894198,1.8013972043991089,0.3333333333333333,62.19674746195475,0.6785955599816629
11284400,0.7736967504024506,0.8729633092880249,0.10147428512573242,-5.535174906253815,-78.48600708598875,-157.85400857368307,0.4836107520764543,1.487252116203308,0.16666666666666666,43.83922417958577,0.885523321853781
11381500,0.7865030020475388,0.815994143486023,-0.16333895921707153,-18.16371977329254,20.920410141246354,-41.33756164253269,0.720210687627562,0.8112159967422485,0.26666666666666666,41.57850583394369,0.9062743140842563
11383500,0.8860303908586502,0.9090575575828552,-0.002671613823622465,-7.740107178688049,1.4400107940177083,-31.612885113271737,0.8919909332516216,0.9959976077079773,0.15384615384615385,29.38116146967961,0.9418672938613664
11451100,0.6817715466022491,1.0943207740783691,0.16545544564723969,3.4736115485429764,-8.113129443177806,67.03369691387829,0.525593742521782,1.4467308521270752,0.0,32.038145798903244,0.8711728504174537
11468500,0.9060375094413757,0.9462116956710815,0.020394107326865196,-6.522657722234726,-14.287053664087226,39.16139260976353,0.9105267810447948,1.0530805587768555,0.5384615384615384,24.437260627746582,0.9520966649640911
11473900,0.8269191831350327,0.7836552262306213,-0.03827715292572975,-20.507751405239105,-39.82543689126031,45.02804174931335,0.7566878237015189,0.9221910238265991,0.07692307692307693,32.33208289513222,0.9203663562014981
11475560,0.764604777097702,0.6836718916893005,-0.11917980760335922,-34.6249520778656,2.9573141351656083,7.143878228701739,0.5788586029966222,0.7364680767059326,0.25,43.10234785079956,0.9114137168210514
11476600,0.7602484077215195,0.8510823845863342,-0.04538271948695183,-14.964336156845093,-21.946811879192257,57.71190211524804,0.7831934445760413,0.906203031539917,0.3333333333333333,35.72666645050049,0.8733873821374514
11478500,0.7491881847381592,0.6466743350028992,-0.12237723171710968,-35.75991988182068,-26.796047965533198,57.08286592385815,0.5556574861618621,0.7445866465568542,0.25,40.02037445704143,0.9141788898855356
11480390,0.7220956385135651,0.717517614364624,-0.0789581909775734,-25.980326533317566,-54.716395162516264,90.38805755285975,0.6335696438609311,0.808695375919342,0.15384615384615385,38.423618903526894,0.8662934238292304
11481200,0.7648307681083679,0.7119982838630676,-0.09206904470920563,-34.11175608634949,-17.761107929319365,39.462233724097175,0.6454727178529589,0.8195716142654419,0.16666666666666666,54.69075838724772,0.8990534650918068
11482500,0.7690880596637726,0.6868590712547302,-0.16078348457813263,-33.44370424747467,-24.656116521736827,69.07114180676105,0.5740234415150774,0.7219147086143494,0.375,42.380982637405396,0.9221067535779492
11522500,0.7168269157409668,0.7629004716873169,-0.10615411400794983,-18.390926718711853,-16.71911912896605,23.220445132325914,0.6876381485078067,0.8538120985031128,0.75,44.559407234191895,0.8586393357490473
11523200,0.8453768640756607,0.9197118878364563,0.011729041114449501,-9.088025987148285,-4.610767586083489,1.5629291090342006,0.8851316151281234,1.0164715051651,0.5,35.846030712127686,0.9195186083253784
11528700,0.8427502363920212,0.8751143217086792,-0.08754666149616241,-7.9730115830898285,-22.41934754339072,53.42955932542357,0.784624911556998,0.8421097993850708,0.23076923076923078,30.5934869326078,0.9234449176780204
11532500,0.9199132025241852,0.9674912095069885,0.02043769881129265,-4.713873192667961,-6.886499205242645,-8.145739663496789,0.9382257469672586,1.033297061920166,0.375,19.023659825325012,0.9593731302470978
12010000,0.8833907544612885,0.912797212600708,0.05582347884774208,-11.164802312850952,0.11327399219669128,-17.31058480783999,0.8627013793151725,1.0887824296951294,0.35294117647058826,26.832401051240808,0.9419977130694019
12013500,0.8804074674844742,0.8608567118644714,-0.04399954900145531,-13.299384713172913,-20.69599612413712,29.279027349210406,0.8339167130023013,0.9295490980148315,0.11764705882352941,28.250099630916818,0.942908196768105
12020000,0.5291677415370941,0.5703932642936707,0.03199959173798561,-30.760031938552856,-29.21020655860127,29.479373256286358,0.49696621743609604,1.0771962404251099,0.5714285714285714,37.44842665536063,0.7499564447930527
12025700,0.8345154374837875,0.7282730937004089,-0.10482827574014664,-27.72093415260315,-3.3754882725699717,-18.40929594865913,0.6814982862143766,0.8433438539505005,0.16666666666666666,35.836312505933975,0.9446223692981519
12035000,0.9228414818644524,0.9432977437973022,-0.09744135290384293,-6.804363429546356,18.599036514382668,-50.31694367276776,0.8497135622006019,0.8650782704353333,0.11764705882352941,23.525057119481705,0.9658386999773879
12040500,0.847889319062233,0.8327125310897827,-0.11186922341585159,-15.869005024433136,-8.785445190537681,1.8348697978000668,0.760525347080323,0.8422920107841492,0.3181818181818182,38.498301939530805,0.9329835671338296
12041200,0.7680672407150269,0.7933767437934875,-0.1774858683347702,-20.783083140850067,-15.362598493106605,0.9168270902847341,0.6932282248659933,0.7962023019790649,0.2608695652173913,36.34631944739301,0.9005904919293171
12048000,0.7244897484779358,0.7752702236175537,-0.08409817516803741,-19.20606940984726,-21.65728274480057,-8.72350981866704,0.724309173837403,0.9241936206817627,0.6842105263157895,29.25738535429302,0.8594462661756349
12054000,0.7477740049362183,0.7342495322227478,-0.13941791653633118,-28.854918479919434,-11.405872494861578,-11.009129825224507,0.6651395009760009,0.8287878036499023,0.09523809523809523,44.88446371895926,0.8895707171817686
12056500,0.7385230660438538,0.7171590328216553,-0.16196373105049133,-28.213781118392944,-0.06021381229622909,-41.06111183476683,0.6288636513269215,0.7854585647583008,0.2857142857142857,44.18128785632906,0.891763457388758
12073500,0.7219008207321167,1.151209831237793,0.03642365708947182,11.192114651203156,58.571323479928594,-47.851877893856916,0.8056211949808374,1.0525099039077759,0.4,29.268226623535153,0.8897211862173339
12082500,0.7914862632751465,0.9428107738494873,-0.014350133016705513,-9.95500311255455,-12.915746075420412,32.54525104084389,0.8764563143314915,0.987013041973114,0.35,27.94588327407837,0.8912628232752356
12092000,0.7162220776081085,0.8399380445480347,-0.11304089426994324,-18.280816078186035,-31.05778224609232,22.506227848287672,0.7645151529703337,0.9078220129013062,0.48,33.840885162353516,0.8539298035466801
12114500,0.8011200875043869,1.0079606771469116,-0.011646525003015995,4.824989289045334,-11.36198520127766,-38.38242539931133,0.9002354432421296,0.9867209792137146,0.38095238095238093,25.868656521751767,0.9014441173170551
12115000,0.8030189573764801,0.9934629797935486,0.02380305528640747,2.9448455199599266,-10.531353808721994,-33.41548978712892,0.8968649348673992,1.028746485710144,0.4,25.674617290496826,0.9011680791138675
12115500,0.8399020284414291,0.9017043709754944,0.03922133520245552,-1.2087557464838028,-20.216854078882093,7.026031038706133,0.8602497553357367,1.0552376508712769,0.14285714285714285,25.139286404564267,0.9174354669084773
12117000,0.8534045368432999,1.0773413181304932,-0.01407815981656313,4.415583983063698,-2.258720429161567,-36.51196566557022,0.8980684110618354,0.9872897863388062,0.25,24.142189025878906,0.9348323715178801
12145500,0.9157209396362305,0.9703747034072876,0.038950446993112564,-4.417092725634575,-14.876437338936904,-19.18269920191219,0.9225020697249532,1.0578627586364746,0.19047619047619047,21.66524841671898,0.957807913518209
12147500,0.7877767235040665,1.0815699100494385,0.08009209483861923,10.349099338054657,-1.8670870265699728,-7.480765786436009,0.848586887999,1.0882941484451294,0.16,27.60227394104004,0.907932505135073
12147600,0.7332665026187897,0.7619602680206299,0.08441714197397232,-23.521749675273895,-30.94858020974356,18.537045907085137,0.6911628834118463,1.1448534727096558,0.36363636363636365,38.533228093927555,0.8668274727069148
12167000,0.816492572426796,1.0651613473892212,0.05618656799197197,6.03969432413578,1.5160276105261692,-47.40391316031133,0.8754058836727989,1.0666639804840088,0.2727272727272727,21.989269690080125,0.9173343702872527
12175500,0.7896688729524612,1.0632264614105225,0.05606392025947571,11.829976737499237,-11.022869315610004,-2.4027866418615753,0.873900643024639,1.0526589155197144,0.5238095238095238,29.040420623052686,0.9044463447931433
12178100,0.8042668104171753,0.9923007488250732,0.057209063321352005,-2.0538048818707466,-12.524941035393988,-0.5076115467693992,0.8858230188050775,1.0598196983337402,0.625,24.265170097351074,0.9030530647344054
12186000,0.7005971074104309,0.8668848276138306,0.04083171859383583,-5.420782044529915,-11.481444277009413,7.323147435621055,0.7847817147097003,1.0501471757888794,0.47619047619047616,24.36174438113258,0.8384929662079807
12189500,0.8200788348913193,1.012786626815796,0.018746230751276016,1.5606717206537724,-12.665336370432959,-18.525279900216756,0.9088600992879422,1.0172693729400635,0.43478260869565216,27.371817049772844,0.9114293929413695
12358500,0.9324952438473701,0.9836727976799011,0.007187134586274624,-4.5060425996780396,-6.373304788263494,33.06246945976824,0.9608739984387143,1.0098987817764282,0.38461538461538464,24.33749895829421,0.9658491496165185
12390700,0.8544414192438126,0.9164503216743469,0.06799004971981049,-9.58535224199295,-16.884983384929658,19.738305811744755,0.8552221391737754,1.0929453372955322,0.6666666666666666,23.713131745656334,0.9269161815986787
12411000,0.79422427713871,0.7979520559310913,-0.01454962883144617,-27.269965410232544,4.320338285865122,-8.723766983088415,0.7720151032822492,0.9776864647865295,0.2857142857142857,31.1312130519322,0.8967728350907191
12414500,0.9014977142214775,0.9676592946052551,0.04896051436662674,-10.324680805206299,2.3839023731767672,15.949790767242447,0.9137615728906525,1.0630757808685303,0.5333333333333333,21.591110229492188,0.9508818673737518
12447390,0.7675024569034576,0.9410821199417114,-0.0207954291254282,-6.985847651958466,-17.14532437873914,-759.862646463608,0.8599784018484609,0.9627979397773743,1.1666666666666667,39.495770136515304,0.8785473834224212
12451000,0.8915426731109619,0.9090983271598816,0.026565248146653175,-4.902063310146332,-13.41668921815167,24.129808263961642,0.8895899215326866,1.030548095703125,0.5555555555555556,21.345304118262398,0.9452817658276593
12488500,0.8393586724996567,0.862493634223938,-0.011843684129416943,-14.461176097393036,-11.819605407808616,26.940153120937527,0.8392632224154702,0.9861940145492554,0.5555555555555556,27.94315285152859,0.9179164705616757
13011500,0.8880751803517342,0.8500075340270996,0.005928809754550457,-14.041110873222351,-19.351380279514416,52.31755051834176,0.8406471762307449,1.0114284753799438,0.8,32.870001792907715,0.9474169937613528
13011900,0.865157887339592,0.8816710114479065,-0.05468999966979027,-12.626364827156067,12.245251380855924,28.390551885121518,0.8419770721522933,0.9193597435951233,0.9,25.483112335205078,0.9331670347750769
13018300,0.8673306107521057,0.9497470855712891,-0.000960682868026197,-10.405463725328445,-14.005947224218424,24.729186861032435,0.9150237192517325,0.9988330602645874,0.9,25.570914745330807,0.9314853947476676
13023000,0.9375046566128731,1.1035996675491333,-0.005147311836481094,7.8545354306697845,13.802632313371896,15.581160309637038,0.8936393707483932,0.9944976568222046,0.6,13.440750837326048,0.9765603635254173
13083000,0.6186631321907043,1.1351145505905151,0.15838564932346344,-0.46724649146199226,9.569788302187229,74.63906720802497,0.7801445338575228,1.0889651775360107,1.1333333333333333,32.74913469950358,0.8511185659746819
13161500,0.8792708069086075,0.8958893418312073,0.11627234518527985,-13.021084666252136,-37.89234602017248,-24.685591916261426,0.7610921564821184,1.2081948518753052,0.45454545454545453,16.12575054168701,0.9462149444302123
13235000,0.8895589858293533,1.0900059938430786,-0.10231482982635498,7.003037631511688,62.59129113850332,-105.27348820958544,0.8471153967586663,0.8838250637054443,0.6363636363636364,29.901396144520152,0.9578573000682722
13240000,0.8548531085252762,0.8195431232452393,-0.01269039697945118,-23.83410483598709,1.5071289083434711,28.999098979575027,0.8054637943037358,0.9760130047798157,0.5,36.16034984588623,0.9314122823027099
13313000,0.8992583602666855,0.8875330090522766,-0.03282374143600464,-13.326840102672577,11.856385054321432,-1453.5554137118202,0.8648312939325985,0.9432663917541504,0.45454545454545453,30.50551414489746,0.950979058123015
13331500,0.9313275963068008,0.8967759609222412,0.008442015387117863,-12.535011768341064,-4.805431244546036,43.49973305963264,0.8911808377797494,1.0119417905807495,0.25,23.43856692314148,0.9676920836246585
13337000,0.9177017286419868,0.8862138390541077,-0.005845864303410053,-14.855694770812988,-1.3520456273551353,34.102036035436,0.8794108570326221,0.9919387102127075,0.38461538461538464,23.691588181715744,0.9608916046638643
13338500,0.8817682936787605,0.9790327548980713,0.09588921070098877,-12.497945129871368,0.3014403295734609,57.622644232746744,0.8623658161204982,1.1242077350616455,0.6153846153846154,22.792577743530273,0.9445384659798503
13340000,0.9246054366230965,0.8961895108222961,0.02018090710043907,-15.589326620101929,-3.810667969528745,10.648118474656027,0.8871951490298265,1.0257863998413086,0.46153846153846156,20.162598903362568,0.9641757299821332
13340600,0.9050365015864372,0.9808936715126038,-0.022972123697400093,-6.16493932902813,16.40110554670523,32.57233628199105,0.9420036631384445,0.9735581278800964,0.2,20.136178334554035,0.9520484546663468
14020000,0.7898356020450592,0.8526126146316528,0.03044521063566208,-23.70450794696808,-7.392461380595209,-42.784749666843055,0.8123348632116774,1.0374559164047241,0.25,33.34276080131531,0.8900353851171
14137000,0.7437780201435089,1.1681567430496216,-0.011611600406467915,16.242913901805878,39.70698961561592,-61.47656072807808,0.8053104387608683,0.9890716671943665,0.42105263157894735,29.03555568895842,0.9024915051674035
14138800,0.7860478460788727,0.9867770075798035,0.08811945468187332,1.7130479216575623,-18.33231006866522,34.9919566563627,0.8311943024673889,1.1319999694824219,0.47368421052631576,26.5572422429135,0.8956135830312847
14138870,0.8445142954587936,1.0249863862991333,0.11213883757591248,3.723057731986046,-13.287700223818016,-2.4824890846975562,0.8373437623464128,1.1449660062789917,0.3,15.916210412979126,0.9305911448671711
14138900,0.823920875787735,0.9227446913719177,-0.04854527488350868,-9.308051317930222,2.9798071129230475,-84.1799095954555,0.8655290103924249,0.9379408359527588,0.15,23.389639854431152,0.909100470339072
14139800,0.8457774370908737,0.9443700909614563,-0.0011491123586893082,-1.5614530071616173,-7.349143174421564,-10.015445398299388,0.9025360187660497,0.9985087513923645,0.19047619047619047,25.27541887192499,0.919985519835936
14141500,0.7922344952821732,1.0372782945632935,0.016423704102635384,7.409969717264175,-6.037829538439489,-32.75750173585158,0.8921164832280803,1.0194644927978516,0.25,32.18468904495239,0.9006505386745767
14154500,0.9065752401947975,0.9903380274772644,0.03965527191758156,-0.656683137640357,-13.94526625149972,37.55110015064959,0.9230091431320909,1.0607292652130127,0.3684210526315789,22.463670529817282,0.953672959570977
14158500,0.6091484427452087,0.9248983860015869,-0.0904434472322464,-3.680169954895973,-0.07770606140586568,-51.58732474601654,0.7775235430563432,0.9519201517105103,0.7777777777777778,25.44465594821506,0.7961769157884814
14158790,0.7726142406463623,0.9598145484924316,0.05330272763967514,-6.850560009479523,-19.617119052839872,-7.665359084564108,0.8568468969077021,1.0734260082244873,0.6470588235294118,32.7203161576215,0.8838683431259828
14166500,0.8522952795028687,0.9577906131744385,0.10506579279899597,-7.21009224653244,-15.278295097360422,45.80368317195869,0.8036403691376243,1.1783740520477295,0.4,41.68578783671062,0.9295857269277567
14182500,0.8063500821590424,0.8926647305488586,-0.06473980098962784,-12.077763676643372,1.0599334309325814,21.718067829333226,0.8301177532088817,0.9139437675476074,0.5789473684210527,32.08856331674676,0.900333342773277
14185000,0.856162041425705,1.089013695716858,0.02551945112645626,6.505796313285828,-3.791447504654938,10.939367325143785,0.8866144082054941,1.0328024625778198,0.2222222222222222,26.030945777893066,0.9378964344803964
14185900,0.8773962333798409,0.9575954079627991,-0.005493808072060347,-4.598872363567352,-14.238787979823641,12.841066453932646,0.9236330890880647,0.9924526810646057,0.5555555555555556,23.96639453040229,0.9369381761025146
14222500,0.8586500436067581,1.1068514585494995,0.030147641897201538,14.110630750656128,-9.889829999203426,-7.748854744161301,0.8726616863002018,1.0374268293380737,0.4444444444444444,23.90231556362576,0.9417158307303647
14236200,0.883560411632061,0.9422544240951538,-0.04452165961265564,-6.380295008420944,2.4124578240944157,-24.772601258274747,0.8980058183671843,0.9400732517242432,0.2631578947368421,24.483116049515573,0.9410335146760508
14301000,0.9259525313973427,0.8701459169387817,0.0053693619556725025,-12.205882370471954,-19.560639514110065,47.307500260929764,0.8658056957351604,1.0082073211669922,0.6,19.136921564737953,0.9671569141413843
14305500,0.8836372718214989,1.0027050971984863,0.02467721328139305,-3.36315855383873,14.535287289994226,4.399166334847833,0.931888240639622,1.0360642671585083,0.2,23.05047671000163,0.9422829068071465
14306500,0.8464727252721786,1.0824257135391235,0.06245109438896179,6.2701791524887085,-1.7992276687925852,30.342884957394904,0.8605139783599983,1.091154932975769,0.25,43.91389787197113,0.9340217446827789
14309500,0.838758111000061,0.8359419703483582,0.042112722992897034,-17.399941384792328,-34.97514680146349,52.305367079142094,0.7993670040144172,1.0839799642562866,0.2857142857142857,34.051196915762766,0.9207161580870052
14316700,0.906861700117588,0.9654341340065002,-0.0038094951305538416,-1.174075249582529,-9.518248091055822,6.489066439870694,0.9408774466386007,0.994173526763916,0.1111111111111111,22.064024872250027,0.9523898179616994
14325000,0.8195166289806366,0.8261353969573975,-0.03280125930905342,-17.089509963989258,-32.306100475400235,29.394182244939078,0.7959158510761828,0.9428187012672424,0.25,29.537805914878845,0.9097130201743785
14400000,0.895147055387497,0.8994925022125244,-0.015722068026661873,-15.759806334972382,-2.066141642878209,3.6385673775274774,0.8835811990266759,0.973694384098053,0.375,26.216211915016174,0.947468155556974
