basin,NSE,Alpha-NSE,Beta-NSE,FHV,FMS,FLV,KGE,Beta-KGE,Peak-Timing,Peak-MAPE,Pearson-r
01013500,0.8859778866171837,0.9572221636772156,0.0009498301078565419,-4.590915143489838,-14.752350884481439,-586.8175667276536,0.9274365695431355,1.001118779182434,1.1764705882352942,16.60912036895752,0.941397470256394
01022500,0.874848335981369,0.9833341240882874,-0.06845469772815704,3.3685673028230667,0.6359857231786445,16.688656995571773,0.894051669714513,0.9150731563568115,0.5,23.368432305075906,0.9388875749197968
01030500,0.8845217302441597,0.9711442589759827,0.05464610084891319,3.9179451763629913,-24.71640228839108,41.810563129091776,0.9053444619330735,1.0694411993026733,0.9523809523809523,20.615103131248837,0.9425114190808243
01031500,0.8892885446548462,0.8786231875419617,0.03856949135661125,-13.946150243282318,-12.578864931714762,37.54902232795917,0.8527650162086107,1.0636736154556274,0.09090909090909091,19.998799670826305,0.9462275112684401
01047000,0.8495277911424637,0.8653756380081177,-0.03411206230521202,-12.356425076723099,-5.707887558759383,18.189249368325484,0.836763319066042,0.947299063205719,0.045454545454545456,24.459509416060012,0.9242035197280332
01052500,0.8340478986501694,0.8826002478599548,0.0029192757792770863,-12.873812019824982,-4.61680321584028,-439.35492060144804,0.8542783975149022,1.0046459436416626,0.43478260869565216,28.934317049772844,0.9137996587248094
01054200,0.6559893786907196,0.8117815256118774,-0.013751188293099403,-22.96643704175949,-4.880571876189308,-29.158907562175717,0.7315113724122624,0.975936233997345,0.34782608695652173,45.73387892349906,0.8100503113750277
01055000,0.7641006112098694,0.8607162237167358,-0.015933966264128685,-16.706866025924683,-5.871228559036991,-2.4632363665451824,0.8105769879559966,0.9735265374183655,0.043478260869565216,37.49713483064071,0.8743804834628192
01057000,0.8061395734548569,0.9835489392280579,0.04174076020717621,-0.22213286720216274,-15.546780290901149,57.65958582979543,0.8827909477918523,1.0628933906555176,0.2857142857142857,29.15725935073126,0.9024718198115917
01073000,0.904364176094532,0.9934597015380859,0.04575103521347046,0.09423502488061786,-16.41741750888179,50.95919262447175,0.9032622349420962,1.0842673778533936,0.15789473684210525,20.229721069335938,0.9529422831605625
01078000,0.8583336025476456,1.028784155845642,0.09495461732149124,7.101038843393326,-11.450833549979809,39.75475148821604,0.8453255174525611,1.1378083229064941,0.5714285714285714,31.434476943243116,0.935933362338334
01118300,0.8653257638216019,0.9006096124649048,0.011151409707963467,-5.913290753960609,-27.06170615634056,69.05178674066565,0.8777988055268416,1.0162469148635864,0.10526315789473684,18.27296583276046,0.9307849687300105
01121000,0.7713138461112976,0.7701470851898193,0.0011016272474080324,-23.301996290683746,-8.334517103029693,72.39083024130244,0.7433489877197557,1.001733660697937,0.35,36.651952266693115,0.885831816698686
01123000,0.8458366543054581,0.8888524174690247,0.07863997668027878,-11.556922644376755,-10.917123199957093,7.993205554416026,0.8214037929127715,1.1171422004699707,0.10526315789473684,28.11716983192845,0.9237076350312993
01134500,0.7941257357597351,0.9622938632965088,0.03694130480289459,-3.609040006995201,-4.533031601432415,13.547140589463833,0.8773258557566989,1.0499212741851807,0.3333333333333333,33.352478345235184,0.894477209549539
01137500,0.7567283809185028,0.8874915242195129,-0.08607680350542068,-14.317312836647034,6.8955714959372205,30.795039977520467,0.7991384525849901,0.8910315632820129,0.08333333333333333,37.75839010874431,0.8742499148837588
01139000,0.8296460956335068,0.9468426704406738,-0.02754613757133484,-7.794252038002014,-0.887559062987525,34.98490751498423,0.8926811612689253,0.9694058895111084,0.047619047619047616,25.03292901175363,0.9119339346620896
01139800,0.7100705206394196,1.0337735414505005,0.08730679750442505,1.6887499019503593,-9.226069634834696,35.835972577857575,0.8337297072751845,1.0895086526870728,0.6,47.801368713378906,0.8640097090420343
01142500,0.786340594291687,0.9570059776306152,0.08004980534315109,-8.385644108057022,-0.173649730945084,34.098759593340176,0.8516205539657752,1.093012809753418,0.46153846153846156,34.38414426950308,0.8926846177489045
01144000,0.8343511372804642,0.9857118725776672,0.014205620624125004,-0.849449448287487,-7.7346012265306605,23.468833350807238,0.9133469806585149,1.0167020559310913,0.16666666666666666,26.007330417633057,0.9161809299536575
01162500,0.809246614575386,0.959418535232544,0.029662398621439934,-2.3094795644283295,-18.732493008046823,50.481682807124415,0.8871188231490752,1.0383776426315308,0.47619047619047616,26.366619836716428,0.9019058546567432
01169000,0.7220640480518341,0.7489535808563232,-0.056573230773210526,-26.083549857139587,6.208794908601716,-93.38279267507554,0.699127935649972,0.9132631421089172,0.2727272727272727,45.351700349287555,0.8586620644534281
01170100,0.7327818274497986,0.8566469550132751,-0.07236675173044205,-15.270496904850006,0.7495517115798445,8.077040631487032,0.7778461234665258,0.9054228663444519,0.36363636363636365,41.89571900801225,0.8590836590689898
01181000,0.7229755222797394,0.6751364469528198,-0.02606259100139141,-30.94131648540497,-5.961817606815874,-21.78440806840607,0.6485112155683987,0.9552126526832581,0.38095238095238093,44.21978450956799,0.873500470344368
01187300,0.7361964583396912,0.6928598880767822,0.014767561107873917,-32.18475878238678,-21.009028306914406,43.94680215117216,0.6683605222787881,1.0270510911941528,0.3,43.24594020843506,0.877861008288929
01333000,0.6848991215229034,0.7694451212882996,-0.13184912502765656,-22.90933132171631,-3.5812725210005376,8.399792063018872,0.6780536252873957,0.8411346673965454,0.30434782608695654,37.345305733058765,0.8410795098496878
01350000,0.7473454475402832,0.8644390106201172,0.011119835078716278,-17.934057116508484,-12.968091723111211,-415.3695607643499,0.807383866747519,1.0195192098617554,0.17391304347826086,32.26808050404424,0.8645629541304982
01350140,0.5903485119342804,0.892470121383667,0.07658001035451889,-15.985611081123352,-7.784234914069933,-274.98126482099707,0.7147627154820326,1.1466683149337769,0.36363636363636365,41.892892664129086,0.7802591547335201
01365000,0.6815458536148071,1.0198719501495361,-0.040590815246105194,-4.95743528008461,8.705917227916613,-619.15264959265,0.8341415544099771,0.9447649121284485,0.34782608695652173,36.69740428095278,0.8448767759533895
01411300,0.6011925339698792,1.2150260210037231,0.19315148890018463,22.344276309013367,11.89285328583046,19.09256520356484,0.6953349321602681,1.1724915504455566,0.3333333333333333,49.70619413587782,0.8702645812509828
01413500,0.7019413709640503,1.1646300554275513,0.07510176301002502,10.931316763162613,-7.690217876197909,-433.2053629630735,0.7740343943129417,1.1047996282577515,0.2,46.26619338989258,0.886094610660963
01414500,0.5402159690856934,1.1382803916931152,0.06734316796064377,4.0146175771951675,-1.600474195995984,-574.9804869303235,0.7459437365007192,1.093396544456482,0.20833333333333334,42.85033543904622,0.8084270275325796
01415000,0.5913659930229187,1.159774661064148,0.08912800997495651,8.73686596751213,-15.790031409943895,-384.11853603212217,0.7399409041925258,1.126266360282898,0.35,46.07220649719238,0.8382607120859401
01423000,0.7746162861585617,1.1704821586608887,0.06938450783491135,11.494257301092148,-3.6805641326079623,-473.9143843002539,0.7867002171159098,1.0986933708190918,0.0,22.425687880743116,0.9181938296148215
01435000,0.6968086063861847,0.906609058380127,-0.03849256783723831,-16.413746774196625,11.422041461117347,-122.660477475021,0.805248659912048,0.9443521499633789,0.4166666666666667,40.03034035364787,0.8384155537320861
01439500,0.806501567363739,1.0854616165161133,-0.003454056102782488,5.111125484108925,3.051863670465083,12.47520309669806,0.8788612209164559,0.9960265159606934,0.09090909090909091,20.704260739413176,0.9142379610498103
01440000,0.8397912532091141,0.9381327629089355,0.037285298109054565,-9.115996211767197,1.4259555747297556,5.1193879138194385,0.8846222498952618,1.0515819787979126,0.2,24.197540283203125,0.917393888499451
01440400,0.8195332437753677,0.8991836905479431,0.006849236320704222,-11.906273663043976,0.7191198402265354,-25.684206028304757,0.8613535431688768,1.009799599647522,0.42105263157894735,37.21305947554739,0.9053275140970731
01451800,0.762466624379158,0.9541842937469482,-0.004667574539780617,-6.019861623644829,-4.485908412057219,-344.8226595921519,0.8682053291204748,0.9926812052726746,0.0,42.223243713378906,0.8766420185941918
01466500,0.5185436904430389,1.0460907220840454,0.14898082613945007,2.548394538462162,-12.371185484250022,-5.015285190803887,0.7585510537835967,1.09182608127594,0.35714285714285715,31.432727405003142,0.7815023804150548
01484100,0.6263140738010406,0.7238398790359497,-0.035299595445394516,-30.323609709739685,3.7944425617429225,69.84201828222868,0.6536883515553786,0.9574348330497742,0.3333333333333333,47.4755741301037,0.795413705248735
01485500,0.8135682344436646,0.9107047915458679,0.05873715132474899,-4.3784357607364655,-30.269524846053837,43.90723159372151,0.8345121552970765,1.1008983850479126,0.3,31.935391426086422,0.9039161387834813
01486000,0.6145761907100677,0.9270288348197937,-0.04048686847090721,-4.127134755253792,10.363882907694515,-391.8685600975809,0.7717980755949915,0.9286962151527405,0.13636363636363635,37.646211277354844,0.7958747991529512
01487000,0.7412526905536652,0.8822332620620728,-0.16492784023284912,-13.41463327407837,-1.7059574600348681,-18.66620904563873,0.7707591382266339,0.8468238711357117,0.3684210526315789,34.172760812859785,0.8766328986795666
01491000,0.6780922412872314,0.7560945153236389,0.033527351915836334,-26.363226771354675,-20.622510980897594,59.70127823040089,0.6960689548570206,1.0550199747085571,0.2631578947368421,39.02098003186678,0.8272082260940559
01510000,0.8196246176958084,0.8566635251045227,-0.06384945660829544,-15.955740213394165,-5.999584379897214,-445.34675707661756,0.8073387881649577,0.9088466763496399,0.16,28.20615005493164,0.9090930745334662
01516500,0.49414926767349243,0.970669150352478,0.164213627576828,-1.0048706084489822,-21.452558647044807,-177.70769937110683,0.5437571654248399,1.3829697370529175,0.3157894736842105,46.54718700208162,0.7537655469643808
01532000,0.7076669335365295,0.9446446895599365,0.055136337876319885,-3.1487829983234406,-12.622103854927639,-323.925295236133,0.8074641333589144,1.1051349639892578,0.11764705882352941,39.83448813943302,0.8484992115654326
01539000,0.8467281013727188,0.8506244421005249,-0.007051101420074701,-8.444716781377792,5.850532426073942,-58.26500106390592,0.831558489712487,0.9882372617721558,0.05263157894736842,23.67292705335115,0.923051165833769
01542810,0.7352082133293152,0.8302584290504456,0.06373899430036545,-19.135810434818268,-16.600406169478603,-345.4003351501224,0.7480081843510773,1.1232120990753174,0.13636363636363635,44.96258822354404,0.8603344964313945
01543000,0.8476871848106384,0.903611958026886,0.014082828536629677,-7.715468853712082,-5.978118517048334,-334.0535296382044,0.8732988066896843,1.0227352380752563,0.09523809523809523,27.78284436180478,0.9209705959752409
01543500,0.844499796628952,0.9386032223701477,0.0354699045419693,-3.987784683704376,-7.1415819589175795,5.531321437035238,0.8856652229755229,1.0536434650421143,0.2857142857142857,25.508390154157368,0.9198423079662168
01544500,0.7463014423847198,1.1301251649856567,0.07542768120765686,16.69325977563858,3.228505113781546,-392.70047089048046,0.8021273338268503,1.108485221862793,0.3684210526315789,24.191314295718545,0.8977650250975385
01545600,0.6193077862262726,1.22978937625885,0.15300002694129944,24.6160089969635,-6.21232863663356,13.676081541887749,0.6622134651538777,1.2144101858139038,0.42105263157894735,38.14545430635151,0.8762063899017141
01547700,0.759175717830658,0.7195754647254944,0.008000518195331097,-24.95734691619873,-22.3902919666946,-278.53174002687894,0.6973060045728963,1.0171871185302734,0.3125,39.83880281448364,0.887348600362324
01548500,0.8507482707500458,1.0927735567092896,0.04994397982954979,13.371345400810242,-12.688879300534902,-10.400343725019596,0.866105968685676,1.0729730129241943,0.0,21.03355181844611,0.9367890976027493
01549500,0.6939364969730377,1.1219927072525024,0.12019679695367813,14.348644018173218,-9.741090453435518,-176.74751167543116,0.7334561903336948,1.2023732662200928,0.2631578947368421,27.365958063226,0.8766774839372622
01550000,0.7381394803524017,1.0677084922790527,0.08383123576641083,6.4559899270534515,-1.971712405543563,-451.3026850576624,0.8131505863786757,1.1288211345672607,0.21052631578947367,38.67721306650262,0.8828105007573891
01552000,0.7851044684648514,1.0872411727905273,0.08897481113672256,10.919921100139618,4.5946514291481515,-39.771728915506124,0.817525386692045,1.1314525604248047,0.2,26.70891761779785,0.9083147414805186
01552500,0.7546064257621765,0.8249317407608032,-0.018707595765590668,-17.104487121105194,-1.400225848646294,-427.35854073978237,0.7797622240156661,0.968861997127533,0.3333333333333333,34.971555074055985,0.8700530594642671
01557500,0.8072853833436966,0.8762130737304688,-0.07874447852373123,-12.671412527561188,3.6340435621438343,-489.5633684292133,0.803709748117755,0.8831079602241516,0.4,31.714787483215336,0.9023121762665464
01567500,0.5254513323307037,1.1428449153900146,0.07917372137308121,21.03109061717987,14.898113619626757,12.661763096423082,0.725346842442476,1.1289737224578857,0.47619047619047616,59.590484982445126,0.804052389606574
01568000,0.7615372836589813,0.9742175340652466,0.09387758374214172,-0.2821266883984208,2.6394164933466793,9.039076145312668,0.8011047098840602,1.1583763360977173,0.14285714285714285,37.67447925749279,0.8824775040901104
01580000,0.7044477164745331,1.022709846496582,0.042339250445365906,5.978439003229141,-10.135242042888654,57.905754881461704,0.8475752093226587,1.0465158224105835,0.14285714285714285,31.22321991693406,0.8566338326152225
01583500,0.5739455223083496,1.0738626718521118,0.07258296012878418,15.091603994369507,-2.668162746775494,54.911460014765204,0.7787716294285792,1.0780375003814697,0.125,41.55239264170329,0.8066183923255233
01591400,0.5688230991363525,0.8692362308502197,0.05002017691731453,-12.031421065330505,-4.755249689688889,73.89569318975795,0.7169821898977099,1.083375334739685,0.18181818181818182,45.38928812200373,0.7632544170002651
01596500,0.8178995102643967,0.9383977055549622,0.05760791525244713,-1.1992811225354671,-19.429282787392157,-315.2114911370413,0.8496338773649116,1.100607991218567,0.2,33.03751230239868,0.906762881541834
01605500,0.7744361162185669,0.7958298325538635,0.04493333771824837,-20.55596560239792,-12.075868823681962,-24.762646779919155,0.7541091978610487,1.0756438970565796,0.21052631578947367,32.772360349956315,0.8857422644209719
01606500,0.7983915954828262,1.0346039533615112,0.10701054334640503,3.090466745197773,-10.748694477046348,-735.2802047810763,0.8094130498055931,1.1636662483215332,0.15789473684210525,29.464852182488695,0.9086801710661155
01620500,0.7021553218364716,0.796692967414856,0.012002273462712765,-18.336719274520874,-18.381147036268565,-222.21342849754205,0.7396880501421068,1.0232713222503662,0.35,39.69928979873657,0.8391056020211982
01632000,0.6224790215492249,0.9321646094322205,0.12188831716775894,-8.768709003925323,-25.293746416833873,-179.50553063637452,0.6603320016699764,1.2718193531036377,0.4,53.05579662322998,0.807940248478861
01632900,0.8165075778961182,0.8925992250442505,0.053644366562366486,-12.728749215602875,-11.168937130697428,24.913341544516264,0.8271431166409272,1.0968204736709595,0.10526315789473684,34.46822919343647,0.9052879546116357
01634500,0.5962081551551819,1.0152475833892822,0.0931481122970581,-4.597469791769981,-5.446050570877705,-573.7852245547128,0.7334542670613187,1.1816402673721313,0.4375,49.53024089336395,0.805523903223079
01638480,0.55074742436409,0.6158260703086853,0.05368700623512268,-29.091832041740417,-33.85167802443546,76.28699514353491,0.5251298154580828,1.1380741596221924,0.15,52.08117485046386,0.757414735902956
01639500,0.7244827747344971,0.9057706594467163,0.09858835488557816,-8.520515263080597,-19.027751760008236,77.03455653765553,0.7662728894709803,1.160110592842102,0.22727272727272727,36.93678595803001,0.8581769002070236
01644000,0.6830599904060364,0.7217499613761902,0.10602834075689316,-21.490468084812164,-40.54979408734748,71.08653551115452,0.608657236488714,1.2252062559127808,0.1,34.59097385406494,0.8418601351453537
01658500,0.46789783239364624,0.7226575016975403,0.09778063744306564,-25.398719310760498,-16.136398684317093,82.76100488826445,0.48450407718575894,1.3061940670013428,0.5238095238095238,59.18130874633789,0.6916781253192805
01664000,0.8060793876647949,0.9952672123908997,0.06746727973222733,-0.0666926265694201,-20.049966207408907,64.13718390638313,0.8575555387126516,1.1059224605560303,0.1,21.51108980178833,0.9048766189486188
01666500,0.7434046566486359,0.9450563788414001,0.06346409767866135,-0.13615528587251902,-8.466539387494862,62.75713577772658,0.8209082465380481,1.1078124046325684,0.15789473684210525,48.18529329801861,0.8679714422581228
01667500,0.7590958923101425,1.0136903524398804,0.17549225687980652,2.766839787364006,-23.15564640246258,71.22962390226097,0.7050664710039458,1.275821328163147,0.13636363636363635,30.633594773032446,0.8964579519883066
01669000,0.7223876714706421,0.8112753033638,0.02642921358346939,-16.37101173400879,-27.541630324334115,88.50098018361847,0.7574410370324682,1.033193826675415,0.2,42.97953128814697,0.8512854772858371
02011400,0.792213499546051,1.0749034881591797,0.16339659690856934,5.418432503938675,-11.375090789324343,-39.913885293131955,0.7334658474206419,1.242419719696045,0.25,33.93589496612549,0.9183752399374114
02011460,0.7609544992446899,0.7458466291427612,0.018393971025943756,-25.7377952337265,-23.149007814689426,-121.8037801906949,0.7182156756596578,1.0344161987304688,0.35,43.26566696166992,0.8832781306233021
02013000,0.7358944416046143,0.8381323218345642,0.09805136173963547,-17.287638783454895,-13.304629888342609,-786.5701876128649,0.7038595354310047,1.207244634628296,0.45,39.36678171157837,0.8638100923773887
02014000,0.7688575237989426,0.9185832142829895,0.09041669964790344,-10.80409288406372,-1.311391585438669,-213.84940231865394,0.7842984573579526,1.1613438129425049,0.17647058823529413,42.31110741110409,0.8822433164238929
02015700,0.7566417157649994,0.8140034079551697,-0.06328915059566498,-21.931608021259308,14.405457463556587,-105.39718848814113,0.7581758386394879,0.9101916551589966,0.35,38.07431936264038,0.8742277695103432
02016000,0.8019474893808365,0.8095427751541138,-0.029144126921892166,-22.79706746339798,6.302619131802436,-231.6703580429661,0.7792278408592701,0.9491374492645264,0.25,30.704858303070072,0.9006048658718914
02017500,0.8092622756958008,0.8616897463798523,0.03158066049218178,-12.21165582537651,-24.936216577264517,-49.9207587774405,0.8214759283628954,1.0542269945144653,0.29411764705882354,39.910535251393036,0.9010022678878521
02018000,0.8557763397693634,0.9182549118995667,0.05480528622865677,-6.87960758805275,-9.888032652265302,-128.53876092045886,0.8534361313747203,1.097118854522705,0.16666666666666666,23.56594138675266,0.9267426709874139
02027000,0.6656547486782074,0.8774213790893555,0.13515077531337738,-11.933888494968414,-25.478224907695978,63.350338550868514,0.6911182021271557,1.225723147392273,0.5263157894736842,44.183961968672904,0.828443864918414
02027500,0.32488906383514404,1.1967052221298218,0.2361353486776352,23.852740228176117,-15.556561972290417,58.69915601997996,0.5434965957631033,1.3329328298568726,0.2631578947368421,89.16935167814556,0.7573930246876075
02028500,0.6971237659454346,0.9860526919364929,0.16608043015003204,-8.600791543722153,-35.47965504383663,84.12381820940729,0.7037182345568302,1.2610162496566772,0.2777777777777778,41.925154791937935,0.8605049300259461
02038850,0.5640880763530731,0.8426119685173035,0.0458943173289299,-18.160945177078247,-24.428318886492967,66.66764981176878,0.6932702567020341,1.1019803285598755,0.35,58.784732818603516,0.7572817362527954
02046000,0.7893715649843216,0.863606870174408,0.0464431494474411,-5.0267864018678665,-28.86609460442105,77.82837826628403,0.7880465113719868,1.1193194389343262,0.45,36.328017711639404,0.8900724467189315
02051500,0.746485710144043,0.9657109379768372,0.09736941754817963,-7.4047185480594635,-23.106819444856928,46.66125942503649,0.7613832028648744,1.1998789310455322,0.3333333333333333,36.26375198364258,0.8742595966894778
02053200,0.8289357721805573,0.8259697556495667,0.042826294898986816,-16.441747546195984,-46.940113019559554,46.30164104512316,0.7917333083454156,1.0775506496429443,1.1176470588235294,22.23983091466567,0.9158906328401437
02053800,0.7467435002326965,0.8230909705162048,0.19569046795368195,-16.22566282749176,-28.07290739173105,37.86469215603942,0.608968481512077,1.3303951025009155,0.2,36.11154317855835,0.8884297531530829
02055100,0.5883506536483765,0.7588205337524414,0.0025567340198904276,-16.760434210300446,-20.15214617606807,39.247953625814056,0.6646867633986171,1.004463791847229,0.47058823529411764,46.42106505001293,0.7670890593746564
02056900,0.7698279768228531,0.8770673274993896,0.006436253432184458,-9.50159952044487,-14.480641080462556,73.12364266322308,0.8261042128812885,1.0100973844528198,0.2857142857142857,36.08215649922688,0.877422083405265
02059500,0.6608879864215851,0.8794488310813904,0.12089024484157562,-6.263928115367889,-18.978169493140058,55.110203785232294,0.6776726554305736,1.2414672374725342,0.5263157894736842,52.49425486514443,0.8237731406484321
02064000,0.5402774214744568,1.1709977388381958,0.08200457692146301,15.878908336162567,-3.8712984142102758,64.0069708831027,0.7083194475705279,1.1519819498062134,0.42105263157894735,51.37197092959755,0.8190613227889408
02065500,0.6062058508396149,1.0221635103225708,0.11225750297307968,4.390793666243553,-20.516544811068353,92.16821043925374,0.7286968930394322,1.196048617362976,0.42105263157894735,34.26011487057335,0.8137767622268799
02069700,0.7846567779779434,0.9674762487411499,0.10032909363508224,-6.929182261228561,-18.920408970383125,50.30558478126629,0.8370523493543134,1.1198121309280396,0.041666666666666664,33.23921362559001,0.8944576116553946
02070000,0.7194690406322479,0.9986459612846375,0.027652256190776825,-4.51233945786953,-8.080009422895621,65.54887032834637,0.8542029759732799,1.0404326915740967,0.09523809523809523,44.56545511881511,0.8599281032959171
02074500,0.6417511701583862,0.8095585107803345,0.08118165284395218,-18.630842864513397,-2.5185799163591565,57.6852796256883,0.6855338145324272,1.1570899486541748,0.14285714285714285,42.15318588983445,0.8052083959248998
02077200,0.6990930736064911,0.7882675528526306,0.04725392907857895,-21.2697833776474,-25.50389812556394,-20.418237853003507,0.6974783524227075,1.1440950632095337,0.1111111111111111,44.89341841803657,0.8389865507589305
02081500,0.7785118222236633,0.8320775628089905,0.06434044241905212,-17.469540238380432,-43.15304630902268,87.42489075738841,0.7278250092260089,1.1815552711486816,0.19047619047619047,40.214007241385325,0.8863383784702052
02082950,0.6568963527679443,1.1123160123825073,0.16399388015270233,11.564066261053085,-34.05416602780708,-146.1984105820921,0.6610754107456736,1.2891902923583984,0.45,41.42777442932129,0.8635303500064194
02092500,0.7572106271982193,0.7935806512832642,0.04690065607428551,-18.624523282051086,-26.260967698785336,62.8624640287995,0.7382213869528592,1.101780652999878,0.5294117647058824,49.42768882302677,0.8752610990943013
02102908,0.6120261251926422,0.8912438750267029,0.24536721408367157,-3.286438435316086,-31.607542965890957,49.924943957040334,0.6844563308040177,1.2373254299163818,0.32,31.69505500793457,0.8227528483572708
02108000,0.810324564576149,0.957324206829071,0.05844741687178612,-2.5594275444746017,-13.17174117388772,27.499745679701043,0.8639419754789976,1.086087703704834,0.7894736842105263,29.388432753713506,0.9036699943702977
02111180,0.7356567680835724,0.9704700708389282,0.04653928056359291,-3.1644396483898163,-4.929362684449922,24.744799798680333,0.8486689996283018,1.0624843835830688,0.19047619047619047,34.861348924182714,0.8653717831749788
02111500,0.7273223102092743,0.9012565016746521,0.08025471866130829,-6.066467240452766,-24.263552227602876,48.82517800900668,0.8087452913513726,1.081120491027832,0.375,31.83739980061849,0.857706110271218
02112120,0.6755236983299255,0.9544714689254761,0.2601386606693268,0.3943108953535557,-24.73741494963633,53.38740427631245,0.6812706728109518,1.2858479022979736,0.3333333333333333,29.278530677159626,0.8665589507669114
02112360,0.7177758514881134,0.9119753241539001,0.09823182970285416,-4.0399763733148575,-16.63982966401924,45.43950150881032,0.804195082736772,1.0975191593170166,0.125,30.899953842163086,0.8548062135187908
02118500,0.8210815191268921,0.9480804204940796,0.06257697939872742,3.179001063108444,2.9870899249622336,68.92949561657986,0.8494709182666238,1.108193039894104,0.1111111111111111,36.44322024451362,0.9091285092567823
02125000,0.679378092288971,0.7113478779792786,0.04061344638466835,-23.133261501789093,-42.14976552620027,77.87900637420074,0.6259427978702976,1.1707712411880493,0.21052631578947367,51.56794598228053,0.8343620632188123
02128000,0.6526485681533813,0.7925816774368286,0.0692174956202507,-15.358765423297882,-34.480495598742685,90.31802586530283,0.6564338425527545,1.1982628107070923,0.3157894736842105,51.82933807373047,0.8110365064392878
02137727,0.8326815813779831,1.028073787689209,0.03646785765886307,-0.3717732150107622,-9.707202963765308,57.407593701873516,0.8958973977422549,1.0599496364593506,0.3333333333333333,37.85586811247326,0.9196553963852755
02143000,0.8121998459100723,0.7947275638580322,0.015570501796901226,-12.05538660287857,0.394700292980937,53.87728927511672,0.7737239765899343,1.0263334512710571,0.25,35.61173379421234,0.9085089344538537
02143040,0.7821143269538879,0.680215060710907,0.012729894369840622,-32.9960435628891,-27.63206807169028,64.53642459837342,0.6683327071622152,1.0231878757476807,0.21052631578947367,47.20724005448191,0.9151288732222427
02149000,0.6347583830356598,1.0667866468429565,0.12604756653308868,-15.311558544635773,-37.65254097890291,62.22344851801952,0.7562860866114466,1.1697207689285278,0.18181818181818182,31.158752874894574,0.8383495252807874
02152100,0.7840791642665863,0.8102781772613525,0.0667577013373375,-17.58578270673752,-17.185925149634524,56.92089956523023,0.7425267483697815,1.136286735534668,0.11764705882352941,39.44974506602568,0.8917224353844874
02177000,0.8520570993423462,0.9270386695861816,0.030121399089694023,-4.357793554663658,-18.979727920736316,36.80585135552496,0.8897285758179759,1.0315351486206055,0.18181818181818182,30.492216890508477,0.923567247486082
02178400,0.7736876159906387,0.9829363226890564,-0.031451210379600525,-11.211348325014114,-2.4107854663604984,15.63482347958385,0.8807375976497606,0.9712052941322327,0.3181818181818182,35.21246693351052,0.8855307183347115
02202600,0.5235393345355988,1.1573890447616577,0.1621701568365097,19.5916548371315,-44.55798170965387,-14.721261684963954,0.5022261571592328,1.4350121021270752,0.5454545454545454,49.02750362049449,0.8162285163349307
02212600,0.7126627564430237,1.1318039894104004,0.12221462279558182,13.779336214065552,-46.18333676554256,84.98012484432623,0.6000896267579481,1.3603646755218506,0.0,36.266881227493286,0.8873353842675898
02221525,0.7244537770748138,1.1601351499557495,0.17369985580444336,18.76746565103531,-11.927635100238785,72.58752319690865,0.6126212056966163,1.339780569076538,0.5882352941176471,33.498935138478,0.9052992666204913
02231000,0.8492883741855621,1.0734484195709229,0.15977893769741058,4.575860872864723,-26.300644002415424,-513.6114779226343,0.5710796484954477,1.4188852310180664,0.9230769230769231,25.902168567364033,0.9442042937829129
02231342,0.4383474588394165,1.2982892990112305,0.114110566675663,6.8777285516262054,-52.34761007948329,83.63956079742302,0.5473970166001179,1.29075026512146,0.6666666666666666,53.810838063557945,0.8229767303158609
02245500,0.6441362500190735,1.1017903089523315,0.08740071952342987,7.133900374174118,-19.188874107673655,7.1107223149692995,0.7188176551378136,1.2125881910324097,0.375,36.17595136165619,0.8466751647672364
02246000,0.7875617146492004,0.9505934119224548,0.0756664127111435,-4.695162549614906,-19.482049056882342,36.51064380759044,0.7675484156711461,1.2001210451126099,0.35714285714285715,48.75002247946603,0.8925556171102144
02296500,0.8009127527475357,0.8807187080383301,0.006507239770144224,-12.741181254386902,-30.608938618812314,-228.76969113056273,0.8405189042662936,1.0140416622161865,1.5454545454545454,32.4414925141768,0.8950760989736609
02297155,0.48575127124786377,1.277748942375183,0.12365249544382095,22.87629246711731,-40.75259096953963,73.10941491451058,0.5548217016109922,1.306257963180542,0.6428571428571429,65.00052724565778,0.8349384891790171
02297310,0.7204024195671082,0.7885304093360901,0.004664258565753698,-25.11848211288452,-18.51502118976687,-0.1449388089820781,0.7410902837878373,1.0117299556732178,1.0714285714285714,47.68702643258231,0.8510796806563813
02298123,0.6255767345428467,1.0156010389328003,0.07793547213077545,11.074628680944443,-8.541377159022954,83.77683990427941,0.7727816526096648,1.136169195175171,1.4285714285714286,56.21459143502372,0.8187743526419108
02298608,0.6796571016311646,0.8759641647338867,0.015660781413316727,-15.347591042518616,-23.35682185562402,72.92997482267262,0.7828922277822701,1.0387204885482788,0.7222222222222222,49.92399745517307,0.8260700713109849
02299950,0.765127032995224,0.9130911827087402,0.0535726472735405,-10.767130553722382,-5.300492865768609,28.89005639052154,0.7888305626143759,1.1480991840362549,0.6666666666666666,49.740070766872826,0.8770934483007884
02300700,0.6111153662204742,0.8628950119018555,0.055139485746622086,-15.096130967140198,18.857765487838595,80.37045656284685,0.6943165858339757,1.171494722366333,1.0588235294117647,47.94237473431755,0.7873168268637617
02312200,0.6109948754310608,1.040495753288269,0.043491024523973465,11.517606675624847,-45.964310567636204,-22.399117301392984,0.7907420645322544,1.088525414466858,1.5,44.17563438415527,0.8147643972792761
02314500,0.7452069520950317,1.175890564918518,0.21561865508556366,16.37735366821289,-24.81924840312926,-90.21587722822083,0.5743998584139993,1.3801450729370117,1.1,22.47074604034424,0.9245830707839249
02315500,0.7812994122505188,1.1443400382995605,0.22088855504989624,19.851824641227722,-35.072825678708575,-233.87412217861004,0.5656536476007319,1.4044502973556519,1.8,24.863317012786865,0.9348642636093257
02324400,0.5682253241539001,0.7907887101173401,0.019672254100441933,-22.864392399787903,-49.494170632487574,-471.4929359068411,0.6747944373246928,1.0438568592071533,1.0,66.6015625,0.754916605864288
02327100,0.6751534938812256,1.0282161235809326,0.10998720675706863,5.012894049286842,-32.92489609842876,-17.34154256221951,0.7205614889230822,1.2329763174057007,0.625,44.17487978935242,0.8483037002065362
02342933,0.5713450610637665,0.5297220945358276,0.02479427121579647,-46.9704270362854,-46.9706540585211,61.147562163487635,0.4839629181929894,1.0836787223815918,0.3684210526315789,56.503466555946744,0.8047288222683368
02349900,0.5627911984920502,1.2951775789260864,0.152391716837883,29.054167866706848,-32.57751294327243,18.388546131885786,0.511348027728564,1.368414282798767,0.4444444444444444,48.61880408393012,0.8738181346866027
02361000,0.8531237840652466,0.9207856059074402,0.06369033455848694,-5.330762267112732,-5.6907797286582,29.709025659408784,0.8534477918689386,1.0985140800476074,0.65,24.525511264801025,0.9258541605414561
02369800,0.6163363456726074,1.0837727785110474,0.08211029320955276,6.833925843238831,11.627062510550921,-26.21582411162235,0.7759340483540262,1.1185932159423828,0.38095238095238093,52.837580726260235,0.8293444363637734
02371500,0.7639063745737076,1.1054126024246216,0.12735731899738312,11.417291313409805,-9.559413374807036,32.14486065856402,0.7546814276995,1.200381875038147,1.5,33.42730469173855,0.905572835890191
02372250,0.7707797735929489,0.8526046872138977,0.03473276272416115,-13.39474618434906,-13.169983177169787,48.56720197724292,0.8003784882707444,1.059061884880066,1.25,43.293633460998535,0.879024533610429
02374500,0.7169882953166962,0.8822904229164124,-0.02789427898824215,-11.253904551267624,-11.135659524290778,7.6416560957301565,0.8044757311033818,0.9647534489631653,0.6666666666666666,34.81702577500116,0.8479083308318045
02381600,0.2730690836906433,0.8780521154403687,0.13428983092308044,-17.595411837100983,-12.685079397550123,64.68912897785395,0.5235766947366907,1.2364715337753296,0.47368421052631576,47.451189944618626,0.6047923419727416
02395120,0.7028892636299133,0.8331298232078552,-0.06793254613876343,-15.64776748418808,8.245138312267464,18.078082189117104,0.73545724394506,0.86995929479599,0.2777777777777778,44.980478286743164,0.8411710704293905
02408540,0.8243807405233383,0.9555119276046753,0.05469967797398567,-2.2079970687627792,-27.42940364242371,66.92230775100273,0.8615384089815119,1.0960131883621216,0.1111111111111111,30.630845493740505,0.9107033524567737
02422500,0.7583407312631607,1.1400065422058105,0.10032771527767181,15.328516066074371,-2.8909527294840194,11.354793968496777,0.7689755700733598,1.1585102081298828,0.17647058823529413,29.73463395062615,0.9070216730569812
02430085,0.5531048476696014,0.9313415288925171,0.07984213531017303,-6.155914813280106,-35.15081637702811,19.070163853632224,0.7166907289316728,1.14425528049469,0.375,62.60672410329183,0.766032969271634
02430615,0.19874566793441772,1.188819408416748,0.20654045045375824,22.900237143039703,-17.078116571453872,33.667082682452104,0.5155913344654847,1.3264155387878418,0.52,87.28986358642578,0.695940988806577
02450250,0.7989354580640793,0.9016088247299194,0.02681734226644039,-9.5622718334198,-14.268637142808927,28.279545506594683,0.842191039647345,1.0635830163955688,0.15,26.651501655578613,0.8942642698866701
02464000,0.8432056605815887,0.9834239482879639,0.07181397825479507,-1.4346553944051266,-16.93310064749269,50.30739543232308,0.8179900472259058,1.1641051769256592,0.0,27.101702439157588,0.923043204818119
02465493,0.4797801375389099,1.1276037693023682,0.09927631169557571,29.755866527557373,9.847832288611768,27.038496027052076,0.7075449813757569,1.1457709074020386,0.3,41.01616859436035,0.78091540781351
02469800,0.8325382769107819,0.8728721737861633,0.05594106763601303,-16.495244204998016,-20.517444975707974,53.98560079365523,0.8019910778067976,1.1258658170700073,0.47058823529411764,33.448884066413434,0.9151245314383614
02472000,0.8626527786254883,0.9671860933303833,0.09900979697704315,-3.9331968873739243,-10.221661849640153,28.774840104756237,0.7881512176431891,1.198818325996399,0.55,32.59214162826538,0.9346208950571301
02472500,0.8102356046438217,1.008886456489563,0.0049391635693609715,-0.18142113694921136,46.07972718375824,-48.01523981113742,0.905116102938484,1.0094276666641235,0.45,36.03989601135254,0.9060047665362246
02479155,0.8229001015424728,0.9015737175941467,0.08054913580417633,-5.834782496094704,-31.607317435464346,28.66605970659628,0.7649354025230796,1.1939142942428589,0.14285714285714285,34.43679128374372,0.9107538325358238
02479300,0.770741268992424,1.034936785697937,0.02285669557750225,2.0358186215162277,5.737384756952422,16.74186117317707,0.8787927101792392,1.037265658378601,0.75,31.408028602600098,0.8900823089016162
02479560,0.8301410377025604,0.9887095093727112,0.07783996313810349,3.8784731179475784,-23.670121971118707,22.271520616460727,0.8548616609916105,1.1186872720718384,0.85,30.09467124938965,0.9172292701514919
02481000,0.7945927381515503,0.8430910110473633,0.02381271868944168,-14.140641689300537,-31.496061790660374,62.99983391347305,0.8014386939358016,1.0581613779067993,0.13043478260869565,34.45472302644149,0.8931196202674967
02481510,0.8542951345443726,0.9633710384368896,0.06118863821029663,-9.004175662994385,-14.972140555225092,49.28713258909821,0.8513737675812089,1.1241836547851562,0.42857142857142855,32.46805554344541,0.9270171525492884
03010655,0.7885661274194717,1.0872917175292969,0.07420658320188522,8.456064015626907,-13.813628330594499,-540.7019790186795,0.8360462772640613,1.1046172380447388,0.21052631578947367,19.758489257410954,0.908806728572504
03011800,0.8155713826417923,0.9064475297927856,-0.02446487918496132,-8.043168485164642,-15.840193141303867,-28.04617007481684,0.8624589392917605,0.971034586429596,0.24,36.9387092590332,0.9034262793738829
03015500,0.8343555927276611,0.8642637133598328,-0.02296857163310051,-11.7911197245121,-6.297971954118002,-11.510600959613358,0.836909554641603,0.9688233137130737,0.2,30.954696655273438,0.9151344116351909
03021350,0.6847408711910248,0.6901487112045288,-0.04852941632270813,-32.553842663764954,-13.600917748438457,20.52981425739297,0.6426380413354061,0.9162884950637817,0.2,44.27518081665039,0.8428626961103955
03026500,0.7691688537597656,0.9892581105232239,0.08789688348770142,-0.2942438703030348,-11.61272674873534,46.79910623173048,0.8369296007874651,1.1173627376556396,0.2727272727272727,35.25295907800848,0.8872943891379949
03028000,0.806022584438324,0.8879103660583496,-0.032163865864276886,-10.85006594657898,-12.534224322658327,7.583593066634429,0.8430721025729229,0.9582290053367615,0.22727272727272727,42.29782711375844,0.8984250869626079
03049000,0.7641265988349915,0.9316489100456238,0.07957752794027328,-3.5051945596933365,-21.30760994049142,23.63397090138431,0.808898923680364,1.1314659118652344,0.08695652173913043,32.53583286119544,0.8793166793213969
03049800,0.3395225405693054,0.5695086717605591,-0.01919196918606758,-37.69142031669617,-31.621062848053892,84.40071446540985,0.39861483394499564,0.9491375684738159,0.5909090909090909,69.45945566350763,0.5831614853196848
03069500,0.869064211845398,0.9499980211257935,0.08039189130067825,-2.753157913684845,-11.481476733515708,2.4616184681964772,0.8668653418046226,1.1053730249404907,0.125,22.207729021708168,0.9358036999792505
03070500,0.7861539870500565,0.8591301441192627,0.020979074761271477,-16.45282953977585,-17.494164603892255,-68.21284773360057,0.816921574487472,1.0313596725463867,0.36363636363636365,39.50974724509499,0.8873502573013593
03076600,0.7435301840305328,0.9279151558876038,0.06449728459119797,-8.55751484632492,-12.757749611871525,-431.21866896481896,0.8179377572852261,1.1010944843292236,0.2,31.08858346939087,0.8668446744969127
03078000,0.8185010999441147,0.9404907822608948,0.041162773966789246,-0.5636322777718306,-22.17604981367078,-243.17356737642973,0.8731190000378168,1.0614510774612427,0.2857142857142857,31.06878598531087,0.906291909451021
03140000,0.7739462703466415,0.8679807782173157,0.03103252314031124,-10.928047448396683,-23.955355042830732,34.19116385786453,0.8113435916765471,1.0620677471160889,0.391304347826087,48.294461291769274,0.8803765898775118
03144000,0.8174332827329636,0.8090396523475647,0.009286914020776749,-16.307921707630157,-3.2676895572518143,17.521803037677827,0.7878012637092456,1.0204764604568481,0.4,34.82184410095215,0.9097605193110394
03164000,0.8599236160516739,0.9571198225021362,0.11414530128240585,-3.309323638677597,-17.298435076519446,20.25595473412853,0.8670231175334869,1.1075444221496582,0.17391304347826086,15.626073920208475,0.9345909875264835
03165000,0.5786078870296478,0.8145057559013367,0.026578441262245178,-14.214709401130676,18.217372216706522,27.057023235201978,0.6970160736596112,1.0341085195541382,0.16666666666666666,43.05148124694824,0.762876078978251
03170000,0.7445414662361145,1.0433168411254883,0.17341069877147675,8.291494101285934,-22.44083046044415,46.21377923067615,0.7734750816690538,1.1948421001434326,0.2857142857142857,24.98587653750465,0.892884427315877
03173000,0.8207845836877823,0.9452083110809326,0.028978178277611732,-3.5273488610982895,-0.5185126888871604,-43.70618510834044,0.88247289981179,1.0469495058059692,0.2222222222222222,32.16269016265869,0.9072302096120674
03180500,0.8161549270153046,0.9739236235618591,0.009569021873176098,0.09802201529964805,-6.390929016008451,-276.22490906144463,0.9015432997151066,1.0134190320968628,0.047619047619047616,22.144340333484468,0.9060123731524778
03182500,0.8198139071464539,0.8448032140731812,-0.013398162089288235,-17.402322590351105,-13.582611148355678,-483.05945789763325,0.8181265854218048,0.9781849384307861,0.21052631578947367,31.663207003944798,0.9077178258976923
03186500,0.7464115023612976,0.8819764256477356,0.011119690723717213,-11.104845255613327,-15.10865986869636,-300.46924870699974,0.8193251016403621,1.0165432691574097,0.5,45.52255471547444,0.8642053939216785
03213700,0.8323448747396469,1.0087319612503052,0.08920551836490631,2.1597985178232193,5.166945669335193,-98.72850927804791,0.8421871454383155,1.136267066001892,0.2777777777777778,21.133662594689262,0.9208802386197574
03237280,0.4435247778892517,0.6692484617233276,-0.03785683587193489,-34.304097294807434,-49.53777588694573,-19.46025060456531,0.5214408809538368,0.9063512682914734,0.2857142857142857,52.46099744524274,0.6670553118020365
03237500,0.6737466156482697,0.8553290367126465,0.0343821719288826,-17.491184175014496,-23.00109809076089,-116.39577399397494,0.7554758326519668,1.0851606130599976,0.25,48.90984535217285,0.8222078438681742
03238500,0.6712131202220917,0.775852620601654,-0.013919713906943798,-28.101065754890442,-3.1846053935158913,-4.6708467407150716,0.7101555167940093,0.9601357579231262,0.2857142857142857,42.66501381283715,0.8206160013896496
03241500,0.794228196144104,0.8296343088150024,-0.045539237558841705,-18.941770493984222,3.227275895131164,-461.0189921480118,0.7823329382764539,0.9147215485572815,0.38095238095238093,40.40249869936988,0.894728604331699
03280700,0.6396062970161438,0.6713098287582397,0.05531557276844978,-32.1917861700058,-25.3707022277656,25.114087958440024,0.5972727548534158,1.140268325805664,0.3684210526315789,45.64543774253444,0.8143207009704762
03281500,0.8720618933439255,0.8543915748596191,-0.010846853256225586,-16.537633538246155,-13.521179503814581,-4.1356063876718885,0.839987521825819,0.9774365425109863,0.4,24.71627712249756,0.9376055284041741
03285000,0.8330709487199783,0.871738076210022,0.0009002171573229134,-17.75759905576706,-22.26834172444416,-158.63558675944176,0.8453859520660489,1.0022789239883423,0.3333333333333333,26.126829783121746,0.9136913142860388
03291780,0.6641817688941956,0.9193838238716125,0.030489902943372726,-10.753513872623444,-11.962983082770826,-2.4277846078214735,0.7879891479035529,1.0809595584869385,0.16666666666666666,44.5736010869344,0.821407773285906
03340800,0.739421933889389,0.9114281535148621,0.0039656274020671844,-12.669739127159119,-5.181863489121569,-267.0741322306504,0.8352316182611309,1.009116768836975,0.17391304347826086,39.64546867038893,0.8613618661513651
03346000,0.8245377540588379,1.0106797218322754,0.0510421060025692,2.203003317117691,-28.77570927854835,-94.94438037295788,0.8210081013703351,1.1569103002548218,0.3333333333333333,30.423018667433,0.9145412322193964
03357350,0.5308235585689545,0.7256161570549011,-0.04796383157372475,-24.167120456695557,-13.520733051540665,-7.002851970105716,0.5902135130575954,0.8591846227645874,0.34782608695652173,53.02373637323794,0.7301676425160886
03364500,0.7018357515335083,0.7761150598526001,-0.0017815250903367996,-19.90104466676712,-7.229125883155743,-10.216317208021565,0.7249006912825708,0.9954038262367249,0.34782608695652173,47.32393181842306,0.8402062628926268
03366500,0.8647926896810532,0.9143738746643066,0.03136635944247246,-10.14697328209877,6.213695420381986,-136.94512266393292,0.8594900373096364,1.0871586799621582,0.2727272727272727,35.39830771359531,0.9306128197539518
03368000,0.5982171893119812,0.7055742740631104,0.003297047456726432,-31.076759099960327,-14.526222310325243,-14.377576758862599,0.6303112710068722,1.0113122463226318,0.38095238095238093,52.37285523187547,0.7767170375191472
03384450,0.7140789031982422,0.8872345685958862,0.041740044951438904,-13.28856348991394,-19.258465542123577,-11.0780540092461,0.7654866678304909,1.1373928785324097,0.18181818181818182,37.642478942871094,0.8470174605581763
03439000,0.7658375054597855,1.0495526790618896,0.0806766077876091,-3.221829980611801,-1.4224146798041075,9.30295730852181,0.8560996703670033,1.08211088180542,0.2608695652173913,37.60699396548064,0.8927170099437435
03455500,0.5793696641921997,1.0218703746795654,0.09683219343423843,0.8931868709623814,-3.2264722538212505,29.64969390548045,0.7579224175149845,1.1331369876861572,0.3181818181818182,39.803370562466704,0.7990079972660082
03456500,0.787994310259819,0.898017406463623,0.06421831250190735,-10.674823820590973,-13.227735730415734,36.85334030470129,0.8190570113812103,1.1012424230575562,0.23809523809523808,38.56741587320964,0.8900459754291441
03460000,0.6804691851139069,1.1238336563110352,-0.027588961645960808,8.400551229715347,12.20431819478312,39.077212176137046,0.8149218228925532,0.973652720451355,0.38095238095238093,37.76988301958357,0.8650000812354266
03463300,0.7014617919921875,0.7140651941299438,-0.017365913838148117,-18.169325590133667,-1.6380737211295935,46.874608789164455,0.6743636620889548,0.9638970494270325,0.42857142857142855,42.8268795921689,0.8484187072225087
03471500,0.7052803039550781,0.9738731980323792,0.1348322331905365,-4.378090798854828,2.5497995063239265,-25.889137522923928,0.782642153818423,1.1627975702285767,0.3157894736842105,23.214704112002725,0.8583709964614927
03473000,0.803365558385849,1.0182828903198242,0.0416439063847065,-0.49109202809631824,7.258887045085929,-21.640336675330797,0.8925260846056418,1.0457077026367188,0.05263157894736842,22.129201889038086,0.9044637014982251
03479000,0.8281701654195786,0.82941734790802,0.04934323951601982,-4.892969503998756,-12.867286429223986,46.237703100227556,0.7899398755316078,1.08873450756073,0.21739130434782608,43.84744892949644,0.9154245788370069
03488000,0.8327364474534988,0.8929944634437561,0.06283672899007797,-7.187347859144211,2.140397915595366,-43.80704952284249,0.8275569777353278,1.1051479578018188,0.2,30.275487899780273,0.9149687231414726
03498500,0.8495055735111237,0.9443254470825195,-0.009130162186920643,-1.206008903682232,4.5112985088142326,8.244285493058328,0.9030823881392717,0.9855208992958069,0.2631578947368421,31.28010599236739,0.9220017738084815
03500000,0.797401487827301,1.0953773260116577,0.09638527780771255,5.663596466183662,-18.403456961718906,38.51037658638904,0.8460207712289394,1.0868465900421143,0.18181818181818182,25.5811409516768,0.9159141012187327
03500240,0.8247711807489395,0.8936406373977661,0.07327502965927124,-9.771725535392761,-23.832075800566717,43.477190338410786,0.8432147825311846,1.0734851360321045,0.34782608695652173,32.54843380140222,0.9112913466118816
03504000,0.7547647953033447,1.0355037450790405,-0.10523626208305359,-0.9099820628762245,0.6530564949798643,13.319990955296246,0.8550957119599993,0.9157973527908325,0.25,37.50336567560832,0.8875426704002338
03574500,0.7407495081424713,0.8346191048622131,0.08598349988460541,-17.344126105308533,-27.29113986792039,21.449301585900006,0.7054826447303777,1.2032248973846436,0.7894736842105263,36.31473842420076,0.8655036314191406
03592718,0.6618412137031555,0.6845183968544006,0.05630839988589287,-32.04303681850433,-44.437974803154205,43.85626014996985,0.6151116120236542,1.137949824333191,0.17391304347826086,39.87607126650603,0.8280108281252727
03604000,0.8433894664049149,0.9047772884368896,0.043867114931344986,-4.362776502966881,22.711467113463183,6.769315266782497,0.8391833187183801,1.1015818119049072,0.47368421052631576,28.080882524189192,0.9195277956613662
04015330,0.6832400858402252,1.055470585823059,0.08020656555891037,4.870768263936043,-11.356566921033806,-1.5787144937480049,0.7512549406487925,1.193938136100769,0.42105263157894735,45.86722223382247,0.8544489160952692
04024430,0.8106572479009628,1.135424017906189,0.11830786615610123,12.194033712148666,1.0465817390173662,-700.9570199069196,0.7134089506508318,1.2429288625717163,0.6111111111111112,24.554292360941567,0.9308600501098406
04027000,0.8160325735807419,1.153941035270691,0.08210432529449463,17.454230785369873,4.759205673104443,-46.56580184135451,0.7628352294292988,1.1677018404006958,0.6842105263157895,37.18450696844804,0.9334764794537995
04040500,0.8115885704755783,0.9117275476455688,0.09431737661361694,-10.280802845954895,-25.43219787011627,53.80139195751684,0.7903772721665202,1.1651688814163208,0.5882352941176471,26.921359230490292,0.9058251477762498
04043050,0.746112197637558,0.7901301980018616,0.015270245261490345,-23.714080452919006,-20.704162457847787,39.66878543976048,0.7501854283182845,1.0277131795883179,0.125,35.24771332740784,0.8673577514104694
04045500,0.8960741013288498,1.0558719635009766,0.10530167818069458,5.412568897008896,-9.432712632442584,35.5133418418574,0.8709516367316619,1.1082907915115356,1.2941176470588236,12.006115913391113,0.9575157884551495
04056500,0.6871961355209351,1.2118827104568481,0.15987449884414673,20.146796107292175,-11.71313838005402,-0.2689751678649577,0.7285811705001581,1.1370259523391724,1.0,25.085395574569702,0.9000110686022371
04057510,0.6732129454612732,1.1765646934509277,0.16422513127326965,18.795880675315857,-11.120931733155048,-8.304085076684228,0.7362769393656561,1.1591898202896118,1.8823529411764706,28.705641802619486,0.8858362454494122
04057800,0.7042030990123749,1.147603154182434,0.1655716747045517,13.708442449569702,-8.485945980179457,16.57602470200535,0.666410143240798,1.279199242591858,1.0,24.897468090057373,0.8925603223005839
04059500,0.7604933828115463,1.1875356435775757,0.133774533867836,21.566130220890045,-12.22815865280323,-3.1719371933636658,0.7112321323169473,1.2050734758377075,1.2142857142857142,25.152482305254253,0.9215007433028646
04063700,0.7055081427097321,1.1947379112243652,0.2381606549024582,26.730558276176453,4.6522760416005715,-7.6253507518816335,0.6320999719792666,1.3007198572158813,0.8888888888888888,41.53538280063206,0.9163630223783309
04074950,0.7170513272285461,1.1744078397750854,0.23779086768627167,26.06348693370819,-1.5061145823719626,-10.810831850547395,0.7576228182867591,1.1461721658706665,1.0,22.21572001775106,0.9165595927327782
04105700,0.664050817489624,0.9694105386734009,0.19118507206439972,-1.7276465892791748,-24.321881152219465,26.217476781459453,0.8193734683209701,1.089402198791504,0.3333333333333333,22.329282760620117,0.8460601557315699
04122200,0.7773564904928207,0.9312452673912048,0.14185775816440582,-9.2555932700634,-6.801795546059792,6.456780180051578,0.8554283705336586,1.0699695348739624,0.65,24.81822967529297,0.8938020387202864
04122500,0.7446320652961731,1.0838207006454468,0.08319860696792603,8.61988440155983,5.473199120770324,-5.944961222334068,0.855817911351118,1.0368549823760986,0.8421052631578947,16.576725558230752,0.8886255186116768
04124000,0.7524876892566681,1.1173784732818604,0.1411607265472412,6.709945201873779,16.923625820332912,26.101369557507454,0.8435903432452704,1.039150357246399,0.85,12.846640348434448,0.9043259478038519
04127918,0.673338919878006,1.1732147932052612,0.1604253053665161,18.3648020029068,3.469168974190637,-18.618279510102465,0.7075106928200848,1.2054637670516968,0.6,27.45140314102173,0.884538878152118
04127997,0.4739125967025757,0.9914351105690002,0.4762619137763977,-2.0444300025701523,13.15160515470398,16.18730981031969,0.7989296395042751,1.1326241493225098,0.375,16.020206610361733,0.8491133950431777
04161580,0.6832374334335327,0.9028158187866211,0.10556761920452118,-10.46295091509819,-16.649836249062357,13.69607513323503,0.7802050269956625,1.109362006187439,0.5238095238095238,32.3976925441197,0.8359725124178233
04185000,0.7962192744016647,1.0858532190322876,-0.004729774314910173,16.71179085969925,-3.4102197133352727,-290.54592989332576,0.8751065787662667,0.9929294586181641,0.6956521739130435,22.55110740661621,0.9095699226262162
04196800,0.7780061513185501,0.8324945569038391,-0.022536534816026688,-12.862689793109894,-29.342732002599398,-129.67447743413265,0.7901445438236878,0.9501510262489319,0.6086956521739131,44.018040532651156,0.8838263419010479
04197100,0.7420279681682587,0.8216745257377625,-0.01678984798491001,-18.39764416217804,-17.583352889964292,-168.6319639562908,0.7714219729337173,0.9605860710144043,0.3,44.529080390930176,0.8625427997936058
04213000,0.6799545884132385,0.8391497731208801,0.04697416350245476,-13.093213737010956,-27.222315763562804,21.19915888065665,0.7488732008752574,1.0832340717315674,0.6818181818181818,40.035880695689805,0.826034592362278
04216418,0.6720540821552277,0.8555688261985779,-0.0024430241901427507,-19.33213472366333,-1.3382682704218256,-474.06742910372895,0.7696095695787245,0.9962934255599976,0.5416666666666666,44.24018859863281,0.8205406793449704
04221000,0.8335483074188232,0.9090957641601562,-0.000679751334246248,-10.757917910814285,-10.023879000251162,-533.0727199390315,0.8741664885986096,0.9989930391311646,0.38095238095238093,31.516545159476145,0.9129972498837734
04224775,0.6914441287517548,0.8535268902778625,0.0026860907673835754,-17.69547164440155,-9.975832715075867,-723.7664110052312,0.7769348429115623,1.0043354034423828,0.38095238095238093,51.791717892601376,0.8318188574417219
04233000,0.7151794731616974,0.8576578497886658,-0.08233983814716339,-12.768656015396118,-6.258824389373187,-572.62599552338,0.7618916148834084,0.8823142647743225,0.3181818181818182,38.976439562710844,0.8497189863607622
04256000,0.815198227763176,0.9364614486694336,-0.0392133966088295,-5.40710836648941,1.7449792594460258,1.1228959923056367,0.8769014472419883,0.9557414054870605,0.4166666666666667,28.90399893124898,0.9043063063850643
04296000,0.8258604854345322,0.8581733107566833,-0.05867193639278412,-8.402960747480392,-20.43860727390349,27.231332002162045,0.8198005861467739,0.9317377805709839,0.21739130434782608,26.70671628869098,0.9122658084327964
05056000,0.7533054202795029,0.9010875225067139,-0.13783825933933258,-20.546860992908478,-37.37988342325752,-162.10959244649698,0.628007094161692,0.6623990535736084,0.8181818181818182,56.2258243560791,0.8790841418085571
05057000,0.7468040883541107,0.8044095635414124,-0.14523586630821228,-25.733155012130737,-42.37864960967028,47.12840307095455,0.6181273134836107,0.6949536800384521,2.111111111111111,49.12383821275499,0.8795098653370298
05057200,0.710889458656311,0.8852816224098206,0.02456905134022236,-5.906186997890472,-25.204212751663928,-238.20761876844725,0.7845431886721519,1.0952725410461426,1.3333333333333333,62.916394074757896,0.8444864175923787
05120500,0.4604012370109558,1.433901309967041,0.08618893474340439,39.927202463150024,-31.572888840610187,-9.281828902242943,0.4466330875541795,1.3218141794204712,2.0,48.481885592142746,0.8800824161240941
05123400,0.5452305972576141,0.769171953201294,-0.05690793693065643,-19.498522579669952,-82.67692992120665,-154.83946448208587,0.6129383122559291,0.8281996846199036,1.8571428571428572,69.52690396990094,0.741118145545729
05129115,0.7977575957775116,1.0102249383926392,0.08963662385940552,5.982669442892075,14.903419781491149,-328.5581654626998,0.8608771766739002,1.1001064777374268,0.8666666666666667,28.791427612304688,0.9039307347790252
05131500,0.8074686080217361,1.039142370223999,0.12633925676345825,4.341820627450943,-18.28333762887536,-519.1038978908972,0.7715097637157253,1.2087637186050415,1.1666666666666667,31.634185049268936,0.9157778370932799
05291000,0.47670191526412964,1.0457043647766113,0.06952183693647385,14.149582386016846,-9.46886593131877,-419.88948193801986,0.6340713623767391,1.2661833763122559,0.7777777777777778,58.22270711263021,0.7530965997638142
05362000,0.7899082452058792,1.1522102355957031,0.1271321177482605,14.540782570838928,-0.3125446366577967,-758.7891535026881,0.6731367687252952,1.279607892036438,0.3684210526315789,55.09465870104337,0.9258984288278489
05393500,0.7966730892658234,1.0771698951721191,0.07026740908622742,8.636091649532318,1.0973700139305864,-485.4903868430049,0.8049019537119558,1.1553360223770142,0.3684210526315789,37.7409859707481,0.9106760105199968
05399500,0.6638246476650238,0.7404168844223022,0.08221372216939926,-27.645131945610046,-26.022632208605494,-63.80589368729536,0.5679911526329184,1.2965419292449951,0.0625,45.0252890586853,0.8230504746825629
05408000,0.6955869495868683,0.8769140243530273,0.020990433171391487,-2.6646070182323456,11.319686482012546,-1.0340012439434896,0.7919063247606171,1.0321396589279175,0.1111111111111111,45.480924182467994,0.8353189063745818
05412500,0.8181816935539246,0.9769607186317444,-0.023514891043305397,5.300574377179146,3.7316672861184466,-73.22710260332614,0.8962650147377739,0.9590831398963928,0.8571428571428571,41.392806598118376,0.9075016257405004
05413500,0.6706161499023438,0.6893405914306641,-0.03958471864461899,-18.961556255817413,-17.630605567584073,-2.958660106410044,0.6432101433486597,0.9486050605773926,0.2777777777777778,33.67146915859646,0.8322254671340703
05414000,0.5050977766513824,0.6101890206336975,-0.06536004692316055,-24.950693547725677,-14.150356954054658,10.138677480250175,0.5115492540707736,0.9019441604614258,0.4666666666666667,43.6787223815918,0.7224813809909556
05444000,0.5658768117427826,0.9608138203620911,-0.0351567417383194,-5.4917313158512115,-12.454299284182438,-152.8128819313804,0.7647997141943916,0.941725492477417,0.4666666666666667,53.064260482788086,0.775527953763891
05454000,0.6587715148925781,0.8028133511543274,-0.07693907618522644,-19.098953902721405,-18.89618436044367,-2.530466486635878,0.6806932727933122,0.8297334313392639,0.058823529411764705,48.767443264231964,0.8153828091618811
05458000,0.7654985934495926,0.7774004936218262,0.009757569059729576,-7.889425754547119,-37.27639609161654,-40.78011167402558,0.7463855839708041,1.0251810550689697,0.8,48.17797978719076,0.8811065761127348
05466500,0.692262589931488,0.9806118011474609,-0.05968382954597473,-2.655227668583393,4.962378051248178,-97.81363655738308,0.8155413770131893,0.9017444252967834,0.8333333333333334,36.8688424428304,0.8450970517414681
05487980,0.754067599773407,0.9391008615493774,0.028610585257411003,-8.509108424186707,-25.995893932370144,-270.1164995414992,0.831874563014205,1.089652180671692,0.2222222222222222,45.402606328328446,0.8714700657494654
05489000,0.6760892868041992,0.9455520510673523,0.05603858456015587,-11.26662939786911,-26.188140920355302,-85.88500031170591,0.7403100552885481,1.1903482675552368,0.23529411764705882,35.587310791015625,0.8319469569451814
05495000,0.8113038241863251,0.9667050838470459,0.037117280066013336,-3.901129961013794,-20.18303562238509,-120.42464430005538,0.849129504588674,1.1112538576126099,0.4444444444444444,31.686634487575954,0.9036883490415629
05495500,0.8496649712324142,0.8623688817024231,0.0008128214394673705,-13.273826241493225,-20.529505785767373,-121.11539241514203,0.8426665509127449,1.002821922302246,0.38095238095238093,29.033340726579937,0.9238191216093542
05501000,0.7916084975004196,0.966123104095459,0.05453680083155632,-1.2138910591602325,0.6419000151940939,-167.65874558632,0.7758550273250947,1.1947239637374878,0.25,33.612000942230225,0.8942838581593687
05503800,0.7288973331451416,1.1742737293243408,0.10672497749328613,10.474193841218948,-18.8082930094997,-12.324795398905755,0.5371894945320491,1.4174760580062866,0.05263157894736842,26.629841955084547,0.9023476972600327
05507600,0.7533592581748962,0.7266868352890015,-0.022289516404271126,-29.125872254371643,-0.12977479303127973,6.291007239346638,0.6853264582649767,0.8979992270469666,0.1111111111111111,47.165022956000435,0.8820373186948275
05508805,0.7815951555967331,0.9191133379936218,0.0390799418091774,-7.071982324123383,-19.06666486638239,-9.348297401908699,0.788497574491819,1.158423662185669,0.4117647058823529,42.128029991598694,0.8855772436750861
05514500,0.8150885999202728,0.8122889399528503,0.021578753367066383,-19.097596406936646,-17.10708250935788,-173.5369749956079,0.7792293844851521,1.0711941719055176,0.3333333333333333,36.946768230862084,0.9081544094827205
05525500,0.8487431854009628,0.9298865795135498,0.014294515363872051,-8.117131888866425,-17.325935975551683,-364.3886078030161,0.8909573534582652,1.0282835960388184,0.3157894736842105,28.32464167946263,0.9214223617838455
05556500,0.7623937577009201,0.8639732599258423,0.01565411128103733,-3.229731321334839,-42.82379546547415,-331.47484256736607,0.81075972177773,1.0355865955352783,0.21052631578947367,37.22111300418251,0.8733421810362731
05584500,0.8059513419866562,0.825938880443573,-0.05316968262195587,-17.77264028787613,-12.19938304794824,-265.20365201464676,0.7635772777041978,0.8730828762054443,0.55,41.66881561279297,0.9025809363407825
05585000,0.8071773201227188,0.9052801132202148,-0.03108181804418564,-6.737205386161804,-9.360723858426473,-314.06758021319143,0.8480491091619314,0.9374365210533142,1.0869565217391304,34.01828641476838,0.8989899639788456
05591550,0.7397845387458801,0.7348441481590271,-0.02435266226530075,-30.25091588497162,-47.86671538579535,-25.310620332371048,0.6984448558632177,0.9364774227142334,0.3157894736842105,57.07314139918277,0.8711871071483238
05592050,0.7781733870506287,0.9282258152961731,0.012912176549434662,-9.232431650161743,-32.00964573792325,0.23526207850124953,0.8576295227549344,1.0389418601989746,0.15,28.74895095825195,0.8833751710597945
05593575,0.8286453932523727,0.9383172392845154,0.011005289852619171,-4.869591444730759,2.775387821407523,13.900495262895419,0.884493047166048,1.0397155284881592,0.1111111111111111,44.45141156514485,0.9107824569918713
05593900,0.7536278665065765,0.7883239984512329,-0.02173592709004879,-24.218441545963287,4.6160176774851385,11.63239609325127,0.7399654607690089,0.9191074371337891,0.05,40.757179260253906,0.8724553990388606
05595730,0.8317474871873856,0.8411948084831238,0.025002621114253998,-9.272370487451553,-20.0353520018833,-1.5695612336055458,0.7930380077022667,1.102221131324768,0.3333333333333333,37.92984485626221,0.9153535723505132
06191500,0.938464630395174,0.9664539098739624,0.0015826430171728134,-3.062651678919792,5.896542010078627,35.90812368359118,0.9541085053371139,1.0019980669021606,1.1,15.38723587989807,0.9687478505010623
06224000,0.8251258730888367,0.9304441809654236,0.0073836129158735275,-9.363628178834915,-14.026162678242999,-800.7883792979025,0.8846387250416954,1.0112439393997192,1.0,33.856894969940186,0.9086556754625102
06278300,0.7466326355934143,0.9318210482597351,0.04342534393072128,-18.977966904640198,14.026685492518723,-864.3598994173815,0.8141011176113915,1.1112110614776611,0.9,40.691680908203125,0.8675533132994857
06280300,0.8433544784784317,0.8029049038887024,-0.041670359671115875,-22.010615468025208,-1.206003987225877,-19.452011073120946,0.7809578620949131,0.9374775290489197,1.3,40.37056922912598,0.9277232963322154
06289000,0.7611349672079086,0.9256989359855652,0.0641760304570198,-14.895397424697876,1.0757085329315277,66.71570042760246,0.8335239579864036,1.0828500986099243,1.0,29.264826244778103,0.8761877000812868
06311000,0.7101330757141113,0.9295557737350464,0.040902554988861084,-17.452752590179443,20.03361306055174,-75.08758175615387,0.8113894657212828,1.0860331058502197,1.2,35.718796253204346,0.8476522093215656
06332515,-0.030112147331237793,1.157055377960205,0.18656206130981445,32.43052065372467,76.75277237208721,3.687691780569493,-0.3271064424556207,2.249244451522827,1.4545454545454546,49.15502721613104,0.5805558223071612
06339100,0.3112261891365051,0.6243031620979309,0.05724461004137993,-15.695226192474365,4.014133647699236,-8.794792019052174,0.2805026208541338,1.431813359260559,0.8,64.23929214477539,0.5640348782846636
06339500,0.4047750234603882,0.6891368627548218,0.05982869118452072,-9.086256474256516,-15.907794851485976,-82.38308515880361,0.4000598301766929,1.3664727210998535,1.3333333333333333,68.19135877821181,0.6408481352416877
06344600,0.2216281294822693,0.660525918006897,0.07274963706731796,-7.9576559364795685,-11.403678569025475,-36.61718317604789,0.15449507875454027,1.5930155515670776,0.2222222222222222,60.3339778052436,0.5020356688428118
06350000,0.5085513889789581,0.7053432464599609,0.07404052466154099,3.742672875523567,16.78459837627539,-280.73862725628686,0.24974079697472296,1.6292928457260132,2.0,93.769900004069,0.7170569250972475
06352000,0.5866363048553467,0.573884129524231,0.04281366616487503,-25.270003080368042,-28.426953166873197,-123.7184033003319,0.41449194674421486,1.3480008840560913,1.5714285714285714,65.9167834690639,0.7996494820265347
06353000,0.7505246996879578,1.0332446098327637,0.08175288885831833,16.112355887889862,-69.95655947705642,-74.26489794297765,0.42118620990198374,1.5658990144729614,1.25,64.10748958587646,0.8830448592697663
06354000,0.7495108544826508,0.986884355545044,0.0728737860918045,13.259351253509521,-42.06422295275297,-18.060818836095006,0.5140038115228829,1.4696931838989258,1.1428571428571428,53.131849425179624,0.8758686659875651
06360500,0.6138717234134674,0.6710019707679749,0.05397363752126694,-27.49210000038147,-65.85691547273794,-74.65155027827278,0.5165196956855298,1.289015293121338,2.25,73.42220544815063,0.7951008497737403
06404000,0.5805950164794922,1.2104140520095825,0.21668951213359833,21.954679489135742,-62.712365900219645,80.78954439188796,0.28974229719574385,1.6646912097930908,0.6666666666666666,42.11041662428114,0.8644362632062504
06406000,0.30896615982055664,0.8517868518829346,0.15318793058395386,20.156335830688477,-68.59439060899277,66.66809102692586,0.4153274643673064,1.4198307991027832,0.3333333333333333,77.68380641937256,0.6210317470115594
06409000,-0.5349987745285034,0.8626296520233154,0.6268760561943054,5.351946875452995,-50.32787402458659,41.343555523615045,0.25310287884261873,1.3393751382827759,1.7692307692307692,45.73736924391527,0.3489936923458458
06431500,0.5353583693504333,0.9662079215049744,-0.07271318137645721,-1.2588398531079292,-24.445344740369123,59.87663719007305,0.7575101314445136,0.962131679058075,0.8333333333333334,34.424034754435226,0.7628809960123768
06447000,0.329062283039093,0.8391158580780029,0.10658958554267883,-14.972850680351257,-31.3271930703459,-13.218581277409749,0.4978894641344711,1.2892282009124756,0.4,68.08053016662598,0.6224045406759716
06447500,0.37067711353302,0.9061436653137207,0.2555333971977234,-2.2674333304166794,-24.45322869724908,-12.223026467082997,0.587283878034792,1.2601301670074463,1.2857142857142858,49.46399416242327,0.6936376622658463
06450500,0.30620884895324707,1.0185681581497192,0.007777821738272905,8.448261767625809,9.486538571837269,12.901363967539007,0.6590323181916142,1.007779598236084,0.7647058823529411,53.637044570025274,0.6596271729529564
06452000,0.4359932541847229,0.8023324608802795,0.11513834446668625,-17.383331060409546,-25.959179953061877,-7.788109576602458,0.5214149504955318,1.2971429824829102,1.1875,50.476402044296265,0.6811313098645321
06453600,0.5272050201892853,0.99290931224823,0.12769825756549835,-2.2264009341597557,-42.40500320101964,-17.720008248565907,0.49886352231872666,1.4452606439590454,0.5454545454545454,51.710596951571375,0.7701512446168646
06464500,0.4897703528404236,0.9506368041038513,0.13731776177883148,-4.211755841970444,-10.118711090265872,-133.50367502466273,0.6638917023644462,1.2107115983963013,1.3076923076923077,38.01861176123985,0.7428372403872125
06468170,0.6173478066921234,0.49204203486442566,-0.08152958750724792,-50.05152225494385,-33.57175821472876,-7.038138536662286,0.3665828165011391,0.6410822868347168,2.0,76.03279113769531,0.8801079269377674
06470800,0.6961375176906586,0.6626101732254028,-0.022922523319721222,-31.585904955863953,-50.95542835530404,-19.841701054972383,0.619740117276345,0.8984274864196777,0.8333333333333334,52.03631718953451,0.8570010220910986
06477500,0.3854391574859619,1.1510634422302246,0.11487793177366257,23.21270853281021,-57.94898692934611,-53.10456168526139,0.3299199652950645,1.6025207042694092,1.4285714285714286,53.67999076843262,0.7486916430788297
06479438,0.3110366463661194,1.1392966508865356,0.12271066009998322,38.01151216030121,-41.1039063318921,-170.21485362820692,0.3928943476138863,1.516398310661316,1.3636363636363635,52.84221822565252,0.712760551182289
06601000,-0.04585123062133789,1.205811619758606,0.03036871738731861,28.514429926872253,3.5909449338604307,-8.724002398280811,0.5341107670605478,1.0432159900665283,0.4444444444444444,87.54128879970975,0.5842756529335575
06614800,0.846025288105011,0.9762434959411621,0.03736956790089607,-11.346378922462463,-0.244896769183234,-1137.2542133963104,0.8905992003738141,1.0730925798416138,0.9,25.046520233154297,0.9221434765363326
06622700,0.8515549749135971,1.2032870054244995,0.09920898824930191,12.134010344743729,29.424679727042413,10.493812406432369,0.6991945266093457,1.2180010080337524,0.6,20.534074306488037,0.9595786350603672
06623800,0.9045778661966324,1.1340911388397217,0.09946148842573166,6.378444284200668,29.02284642134514,-21.118035956081428,0.7673159858780213,1.1878150701522827,0.9,12.886711359024048,0.9702188593859002
06632400,0.8092342615127563,1.1676360368728638,0.11814852803945541,5.598665028810501,-1.2126966804679336,-205.6077374247072,0.6752322471224481,1.270771861076355,0.7,25.627059936523438,0.9363222825476475
06746095,0.8166212886571884,0.8004682660102844,-0.05539713054895401,-31.508949398994446,7.868280389127219,-789.1168519010862,0.7545420389867523,0.8871504664421082,1.0,31.76271915435791,0.9122407809309777
06784000,0.16226303577423096,1.0833783149719238,0.1772635579109192,9.443563967943192,-3.484389459767608,68.83512925014247,0.5746923676638784,1.1945037841796875,0.625,46.07104957103729,0.6310787121138416
06803510,0.6109046638011932,1.3260488510131836,0.014121031388640404,37.56003975868225,124.30677870269973,-108.92873845308124,0.6509969050104811,1.0643571615219116,0.0,49.16108979119195,0.8934473706279917
06803530,0.5698949098587036,1.2321972846984863,0.01905667409300804,15.987057983875275,46.643823774766375,-594.2663120566839,0.7115571410996934,1.0776318311691284,0.06666666666666667,90.23054122924805,0.847497532418127
06814000,0.7503738403320312,0.801969587802887,-0.019907066598534584,-18.340523540973663,-0.09628726102583124,18.907788592563,0.7497940419500844,0.920989453792572,0.2777777777777778,45.25506231519911,0.8690637144381987
06847900,0.25996655225753784,0.8171213269233704,0.16285055875778198,22.757934033870697,-29.863960876945654,-12.352326560065762,-0.1489549383120603,2.0552170276641846,0.375,57.47599005699158,0.5838631646525806
06853800,0.5638125538825989,0.7991157174110413,0.15464310348033905,-9.095420688390732,-76.20057760440844,81.09355849555394,0.13202856028398313,1.8117066621780396,0.6666666666666666,61.836532751719155,0.7672937049686871
06876700,0.1745671033859253,1.0707608461380005,0.1264619529247284,1.5222374349832535,-48.49183308794917,61.560112382050534,0.4620620910458827,1.3785068988800049,0.46153846153846156,42.73651563204252,0.6243637077650721
06878000,0.7343212962150574,0.846122145652771,0.04373066872358322,-18.568791449069977,4.441056756815157,41.46832808374042,0.7202878564176709,1.1855581998825073,0.26666666666666666,49.08681551615397,0.8581245487574473
06879650,0.283136248588562,0.7531903386116028,0.023786237463355064,-13.839666545391083,-81.84575374440463,-344.09339026177025,0.486569875315937,1.1157951354980469,0.5,81.10299905141196,0.5649287752868203
06885500,0.7658964693546295,0.7956714630126953,-0.0028055140282958746,-20.1317697763443,-3.7878564978203464,-185.84113742042058,0.762293736402994,0.9879758954048157,0.11764705882352941,46.207747739904065,0.8791300796949009
06888500,0.6366558372974396,0.9229348301887512,0.015062006190419197,-10.21009385585785,9.330355287798508,-188.48726379643463,0.7857347269617792,1.0502773523330688,0.1111111111111111,49.879582722981766,0.8064986959359622
06889200,0.354525625705719,0.5441692471504211,-0.01750056818127632,-21.013741195201874,60.29416883175179,28.33601615432903,0.3821081930307464,0.8882085680961609,0.2777777777777778,49.00390836927626,0.5981153329259689
06889500,0.582773357629776,0.6702473163604736,0.00040516845183447003,-19.471681118011475,13.345721302378902,-183.97818914785492,0.597878433762264,1.0021333694458008,0.2,52.35633850097656,0.7698687974201933
06892000,0.8160720020532608,0.9111840724945068,0.02956528589129448,-9.842927008867264,-31.09698793210561,-99.37420438670034,0.8311600716620571,1.106675386428833,0.42857142857142855,39.74170230683826,0.9038802083192028
06903400,0.5964904129505157,1.0433366298675537,0.0649033933877945,6.804510205984116,-42.539321228389205,-20.58986181941406,0.7233405014625146,1.195931077003479,0.23529411764705882,45.84700921002556,0.8095441581179713
06910800,0.7366524934768677,1.0502086877822876,0.05930112302303314,-4.865372180938721,-24.723537660892436,-8.295418116299237,0.7104197982037043,1.2575432062149048,0.36363636363636365,55.99530393427069,0.8774958046591418
06911900,0.7629799544811249,0.86457759141922,0.03136651962995529,-13.198879361152649,-19.27080084588445,-14.04980618442895,0.7582573345997398,1.1557241678237915,0.09523809523809523,77.24227905273438,0.8741021402700185
06917000,0.7598370760679245,0.7616375088691711,0.04961910843849182,-21.9782754778862,-45.57576613286718,65.1811714649765,0.6554604641130953,1.2186092138290405,0.3333333333333333,36.35389539930556,0.8812531000820736
06918460,0.32018548250198364,1.4200444221496582,0.11357056349515915,53.657400608062744,-22.315924394157683,39.341428028276056,0.4860513311335405,1.2405850887298584,0.3125,52.404844760894775,0.8273016134081981
06919500,0.8112279027700424,0.9618691802024841,0.08736985176801682,-5.091567710042,-44.853997041069654,78.74388805807283,0.7088921697298471,1.2730668783187866,0.4375,35.02039313316345,0.9065960954167416
06921070,0.7336113452911377,1.0157476663589478,0.13151638209819794,1.8657900393009186,-45.13604089182843,53.001672812515984,0.5560163197218233,1.4264609813690186,0.16666666666666666,33.998611238267685,0.8775069360029919
06921200,0.6961555182933807,0.8553285002708435,0.105105459690094,-13.852488994598389,-53.486217550369076,84.53126470733963,0.5352233245199135,1.4121044874191284,0.16666666666666666,45.62779002719456,0.8410742101310937
07014500,0.8015670329332352,0.952468752861023,0.1595163345336914,-3.6321762949228287,-25.839773769056094,-23.57402474157931,0.6673222567417625,1.316832423210144,0.2222222222222222,42.06914107004802,0.9103759127935159
07056000,0.8430223613977432,1.0227329730987549,0.055223580449819565,11.770392954349518,-34.15063439565626,19.589629582726058,0.8127913074095355,1.1700153350830078,0.42857142857142855,24.838360718318395,0.9249993843216278
07057500,0.832499548792839,1.208225965499878,0.03344539552927017,27.784958481788635,29.441937686494125,-109.55284104822111,0.7792982056489021,1.0525290966033936,0.25,36.660075187683105,0.9490890647162191
07060710,0.5741254091262817,0.6759742498397827,0.06930340081453323,-21.90881371498108,-38.35180267871974,30.21558102516895,0.4820849161383811,1.3295196294784546,0.13333333333333333,48.74086380004883,0.7662048736331782
07066000,0.7504007816314697,1.0163682699203491,0.005550689063966274,-3.6103200167417526,-14.709907778186029,-43.77613057607478,0.8758258527373737,1.0104901790618896,0.3684210526315789,28.14030647277832,0.8773572067691522
07067000,0.6956119239330292,1.2337783575057983,0.1173778846859932,12.981067597866058,-11.544845295721984,15.928129142043781,0.6946976471406998,1.1715028285980225,0.16666666666666666,36.04990641276042,0.9043758084677672
07068000,0.856840118765831,1.0136116743087769,0.035618171095848083,-2.275141328573227,3.758609586438491,-3.707927816319233,0.9141073647609981,1.0480213165283203,0.6666666666666666,25.333208507961697,0.9300984959410823
07071500,0.8214778453111649,1.0012869834899902,0.07749438285827637,4.3801844120025635,-14.857073705880275,44.47024535342533,0.8530080393024737,1.1190954446792603,0.35714285714285715,39.994808605739046,0.9138532923446935
07083000,0.8516951203346252,0.9314004778862,0.01022969838231802,-7.8071050345897675,-11.48407384038134,-91.98718396509189,0.8957499349282962,1.0151106119155884,1.1,26.288638114929196,0.9229685061760502
07142300,-0.010952591896057129,0.931998610496521,0.2644178867340088,3.709873929619789,-69.89612796392115,-64.40998730162588,0.0012531595924980543,1.860521912574768,1.5,56.89268112182617,0.49763250480526955
07145700,0.7653613686561584,0.9642409086227417,0.02442266047000885,-5.902270600199699,32.499867105514404,-202.498574937329,0.8363304751647177,1.1045994758605957,0.13636363636363635,44.52591809359463,0.8793022353422871
07148400,0.4938350319862366,1.1083258390426636,0.28615373373031616,21.480558812618256,-41.13360280269979,76.21008144260958,0.3523923098752696,1.6107563972473145,0.5294117647058824,36.73039885128246,0.8138875175441678
07149000,0.5758987665176392,1.1510037183761597,0.026515835896134377,13.302946090698242,8.088314627319495,90.62817338417815,0.7663034952150742,1.0391006469726562,0.47368421052631576,37.72391269081517,0.8259796770730959
07151500,0.6304689049720764,0.7909530401229858,-0.054071780294179916,-20.060795545578003,33.55136323996844,39.58205437515591,0.671641084995187,0.8501604199409485,0.75,58.661680221557624,0.7958749258982544
07167500,0.7317431271076202,0.8205209970474243,0.0077066561207175255,-15.262599289417267,-11.039994065560437,-61.7762756502844,0.7664329282602709,1.0407664775848389,0.23529411764705882,51.308536529541016,0.8561981960977335
07180500,0.7070845365524292,0.9623162150382996,-0.021547984331846237,-9.566374123096466,86.07402072497288,29.892723256503935,0.8173989577949808,0.9048293828964233,0.21052631578947367,47.79564204968904,0.8487861560390587
07184000,0.7194739580154419,0.8240376114845276,0.021142276003956795,-13.052906095981598,-21.17814502471667,-22.97160523424551,0.7497955291207908,1.0937625169754028,0.4444444444444444,46.63119316101074,0.8488441020458934
07195800,0.3035266399383545,1.3143203258514404,0.04680957645177841,22.039395570755005,20.63710170408622,88.93750741483025,0.6013052541671016,1.0940272808074951,0.125,82.29895830154419,0.7734627986944478
07196900,0.5708751082420349,1.086885690689087,0.058851808309555054,9.587372839450836,-33.53356066381404,85.87357524329992,0.7213563704031877,1.1819254159927368,0.4090909090909091,51.041728799993344,0.8076557978928517
07197000,0.7652579993009567,1.1274755001068115,0.07843918353319168,13.865120708942413,-21.84295134028217,41.796076954852154,0.739321505516171,1.2069687843322754,0.2631578947368421,46.74060721146433,0.9058342064712772
07208500,0.67818284034729,1.154198169708252,0.20650671422481537,16.514289379119873,-13.697368803616058,-463.047508948062,0.6113513525773115,1.3391607999801636,1.2727272727272727,28.59349250793457,0.8893625408872484
07226500,0.15993881225585938,0.4103928506374359,0.0649350956082344,-63.823843002319336,-81.77154553828633,-2022967382812.5,0.04979719510463321,1.4488372802734375,0.3333333333333333,87.25190162658691,0.4051942538203609
07261000,0.8387042582035065,0.8045397400856018,0.05953473225235939,-16.676655411720276,-32.74371353744809,73.01284325773287,0.7378045080203122,1.1581834554672241,0.15789473684210525,28.72006265740645,0.9257049313539911
07291000,0.6161611676216125,0.7598320245742798,0.036188025027513504,-8.386070281267166,24.71475676235205,-181.71534582007004,0.6458754341757428,1.148420810699463,0.2631578947368421,42.83767499421772,0.7862365450984581
07292500,0.7856293469667435,0.9937805533409119,0.019576717168092728,6.349820643663406,5.654204752416902,32.64276124577868,0.8803394902433627,1.051891803741455,0.3157894736842105,43.578489203202096,0.892356157710107
07299670,0.16777312755584717,0.6884419918060303,0.02539438009262085,-18.477456271648407,-0.023944140629090546,-565.1598870379319,0.36926998176066095,1.1271677017211914,0.5333333333333333,102.00846989949544,0.46653928066130923
07301410,0.12141436338424683,0.6417380571365356,0.0806821659207344,-14.236688613891602,-51.35567262443354,85.72601649665485,0.30593315011554045,1.132672667503357,0.6875,52.222973108291626,0.42053892649999663
07301500,0.5326873660087585,0.6559870839118958,0.13235656917095184,-22.13730961084366,-42.03517022751541,54.83675519898087,0.47533286516683215,1.3051339387893677,0.5625,29.590457677841187,0.7473658864335797
07315200,0.3257795572280884,1.0720329284667969,0.1320900321006775,9.540342539548874,-68.41644493893838,-1241.527810035765,-0.12053980624307847,2.076134204864502,0.45454545454545453,70.70655822753906,0.6960988849766767
07315700,0.5268342792987823,1.1587786674499512,0.18058721721172333,14.319290220737457,-35.60668115669684,-53.8415982235908,0.09984578190335403,1.8677260875701904,0.6666666666666666,49.42291047837999,0.8207839625755212
07335700,0.43573856353759766,0.8613401651382446,0.09421701729297638,-6.597535312175751,-35.72292966623522,-25.416297004336574,0.5425333691885523,1.3052573204040527,0.5263157894736842,62.69290823685495,0.6887651419878783
07340300,0.6933988928794861,0.959907591342926,-0.0094519117847085,-2.8794847428798676,15.457756618850027,-591.5410850224596,0.8342836829605886,0.9748839139938354,0.16666666666666666,41.114679972330734,0.8411803578743743
07346045,0.8150997757911682,1.0913554430007935,0.07909025251865387,12.865203619003296,-33.196658249272915,-22.415358282296964,0.7978905212587393,1.1625269651412964,1.2857142857142858,30.805478777204243,0.92197814387524
07362100,0.7066294848918915,0.9060906767845154,0.1421458125114441,-0.43669119477272034,-59.48027529454225,90.4043901252286,0.5526128405599632,1.412380576133728,0.4,39.996417363484696,0.8541282416893212
07375000,0.6266596615314484,0.8187668919563293,0.030414825305342674,-6.157805398106575,58.943405944489825,-57.52590629637777,0.7138615940044752,1.0776456594467163,0.5882352941176471,54.90042181575999,0.7926334175823513
08013000,0.7208708822727203,1.13168203830719,0.13303826749324799,18.052519857883453,-30.397626517889044,39.771192342858356,0.6567857329923,1.2980362176895142,1.2941176470588236,28.31891564761891,0.8921561925272244
08014500,0.711170107126236,1.099601149559021,0.11948657780885696,16.798175871372223,32.618751703139914,-14.980043825993764,0.702527504075148,1.2531598806381226,1.0,43.290180630154076,0.8796689081177512
08023080,0.6555124223232269,0.7913708686828613,0.09760366380214691,-18.531206250190735,-75.10967201567769,88.16602948150093,0.5415787801427043,1.364306092262268,0.5714285714285714,42.16870920998709,0.815866973299457
08029500,0.5069575011730194,0.653965950012207,0.0191064290702343,-14.560489356517792,42.197449751469314,-6.943638576254261,0.5470340970371066,1.0643140077590942,0.2631578947368421,35.79866007754677,0.7148644990500163
08066200,0.5582611858844757,1.0970735549926758,0.06531994789838791,8.778034150600433,-4.02222209333758,-3.0968804097029676,0.6473934861577464,1.2772170305252075,0.35,53.7907600402832,0.8049133615240205
08066300,0.6242476105690002,1.0913634300231934,0.039120614528656006,8.59954059123993,-7.152534821752952,-11.148968364938868,0.7898051333713213,1.0879614353179932,0.7368421052631579,35.23720942045513,0.832377234516777
08070000,0.5794654190540314,1.0039962530136108,0.0997190773487091,3.309180587530136,2.4431124645420854,-62.40784708909558,0.6253398779938161,1.3139206171035767,0.6470588235294118,37.20483499414781,0.7955297499858489
08079600,0.11725884675979614,0.10872433334589005,-0.07974634319543839,-87.91623711585999,-93.26006311063412,47.288739649841816,-0.18749619861684041,0.3118596374988556,0.8333333333333334,96.33589850531685,0.6228557977954429
08082700,0.2663273215293884,0.32607367634773254,0.016504300758242607,-34.13560390472412,-86.92691390736033,-6039.256179972668,0.15500042404697245,1.2766342163085938,0.25,74.24279848734537,0.5718398617144915
08086212,0.5100277662277222,1.0933414697647095,0.1068294420838356,30.041781067848206,-82.03642418259871,-172.55328795951888,-0.12070887668526797,2.0959506034851074,0.5,67.24511782328287,0.7851325268358477
08086290,0.6238090395927429,1.050331473350525,0.07668852061033249,5.267886072397232,-82.74476748254696,-390.8163538778583,0.2208819510516824,1.7575222253799438,0.42857142857142855,63.57264518737793,0.8249235737090345
08101000,0.6608159840106964,0.7350354790687561,0.04641023278236389,-18.76143366098404,-41.93877117623218,-27.986611646723375,0.5915318054457368,1.2523813247680664,0.47058823529411764,49.23055873197668,0.8184959077089125
08103900,0.538423627614975,0.6439155340194702,-0.006764083635061979,-31.363016366958618,-83.05189845952884,-103.21173154706698,0.5577933923061946,0.965481162071228,0.4,56.94549560546876,0.7400788834983368
08104900,0.49553483724594116,0.529498279094696,0.019450969994068146,-16.736845672130585,-27.959081700761974,-11.567318071446206,0.44327935590225365,1.131513237953186,0.16666666666666666,66.18960698445639,0.7330350689082447
08109700,0.6134000718593597,0.7242551445960999,0.021882910281419754,-33.96512269973755,284.1546037930865,40.18641511719775,0.6400719936644629,1.0876699686050415,1.0,51.665856043497726,0.7859277667053766
08150800,0.3586057424545288,0.8671557903289795,0.021242523565888405,-21.900421380996704,-38.4923862052459,59.86898505485841,0.5939491887081547,1.134417176246643,0.35714285714285715,68.87963158743722,0.6406092655096314
08158700,0.6434403359889984,0.9984182715415955,0.10572096705436707,15.063349902629852,-62.18789830063307,76.92997930679266,0.6259568229360146,1.33164644241333,0.42857142857142855,64.3324443272182,0.8270363226634404
08158810,0.5462588369846344,0.5616167187690735,0.0037383181042969227,-29.13842499256134,-51.510262008602304,77.09885011688814,0.5033927098390096,1.014791488647461,0.38461538461538464,64.62167593149039,0.7671478768792508
08164000,0.5915696918964386,1.0929725170135498,0.009951142594218254,-8.477316796779633,30.55860627800194,-103.12063834933309,0.7918099462809272,1.0355979204177856,0.6666666666666666,51.79980141775948,0.8171558105663606
08164300,0.6388460993766785,0.8484982848167419,0.002129963831976056,-18.409016728401184,-9.241118935515507,-2.2109985306725006,0.7494029082735432,1.0113636255264282,0.6470588235294118,50.41987475226907,0.8007087540979678
08164600,0.6561647951602936,0.9639591574668884,0.0560271181166172,-1.3482235372066498,-21.353916341593784,-16.943225936818173,0.6527788083774431,1.2971066236495972,0.3888888888888889,41.0610278447469,0.8239566310114793
08165300,-0.04666280746459961,1.00028395652771,0.08537551760673523,63.68308067321777,111.35703776158175,-468.91127043558924,0.3363067303932885,1.4129981994628906,0.2857142857142857,104.22670500619071,0.4804606244659142
08171300,0.631716787815094,0.8120453357696533,-0.015373260714113712,-11.422375589609146,-20.923689484323006,-33.276329718396845,0.7156945891850236,0.9405626654624939,0.08333333333333333,59.203151861826576,0.7951346440322163
08175000,0.7061978280544281,1.028170108795166,0.09205575287342072,11.021751165390015,45.095102111932725,12.066632117895661,0.4798402003972282,1.5006262063980103,0.4,34.34347788492838,0.861630698632966
08176900,0.6144833564758301,1.0940170288085938,0.04824725538492203,0.6824866868555546,-9.8729493663803,-16.18639263983112,0.6573114908283939,1.2816462516784668,0.21428571428571427,45.09687083108084,0.8289105452468454
08189500,0.7122586369514465,0.9401569366455078,0.02641119621694088,-9.76063758134842,12.106780511834007,-9.199584671583052,0.7802567063733266,1.1482548713684082,0.3076923076923077,34.09303885239821,0.8492471692544867
08190000,0.6267507076263428,0.8425776362419128,-0.08206047117710114,-10.241082310676575,17.69424067524952,-649.450700864796,0.6272438652470175,0.7297384142875671,0.1,39.48522329330444,0.7972094413612866
08190500,-0.522691011428833,1.6403898000717163,0.279068261384964,100.58543682098389,-63.65722035356296,55.35098462792699,-1.860066763480328,3.7695512771606445,0.125,54.83369827270508,0.6846136992404601
08194200,0.24765300750732422,0.42031222581863403,-0.03672117739915848,-54.65916395187378,-81.64846982338467,-433.7355041346033,0.1735536385489418,0.6785947680473328,0.6363636363636364,75.44952739368786,0.5063661785353449
08195000,0.16422110795974731,0.9662039279937744,0.006439293269068003,21.87190353870392,26.344240953719662,-298.19273123296836,0.5660550447394419,1.025172472000122,0.25,73.33118319511414,0.5681060357374268
08196000,0.06717997789382935,0.7944789528846741,0.05875055864453316,35.857200622558594,-19.678258429674315,34.613397846103766,0.29477049375238085,1.3786829710006714,0.0,113.68700174184947,0.4416909788038658
08198500,0.39551854133605957,0.44537609815597534,0.021190814673900604,-22.763456404209137,-10.884811937515428,-21.375186110000673,0.2915832869160706,1.2889703512191772,0.2857142857142857,57.57316180637905,0.6672197376703158
08200000,0.32443344593048096,0.3253093659877777,-0.02150323987007141,-36.79819405078888,-50.23721430013772,72.02158086942374,0.22011651307691826,0.8030744791030884,0.42857142857142855,73.46835817609515,0.6620190230634717
08202700,0.3454451560974121,0.5644685626029968,0.10114841908216476,43.79013776779175,173046708.10699463,-2711172070312.5,-1.62740736031501,3.5595712661743164,0.42857142857142855,53.684527533394956,0.5972882700352573
08267500,0.8075038492679596,0.6815913319587708,-0.037180788815021515,-27.78538167476654,-18.208021467095925,70.41129701086223,0.6710923502239898,0.9503673315048218,1.25,37.25655674934387,0.9341762929072165
08269000,0.854575052857399,0.7516475915908813,0.021033817902207375,-19.73675787448883,-42.31827906337102,64.1749826064874,0.7433496638614864,1.0334628820419312,0.875,23.460783064365387,0.9445859963289949
08271000,0.9066239595413208,0.8534948229789734,-0.035250719636678696,-16.533952951431274,-2.9014720596695955,20.17839035513882,0.8413880629366743,0.9555027484893799,0.6666666666666666,26.707230673895943,0.9585998273793618
08324000,0.6431362628936768,1.061996579170227,0.13592030107975006,12.045614421367645,-17.230268776810316,-4.720924651146969,0.726710380543816,1.214557409286499,1.3076923076923077,47.26093732393705,0.8424920370458642
08377900,0.7792645543813705,0.9658306241035461,0.0881413072347641,-1.672036200761795,-29.886416565301445,-86.01689134118686,0.8206779419077753,1.1377192735671997,1.0,37.4251278963956,0.8903539514738408
08378500,0.8398441076278687,0.9661323428153992,0.11898327618837357,-2.3130103945732117,-31.968985829529185,-14.9447405364337,0.8117695308934783,1.169304370880127,1.0,26.883080005645756,0.9250351996082693
08380500,0.5533983111381531,0.7970111966133118,0.04905341565608978,-22.31757640838623,-23.780348463223074,-17.972107412366025,0.6639919346833117,1.0882161855697632,0.9375,51.753705739974976,0.7471860955939619
09034900,0.9404307268559933,0.9639344811439514,0.0005697200540453196,-6.857147812843323,1.166431684969696,-1035.400130722103,0.9529333479960386,1.0010236501693726,0.8,14.497802257537842,0.9697758338272707
09035800,0.8078786730766296,1.2084003686904907,0.1590617299079895,19.00656819343567,0.1938131979261064,38.10819810259033,0.6823979453986104,1.2341660261154175,1.2,20.971617698669434,0.9489448961414712
09035900,0.9117619544267654,0.9401609301567078,-0.07217629998922348,-4.22922819852829,14.59131072424852,-3.8698612163158264,0.8726114783282848,0.8957797288894653,1.3,27.400381565093994,0.9577477070013791
09047700,0.7739451825618744,0.8372794985771179,-0.06005512550473213,-9.697667509317398,-1.2454236522716822,53.78980346309156,0.7854248880435855,0.923390805721283,1.5,28.565460443496704,0.8829720185606902
09065500,0.8869999945163727,0.7998919486999512,-0.04328295961022377,-25.341898202896118,-0.7231086846405327,20.942714359946546,0.7794070515003365,0.918491005897522,1.3,41.55728340148926,0.9555668973278434
09066000,0.932191900908947,0.9508941769599915,-0.01761443167924881,-1.9838331267237663,8.259204242485204,24.32535230491339,0.9311087088621882,0.96589195728302,0.6,12.701311111450195,0.965776184312459
09066200,0.8426587134599686,0.8362694382667542,-0.018344108015298843,-21.774841845035553,-20.90035787718339,67.37864469704789,0.8152418502716907,0.9643883109092712,1.3,41.31147861480713,0.9221560237035041
09066300,0.8948200717568398,0.8972797393798828,0.10035312175750732,-10.282375663518906,-40.98048042469853,96.80287714121333,0.7634350978441009,1.2078251838684082,1.0,25.284700393676758,0.9528810660113407
09081600,0.9399979822337627,1.0134934186935425,0.026970399543642998,-5.075713247060776,0.6682171909486734,56.65256861397665,0.9490109858216067,1.0395969152450562,0.7272727272727273,18.822958252646707,0.9708471009688403
09210500,0.805830642580986,0.8109318017959595,-0.08342503011226654,-25.33264458179474,9.551268101549232,-3.0826535608146095,0.7654974829486696,0.8974168300628662,1.5,40.939555168151855,0.9066118841771809
09223000,0.8570882380008698,0.7513128519058228,0.06799954921007156,-26.126408576965332,-24.19742055834937,80.12177678535333,0.7174358001036638,1.124133825302124,1.4,30.789134502410885,0.9491273860342997
09306242,-4.920217037200928,2.421348810195923,1.4718366861343384,104.07179594039917,21.384630052837043,-724.6389278174431,-1.5578147386535472,3.096191883087158,2.111111111111111,64.75456555684408,0.642000857113507
09312600,0.6047095060348511,1.3352808952331543,0.23013068735599518,17.830395698547363,-34.314543358968244,-7.915760828759849,0.34191504679851914,1.559687852859497,2.25,52.74730324745178,0.9139068278934044
09352900,0.7987617701292038,0.8038637638092041,-0.08023010939359665,-21.142733097076416,-17.590629623217772,57.31792569096393,0.7531365016444778,0.8859080672264099,1.25,53.726089000701904,0.90276217531628
09378630,0.4024919867515564,1.264359712600708,0.26998236775398254,16.26436561346054,-85.65134319245928,-436.2660961121353,-0.014878840576966201,1.963200569152832,1.0,54.98133659362793,0.8201732306129629
09386900,0.1906428337097168,0.6241382956504822,0.12813785672187805,-29.65674102306366,-75.58228281799367,-196.02588704429434,-0.01911147229455068,1.790428638458252,1.5,80.46600023905435,0.4779475699981119
09404450,0.6004645228385925,1.2997924089431763,0.3243969976902008,29.700133204460144,-36.05170738760883,39.73073351274428,0.4801980709382263,1.4172943830490112,0.75,28.64695390065511,0.9213618739278865
09430500,0.5278452932834625,0.9541041851043701,0.10668829083442688,16.31891578435898,15.503751445899095,-19.79188961952764,0.6333414853016526,1.2730510234832764,0.6666666666666666,80.96520900726318,0.7596353205011194
09430600,0.31297850608825684,0.3462609052658081,-0.00980751309543848,-40.740689635276794,-39.962696293111996,-23.563219647806026,0.24428683876646917,0.9429051876068115,0.6,70.14835834503174,0.625209711337817
09480000,-0.3865010738372803,1.015263319015503,0.08214987069368362,73.77813458442688,410.99372663786653,44.87297080092085,-0.12911876571536363,1.9017235040664673,0.6666666666666666,136.62937482198078,0.32060987614088116
09492400,0.7025741338729858,0.942030131816864,-0.05573640018701553,-4.472751170396805,3.3852954491742695,34.40855306934756,0.8228450796128592,0.9353920817375183,0.6875,44.16317641735077,0.8455682121517966
09494000,0.5657775402069092,0.9531784057617188,0.1342814713716507,-0.6340480409562588,-41.03633001019744,69.20664125950772,0.698706951062426,1.2035276889801025,0.8,48.417669932047524,0.7828325082580181
09497980,0.7021425366401672,0.8118593096733093,0.04616789519786835,-16.625845432281494,30.719280836824066,-80.67657055907728,0.6199792684393748,1.2886407375335693,0.25,49.041879177093506,0.8396710827849632
09505350,-0.010385632514953613,1.3653590679168701,0.08753455430269241,29.734310507774353,-74.2961332133507,-20095.86348534522,0.3538100181779541,1.4274903535842896,0.7777777777777778,54.97056113349067,0.6816821687519359
09505800,0.19141864776611328,1.2269798517227173,0.08568497002124786,25.576695799827576,520.746857879722,-3712.724677625625,0.46757191002546483,1.372318148612976,0.2222222222222222,78.00649007161459,0.6944856564426626
09508300,0.636989951133728,0.6189919710159302,0.0028177720960229635,-32.63099491596222,-80.62550829059867,-113.00032652639602,0.5797948280350573,1.0210607051849365,0.3333333333333333,62.60798242357042,0.8240405868023126
09510200,0.745723158121109,0.690227210521698,-0.018288500607013702,-30.72575032711029,-65.45465111958659,-82.42827873846772,0.6410867777442435,0.8594213724136353,0.2727272727272727,71.31313410672274,0.88555713445227
09512280,0.4469398260116577,0.7037451267242432,0.03533634543418884,4.244985058903694,22.108604183915304,-349.09843535390473,0.33953537159651903,1.4896395206451416,0.3333333333333333,71.65938483344185,0.6703036013922666
09513780,0.4883860945701599,0.6341145634651184,0.009306731633841991,-8.885083347558975,11.120218495751331,-160.84396652909768,0.5157036118270157,1.109531044960022,0.5555555555555556,60.03212398952908,0.7022185547770938
10172700,0.14735794067382812,1.5347297191619873,0.48052623867988586,59.18084979057312,-20.750297005726427,50.418216399832595,0.3345323379625663,1.3807135820388794,0.5,50.538480281829834,0.8905993367769841
10172800,0.8130684494972229,0.8569769263267517,-0.04586302489042282,-16.961920261383057,17.90580153174718,6.7605521442647465,0.8205506642794037,0.9495106935501099,1.5,35.95738172531128,0.9040974743720013
10205030,0.7132704854011536,1.020877480506897,0.2804908752441406,-8.136549592018127,-11.518401498560069,61.298994167196874,0.6445418964001908,1.3399624824523926,1.8,27.78285264968872,0.8983136943966221
10234500,0.798117384314537,0.7036008238792419,0.03163496032357216,-32.29023814201355,-32.756977593665866,-0.4007684178560075,0.6893951642863414,1.0465967655181885,1.0,28.8540866639879,0.9196779369856101
10242000,0.7859175354242325,0.9172900915145874,0.033013299107551575,-12.084244191646576,13.73360796903444,-42.65281758699257,0.8412576645235381,1.0757046937942505,1.0,54.706106185913086,0.8876300776525363
10244950,0.5276802480220795,1.150879979133606,0.1406792551279068,12.290693819522858,-32.167224474803504,34.115180696067,0.7159654267959084,1.1518216133117676,2.8333333333333335,35.75938542683919,0.8132888101819142
10249300,0.7203329205513,0.7076129913330078,-0.024471880868077278,-27.878370881080627,-21.145259589620032,43.34536884889971,0.6733662206047113,0.9500998258590698,1.7142857142857142,38.76300198691232,0.8632175609753826
10258500,0.11518949270248413,1.656341314315796,0.20333001017570496,76.28466486930847,-83.18755703706692,-2342166210937.5,-0.8424849949904807,2.717104434967041,0.2857142857142857,207.09088189261303,0.8754231349575546
10259000,0.6729061007499695,0.8982617259025574,0.1826184093952179,39.403825998306274,23.29154618158465,77.57691893015001,0.4204875064115656,1.548270344734192,0.375,34.73249077796936,0.8422543728219091
10259200,0.4537312388420105,1.185605525970459,0.1645033359527588,59.61066484451294,-90.50816641424879,-611.3661745902525,-0.5088945388976294,2.483414888381958,0.2222222222222222,99.43353864881728,0.7955652006847604
10263500,0.6096673905849457,0.47178226709365845,-0.1197463646531105,-48.149606585502625,-25.605825154319202,39.542478657507644,0.35535088064041187,0.6450425386428833,0.14285714285714285,62.24340711321149,0.8972200682949814
10316500,0.8529767245054245,0.9698382616043091,0.052952367812395096,-8.596644550561905,-27.638044310796,59.172801815125055,0.8664990066122865,1.1070235967636108,0.7,29.932770729064938,0.9261167508278348
10329500,0.5158326327800751,1.0874454975128174,0.27989664673805237,7.060559839010239,-37.415324940559465,49.45539960770782,0.4528731907400574,1.5081169605255127,1.0,54.26024913787841,0.8169202774690326
10336645,0.8752304464578629,0.9023890495300293,0.0698089450597763,-10.011117160320282,-24.459139870522275,-768.3795219974321,0.8133718300808592,1.1468415260314941,0.7272727272727273,33.55112942782315,0.9388465668301555
10336660,0.8509290814399719,0.9445276260375977,0.06350554525852203,-7.359904050827026,-20.031647013672945,-466.64700838823137,0.8468877005944027,1.1213210821151733,0.9090909090909091,30.16396002335982,0.9248509015979032
10343500,0.6339554488658905,1.34342360496521,0.15627488493919373,26.96162462234497,-12.222442507341796,-1789.7774552037322,0.5448616000459839,1.2868456840515137,1.1818181818181819,31.909812580455434,0.9167489086773003
10396000,0.7533795386552811,1.015340805053711,0.1802244931459427,-5.710666254162788,11.663209896590198,34.73969945487317,0.7299968176940871,1.2481343746185303,0.5714285714285714,31.334768022809712,0.894663822509572
11098000,0.7396139800548553,0.5698839426040649,-0.014231626875698566,-39.902254939079285,-47.01620573941829,90.56352027889987,0.5552329698845403,0.9079856872558594,0.125,51.39114856719971,0.934035960568455
11124500,0.7601957321166992,0.8830292224884033,0.10469810664653778,4.069951549172401,-45.330284107172524,-74.72855493624051,0.42175343254117215,1.5530318021774292,0.125,73.0913519859314,0.8781691510058554
11141280,0.5315080881118774,0.9421194195747375,0.04251454398036003,2.3465989157557487,87.89838580228648,-57.004936790152684,0.7214465117116442,1.1173673868179321,0.4,55.36898612976074,0.7541000594575595
11143000,0.7351801097393036,0.9934473037719727,0.08301932364702225,-8.449624478816986,26.394371839338255,23.88382084775028,0.7990016579888988,1.1533336639404297,0.6666666666666666,43.61017942428589,0.8702071528705908
11148900,0.7290674149990082,0.85932856798172,0.08708496391773224,-13.022167980670929,-83.16077560359167,76.69877086267225,0.6206570896234301,1.322535753250122,0.09090909090909091,37.09760579195889,0.8582845112831025
11151300,0.5138084888458252,0.6495354771614075,0.031201332807540894,-22.56370484828949,-31.714663432407477,-14.03418119140008,0.5097351387433562,1.1992835998535156,0.5,61.28194332122803,0.7210371005959075
11162500,0.8594165593385696,0.8367114663124084,0.015391851775348186,-15.719568729400635,12.871071413195518,-20.47259039701135,0.8177277008116678,1.044101357460022,0.23076923076923078,32.306971916785606,0.9320653542900197
11176400,0.4222375154495239,1.112505555152893,0.15485058724880219,8.078296482563019,-82.34315349236913,-205.2412243663031,0.2838018559894633,1.6641801595687866,0.1,39.34720754623413,0.7567984433046164
11180500,0.7052828669548035,0.7355879545211792,-0.014340764842927456,-23.88921082019806,-77.34188304558634,-526.1622047682974,0.6898829931797751,0.9456669092178345,0.3333333333333333,53.15691630045573,0.8473345377274271
11180960,0.6314123570919037,0.6887211203575134,0.02660505659878254,-21.319444477558136,-62.82151009728035,-87.00232887691558,0.6171560546238001,1.1047470569610596,0.6923076923076923,53.75032791724572,0.8032692203600829
11224500,-0.1289304494857788,1.4177879095077515,0.28127264976501465,81.06769323348999,-78.52131179639318,-825.9931513017337,-1.0934566476921854,3.0279877185821533,0.6666666666666666,51.816511154174805,0.691325719056965
11230500,0.7341646552085876,1.1944329738616943,0.16808316111564636,14.36418741941452,1.0380851971353255,-616.5926642812676,0.6571605976224268,1.269705057144165,1.25,30.565087000528973,0.9163707189510043
11237500,0.8698225021362305,1.045863389968872,0.0438343845307827,5.451875180006027,-47.46400126140704,-13.451821242774741,0.8777889454506628,1.0958893299102783,1.0,18.8169519106547,0.9396897378219756
11253310,0.4428976774215698,0.7165335416793823,0.1302126795053482,-4.697660729289055,-89.74035302658797,-596.5043657638835,-0.02411899209120083,1.9303356409072876,0.125,53.635865449905396,0.6791541301081016
11264500,0.9103881791234016,1.0570769309997559,0.08684375137090683,3.8839101791381836,-29.951764157630546,-406.81453025919853,0.838608799409211,1.1462862491607666,1.0833333333333333,22.059017419815063,0.9627216298336486
11266500,0.9229381382465363,1.031494379043579,0.044564295560121536,1.5765955671668053,-29.236134672348395,-149.60813597777863,0.9127065100243265,1.0730661153793335,0.7692307692307693,28.115256016071026,0.9640889952219892
11274500,0.5786947906017303,0.6114001274108887,0.02049674279987812,-36.85727119445801,-75.89941943517984,-1738645703125.0,0.5376578087063029,1.118493914604187,0.5555555555555556,49.35199949476454,0.7792974103555652
11274630,0.22537654638290405,1.1697639226913452,0.10608688741922379,12.324566394090652,-78.09259929454396,-322.2217926110477,0.4390840583178226,1.432698130607605,0.3333333333333333,52.59272257486979,0.6860267018449899
11284400,0.7619167864322662,0.8746307492256165,0.07557355612516403,-5.651531741023064,6.355837202541115,-15.536887620138442,0.5965869263230378,1.3628838062286377,0.08333333333333333,35.456116994222,0.8761452376741999
11381500,0.8082435727119446,0.8914142847061157,-0.15372785925865173,-13.637952506542206,69.75359844767303,-99.08497562360874,0.7740603002700284,0.8223243355751038,0.2,35.9824816385905,0.9123116392024752
11383500,0.8816343694925308,1.014348030090332,-0.07239653915166855,-1.6946086660027504,55.41192989770598,-99.82390426053863,0.877251962821247,0.8915421366691589,0.0,29.3412446975708,0.9443393626925449
11451100,0.632355809211731,1.1844216585159302,0.187363401055336,15.525372326374054,-21.76162371445252,-18.57600322705666,0.44699896595384436,1.5058825016021729,0.15384615384615385,36.864266028771034,0.8739774222645856
11468500,0.8465799540281296,1.014312505722046,0.03694206848740578,2.0909762009978294,9.929061461523538,-389.3597746109461,0.8773098464727007,1.096150517463684,0.6153846153846154,21.332641748281624,0.9251461160394835
11473900,0.8230116814374924,0.883163571357727,0.0697723925113678,-10.98564863204956,-41.52412477201738,66.03114267037867,0.7955101018876614,1.1418317556381226,0.23076923076923078,24.353784781235916,0.9102831093677363
11475560,0.7375243008136749,0.6643278002738953,-0.09311653673648834,-37.75228261947632,-0.36974086846828286,-92.74120202323233,0.5921355251475746,0.7940995097160339,0.25,50.474933783213295,0.8937804524651645
11476600,0.7940629571676254,0.89475417137146,0.0016261567361652851,-12.483451515436172,-11.701626756358733,50.196297767622255,0.8485246385603656,1.0033609867095947,0.25,31.417520840962727,0.8911110453356367
11478500,0.7769849449396133,0.6796096563339233,-0.09317807108163834,-32.52219259738922,-31.545819055095908,62.16660178859627,0.6163065290605516,0.8055281639099121,0.25,37.80405521392822,0.9178330218710423
11480390,0.7625467926263809,0.7584435939788818,-0.055135250091552734,-23.679251968860626,-50.568231929131656,85.43966868124964,0.7005563659852336,0.8664150238037109,0.23076923076923078,41.118654837975136,0.8839308533814133
11481200,0.7805658578872681,0.7259184122085571,-0.09004591405391693,-30.92486560344696,-23.073363950580212,45.388934886,0.6607927880479945,0.8235363364219666,0.05555555555555555,48.78343476189507,0.9061842693862429
11482500,0.7640483230352402,0.6860675811767578,-0.1531251221895218,-31.233033537864685,-33.10164208190513,74.12426980749659,0.5809650364776322,0.7351603507995605,0.1875,43.651410937309265,0.916953643804386
11522500,0.7472241520881653,0.752106249332428,-0.05355916544795036,-25.86205005645752,-3.07581275289356,41.959857948816804,0.7126187379528075,0.9262421131134033,0.3125,44.67762112617493,0.8747145168911227
11523200,0.8435546308755875,0.9262502789497375,-0.02921196259558201,-5.841175094246864,-3.76269960049065,28.274368352974406,0.8829883879389742,0.9589767456054688,0.1875,31.518995761871338,0.9189457675317936
11528700,0.8786663860082626,0.8669343590736389,-0.07207000255584717,-9.580110758543015,-24.587733053260028,60.20264210118324,0.8055168877913076,0.8700219392776489,0.3076923076923077,34.57202177781325,0.9432292340187981
11532500,0.9163634702563286,0.9615746140480042,-0.03178216144442558,-4.535576701164246,8.218545609345583,-12.938896454806024,0.9229406134823395,0.9482206106185913,0.25,17.516008019447327,0.9578036304854692
12010000,0.891123816370964,0.8638247847557068,0.020322011783719063,-14.820735156536102,-7.63235172515989,8.548357406398237,0.8506774703462461,1.0323203802108765,0.29411764705882354,25.566129123463348,0.9479526980680937
12013500,0.8916152790188789,0.9009858965873718,0.021982185542583466,-10.387885570526123,-20.816588573611693,38.58017379621733,0.8816519752397945,1.0351972579956055,0.4117647058823529,22.9447042240816,0.9455609026560289
12020000,0.5511523187160492,0.5990131497383118,0.026851162314414978,-28.872990608215332,-9.92481453745829,21.37550936686885,0.5282900758846337,1.0647761821746826,0.5714285714285714,31.447625160217285,0.7601587094576763
12025700,0.8356998413801193,0.7326326370239258,-0.08961839973926544,-28.591054677963257,2.7331038290217293,-16.177352974930002,0.6954189594068096,0.8660736083984375,0.1111111111111111,34.5665799246894,0.942137878222141
12035000,0.9022208005189896,0.9313974380493164,-0.10647691041231155,-8.337640017271042,15.324164097146106,-12.17975440468833,0.8315719291795498,0.852567195892334,0.23529411764705882,24.22166712143842,0.9561220806435426
12040500,0.8525087982416153,0.817954957485199,-0.10135127604007721,-17.20293015241623,-4.251543717296305,45.08302991852379,0.7599940924920245,0.8571197390556335,0.36363636363636365,33.843335238370024,0.9363787050824891
12041200,0.7789392471313477,0.7771962881088257,-0.1895255595445633,-21.055789291858673,2.692673897628115,49.01457755740296,0.676580977147704,0.7823777794837952,0.391304347826087,38.78473613573157,0.9128281040251803
12048000,0.6279258131980896,0.612399697303772,-0.18529485166072845,-36.063745617866516,-18.441845587604735,34.62182148023205,0.5510363044046194,0.8329745531082153,0.6842105263157895,48.583984375,0.8469088330338631
12054000,0.7909247726202011,0.7737921476364136,-0.10949942469596863,-24.155068397521973,-16.327991229410095,10.777277981226648,0.7204607530475418,0.8655291795730591,0.3333333333333333,41.925303141276046,0.9057142822612739
12056500,0.7603058964014053,0.7497221231460571,-0.13989010453224182,-23.105429112911224,2.3379856685692495,14.43524505300616,0.6713556846769025,0.8146978616714478,0.3333333333333333,44.14139702206567,0.8949705380260558
12073500,0.7863378822803497,1.1176464557647705,0.0853927806019783,11.480844765901566,33.554169752279996,-48.443303863861466,0.8091743117635694,1.1231060028076172,0.3,35.436108112335205,0.9138683170393945
12082500,0.8087186366319656,0.8348987102508545,-0.02014671266078949,-17.11507737636566,-11.297273046831672,-19.954510940274417,0.8071473066505553,0.9817670583724976,0.35,26.16660833358765,0.9020138515150651
12092000,0.7874257415533066,0.8007758259773254,-0.07024099677801132,-19.484996795654297,-23.865317247841286,15.690039191186319,0.7676896961503339,0.942722737789154,0.56,29.474922180175785,0.8951328412069
12114500,0.7949446439743042,1.0263843536376953,-0.029296038672327995,5.117145553231239,-6.994760476342298,-5.14762135037802,0.8921131196684174,0.9665976166725159,0.2857142857142857,29.006329036894297,0.9008651140170825
12115000,0.7874262928962708,1.0364683866500854,-0.0019280139822512865,7.061692327260971,-2.831437405552639,9.940492330580316,0.8917422559658439,0.9976716041564941,0.65,27.31654167175293,0.8980962488850353
12115500,0.8202953338623047,0.9070923328399658,0.051587413996458054,-1.0118843987584114,-23.83019669354104,17.949655554312482,0.8499072160519193,1.0726534128189087,0.19047619047619047,25.80255553835914,0.9071695589694266
12117000,0.8256537765264511,1.1327128410339355,0.012659803964197636,9.201651811599731,-0.41269965518397633,-41.38021157480502,0.849932958148317,1.0114296674728394,0.35,28.716025352478024,0.9308857353632666
12145500,0.9227647483348846,0.9413999319076538,0.03296837955713272,-6.040532514452934,-17.63479412685115,18.31880655873244,0.9144187278699629,1.0489760637283325,0.19047619047619047,22.1785272870745,0.9613796512101954
12147500,0.7606901526451111,1.1160355806350708,0.09903610497713089,13.24552297592163,-5.547010472377266,-24.61728109151059,0.813581055682708,1.1091781854629517,0.24,27.819412231445312,0.9032121358533368
12147600,0.7178325653076172,0.7312895059585571,0.08368466049432755,-27.4609237909317,-28.116668219861985,-0.7292706727579075,0.6652137123389782,1.1435966491699219,0.4090909090909091,39.14784518155185,0.861232096128022
12167000,0.8177347183227539,1.0610517263412476,0.08249472081661224,5.815185979008675,5.472009485155875,-2.9216761476934843,0.8590874388897027,1.097877860069275,0.36363636363636365,22.8024114261974,0.9190743483333244
12175500,0.8186533153057098,1.0210059881210327,0.0703975036740303,8.581122010946274,-22.428961264169946,-6.659128018179053,0.8893756747062909,1.0661219358444214,0.23809523809523808,30.10744367327009,0.9138351614059794
12178100,0.7850889414548874,1.022687554359436,0.04815967008471489,1.3797692954540253,-12.792711926281495,0.4262889317382583,0.882520646276712,1.0503573417663574,0.625,25.450841585795086,0.8963138796238603
12186000,0.6462390720844269,0.8738517165184021,0.08483030647039413,-4.498282819986343,-11.578223369489976,6.2354695385264165,0.749877577000823,1.1041837930679321,0.2857142857142857,24.95845158894857,0.8108081018552753
12189500,0.8181961923837662,1.0001859664916992,0.037101566791534424,1.0576307773590088,-12.69609123053482,6.951261503645877,0.9035443989259523,1.034178614616394,0.2608695652173913,26.96684547092604,0.9098031558316821
12358500,0.9070614948868752,0.9451158046722412,0.06573309004306793,-9.82244461774826,-9.021309288329311,-5.048784426382092,0.8848492008536728,1.090533971786499,0.6153846153846154,27.18479816730206,0.9547116836278539
12390700,0.8397740721702576,0.7868524789810181,0.028120432049036026,-27.359646558761597,-18.42725132213397,0.9108569699689256,0.7716196648687226,1.0384418964385986,0.75,26.255895694096882,0.9275573857709337
12411000,0.7540816366672516,0.7482913732528687,-0.05091986060142517,-28.386610746383667,-7.0416898098124845,-10.129134836771891,0.710316972069438,0.9219084978103638,0.42857142857142855,43.70293617248535,0.8797471780877552
12414500,0.866977259516716,0.8641477823257446,-0.011989877559244633,-16.790223121643066,-8.777598624336605,1.6878526885124696,0.84808678594733,0.9845534563064575,0.6666666666666666,27.941970825195312,0.9337942310314082
12447390,0.8042486757040024,0.8435431718826294,0.009542453102767467,-15.87928980588913,-22.894768703752646,74.65514415090388,0.8127422610636968,1.017071008682251,0.5833333333333334,36.946217219034835,0.898534230454016
12451000,0.902463749051094,0.8447979688644409,-0.02476961724460125,-14.213334023952484,-12.595309303044619,18.12583395714778,0.8364235367233132,0.9715167880058289,0.5555555555555556,26.64760748545329,0.9568920482509162
12488500,0.8283341377973557,0.8661381602287292,-0.049968112260103226,-14.908814430236816,-5.0221019574739945,37.964654321491,0.8298963968322471,0.941753089427948,0.3888888888888889,31.189301278856064,0.9126871082112479
13011500,0.8833049312233925,0.8974173665046692,0.020415445789694786,-12.66961395740509,0.9928467986136639,18.379976899041285,0.8753257661324756,1.0393532514572144,1.2,38.76802682876587,0.9410781068246948
13011900,0.8809727057814598,0.9879986643791199,0.0020325935911387205,-5.5551160126924515,27.672430224876543,12.310817054696269,0.9385798833559461,1.0029970407485962,0.7,23.276538848876953,0.9398384140947446
13018300,0.8883970677852631,1.0102139711380005,0.03415154665708542,-6.334840506315231,15.523129528809813,53.990219425970054,0.9306654320473495,1.0414835214614868,0.9,17.18700885772705,0.9453916256062573
13023000,0.9585891999304295,1.0294069051742554,0.008015060797333717,-4.025763645768166,13.530656299335758,42.52989409356379,0.9636022473177304,1.0085679292678833,1.3,13.137842416763307,0.9803373217375514
13083000,0.5974143743515015,1.1801425218582153,0.32191187143325806,14.265428483486176,-1.4556224116959022,72.49254780231445,0.7209017805538955,1.18081796169281,0.7333333333333333,31.284923553466797,0.8870869686625772
13161500,0.8067371845245361,1.0119349956512451,0.14316384494304657,-4.133100807666779,-40.92800841133962,-32.313231333003415,0.7295726696602102,1.2563462257385254,1.1818181818181819,26.122331619262695,0.9147057480065418
13235000,0.9003853499889374,0.9707116484642029,-0.11723256856203079,-7.4149489402771,38.20486611481221,24.13180907900589,0.8568409778438375,0.8668864965438843,0.8181818181818182,30.812703479420055,0.9562108085634952
13240000,0.8610653430223465,0.9030950665473938,-0.02432568371295929,-11.364004015922546,-2.5143577057942257,64.62707572047562,0.871151655822938,0.9540203213691711,0.75,35.141221682230636,0.9286053305720777
13313000,0.8229260146617889,0.7437899708747864,-0.035215217620134354,-27.04770267009735,-13.683211859912426,-17.95481100730682,0.7264396355852581,0.9391328692436218,0.5454545454545454,39.38818844881924,0.9259264801169169
13331500,0.9046352356672287,0.8452133536338806,0.014657482504844666,-19.04231756925583,-6.884975816504952,40.046438208334,0.8382520202413464,1.0207339525222778,0.5833333333333334,31.544568141301472,0.9578857948485351
13337000,0.8962314873933792,0.8311711549758911,-0.026279844343662262,-20.984436571598053,-8.772016455386836,58.38017181937404,0.8215932109940735,0.9637608528137207,0.5384615384615384,24.843115072983963,0.9551387955752211
13338500,0.889521412551403,0.9451358318328857,0.047251615673303604,-15.456046164035797,-6.259295266493775,-14.0032936670077,0.9007241955143808,1.0612062215805054,0.6153846153846154,27.33291479257437,0.9443276832937987
13340000,0.9363746792078018,0.8998335003852844,0.0020698383450508118,-17.525070905685425,2.1238243415225995,-38.048901859076466,0.8954679001714194,1.0026447772979736,0.3076923076923077,23.923246677105244,0.9702235428139674
13340600,0.8447799831628799,0.9224035739898682,-0.033668097108602524,-16.085556149482727,17.16423454529507,62.23321982640714,0.8818273108791134,0.96124666929245,0.8,26.225261688232422,0.9197394338196702
14020000,0.7595440745353699,0.8934651613235474,0.022815106436610222,-14.897514879703522,-6.233138706334356,14.210967237557442,0.8311767518708971,1.0280689001083374,0.5,27.301165461540222,0.8720791099790538
14137000,0.786937028169632,1.088498592376709,-0.015425309538841248,11.507761478424072,22.278490616522017,-17.287367206644607,0.8699635702118548,0.9854823350906372,0.2631578947368421,31.37365391379909,0.9058367926153331
14138800,0.7785796821117401,0.9905447959899902,0.0815609022974968,2.0505452528595924,-13.636305929468895,41.79041899444578,0.8364182540402973,1.1221754550933838,0.2631578947368421,25.438378986559417,0.8916360534998916
14138870,0.8026296496391296,1.122935175895691,0.11944818496704102,14.43738043308258,-12.789584552559797,25.295461419634297,0.7889265990865926,1.1544150114059448,0.3,21.726253032684326,0.9252007529907587
14138900,0.8346472084522247,0.9387876987457275,-0.04705001786351204,-7.539793103933334,2.01536221958749,-33.34520970233615,0.8792878274237637,0.9398523569107056,0.2,22.826180458068848,0.9151074572531008
14139800,0.8494432866573334,0.9812518358230591,-0.00039653267594985664,1.9287949427962303,-11.125989878053696,20.738035799566433,0.9211980817371668,0.999485433101654,0.23809523809523808,24.327982039678663,0.9234625328169017
14141500,0.8136222511529922,1.0190677642822266,-0.025648808106780052,5.81553541123867,-0.7141253726406227,10.335001619465574,0.9022328575643057,0.9696024060249329,0.3,34.35122728347778,0.9090559469462365
14154500,0.8854967579245567,1.041497826576233,0.03867349028587341,5.950465425848961,-13.557184196689958,19.33543290320047,0.910088612724915,1.0592256784439087,0.3684210526315789,21.64813844781173,0.9465742855542583
14158500,0.6922354996204376,0.9814223051071167,-0.11543583124876022,-8.423086255788803,13.466129883572824,-74.465766423445,0.8370273889667956,0.9386341571807861,0.6111111111111112,18.136061562432182,0.8501695140015404
14158790,0.7543769627809525,0.9310502409934998,0.06313770264387131,-9.95602235198021,-19.24495376834435,26.621282605834672,0.8311758617798976,1.086974024772644,0.47058823529411764,31.072159374461457,0.8727874243891223
14166500,0.8891177102923393,0.9802436828613281,0.051046159118413925,-2.976144850254059,-11.076905534969617,46.00972614032502,0.8954575380969729,1.086663007736206,0.4666666666666667,32.72342046101888,0.9449696686910176
14182500,0.8013421148061752,0.9242041707038879,-0.03160543367266655,-8.591331541538239,-0.9910777464236121,40.36140244289758,0.8647595462073385,0.9579880237579346,0.47368421052631576,30.22454161393015,0.89617338272102
14185000,0.873389795422554,1.0323201417922974,-0.01171229500323534,2.6366762816905975,-3.3282342790532473,30.604970308903916,0.9295592791206475,0.9849451184272766,0.2777777777777778,25.65184169345432,0.9392492458206492
14185900,0.8567043244838715,0.9852443933486938,0.013070554472506046,-0.614212779328227,-16.3420608314519,33.244214600237726,0.9238433583726933,1.0179561376571655,0.5555555555555556,25.66412025027805,0.9274763262324717
14222500,0.8598613440990448,1.119182825088501,0.04463973268866539,15.217186510562897,-10.52439320549786,19.82358521418548,0.8573756972349369,1.0554180145263672,0.2777777777777778,24.328825208875866,0.9446286210294568
14236200,0.8840786889195442,0.9682345390319824,-0.028806913644075394,-3.6407195031642914,12.36924964507564,19.061470761730764,0.922648854259221,0.9612255096435547,0.3157894736842105,23.484031777632865,0.9410874025823126
14301000,0.9335753321647644,0.900205671787262,-0.00783467199653387,-9.277237206697464,-17.481120058763516,45.044035028655294,0.894720346660358,0.9880243539810181,0.6,17.69139289855957,0.9686713969939363
14305500,0.8828117623925209,1.0783843994140625,0.04139058664441109,4.977444559335709,11.687380686093173,31.710948946864427,0.8887668821790154,1.0604897737503052,0.2,18.059428532918297,0.9493079917510596
14306500,0.8706610053777695,1.087738275527954,0.03770890459418297,10.858916491270065,-6.741395548363081,28.854732355303913,0.8826063741204144,1.055040717124939,0.25,32.576024532318115,0.944739002335197
14309500,0.8438912332057953,0.8413912057876587,0.02162403240799904,-17.096512019634247,-29.671605424193757,44.82785618896235,0.8182615939696255,1.0431220531463623,0.2857142857142857,37.05520970480783,0.9224591258921417
14316700,0.8874751850962639,0.9811962246894836,-0.00670636584982276,1.873045414686203,-12.380942616703166,1.8880722912242878,0.9389796005967919,0.9897428154945374,0.3333333333333333,20.64229647318522,0.9428624699219544
14325000,0.8161991089582443,0.7825864553451538,-0.0684676468372345,-21.14231139421463,-33.09774732098039,51.17100418355265,0.7380638042988996,0.8806427121162415,0.25,31.20267391204834,0.9157636714474452
14400000,0.8847538158297539,0.8800907731056213,-0.06029825657606125,-16.43853336572647,8.27644468932116,-37.22481419237516,0.833842717248237,0.8991110324859619,0.375,24.6340274810791,0.9447601941441401
