basin,FHV_1%,mNSE,NSE,Alpha-NSE,Beta-NSE,FHV,FMS,FLV,KGE,Beta-KGE,Peak-Timing,Peak-MAPE,Pearson-r
01013500,-5.234169214963913,0.7384388446807861,0.9233114868402481,1.0366586446762085,0.0330856591463089,-0.9229113347828388,5.314373729785061,-30.605954591854896,0.9356168776348761,1.038972020149231,1.0588235294117647,14.577184003942154,0.9641878252339524
01022500,-11.949913203716278,0.7344495952129364,0.8797012940049171,0.8653534650802612,-0.05289950221776962,-11.755160242319107,-4.2792279328738685,13.079229486875777,0.8395835679834402,0.9343713521957397,0.4090909090909091,22.93152375654741,0.9425837750943562
01030500,2.9126061126589775,0.7413577437400818,0.9127030447125435,0.9882348775863647,0.0023425861727446318,0.8430180139839649,-12.622256277626276,18.19958630275087,0.954265157547754,1.0029767751693726,1.0476190476190477,14.357490766616094,0.9559046882501672
01031500,-15.587200224399567,0.703525573015213,0.885455772280693,0.8689515590667725,0.025506073608994484,-13.390327990055084,-15.659410507035307,28.914639406896047,0.8515277220633253,1.0421074628829956,0.09090909090909091,23.475376042452726,0.9443467430042707
01047000,-13.544049859046936,0.7277425527572632,0.8721472918987274,0.8664019703865051,-0.02711343951523304,-13.000345230102539,-2.9053846346794256,12.12676383707677,0.8464436958235837,0.9581114649772644,0.045454545454545456,24.71069856123491,0.9369408557831547
01052500,-11.915270239114761,0.6767902374267578,0.8277473747730255,0.8898800611495972,-0.05454082041978836,-11.534133553504944,-4.680753287038528,-432.79505635132847,0.8342973502528183,0.9132001996040344,0.30434782608695654,35.04199152407439,0.9117007256426121
01054200,-12.484437972307205,0.6129061579704285,0.6985508501529694,0.8884462714195251,-0.008263436146080494,-12.650607526302338,-10.323855724886293,4.378974777144788,0.8022763481731693,0.9855394959449768,0.21739130434782608,39.08706747967264,0.8373921836011374
01055000,-7.043895125389099,0.6739652156829834,0.7791919112205505,0.9221953749656677,-0.022601468488574028,-9.40650999546051,-4.910641696642329,39.22910631937041,0.855235701972666,0.9624488353729248,0.08695652173913043,40.10907463405443,0.8838404014221638
01057000,2.3969637230038643,0.7192809879779816,0.8631473928689957,0.9862400889396667,0.02422819845378399,-0.2934443298727274,-3.556888149244081,51.77771373714045,0.9207453749622331,1.036506175994873,0.09523809523809523,28.262299583071755,0.9310126130968849
01073000,-1.0314504615962505,0.6974091529846191,0.8872869089245796,0.9744945168495178,0.0681832954287529,0.44342693872749805,-12.476384591082883,46.7886797118662,0.8605030258511519,1.125584602355957,0.21052631578947367,23.772084085564867,0.9448875351935605
01078000,-0.9329193271696568,0.6660206615924835,0.844354122877121,1.0308387279510498,0.09108224511146545,5.093127489089966,-0.9301849822251258,41.00385875160131,0.8468101075833007,1.132188320159912,0.38095238095238093,30.087205341884065,0.9289903949433486
01118300,-16.35023206472397,0.6807054281234741,0.850308820605278,0.8473185896873474,-0.02762855403125286,-12.596485018730164,-17.28997546580325,56.02282084002207,0.8255679165972858,0.9597468972206116,0.10526315789473684,23.45816210696572,0.9258742529091082
01121000,-28.53686213493347,0.6632459163665771,0.758760079741478,0.7238654494285583,-0.045741967856884,-26.890787482261658,-10.48561229576469,65.62031340662247,0.693254956233804,0.9280160069465637,0.2,35.0225830078125,0.8874809500577067
01123000,-15.777820348739624,0.6711666285991669,0.8602588325738907,0.8857573866844177,0.043276600539684296,-12.50820904970169,-3.1775451895840865,-24.091352082331102,0.8510993774883702,1.0644649267196655,0.05263157894736842,25.18709835253264,0.9295422544342682
01134500,3.4166671335697174,0.6527377665042877,0.8085643351078033,0.9686403870582581,-0.009650233201682568,-2.013474330306053,-5.653108134778558,44.24554666198215,0.8960350347565095,0.9869589805603027,0.375,34.561749299367264,0.9017390184956523
01137500,-9.391755610704422,0.6609431505203247,0.7869677692651749,0.884563684463501,-0.09477085620164871,-12.59377896785736,-0.5312051319004952,-749.5677579975697,0.8016520698029448,0.8800253868103027,0.125,36.207572619120285,0.8921925296707308
01139000,-4.609981179237366,0.6857310235500336,0.8603104501962662,0.977069616317749,0.022984586656093597,-4.964371398091316,1.1937066808800003,30.850079638440803,0.921192659344655,1.025527834892273,0.047619047619047616,18.88016859690348,0.929055485828253
01139800,2.6734301820397377,0.5641370415687561,0.7330383956432343,1.047391653060913,0.08437281847000122,4.960860311985016,-10.12352832208303,34.12948110991263,0.842360837099522,1.086500644683838,0.52,48.106937408447266,0.8770293719240326
01142500,-6.280088424682617,0.6855412423610687,0.8440853655338287,0.964936375617981,0.03547094389796257,-4.404352977871895,-4.224961352281862,51.639465498200934,0.9038305545823742,1.0412150621414185,0.46153846153846156,30.42575946220985,0.9204989111407309
01144000,-6.951574981212616,0.7205065488815308,0.8874561116099358,0.956660270690918,0.004032978322356939,-4.251004755496979,-1.7618826065457134,9.737934418016179,0.9275759538547099,1.0047416687011719,0.125,20.95630963643392,0.9421689797651907
01162500,-10.06031334400177,0.6860418617725372,0.8445833623409271,0.9009290933609009,-0.045754555612802505,-9.628637135028839,-9.090395693419222,47.800515709358,0.8597763327181361,0.9408021569252014,0.47619047619047616,21.779868716285343,0.9203554917211909
01169000,-25.870373845100403,0.6368865966796875,0.7246511280536652,0.786288857460022,-0.04983896017074585,-21.547703444957733,1.167602287271098,4.793497577268385,0.7309586923251026,0.9235879778862,0.2727272727272727,43.85576681657271,0.8555286337499498
01170100,-22.480754554271698,0.6307579278945923,0.7325000464916229,0.8188543319702148,-0.08083019405603409,-19.25649344921112,-4.623723881036009,17.575455755757925,0.7482440909005225,0.8943618535995483,0.4090909090909091,39.395878531716086,0.8606878801194096
01181000,-30.121222138404846,0.6842098236083984,0.7383331656455994,0.6987829804420471,-0.047218840569257736,-27.353575825691223,-7.029413405910223,8.74203213097558,0.6655036986922271,0.9188566207885742,0.2857142857142857,42.86653427850632,0.879286145255174
01187300,-32.06490874290466,0.6166765689849854,0.7467604279518127,0.727224588394165,0.0131421172991395,-28.781801462173462,-21.064460774259135,49.90006976678402,0.6998751383974215,1.024073600769043,0.45,41.161160469055176,0.8771628349348336
01333000,-20.501165091991425,0.592630535364151,0.6899883151054382,0.7623545527458191,-0.1413881778717041,-22.232694923877716,-7.115536750551099,28.368954071549247,0.6699094214121779,0.8296410441398621,0.34782608695652173,37.17784052309783,0.846826054336754
01350000,-12.403102964162827,0.6184866726398468,0.7498396337032318,0.9099950790405273,0.015031610615551472,-12.559553980827332,3.832841813885262,22.01345237911087,0.8373556108741713,1.0263856649398804,0.17391304347826086,36.27635292384935,0.8671237109079524
01350140,-31.39512538909912,0.4692803621292114,0.6188326776027679,0.7645689845085144,0.056439366191625595,-26.703310012817383,-21.387619747490906,47.499496454103124,0.6659233388873774,1.108094334602356,0.3181818181818182,46.322865919633344,0.789061460914133
01365000,-8.251650631427765,0.6323158740997314,0.7479225993156433,0.9420345425605774,-0.028377490118145943,-7.40533173084259,-4.301383500420972,-24.58792916953229,0.8511197540939266,0.9613845348358154,0.43478260869565216,38.059338279392406,0.8684166453724294
01411300,15.182805061340332,0.5076919496059418,0.6736859977245331,1.184025764465332,0.21650417149066925,19.29151564836502,8.360801932976946,35.995498177212326,0.7136389395766793,1.193346381187439,0.2777777777777778,43.24213928646511,0.896296809010328
01413500,6.185422092676163,0.5859931409358978,0.7283583581447601,1.1055737733840942,0.0679352730512619,6.719718873500824,5.293690477722722,22.084156460504417,0.8169029884121457,1.0947991609573364,0.2,53.68739128112793,0.8842769983640599
01414500,-0.027685833629220724,0.537754625082016,0.573373943567276,1.049142599105835,0.0367787629365921,-1.781158708035946,-6.176110039633591,-4.129971651101985,0.7863896844891775,1.0510075092315674,0.20833333333333334,44.08235947291057,0.7984743047456531
01415000,-4.947345703840256,0.5495542883872986,0.6858572363853455,1.0190986394882202,0.055844925343990326,-2.1354882046580315,-7.68207712070678,21.681495511258383,0.8272130010837132,1.0791146755218506,0.45,41.947059631347656,0.8475813099345484
01423000,-2.0496128126978874,0.6542908549308777,0.842770978808403,1.02933931350708,0.02086699567735195,-0.5745687521994114,4.638770346035463,-8.800852417664021,0.9135190560439559,1.0296814441680908,0.14285714285714285,27.182708467756,0.9242558898490568
01435000,-17.343145608901978,0.6375653743743896,0.7407645881175995,0.8931127190589905,-0.03542331978678703,-14.289416372776031,9.285860125521902,-29.735363708715596,0.8180654629120172,0.9487892985343933,0.4166666666666667,37.50884532928467,0.8619683043143467
01439500,-1.4660711400210857,0.6426401138305664,0.8540141582489014,1.0361815690994263,0.07328805327415466,-1.2672344222664833,2.027294395938517,19.931578464561476,0.8862648445457917,1.0843087434768677,0.18181818181818182,17.5248536196622,0.9327793527474771
01440000,-11.766821891069412,0.6619884371757507,0.8453154265880585,0.9337177872657776,0.07189609855413437,-7.64913335442543,-5.030003175771086,1.8191927988134768,0.8574322436009084,1.099463939666748,0.15,24.70376968383789,0.922287979400253
01440400,-15.1482954621315,0.6326164901256561,0.7789918482303619,0.920921802520752,0.04548067972064018,-10.9644316136837,3.3417335729854116,1.9475517061614858,0.8456558351984311,1.065071940422058,0.47368421052631576,43.11072198968184,0.8845253167943942
01451800,-6.160787492990494,0.6372553706169128,0.8031414151191711,0.9567660093307495,-0.014981943182647228,-5.357024073600769,3.1055486149283404,8.721417282595704,0.8869477332212826,0.9765081405639648,0.05,45.67028522491455,0.8982170465409113
01466500,-1.3086283579468727,0.4097195267677307,0.5299480855464935,1.0137797594070435,0.1490413248538971,0.24878394324332476,-7.25049674816011,6.19994436236969,0.7604724319414712,1.0918633937835693,0.21428571428571427,30.644539424351287,0.7792180012471985
01484100,-19.482244551181793,0.5478265285491943,0.6757557094097137,0.8256937861442566,-0.02502664551138878,-17.505967617034912,-5.92798338702611,60.38184785695226,0.7493525995575827,0.9698222279548645,0.3333333333333333,37.350977034795854,0.8224309564304375
01485500,-4.224355146288872,0.690619707107544,0.8266942799091339,0.9338120818138123,0.015789462253451347,-2.0085295662283897,-16.31842137112968,-370.61512983859404,0.8847897249438321,1.0271230936050415,0.2,27.61679172515869,0.9096844157523822
01486000,-16.563144326210022,0.5823565125465393,0.648136705160141,0.8826005458831787,-0.031325723975896835,-12.425115704536438,9.695152403999558,25.18177731662929,0.7691415409608868,0.9448304176330566,0.13636363636363635,38.328274813565336,0.8090305954754969
01487000,-24.907180666923523,0.6408721804618835,0.7748362123966217,0.8008658289909363,-0.13309389352798462,-22.317330539226532,-8.821073509953056,-6.341631570559793,0.7432737831786704,0.8763895630836487,0.2631578947368421,33.42994639748021,0.8952412665918776
01491000,-10.558585077524185,0.6149434745311737,0.6744896173477173,0.913255512714386,-0.014228739775717258,-10.533960163593292,-11.59506474793369,-3.9546491996021906,0.8041934837749142,0.9766499400138855,0.3684210526315789,39.778747056659896,0.8260162064432276
01510000,-18.118230998516083,0.626975953578949,0.8240401595830917,0.8572254776954651,-0.07412852346897125,-17.8016260266304,-0.38565194513474677,1.4810313152940813,0.801891204528882,0.8941720128059387,0.16,32.83336639404297,0.9124616212728225
01516500,1.1012692004442215,0.3812751770019531,0.5396142303943634,1.0438231229782104,0.1628001183271408,7.934218645095825,-19.793656948663344,30.060700961297528,0.5653906559378198,1.3796732425689697,0.21052631578947367,38.60981087935598,0.7930868667393017
01532000,2.3894986137747765,0.5844957530498505,0.7718540728092194,1.0107265710830688,0.08026610314846039,1.8312476575374603,-16.793117483652132,26.86959882928689,0.8114358935229129,1.1530529260635376,0.058823529411764705,40.593635334688074,0.8903817316881377
01539000,-13.513331115245819,0.7088010609149933,0.879862405359745,0.8517631888389587,-0.01089084055274725,-11.576137691736221,-1.754162793213069,0.7906527343273974,0.8399478061067875,0.9818317890167236,0.05263157894736842,29.407905277452972,0.9424459497819361
01542810,-14.111405611038208,0.6055110991001129,0.782670333981514,0.8834887742996216,0.04429752379655838,-13.63777369260788,-17.531816120937098,-0.03733557947534729,0.8157460144867186,1.0856302976608276,0.18181818181818182,33.66356979716908,0.8857979090128292
01543000,-9.294231981039047,0.7148157954216003,0.8684594482183456,0.899605393409729,0.013432707637548447,-7.861586660146713,-11.66996636730928,29.533629347326624,0.8771457252013394,1.0216857194900513,0.047619047619047616,21.613693237304688,0.9325920970947149
01543500,-13.027103245258331,0.707732617855072,0.8680920749902725,0.8803967833518982,0.015754230320453644,-11.112184822559357,-11.655617519867691,35.591462025164724,0.8610227397640784,1.0238261222839355,0.09523809523809523,22.95105116707938,0.9333511791025433
01544500,12.140834331512451,0.6376450657844543,0.7980543971061707,1.1231722831726074,0.07386413961648941,12.327305227518082,-2.66416808143119,14.658639559341594,0.8184157676081479,1.106236457824707,0.47368421052631576,23.507467069123923,0.9192829810991239
01545600,13.283805549144745,0.5590457916259766,0.7528627216815948,1.1197948455810547,0.12309099733829498,11.069678515195847,-11.539369726335151,40.05503345907255,0.7685932107540384,1.1724965572357178,0.42105263157894735,33.57197861922415,0.9028236920686895
01547700,-24.373723566532135,0.6042950451374054,0.8109809756278992,0.7622841000556946,0.05188528075814247,-23.46406728029251,-23.458212315344742,41.7287473906134,0.7239864923844173,1.1114628314971924,0.3125,35.23544669151306,0.9148492836521337
01548500,10.768836736679077,0.6949410140514374,0.8668805360794067,1.1004087924957275,0.07554222643375397,10.01400500535965,-15.97161353616799,10.357997399840496,0.841549107751053,1.1103745698928833,0.15789473684210525,23.82155970523232,0.946687581512387
01549500,13.692449033260345,0.5331169068813324,0.7461942434310913,1.120597243309021,0.14331834018230438,12.11976632475853,-13.107804351190017,16.28836645109113,0.7131293411460742,1.2413026094436646,0.3157894736842105,22.344355834157845,0.9024083482400845
01550000,0.38091246969997883,0.5728794634342194,0.7860022783279419,1.0556435585021973,0.12166857719421387,4.416743665933609,-9.50328346547302,14.990579209341162,0.7839470294462926,1.186964750289917,0.10526315789473684,37.79929813585783,0.9071190943663732
01552000,2.812783233821392,0.6616988182067871,0.8528258800506592,1.0568723678588867,0.06064080819487572,6.5082848072052,1.6668697733523512,12.700855114466231,0.8748425329473704,1.0895915031433105,0.2,28.791584968566898,0.933642725359794
01552500,-10.677570849657059,0.591467559337616,0.7716563642024994,0.9319501519203186,0.04668786749243736,-7.02861100435257,-1.5998011170999062,10.710874064186967,0.8425324539352945,1.0777099132537842,0.3333333333333333,31.67021671930949,0.8811454013423892
01557500,-19.98726725578308,0.6945924162864685,0.819877102971077,0.840147852897644,-0.06797325611114502,-19.314473867416382,1.5929844398104291,14.31057766186015,0.7909596329107058,0.8990972638130188,0.35,30.899298191070557,0.9107598522548619
01567500,9.483309835195541,0.4823991656303406,0.5507859289646149,1.0074211359024048,0.05166459456086159,6.933000683784485,-1.8266506100717876,-2.085609223417514,0.7628398542093064,1.084161400794983,0.38095238095238093,52.27101189749581,0.7783996387421552
01568000,-11.69688031077385,0.6299255192279816,0.8069130778312683,0.8877885937690735,0.06439673900604248,-9.27543118596077,-10.51777598441028,22.36921815076212,0.8149095795981274,1.1086406707763672,0.14285714285714285,37.008147012619744,0.900680975188633
01580000,-4.918678849935532,0.5226377546787262,0.724784642457962,0.9772712588310242,0.11235825717449188,0.6004036869853735,-13.715059077007364,39.04597596042151,0.8163339894436519,1.1234418153762817,0.09523809523809523,32.872168223063156,0.8659152283994701
01583500,-6.710333377122879,0.4698585867881775,0.6793956458568573,0.937163770198822,0.16443653404712677,-0.06523963529616594,-6.630867925335894,46.01779726591907,0.7569358429681989,1.1767939329147339,0.125,30.693387985229492,0.8454823701240076
01591400,-12.858834862709045,0.44318753480911255,0.5664077401161194,0.9142096042633057,0.06828010827302933,-11.564867198467255,5.035257664017225,68.85178874433655,0.7289401273946468,1.1138116121292114,0.18181818181818182,42.22099130803888,0.7694346524719691
01596500,-0.8156502619385719,0.6206179261207581,0.8019313663244247,0.9368165135383606,0.058171141892671585,-6.1181481927633286,-12.259778183706292,45.653427224942426,0.8429281347230413,1.10159170627594,0.2,28.61147403717041,0.898223071788946
01605500,-30.707666277885437,0.625522792339325,0.7377903163433075,0.7644855380058289,0.026542136445641518,-25.18506646156311,0.1579799308663815,-30.020966584747356,0.7250039677133409,1.0446828603744507,0.3157894736842105,37.924613450702864,0.8652439316625826
01606500,-10.287203639745712,0.6247107088565826,0.7977139949798584,0.9517788290977478,0.09008301794528961,-7.123506814241409,-6.632553360308948,-7.522699445019067,0.8226166913674153,1.1377766132354736,0.15789473684210525,27.98308322304173,0.899217254931108
01620500,-10.391823947429657,0.5526108145713806,0.6850719153881073,0.9260463118553162,0.05943289399147034,-4.1857510805130005,-10.93226003013877,42.546618536829904,0.7854486070560986,1.1152348518371582,0.5,42.22426891326904,0.8348210632494706
01632000,-19.136595726013184,0.5452125668525696,0.6572082936763763,0.8973620533943176,0.07266411185264587,-13.25046718120575,-25.27048044087396,57.27145602227955,0.7354515343076762,1.162045955657959,0.25,50.54471969604493,0.8178120452070704
01632900,-14.24865871667862,0.5852668285369873,0.7628455311059952,0.8190206289291382,0.03184468671679497,-14.261451363563538,-19.774174575162792,-471.38244438445315,0.7731216522576383,1.0574750900268555,0.15789473684210525,40.47402080736662,0.8758353272967541
01634500,7.292515784502029,0.48993462324142456,0.5255143046379089,1.1582942008972168,0.1340881586074829,8.98425430059433,-5.095114034950699,-180.81213364160408,0.6420722516534676,1.2614740133285522,0.4375,52.805328369140625,0.8137567199800478
01638480,-5.095142126083374,0.48091673851013184,0.635310560464859,0.8558343052864075,0.08632947504520416,-0.6945067085325718,-25.006295499531312,67.46116510540831,0.6702782376924243,1.2220251560211182,0.15,61.40328407287598,0.8034357023751293
01639500,-0.9380951523780823,0.5152153670787811,0.6908504068851471,1.0190309286117554,0.12836436927318573,0.911109521985054,-2.0474028430521005,78.35959810618873,0.7462445254767149,1.208467721939087,0.18181818181818182,36.76932508295233,0.8565745018616308
01644000,-8.402984589338303,0.5240746140480042,0.7428037524223328,0.9194524884223938,0.11493979394435883,-3.596412017941475,-26.985655562975765,52.311979955312104,0.7123030118416771,1.2441343069076538,0.05,38.18412780761719,0.8708485557001195
01658500,-3.1492292881011963,0.41540056467056274,0.36893755197525024,0.975530207157135,0.05526464805006981,-1.2255732901394367,-17.517991949152194,1.440849286555695,0.6339981596928315,1.1730577945709229,0.38095238095238093,69.7134154183524,0.678426406425046
01664000,-6.753544509410858,0.5828088819980621,0.7772014141082764,0.9919674396514893,0.10340702533721924,-2.646613121032715,-16.804444017930134,35.8251728091291,0.8054639832896213,1.1623471975326538,0.15,29.043462276458744,0.8931209691984355
01666500,12.364713102579117,0.4806731343269348,0.6259681582450867,1.1838865280151367,0.07367364317178726,18.74176859855652,5.6858513100238675,43.22507184059016,0.7364269963306522,1.125156283378601,0.15789473684210525,79.64011242515163,0.858605594846629
01667500,8.363153040409088,0.5664198398590088,0.7151280641555786,1.1631782054901123,0.10906939208507538,12.596596777439117,-3.961552691461387,62.47474142543099,0.7407179830701218,1.1714245080947876,0.0,35.795315829190336,0.8941053562227419
01669000,-7.8071050345897675,0.576872706413269,0.7787969410419464,0.9557963609695435,0.09123057872056961,-3.7474550306797028,-11.879211973696526,88.17826932284166,0.8349005823659236,1.1145811080932617,0.2,38.74678611755371,0.8896595012350562
02011400,-0.20677358843386173,0.643858015537262,0.8237714916467667,1.0196834802627563,0.10257023572921753,0.7154184859246016,-3.358463407581297,-82.56320930514144,0.826459091956756,1.152176022529602,0.25,32.627315521240234,0.918935423665516
02011460,-23.406705260276794,0.6349121332168579,0.7461300790309906,0.8052218556404114,0.036733128130435944,-20.339715480804443,-8.233927475862608,38.881057122025595,0.7542027557932725,1.0687297582626343,0.4,40.98012924194336,0.8667559379611355
02013000,-18.594643473625183,0.5546677708625793,0.7101429402828217,0.8838844299316406,0.10074101388454437,-13.2770374417305,-3.753501498175354,-5.529273760356028,0.714514330468738,1.2129294872283936,0.45,40.707669258117676,0.8494002809960581
02014000,-14.472010731697083,0.596777617931366,0.7900609374046326,0.9405442476272583,0.06692856550216675,-9.280027449131012,13.309893493970002,-34.010189045804815,0.8287647854968073,1.1194305419921875,0.23529411764705882,45.2027629403507,0.8926554247518862
02015700,-14.239378273487091,0.5981150567531586,0.753963515162468,0.8877303004264832,-0.04702579975128174,-12.663748860359192,27.08979136778955,-47.6327949311608,0.8155613227696288,0.9332696199417114,0.45,36.64971590042114,0.8697686804434599
02016000,-14.853303134441376,0.6865807175636292,0.8603253364562988,0.9190733432769775,0.017425289377570152,-12.517806887626648,15.430815461466397,-21.445222239842685,0.8873268297343506,1.0304107666015625,0.1,25.30606985092163,0.9277414032515757
02017500,-11.317683011293411,0.6689140200614929,0.8082504123449326,0.8962397575378418,0.005627743434160948,-10.016725957393646,-16.697854552236578,6.864617957917001,0.8549118322760472,1.0096633434295654,0.35294117647058826,35.75460770550896,0.8990494760219131
02018000,-0.49217138439416885,0.6705572605133057,0.8269791454076767,0.9853919148445129,0.022312220185995102,-1.8303686752915382,-2.2289550669703986,0.0404634759769026,0.9029377695747685,1.039538860321045,0.2222222222222222,28.5651339424981,0.9125679752737953
02027000,-18.69380623102188,0.4598419666290283,0.6699308156967163,0.8934614658355713,0.13537728786468506,-13.032960891723633,-11.707490346990005,59.972135875730835,0.6987828313284755,1.2261013984680176,0.42105263157894735,42.722024415668685,0.8318944347994653
02027500,6.987322121858597,0.31116628646850586,0.4042673707008362,1.1075589656829834,0.2685449719429016,15.615825355052948,-6.95793036925373,32.60252084791364,0.5435319217342347,1.378627896308899,0.2631578947368421,70.64069446764493,0.7688396843886364
02028500,1.157669723033905,0.5583105981349945,0.6036396324634552,1.1125519275665283,0.1031513586640358,-0.23914044722914696,-12.930720072909788,75.82991613401985,0.741044610260056,1.1621153354644775,0.2777777777777778,57.090722190009224,0.832343877285483
02038850,-15.738147497177124,0.4450565576553345,0.5236879289150238,0.8509223461151123,0.06844280660152435,-15.019069612026215,-15.328505628592026,14.740100020510605,0.6607566748979163,1.1520845890045166,0.35,71.05875492095947,0.7359315154627064
02046000,-7.468833029270172,0.6375283598899841,0.8565121293067932,0.8874273300170898,0.05294966325163841,-4.101813584566116,-21.257568339603676,82.27787928577361,0.8092636778030932,1.136035680770874,0.4,34.783945083618164,0.9278748855437586
02051500,7.194957882165909,0.5929746031761169,0.7553514540195465,1.0740165710449219,0.08161318302154541,4.444243758916855,-13.810429480331923,51.22519430365803,0.7872492981008736,1.1675347089767456,0.3333333333333333,32.10857255118234,0.8917570803359403
02053200,-6.479642540216446,0.6682049632072449,0.8537066429853439,0.9127146005630493,-0.010273967869579792,-5.738640204071999,-43.914031504024244,41.09030212763846,0.8828366600899842,0.9813957214355469,0.9411764705882353,19.491017566007727,0.9240896049075089
02053800,-9.297242760658264,0.47190582752227783,0.7683736383914948,0.9149290323257446,0.14798639714717865,-7.7761828899383545,-26.014793212291497,48.335641018069424,0.713802070954431,1.2498537302017212,0.2,36.10184192657471,0.8893415229039193
02055100,-22.59407341480255,0.5504835844039917,0.6397173404693604,0.7492488622665405,-0.0685415118932724,-21.82961404323578,-12.11854274488697,51.828301816369816,0.6603650271507656,0.8803331851959229,0.4117647058823529,51.00627786972943,0.8046653252944513
02056900,-12.160144746303558,0.6380513608455658,0.7823089808225632,0.8546671271324158,-0.017561443150043488,-9.839042276144028,-10.32510142357184,65.13716685041855,0.8127470119775962,0.9724491834640503,0.3333333333333333,37.602728889102025,0.885182797039923
02059500,-18.81805658340454,0.5285016000270844,0.6423772275447845,0.8009961843490601,0.06349454820156097,-13.958920538425446,-29.41975835601656,57.98273196553482,0.6932385809012895,1.1268246173858643,0.3684210526315789,45.5076117264597,0.8040011070726406
02064000,26.441147923469543,0.5312979221343994,0.341200590133667,1.2694807052612305,0.10465282946825027,23.001013696193695,2.5869813127913965,62.23492848407537,0.5980441118913402,1.193956732749939,0.3684210526315789,69.04894678216232,0.7734399168032903
02065500,8.774451911449432,0.41352206468582153,0.5535453259944916,1.0999138355255127,0.12935486435890198,16.067518293857574,-14.961136689482297,89.50550020056461,0.6878720591992842,1.225907802581787,0.3157894736842105,48.554129349557975,0.8091944926587697
02069700,3.6110062152147293,0.5289269983768463,0.7483121454715729,1.070332407951355,0.09716565907001495,4.740904271602631,-8.245730649915505,56.82215867942732,0.8247883916613469,1.1160343885421753,0.08333333333333333,37.62373924255371,0.8891465798271192
02070000,-5.377020314335823,0.5251471698284149,0.6820701360702515,0.9544404149055481,0.02733459323644638,-8.092539757490158,-22.477404178529632,67.9178301513154,0.824151667320658,1.0399682521820068,0.14285714285714285,51.42983481997535,0.8349257769073517
02074500,-10.960941761732101,0.4860879182815552,0.594388335943222,0.894303023815155,0.0436122752726078,-11.082566529512405,-9.475371631652479,53.04305721306525,0.7422035355686825,1.0843915939331055,0.14285714285714285,44.65416499546596,0.7805342277891658
02077200,-19.756615161895752,0.5848119556903839,0.5972048938274384,0.829262912273407,0.006280654575675726,-19.476424157619476,-28.977642523891546,-20.62871049516183,0.7166956281510348,1.019152045249939,0.05555555555555555,50.00918176439073,0.774737013368546
02081500,-12.19462901353836,0.5949946045875549,0.8139558881521225,0.9029518365859985,0.06914297491312027,-9.737905859947205,-39.84366653546152,78.04024232353459,0.7622185796842293,1.1951069831848145,0.3333333333333333,32.00663384937105,0.904842641178546
02082950,8.826355636119843,0.5698269009590149,0.6775333285331726,1.0984162092208862,0.11575402319431305,10.770361125469208,-15.373045184142036,61.46814139105856,0.7355687290793769,1.2041230201721191,0.4,34.41200494766235,0.8637210968671254
02092500,-21.978217363357544,0.5757151544094086,0.7897932976484299,0.825141191482544,0.05039926990866661,-16.454268991947174,-27.87220206545965,51.319493187566934,0.767506101881374,1.1093730926513672,0.35294117647058826,46.50747916277717,0.8926904647753746
02102908,-11.00481003522873,0.3368949294090271,0.6379028558731079,0.8603700995445251,0.20528173446655273,-5.095430463552475,-25.963615951303552,40.77550755822112,0.7009865321286126,1.1985536813735962,0.2,31.731027603149414,0.8253890596776369
02108000,-8.797406405210495,0.5832794308662415,0.7882319539785385,0.8883855938911438,0.004278288688510656,-9.460856765508652,-18.917199687897902,17.47513270448348,0.8416379888756134,1.0063015222549438,0.7894736842105263,38.909066350836504,0.8878347570162748
02111180,-8.17718431353569,0.5716940462589264,0.7480952441692352,0.9960734248161316,0.02842630073428154,-10.086585581302643,-8.9044983590898,28.742599880325525,0.8682540673027234,1.0381656885147095,0.14285714285714285,34.72331592014858,0.8739644771907581
02111500,-0.4478256218135357,0.5404036045074463,0.7469495832920074,0.9417849183082581,0.03387981653213501,-2.3986058309674263,-23.550220317419484,54.17350215397455,0.8517797061977364,1.0342453718185425,0.3333333333333333,31.831560532251995,0.8680624607343954
02112120,1.91872026771307,0.40136849880218506,0.671714574098587,1.0159122943878174,0.21608759462833405,5.036384612321854,-20.896654537763045,55.66004272503332,0.7246723051428183,1.2374433279037476,0.3333333333333333,27.478355169296265,0.8615341035609193
02112360,-6.280674785375595,0.5391406416893005,0.7216917872428894,0.9526832699775696,0.06015771999955177,-1.9300471991300583,-7.033526072575761,46.81486282218448,0.8379754394541635,1.0597213506698608,0.16666666666666666,31.75819778442383,0.857008931907537
02118500,-6.006062775850296,0.5557699799537659,0.7951705306768417,0.9301762580871582,0.05168936774134636,2.644120156764984,6.727598864421765,60.115976995161326,0.8447330571764571,1.0893688201904297,0.16666666666666666,38.81728384229872,0.8939543373030804
02125000,-28.279343247413635,0.5667678415775299,0.6975894570350647,0.7167233824729919,0.010065560229122639,-23.026691377162933,-35.51961506378152,-22.669836368569563,0.6743685460628966,1.0423235893249512,0.3157894736842105,50.182387703343444,0.8450841662634128
02128000,-6.8395741283893585,0.5005985498428345,0.568430095911026,0.9115107655525208,0.03576770797371864,-5.648140609264374,-30.57435875859914,-7.619266164886083,0.7316191787745653,1.1024510860443115,0.21052631578947367,65.01061790867855,0.768263737069748
02137727,-6.39016255736351,0.5669195055961609,0.8924755603075027,0.960494875907898,0.04682178422808647,-5.01919612288475,-11.443675002244191,47.68965592193748,0.8980036950695123,1.0769704580307007,0.23809523809523808,31.61101568312872,0.945980188999916
02143000,-7.12488666176796,0.5477915406227112,0.7879443317651749,0.8700733184814453,0.08115530014038086,-1.9953619688749313,-4.212206551160537,9.86108980725318,0.7821363562350614,1.1372532844543457,0.25,30.111095309257507,0.8916249077942419
02143040,-15.685206651687622,0.5396876931190491,0.8193111419677734,0.8535227179527283,0.05099673941731453,-13.709771633148193,-23.006644520955486,-46.27300683115384,0.8037762223692752,1.0928919315338135,0.21052631578947367,35.54710087023283,0.9082434426995353
02149000,-9.456928074359894,0.5000405609607697,0.6848198473453522,1.0596123933792114,0.06651455163955688,-13.191734254360199,-19.268807357791403,58.59242326406678,0.8194783200657305,1.089560627937317,0.18181818181818182,35.304106365550645,0.8550402352189874
02152100,-16.353854537010193,0.541776180267334,0.7972573935985565,0.8880062699317932,0.04025678709149361,-13.524237275123596,-12.352025145447435,55.46055112773478,0.8251531707587418,1.0821847915649414,0.17647058823529413,39.42855386173024,0.8938186543852524
02177000,-0.12752838665619493,0.6529588997364044,0.8540078997612,0.9580143690109253,0.07055170834064484,-0.1682258560322225,-8.857867677088187,26.055700539891347,0.8881942405335856,1.0738630294799805,0.13636363636363635,27.051169222051445,0.927322716641646
02178400,-0.878803338855505,0.658064991235733,0.7699120342731476,1.0500329732894897,0.02621050737798214,-3.4708309918642044,-2.8045025895300775,-4.318881335736158,0.8785403304062585,1.0239965915679932,0.3181818181818182,32.954881407997824,0.8919568765966432
02202600,23.747126758098602,0.5484692454338074,0.5436227917671204,1.1621625423431396,0.11636530607938766,24.463924765586853,-41.70901864414211,-15.277087976082246,0.6052267719344415,1.3121432065963745,0.8181818181818182,49.19714060696689,0.8207910994569634
02212600,14.05423879623413,0.5320692956447601,0.6555258929729462,1.077050805091858,0.091227687895298,9.54708531498909,-45.0434354490489,-14.965388202393386,0.6809463689083033,1.2689958810806274,0.0,55.69109916687012,0.8467041784354512
02221525,16.133347153663635,0.591191440820694,0.7239461243152618,1.1375107765197754,0.10695204138755798,15.401563048362732,-3.0845425940928552,68.14835758612293,0.7273398855814361,1.2092127799987793,0.7058823529411765,32.65513532301959,0.891998439729534
02231000,13.84287029504776,0.5571532547473907,0.8246759623289108,1.1450811624526978,0.12459106743335724,10.027993470430374,-21.531246415230544,-11.73465462776797,0.6374954943649213,1.3266347646713257,0.6923076923076923,36.902871498694786,0.9394136697330621
02231342,43.4743195772171,0.39692890644073486,0.28479987382888794,1.4571774005889893,0.1218409389257431,21.157076954841614,-42.35896202154446,76.24006089089134,0.4222348035472211,1.310447096824646,0.6,59.278310139973954,0.8314056741881215
02245500,8.607221394777298,0.46648484468460083,0.7072001695632935,1.013698935508728,0.06353886425495148,3.665665164589882,-13.331880264980361,25.676717144015278,0.7894465458056696,1.1545480489730835,0.5625,43.09760332107544,0.857662384459676
02246000,-3.4331362694501877,0.5061475932598114,0.7446920275688171,1.0204353332519531,0.051172178238630295,-2.095392532646656,-8.032361184784484,51.06866262272492,0.8155719971679877,1.1353391408920288,0.2857142857142857,67.66621044703892,0.8763901204349185
02296500,-16.756166517734528,0.656272828578949,0.8156320750713348,0.8665682673454285,0.017565885558724403,-13.637128472328186,-19.808219707031817,-222.58620879043286,0.8313498544519531,1.0379047393798828,1.2727272727272727,41.87059835954146,0.904072553214841
02297155,12.657579779624939,0.48237335681915283,0.5644381642341614,1.180859923362732,0.05016409233212471,11.594033241271973,-26.782146443507127,-15.350828424021861,0.7227263977695653,1.1242445707321167,0.5,63.365064348493306,0.8304900437771867
02297310,-19.462314248085022,0.5873771011829376,0.7819639146327972,0.886481761932373,0.006089698988944292,-17.777863144874573,-19.984912262290546,-6.506403938512484,0.8371967358271577,1.0153146982192993,0.9285714285714286,33.66936274937221,0.884310880071609
02298123,25.81927478313446,0.5788703560829163,0.6077252924442291,1.080650806427002,0.07618901878595352,13.392728567123413,15.404115356399966,73.34110802222291,0.7651980965156339,1.1331177949905396,1.1428571428571428,61.74515315464565,0.8241960354274894
02298608,-22.981001436710358,0.5274527668952942,0.6872362494468689,0.8407829999923706,0.015009729191660881,-17.313510179519653,-11.91211897680411,70.86460351491233,0.7635782926994986,1.0371108055114746,0.6666666666666666,50.22686852349175,0.8292137045728083
02299950,-25.23075044155121,0.5579237639904022,0.6844298243522644,0.7970996499061584,0.0131766889244318,-21.810579299926758,2.9305389353423505,29.110656295573122,0.7315135223304403,1.0364264249801636,0.3888888888888889,50.869131088256836,0.8279838606805513
02300700,-25.99247694015503,0.37679868936538696,0.6564814150333405,0.8061110377311707,0.07045400887727737,-19.401852786540985,-11.260903518011045,88.857789462225,0.6529312648849679,1.2191258668899536,0.8823529411764706,54.02792201322668,0.813324796332263
02312200,31.876718997955322,0.5356716811656952,0.5860611498355865,1.150246500968933,0.11318033933639526,21.47921472787857,-33.924806750367374,-27.44195643357544,0.6794916579759349,1.2303770780563354,2.1,50.356993675231934,0.8354460934531406
02314500,17.178788781166077,0.4670426845550537,0.6303635835647583,1.2175517082214355,0.1676216423511505,22.767019271850586,-29.176532223981344,-87.80220300279046,0.6136569715142407,1.2955242395401,2.0,34.22626733779907,0.8791794150248843
02315500,30.52597939968109,0.4563244581222534,0.6629432439804077,1.22270929813385,0.23432862758636475,27.566438913345337,-33.437149535957204,35.58089391509772,0.5073191955388714,1.4290592670440674,1.9,27.950205802917484,0.9049048425375912
02324400,7.492835074663162,0.43965625762939453,0.4136922359466553,1.0244919061660767,0.05867448076605797,0.22095879539847374,-47.930218271693626,-7.567275955507734,0.6862092821962948,1.130807638168335,0.8461538461538461,96.98347678551306,0.715827300908517
02327100,19.92020159959793,0.4486965537071228,0.5250585377216339,1.1668968200683594,0.15750637650489807,17.45765209197998,-37.75576372628946,13.252570833006724,0.5853863598810396,1.333631992340088,0.625,50.31992197036743,0.8190590822645469
02342933,-18.37959736585617,0.5989726483821869,0.750136211514473,0.8341416716575623,0.008443755097687244,-19.056713581085205,-29.502141397574132,-287.807953623397,0.7853510115262591,1.0284969806671143,0.2631578947368421,42.818546295166016,0.8667591456605355
02349900,46.64660394191742,0.43381041288375854,0.3601154685020447,1.5100051164627075,0.16192945837974548,45.5500453710556,-10.510785201701182,-34.93000314399183,0.34650054436743094,1.3914722204208374,0.2222222222222222,55.522447162204315,0.8829281403038989
02361000,-2.837001346051693,0.6064358651638031,0.86921426653862,0.976999819278717,0.11899645626544952,-1.2381605803966522,-13.029393316709182,10.9411837597654,0.8052254660426886,1.184059739112854,0.3,24.802043437957764,0.9405851600794526
02369800,10.009156167507172,0.4782952070236206,0.5901069939136505,1.0923070907592773,0.03313970938324928,8.80366787314415,-6.086580170355653,-19.977955877626723,0.7893280158370484,1.0478641986846924,0.2857142857142857,57.42793764386859,0.8167758083904154
02371500,11.948906630277634,0.6207691133022308,0.8225414156913757,1.1001975536346436,0.099203921854496,10.529842227697372,-10.17473753028674,-36.033079298857785,0.8011765292743371,1.156085729598999,1.2222222222222223,24.85109700096978,0.9283866788049918
02372250,7.434658706188202,0.5770547091960907,0.7255108952522278,1.0868215560913086,0.0817941203713417,10.75173243880272,-4.2094058152049065,5.043112497737851,0.7969729939791514,1.1390882730484009,0.95,44.11162853240967,0.8802651476299114
02374500,-7.044404745101929,0.5463748574256897,0.6761893928050995,0.8939687013626099,0.01776602864265442,-10.054468363523483,-17.468188859071628,2.3154407336731437,0.7944590921829369,1.0224487781524658,0.5238095238095238,34.968273980276926,0.8253561313558578
02381600,-20.08257657289505,0.3677377700805664,0.34000682830810547,0.8270413875579834,0.10813748836517334,-16.856156289577484,-14.333751573599049,70.49679051662633,0.5461929291132639,1.1904196739196777,0.42105263157894735,55.31471653988487,0.626146387267349
02395120,-9.87670123577118,0.6074594557285309,0.6969343721866608,0.930090606212616,0.006426087114959955,-9.669683873653412,9.121924758105768,-25.913320925298027,0.824711347478777,1.0123012065887451,0.3333333333333333,50.072383880615234,0.8397268934616678
02408540,5.947797000408173,0.6749332249164581,0.8160923570394516,1.0607060194015503,0.05805886909365654,6.688553839921951,-15.247638465340557,50.40535591411475,0.8550155209454507,1.1019095182418823,0.1111111111111111,29.762872060139973,0.9166349685608822
02422500,16.144070029258728,0.5719937384128571,0.755818709731102,1.1675353050231934,0.1491754800081253,17.644186317920685,0.2717805546047528,-5.615632193316893,0.6991538173803582,1.23568594455719,0.11764705882352941,36.600399017333984,0.9169790224956267
02430085,-3.261297568678856,0.5245043039321899,0.5469748079776764,0.9371112585067749,0.04490286111831665,-8.07560309767723,-31.383258866920098,-41.237349541917986,0.7403227426896697,1.081128478050232,0.4583333333333333,51.86047554016113,0.7614723198308699
02430615,25.799930095672607,0.3659095764160156,0.2548038959503174,1.2268280982971191,0.12542791664600372,27.682101726531982,-4.540488645716646,-32.80058727510608,0.5912196386772035,1.198225736618042,0.48,76.98371887207031,0.7236723774785749
02450250,-3.733108937740326,0.670005738735199,0.795249730348587,0.938306987285614,-0.021885180845856667,-6.169366091489792,-7.261721763213219,-282.41153931019375,0.8661731443028762,0.9481109380722046,0.15,33.14185857772827,0.8931771338137062
02464000,-13.37290108203888,0.6461556553840637,0.834008127450943,0.8922708034515381,0.0629909560084343,-12.493009865283966,-0.48447788704135625,42.46828807032493,0.8014301035223037,1.1439433097839355,0.15789473684210525,37.501119312487155,0.9157103353510534
02465493,-2.769828401505947,0.5238350331783295,0.5575602948665619,0.891883373260498,0.03967266157269478,1.7390195280313492,-7.360167202416121,18.33109835702754,0.7298675088668509,1.0582528114318848,0.15,36.58408164978027,0.7593987370179588
02469800,-4.354457184672356,0.6349644660949707,0.8445315361022949,0.9677621722221375,0.05118556320667267,-8.059373497962952,-17.00312157164748,-24.057538762281773,0.8569816211684596,1.1151660680770874,0.29411764705882354,22.59463843177347,0.9215668698353141
02472000,1.2981423176825047,0.6766384243965149,0.8558642566204071,1.0190023183822632,0.08414070308208466,4.249956086277962,-3.650801886839284,-4.590524331571267,0.8172230237151845,1.1689602136611938,0.9,32.05705642700195,0.9329270460208973
02472500,-10.095706582069397,0.627081423997879,0.8236716985702515,0.932856559753418,0.047760698944330215,-7.1964263916015625,22.733418366987387,-82.90086722954038,0.8548225285537052,1.0911632776260376,0.5,30.331227779388424,0.9091291385543672
02479155,16.967110335826874,0.621491014957428,0.7899070531129837,1.13728666305542,0.02526838146150112,13.551972806453705,-27.471271910065276,24.406013269605765,0.8280397674286881,1.0608311891555786,0.0,36.04199545724051,0.9162010730438302
02479300,3.0314113944768906,0.6659450829029083,0.827408492565155,1.0044424533843994,0.009416173212230206,0.6997019052505493,5.469335899057831,-19.297723459731372,0.912665089059714,1.0153522491455078,0.65,26.724674701690677,0.9141398828148402
02479560,7.57380947470665,0.6346875727176666,0.8269380778074265,0.9909316301345825,0.08207519352436066,4.725896567106247,-15.691556481953311,-5.218971343800105,0.849070303178479,1.1251450777053833,0.9,28.215830326080322,0.9161176563469177
02481000,8.415353298187256,0.5619107484817505,0.720579594373703,1.0686160326004028,0.056069113314151764,5.488487705588341,-26.565949948279975,49.079947320102995,0.8009823188158289,1.1369460821151733,0.13043478260869565,31.10881888348123,0.8729344732533288
02481510,0.649253511801362,0.6354106068611145,0.7919900268316269,1.0598362684249878,0.06720415502786636,-3.6613181233406067,-11.476905665372492,38.16617289510369,0.8237098771916084,1.1363922357559204,0.3333333333333333,34.948121933710006,0.9056867644162706
03010655,6.219790503382683,0.641893208026886,0.8186781853437424,1.0538806915283203,0.05211298167705536,4.803473502397537,-14.447250192970367,-10.974753632507147,0.8765100667289929,1.0734694004058838,0.21052631578947367,27.470086750231292,0.9166400461629943
03011800,-6.471887975931168,0.6383749544620514,0.7863134890794754,0.935115396976471,-0.07718833535909653,-5.145411565899849,-2.520543268044707,1.6431689975626547,0.8437837068419847,0.9086121916770935,0.2,36.867332458496094,0.8911800246809175
03015500,-13.271048665046692,0.6687284111976624,0.8177726417779922,0.8643182516098022,-0.037698548287153244,-12.173881381750107,-5.840012021481784,-32.327668811441114,0.8272180067018023,0.9488294124603271,0.32,33.85783767700195,0.9060550622293986
03021350,-29.70680594444275,0.5768873393535614,0.6584445536136627,0.7060583829879761,-0.07901980727910995,-31.457725167274475,-2.6610048756485414,6.55651839139815,0.6311488833535249,0.8636936545372009,0.28,43.48493957519531,0.8237330086877175
03026500,-5.517845973372459,0.6343392133712769,0.752909854054451,0.9678370952606201,0.039934415370225906,-1.326534803956747,-6.152655144490797,47.264757467557565,0.8591900949505242,1.0533217191696167,0.36363636363636365,35.61622446233576,0.8737075964930413
03028000,-18.565338850021362,0.6614733934402466,0.7910772562026978,0.856080949306488,-0.06925713270902634,-14.28295373916626,-6.582941818448637,7.24928486447379,0.7993059325929226,0.9100562334060669,0.2727272727272727,41.438713940707125,0.8928760792783846
03049000,-1.866365224123001,0.6236087381839752,0.7633675336837769,0.9720871448516846,0.06435520201921463,-1.3935885392129421,-10.457272454408606,8.433028249818951,0.8378670031324353,1.1063178777694702,0.08695652173913043,31.910158240276836,0.8808174087489163
03049800,-41.00988507270813,0.47242772579193115,0.3457731008529663,0.536160409450531,-0.020485837012529373,-37.699902057647705,-27.703147594338663,84.87744215419328,0.3791639493239526,0.9457085728645325,0.5,67.95532486655496,0.5909246071962688
03069500,2.7003346011042595,0.6983300745487213,0.8784335628151894,1.0090593099594116,0.049501609057188034,2.791675552725792,-4.02478992748008,28.54641118890856,0.9118471063321342,1.064883828163147,0.08333333333333333,19.587981700897217,0.9410173719814674
03070500,-7.737349718809128,0.6896500587463379,0.7940335273742676,0.9033721089363098,-0.0044852918945252895,-9.479589760303497,-12.052183925610596,13.623899911387827,0.8543166710858945,0.9932953715324402,0.45454545454545453,38.636138222434305,0.8911802823510783
03076600,6.62282258272171,0.5513190925121307,0.6805434226989746,1.051292061805725,0.10237827897071838,3.236454725265503,-2.485969575038803,19.131981974345187,0.7772676523281703,1.1604700088500977,0.15,31.62857532501221,0.8543009974132558
03078000,10.777316242456436,0.6311480402946472,0.7713049501180649,1.0107638835906982,0.03610658273100853,5.008705705404282,-9.442950941459609,51.034933273940766,0.874854748453147,1.0539027452468872,0.23809523809523808,27.37459001087007,0.8875723928493532
03140000,-8.503739535808563,0.6020322442054749,0.7479830682277679,0.9109562039375305,0.026365872472524643,-8.46969187259674,-16.19068575527535,25.490059712965852,0.8310133007299115,1.0527340173721313,0.2608695652173913,49.533868872601055,0.8664079705791531
03144000,-19.157660007476807,0.6630008816719055,0.816193237900734,0.8318628072738647,0.0001853398425737396,-13.472339510917664,-9.741984501338194,-19.442545749045575,0.8076199319975697,1.00040864944458,0.25,31.068062782287598,0.9065130597761075
03164000,2.5113632902503014,0.6495014727115631,0.8638276159763336,1.0534944534301758,0.11778330057859421,4.199158772826195,-6.900639786959925,19.39261783114027,0.8643909699179732,1.1109720468521118,0.17391304347826086,19.169307791668437,0.943313517400993
03165000,-11.44387498497963,0.481839656829834,0.6260730624198914,0.879500150680542,0.01265009306371212,-6.973877549171448,0.7259448648368745,24.49253005848166,0.7623130860021864,1.016234040260315,0.20833333333333334,44.52420473098755,0.7957665273844211
03170000,3.355211392045021,0.6145243048667908,0.7948575764894485,1.0266001224517822,0.09439032524824142,2.4815520271658897,-9.915734626065358,43.56708883665742,0.855003275592315,1.106055736541748,0.3333333333333333,25.624104908534456,0.9047704650799151
03173000,-5.83459734916687,0.657687246799469,0.811223953962326,0.9481887221336365,0.043854884803295135,-2.0276641473174095,0.24370024090970077,-15.101634678232385,0.8689872685569848,1.0710523128509521,0.1111111111111111,25.870868894788956,0.9028841098246816
03180500,-0.2938228426501155,0.68592369556427,0.8373866975307465,0.9589496850967407,-0.040887560695409775,-2.4953581392765045,-0.46743123346176685,13.545695304311907,0.8910599617337267,0.942661702632904,0.047619047619047616,26.06996354602632,0.9169631212120614
03182500,-14.015887677669525,0.7359400391578674,0.8658099323511124,0.8871454000473022,-0.00854402594268322,-13.822200894355774,3.4878059603311753,15.001490716174809,0.8672982784549012,0.9860885143280029,0.05263157894736842,24.374236558613024,0.9315890598153531
03186500,-8.12118574976921,0.6435108482837677,0.747593343257904,0.9368821382522583,0.03654006868600845,-7.135430723428726,-10.302055509768019,26.551684900793283,0.8440255338101383,1.054362416267395,0.4166666666666667,47.60265350341797,0.8681330316979429
03213700,0.3761525731533766,0.6710826456546783,0.8415206223726273,1.0055052042007446,0.018607284873723984,1.1418567039072514,22.018701469197016,-9.623945614185537,0.9162199054633743,1.02842378616333,0.2222222222222222,25.10368824005127,0.9213813931221411
03237280,-26.320990920066833,0.48187994956970215,0.43899381160736084,0.7796282768249512,-0.016491226851940155,-24.913980066776276,-56.38415440834501,-22.894623056267818,0.6023555404717946,0.9592046737670898,0.2857142857142857,49.39413978939965,0.6715290558117984
03237500,-4.094665125012398,0.5827676355838776,0.7001932561397552,0.9935742616653442,0.06095732003450394,-3.794373571872711,-5.501118491191772,-110.30486452553718,0.7877896694272934,1.150984287261963,0.2,43.43642234802246,0.8510178558060429
03238500,-9.784205257892609,0.599888950586319,0.6895057559013367,0.8707798719406128,-0.01962229236960411,-18.555709719657898,-2.645141743695722,-5.377372152847189,0.7803638647606022,0.9438043236732483,0.19047619047619047,39.71932729085286,0.8315237809974548
03241500,-10.611733794212341,0.6518561244010925,0.826670452952385,0.9082434773445129,-0.0013352157548069954,-9.365608543157578,-7.805074874629521,-12.37636322897988,0.8708980924546348,0.9974996447563171,0.23809523809523808,35.592156364804225,0.9092156879979778
03280700,-22.58303016424179,0.5590632259845734,0.6911628544330597,0.8082742691040039,0.028934713453054428,-18.093563616275787,-19.253184630890882,-240.38124151933974,0.7348664136192091,1.0733721256256104,0.3684210526315789,39.60194336740594,0.8322096727438794
03281500,-17.612770199775696,0.6995508074760437,0.8770016357302666,0.838781476020813,0.009794033132493496,-17.461809515953064,-25.90424412170539,-4.529235685785174,0.8275362801023891,1.0203733444213867,0.45,25.19413709640503,0.94223107198518
03285000,-6.54425248503685,0.6605001389980316,0.8346934020519257,0.9460225105285645,-0.003611714579164982,-9.258105605840683,-21.92754333361159,-154.72405324524803,0.8982028433334455,0.9908570051193237,0.3333333333333333,17.090182077317014,0.914177524037301
03291780,0.7015626411885023,0.5599433779716492,0.6813914477825165,1.0074760913848877,0.026474514976143837,-2.113872766494751,-24.069370422137133,-13.232661855390818,0.8271369811503658,1.0702975988388062,0.16666666666666666,39.02053038279216,0.8422534344560488
03340800,-11.100155115127563,0.6504292488098145,0.7478692531585693,0.8921527862548828,-0.06231573596596718,-12.861987948417664,-11.492388427817435,-260.54863729852656,0.7769758542149376,0.8567401766777039,0.17391304347826086,34.30613434833029,0.8673901545425972
03346000,0.9216947481036186,0.6523160636425018,0.8631354719400406,0.9940283298492432,0.05420363321900368,0.7420558948069811,-31.301528344424213,39.31558756298447,0.8201759558097058,1.1666293144226074,0.2777777777777778,24.38280317518446,0.9326524120727752
03357350,-17.0652836561203,0.5425953269004822,0.6109776496887207,0.8217909932136536,-0.025599991902709007,-14.400602877140045,-21.62719149464512,-8.934564286919262,0.7093398550247156,0.9248418807983398,0.21739130434782608,50.60844836027726,0.7830296635589411
03364500,-18.321536481380463,0.6421571969985962,0.699555367231369,0.83853679895401,0.004915956407785416,-13.167886435985565,-11.534159959632294,-11.144440368998012,0.7697990947146773,1.0126827955245972,0.2608695652173913,35.766995471456774,0.8364113750903029
03366500,-6.860249489545822,0.6806389391422272,0.8693781197071075,0.9382537603378296,0.020309725776314735,-6.559945642948151,-9.783022388240116,-143.60285686142913,0.8926008512389968,1.0564353466033936,0.09090909090909091,32.91321451013739,0.9326425156651116
03368000,-20.315371453762054,0.49485576152801514,0.6160392761230469,0.8540499806404114,0.04090530425310135,-17.1747624874115,-25.760330316302593,74.95367285226482,0.707318860908811,1.140346646308899,0.5238095238095238,45.52863438924153,0.7886622137465795
03384450,-9.695345163345337,0.5673398673534393,0.7238612174987793,0.8828626871109009,0.012696920894086361,-11.448530852794647,-26.11738729747635,-14.18038684521861,0.8062788716219668,1.0417935848236084,0.18181818181818182,45.58670304038308,0.851473834706569
03439000,-0.9732604958117008,0.537275642156601,0.7653042525053024,1.0510127544403076,0.12706197798252106,0.6276081316173077,4.150979047204629,7.645929744006735,0.827140567752332,1.1293208599090576,0.2608695652173913,37.91321464206862,0.8972663765178076
03455500,7.472160458564758,0.4083372950553894,0.5430732369422913,1.0938838720321655,0.10902304947376251,8.065010607242584,-2.450131845322109,25.198698570437312,0.7334638691128805,1.1498985290527344,0.45454545454545453,44.77979920127175,0.8006065231048163
03456500,-9.70938429236412,0.5904928743839264,0.8100566118955612,0.9211564064025879,0.048342980444431305,-8.312351256608963,-11.495438484106343,38.27138881524782,0.8526267148575088,1.0762144327163696,0.2857142857142857,37.696813401721776,0.9015422264721669
03460000,11.034992337226868,0.5148974359035492,0.7188979387283325,1.08478581905365,-0.00995166040956974,7.4991293251514435,-2.465782605672147,25.819999297793217,0.8476613227164891,0.9904962182044983,0.38095238095238093,39.642034258161274,0.8737933614445147
03463300,-9.199405461549759,0.5525078475475311,0.6769190728664398,0.7901522517204285,0.03463513404130936,-6.25055804848671,-8.650542795600249,43.804344823111876,0.7169230095717485,1.0720049142837524,0.2857142857142857,40.45099530901228,0.8241824884407147
03471500,-1.2498373165726662,0.49671852588653564,0.6831789314746857,1.0363354682922363,0.13791398704051971,4.398569092154503,1.1658421133272323,-29.677582999953177,0.7774918132578452,1.1665184497833252,0.2631578947368421,24.703354584543327,0.8569572343911663
03473000,2.756534144282341,0.5798611044883728,0.7758454084396362,1.060002088546753,0.09969036281108856,5.830707401037216,5.194034965103562,-3.8595538454353635,0.8404928630873164,1.1094186305999756,0.10526315789473684,17.32112482974404,0.900652934750264
03479000,12.651774287223816,0.5616713464260101,0.8284674137830734,1.0015591382980347,0.06360381841659546,14.016976952552795,-3.9944341150624987,25.143023152057044,0.8583100387421063,1.1143794059753418,0.17391304347826086,49.75969480431598,0.916388005060524
03488000,-14.700557291507721,0.6832298636436462,0.8434918224811554,0.8707641363143921,0.022280113771557808,-10.446932166814804,7.285706634904648,8.931607251317688,0.8435047837570846,1.0372824668884277,0.2,29.81064558029175,0.9200071133970957
03498500,-1.304048765450716,0.6728999018669128,0.8316649496555328,0.9724414944648743,-0.018240181729197502,-2.4608565494418144,-2.236538227170678,5.269390158516779,0.9051807266473499,0.9710736870765686,0.2631578947368421,32.73503403914602,0.914008769095618
03500000,5.69627583026886,0.7180770635604858,0.8646762520074844,1.0563244819641113,0.05804620310664177,3.467753529548645,-2.8852596167411737,28.641638848123986,0.9018993033077007,1.0523017644882202,0.13636363636363635,20.612183484164152,0.939042433985536
03500240,-9.158272296190262,0.655767172574997,0.8477738052606583,0.9123139977455139,0.017376989126205444,-9.53405350446701,-15.091035706831127,23.219723795079197,0.8806630439910508,1.01742684841156,0.30434782608695654,33.960354846456774,0.920950780949154
03504000,-12.95572966337204,0.6336986720561981,0.8002572357654572,0.8781499266624451,-0.07270963490009308,-12.75276094675064,-13.725218767228057,7.7646790099350005,0.830618126084517,0.94182288646698,0.25,34.195685386657715,0.8977346476086883
03574500,-12.622831761837006,0.6655018031597137,0.8298147767782211,0.9032629132270813,0.028034456074237823,-12.294095754623413,-17.01082366975398,24.85345351499449,0.8530415218988523,1.0662603378295898,0.21052631578947367,26.103757557116058,0.9114093799592591
03592718,-19.463707506656647,0.5332416594028473,0.6539156436920166,0.8187533617019653,0.02259032614529133,-20.199590921401978,-40.4881420213853,12.042886922449204,0.730955487373413,1.0553439855575562,0.17391304347826086,52.534269249957546,0.8090244802527189
03604000,-7.130563259124756,0.6374803781509399,0.8655144423246384,0.9603608846664429,-0.023189961910247803,-7.291112095117569,5.444428536477433,-23.69442967680037,0.9040574193391193,0.94629967212677,0.3157894736842105,31.123567882337067,0.9310797990009448
04015330,5.236419290304184,0.5824929475784302,0.6967766582965851,1.017525315284729,0.0674954280257225,1.8698127940297127,-27.560084990521734,-10.705466358078349,0.7799157617519135,1.1632028818130493,0.47368421052631576,46.993506582159746,0.8533891047113918
04024430,10.563168674707413,0.6244169771671295,0.7830273509025574,1.140974998474121,0.09227883070707321,11.011074483394623,5.525243518911494,-702.2263995852709,0.7497863601621956,1.1894817352294922,0.6111111111111112,19.479864173465305,0.9173586823645418
04027000,-0.1558857853524387,0.7003919780254364,0.8828029558062553,1.0005546808242798,0.02550896257162094,0.5211262032389641,10.428686014567777,-788.8516265644276,0.921852452881105,1.0521032810211182,0.7368421052631579,26.53175153230366,0.9417592963923213
04040500,-3.707808628678322,0.6911289691925049,0.8676296323537827,0.9853182435035706,0.034018661826848984,0.7405229844152927,0.18942988120215326,46.55217945961358,0.9095375757818999,1.0595735311508179,0.9411764705882353,22.679894110735724,0.9335252633866249
04043050,-15.860553085803986,0.6126544177532196,0.8197244554758072,0.8459109663963318,-0.02564140595495701,-18.43179762363434,5.102545547837369,34.68087295786544,0.8145339068239885,0.953464686870575,0.375,32.801610231399536,0.9078658257050787
04045500,17.32611060142517,0.6814378499984741,0.8823863491415977,1.1090773344039917,0.11656882613897324,14.825108647346497,-9.337806813448763,21.85602666853495,0.8326872689688392,1.1198776960372925,1.1764705882352942,16.11157024607939,0.958466602869307
04056500,27.289879322052002,0.503207266330719,0.6581457257270813,1.2678096294403076,0.22035056352615356,28.176796436309814,-6.706103910655567,0.09886612313646392,0.6608450372998771,1.1888591051101685,1.125,29.277873039245605,0.912613905453137
04057510,20.96288502216339,0.5042667090892792,0.6660345494747162,1.2011990547180176,0.15461738407611847,22.480297088623047,-1.693595917118365,12.12456277464654,0.725162544609522,1.1498767137527466,1.5294117647058822,33.023531296673944,0.8877879777351536
04057800,5.958504229784012,0.6102136671543121,0.7777536511421204,1.0828927755355835,0.10300366580486298,14.012007415294647,-7.865978344414977,7.077024635423666,0.7855726237892701,1.1736923456192017,0.75,34.50685441493988,0.9054544738978884
04059500,27.883371710777283,0.591522216796875,0.710026353597641,1.2104867696762085,0.12426380813121796,26.188305020332336,-4.3216059133447375,39.80987933513892,0.700607320164672,1.1904937028884888,1.0,33.57068470546177,0.9049029669753774
04063700,19.732855260372162,0.489993691444397,0.7222799062728882,1.1861698627471924,0.2385028749704361,24.00578409433365,2.725045183289471,-14.396110658124947,0.6373561130195853,1.301151990890503,1.0,39.32976457807753,0.9215216631697525
04074950,28.091177344322205,0.5330195426940918,0.7800983190536499,1.1067144870758057,0.21442632377147675,20.001447200775146,-5.339395031337781,-5.325516235457779,0.8151920616834458,1.1318098306655884,0.9444444444444444,25.6344821718004,0.9265686657286422
04105700,-10.24826094508171,0.39376509189605713,0.7085675895214081,0.8907602429389954,0.22099585831165314,-9.937834739685059,-19.81715489912901,13.01497246312016,0.8015651542100711,1.1033422946929932,0.3333333333333333,19.62409814198812,0.8705263207114585
04122200,-8.263835310935974,0.5947215557098389,0.8081411272287369,1.009912371635437,0.15016289055347443,-3.7065282464027405,-0.9836257147629911,16.507950621787323,0.8877398569570512,1.074065923690796,0.4,23.501996994018555,0.9162245647435149
04122500,5.127464979887009,0.5844921469688416,0.7614103853702545,1.091621994972229,0.12835294008255005,7.004103809595108,7.5443589882127275,15.326773388954825,0.8543633264301826,1.0568572282791138,0.7368421052631579,13.420803923355907,0.9021087015194551
04124000,2.434697560966015,0.6125079691410065,0.8394382745027542,1.0601475238800049,0.07478097081184387,2.2217361256480217,9.094600392773975,15.160337609244145,0.9043792408784457,1.0207401514053345,0.6,10.003831386566162,0.9286175717296591
04127918,20.251555740833282,0.5183743238449097,0.6507577896118164,1.2310904264450073,0.15304197371006012,22.36873060464859,10.352529776075327,-33.54705650439437,0.677411800504208,1.1960076093673706,0.6,27.811193466186523,0.8893592374868564
04127997,4.601398482918739,0.2129192352294922,0.561367392539978,1.0466498136520386,0.44669651985168457,4.85842190682888,6.337727313803547,16.119594735304542,0.8254750614190556,1.1243910789489746,0.25,13.846703370412191,0.8868204587797669
04161580,-5.900163576006889,0.43543583154678345,0.6679266393184662,0.978582501411438,0.15867607295513153,-3.816886246204376,-17.556800291121412,-2.550335601038858,0.7719782587497628,1.1643792390823364,0.5714285714285714,27.47613134838286,0.8434283838120358
04185000,10.013006627559662,0.7039238214492798,0.8371893763542175,1.049707055091858,0.039704322814941406,10.313104838132858,-2.8849823017056297,-3.734745997028188,0.8917757354450002,1.0593540668487549,0.6086956521739131,21.40454624010169,0.9243772860770052
04196800,-7.042774558067322,0.6892408430576324,0.8118154555559158,0.8560216426849365,-0.05718298628926277,-10.920426994562149,-21.357936040037927,-119.29610387172251,0.7856992848896963,0.8735159039497375,0.4782608695652174,39.23933609672215,0.9041000387487491
04197100,-14.44452852010727,0.6382025480270386,0.7760357558727264,0.8103989362716675,-0.018811022862792015,-20.609256625175476,-17.209769497105533,-168.99615398947498,0.7734952671906816,0.9558413624763489,0.6,40.69994926452637,0.8842163856577266
04213000,-7.267597317695618,0.6320461630821228,0.7428407073020935,0.9222303628921509,-0.006410333327949047,-5.856668576598167,-16.076698846369382,-7.2593751951284995,0.8428182610893145,0.9886414408683777,0.4090909090909091,39.19873237609863,0.8638788564345943
04216418,-16.293583810329437,0.5936129987239838,0.6952405273914337,0.8933143615722656,-0.016312960535287857,-17.72184669971466,-0.011187364993834017,6.101478927144695,0.8027449182754478,0.9752498865127563,0.375,38.65155776341756,0.8359415540065217
04221000,-18.928925693035126,0.6660589873790741,0.8075602203607559,0.8394346833229065,-0.042800288647413254,-19.38871741294861,-0.12679294128379964,-13.087762076622358,0.801404760422102,0.9365958571434021,0.23809523809523808,33.588813600086034,0.9018227983083266
04224775,-28.221523761749268,0.5903226733207703,0.6789353489875793,0.7756638526916504,-0.02474600449204445,-25.340354442596436,-10.680730669816423,-46.35965652074038,0.7132220892798171,0.9600600004196167,0.2857142857142857,50.165208180745445,0.8258745868019298
04233000,-15.051253139972687,0.5987094938755035,0.7282871305942535,0.8559178113937378,-0.06656195223331451,-13.150569796562195,-5.921697872608803,-27.998236621739224,0.7751680224338385,0.9048650860786438,0.36363636363636365,34.712041508067735,0.8559892739553177
04256000,-4.183398932218552,0.6619023084640503,0.8243918269872665,0.9196845889091492,-0.002196220913901925,-5.898881703615189,-10.793049766291954,7.647179390502525,0.8778779679717252,0.9975212216377258,0.5416666666666666,27.460193634033203,0.9080376103732981
04296000,-5.20680733025074,0.6913182735443115,0.8518623560667038,0.9120370745658875,-0.06336457282304764,-5.597138032317162,-3.9731048871037697,-716.0531684524052,0.8630223768367066,0.9262781143188477,0.21739130434782608,25.062216883120332,0.9252305104460845
05056000,-9.803902357816696,0.5185035169124603,0.7324559688568115,0.9208489656448364,-0.12135662883520126,-14.289073646068573,-8.476139230757566,-118.2482575454288,0.6645388513485625,0.7027667760848999,1.2727272727272727,67.75997335260566,0.8661280215426487
05057000,-3.355991840362549,0.5567969381809235,0.7593550980091095,0.9043679237365723,-0.1406460404396057,-17.061759531497955,-1.2679994058844906,-209.82870192953106,0.6681691926712691,0.7045938968658447,1.6666666666666667,43.07185543908013,0.8829469141240774
05057200,-31.770139932632446,0.530555784702301,0.6763584911823273,0.7406399250030518,-0.00047523697139695287,-23.62738400697708,-3.2956541960448593,-166.9584294142979,0.6881887304270876,0.9981571435928345,0.8333333333333334,52.276905377705894,0.8269242269683265
05120500,139.28197622299194,-0.0022329092025756836,-1.3486711978912354,2.324737071990967,0.2251684069633484,116.6445255279541,-39.08535402514072,-12.18376108752279,-0.5733440170258275,1.8407387733459473,1.0,57.777770360310875,0.8832035916797132
05123400,-11.952919512987137,0.37223756313323975,0.3063240051269531,0.8951959013938904,-0.0026363730430603027,-13.999564945697784,-77.87059630766713,-125.68933861004076,0.6044742016752678,0.9920409917831421,2.0,72.11944035121373,0.6186951190399189
05129115,15.845999121665955,0.5142806768417358,0.7159929573535919,1.0229617357254028,0.10043303668498993,8.811705559492111,12.028576598552837,63.826569367898934,0.8240327854076639,1.1121639013290405,0.6,36.79509480794271,0.866371864704654
05131500,18.496598303318024,0.6149643957614899,0.7731522023677826,1.1420783996582031,0.11321382224559784,16.438788175582886,-2.2443271883845584,-5.482532743483147,0.7502293295911895,1.187075138092041,0.6666666666666666,27.04537444644504,0.9151353497923054
05291000,1.4017755165696144,0.5282773673534393,0.565934807062149,1.0349018573760986,0.05343811213970184,7.722818851470947,-7.167950879755862,-385.9508682455995,0.7063364903074114,1.2046023607254028,0.5555555555555556,37.64406840006511,0.792254984988184
05362000,18.02128404378891,0.6606106758117676,0.7752446383237839,1.1810048818588257,0.07838640362024307,15.757805109024048,-3.1117456078434693,-104.21611359806519,0.7379406735632048,1.1723990440368652,0.3157894736842105,51.76807202790913,0.9213177724581062
05393500,5.48541322350502,0.6631344556808472,0.8318954110145569,1.0427944660186768,0.05953606963157654,5.124750733375549,1.4610707280249702,33.424530463413504,0.8411249989101297,1.1316128969192505,0.3157894736842105,23.660845505563834,0.9219747155467836
05399500,-20.715321600437164,0.6007993519306183,0.7540811598300934,0.834226667881012,0.022438909858465195,-17.698092758655548,-14.079817982154935,-347.78452999457573,0.773961845244562,1.080936312675476,0.3125,43.98825764656067,0.8693793161329012
05408000,-6.253201514482498,0.5153497457504272,0.672319769859314,0.7559959888458252,0.02949184738099575,-3.244815021753311,0.31508877285852016,-222.69624013936894,0.695329410525483,1.045156717300415,0.16666666666666666,38.4648429022895,0.8232315596208605
05412500,10.950344800949097,0.6583528816699982,0.7981628030538559,1.0117093324661255,0.012631669640541077,8.041901886463165,-3.3971179221214234,-39.60926866711122,0.8973298422066205,1.021979570388794,0.7142857142857143,35.81556592668806,0.9003960275890603
05413500,-24.298517405986786,0.4887818694114685,0.6871375441551208,0.7054709196090698,-0.09012307226657867,-17.2252357006073,-23.561824011327662,-178.9923401211305,0.647423997275683,0.8829885125160217,0.2222222222222222,26.21191872490777,0.845498316197145
05414000,-30.551782250404358,0.47581231594085693,0.4970376491546631,0.6266872882843018,-0.07505300641059875,-21.785692870616913,-17.41873853321532,-131.18715203678718,0.5166683917012227,0.887402355670929,0.4666666666666667,58.58467737833659,0.7143974206284216
05444000,-1.7982663586735725,0.4899522066116333,0.5463457405567169,1.048424243927002,0.005614995025098324,3.555474802851677,-10.295208367445627,-13.859241270451776,0.7792060381729526,1.0093072652816772,0.4666666666666667,49.68212445576985,0.7847828050727398
05454000,-16.469694674015045,0.510643720626831,0.6609521210193634,0.8565495610237122,-0.03504463657736778,-10.672282427549362,-19.91708962013186,70.51315919366421,0.7532482097959836,0.9224460124969482,0.11764705882352941,45.33232520608341,0.8148141567268877
05458000,-16.806598007678986,0.6026858985424042,0.7652559876441956,0.7763998508453369,-0.021837739273905754,-12.154480069875717,-28.272125013922324,-672.8386775988796,0.7406633827626234,0.9436440467834473,0.6666666666666666,53.29805692036946,0.8813304551487968
05466500,4.852716997265816,0.6298223733901978,0.750986322760582,0.9827855825424194,0.005792201496660709,-0.9002361446619034,-4.930891399382279,-470.0577351218341,0.8719588505674515,1.009535551071167,0.9444444444444444,37.38836447397868,0.8734801476234914
05487980,1.675746776163578,0.58995321393013,0.7034895420074463,1.0334906578063965,0.040937721729278564,1.1843625456094742,-22.31776787322801,-280.6304129179477,0.8056575776664584,1.1282795667648315,0.2777777777777778,49.47240087721083,0.8579024781750553
05489000,-4.8265960067510605,0.5970628559589386,0.6483599245548248,0.9624817967414856,0.03316644951701164,-9.956684708595276,-23.3510614923997,-90.80783774383792,0.7832172073991174,1.1126576662063599,0.23529411764705882,38.392891603357654,0.8186290711358998
05495000,-2.4383390322327614,0.6631670892238617,0.7990084588527679,0.9770839810371399,0.035124219954013824,-4.9436938017606735,-18.43571984383178,-122.95571819506984,0.8516647143210231,1.1052799224853516,0.3333333333333333,28.846465216742622,0.8980473101196643
05495500,-11.010870337486267,0.6929057836532593,0.8354025483131409,0.9228653311729431,0.0025633620098233223,-8.689196407794952,-29.382494449469267,-138.27840477254273,0.884170750466536,1.0088995695114136,0.38095238095238093,34.750220889136905,0.9140496912458295
05501000,-4.8080988228321075,0.6454266309738159,0.7919881790876389,0.9757787585258484,0.02643299475312233,-0.8170892484486103,-13.172660394792143,-192.37788294542253,0.8560727793864229,1.094379186630249,0.25,36.694055795669556,0.8940710359438327
05503800,25.953176617622375,0.5100449919700623,0.6814620494842529,1.2592556476593018,0.1293562650680542,19.6390762925148,-37.62110157471433,-38.458628120807006,0.42386740909119525,1.5060029029846191,0.10526315789473684,48.30631456877056,0.906853160895357
05507600,-16.246309876441956,0.6443496644496918,0.7894248813390732,0.8288116455078125,-0.006420091725885868,-17.972759902477264,-33.192578497019824,-30.391791231125282,0.7947642377047237,0.9706205129623413,0.1111111111111111,60.001728269788956,0.8906697152999941
05508805,4.718811064958572,0.5976238548755646,0.7631308436393738,1.0227394104003906,0.03992532938718796,3.6557670682668686,-27.20650891680333,-11.016897803973805,0.8002884550299636,1.1618506908416748,0.4117647058823529,43.36793001960306,0.8852307781544456
05514500,-10.360178351402283,0.6399063766002655,0.8000877499580383,0.8798311352729797,0.01437945757061243,-11.437739431858063,-23.86740824160867,-173.29604372316808,0.8333384531714673,1.0474417209625244,0.1111111111111111,23.033067915174694,0.8947156314849527
05525500,6.224976480007172,0.6698234975337982,0.8322119265794754,1.0323365926742554,0.058059629052877426,2.8898047283291817,-1.1917676798743293,-83.95896208747247,0.8568081532672454,1.1148788928985596,0.3157894736842105,28.525083943417194,0.9208729520874356
05556500,-13.747034966945648,0.5693654119968414,0.7179248332977295,0.8254597783088684,-0.017929289489984512,-9.154336899518967,-26.002885099133945,-322.7432736561526,0.7648532305549555,0.9592412710189819,0.3157894736842105,40.386207480179635,0.8477881732443123
05584500,-12.195558845996857,0.6857341825962067,0.8172339648008347,0.8651509881019592,-0.03597231209278107,-15.428918600082397,-23.689370442620152,-11.21792277867476,0.8143580231647991,0.9141333699226379,0.5,43.08175086975098,0.9056304636412746
05585000,7.509053498506546,0.6529447734355927,0.8002896904945374,0.9595656991004944,0.01398996077477932,0.6322330795228481,-20.133006973987378,1.3588613276836752,0.8857224012282793,1.0281598567962646,1.2173913043478262,35.18852980240531,0.8968910316363679
05591550,-24.318890273571014,0.5997854769229889,0.7214923799037933,0.8063974380493164,-0.055571019649505615,-25.577080249786377,-42.822394220852196,-25.91647551016622,0.716699760233628,0.8550461530685425,0.2631578947368421,57.116021608051504,0.8524687961223555
05592050,-0.3924362827092409,0.6123211681842804,0.7596864849328995,1.0109639167785645,0.028087995946407318,0.2611268777400255,-26.902170553706316,-6.9063773083294855,0.8540013574586347,1.0847105979919434,0.25,28.578493595123287,0.8815959851160382
05593575,-4.012742266058922,0.6880152523517609,0.8437033891677856,0.912132203578949,-0.011139952577650547,-7.855933904647827,-16.274400503018725,-2.123699978673425,0.8736710656615085,0.9597985148429871,0.1111111111111111,38.82744047376845,0.9186237713187807
05593900,-18.6079740524292,0.6043480038642883,0.7248039245605469,0.8383368253707886,-0.013340466655790806,-18.919266760349274,-15.74732119234534,-10.121566861371683,0.7749801608584775,0.9503520131111145,0.05,38.60638618469238,0.8515613817971792
05595730,-11.178212612867355,0.6537838280200958,0.8326326012611389,0.8543112277984619,0.02750244177877903,-9.092015027999878,-38.03475341545925,-30.17791976237274,0.7972476675610504,1.1124414205551147,0.2777777777777778,33.31124252743191,0.9149105358614211
06191500,-11.350126564502716,0.827777087688446,0.948338657617569,0.9014587998390198,-0.006545029580593109,-9.19988751411438,0.3773772129175083,30.468660286992318,0.8984177345060063,0.9917370676994324,1.0,19.170233011245728,0.9767553773202899
06224000,-6.873504817485809,0.7380013465881348,0.8721562623977661,1.032699704170227,0.06247255206108093,-2.5275781750679016,-6.389428620810834,-7.364939660943663,0.8831285284343525,1.0951343774795532,1.0,25.392639636993408,0.9405094929028381
06278300,-9.171820431947708,0.6613273024559021,0.7637071460485458,1.0616885423660278,0.08413399010896683,-4.609708487987518,-4.293861609424909,-877.0367267790746,0.752009017880137,1.2154645919799805,0.9,28.081119060516357,0.8938441685236767
06280300,-18.042941391468048,0.7620267868041992,0.8750369995832443,0.8564705848693848,-0.049744121730327606,-18.96670311689377,-6.821564212080304,-1.3667995558168602,0.8276361638401097,0.9253636598587036,0.9,23.324167728424072,0.940518778271376
06289000,-16.08395278453827,0.5770411193370819,0.742482990026474,0.9281027913093567,0.04097197577357292,-16.035370528697968,5.479730931677045,63.9924126672354,0.838124040801764,1.052894115447998,0.2222222222222222,24.668444527520073,0.8649561919234469
06311000,-0.16747000627219677,0.5736610591411591,0.5826211273670197,1.0315165519714355,0.04278204217553139,-4.428381845355034,-3.9720219501850687,-69.79423369415501,0.7775824941095499,1.0899863243103027,1.6,40.54783344268799,0.7990554421849618
06332515,59.38766598701477,-0.1547856330871582,-0.8425256013870239,1.5261558294296265,0.18540634214878082,71.85487747192383,631.2415012240892,45.74317894859435,-0.43870347240888985,2.2415056228637695,0.8181818181818182,39.42146734757857,0.49831133850139453
06339100,8.141787350177765,0.05072474479675293,-0.11492633819580078,0.9458520412445068,0.09572667628526688,19.465959072113037,-21.344919150298853,-8.46460086490267,0.07036439309979836,1.722095251083374,1.1,62.06374645233155,0.4170173171164014
06339500,-0.14880753587931395,0.35005617141723633,0.40724360942840576,0.8546401858329773,0.05454519763588905,9.532859921455383,-4.449435253569867,-65.95993330713935,0.5066059090294361,1.3341093063354492,1.2222222222222223,56.18726942274306,0.6673151268091039
06344600,7.351791113615036,0.08700442314147949,0.07132679224014282,0.9106321930885315,0.10242240130901337,20.802246034145355,-14.938657400231179,-16.523643543496735,0.022865702517858133,1.834891676902771,0.5555555555555556,48.53346082899306,0.5002393390409442
06350000,1.509105321019888,0.32298558950424194,0.6216055154800415,0.8490893244743347,0.06865634024143219,15.101376175880432,33.81053507135097,-219.2384101531406,0.36283331965852195,1.5835310220718384,1.0,43.32766532897949,0.7933628958062897
06352000,-23.2077494263649,0.40573763847351074,0.6373708546161652,0.6724198460578918,0.03579682856798172,-15.354882180690765,-36.35698008999616,-110.26758456681627,0.5228701106815509,1.2909661531448364,1.2857142857142858,61.22070721217564,0.8111008953213493
06353000,-8.78380760550499,0.4422246813774109,0.8145532160997391,0.8887847065925598,0.06452147662639618,-1.7696723341941833,-74.16626899866449,-66.84815004636512,0.5300319554872582,1.4466220140457153,1.125,61.25718355178833,0.9049742248378037
06354000,-11.576271057128906,0.5723977386951447,0.8733203709125519,0.9169844388961792,0.034441988915205,-9.464821964502335,32.71836342930174,19.691735206055906,0.7543320323589645,1.2219887971878052,1.1428571428571428,53.83605275835309,0.9353305260373478
06360500,-19.228245317935944,0.47566932439804077,0.6958386600017548,0.8522157669067383,0.047998733818531036,-15.702682733535767,-48.780996009494686,-34.364224798491016,0.6610449207488435,1.257021188735962,1.875,71.66304588317871,0.8357122197485543
06404000,12.0070680975914,0.4198645353317261,0.6176923513412476,1.1648194789886475,0.12418957054615021,13.999231159687042,-49.911260338261755,75.44233758575545,0.5600537871702443,1.3809492588043213,0.2222222222222222,48.13729392157661,0.8541752018839261
06406000,27.478554844856262,0.03347921371459961,0.201982319355011,1.030701756477356,0.10066404938697815,36.048683524131775,-43.59486061456984,-90.23132445758193,0.5279966043146541,1.2758824825286865,0.6666666666666666,89.3279472986857,0.6182494747593511
06409000,-17.8275465965271,-0.14337599277496338,-0.3500692844390869,0.8699877858161926,0.40178197622299194,-10.5748750269413,-16.87697405507498,57.738285011218274,0.2804774284120244,1.2175147533416748,1.1538461538461537,42.08461688115047,0.3265782248350536
06431500,-10.536491125822067,0.264151394367218,0.6094255745410919,0.9159722924232483,-0.17970816791057587,-9.190336614847183,7.034914322389185,37.145272686047825,0.7707054450717947,0.906409740447998,0.6666666666666666,39.9460752805074,0.80828093314407
06447000,-19.401532411575317,0.2958548665046692,0.441531777381897,0.7775844931602478,0.08565270155668259,-17.431017756462097,-39.035941345498784,-16.70839737157865,0.5444315746679091,1.2324165105819702,0.45,68.39850902557373,0.6774221053982806
06447500,31.455430388450623,0.4009263515472412,0.45815175771713257,1.1644107103347778,0.10850480198860168,27.359411120414734,-23.296928520957138,-57.17096767711056,0.7069282897367707,1.1104567050933838,0.8571428571428571,37.93537957327707,0.7839919862974032
06450500,0.4524595569819212,0.33468711376190186,0.41767871379852295,0.999034583568573,-0.05358833074569702,6.463267654180527,16.909154515048264,-0.5645784203156018,0.7050822290806278,0.9463990926742554,1.1176470588235294,51.20348088881549,0.7099956857061913
06452000,-10.194385796785355,0.41044676303863525,0.5687893927097321,0.9137945175170898,0.05025441572070122,-6.998234987258911,45.77763049229639,22.82614335389118,0.7218260414733217,1.1296939849853516,0.875,52.91482210159302,0.7695030667212465
06453600,1.0576043277978897,0.3831785321235657,0.5006861090660095,1.0959420204162598,0.10648536682128906,1.1716123670339584,-31.69710555652915,-12.09462156203991,0.5586656541022161,1.3712952136993408,0.45454545454545453,60.711682926524766,0.7815715268756577
06464500,-4.873630031943321,0.4473181366920471,0.5149843692779541,0.9904882311820984,0.10248422622680664,-0.6874834187328815,10.697888679020615,-586.3751528402153,0.7133360197926581,1.1572601795196533,1.3846153846153846,37.01439270606407,0.7605109611282461
06468170,-48.635292053222656,0.4840151071548462,0.5281126499176025,0.5574862360954285,-0.021090563386678696,-41.85548722743988,-24.72388869702779,-3.0572146890734646,0.48468635835318596,0.9071530103683472,2.0,71.78794860839844,0.7527973411578064
06470800,-47.16169238090515,0.4654669165611267,0.5779586434364319,0.5973219871520996,-0.005173140205442905,-35.2277934551239,-40.867825326369136,-11.059180461517705,0.541750924195725,0.9770771861076355,0.6666666666666666,49.67111349105835,0.7824748795021726
06477500,11.333152651786804,0.4155600666999817,0.3013681173324585,1.1199605464935303,0.06872106343507767,14.025285840034485,-55.217442775199835,-31.805799409523434,0.5138574608704145,1.360433578491211,1.0,63.717038290841245,0.6966327784147498
06479438,17.633259296417236,0.30501365661621094,0.15845125913619995,1.1158291101455688,0.13227321207523346,29.05590534210205,-40.12383667729511,-152.63958579337077,0.32530714324366783,1.5566399097442627,1.1818181818181819,76.2009707364169,0.6367561713107773
06601000,26.919937133789062,0.1967376470565796,-0.09140872955322266,1.2234748601913452,0.03638751804828644,40.33151566982269,6.654010892603071,-879.6315321103167,0.5169749646319498,1.0517809391021729,0.3333333333333333,77.87993219163683,0.5749224706004069
06614800,-16.16618186235428,0.7673545777797699,0.8966591358184814,0.9268900752067566,0.034273069351911545,-9.464485198259354,-10.593268334783827,11.764329441792446,0.8878984291298241,1.0670360326766968,1.7,28.011345863342285,0.947770971565075
06622700,-5.663542822003365,0.7461195886135101,0.8687778860330582,1.0656803846359253,0.028139285743236542,-3.017846867442131,13.943042590939145,-6.436869236959719,0.8921179618676955,1.0618330240249634,1.1,24.63362693786621,0.9408282299944881
06623800,-13.695789873600006,0.8185208141803741,0.9459302462637424,0.9789713621139526,0.03322089463472366,-9.977173060178757,13.838549470885885,-21.517070426133557,0.9286059290855939,1.0627317428588867,0.6,21.090452671051025,0.973173927080632
06632400,-5.465111136436462,0.7655899971723557,0.8808336034417152,1.0755075216293335,0.06303810328245163,-0.3688903758302331,-14.2866635360168,-643.715150167648,0.8292251353919509,1.14447021484375,0.9,28.189282417297363,0.949097882339789
06746095,-10.274388641119003,0.6805503368377686,0.7695735543966293,0.8777296543121338,-0.04107129946351051,-12.03368604183197,-8.006790778715715,-799.0327247162375,0.8082141444572462,0.9163336157798767,0.3,29.886467456817627,0.8782144790906306
06784000,44.74712312221527,0.23937904834747314,-0.2861446142196655,1.4735839366912842,0.18055714666843414,38.27140033245087,2.5911806038549545,29.25271890336128,0.3791141197922293,1.198117733001709,0.6875,53.883540630340576,0.6507624089253458
06803510,42.76452660560608,0.29814809560775757,0.2855430245399475,1.5814388990402222,0.03991788253188133,42.855361104011536,41.2296317157655,-184.2925380830213,0.3793468779380256,1.18192720413208,0.05555555555555555,44.67361768086751,0.8815027552858089
06803530,6.303627789020538,0.45794588327407837,0.4810689091682434,1.3118044137954712,0.019322263076901436,6.718741357326508,21.74121534024719,-632.5185299355633,0.6405445003005483,1.0787137746810913,0.13333333333333333,62.33144760131836,0.8394060851797319
06814000,6.037379056215286,0.553621768951416,0.7032383382320404,1.0317941904067993,0.032517243176698685,7.718059420585632,-37.81020659571945,-6.502774247306878,0.8049077841324211,1.129059910774231,0.2222222222222222,42.828480402628585,0.8571936920880393
06847900,31.30209445953369,-0.7021780014038086,-0.30996644496917725,1.0461491346359253,0.16032074391841888,45.25447487831116,-24.860121869910397,-10.806762591479893,-0.20697742859831947,2.0388245582580566,1.125,71.67312502861023,0.38721267337018117
06853800,9.000930935144424,0.07264482975006104,0.45070213079452515,1.050215244293213,0.1367282122373581,13.239817321300507,-71.32502742013332,-35.95483367722396,0.2379066044767184,1.7176731824874878,0.5833333333333334,67.818554242452,0.7485840580252341
06876700,-21.292418241500854,0.2966597080230713,0.4057806134223938,0.812048614025116,0.11252819001674652,-21.223652362823486,-33.783502215648156,-145.81702781735922,0.48825904754834026,1.336802363395691,0.9230769230769231,48.10726459209735,0.6636709246328397
06878000,-13.787375390529633,0.4704815149307251,0.7466484010219574,0.9133216142654419,0.048632048070430756,-11.08817309141159,-9.795875727262306,-263.1270171332136,0.7394965389934237,1.2063556909561157,0.4666666666666667,42.49922434488933,0.8667099424079949
06879650,-21.576303243637085,0.26282620429992676,0.23624944686889648,0.7609408497810364,0.053990136831998825,-18.66530478000641,-88.44123794556369,-412.38604691016303,0.41688364958225266,1.262832522392273,0.4166666666666667,95.99804083506265,0.5376208633664193
06885500,-26.12864077091217,0.5721136331558228,0.7201541364192963,0.7796989679336548,0.01635770872235298,-20.770545303821564,-24.12420902408802,-198.28269911746023,0.7254094602339876,1.0701072216033936,0.23529411764705882,46.63464041317211,0.8518365858973752
06888500,-7.50727504491806,0.5038182139396667,0.5914789438247681,1.0055572986602783,-0.013069220818579197,-12.101320177316666,0.16609569690296888,-172.52406225132205,0.7922603034525196,0.9563746452331543,0.1111111111111111,48.681089613172745,0.7969686566692065
06889200,-22.494588792324066,0.556786298751831,0.46538233757019043,0.5927237272262573,-0.005146972835063934,-19.10293847322464,-14.194027934074516,-2.6618297486582074,0.486484102910379,0.9671217799186707,0.2222222222222222,50.05341105990939,0.6889636084899875
06889500,-19.672003388404846,0.5543499886989594,0.6446889042854309,0.7076115608215332,0.004382005427032709,-16.3343608379364,-3.964280228655448,-190.50412958009855,0.6501890231847849,1.023073434829712,0.25,57.10999488830566,0.8093580929062186
06892000,-5.548980459570885,0.6246263682842255,0.8348222821950912,0.906087338924408,0.017299629747867584,-9.909968823194504,-20.465977666894123,22.33890661960957,0.8581131565914722,1.0624192953109741,0.6190476190476191,33.426207587832494,0.9138831027322833
06903400,18.711628019809723,0.6251319944858551,0.7131955027580261,1.0366499423980713,0.04137347266077995,6.82641863822937,-32.118157193085715,-15.913656663947132,0.8111263685010166,1.1248986721038818,0.29411764705882354,36.187028884887695,0.8631411233988864
06910800,-6.281646341085434,0.564797043800354,0.7074373662471771,1.0694077014923096,0.002599319675937295,-12.287483364343643,-22.420121241054435,0.6477831111940797,0.8481986929609469,1.0112887620925903,0.22727272727272727,51.518457586115055,0.8654683247605375
06911900,-16.632656753063202,0.5616746544837952,0.7992847710847855,0.9009515643119812,-0.0043366895988583565,-20.49614191055298,-20.510750541023242,-13.01795111237611,0.8533831217825398,0.9784697890281677,0.0,39.41488265991211,0.894064329041166
06917000,-4.101235046982765,0.5846239626407623,0.825508713722229,0.9718980193138123,0.0372353233397007,-5.571895465254784,-52.28663345172272,-26.497211996207444,0.8114250152699216,1.1640493869781494,0.3888888888888889,29.710907406277126,0.9113512426508086
06918460,34.92830991744995,0.5313044190406799,0.4779012203216553,1.2790614366531372,0.10476675629615784,37.37400472164154,-22.243478525305846,24.674015668738104,0.6052673875327075,1.2219352722167969,0.3125,44.16643679141998,0.8306385968870207
06919500,0.18025479512289166,0.6065682470798492,0.809557780623436,0.9969417452812195,0.07967127114534378,-1.427179854363203,-46.13770884716414,81.4758249556104,0.7344117996949862,1.249005675315857,0.4375,37.952542304992676,0.9076749607104051
06921070,3.252675384283066,0.5349683463573456,0.7916792631149292,1.051912546157837,0.10281563550233841,3.3961452543735504,-35.73919311559883,1.4663662042795635,0.6500816422441058,1.3333946466445923,0.2777777777777778,29.800309075249565,0.907285630915592
06921200,-10.305413603782654,0.49284327030181885,0.7111460864543915,0.9213079810142517,0.058235034346580505,-9.49162021279335,-47.300311463190816,81.04750632380421,0.714870520000873,1.2283318042755127,0.2777777777777778,44.86881891886394,0.8484382183107887
07014500,-3.6063991487026215,0.6208633780479431,0.8423193991184235,0.9889820218086243,0.07773032784461975,-1.2657685205340385,-18.746613723247975,-3.7608596280437028,0.8273003220013707,1.1543885469436646,0.2777777777777778,33.821768230862084,0.9233973922765779
07056000,5.9491995722055435,0.6627244353294373,0.8704099804162979,1.0493884086608887,0.048954788595438004,8.700894564390182,-34.70816405878285,39.59491791379961,0.8306255061882409,1.150715708732605,0.07142857142857142,29.142788478306365,0.9405586054574487
07057500,13.3711576461792,0.5563714802265167,0.8616558462381363,1.0623234510421753,0.11683159321546555,16.637709736824036,12.765330364165708,-78.8217536231911,0.7980400628495039,1.1834949254989624,0.375,31.721043586730957,0.943138624883352
07060710,-17.56068915128708,0.5562858581542969,0.6121864914894104,0.7821047306060791,0.010865217074751854,-11.750650405883789,2.2917384208629157,-448.5503323465526,0.687823890466219,1.0516612529754639,0.2,64.64399973551433,0.7824989887830334
07066000,-9.15999710559845,0.6084378957748413,0.7721850425004959,0.9165687561035156,0.026481760665774345,-7.117840647697449,-12.222071382911942,-8.525537179956139,0.8454405996734304,1.0500472784042358,0.21052631578947367,31.2782789531507,0.8799037648569988
07067000,4.594487324357033,0.45878928899765015,0.7529107630252838,1.098813533782959,0.1579207330942154,6.389669328927994,-18.62333380341652,-28.565757543755417,0.7310292560190684,1.2307405471801758,0.2777777777777778,40.25559955173069,0.9033566011257212
07068000,-2.924453094601631,0.659291535615921,0.8633250445127487,0.9974014163017273,0.05389329046010971,0.1664773211814463,-5.761599325515829,-43.010857027272905,0.9010920634102109,1.072660207748413,0.3888888888888889,23.10953140258789,0.9329438929465014
07071500,-0.7343112491071224,0.5008787214756012,0.8345469087362289,0.9906466007232666,0.10668165236711502,7.336490601301193,-3.925057012495691,0.7953687380766605,0.8183196434310769,1.1639511585235596,0.35714285714285715,40.35671779087612,0.922280739171273
07083000,-3.484596312046051,0.7693129181861877,0.9044960662722588,1.0302871465682983,0.04891614243388176,1.4931249432265759,2.2124232280271707,23.40706477725365,0.9097779695294967,1.0722556114196777,1.1,13.953533172607422,0.9552581833924977
07142300,71.4449405670166,-0.10037600994110107,-0.12700510025024414,1.5159919261932373,0.24380934238433838,75.25193095207214,-71.31382380195966,-59.62913138234606,0.017318080732351193,1.7934534549713135,1.125,40.50678014755249,0.7357128430040001
07145700,3.6146368831396103,0.6033642888069153,0.7551448345184326,1.0251641273498535,0.03148035332560539,1.3840475119650364,21.90448758476087,-206.54444274175705,0.8186588123157621,1.1348267793655396,0.09090909090909091,42.93370680375533,0.8813697651887746
07148400,25.878629088401794,0.13193124532699585,0.4413495659828186,1.221487283706665,0.28039732575416565,29.460561275482178,-28.62161961833091,-209.45517539069294,0.33792404622767447,1.5984702110290527,0.4117647058823529,43.277591817519244,0.8235875338004172
07149000,33.68920981884003,0.2850366234779358,0.3901098966598511,1.2918691635131836,0.08497219532728195,26.604044437408447,22.075232792273155,-2.3065542944816015,0.6244978654302491,1.1253013610839844,0.42105263157894735,48.40113991185239,0.7997156686930933
07151500,-13.147081434726715,0.5476407408714294,0.7259013652801514,0.8848196864128113,-0.017753953114151955,-9.23079177737236,57.33192037366751,9.958511832466623,0.8067148232662975,0.9508016109466553,0.4,46.56365394592285,0.8527852812335288
07167500,-15.840938687324524,0.5721008777618408,0.7113856673240662,0.836891233921051,-0.018562765792012215,-19.38440650701523,-4.805205382779826,-66.6788184692965,0.7536548296607479,0.9018070101737976,0.17647058823529413,53.5070587606991,0.8436682689705345
07180500,0.022642027761321515,0.5459686815738678,0.7098687589168549,1.0647292137145996,-0.005739012733101845,-3.2584533095359802,45.881934743725786,19.57224168451189,0.8488079360434798,0.9746525883674622,0.21052631578947367,54.50230648643092,0.8657365358004909
07184000,-14.893165230751038,0.6294731497764587,0.8022401183843613,0.8644441962242126,0.016872983425855637,-13.536681234836578,-47.72704511527483,-42.35016375423359,0.8137041777087226,1.074828863143921,0.2222222222222222,37.43208779229058,0.8964075354744767
07195800,38.139647245407104,0.3343045711517334,0.05965298414230347,1.4747593402862549,0.0390578918159008,26.172736287117004,6.699598132316329,86.27509351971557,0.4614305816852434,1.0784562826156616,0.125,89.9420976638794,0.7581215204426266
07196900,24.84889328479767,0.37579798698425293,0.4341185688972473,1.2261099815368652,0.08180900663137436,19.216345250606537,-26.613407455025616,74.40163342101175,0.6025008503691645,1.2528917789459229,0.36363636363636365,66.48938005620782,0.7928150624485402
07197000,1.5675250440835953,0.536689281463623,0.8431314378976822,0.9915821552276611,0.09040176868438721,4.225712642073631,-24.61281332972376,22.45098083089271,0.7498291736353213,1.2385331392288208,0.2631578947368421,39.59836457905016,0.9250565296839075
07208500,18.538765609264374,0.5704956948757172,0.7034618854522705,1.1642212867736816,0.1322614550590515,21.326768398284912,-22.274738725783212,-456.8647422290817,0.7069566983050808,1.2172224521636963,1.1818181818181819,40.34774953668768,0.8917403495542022
07226500,-57.13605284690857,0.4013408422470093,0.3310788869857788,0.43715760111808777,-0.03579512611031532,-57.56142735481262,-22.331044579572776,-1112079785156.25,0.2658090938123452,0.7525808215141296,0.6666666666666666,73.1191317240397,0.5987164707256463
07261000,-6.516089290380478,0.6943014562129974,0.8868106678128242,0.9531615972518921,0.05478501692414284,-3.6346927285194397,-7.297512124284418,78.33247242047013,0.8369299550474419,1.1455634832382202,0.15789473684210525,20.703318244532536,0.9433495283656727
07291000,-24.20608401298523,0.5138251483440399,0.5992610454559326,0.7025282979011536,0.025348883122205734,-16.34334921836853,5.701229931521745,-82.40497820610196,0.6146656678141168,1.103965401649475,0.2631578947368421,39.45479142038445,0.7782245972353582
07292500,2.424924448132515,0.6081764698028564,0.7836015373468399,0.998223066329956,0.0427851527929306,5.745277553796768,14.586314471920863,-96.56435838735788,0.8437452941625512,1.1134101152420044,0.3684210526315789,42.3459203619706,0.8925266481220799
07299670,-31.43027424812317,0.16539698839187622,0.2369592785835266,0.6647831797599792,-0.03709869086742401,-31.132328510284424,48.70718850610529,-512.1957559923453,0.37921798554727504,0.8142204284667969,0.6,95.10114034016927,0.5116497735261175
07301410,-10.994909703731537,0.34440064430236816,0.24875229597091675,0.6780238747596741,0.04293164983391762,-2.6110485196113586,-34.625069432410335,-2.69906129217034,0.4208548760731935,1.0705962181091309,0.4375,46.03683352470398,0.5238103074066911
07301500,8.072908222675323,0.2600294351577759,0.3045991063117981,0.9668765664100647,0.07573285698890686,15.545347332954407,-52.280851262381404,-16.093779026050424,0.6020398615801921,1.1745940446853638,0.75,37.9408597946167,0.6439213156074475
07315200,12.15859279036522,0.3357089161872864,0.4311889410018921,1.1570556163787842,0.07566991448402405,17.932428419589996,25.331640442931064,-158.56618386236164,0.32261573385607456,1.6164809465408325,0.36363636363636365,55.761584368619054,0.7673323831399311
07315700,29.97022271156311,0.2914012670516968,0.4391879439353943,1.3167120218276978,0.18124093115329742,30.10178804397583,-53.11341750505848,-55.91832045211721,0.059208572029490814,1.870867133140564,0.7222222222222222,53.78375053405762,0.83760405612166
07335700,-9.518681466579437,0.38451194763183594,0.4422496557235718,0.8948338627815247,0.08636722713708878,-3.4632056951522827,-41.17628339222053,-30.30929297449782,0.5755653416180138,1.2798244953155518,0.2631578947368421,54.7373420313785,0.6986976358543218
07340300,-5.185941979289055,0.5919758081436157,0.6905328929424286,0.9534025192260742,0.03452763333916664,-5.561807379126549,-10.098518549190521,-667.3999200991884,0.8093177444713961,1.091748595237732,0.16666666666666666,38.62652778625488,0.8394677831994393
07346045,4.448695108294487,0.6361100673675537,0.8266352862119675,1.0928137302398682,0.12020236998796463,12.622052431106567,-26.2684592761633,-23.773984997926835,0.7273140460915681,1.2470104694366455,1.1428571428571428,27.745570455278667,0.9312317738588495
07362100,-10.693615674972534,0.6180914342403412,0.7442959249019623,0.8881047368049622,0.06009009853005409,-2.3668864741921425,-43.35480624975666,66.0322895913984,0.7528097220473314,1.1743279695510864,0.3333333333333333,40.4903761545817,0.8651213781912558
07375000,2.194523438811302,0.49150800704956055,0.5533225536346436,0.9346184730529785,0.010798318311572075,6.126207858324051,53.99161819074525,-132.42213759654896,0.7529768129747052,1.027566909790039,0.35294117647058826,56.62366081686581,0.7633868635370438
08013000,10.702983289957047,0.5592294335365295,0.7471364438533783,1.146866798400879,0.13980413973331451,17.738229036331177,-28.645786064426996,-27.483967013475013,0.6419746170604927,1.3131933212280273,1.0,35.590320474961224,0.9076839022996849
08014500,11.530844867229462,0.5192822217941284,0.7331397533416748,1.1050525903701782,0.13090282678604126,16.778546571731567,16.82663477259448,-145.26390431989003,0.6843711235980514,1.2773478031158447,0.9444444444444444,39.7679328918457,0.8920012176823889
08023080,-5.055955797433853,0.49376732110977173,0.7236621379852295,0.9496193528175354,0.09718230366706848,-2.416239306330681,-71.10292786678235,82.49293776701316,0.6082249647439402,1.3627334833145142,0.21428571428571427,27.218464442661833,0.8608098828153303
08029500,-13.831566274166107,0.6087576150894165,0.6148712933063507,0.7051856517791748,0.008781708776950836,-10.897301882505417,14.706318406082671,13.617410200895419,0.6360297739561616,1.0295600891113281,0.3684210526315789,38.065325586419355,0.7886116685782699
08066200,7.080850005149841,0.49565428495407104,0.6009325683116913,1.1052191257476807,0.06574056297540665,7.170405983924866,-17.32872460174257,-5.581193409105188,0.6549766137396511,1.279002070426941,0.3,51.44861698150635,0.8264260464789376
08066300,13.582290709018707,0.5120958685874939,0.6150808930397034,1.154515266418457,0.10768530517816544,14.094804227352142,4.025474988420336,3.439572525130583,0.6753399722449358,1.2421269416809082,1.0,43.04358331780684,0.8486602822197611
08070000,8.700673282146454,0.48820775747299194,0.5841365456581116,1.0778554677963257,0.09588241577148438,10.299864411354065,12.37899674261286,11.448745198857889,0.6370876015962519,1.3018425703048706,0.7058823529411765,34.66105741613051,0.8141640567567047
08079600,-71.3166356086731,0.49241501092910767,0.24178528785705566,0.23359772562980652,-0.07094600051641464,-72.0130980014801,8.562332483253371,-127.13668620549032,-0.04312927031444347,0.38779881596565247,0.6111111111111112,83.92030398050943,0.6450972827747291
08082700,-38.627636432647705,0.3823387026786804,0.42249196767807007,0.37402552366256714,-0.0019196122884750366,-35.3363037109375,-66.55177278411453,-3581.269971891514,0.3258497639906014,0.9678246974945068,0.4166666666666667,73.5354502995809,0.7518080468784604
08086212,22.993026673793793,0.027018368244171143,0.4467542767524719,1.0888475179672241,0.11581626534461975,31.10446035861969,-86.11308848915621,-212.0806253481242,-0.2162440572822797,2.188145399093628,0.3333333333333333,73.85708491007486,0.7557332686627822
08086290,5.647612735629082,0.39813053607940674,0.6113003790378571,1.0709108114242554,0.043330732733011246,6.279590725898743,-69.10944900243085,-237.93776368000846,0.5309559697770099,1.428017020225525,0.5,67.88601194109235,0.8217434727471626
08101000,-14.764046669006348,0.5476369261741638,0.6699223518371582,0.8962972164154053,0.009906048886477947,-14.113421738147736,-59.87447123346112,60.75587805115559,0.7870007093547927,1.053869605064392,0.29411764705882354,54.5230136198156,0.8219199726460752
08103900,-35.43536067008972,0.5469547212123871,0.46532946825027466,0.6840515732765198,0.009689449332654476,-29.657450318336487,-81.6423785396352,-105.38357448840581,0.549165854016321,1.049447774887085,0.3333333333333333,68.20125579833984,0.6822218755255375
08104900,0.21422964055091143,0.5213256478309631,0.5388315916061401,0.773869514465332,0.01029953919351101,7.188041508197784,-29.603171266371785,-1.6969590577089824,0.6448480041371478,1.0696380138397217,0.16666666666666666,58.53325525919596,0.7351443964993728
08109700,-26.598799228668213,0.5872119069099426,0.71260204911232,0.7635269165039062,-0.023862486705183983,-29.240071773529053,127.6059336529336,32.76107277702173,0.7034799759492664,0.9043992161750793,0.8,50.92644691467285,0.8487879119350641
08150800,-48.311012983322144,0.45325273275375366,0.3690412640571594,0.6538618206977844,-0.03751640394330025,-46.90639674663544,-36.35992448356022,-5.509165574402267,0.4271954246836508,0.7626059651374817,0.5714285714285714,75.44693946838379,0.6102083703510504
08158700,36.743029952049255,0.5322756171226501,0.5469715893268585,1.250325322151184,0.11522175371646881,34.54640507698059,-51.70109880885987,-64.61125246614276,0.5351895898085075,1.3614503145217896,0.5,66.68477739606585,0.8492033798641733
08158810,-21.80694341659546,0.6148352026939392,0.6416156589984894,0.6870087385177612,-0.010842343792319298,-20.81141322851181,-37.16957873544782,-57.92891939432345,0.6316332664224832,0.9570997953414917,0.46153846153846156,52.94306461627667,0.81055319194406
08164000,12.249425798654556,0.6010546386241913,0.5173271894454956,1.2011245489120483,0.026272917166352272,3.3104240894317627,4.695179319383656,11.591643185580455,0.7117874628308358,1.0939853191375732,0.5714285714285714,51.729933420817055,0.8162008101404677
08164300,-18.6930313706398,0.5934356153011322,0.5981956720352173,0.9149024486541748,-0.00954767782241106,-21.226459741592407,-9.330158948112945,-3.9533680195053473,0.7626994903984436,0.9490621089935303,0.6470588235294118,57.041274800020105,0.7844187627090057
08164600,-4.371568560600281,0.5843281149864197,0.7063632309436798,0.9558014869689941,0.026039453223347664,-3.3248286694288254,3.3546831529056993,-9.37629390633844,0.7897734835188793,1.1380847692489624,0.3888888888888889,36.39293511708577,0.8477690038819435
08165300,49.409013986587524,-0.16820621490478516,0.045095086097717285,1.0782370567321777,0.05006512627005577,61.57439351081848,84.65471673417893,-466.7099418010313,0.49272532659828505,1.2421866655349731,0.2857142857142857,119.06698771885462,0.5611923242857372
08171300,0.1033106935210526,0.6063539385795593,0.6610027551651001,1.0072616338729858,-0.01249442808330059,-0.14368209522217512,-3.9045009976056226,-19.8593855517638,0.8248759261488285,0.951693058013916,0.3333333333333333,59.80222225189209,0.8318270257393348
08175000,20.46409845352173,0.5212215781211853,0.538262665271759,1.2649762630462646,0.05547511205077171,16.630473732948303,-17.848978495538308,-9.072881447612296,0.5701120900300599,1.3016899824142456,0.6,52.74958610534668,0.8464605924485434
08176900,0.8207187987864017,0.48137712478637695,0.5953623950481415,1.1031887531280518,0.009954321198165417,0.09416159009560943,211.78865343047852,36.77043927531666,0.7857682233536291,1.058108925819397,0.2857142857142857,44.73158632005964,0.8214763654496852
08189500,-5.652598664164543,0.617457777261734,0.821432426571846,0.9564270377159119,0.02617068774998188,-5.610422417521477,46.23651248063222,-5.4127500397509865,0.821271790030929,1.1469048261642456,0.15384615384615385,27.73495637453519,0.9079992280130729
08190000,-1.8063724040985107,0.4503803849220276,0.5588173568248749,1.0663212537765503,-0.02143709361553192,-2.342284843325615,8.031128761489745,-22.345232914636725,0.7736339273599702,0.9293981194496155,0.2,60.06007671356202,0.7954065870983943
08190500,100.02224445343018,-0.5375634431838989,-1.9043059349060059,2.229196786880493,0.2165999412536621,106.7622423171997,-45.14859714869387,-60.38298163276501,-1.4945753088795661,3.1495983600616455,0.125,80.21559715270996,0.6979931768742
08194200,-38.351765275001526,0.39448875188827515,0.2694585919380188,0.578072190284729,-0.00514581985771656,-33.58482122421265,-75.33825265995705,-300.8028990064554,0.3609259445662406,0.9549607634544373,0.7272727272727273,65.63670418479226,0.5221254988087157
08195000,43.880993127822876,0.25893688201904297,0.055004119873046875,1.1022403240203857,0.08629543334245682,40.28592109680176,-2.8797119866954803,8.952776758703145,0.451258032799981,1.3373452425003052,0.75,55.33252954483032,0.5794493489802166
08196000,70.60577869415283,0.03854703903198242,-0.30330491065979004,1.0351338386535645,0.10847979784011841,65.00505805015564,-37.88880817202442,51.25471129837289,0.06267085183558352,1.6992181539535522,0.0,174.66900165264423,0.3767460240304259
08198500,-5.98532147705555,0.41892504692077637,0.5174762010574341,0.6258140206336975,0.023401355370879173,-1.4626109972596169,29.194377202862388,-2.8992519133363004,0.4374214173149046,1.3191146850585938,0.2857142857142857,48.67135797228132,0.7267870202175483
08200000,-25.190505385398865,0.4815186858177185,0.42648279666900635,0.4433511793613434,-0.02301076054573059,-24.132588505744934,-45.42019633303872,-12.626355079772397,0.3349235443084345,0.7892686724662781,0.42857142857142855,70.65078871590751,0.7032491112183102
08202700,40.445005893707275,-0.6653609275817871,0.3662514090538025,0.7715840935707092,0.09348972886800766,66.29001498222351,224640989.30358887,-2426500000000.0,-1.4055813833200879,3.365767002105713,0.42857142857142855,66.29532405308315,0.6287932419607354
08267500,-23.67696911096573,0.6520023941993713,0.8178241103887558,0.742791473865509,-0.07225039601325989,-26.986163854599,-2.64985199322974,71.84616620139226,0.7153582460310097,0.9035528898239136,1.5,29.54877018928528,0.9254167771885129
08269000,-6.806191056966782,0.7445105612277985,0.9167570918798447,0.8808755278587341,-0.022082487121224403,-10.091938823461533,-6.981793439436161,59.68601272027519,0.8698482050665763,0.9648687839508057,1.125,21.878719329833984,0.9610815272606751
08271000,-12.317197024822235,0.7026185691356659,0.8865532204508781,0.8445011377334595,-0.09530415385961533,-16.18853658437729,18.554112698708174,10.919939075592405,0.7977463036978981,0.879696786403656,1.0,23.188482390509712,0.9525258143822694
08324000,-10.08906438946724,0.5529911816120148,0.7438558638095856,0.9904295802116394,0.1157701388001442,-3.7332486361265182,5.145280604817349,-715.8522851173992,0.7797853076983453,1.1827493906021118,1.0769230769230769,48.7405226780818,0.8775027428668553
08377900,27.626419067382812,0.6145017445087433,0.7226997911930084,1.2030088901519775,0.05447886884212494,20.12520730495453,-5.598059696872205,-33.21587386796324,0.7594877959276312,1.0851222276687622,0.8181818181818182,44.03711665760387,0.9031097673461429
08378500,32.436975836753845,0.6369880437850952,0.7345151901245117,1.2924695014953613,0.11872375756502151,26.18449330329895,-4.605103373119283,10.877904969947494,0.6562063458874792,1.1689351797103882,1.2,36.463096141815186,0.9358394797456151
08380500,-3.4410253167152405,0.424640953540802,0.40856730937957764,0.9849954843521118,0.06637419760227203,2.51640435308218,-19.122894636560943,17.23180095157817,0.6787524267818772,1.1193653345108032,0.9375,53.43431234359741,0.7021295840036653
09034900,2.2964321076869965,0.8389358371496201,0.9498693756759167,1.041999340057373,0.02517935447394848,3.5483401268720627,3.0907317804993246,-1039.2500588398568,0.9341577218051643,1.0452399253845215,1.2,9.733635187149048,0.9770956295909665
09035800,27.397871017456055,0.7083214521408081,0.8183351010084152,1.2440155744552612,0.1394970417022705,25.147953629493713,3.886755954614479,-15.701458982409036,0.67840965090541,1.2053635120391846,1.0,28.83082151412964,0.9587376687888237
09035900,7.029573619365692,0.808329313993454,0.9414619207382202,1.04330313205719,-0.03536710888147354,4.959157481789589,12.322566100659879,-8.75696669942743,0.927969272744581,0.9489310383796692,0.9,14.654620885848999,0.9734439162901736
09047700,2.4576030671596527,0.6654475331306458,0.8788044303655624,1.0535414218902588,0.02764415182173252,5.393911153078079,6.1988627267430365,31.267793671208498,0.9150098100692012,1.035264253616333,1.375,22.4964439868927,0.9442050096932931
09065500,-18.279489874839783,0.820331484079361,0.9367040768265724,0.9294199347496033,0.013538029976189137,-15.81631600856781,-11.47568668348211,40.35731569381485,0.9187012063770251,1.0254943370819092,0.9,23.69551658630371,0.9687272161367941
09066000,1.4796935021877289,0.7909916639328003,0.9230146333575249,1.0798364877700806,0.05598904937505722,3.070671297609806,-2.0777186638267136,44.67584632282265,0.8617829934119732,1.1084153652191162,0.9,9.27682876586914,0.9687560451431307
09066200,-18.695728480815887,0.763941615819931,0.8818676024675369,0.9380691647529602,0.002661023987457156,-12.941434979438782,-19.570957480821722,34.740604319087566,0.9129766005351156,1.005165934562683,1.4,26.858019828796387,0.9390823767689273
09066300,0.7770185824483633,0.7816849052906036,0.9095768705010414,1.0114915370941162,0.05019303783774376,2.183779887855053,-23.646609261427596,90.64322250704787,0.8867771022637532,1.1039466857910156,0.9,19.326454401016235,0.956612724675649
09081600,-5.654267966747284,0.8411685824394226,0.954389575868845,0.9772312641143799,-0.009393705986440182,-5.390287935733795,4.214779882948422,0.1754578496511241,0.9648030789161774,0.9862085580825806,0.9090909090909091,20.121348987926137,0.9769738398817747
09210500,-21.17595672607422,0.6645307242870331,0.7950155735015869,0.7758082747459412,-0.09771569818258286,-20.94399482011795,3.045540871962214,-38.274377377412975,0.7289771877631928,0.8798443675041199,1.2,37.93825626373291,0.9064368712586457
09223000,-19.64353621006012,0.7024107575416565,0.9125669449567795,0.8734745979309082,0.08049789816141129,-16.657355427742004,-24.939599808084022,75.35354484697935,0.8025539052319575,1.1469497680664062,0.8,24.617559909820557,0.9628240852750751
09306242,44.792377948760986,-1.8369228839874268,-2.202606439590454,1.6767734289169312,1.3127278089523315,66.02274775505066,-25.83585023541409,-771.256554792816,-1.011500882987745,2.869588613510132,1.4444444444444444,56.329101986355255,0.6954479610875011
09312600,-24.99830275774002,0.6205633580684662,0.7641003280878067,0.8592280149459839,0.03757543861865997,-23.635587096214294,-15.77385822226834,83.96738147986204,0.7907795016692005,1.0913851261138916,0.625,57.70764350891113,0.8750791295623984
09352900,-11.130465567111969,0.738944798707962,0.8962021544575691,0.9562762975692749,0.028370872139930725,-9.24537479877472,-12.861199732742415,20.39519368621649,0.9204213357548404,1.0403450727462769,0.6875,31.696337461471558,0.9471485406645107
09378630,18.742866814136505,0.0730857253074646,-0.05820584297180176,1.521523356437683,0.3600088655948639,29.854562878608704,-80.79594220603673,-410.3067308768939,-0.4029202420578373,2.2843830585479736,1.6,42.086548805236816,0.7842252258011918
09386900,-16.459158062934875,0.05461394786834717,-0.06213235855102539,0.8205710649490356,0.10309458523988724,-5.32035268843174,-78.35521581961473,-166.0077051882339,0.09314525329237588,1.6359472274780273,1.3333333333333333,80.86485068003336,0.3789026543643613
09404450,41.27882421016693,0.20300501585006714,0.3535612225532532,1.489125370979309,0.2958413362503052,37.77318298816681,-22.547341254055205,13.040653705489952,0.37103937865948267,1.3805612325668335,0.5833333333333334,42.67115195592244,0.8926641582293436
09430500,7.2655148804187775,0.43686503171920776,0.6429843604564667,1.0112148523330688,0.07494799792766571,9.25106331706047,-9.462795171045393,-38.268848808451224,0.7409879780779851,1.191817045211792,0.5833333333333334,48.229241371154785,0.8263115554980841
09430600,-37.02053725719452,0.5542595982551575,0.3159577250480652,0.41946274042129517,-0.025179365649819374,-33.724185824394226,-21.61742431332297,-17.193384117350355,0.27268372935310203,0.8534173369407654,1.3,69.32289123535156,0.5871090087214035
09480000,17.982594668865204,-0.08899343013763428,-0.3928104639053345,1.0239975452423096,0.06195231154561043,27.688312530517578,-4.031370379382465,-5.887456538746572,0.03948111121138953,1.6800236701965332,1.5,99.10991191864014,0.3220704597714545
09492400,10.941201448440552,0.6056291162967682,0.6957471668720245,0.9335430264472961,-0.08112584799528122,2.6981838047504425,-11.305890505467024,-9.348031360666916,0.8052453446468388,0.9059613943099976,0.875,45.86867690086365,0.8429344497102433
09494000,8.12574028968811,0.6261024177074432,0.6031360328197479,1.0662376880645752,0.06720878928899765,9.523212164640427,-11.403161872064066,35.191280448839024,0.781224904163727,1.1018669605255127,0.5333333333333333,44.56736246744792,0.8180708006082473
09497980,-3.2816920429468155,0.5824871957302094,0.78579281270504,0.932573676109314,0.028114832937717438,-2.616380713880062,70.75759190066478,-1237.3225221815565,0.7809487262443485,1.1757733821868896,0.25,47.54778444766998,0.8880139763401553
09505350,48.24601709842682,0.43231189250946045,-0.13312482833862305,1.508996844291687,0.12029749900102615,39.59266245365143,-80.73221678483559,-22421.55792113617,0.17214279399528754,1.587493896484375,0.8888888888888888,45.556137296888565,0.7151830629533429
09505800,33.76323878765106,0.2881917953491211,0.19978755712509155,1.3057411909103394,0.0810403972864151,31.715497374534607,463.17297808689045,-3718.25771076483,0.46207683702043556,1.352136492729187,0.4444444444444444,94.24847496880425,0.7318889335759269
09508300,-36.370307207107544,0.5766666233539581,0.648725837469101,0.634450376033783,-0.015220865607261658,-33.76193940639496,-81.43377039248819,-109.78574059028887,0.5805635425302267,0.8862354755401611,0.3333333333333333,67.57668919033475,0.8286580983898657
09510200,-41.917797923088074,0.6360269486904144,0.7275159060955048,0.6391773819923401,-0.03662145137786865,-41.72824323177338,-71.65998419341608,-102.20428836757402,0.5292648110757628,0.718501091003418,0.18181818181818182,72.33070893721147,0.8897411198162724
09512280,1.1203477159142494,0.44221043586730957,0.49373704195022583,0.7915162444114685,0.015528934076428413,4.255279526114464,9.160046825469605,-111.34603193167547,0.5814961751162535,1.215177297592163,0.7777777777777778,67.72664917839897,0.7078036521464365
09513780,7.618297636508942,0.4417375922203064,0.47591865062713623,0.8046687245368958,0.02053796872496605,8.37613046169281,-86.3794871248755,-727.5408095403496,0.5668836787570233,1.2417116165161133,0.2222222222222222,64.62690565321181,0.6983198133881283
10172700,27.248260378837585,0.23175138235092163,0.5866612792015076,1.2050789594650269,0.11185775697231293,20.013031363487244,1.5158830901561127,68.54027386804208,0.7315416195984424,1.0886231660842896,0.75,33.99202525615692,0.8511428307881488
10172800,-9.380114078521729,0.6607518792152405,0.8313468843698502,0.8007091283798218,-0.03284720703959465,-13.49392831325531,-12.19106827030872,-7.195667809057457,0.7822871846886017,0.9638394117355347,1.9,42.3838472366333,0.920159970590859
10205030,-17.481565475463867,0.4653369188308716,0.7779791951179504,0.9534422159194946,0.19305811822414398,-12.397665530443192,-7.821081348814399,55.538140291223094,0.7429250550830571,1.2339916229248047,1.3,24.572067260742188,0.9042512639948792
10234500,-39.43884074687958,0.697007030248642,0.806258037686348,0.7145644426345825,-0.01281297579407692,-33.26854705810547,-9.873922323042835,-54.868922764872586,0.7033809551006509,0.9811270833015442,0.8888888888888888,27.317240503099228,0.9215575790545151
10242000,-22.123226523399353,0.6489337384700775,0.8615795522928238,0.820846438407898,0.013926939107477665,-19.512474536895752,-13.659823375566404,8.254809227041314,0.8068803984784654,1.0319366455078125,0.6,46.226158142089844,0.9353530160455297
10244950,13.242755830287933,0.35094118118286133,0.6039654612541199,1.2624967098236084,0.18641993403434753,22.279320657253265,-4.582412894103806,7.381356673940902,0.6495886873563077,1.2011851072311401,1.6666666666666667,29.183167219161987,0.884206571909929
10249300,-38.90757858753204,0.5762571692466736,0.6946450471878052,0.6085498332977295,-0.08092721551656723,-36.9360476732254,-6.3537018310281566,53.98542874076985,0.5586729853177508,0.8349827527999878,2.0,59.2451981135777,0.8803939424458741
10258500,112.15122938156128,-0.23712778091430664,-0.7406622171401978,2.0434813499450684,0.234223410487175,126.68977975845337,-21.5957075124774,-1275775195312.5,-1.2411286903616716,2.977996587753296,0.42857142857142855,222.37567901611328,0.8539384447729054
10259000,15.632839500904083,0.1975187063217163,0.7658508569002151,0.8716319799423218,0.14399434626102448,26.52764320373535,11.589423952567111,83.61756764500265,0.5350991595697981,1.4323103427886963,0.5,58.496952056884766,0.8870300465738813
10259200,45.206546783447266,0.20240658521652222,0.49350863695144653,1.223254919052124,0.10833573341369629,52.27234363555908,-77.10785832447634,-390.69136318909193,-0.01847424471325243,1.9769214391708374,1.0,91.00298351711697,0.8181442056143402
10263500,-34.63195860385895,0.6158207952976227,0.7582539021968842,0.623012900352478,-0.10645605623722076,-31.735864281654358,-25.53663545217335,50.94626446125614,0.5032911634732933,0.6844382882118225,0.5714285714285714,52.486443519592285,0.9291395664959687
10316500,-18.523383140563965,0.7116381824016571,0.8462180197238922,0.9411332011222839,0.03710831701755524,-10.66323071718216,-37.89135833414423,37.94314141603769,0.876098311876349,1.0750007629394531,0.6,33.41613531112671,0.9208721675497112
10329500,-8.880404382944107,0.6703700423240662,0.7700318247079849,0.9337024688720703,0.029827993363142014,-5.44099323451519,-18.899248498329467,-17.597381231635843,0.8523383133223753,1.0541489124298096,1.3,41.17112159729004,0.8796816457829854
10336645,-9.894587099552155,0.7598372101783752,0.8974518477916718,0.8837584257125854,-0.012533379718661308,-12.659378349781036,-9.995329473453449,-735.2940140844312,0.8706334977489951,0.9736363291740417,1.0,31.465608423406426,0.9497153584836955
10336660,7.227103412151337,0.7602688074111938,0.915295198559761,0.9912398457527161,0.04030938819050789,4.1727762669324875,-17.285478714812736,43.365643103326775,0.9119102363544203,1.0770071744918823,0.6363636363636364,21.014673059636895,0.9581316201235983
10343500,-1.8572187051177025,0.6162103712558746,0.8334936201572418,1.085517168045044,0.12856724858283997,2.5245491415262222,-6.909869134141844,-1.2757010141724592,0.7405360803467689,1.2359877824783325,0.7272727272727273,24.59795041517778,0.934287702122561
10396000,7.548324763774872,0.5358147323131561,0.7111010253429413,1.1531075239181519,0.22348302602767944,14.008207619190216,-6.0482848144980155,44.837115334822684,0.6438405869129641,1.3076930046081543,0.42857142857142855,29.775919233049663,0.9065514656863962
11098000,-43.17024052143097,0.6948217749595642,0.7778319120407104,0.6137412786483765,-0.040310487151145935,-40.71020483970642,-41.615736099127,82.05645643050211,0.5304250788983207,0.7393732666969299,0.5,54.5992374420166,0.9418750260625649
11124500,-5.383266881108284,0.5302889049053192,0.7672362923622131,0.8685684204101562,0.075177401304245,0.7114766631275415,-49.94226044332202,-49.96189126889442,0.564622945536216,1.3970987796783447,0.125,55.493247509002686,0.8792048071401483
11141280,-13.996776938438416,0.39521074295043945,0.612468034029007,0.8809505105018616,0.05752378702163696,-4.160549119114876,54.89162643919264,11.102411069514815,0.7110309040065586,1.1588023900985718,0.5,50.69136619567871,0.7899710534510054
11143000,-14.520350098609924,0.6647769808769226,0.8027251809835434,0.9785133004188538,0.07711749523878098,-7.538603246212006,5.060505895181746,14.091818968996225,0.8260438423343341,1.1424332857131958,0.5,36.534229914347335,0.9024714111049755
11148900,-22.662781178951263,0.6484622657299042,0.7270004153251648,0.8140609264373779,0.019870610907673836,-15.75637012720108,-85.7039629401926,81.46369019014156,0.7522825447447699,1.073594570159912,0.36363636363636365,43.784137205644086,0.8538000075110176
11151300,-16.414053738117218,0.3882955312728882,0.4566043019294739,0.7305902242660522,0.04701582342386246,-13.43078762292862,39.28620944812614,16.491101368640376,0.4846300586518849,1.3002910614013672,0.5,63.161273002624505,0.67929791452723
11162500,-22.190354764461517,0.7407950460910797,0.8407410830259323,0.7915223836898804,-0.003915116190910339,-19.026923179626465,-30.461472021126568,72.23897231345548,0.7787808412937456,0.9887822270393372,0.15384615384615385,42.13596490713266,0.9268620396363382
11176400,9.811561554670334,0.5072769820690155,0.3714601397514343,1.142163634300232,0.09083040058612823,6.594275683164597,-82.30824685978999,-193.49002541270914,0.5090859408547102,1.3895869255065918,0.2,44.648470878601074,0.7373059916492644
11180500,-27.55853533744812,0.6202724874019623,0.6867043972015381,0.7207924723625183,-0.023428035899996758,-24.725443124771118,-77.60484810807264,-642.4428745977488,0.6647956489983107,0.9112378358840942,0.3333333333333333,48.82073005040486,0.8371307528644844
11180960,-24.497228860855103,0.6425212919712067,0.6550358831882477,0.677017331123352,-0.048546358942985535,-20.696917176246643,-52.0138709657074,-68.23736601638801,0.5854881845730602,0.8088676333427429,0.6153846153846154,54.344136898334206,0.824015173523821
11224500,89.3303394317627,-0.1691274642944336,-0.3868083953857422,1.5525745153427124,0.22276628017425537,96.45252823829651,24.11222010448454,-296.1249815215123,-0.7307495540271756,2.606154203414917,0.6666666666666666,48.310677210489914,0.66769878331305
11230500,14.80351984500885,0.5522370338439941,0.7165421843528748,1.1983776092529297,0.19962522387504578,13.60212117433548,2.766132627497972,-621.1189423354426,0.613710674288229,1.320317268371582,1.25,24.674689769744873,0.9147790231872777
11237500,15.15820175409317,0.6837132573127747,0.7783207595348358,1.0911775827407837,0.04456857591867447,10.355555266141891,-41.18815128261416,-12.912091215631783,0.8350750172385908,1.0974953174591064,0.75,43.27371120452881,0.9031415392547109
11253310,-5.687271058559418,0.2776491045951843,0.4345925450325012,0.793421745300293,0.0875931829214096,3.504469245672226,-79.70096041607862,-500.40513556602707,0.26536300426292336,1.6258304119110107,0.5,60.158395767211914,0.6754183681750996
11264500,0.9185105562210083,0.7361528277397156,0.8974536135792732,1.0191476345062256,0.059656281024217606,0.7622598670423031,-21.37633198985524,-399.24629067723754,0.8868372565497106,1.100489616394043,0.5833333333333334,20.936457316080727,0.9516159985636768
11266500,2.3308411240577698,0.7445340156555176,0.9049382507801056,1.0437039136886597,0.07171434164047241,5.017490312457085,-24.99287622888902,-568.5854549298011,0.867664172353405,1.1175802946090698,0.6153846153846154,23.575131709759052,0.957838245685837
11274500,-20.478273928165436,0.38257455825805664,0.5918891727924347,0.864506721496582,0.088411346077919,-15.006572008132935,-77.77315370813045,-2414781250000.0,0.4269435998658807,1.5111156702041626,0.5555555555555556,49.10153283013238,0.7791018766788165
11274630,15.284159779548645,0.3475419878959656,-0.1587899923324585,1.3830763101577759,0.13470198214054108,18.492740392684937,-73.97881784427692,-241.4955827787778,0.23993334625388874,1.5494109392166138,0.2222222222222222,78.60293918185764,0.6406930579548554
11284400,-25.954097509384155,0.638338565826416,0.7318485677242279,0.7361286282539368,0.02794269658625126,-22.016915678977966,-79.91961551417768,-149.0220134167982,0.6749301512160739,1.1341732740402222,0.08333333333333333,46.76097234090169,0.8656875348503239
11381500,-14.507222175598145,0.6074105203151703,0.8365299552679062,0.8563991189002991,-0.13786378502845764,-14.631029963493347,19.238214628017836,-71.78934458613733,0.7736409084546477,0.8406596779823303,0.13333333333333333,32.02779452006022,0.9276958711280466
11383500,-3.6339327692985535,0.7163388431072235,0.8925527706742287,0.9640130996704102,-0.04020944982767105,-5.640019103884697,3.0149743875189308,-88.40733868797656,0.9113243386158307,0.9397618770599365,0.23076923076923078,25.278909389789288,0.9457811428445249
11451100,14.822781085968018,0.46490633487701416,0.5727462470531464,1.2102274894714355,0.1996137946844101,18.672561645507812,-18.08236342913883,78.0291648096705,0.40436727863034505,1.5389586687088013,0.07692307692307693,30.221858391394985,0.8582033326893924
11468500,-9.253024309873581,0.7682241499423981,0.8967686593532562,0.9528088569641113,0.03747410327196121,-5.267848446965218,-22.906548373231235,68.23333310901546,0.8797007082902076,1.097535252571106,0.3076923076923077,16.83716957385723,0.9477334704544622
11473900,-11.84592917561531,0.7074568867683411,0.8405451625585556,0.8610924482345581,-0.00018892341176979244,-9.38764214515686,-33.355334662271645,33.6637260812947,0.8390064459441041,0.9996159672737122,0.15384615384615385,28.81115766671988,0.9186153022433278
11475560,-35.72306036949158,0.7054115533828735,0.7608167678117752,0.6816439628601074,-0.0980292484164238,-34.050434827804565,-6.6228963586791085,23.839225121184924,0.6035366343476846,0.7832364439964294,0.16666666666666666,43.47081581751506,0.9059457884535103
11476600,-17.367257177829742,0.6810794174671173,0.7479286193847656,0.8674883842468262,-0.031888678669929504,-13.726352155208588,-19.51396154849045,57.01383674313912,0.7999619767586914,0.9340925216674805,0.4166666666666667,37.81695763270061,0.8654188470378487
11478500,-32.113003730773926,0.6973378956317902,0.791304811835289,0.6974087953567505,-0.11406294256448746,-30.221456289291382,-22.274387448712393,45.95829748132469,0.6078177237927402,0.7619394063949585,0.16666666666666666,35.452111562093094,0.9253497862289078
11480390,-14.795638620853424,0.6882153451442719,0.7883634716272354,0.8171795010566711,-0.07196371257305145,-16.45732820034027,-46.32637567916153,68.06703092156397,0.7260782358158748,0.8256419897079468,0.3076923076923077,36.52769602262057,0.894127046386473
11481200,-29.28643226623535,0.6812969446182251,0.7737164050340652,0.7449333071708679,-0.10433060675859451,-29.338550567626953,-19.633889689238355,36.30406784938381,0.6578825918213975,0.7955425381660461,0.1111111111111111,48.31787745157878,0.8990918760036094
11482500,-31.93266987800598,0.6449970304965973,0.7434477508068085,0.6765837073326111,-0.17251303791999817,-33.65377485752106,-26.443416419071596,56.62658756704142,0.550802320034584,0.7016276717185974,0.0,43.7724769115448,0.909698222389982
11522500,-29.89615499973297,0.6477965712547302,0.7609582245349884,0.7030106782913208,-0.11318641155958176,-28.548407554626465,-19.482256421049417,49.08321395022716,0.6505203630014947,0.8441277146339417,0.375,43.42808723449707,0.9018308086903649
11523200,-12.425410747528076,0.7453485727310181,0.8457492291927338,0.8902957439422607,-0.04141136631369591,-12.036626040935516,0.5509302774040775,5.289536047619232,0.8528832312134405,0.9418447613716125,0.25,33.26787352561951,0.921093168349684
11528700,-14.642377197742462,0.7013190388679504,0.866559162735939,0.8039339184761047,-0.11670971661806107,-17.751775681972504,-23.9755966611299,48.291839586313145,0.7079251204323186,0.7895143032073975,0.23076923076923078,30.166226166945236,0.9493877643640053
11532500,-1.0688100010156631,0.7813890874385834,0.9124194979667664,0.9963225722312927,-0.027880189940333366,-1.1275770142674446,12.265242217969934,-19.10684149099791,0.9369623228326736,0.9545776844024658,0.3125,19.03364658355713,0.9564449943931124
12010000,-11.863011866807938,0.7521835565567017,0.8995312750339508,0.9264149069786072,0.015239282511174679,-9.369474649429321,12.20810807107363,9.040669262048233,0.9071493519615728,1.024236798286438,0.35294117647058826,23.33511745228487,0.9488233008585805
12013500,-15.091153979301453,0.7660441100597382,0.8816498890519142,0.8733445405960083,-0.035211097449064255,-13.438670337200165,-14.860557313091022,36.84608175447886,0.8497723937118605,0.9436209201812744,0.35294117647058826,29.36716921189252,0.9421369923610792
12020000,-36.428964138031006,0.6844083666801453,0.5265966951847076,0.6000301837921143,0.0016565266996622086,-28.47224771976471,-14.568518584677987,21.76122024486599,0.5222932928634225,1.0039962530136108,0.5714285714285714,33.32492283412388,0.7388259696528899
12025700,-27.743738889694214,0.6948819756507874,0.8362263590097427,0.7387886047363281,-0.09786532074213028,-27.71860659122467,-0.09232303242883348,4.264290036355645,0.6950319732462042,0.8537493348121643,0.16666666666666666,29.08852630191379,0.9418205598288774
12035000,-3.599768877029419,0.7605266273021698,0.9236033037304878,0.9388689398765564,-0.09160103648900986,-6.982581317424774,17.594568071373168,-1.0483180358067348,0.8551014347163756,0.8731650114059448,0.17647058823529413,20.384113928850958,0.965773206726563
12040500,-7.723680883646011,0.6907985806465149,0.8453672528266907,0.891151487827301,-0.0966067984700203,-8.299542963504791,-6.259712381080237,22.267370809003435,0.8102564554211367,0.863808274269104,0.4090909090909091,33.24044184251265,0.9251239160373534
12041200,-10.733240097761154,0.5739388763904572,0.7873000204563141,0.8649643063545227,-0.15638501942157745,-10.950306802988052,-16.372890644267006,21.597939248944616,0.7547703646008435,0.8204312920570374,0.34782608695652173,34.09585745438285,0.9017248014635277
12048000,11.629567295312881,0.4908077120780945,0.6481789648532867,1.089681625366211,0.10272222012281418,11.35074496269226,-6.505703395101277,-45.31185633541055,0.800012185768242,1.0925941467285156,0.47368421052631576,25.73676862214741,0.8470991958670954
12054000,-19.404703378677368,0.6076969802379608,0.8068322539329529,0.8263558745384216,-0.04145215079188347,-18.64468902349472,-16.116121740496414,-31.927580694402337,0.7944069268496923,0.9490946531295776,0.42857142857142855,36.829471588134766,0.9024045335065538
12056500,-18.982216715812683,0.5970468819141388,0.7734403014183044,0.7769073247909546,-0.11088025569915771,-20.505592226982117,-7.311764759289171,-17.54821156583372,0.7126848084062744,0.8531250953674316,0.3333333333333333,42.63789313180106,0.8941348028019377
12073500,13.352274894714355,0.5860328376293182,0.7564392387866974,1.1472594738006592,0.08762013167142868,15.917301177978516,39.78064019640207,-28.854703517925717,0.7846956682680474,1.126317024230957,0.7,36.47147178649902,0.9066479136391077
12082500,-7.737103849649429,0.5680129826068878,0.8267464637756348,0.9055387377738953,-0.029724815860390663,-10.4731984436512,-1.6095235544752708,16.1762884278645,0.8666156141555659,0.9730988144874573,0.3,21.211576461791992,0.9097515066953042
12092000,-19.02204006910324,0.5644361972808838,0.7718433439731598,0.7677939534187317,-0.08721115440130234,-21.509067714214325,-24.320447153243844,24.96937837907364,0.7340073183944424,0.9288846254348755,0.4,27.479248046875,0.8914870417909667
12114500,11.020209640264511,0.6806939244270325,0.8271264284849167,1.0496211051940918,-0.0076827192679047585,6.6542744636535645,0.831934188162516,15.89309632502262,0.9044792541106585,0.991240382194519,0.19047619047619047,31.339550018310547,0.9188505828087784
12115000,2.3261314257979393,0.6771203577518463,0.8398962020874023,1.0200552940368652,0.018767384812235832,3.8083400577306747,0.13708489394679552,25.50033596970056,0.9162336085066798,1.022665023803711,0.3,27.094781398773193,0.9218918043936215
12115500,-1.4103753492236137,0.6623463332653046,0.8570261746644974,0.9329995512962341,-0.03395984321832657,0.27397319208830595,-4.462523471915863,35.19147852527621,0.8895780102799699,0.9521724581718445,0.23809523809523808,24.239798954554967,0.9264032478304883
12117000,6.369397044181824,0.7020876407623291,0.8214854598045349,1.0983563661575317,0.0002644747437443584,3.4460172057151794,-1.03277130428857,-0.6301420496156065,0.8751738286820798,1.0002387762069702,0.45,28.06259155273437,0.9231394687235427
12145500,2.9004890471696854,0.755481094121933,0.9100804999470711,0.9892672896385193,0.009682562202215195,-1.5888646245002747,-19.001719134198204,11.746003538709651,0.9512354863899661,1.0143839120864868,0.09523809523809523,23.22283699398949,0.9546580791208846
12147500,1.8447555601596832,0.5977559685707092,0.8244074881076813,1.0206743478775024,0.06867682188749313,4.4714100658893585,-4.905799632468715,15.743295844548086,0.8854079284065473,1.0757099390029907,0.2,33.002017974853516,0.916501979975077
12147600,-26.557129621505737,0.4889081120491028,0.7401345074176788,0.7859274744987488,0.08871759474277496,-20.774798095226288,-26.31665361033096,-8.112588105982397,0.7063925574645297,1.1522327661514282,0.13636363636363635,44.64191089976918,0.8688380045606952
12167000,10.58977097272873,0.6102010309696198,0.7973517328500748,1.1040397882461548,0.03688754886388779,12.20119446516037,10.079817611101626,-11.80073967746072,0.8579433243466391,1.0437661409378052,0.36363636363636365,24.89026893268932,0.9137425570353976
12175500,6.28378763794899,0.6917061507701874,0.8255661427974701,1.0107481479644775,0.05597798898816109,3.6999356001615524,-10.544571945359099,-41.722807108450645,0.8997449781691418,1.0525782108306885,0.47619047619047616,31.367576689947217,0.9153177795314552
12178100,9.4722181558609,0.636209636926651,0.8058452010154724,1.0578796863555908,0.0760122761130333,5.471331998705864,-9.861177812487988,2.9234191803561753,0.8684131553598692,1.0794810056686401,0.4166666666666667,22.463885943094887,0.9125482457144172
12186000,-4.174717515707016,0.6002581417560577,0.670098215341568,0.9002845883369446,0.06863380968570709,-3.0432850122451782,-9.606706837529238,7.711551912661287,0.7815916787815289,1.0842921733856201,0.38095238095238093,25.64543769473121,0.8249175595318972
12189500,3.874555602669716,0.6135783791542053,0.7859417200088501,1.0333753824234009,0.03770763427019119,1.345694437623024,-12.009914815285242,-1.25333420458099,0.8868843452530083,1.0347368717193604,0.391304347826087,32.303704386172086,0.897654580268167
12358500,-0.21839989349246025,0.8116412609815598,0.9447682797908783,0.994758129119873,0.030273977667093277,-1.8886901438236237,-9.716891591594177,14.484096083905543,0.9498937666031215,1.041696310043335,0.5384615384615384,27.412139452420746,0.972713095747802
12390700,-16.19493067264557,0.7221564054489136,0.8900525197386742,0.881409227848053,-0.01518202479928732,-15.856267511844635,-2.8969452035954713,5.12578894119544,0.8679438258076584,0.9792454838752747,0.5,31.28782312075297,0.9457384854325686
12411000,-21.786092221736908,0.7024239301681519,0.8407168686389923,0.8223089575767517,-0.036946821957826614,-20.141416788101196,5.3711888445164275,-23.211910871442214,0.7982912106758767,0.9433377981185913,0.35714285714285715,28.607811246599468,0.9231773209846635
12414500,-7.459115236997604,0.7817047983407974,0.9147205725312233,0.9247607588768005,0.019456593319773674,-8.027906715869904,-0.9336667003541315,17.34102037680025,0.9098622962013859,1.0250658988952637,0.4666666666666667,19.320772488911945,0.957156529623942
12447390,4.521290212869644,0.6098237633705139,0.735476940870285,1.072422742843628,0.016081389039754868,7.737830281257629,-1.6239825210808516,-743.6530659915164,0.856276076954972,1.0287688970565796,0.75,36.44260962804158,0.8792363343691207
12451000,8.674406260251999,0.7296045124530792,0.8985492214560509,0.9873353838920593,0.030682172626256943,4.582533985376358,-1.3860061416017957,-37.144868797772,0.9368516932473677,1.0352822542190552,0.5,22.130482726626926,0.949181905960721
12488500,-1.3163862749934196,0.6642983853816986,0.7977228313684464,0.9784562587738037,0.04942277446389198,-1.4929810538887978,3.6868558844931067,14.436619714037077,0.8809927105061832,1.0576112270355225,0.4444444444444444,32.30734401279026,0.898119929887611
13011500,-8.746220916509628,0.7948930710554123,0.925054520368576,0.9600967764854431,0.043831728398799896,-5.190569907426834,-1.1651062155119256,36.15834175570017,0.8994272936976191,1.0844910144805908,0.9,23.293981552124023,0.9627995903493942
13011900,-9.905561059713364,0.7835273444652557,0.9166670441627502,0.9843682646751404,0.03977181762456894,-6.441435217857361,10.696815040959388,23.722147436372467,0.9265329100863786,1.0586434602737427,0.8,19.92882013320923,0.9585994357739942
13018300,-20.052196085453033,0.717784196138382,0.8781310990452766,0.995305061340332,0.08191657811403275,-12.94403225183487,17.289654499529266,38.17960939787483,0.8848117092626142,1.0995030403137207,0.6,15.996557474136353,0.9421601794409029
13023000,7.957371324300766,0.7925933003425598,0.9427700452506542,1.0974282026290894,0.08600631356239319,6.86650350689888,14.127949825971594,29.29960096549034,0.8647862729802921,1.0919384956359863,0.8,5.656818747520447,0.9816203828326887
13083000,-11.389973014593124,0.3997576832771301,0.7075987458229065,0.9909504652023315,0.2391943335533142,-5.8409184217453,-21.423787016881363,56.63118670151776,0.8205412155627045,1.1343554258346558,0.7333333333333333,30.492709477742512,0.8813737770118015
13161500,-2.768092043697834,0.668576717376709,0.8675508946180344,1.044785737991333,0.12567642331123352,2.968384139239788,-21.4019742906715,51.42124096100361,0.7640841155616633,1.2250336408615112,1.0,22.430877252058547,0.9451328633560426
13235000,0.14922982081770897,0.7940399497747421,0.9356702715158463,1.0312495231628418,0.005828700959682465,1.7286498099565506,12.584710837583188,10.48806095595665,0.9556960598548715,1.0066182613372803,0.7272727272727273,18.67623979395086,0.9692997551907219
13240000,-12.469784170389175,0.7632384747266769,0.8651354908943176,0.9224985241889954,0.000761769013479352,-10.131622105836868,-3.267169110755986,64.254692791943,0.895662113570703,1.0014399290084839,0.8333333333333334,35.78866322835286,0.93015844792604
13313000,-19.91855502128601,0.7749871909618378,0.9041517823934555,0.8622962832450867,-0.03548547625541687,-18.571175634860992,-4.992439964982305,25.59815232668134,0.8430057521792957,0.9386657476425171,0.36363636363636365,29.938619787042793,0.9561480932179693
13331500,-7.435519993305206,0.7904049009084702,0.9433712959289551,0.9613426923751831,0.05092846229672432,-6.678733229637146,-8.03971913363441,32.397699526005255,0.913796189086751,1.072041392326355,0.4166666666666667,22.126678625742592,0.9726733211888516
13337000,-5.036897957324982,0.8073970973491669,0.9348612800240517,0.93901127576828,0.02088828757405281,-7.123470306396484,-8.733840408143328,41.22661378780503,0.9251419337168049,1.0288043022155762,0.3076923076923077,23.109485552861138,0.9675282002636102
13338500,-7.1938008069992065,0.7367349863052368,0.885989136993885,0.9989556074142456,0.06419777870178223,-9.799285233020782,3.3921331246278505,45.01723479816612,0.9002936868425063,1.083156943321228,0.6153846153846154,27.47887648068942,0.9449983554331591
13340000,-7.487998902797699,0.8368969559669495,0.9496597312390804,0.9563862681388855,-0.012053967453539371,-6.04470930993557,-0.19455692347332978,5.653052602575523,0.9473044579745493,0.98459792137146,0.6153846153846154,18.13667554121751,0.9747524552397048
13340600,0.668693520128727,0.7720533907413483,0.9208290874958038,0.9916604161262512,0.019466804340481758,-2.971334010362625,9.171825652249797,45.24086993632445,0.9536632221226005,1.022407054901123,0.4,15.842431386311848,0.9603077814234298
14020000,-5.18491193652153,0.6764242947101593,0.7673141062259674,0.9755111336708069,0.011529847048223019,-6.38343021273613,-5.097386528005009,-38.528631846584936,0.8777899946043601,1.014184832572937,0.375,29.40940260887146,0.8811119376489339
14137000,17.72373765707016,0.646566778421402,0.760833352804184,1.151167869567871,0.005539426580071449,17.267322540283203,18.726937436279385,-16.76365813749195,0.8219442375358184,1.0052134990692139,0.3157894736842105,31.903322119461862,0.906058799323899
14138800,2.2930046543478966,0.6289281249046326,0.7825703769922256,1.000218391418457,0.03537154570221901,1.7152553424239159,-4.839217993494306,37.208216899180314,0.8796435239957004,1.052985429763794,0.21052631578947367,26.971033999794408,0.8919343817206049
14138870,7.534994930028915,0.6697978377342224,0.8377661406993866,1.043586254119873,0.061958398669958115,5.246874317526817,-4.00360499494004,31.36440572686854,0.8819447289181684,1.080095887184143,0.1,17.84211039543152,0.9250204405308513
14138900,-7.633142918348312,0.652222067117691,0.8244373649358749,0.9314436316490173,-0.04882551357150078,-8.17151591181755,2.481810812134601,-23.68095130500314,0.8704807965190677,0.9375826120376587,0.15,23.441412448883057,0.9095604173560156
14139800,-3.7764515727758408,0.711320161819458,0.8458425402641296,0.9496243000030518,-0.023584775626659393,-1.7602872103452682,-4.659512082873341,16.02240240495037,0.901000708737816,0.9693933725357056,0.19047619047619047,25.712008703322635,0.9204614378084812
14141500,10.726942121982574,0.6910254955291748,0.8252126127481461,1.0538780689239502,0.04225332662463188,8.630280941724777,-0.7177165679276521,-9.896963110741451,0.890806460602351,1.0500763654708862,0.2,30.143806934356686,0.9192984488597757
14154500,-3.1937457621097565,0.7507969588041306,0.9113207757472992,0.9958189725875854,0.03362602740526199,-0.4669836722314358,-14.562909001255225,37.91479970084048,0.9321704499260813,1.051495909690857,0.3157894736842105,17.211654311732243,0.9560507319956523
14158500,-6.753229349851608,0.5914458930492401,0.7815818041563034,0.9261043667793274,-0.057979289442300797,-11.180434376001358,8.155033540996133,8.221512537500992,0.8613791155177182,0.9691781401634216,0.5555555555555556,17.66038735707601,0.8868399453792096
14158790,4.841548576951027,0.6583503186702728,0.7754424810409546,1.0451759099960327,0.028174880892038345,3.3104386180639267,-2.719451819408026,-4.073641042205819,0.8783530699567696,1.0388116836547852,0.35294117647058826,26.556317946490122,0.8939303721282392
14166500,-8.284289389848709,0.7292592227458954,0.8846537843346596,0.9769450426101685,0.06511437892913818,-4.016107693314552,-10.215768040479777,45.54875287322595,0.8736874754347795,1.1105470657348633,0.26666666666666666,31.730693181355797,0.9434078710490205
14182500,-6.331489235162735,0.6800867021083832,0.8103921562433243,0.9731895923614502,-0.007410241756588221,-3.7445537745952606,0.8296516186554588,26.313767430400897,0.8988647156739735,0.9901498556137085,0.3157894736842105,30.09116775111148,0.9029818448251554
14185000,5.853806808590889,0.753714382648468,0.8878137618303299,1.0486247539520264,0.026414984837174416,4.018183425068855,-8.173769082791091,24.223675181391734,0.9211042428108205,1.0339535474777222,0.3888888888888889,24.71308708190918,0.9479679865925127
14185900,6.007573381066322,0.7429465651512146,0.8784916177392006,1.0322672128677368,0.012135624885559082,5.364055931568146,-9.684785411024107,16.406064400114992,0.9313296599252726,1.0166717767715454,0.3888888888888889,27.992796897888184,0.9417205487413735
14222500,7.745042443275452,0.7579412311315536,0.8975239619612694,1.0580576658248901,0.011980168521404266,7.054457813501358,-2.52763788447686,17.38407155520686,0.9239807061502905,1.0148727893829346,0.16666666666666666,23.1469816631741,0.9532341939838013
14236200,0.41996920481324196,0.7283752262592316,0.9007181823253632,0.9935833811759949,0.0066863177344202995,-1.19957672432065,-0.4736644340449509,8.624465515253627,0.9488726697374568,1.0089998245239258,0.3157894736842105,22.946934950979134,0.9500817261798734
14301000,-7.677968591451645,0.809278279542923,0.9327799901366234,0.9152773022651672,-0.05026901885867119,-7.847077399492264,-9.513492076943134,40.328165928852876,0.8813861448131326,0.9231616854667664,0.8,20.508011182149254,0.9685805068386649
14305500,0.8027564734220505,0.7540394216775894,0.8874616026878357,1.0373157262802124,0.05925625190138817,1.0262281633913517,15.300355833667508,-1.4471164524714264,0.892372946549679,1.086599349975586,0.2,23.339850107828777,0.9481186758998529
14306500,11.19939535856247,0.7720912843942642,0.8476095944643021,1.0958893299102783,0.05034840479493141,9.992179274559021,6.667199297223705,-8.520633690051225,0.8632004475069291,1.0734896659851074,0.25,37.42229342460632,0.935823501458403
14309500,-19.177618622779846,0.7190183699131012,0.8304117769002914,0.8279765248298645,-0.022833602502942085,-18.235020339488983,-19.00633786117594,2.253176822284474,0.8031256869795029,0.954465925693512,0.2857142857142857,32.320451736450195,0.915773714347992
14316700,4.378793761134148,0.7587906718254089,0.8976122140884399,1.0428717136383057,0.03462452068924904,7.190396636724472,-8.532034507013769,-16.01215767706924,0.916865351156601,1.0529570579528809,0.3333333333333333,18.79219743940565,0.9523666501177421
14325000,-19.466926157474518,0.7232843935489655,0.8059942722320557,0.8174970746040344,-0.060749854892492294,-19.037069380283356,-17.0176800857747,0.2021539368997317,0.768171438970107,0.894096851348877,0.1875,29.942679405212402,0.903970384584319
14400000,-9.162663668394089,0.7770523279905319,0.9064021483063698,0.9496640563011169,-0.007331948261708021,-8.563676476478577,5.120505006285502,-18.993796920657676,0.9294290846701778,0.9877324104309082,0.3125,23.010161519050598,0.9520828516228677
