basin,NSE,Alpha-NSE,Beta-NSE,FHV,FMS,FLV,KGE,Beta-KGE,Peak-Timing,Peak-MAPE,Pearson-r
10002,0.9084785506129265,0.9402697682380676,-0.06456337124109268,-7.06583559513092,5.607115450055742,-16.873922838913856,0.9017031813781445,0.9358944892883301,0.4583333333333333,17.204588651657104,0.9554461285493644
10003,0.9237422719597816,0.9811685681343079,-0.08034826070070267,-0.4248283803462982,0.928255466196598,5.2016567086496615,0.9234303871898608,0.9347633123397827,0.32,16.845943450927734,0.9646099256442476
1001,0.8544472008943558,1.071195363998413,0.07416339963674545,11.276442557573318,-10.75092836592109,51.841404096147656,0.8702164017986729,1.0883471965789795,0.2962962962962963,23.74052471584744,0.9369938466191426
101002,0.7397181689739227,0.7132534384727478,-0.21586357057094574,-29.501762986183167,-2.6974233750764536,64.04861298732712,0.617392338566221,0.7640501856803894,0.3,43.17567825317383,0.9078440606218768
101005,0.8227469474077225,0.8217002153396606,0.004929237067699432,-18.615339696407318,1.8304823375071857,38.09034626378608,0.8008362045112337,1.0065938234329224,0.21739130434782608,27.5016100510307,0.9115018321313758
102001,0.8077555298805237,0.820504903793335,0.011597419157624245,-20.171628892421722,-4.915653584596151,18.949057616250805,0.7948689383029703,1.019149899482727,0.19047619047619047,36.84144928341821,0.9025651794248478
106001,0.859409973025322,0.850026547908783,-0.10473616421222687,-14.79703038930893,-7.935145303118859,-229.97802342515223,0.8055590667642012,0.8934899568557739,0.44,31.87392807006836,0.936985312070384
11001,0.9455944634974003,1.0056443214416504,-0.011986738070845604,0.7532311137765646,-0.8371820849795656,-3.354283587301094,0.9704312869311653,0.989254891872406,0.2692307692307692,14.215136491335356,0.9730371908114768
11003,0.8949956372380257,0.9454389810562134,-0.0007639334071427584,-5.762480199337006,3.315708358781534,0.006063282177195292,0.9232617016449886,0.999321699142456,0.4230769230769231,22.79018805577205,0.9460425950013794
11004,0.8094837218523026,1.217990756034851,0.03856335207819939,21.249549090862274,10.603139609375823,18.069682675990943,0.7724108946897305,1.0300372838974,0.38461538461538464,21.062397956848145,0.9419087552607968
12001,0.8528672307729721,0.8854646682739258,-0.04916757345199585,-12.723983824253082,-0.3861907593688081,10.087871822302445,0.8560239038353721,0.9542959332466125,0.4782608695652174,24.506224756655488,0.92569042904574
12002,0.8756960406899452,0.8866013884544373,-0.021783659234642982,-13.116776943206787,-2.0275091015888957,19.944499367589113,0.8686900531917949,0.9783995747566223,0.4,23.555219650268555,0.9374182242212843
12005,0.8274186700582504,0.866741418838501,-0.057772472500801086,-13.212935626506805,-0.9017605294264298,36.389440344195876,0.828338745036237,0.936179518699646,0.125,31.220901012420654,0.9126118819910316
12006,0.8280743509531021,0.8575904369354248,-0.02804379165172577,-14.395996928215027,-6.599771253841158,-0.41371639399623106,0.8302783249073645,0.9719129204750061,0.25,27.353036403656006,0.9120450154467437
12007,0.8162102401256561,0.8420946002006531,-0.024098478257656097,-16.120553016662598,-10.650530342162847,13.452460472870278,0.8146530174045752,0.9757569432258606,0.37037037037037035,32.201290130615234,0.9060230726737517
12008,0.8711352944374084,0.9435257315635681,-0.004900983534753323,-7.692611962556839,0.4196314405179162,10.432717963492,0.9123747818710964,0.9925749897956848,0.08333333333333333,24.43222403526306,0.9334139272807476
12009,0.852040484547615,0.8943328261375427,0.04170265793800354,-11.8949294090271,-1.3211452746367025,-807.7950810097184,0.8533975965535796,1.0680115222930908,0.23076923076923078,25.542022631718563,0.9244940671234065
13001,0.9003067761659622,0.9170172214508057,-0.03010796755552292,-9.095925837755203,8.547480328789431,-10.31275093876176,0.896062422008523,0.9625030159950256,0.391304347826087,25.053911623747453,0.9498915698358008
13004,0.8335179686546326,0.8453841805458069,-0.07856772094964981,-17.601047456264496,2.6814066437610937,-27.996530461204035,0.8071151622871282,0.9175984263420105,0.2916666666666667,35.880915323893234,0.9193247891064662
13005,0.9056750982999802,0.9633234739303589,0.037987880408763885,-5.0791967660188675,-7.610758194267859,32.37094844010133,0.9207680236975617,1.0517228841781616,0.38095238095238093,21.754160381498792,0.9524891406461055
13007,0.8686973750591278,0.9433310627937317,-0.01625579223036766,-6.680327653884888,-1.164956281686514,10.150577914103964,0.909402112087037,0.9798470735549927,0.375,22.596450646718345,0.9322470044506965
13008,0.8807278573513031,0.9911902546882629,-0.018876196816563606,0.30309155117720366,-4.8628412315068905,2.968578424217627,0.9364583958875925,0.9808622598648071,0.34782608695652173,23.712241131326426,0.9400527670093266
14001,0.9114739298820496,1.013047456741333,-0.004854951053857803,-0.8082588203251362,10.442197617083814,4.614168855222765,0.9542452782628721,0.9952530264854431,0.2857142857142857,18.46893969036284,0.95640269875007
14002,0.907618336379528,1.0214643478393555,0.023515045642852783,2.4664385244250298,2.8709559189126694,-1.7693693968563886,0.9441980588871252,1.0255519151687622,0.34782608695652173,20.780629697053328,0.9552759792169321
14005,0.8957732245326042,0.9927027225494385,0.028623349964618683,-1.3782123103737831,-2.2780960255667697,42.84839729830015,0.9363286155022753,1.0359286069869995,0.14285714285714285,15.590655236017136,0.9479430105976119
15006,0.9249486923217773,0.9173652529716492,-0.04539615660905838,-11.380742490291595,-3.7731713853029647,-23.854824075204814,0.9028049943000743,0.9636960029602051,0.44,23.845912859990044,0.9639391137726261
15007,0.9380811713635921,0.9098780155181885,-0.02260843850672245,-11.752208322286606,0.16907512853284581,18.683365559981894,0.9033191660979931,0.9808222055435181,0.47619047619047616,20.810053565285422,0.9707182009290326
15010,0.8763453736901283,0.8708587288856506,-0.025179622694849968,-13.751958310604095,-1.6549367434511841,-4.952892904781464,0.8547822064877059,0.9738686680793762,0.2727272727272727,24.378613992170852,0.9389435249985426
15011,0.7906742095947266,0.7569459676742554,-0.0744122639298439,-25.434061884880066,-4.652273180392794,-26.07598595884158,0.7213018476172712,0.9027379751205444,0.4230769230769231,42.21514555124136,0.9044097493041743
15012,0.8837938532233238,0.9210432171821594,-0.03958432003855705,-7.810386270284653,-8.094169853341514,-27.185010065525205,0.8962020037984381,0.9671878218650818,0.5416666666666666,30.817554394404095,0.9411509436901643
15013,0.8600231409072876,0.8677752017974854,0.0027208204846829176,-16.965648531913757,1.4144316023145789,-10.776410560418178,0.85007499962428,1.0036485195159912,0.19230769230769232,25.994038581848145,0.9294252397573655
15014,0.8312726020812988,0.8695538640022278,0.011033962480723858,-16.64874106645584,-0.3619558798135859,21.75235045636202,0.8425217287388138,1.0136184692382812,0.25925925925925924,30.259316308157786,0.9128349334981699
15016,0.9598578438162804,0.9841991066932678,-0.012745263986289501,1.1702874675393105,3.8022339647932233,25.97813296799828,0.9724003230157584,0.9897685647010803,0.25,11.026134490966797,0.9798160541006531
15021,0.9013222679495811,0.9978300929069519,0.0436934269964695,-2.724672295153141,9.206149587181617,42.33226062317379,0.9356302810062778,1.0422817468643188,0.5294117647058824,24.254599739523496,0.9515128253180289
15023,0.9029114544391632,0.9615864157676697,0.03028874285519123,-9.678160399198532,9.133728956591318,21.30377173404968,0.9262861436266402,1.0391615629196167,0.16666666666666666,20.364887237548828,0.9507607762292003
15024,0.8991670534014702,0.9481053948402405,-0.048127468675374985,-3.761828690767288,-0.3884109614215274,18.250985999419257,0.9049121790828388,0.9383969902992249,0.13333333333333333,23.58491579691569,0.9494657261069976
15025,0.8510790169239044,0.9298404455184937,-0.009436882100999355,-10.016342252492905,6.432218198988158,-4.975549526993669,0.8950437666604959,0.9897450804710388,0.3076923076923077,29.018225493254484,0.922615993530785
15030,0.9373571202158928,1.0244945287704468,0.02836005575954914,2.236381731927395,11.948578867927024,-17.340987558154186,0.9504197382951552,1.0310640335083008,0.43478260869565216,15.297498910323434,0.9701127747485683
15039,0.7879092246294022,0.8708322048187256,0.01162963267415762,-15.58569222688675,-3.6032039669859026,-26.612418064517712,0.8284104089674443,1.0137227773666382,0.27586206896551724,36.64269282900054,0.887882410746245
16001,0.9128108993172646,0.9632115960121155,-0.005654087755829096,-7.069037109613419,-0.7935406875262707,15.34261156797426,0.941981290991535,0.9946210980415344,0.4,21.98947026179387,0.9554595538779151
16003,0.9106015563011169,0.9495620131492615,0.006505290511995554,-6.148730963468552,-7.68294211938475,-3.424383329905148,0.9312899789078198,1.0093551874160767,0.1111111111111111,21.113374498155384,0.9542883280841462
16004,0.9328078106045723,0.962767481803894,-0.01508118212223053,-4.014698415994644,-2.687817559863071,14.92567966125633,0.9474012316599463,0.9851517081260681,0.5652173913043478,22.232445081075035,0.9659427210703232
17001,0.7772425711154938,0.8703285455703735,-0.025327766314148903,-9.88345667719841,2.0567286814481025,-12.514865967519755,0.8197155763099924,0.9578474164009094,0.2608695652173913,35.94970703125,0.8820553221749061
17003,0.8128311783075333,1.1694753170013428,0.0516776405274868,13.234542310237885,27.68109086776433,-84.80625517994766,0.8097432689632487,1.0551366806030273,0.12,26.433189392089844,0.9333990459215118
17004,0.8950045108795166,1.027882695198059,0.05679800361394882,2.261938154697418,-5.231221558156187,14.053704319790283,0.918310860713003,1.0590108633041382,0.5454545454545454,19.722277467901055,0.9508737463463491
17005,0.8968803659081459,0.9047079086303711,-0.019351664930582047,-10.132038593292236,-3.8418710455608873,-12.59590637323567,0.888514384842127,0.9741381406784058,0.20833333333333334,20.83172003428141,0.9482349158026211
17015,0.8382270336151123,0.9584847092628479,0.03331678733229637,-7.0475734770298,3.8034746476223464,10.920422789287974,0.8957029041756477,1.0477492809295654,0.25,23.205673694610596,0.9170881733218156
17018,0.7027022242546082,0.7191928029060364,-0.14047397673130035,-27.99292802810669,2.9683955525472245,-9.581380915009966,0.6496860051833411,0.8425771594047546,0.4782608695652174,46.67814918186354,0.8618505798652706
18001,0.8503106385469437,0.8383339047431946,-0.03969407081604004,-19.874875247478485,-0.7795660385287217,6.576242022298073,0.8157681610759094,0.9498715400695801,0.08333333333333333,27.385389804840088,0.9272498685721198
18002,0.8720619827508926,0.8689460754394531,-0.04190472885966301,-16.17300510406494,-1.7858811567368769,15.61368390591215,0.8461600848496115,0.9494298696517944,0.3333333333333333,22.22056161789667,0.9372763978448087
18003,0.936300978064537,0.9391130208969116,-0.036240387707948685,-4.242309927940369,-1.1583559577350517,-5.528876073828381,0.9206493506655038,0.9598343968391418,0.4166666666666667,17.004366715749107,0.9687585908091404
18008,0.931881733238697,0.9545210599899292,-0.0018326037097722292,-4.180368408560753,-4.733539164853416,8.896487906997042,0.9428233550757806,0.9980245232582092,0.2916666666666667,16.222958763440452,0.9654032916017538
18010,0.9316776096820831,0.9894734621047974,-0.03404172137379646,-0.740511529147625,0.7934508213468231,17.19877750379626,0.9473667565964807,0.9611234068870544,0.1,11.434599161148071,0.9661169538110068
18014,0.853616327047348,0.965056836605072,-0.014529802836477757,-5.901538580656052,14.00871932864802,16.895695983092413,0.9152090049871191,0.981876015663147,0.09523809523809523,24.35534568060012,0.924900004267728
18017,,,,,,,,,,,
18018,,,,,,,,,,,
19001,0.8876786753535271,1.0409364700317383,0.01794574223458767,1.3929113745689392,6.415375247468967,-27.550434689286803,0.9287889044776491,1.0242286920547485,0.24,19.931480407714844,0.947007585182876
19006,0.8615346699953079,1.072384238243103,-0.005919185467064381,10.985828936100006,-7.016526005668294,16.21458132659899,0.9043841162650506,0.9931832551956177,0.375,22.35624591509501,0.9378996677412029
19010,0.5195121467113495,0.6105495095252991,-0.3863898813724518,-27.93431580066681,-28.02788313655828,-25.693373934356263,0.43603431065957554,0.619510293006897,0.18181818181818182,45.058146390047945,0.8529857248613671
19017,0.8827546089887619,1.0371698141098022,0.08968724310398102,-0.296205235645175,6.816423234734838,19.837739734798262,0.8366702923798153,1.1503106355667114,0.2608695652173913,22.53506494605023,0.9480220128720914
19020,0.8232768625020981,0.8137117028236389,-0.09043753147125244,-18.138961493968964,3.699533309354327,-42.22140474995663,0.748035083218524,0.8516106009483337,0.21052631578947367,31.03143290469521,0.9177590377432677
20002,0.8575453907251358,1.0376611948013306,0.06775198131799698,1.4001044444739819,4.276352723765124,88.89143621511374,0.8652497990070003,1.1114298105239868,0.25,22.526369094848633,0.9342531491219658
20003,0.8839341923594475,0.8686953186988831,-0.059810128062963486,-15.927083790302277,16.23293738816664,2.898008953373361,0.8313645995667687,0.909493088722229,0.2916666666666667,30.407253901163738,0.9451777603645559
20007,0.8504598885774612,0.949975848197937,-0.05629214644432068,-7.676459848880768,8.502114144745947,1.5860585185068332,0.8755591262579764,0.9148575663566589,0.47619047619047616,35.69314820425851,0.9242776037921957
2001,0.7894883155822754,0.8029682636260986,-0.09660816937685013,-21.203449368476868,-7.264227646030168,-25.937030497529186,0.7534107849344085,0.8915383815765381,0.28,33.81321334838867,0.8989019625456889
2002,0.8311541527509689,0.8343051671981812,-0.0627487301826477,-16.826710104942322,-10.363570227792344,38.0092217333068,0.7979621939692971,0.9188910126686096,0.2962962962962963,32.85781012641059,0.9176238528301209
21003,0.9057035148143768,1.0119450092315674,-0.011041914112865925,1.065247692167759,-2.020951017164533,-12.720801300634877,0.9508187588017178,0.9891607165336609,0.6521739130434783,23.170825709467348,0.9535390360173432
21006,0.8789942935109138,0.987175703048706,0.02625029906630516,-4.107014089822769,-3.427946080806146,11.08429826853001,0.931934898762973,1.0276564359664917,0.375,25.6412406762441,0.9391434722996529
21008,0.7701026797294617,0.9090576171875,-0.007845974527299404,-9.916909784078598,-3.258197497382673,-8.107984854046062,0.8476277497366909,0.9902213215827942,0.5714285714285714,22.52084341916171,0.8781346517376573
21009,0.8748043477535248,0.9344719052314758,0.003707682713866234,-8.354473859071732,-0.6868555103676911,24.415872800727307,0.9078408416604946,1.003943681716919,0.13043478260869565,20.117784583050273,0.9353174935831257
21011,0.8582094311714172,1.0312544107437134,0.10111673921346664,0.0923945102840662,-5.375926471183785,11.04273729198993,0.865381712125871,1.1146140098571777,0.3333333333333333,23.799208799997963,0.936684330662277
21012,0.801416888833046,0.8985371589660645,0.0029909599106758833,-12.660224735736847,-4.355128356360978,33.294043504563724,0.8540967867579085,1.0040357112884521,0.375,29.243431488672893,0.895230001631737
21013,0.7018079161643982,1.0728405714035034,-0.01836548186838627,-0.5784939508885145,-3.8552183359384853,21.370694430249383,0.8440138646368346,0.9791086912155151,0.30434782608695654,30.100293781446375,0.8636567610755187
21015,0.7780122011899948,1.0266759395599365,0.0003051779349334538,-5.381261557340622,3.039078976953115,16.730912559680895,0.8889833376598852,1.000390887260437,0.5,27.973149220148724,0.8922366445730122
21016,0.6098536252975464,1.1372243165969849,0.0895162895321846,7.324541360139847,-3.0332461828908275,34.95231977227573,0.7480271118765485,1.1383670568466187,0.30434782608695654,24.954632918039955,0.8402677838901353
21017,0.8014593571424484,0.9557926654815674,0.022581299766898155,-6.324169784784317,0.6383414794851324,23.066614261921778,0.8838604971394968,1.0318267345428467,0.3333333333333333,27.23629361107236,0.8974273200710862
21018,0.8752489909529686,0.9322788715362549,0.023195667192339897,-10.237518697977066,-3.895015005768449,-9.692707005948355,0.9034391033141675,1.0249313116073608,0.4782608695652174,30.10571106620457,0.9358417173709768
21022,0.7567533701658249,0.9899413585662842,0.008163290098309517,-6.1723001301288605,3.386222119598174,20.8089000812448,0.8761807356347358,1.012509822845459,0.5714285714285714,28.64984557742164,0.877225661097938
21023,0.5224168002605438,0.6576818823814392,-0.039560627192258835,-34.11763310432434,0.5946158900398523,-299.4820515905103,0.550492651180001,0.8977594375610352,0.21739130434782608,39.75111919900645,0.7271959853934814
21024,0.7507895082235336,0.904207706451416,-0.038619402796030045,-13.409818708896637,12.589184739338402,-29.459375900621428,0.8269679334356018,0.941996157169342,0.5,30.378356933593746,0.8680928858130671
21026,0.7455014884471893,0.8038691282272339,-0.041351087391376495,-20.19762396812439,-4.499106654941045,-99.11680378624719,0.7531237137504684,0.9313700199127197,0.48148148148148145,39.56263506854022,0.8666939323090095
21027,0.703486293554306,0.8750560879707336,-0.01130121760070324,-16.55290275812149,8.681355764811284,35.29875276443627,0.7957315794604959,0.9806093573570251,0.3333333333333333,26.364748818533762,0.8395674301944299
22001,0.8821112588047981,0.9877873659133911,0.007778862491250038,-5.403458699584007,3.487120510000134,-3.5693727450386357,0.9379685062133137,1.0122690200805664,0.36363636363636365,25.65325390208851,0.940432987851186
22006,0.9299633800983429,0.9628941416740417,0.00666807871311903,-4.455689340829849,-7.05093589321774,34.97300706087661,0.9467098370749828,1.0139111280441284,0.2608695652173913,19.009936374166738,0.9643702756254183
22007,0.8913672789931297,0.9253329634666443,-0.011436215601861477,-11.17420494556427,-12.404709878539903,27.08222884220585,0.9041331996075046,0.9771498441696167,0.4583333333333333,26.41330560048421,0.9443839281201174
22009,0.8787461295723915,0.9908706545829773,-0.004358698148280382,-7.607357949018478,4.793942431912785,15.632248720843284,0.9378333487126919,0.9933669567108154,0.391304347826087,21.53306422026261,0.9388661278728538
23001,0.8743437826633453,0.9192720651626587,0.010016672313213348,-9.885174036026001,-0.27341832027652074,8.80438163043786,0.8957565749450653,1.012554407119751,0.25925925925925924,23.430393360279226,0.9352537331890609
23004,0.8542299419641495,0.9181110262870789,0.026393823325634003,-9.760020673274994,-6.000134066056276,32.55688256709431,0.8823193860108272,1.038270354270935,0.18518518518518517,23.044393680713796,0.9246454853569454
23006,0.8745528757572174,0.9115328788757324,-0.02549857646226883,-10.761302709579468,-0.2729170531244196,-11.264724136836918,0.8853438740651627,0.9653170704841614,0.1935483870967742,22.72884615005985,0.9358385622467139
23007,0.88033127784729,0.9188631772994995,0.027775248512625694,-2.7589865028858185,10.315084661479682,-21.56015234178795,0.8881702831294733,1.0467714071273804,0.19047619047619047,27.655859427018598,0.9388842323722058
23008,0.8543931543827057,0.8785701990127563,0.008282158523797989,-14.462780952453613,-9.769656197811432,-5.83974901580579,0.8569276169808248,1.013561487197876,0.3333333333333333,31.249499320983887,0.9255648182647088
23011,0.8309778422117233,0.9748905897140503,0.040497392416000366,-2.37685889005661,-7.7004389269411195,-22.008125430628134,0.8933490204807164,1.0585638284683228,0.15384615384615385,24.273347854614258,0.914476746187675
23016,0.9136548861861229,1.021120548248291,-0.0019465527730062604,-2.7879683300852776,1.276301607546113,15.358005212626272,0.9527565072552087,0.9958909153938293,0.14814814814814814,21.818914084598937,0.9579406910171114
24001,0.9140240848064423,0.9129950404167175,0.013760840520262718,-12.228827178478241,-1.5532999061904762,5.831802161778669,0.9008960327399798,1.02041757106781,0.30434782608695654,23.863141433052395,0.9571647793716729
24003,0.873941645026207,0.8639830946922302,-0.04330400377511978,-14.291660487651825,3.1115072125638292,-29.39249395440368,0.83479720236941,0.928930938243866,0.125,28.295548756917317,0.9388399290666396
24004,0.8622542470693588,0.8927413821220398,0.010060388594865799,-14.148031175136566,-4.217997910680547,17.93632312340887,0.8707232368820932,1.0147303342819214,0.16666666666666666,28.85122497876485,0.9293523699966096
24005,0.8936118334531784,1.0181829929351807,0.0579376146197319,-2.740493230521679,-7.581427860507042,12.137555408001058,0.8855731983101498,1.1010907888412476,0.36363636363636365,23.035799373279918,0.9495666367932718
25001,0.8502814173698425,0.9519885182380676,-0.03654637560248375,-7.431056350469589,8.533107913285324,-1.7878108901407403,0.8972574888222544,0.9513730406761169,0.14814814814814814,23.494298369796187,0.9232775127550844
25003,0.7337097227573395,0.7803458571434021,-0.026900287717580795,-18.198367953300476,-31.8828389950458,-437.5412735036006,0.7367842995331702,0.9594369530677795,0.10714285714285714,34.211686679295134,0.8607548861835661
25006,0.8640102744102478,0.9213969707489014,0.006414617411792278,-7.073338329792023,-17.011617927372534,23.845192500668457,0.8938776612725553,1.0111576318740845,0.12,25.047014236450195,0.929579677503608
25012,0.8644886910915375,0.8764746189117432,-0.04564281553030014,-12.324763089418411,-5.18768159008745,-30.426052918147345,0.8445374554518077,0.9339263439178467,0.13793103448275862,25.512032673276703,0.9325881690180654
25020,0.8216794580221176,1.0671898126602173,-0.042208243161439896,3.5081587731838226,5.073958245232863,-51.18445550702,0.8739331131047305,0.9301249980926514,0.2857142857142857,26.613405772617888,0.9194030201893546
25021,0.8354575634002686,0.9724371433258057,-0.07606615126132965,-2.172372117638588,7.7346804596865715,31.58619847221785,0.8488069190237277,0.8755005598068237,0.30434782608695654,28.780027057813562,0.9187625329134324
26003,0.6044237613677979,0.8542819619178772,-0.43114376068115234,-19.854798913002014,18.748434794114324,-14.066593176980566,0.7050078146634513,0.7684397101402283,0.2857142857142857,32.13024480002267,0.8896982550129502
26005,0.665739506483078,0.6854550242424011,-0.2135532796382904,-39.39876854419708,12.833657144936428,2.31656212337306,0.5534239125397418,0.7147973775863647,0.8,43.321189880371094,0.8616124128205527
26008,0.5411019027233124,1.2427910566329956,-0.21205104887485504,11.193692684173584,8.100560327657016,-13.701809513871149,0.6859672541447583,0.8611756563186646,0.4,37.556331157684326,0.857182389426714
26009,0.8825837522745132,0.9374475479125977,-0.18703678250312805,-5.209583789110184,8.823493668219642,-43.62823445054502,0.8577464123221987,0.8792964816093445,1.0,14.240954717000326,0.9581199976936984
27001,0.8765217810869217,0.8772168159484863,-0.03731846064329147,-15.95773994922638,3.8081848721224247,-3.236069109674626,0.8527908319663942,0.9463850259780884,0.25,30.29237985610962,0.9390060377746432
27002,0.8912206962704659,0.9026793837547302,-0.07119667530059814,-11.854203790426254,1.0885145250437462,21.073544249428807,0.8572213342047492,0.9095033407211304,0.12,21.661903381347656,0.9478003858321059
27003,0.9544918835163116,0.9193528890609741,-0.06546751409769058,-8.86271819472313,1.3329447430640617,2.0314302480861004,0.8935287245730412,0.9330996870994568,0.08695652173913043,9.88993437393852,0.9811181536379205
27006,0.8982546925544739,0.8660117387771606,-0.039178915321826935,-12.806437909603119,0.5104017037666086,5.835701914183428,0.8476910546889382,0.9453222155570984,0.20833333333333334,22.301075855890907,0.952507889448207
27007,0.9182542562484741,0.9135054349899292,-0.04055142030119896,-7.3407866060733795,-10.236265275806902,10.598783086994281,0.8905122444363945,0.9459041953086853,0.04,18.31406021118164,0.9602520093982905
27009,0.9395079426467419,0.9840461611747742,-0.05032617971301079,3.2905329018831253,-1.1016557396480708,13.840026156237434,0.9347340581676941,0.9439157247543335,0.391304347826087,11.931973954905635,0.9706798318530575
27021,0.9181253463029861,0.8826248049736023,-0.038857266306877136,-13.664098083972931,-4.357894332432028,8.514406021809611,0.8684117871688095,0.9540042281150818,0.3333333333333333,19.302169481913246,0.9622785165014373
27023,0.806646004319191,0.8292623162269592,-0.021822988986968994,-6.407707929611206,4.304407739959451,-0.6252858488890836,0.7981421178982699,0.9569885730743408,0.3333333333333333,27.469678358598188,0.9012818909205015
27025,0.7990045249462128,1.041985273361206,0.06725341826677322,-1.925879716873169,13.343710748539179,-4.516392749425103,0.8667782469248803,1.0851805210113525,0.2916666666666667,21.66207035382589,0.9065679329489735
27026,0.8913264125585556,0.9471498131752014,0.011761358939111233,-4.996530711650848,-11.07100459534276,11.184487075179925,0.9209315582901679,1.0185112953186035,0.0,18.892773714932527,0.9441787838485004
27029,0.9113245233893394,0.8839014172554016,-0.04198351129889488,-10.20144522190094,-2.0760567132202716,0.0367969199498069,0.86754302212423,0.9516220688819885,0.2916666666666667,25.298555692036945,0.9584603099022296
27030,0.8626219630241394,0.9326196312904358,-0.009333634749054909,-10.065646469593048,-9.774820901792545,-7.118023303950848,0.9012351146799584,0.9877898097038269,0.3181818181818182,24.579314752058547,0.9288290808140335
27032,0.8351580649614334,0.7912659049034119,-0.03652464970946312,-20.74829787015915,-17.546430377501686,-96.5840828628324,0.7727080875420195,0.9515461921691895,0.125,27.957630157470703,0.9242113496642825
27034,0.895530141890049,0.9291538596153259,-0.016033705323934555,-6.76751434803009,-9.049694186411307,24.970912559870797,0.9084793460952413,0.9774701595306396,0.32,20.87100601196289,0.9466215326917787
27035,0.9130476415157318,0.8958774209022522,-0.05096624046564102,-7.150444388389587,-7.565976106117708,15.244439577254859,0.8678370643611928,0.9296993613243103,0.48,15.742673873901367,0.9589713480541846
27038,0.19592183828353882,0.5490726232528687,-0.3569203317165375,-46.79836630821228,-6.056113063214967,-23.948412917736018,0.3510074959971218,0.8209590911865234,0.2727272727272727,31.05430169539018,0.5689546147757513
27041,0.9255086034536362,0.985162615776062,-0.08555902540683746,3.8326043635606766,-0.07045165640197193,-12.16727859222076,0.92422903475396,0.933920681476593,0.76,21.10425567626953,0.9660203757055796
27042,0.8941710963845253,0.8939621448516846,-0.02808339148759842,-5.40294386446476,-12.97528086727016,5.033502732121083,0.8785622450636907,0.9725965261459351,0.2916666666666667,23.292442162831627,0.9475390505209297
27043,0.8892768919467926,0.9766138195991516,-0.010942544788122177,-1.3402816839516163,3.529997330390386,-27.95554520544733,0.9372403131640279,0.9852691292762756,0.18518518518518517,20.264032151963978,0.9436540480093806
27047,0.9037607908248901,0.9389789700508118,0.03839338570833206,-4.825285077095032,-21.48650688131204,36.97174365433086,0.8993332619665205,1.0637181997299194,0.1111111111111111,17.856822190461337,0.9515209625361688
27049,0.8593841642141342,0.8112991452217102,-0.07720913738012314,-19.724108278751373,1.2367328662247221,-11.479463804784276,0.7875574690036593,0.9238573908805847,0.4,32.266666412353516,0.9389580516483796
27051,0.8703282326459885,0.890859067440033,0.014217772521078587,-8.711675554513931,-12.758373462145848,-3.9164739692063044,0.8697530450928465,1.0264415740966797,0.125,24.74782864252726,0.9340199328447097
27062,0.9272619560360909,0.9585616588592529,-0.09212610125541687,-2.6525480672717094,2.245211793010187,-0.2282764779890231,0.8752521151147516,0.8869472146034241,0.05263157894736842,14.7345232963562,0.9673815024729525
27064,0.864452987909317,1.047805905342102,0.008265017531812191,-0.40001654997467995,6.908602625981445,14.411678928988925,0.9193451910576953,1.0134220123291016,0.3181818181818182,23.818583921952683,0.93644181244734
27065,0.9090293124318123,0.8884730339050293,-0.038794878870248795,-11.292557418346405,-2.659896630659,-29.280787002215465,0.8708551013877324,0.951409101486206,0.391304347826087,25.689164451930836,0.9566518137306034
27071,0.9015668630599976,0.9156175851821899,-0.09219994395971298,-1.7586251720786095,-6.169860016523671,-10.179659931073008,0.858593480482772,0.895930826663971,0.34615384615384615,19.795861610999474,0.954778113787163
27073,0.753107562661171,0.9664115309715271,-0.07231826335191727,6.507558375597,-15.86035331597472,24.254270166279532,0.8638772438217417,0.9562492966651917,1.9375,18.6821848154068,0.8755528407090042
27077,0.7280407845973969,1.2908693552017212,0.16209809482097626,24.153581261634827,8.967391221077266,11.28854018559963,0.6404805131944041,1.2018826007843018,0.2,30.051721572875977,0.9376085334515992
27079,0.9065665081143379,0.8573908805847168,-0.07974867522716522,-16.243794560432434,0.9875436400885315,-8.819911512446083,0.8309831080284364,0.9180566072463989,0.2,23.882314137050084,0.9610817624325849
27080,0.9359375387430191,0.9514133930206299,-0.046687301248311996,-2.112213335931301,-4.776505395049082,-22.499020648759718,0.9255098746223996,0.9529933333396912,0.24,12.979825973510742,0.9687191162131014
27084,0.8867122903466225,0.8944085240364075,-0.010694701224565506,-11.29888966679573,-6.910896331111339,18.552301805037235,0.878802026622645,0.9830740690231323,0.2608695652173913,23.855362767758574,0.9429657838208112
27087,0.8232448548078537,1.0167323350906372,-0.1852862536907196,13.556759059429169,2.3426184745383534,-16.570053855349435,0.8724570170965849,0.894639253616333,0.6666666666666666,27.386181695120676,0.9300975352952983
27089,0.9212884977459908,0.9704851508140564,-0.034978434443473816,-3.427598997950554,0.3808531555918285,29.620141207817607,0.9345897023442485,0.9569973945617676,0.08333333333333333,16.58332645893097,0.9605265070905967
27090,0.8724417686462402,0.9406311511993408,0.008305171504616737,-6.061413511633873,-4.689917499900658,35.804089707098605,0.9104965113881098,1.0120060443878174,0.3333333333333333,25.099485891836657,0.9341056211506552
28001,0.7233404815196991,0.7887768745422363,-0.04407289996743202,-22.207093238830566,-7.200329656484042,-95.44286890414206,0.7337508250522992,0.929301381111145,0.65,47.2053861618042,0.8541400681496332
28003,0.8581614792346954,0.9091013073921204,0.07091732323169708,-11.143802106380463,-0.8908948774196598,-86.04388006228596,0.8629326519959334,1.0743398666381836,0.23076923076923078,19.139550282404976,0.929300142862498
28008,0.9141589924693108,0.9655405282974243,-0.014752097427845001,-5.460518971085548,1.578268942774144,-25.33875859619566,0.9427304066216124,0.9865648746490479,0.20833333333333334,18.799318869908653,0.956275309692241
28009,0.9496194608509541,0.9222602248191833,-0.04925793781876564,-6.433497369289398,-3.981946463892567,-5.073633402978967,0.9085306288862927,0.9574924111366272,0.44,11.121227264404297,0.9772782461989472
28012,0.755678191781044,1.0555684566497803,-0.003957647364586592,14.114558696746826,-12.582675003132632,29.6618451256834,0.8729100012595451,0.9970522522926331,0.6666666666666666,22.58591651916504,0.8857400980708279
28015,0.6058770716190338,1.2376657724380493,0.4112485349178314,24.280308187007904,-4.059444545823218,26.375956921491223,0.6387770828143393,1.2633676528930664,0.08333333333333333,16.830452283223472,0.9319231616396493
28018,0.9265462309122086,1.0661619901657104,-0.026411492377519608,5.817754194140434,4.5990944204530875,-37.31512697359869,0.9225179216520862,0.9755516052246094,0.17391304347826086,17.733111588851266,0.9679322667572007
28022,0.9318585842847824,0.9141280055046082,-0.041473936289548874,-9.72306802868843,1.0942400249367779,-7.194553376639712,0.9016909467072407,0.9646790623664856,0.5833333333333334,12.880561749140421,0.967702912122122
28023,0.9274984821677208,0.8631143569946289,-0.13413505256175995,-13.193535804748535,-2.971190924982653,-11.832414819779899,0.8318384105310825,0.9045472741127014,0.38095238095238093,22.574147723969958,0.9792775958826424
28024,0.9019174948334694,0.907487690448761,-0.047415900975465775,-4.333394765853882,-2.375655254032125,32.57802370673918,0.8724205178832032,0.9264765977859497,0.2608695652173913,22.174155193826426,0.951913555282629
28026,0.924356572329998,0.9866865873336792,0.022035013884305954,-0.807788223028183,-3.0501164777148615,9.828563307795276,0.9505355238848117,1.0287363529205322,0.22727272727272727,20.86642005226829,0.9620038230692494
28031,0.890034131705761,0.983503520488739,0.003543587401509285,-4.671473056077957,5.278140926677103,-16.065195222676024,0.9417166670844263,1.0039478540420532,0.43478260869565216,20.18064208652662,0.9442395524771833
28033,0.8296488523483276,0.8126553297042847,-0.05751979723572731,-20.388895273208618,-10.723967707223546,11.606530025000962,0.7867561852415261,0.9384815692901611,0.17391304347826086,23.480720105378523,0.9188188339112158
28039,0.8727883398532867,0.8750215172767639,0.08477906882762909,-11.754868924617767,-15.144899710619237,-6.854119621032455,0.7981613132712954,1.1468336582183838,0.038461538461538464,26.274317961472732,0.9403417136453552
28040,0.8704729080200195,0.9420502185821533,0.009507495909929276,-6.810778379440308,-5.698239799605559,21.281217025987754,0.9104156340774939,1.0137580633163452,0.23076923076923078,19.825401672950157,0.9330829084228499
28043,0.8864095956087112,0.8300483822822571,-0.054951541125774384,-19.728180766105652,0.494034497902262,6.954544231307895,0.8108053595078215,0.93299400806427,0.18181818181818182,29.001528566533867,0.9507937334194542
28044,0.7772463262081146,1.0826774835586548,0.04706018790602684,1.2770717963576317,14.086869749333067,13.646743038259121,0.8701249832973551,1.017082929611206,0.6666666666666666,17.83179101489839,0.9013079172789467
28046,0.9332181140780449,0.9311509132385254,-0.04357803240418434,-6.998714804649353,-4.66329231783772,-10.319433447326986,0.9184194592896492,0.9704663753509521,0.2727272727272727,19.017334417863328,0.9677052188458676
28048,0.8303703367710114,0.9023962616920471,-0.018527355045080185,-13.691642880439758,3.219027893840598,10.843964177905,0.8653287924222965,0.9721775650978088,0.2727272727272727,26.960414106195625,0.9114801912854367
28050,0.5872253477573395,1.149859070777893,-0.007167343981564045,8.683156967163086,-0.7590959271484645,14.576632930764314,0.7735221733199809,0.9940099716186523,0.375,24.647490183512367,0.8302985431904549
28052,0.7915066182613373,0.7974947094917297,-0.1212296187877655,-22.326117753982544,6.189074344944522,3.454239369728582,0.7447112769696014,0.8775757551193237,0.2916666666666667,26.797393957773846,0.9042072879178753
28055,0.8995444625616074,0.9390419721603394,0.01842447742819786,-7.772529125213623,-10.284954829458952,-3.0770739055393563,0.9166751379553744,1.0243409872055054,0.17391304347826086,25.721469132796575,0.9486709846332849
28056,0.8923907428979874,1.0446468591690063,0.06940090656280518,6.68051615357399,-12.387219240038663,13.938773697319279,0.8815824055326441,1.0984973907470703,0.13636363636363635,16.900490630756725,0.9517542886693852
28060,0.6847355663776398,0.7291383743286133,-0.13762128353118896,-27.066850662231445,0.9659184297292973,-14.024283169285315,0.6547349062448663,0.8501133918762207,0.2857142857142857,45.38764045352027,0.8471079812104522
28066,0.8000668585300446,1.0811293125152588,0.1385258138179779,5.712868273258209,1.813097806258688,7.135627413212483,0.7744866401603155,1.1943877935409546,0.2222222222222222,17.50240502534089,0.9194537658281674
28067,0.9292098209261894,0.8491244912147522,-0.02264239639043808,-17.952047288417816,-4.64996904906634,10.086025999365884,0.8448078257599282,0.9767963886260986,0.21739130434782608,25.373579108196758,0.9720217188990748
28072,0.810415506362915,0.8802845478057861,-0.018503932282328606,-11.632032692432404,23.596590638876716,-86.34894455483715,0.8430701996803848,0.9793843626976013,0.5,24.25993572581898,0.9006512796614614
28074,0.9468260742723942,0.9358400106430054,-0.03480985760688782,-3.743165358901024,-1.602053569086707,1.3952180837535288,0.9215334324073969,0.9627571105957031,0.34782608695652173,16.571295779684316,0.9744370349080121
28080,0.8655142337083817,0.9925634860992432,0.047676824033260345,0.21322558168321848,-2.7231566971500354,-27.723780251679553,0.9244982594477786,1.0348302125930786,0.10714285714285714,13.383948802947998,0.9334262260485426
28081,0.8259672373533249,0.9054375290870667,0.16146855056285858,-7.876569777727127,-14.650002233288365,50.63520249693104,0.801872744851004,1.1562654972076416,0.09523809523809523,23.710760203274813,0.9232312387089348
28082,0.9195430427789688,0.9620153903961182,0.027283925563097,-5.714638903737068,-6.3302911873727465,39.66757315830557,0.9330853143320961,1.0371466875076294,0.045454545454545456,20.40612264112993,0.9593199287305737
28085,0.9483846239745617,0.9138543605804443,-0.0466354601085186,-9.17971134185791,-1.8633311979931264,-6.355990518708256,0.9003837916364684,0.9555729031562805,0.13043478260869565,20.237518393475078,0.9770097663395692
28091,0.881402038037777,0.9692476391792297,-0.08917016535997391,-4.261685535311699,17.44387412015356,-17.65718607662574,0.9009147486672917,0.9247028231620789,0.28,19.534381866455078,0.9434092366560235
28093,0.9454540908336639,0.9170363545417786,-0.036764539778232574,-5.477982759475708,-9.19646516521508,-1.2290570631276139,0.9034462575539844,0.9575492143630981,0.2608695652173913,17.266748262488324,0.974749465125985
28115,0.8514404296875,1.019958734512329,-0.11363322287797928,0.5669925827533007,-5.485445275401881,-1.4640806739502354,0.9116042400644385,0.9450488686561584,0.037037037037037035,16.197271700258607,0.9336989256852979
28116,0.8014902323484421,0.8859071135520935,-0.12987473607063293,-7.027643918991089,-22.91875808779274,36.60397581677904,0.8316237133597735,0.9207794666290283,0.23076923076923078,24.762955078711876,0.9048291312577446
28117,0.9414198845624924,0.933116614818573,-0.07248808443546295,-8.537668734788895,8.387815571537459,-1.4420226402555467,0.9025303151140562,0.9341082572937012,0.15,19.680960178375244,0.9738230922077309
29002,0.7365362644195557,1.1442564725875854,-0.08571939170360565,19.63660717010498,-1.5174749297486763,-44.15871747411571,0.8172129841017184,0.9549542665481567,0.22727272727272727,24.613461287125297,0.8971795487494276
29003,0.8483305722475052,0.897754967212677,-0.13039259612560272,-12.244194746017456,0.5216506385207275,-19.888490645594473,0.8483568471050286,0.9119333028793335,0.4117647058823529,34.576864803538605,0.9308201189036601
29005,0.6873423159122467,0.6615470051765442,-0.1198837086558342,-40.3021514415741,6.526128155679014,-31.329918415010788,0.5756501652818349,0.7849695682525635,0.17647058823529413,54.14563814798991,0.861132199762224
29009,0.8629739582538605,0.8471971750259399,-0.05701655521988869,-7.9346343874931335,-14.176125367126163,-1.3598558456091174,0.8124679129223304,0.912981390953064,0.4,33.74586820602417,0.9348283647344191
30001,0.8852492719888687,0.899315595626831,-0.15116365253925323,-9.600529074668884,3.194963070361656,20.35595147640653,0.8186946783206323,0.85623699426651,0.09090909090909091,20.628763281780742,0.9545415731931721
30004,0.8200013041496277,0.9180670976638794,-0.0652979165315628,-6.272796541452408,-1.1774781065157254,24.48113074959231,0.8596910201057127,0.9329192042350769,0.56,31.461260868952824,0.9079468838479658
30005,0.8147509396076202,0.8809735178947449,-0.18821987509727478,-7.314363867044449,5.6352651597188075,-22.94961033920059,0.7916288745111222,0.8472796082496643,0.35,28.220233917236325,0.9230084131948623
30011,0.9095945134758949,1.0051729679107666,0.023557603359222412,-0.03531254478730261,2.1070971432608117,-38.89082301467687,0.9498183297651608,1.0222501754760742,0.36363636363636365,23.3029690655795,0.9553192421523959
30012,0.5959478616714478,1.2821202278137207,0.11414539068937302,32.101354002952576,-25.208519834460187,-5.156487495973273,0.641462444105924,1.1849509477615356,0.3,41.1285400390625,0.8785483513206112
30014,0.7611481845378876,0.8644757866859436,-0.04632839187979698,-13.131125271320343,6.957266823384025,-2.514540660156735,0.7966925426460763,0.916217565536499,0.3181818181818182,37.04248511272928,0.8737161392073681
30015,0.8851253837347031,0.9078449606895447,-0.022696603089571,-9.773781150579453,-2.4723309097972224,-28.447869649412567,0.8897218029888458,0.9835970997810364,0.11764705882352941,24.024475322050208,0.9416932737145525
3003,0.8753977343440056,0.9098337292671204,-0.026412315666675568,-7.914445549249649,-13.674338751852137,46.10823869643419,0.8839965232302129,0.9642393589019775,0.06666666666666667,23.90899658203125,0.936375894559829
31002,0.9062103405594826,0.9928134083747864,-0.004242539405822754,-1.1249665170907974,-12.034615483156877,-8.773645458891528,0.951791280236998,0.9933165311813354,0.125,23.61060082912445,0.952800796547505
31006,0.7945440113544464,0.9891185760498047,0.19396547973155975,-1.867963746190071,-1.860458533855398,28.4448212928338,0.8565275085785813,1.1152315139770508,0.9230769230769231,19.36888511364277,0.915219998855615
31010,0.8999184817075729,1.024462342262268,-0.0056381830945611,0.3646091790869832,8.527864401008824,-107.23489378641227,0.9451319524803687,0.992508053779602,0.2727272727272727,24.398025599392977,0.9514616935658976
31021,0.8617831319570541,0.9548138380050659,-0.009113612584769726,-5.445064604282379,-0.7385027645960738,-1.9350580508857271,0.914171959219706,0.9843224883079529,0.3684210526315789,34.62078194869192,0.9287337458856079
31023,0.6615473330020905,1.0403327941894531,0.15514852106571198,0.5853293463587761,-87.38187080647697,-469.0099823988536,0.48554227630627267,1.4903523921966553,0.125,35.801855723063156,0.8496851748894332
31025,0.8418636322021484,1.0102362632751465,0.05608087033033371,1.9064594060182571,-27.319257072615887,-908.850649774622,0.8555823065987591,1.1219637393951416,0.2857142857142857,32.82502265203567,0.9233414365236949
32003,0.9020925462245941,0.9627525210380554,-0.019266508519649506,-3.0539702624082565,2.1774183025033413,-14.897297786156283,0.925634576612224,0.9593871831893921,0.3333333333333333,23.615717887878418,0.9500656369087311
32004,0.8707675635814667,0.9059942364692688,-0.03207112103700638,-9.441957622766495,-5.571470596023998,92.05270968564383,0.8769617252819943,0.9557092785835266,0.47368421052631576,28.586287247507197,0.9341238627043447
32006,0.6470584869384766,1.1487376689910889,-0.014063338749110699,8.64662453532219,6.236044793255818,-12.318563760732806,0.7923951390862491,0.9836322665214539,0.18181818181818182,20.973719721255097,0.8560938451667532
32008,0.7653818577528,1.0420550107955933,-0.01924755796790123,-2.7531959116458893,-3.560487108935954,9.950594421869898,0.8781331829886313,0.9747045040130615,0.2857142857142857,26.147483644031343,0.8884516470841468
33006,0.8696888834238052,0.8605585694313049,-0.08865173906087875,-11.372998356819153,-14.06634381247005,-4.476300425427147,0.837451359597968,0.9417232275009155,1.0,25.293673967060286,0.9401504743160412
33007,0.8474250435829163,0.9243595004081726,-0.025259438902139664,-7.463861256837845,-11.953919675033847,29.792495008643066,0.889831522289749,0.9873367547988892,0.29411764705882354,23.03638738744399,0.9209098582409327
33012,0.7969874441623688,1.1329715251922607,0.04748154804110527,10.029888898134232,-26.72132281606377,53.67181376664415,0.8092107197089686,1.1104142665863037,0.2222222222222222,37.52018345726861,0.9192051196162631
33013,0.8649928569793701,0.9109036922454834,-0.12969163060188293,-7.350988686084747,-6.537778526471849,3.978968281145339,0.8305188738157738,0.8691433072090149,0.75,24.555320739746094,0.939483671385387
33014,0.8982362970709801,0.9482885599136353,-0.07372775673866272,-4.778045415878296,-1.9986444588710697,32.848233959899254,0.9097573517736077,0.944943368434906,0.09090909090909091,13.111912120472303,0.9506195398582375
33018,0.7631390243768692,1.0179433822631836,-0.027820512652397156,-8.712569624185562,13.317021654867887,-23.36918818774836,0.87649641053565,0.9610068202018738,0.3181818181818182,27.615651217373934,0.8841954078079501
33019,0.9128115922212601,0.9038485884666443,-0.10046190768480301,-8.264017850160599,-7.4697913257196715,14.212936676707264,0.8730994014844942,0.9261769652366638,0.9444444444444444,18.30499834484524,0.9624656490389388
33020,0.6544328033924103,0.6334773302078247,-0.0370141826570034,-40.19884765148163,-16.912142832093398,88.18094295355489,0.582646129490521,0.8886052370071411,0.0625,47.66740798950195,0.8343600515110444
33021,0.8658201992511749,0.9529457688331604,0.0507827028632164,-8.06170180439949,-10.424437665789693,-2.894353066228931,0.8989343065107831,1.0582358837127686,0.2,23.335981369018555,0.9321121838770251
33022,0.9191989228129387,1.0089167356491089,0.10991170257329941,0.4494108725339174,-9.691935651782794,20.248385022596402,0.8949278807202482,1.0990124940872192,0.14285714285714285,13.840014593941824,0.9659828265440722
33023,0.8357215523719788,0.9865450859069824,0.06078723445534706,2.5794051587581635,-25.445300065415477,-86.26929252281056,0.8874496399490253,1.076665997505188,0.058823529411764705,19.57044461194207,0.9187050206907703
33024,0.8578229397535324,1.039002776145935,0.13985754549503326,6.2068872153759,-19.25198662953451,-11.543840533346621,0.8416954601807142,1.1419265270233154,0.25,14.735952019691467,0.9417250336129994
33026,0.9406061097979546,1.0094865560531616,0.03773963078856468,2.52701248973608,-4.813059512686442,6.69443538043453,0.9427163613064059,1.0486782789230347,0.8235294117647058,20.335303412543404,0.9713321490634597
33028,0.801694706082344,0.8531898260116577,-0.048388343304395676,-8.688047528266907,-3.341974621196574,-7.504797170533753,0.8169118631275303,0.9610004425048828,0.17391304347826086,22.762906033059824,0.8977890749864285
33029,0.8822191953659058,0.9255328178405762,-0.1010650247335434,-11.27261072397232,15.372085844335901,17.1644925432745,0.8802526432713538,0.9241289496421814,0.3157894736842105,26.414698048641803,0.9448851023557677
33031,0.7208184897899628,0.652367889881134,-0.09121967852115631,-38.02918493747711,19.064377135391442,9.363707522748735,0.5753643156419208,0.7849463820457458,0.09523809523809523,44.115725017729254,0.8850246902620191
33032,0.7738258093595505,0.9305369257926941,-0.19163472950458527,-12.290391325950623,11.291004483276778,-47.08218643581166,0.840794093692085,0.8966556787490845,1.0,21.667816638946533,0.9007964053565474
33033,0.8054599612951279,1.0084599256515503,0.15081238746643066,3.264128789305687,-15.587822979532312,-4.5240087729394824,0.8758079790375549,1.090016484260559,0.34782608695652173,23.264953364496645,0.9148582341616339
33034,0.8543473333120346,0.8196977376937866,-0.11760016530752182,-15.362800657749176,-10.274534877209259,12.265691371264195,0.7890634640492596,0.9088110327720642,0.8333333333333334,18.96484692891439,0.939420394008694
33035,0.8117786645889282,1.0374730825424194,-0.022217651829123497,6.96382150053978,1.542308086072844,84.63908585266763,0.901101381811048,0.9823013544082642,0.875,30.34472068150838,0.9102032143745042
33039,0.9450497329235077,1.021626353263855,-0.007068929262459278,2.1874604746699333,8.260835769483574,-12.1709106812182,0.9646954998314922,0.9916927814483643,0.631578947368421,17.06015436272872,0.9733598292687439
33053,0.8539599180221558,0.9844687581062317,0.05219235643744469,-2.5841543450951576,-24.339978264877566,-3.8566595557460426,0.8882398278511847,1.0834791660308838,0.16666666666666666,26.130480515329463,0.9273340145407892
33054,0.625801682472229,0.9145739674568176,-0.43417099118232727,-10.71571260690689,6.844367070207105,-44.66677256259397,0.7877749873681742,0.8319827318191528,0.6153846153846154,24.240336051354042,0.9024702786656547
33058,0.8537629842758179,0.8289086818695068,-0.035751111805438995,-23.408643901348114,6.0032242427698845,19.870644192334055,0.8084927504755666,0.9496691823005676,0.16666666666666666,32.19458791944716,0.9302175074213418
34002,0.8679005652666092,0.8159681558609009,-0.161110982298851,-16.069163382053375,-11.874908735821721,10.363793515400625,0.7444412575390766,0.8282992839813232,0.14285714285714285,25.168748128981814,0.9557121313490413
34003,0.824964627623558,0.9739369750022888,-0.1561337411403656,-5.5411446839571,7.372831316598854,12.61574995400393,0.8912634564722224,0.9277782440185547,0.2916666666666667,19.259766737620033,0.9230040742032832
34004,0.5556899011135101,1.2737165689468384,0.0164838507771492,31.03792667388916,20.00939855812607,37.93379521681458,0.6901696356079715,1.0088722705841064,0.8571428571428571,24.953887576148624,0.8551021829082638
34005,0.6967418491840363,1.0315831899642944,0.19751089811325073,3.6229871213436127,-18.299517113228088,26.417452856048108,0.7585842415966293,1.2024933099746704,0.3181818181818182,31.537571820345793,0.8724048201041434
34006,0.8657672703266144,0.838951826095581,-0.06278117746114731,-11.248787492513657,-15.225562000372358,19.346664318908203,0.8009603160084784,0.9009432196617126,0.23809523809523808,27.015329542614165,0.9378064653319245
34007,0.8897090777754784,0.9259375333786011,-0.058982253074645996,-9.172456711530685,-10.335107145978423,-15.361972372558649,0.8612111189318132,0.8961573839187622,0.2,28.495500087738034,0.9452842286765678
34008,0.46223098039627075,0.8135344982147217,-0.5298119783401489,-15.10063260793686,-5.727455982451069,41.49348160651543,0.7053298100676975,0.8172579407691956,0.18518518518518517,26.380996350888854,0.8633746829215433
34010,0.7882483005523682,1.0559231042861938,-0.03336548060178757,11.90229058265686,-9.403611342365766,38.829179187006524,0.8764482365766717,0.9501751065254211,0.1875,24.52815532684326,0.9017395061977783
34011,0.8094544112682343,0.8604477643966675,-0.11270789802074432,-10.095752030611038,-20.877114440756433,-17.476890229063173,0.8176750276509721,0.9272076487541199,0.5238095238095238,20.593854359218053,0.9079736848489404
34012,0.6487440764904022,0.8678892254829407,-0.32803061604499817,-16.390953958034515,1.3451794651619549,-14.55804368471835,0.7611713303535185,0.849654495716095,0.5,30.94641367594401,0.8696845901543904
35003,0.7217573821544647,0.7373745441436768,-0.07854871451854706,-25.20413100719452,-14.785042791423567,-42.35609510580194,0.6624863609227956,0.838826596736908,0.3333333333333333,45.57162160458772,0.8622812264795082
35008,0.8595287203788757,0.8980615735054016,-0.04670029133558273,-10.220444947481155,-14.065516860025454,-55.79311715021643,0.8488304880954671,0.9140340089797974,0.2727272727272727,29.504319895868715,0.9287916653672164
36003,0.8667153120040894,0.8461176156997681,-0.059998076409101486,-13.212959468364716,-11.048658459593447,22.39582119858331,0.8125921446243874,0.91329425573349,0.3888888888888889,31.7355473836263,0.9373579217318517
36006,0.9309986978769302,0.9604201912879944,0.009323823265731335,-0.8384646847844124,-7.486702966731825,58.34950628014697,0.9457652525401765,1.0120635032653809,0.13636363636363635,19.88599733872847,0.9649383619418884
36009,0.8187100738286972,0.7992907762527466,-0.023662766441702843,-17.584633827209473,-25.636135574059267,-12.427534862745473,0.77454883133805,0.9468467831611633,0.3,31.203770637512207,0.9121434550332325
36010,0.815526619553566,0.838790774345398,0.02436991035938263,-11.58241182565689,-39.638111521681694,-8.057466430111472,0.8005444417011589,1.0702556371688843,0.17647058823529413,39.89973068237305,0.9058817193838515
36011,0.8602073043584824,0.8891380429267883,-0.018743988126516342,-10.974765568971634,-6.358306959534402,-52.13450059915564,0.8637713050102247,0.9660103917121887,0.20833333333333334,27.13619867960612,0.9284976200329265
36012,0.6125120520591736,0.8630549311637878,-0.02660886012017727,-3.217274323105812,-42.80163858283846,-16.401780389573066,0.7439624483424958,0.9633631706237793,0.48,34.0806770324707,0.786788793180396
37001,0.9309439733624458,0.9490806460380554,0.010725032538175583,-2.443782612681389,-6.182275115561464,11.780138967600703,0.9354454049801854,1.018781304359436,0.2631578947368421,22.489836341456364,0.9650460626419753
37003,0.8390501439571381,0.7582662105560303,-0.05384222790598869,-22.472567856311798,-16.45537373930041,23.30425225887584,0.7325485812604036,0.9062966108322144,0.3,34.29724454879761,0.9343135380359702
37005,0.9173272177577019,0.9088627696037292,-0.011941485106945038,-8.635613322257996,-10.948160004583379,50.61048415438667,0.8984708979576667,0.9817028641700745,0.2916666666666667,24.586689472198486,0.9591664523015591
37008,0.9184005334973335,0.938052237033844,-0.01329027023166418,-5.985460802912712,-3.5915581754704524,10.32287737294592,0.9229439703701454,0.9802537560462952,0.23529411764705882,20.194115358240463,0.958645529679045
37009,0.8191420137882233,0.8359361290931702,-0.008986357599496841,-10.813982784748077,-3.205989968004825,0.5371300885363522,0.8115301119430771,0.9883959293365479,0.24,22.70400047302246,0.907971251712882
37010,0.847199559211731,0.8563156127929688,-0.0460098460316658,-13.593196868896484,-19.59738673675838,29.066121322565486,0.8254980023870263,0.936434805393219,0.3157894736842105,24.77564811706543,0.9240710195086208
37011,0.8907347619533539,0.9792774319648743,0.03701217845082283,-1.8449053168296814,-11.32440170842387,51.938345423556164,0.9083187326602258,1.0704649686813354,0.1111111111111111,34.434123039245605,0.9451299886659831
37018,0.8228781223297119,0.979247510433197,-0.007212635595351458,0.9968343190848827,-6.373904794106314,29.200475664270332,0.9068550334535637,0.9894714951515198,0.2962962962962963,21.913765094898366,0.9098087057672859
37019,0.8289414942264557,0.9823452234268188,0.0064545851200819016,-0.25489386171102524,-8.529453431308806,15.549403982932247,0.9107821173944878,1.0099432468414307,0.25925925925925924,30.496346509015122,0.9131134574113321
37020,0.894046738743782,0.8747444748878479,-0.07005377113819122,-12.47795894742012,4.016983095356858,-15.494815290717117,0.8202662923405389,0.8806901574134827,0.11764705882352941,25.42722490098741,0.9512104462013015
37031,0.7307489812374115,0.7129567861557007,0.02920231968164444,-19.263197481632233,-26.630183721179495,40.755606421781735,0.6768111574965547,1.0710008144378662,0.32142857142857145,35.03734384264265,0.8695542041543219
37033,0.813454806804657,0.8811431527137756,0.11662200093269348,-8.712778240442276,-51.21115651848173,24.688822274011674,0.7471852670366457,1.2041242122650146,0.3103448275862069,28.78622844301421,0.9098798300950418
38001,0.895041435956955,0.8826503753662109,-0.08149608969688416,-12.129927426576614,5.486540868306671,30.486360802540467,0.8397204336226578,0.9018937349319458,0.09523809523809523,21.5918154943557,0.952106725411449
38003,0.8008275628089905,0.8160914778709412,0.03796171024441719,-14.997456967830658,-19.53672008591458,-14.225755080964003,0.7892681162322707,1.022377848625183,0.47619047619047616,24.11130496433803,0.8995768243107715
38004,0.8679756969213486,1.0217701196670532,0.030758729204535484,-1.3213871978223324,19.25112264166988,21.13705382120813,0.9142666149767985,1.0528364181518555,0.11764705882352941,16.895784272087944,0.936089217544291
38007,0.8086197823286057,0.9863333702087402,0.09306631237268448,-3.802640363574028,-15.272757489449143,24.80438147218026,0.825922817376757,1.1468133926391602,0.14285714285714285,26.2452449117388,0.9074693754372406
38012,0.5760445594787598,0.6833231449127197,0.02294200286269188,-24.469302594661713,-32.18163065800509,-1310.9160321834634,0.6016959777081703,1.0495257377624512,0.17857142857142858,37.820822851998464,0.7635490221526564
38014,0.8534141480922699,0.8054516911506653,-0.009277681820094585,-20.553241670131683,-22.383337508136513,15.645070313958668,0.7934011757929226,0.9831205010414124,0.15384615384615385,31.701062275813175,0.9325528932976529
38017,0.5911892652511597,1.0782424211502075,0.33414846658706665,13.257309794425964,-19.208200187731226,91.53787069958125,0.6987004819989884,1.2577712535858154,1.0,21.966272592544556,0.8650425848462088
38018,0.8485469669103622,0.8747865557670593,-0.05316149443387985,-8.989958465099335,-10.500387295264156,12.719910440644759,0.8501958550516766,0.9685590267181396,0.4230769230769231,18.256095739511345,0.9240109190336409
38021,0.8040551394224167,0.7730403542518616,-0.01924269273877144,-24.109776318073273,-9.268333325817766,-816.6759170728269,0.7506727239484421,0.9556053280830383,0.17391304347826086,39.18728206468665,0.9068199437081378
38026,0.9005168676376343,0.8964864015579224,-0.06101971119642258,-8.127517998218536,-5.204515365490154,28.43890489503021,0.8498726015453447,0.9021564722061157,0.21739130434782608,27.753875566565473,0.952567787599749
38029,0.791788786649704,0.9426281452178955,0.08963857591152191,-2.1705659106373787,50.29244014932074,-688.2511804564423,0.7265558309077805,1.246117353439331,0.29411764705882354,21.781913439432778,0.8955661346812499
38030,0.8502678871154785,0.8750450611114502,0.0652008131146431,-9.809031337499619,-25.2993285357817,-12.697635027694954,0.8391331903237347,1.0689772367477417,0.30434782608695654,28.51240116616954,0.9257939725263201
39001,0.9324301108717918,0.9366464614868164,-0.03542162850499153,-4.445870220661163,-2.30988381859455,9.728224552766804,0.9190529873419766,0.9621493816375732,0.5,16.787610270760275,0.9667422384141884
39002,0.9333225712180138,0.941312849521637,-0.07053336501121521,-4.7101713716983795,1.1531863620094442,9.104295790528436,0.9018400086420824,0.9276564121246338,0.6666666666666666,14.996850490570068,0.9690547650609077
39004,0.5722460746765137,0.6964455842971802,0.20095789432525635,-24.395811557769775,-24.117161499642087,-33.8990236702839,0.587633355336989,1.1815978288650513,0.25,30.13205925623576,0.7880490743368901
39005,0.7534828931093216,1.1142321825027466,0.1925840824842453,13.153743743896484,-3.694579453378292,80.93146900692632,0.7955843422228162,1.144813895225525,0.13793103448275862,19.06071695788153,0.9118767603026952
39006,0.8888693451881409,0.8873503804206848,-0.11270757764577866,-19.377541542053223,5.069136764294974,19.46171428062958,0.8521294687983072,0.9172848463058472,0.7222222222222222,19.14446089002821,0.9516889189123341
39007,0.9049853608012199,0.8617940545082092,-0.0750206857919693,-13.536739349365234,-8.605653261814458,12.982538634659965,0.8412258082127163,0.9333257079124451,0.2,21.474262237548828,0.9592213366691758
39008,0.929325744509697,0.9504128098487854,-0.07429617643356323,0.6709394510835409,0.3593317189543861,31.99028165769685,0.9051232423838683,0.9261432886123657,1.368421052631579,19.902475256668893,0.9670167331566264
39010,0.8366995602846146,0.8530871868133545,-0.03662071377038956,-1.083111297339201,-33.162881432227486,19.97166965810949,0.8302582074217326,0.9785599112510681,0.29411764705882354,15.961672278011546,0.9177247056297745
39011,0.9064415991306305,0.9623353481292725,-0.06347345560789108,-6.04565404355526,-5.859788939048187,-2.16327651909104,0.9192041301693372,0.9451040625572205,0.3181818181818182,20.156856016679246,0.9542202814182008
39012,0.7508510500192642,0.787421464920044,-0.25540807843208313,-20.21496295928955,-7.6595582134590074,28.849396799346223,0.7220779585942064,0.8441430926322937,0.3333333333333333,27.526885491830335,0.9119111133672484
39014,0.7574169486761093,0.924310564994812,-0.2109978049993515,-8.03508535027504,-10.656558074011162,-27.07696368447158,0.8012686385511987,0.8485386371612549,0.25,29.113277792930603,0.8959580900842379
39015,0.8022247701883316,0.8123493790626526,-0.2162957638502121,-14.232052862644196,-12.994946971331261,4.109096595450932,0.7699366950948566,0.8875804543495178,0.4117647058823529,26.097558526431815,0.9287384080907249
39016,0.9303879737854004,0.8916128873825073,-0.10688675940036774,-10.014932602643967,-9.211664516149908,-17.919108361681204,0.8699024430195657,0.9329224228858948,0.3888888888888889,14.280268881056044,0.9739575961320464
39017,0.7620802372694016,0.8810672163963318,0.08468012511730194,-8.68721604347229,-85.23573539761524,-113.4747118510528,0.698862196850907,1.2478493452072144,0.3333333333333333,37.07831799983978,0.8770785960456846
39019,0.8917051255702972,0.8367303609848022,-0.14343996345996857,-18.054641783237457,-10.793008730153437,-13.845240484015717,0.8136738664810451,0.9179694652557373,1.2222222222222223,21.121750937567818,0.9635110375929827
39020,0.919291615486145,0.9027095437049866,-0.12746551632881165,-7.495219260454178,-4.330462954538178,8.727169805912448,0.8682356358976113,0.9165223240852356,1.6,18.67145538330078,0.9695386739440897
39021,0.8877517953515053,0.8969321846961975,-0.03904052451252937,-10.236668586730957,-0.5437203824558591,5.929883460631664,0.8765050434882026,0.9610875844955444,0.5238095238095238,22.33098575047084,0.9441980855887487
39022,0.8831613063812256,0.9555701017379761,-0.07046590000391006,-4.6065304428339005,2.6794915938136037,17.56524471285793,0.9092086431883857,0.9455731511116028,0.25,22.32698599497477,0.9424954546822633
39023,0.7628790438175201,0.8257606625556946,0.03322611376643181,-21.718016266822815,-14.661969590557437,-55.66608384096118,0.7853415853305047,1.0145642757415771,0.05263157894736842,17.400658758063063,0.8754738174217415
39025,0.8711887747049332,1.0052684545516968,-0.02584751695394516,1.5288684517145157,-8.935948352256112,24.114472819132896,0.9265011361576595,0.9637531042098999,0.09090909090909091,19.70550146969882,0.9362780342555784
39027,0.6214182376861572,0.6808984279632568,-0.1622629016637802,-36.616021394729614,-10.490999569750741,-16.45375239928693,0.6085672207133601,0.8674228191375732,1.1875,35.91420650482178,0.8161057408772261
39028,0.8705384880304337,1.0983353853225708,0.2182432860136032,12.103260308504105,-12.241295501524121,-41.66136517491135,0.8345135422439257,1.1289836168289185,0.5384615384615384,14.56005756671612,0.967149637995218
39029,0.7231696248054504,1.0415191650390625,-0.05337574705481529,11.296337842941284,-30.786842042936158,24.750824075031538,0.8607100157208037,0.9756112098693848,0.18181818181818182,17.21703681078824,0.8692978746503232
39034,0.956277534365654,0.9980290532112122,-0.027638837695121765,5.862927436828613,1.0296879520228757,8.142000979195842,0.9667686154592078,0.9747543931007385,0.47619047619047616,11.461783590770903,0.9784802504767892
39035,0.9212565943598747,0.9331746697425842,-0.07543794065713882,5.469122529029846,-2.341478770212947,63.34499713115609,0.8979723230055584,0.9322245121002197,0.9444444444444444,18.256813950008816,0.9632507775753533
39036,0.49509650468826294,0.8008363842964172,0.16598573327064514,-1.4682007022202015,-67.12865677589166,41.39620371403081,0.6558534134153329,1.0639944076538086,0.45454545454545453,21.056647734208543,0.7267319209516201
39037,0.9224236533045769,0.9639658331871033,0.022541552782058716,-5.663843080401421,-7.809383263861772,-48.08407413518266,0.942888573430859,1.0204616785049438,0.75,29.713507493336994,0.9606989366604027
39042,0.9198145046830177,0.9271410703659058,0.020500890910625458,-5.146132409572601,-10.31250434996324,44.18930611144632,0.9145319876912458,1.0195963382720947,1.2,23.891941706339516,0.9598460334847341
39049,0.8641389310359955,0.9420039653778076,-0.029143406078219414,-7.555259019136429,1.2722958560261055,-117.15768313611723,0.9005928391425508,0.9595587253570557,0.11538461538461539,18.992264454181377,0.9301233450779577
39052,0.8557576090097427,0.9350841641426086,-0.03414015844464302,-6.491456925868988,-11.236651013218445,60.481033783896144,0.8921870302892225,0.9564536213874817,0.14814814814814814,20.157416661580406,0.9257485111090125
39054,0.8458867818117142,0.9894551038742065,0.07775209844112396,-1.2918184511363506,-31.42288684917755,18.42657783210269,0.80984984960288,1.174515962600708,0.5,41.407954692840576,0.9252332717093232
39056,0.8296025097370148,0.8688429594039917,0.16064466536045074,-9.967955946922302,-34.73815710303084,28.57551545971801,0.7487285334388634,1.20139741897583,0.26666666666666666,24.919023513793945,0.9266906538035196
39061,0.7821309566497803,0.9522714614868164,-0.1669670045375824,4.174164682626724,-0.5337672339535341,1.6273077498232955,0.8430695732303577,0.8875947594642639,1.7777777777777777,26.802330017089844,0.9014393214430779
39065,0.7882595509290695,1.058554768562317,0.11205720901489258,26.431459188461304,-27.203591276470434,-3.985350075609525,0.8666268805056698,1.0762250423431396,1.5,13.888269662857056,0.9075366504930255
39069,0.8569913804531097,1.0035008192062378,-0.03713817521929741,1.2424598447978497,-7.778707729015006,60.939408880843295,0.9072525270731444,0.9399091601371765,0.3076923076923077,32.92770032529478,0.9294384739125949
39072,0.933122918009758,0.9460424780845642,-0.03782123699784279,-4.084457084536552,-0.56031798402005,-24.79304439236155,0.9290554077632884,0.9679164290428162,0.95,11.839674711227417,0.9669490473508872
39078,0.9058136567473412,0.9136205315589905,-0.07579294592142105,-7.058083266019821,3.139788268718037,21.45299076120101,0.8742519020622189,0.9200809597969055,0.38095238095238093,21.58383641924177,0.9556816225496174
39081,0.9029635414481163,0.9217314124107361,-0.12409453094005585,3.728567808866501,0.5354297648326801,26.43375906421319,0.8458257380220827,0.8736438155174255,0.5454545454545454,23.639672452753242,0.9590384827402254
39087,0.8345146328210831,0.9957342147827148,-0.0779547467827797,-3.127676621079445,3.4407916818636552,15.095292543600516,0.8860668050769235,0.9190263748168945,0.32,26.62546546370895,0.9199634583045614
39088,0.7799202799797058,0.8472469449043274,0.203103169798851,-19.627565145492554,-10.747678306854437,27.24563073812949,0.7797610617728492,1.1294251680374146,0.625,16.71312153339386,0.9082349742611698
39095,0.8150533437728882,0.8333322405815125,0.062101852148771286,-14.393582940101624,-33.104482831149106,38.763987953251025,0.7908633768079576,1.0865929126739502,0.2962962962962963,21.188246762311017,0.9080127584649202
39099,0.9440023750066757,0.8761482834815979,-0.02621178701519966,-16.268275678157806,-3.812715182392975,82.20787089069276,0.8715700255573353,0.9748072028160095,0.875,15.596497058868408,0.977189177550224
39101,0.8857873752713203,0.8099825382232666,-0.09759959578514099,-22.2068652510643,-10.813523759827644,-707.9144330186538,0.7749326229564611,0.8870553970336914,1.0,23.495819833543568,0.957665556694707
39105,0.9193364381790161,0.9947696328163147,0.01774541847407818,0.5977791734039783,-7.224361747799518,22.58266382462672,0.95388520323763,1.0216641426086426,0.7222222222222222,23.626160621643066,0.9596281946825398
39108,0.8681607395410538,0.7885145545005798,-0.13303935527801514,-24.798794090747833,-9.001461237516258,81.55756702911259,0.756180361769967,0.8869311809539795,1.0,25.006085634231567,0.9559844971848072
39114,0.6827570497989655,0.7049458026885986,-0.128175750374794,-27.30635702610016,-13.62265563338969,-11.290229440996418,0.637462147557815,0.8537454009056091,1.0,46.28143310546875,0.8483876411829989
39120,0.7911203801631927,0.7466739416122437,0.01734299026429653,-18.222104012966156,-48.061033744450334,-71.10884148483404,0.7268144855244012,1.0332505702972412,0.3,39.95161533355713,0.9033013286754733
39125,0.6117629706859589,0.91554856300354,0.32151931524276733,-4.586260765790939,-56.25429276621644,-71.32140430739462,0.44090607870048604,1.5314592123031616,0.42857142857142855,30.31362124851772,0.8483257659277519
39127,0.38794922828674316,1.4740564823150635,0.30775514245033264,43.3495968580246,34.461982159160485,74.64622045697583,0.4742157369425847,1.2046178579330444,0.375,37.61335611343384,0.9007474178230628
39141,0.880972720682621,1.007546305656433,-0.05227755755186081,1.6102846711874008,0.8649279105024773,-18.952325675494595,0.925664997718784,0.9537250399589539,0.2,18.633125045082785,0.9423166063040006
39142,0.8863200321793556,1.012202501296997,-0.01773015968501568,-6.68957382440567,7.988241540837096,-6.850514757925476,0.9420333408146729,0.9908608794212341,2.3846153846153846,18.215395854069634,0.9440740756513455
39143,0.754300907254219,1.2044004201889038,0.12205731123685837,16.53173267841339,13.167764348474991,-8.075526988313941,0.7633478523530612,1.0898163318634033,0.4,18.883298635482788,0.9215287712399567
39144,0.8209324330091476,0.6894400715827942,-0.08797921240329742,-33.47686231136322,-14.091471526383732,-9.393891544173432,0.6745498558099621,0.9192453026771545,0.42857142857142855,41.400677817208425,0.9456952481350659
40003,0.8974958583712578,0.9406642317771912,0.022125916555523872,-8.718156814575195,7.36020280056056,4.650065309357876,0.9108639353044704,1.041032075881958,0.10526315789473684,29.519717693328857,0.9476466487449754
40004,0.7659998685121536,1.2685999870300293,0.06502839922904968,29.065632820129395,-7.557621320678061,8.850672743389715,0.7004862493703643,1.1170594692230225,0.18181818181818182,44.99567280644956,0.9378742046415185
40005,0.9164055436849594,0.9071839451789856,-0.0002758217742666602,-10.50557941198349,5.089006654090168,83.5927348785933,0.8983971685895097,0.9992765784263611,0.26666666666666666,19.924030584447525,0.9586745601436869
40006,0.6400204002857208,1.041149616241455,0.16710245609283447,4.930666461586952,-42.65036312080059,29.73712491120903,0.6552741779091047,1.303268551826477,0.6666666666666666,98.89442324638367,0.8413469604057459
40007,0.8677146285772324,1.0864641666412354,0.09169970452785492,7.878977060317993,-10.917949037319072,30.483884094233765,0.811147335343219,1.1591216325759888,0.4,23.97278149922689,0.9464315122356876
40009,0.8452014774084091,1.010664463043213,-0.003769373521208763,1.6106829047203064,30.79304500766934,79.29034446073254,0.9225073787033911,0.9939852356910706,0.3157894736842105,21.625361442565918,0.9234807331861601
4001,0.8629798591136932,0.9352272152900696,-0.024113181978464127,2.93461661785841,-14.913846176008438,13.412946293204083,0.9024862529305812,0.9822582006454468,0.5357142857142857,26.086022172655376,0.929298898282259
40010,0.8921202793717384,0.9915215373039246,0.05181374028325081,0.8422676473855972,-15.447406670729572,43.03710996185408,0.8774784639864891,1.1101338863372803,0.15,25.588217235746836,0.946988967773978
40011,0.9335875660181046,0.959736168384552,-0.018673768267035484,-0.13981646625325084,-8.695412371601616,-40.67560021703358,0.9447430827743638,0.982535719871521,0.125,15.812498092651367,0.9664269500265813
40012,0.8397061675786972,0.8863363265991211,-0.24458348751068115,-10.199128836393356,16.891201294014937,-74.3165644346632,0.7513763856604209,0.7844661474227905,0.2631578947368421,19.033051791944004,0.9506094204374977
40013,0.8089316487312317,0.7186412811279297,-0.15638798475265503,-30.61774969100952,-5.831186788284144,5.107651025681266,0.6361309748709332,0.7774329781532288,0.38095238095238093,31.87648001171294,0.9391570912159549
40016,0.7776918113231659,0.7484179735183716,0.05390976741909981,-19.33235377073288,-31.428023370564052,44.94722601847413,0.7242929465431145,1.042941689491272,0.34615384615384615,31.92330507131723,0.8957077443866981
40017,0.7756672203540802,0.724392294883728,-0.02404576539993286,-33.057454228401184,-0.5552429055053066,-32.397905502015426,0.7024851909678808,0.9536449909210205,0.17391304347826086,46.0759453151537,0.8979869243319849
40018,0.6223523020744324,0.9273679852485657,-0.5025196075439453,-6.410092115402222,20.639065541725017,-77.27271297112593,0.6752683984946086,0.6901614665985107,0.15,22.422516345977783,0.9353835418100158
40020,0.8126384019851685,0.8158725500106812,-0.028947290033102036,-23.775675892829895,5.336998757313462,-29.969311381303264,0.7874442350806046,0.9497131705284119,0.19047619047619047,35.7376597144387,0.9064678122644637
40021,0.737457275390625,1.05902099609375,0.050132423639297485,2.4514785036444664,7.433310535840238,24.994256177761727,0.8383947485861524,1.0892285108566284,0.5789473684210527,35.5149971811395,0.8788758812005512
4003,0.8411562889814377,0.8192279934883118,-0.05642418935894966,-18.75091642141342,-11.084364568531178,20.22261441493603,0.7930745678842483,0.9328754544258118,0.2608695652173913,33.185658247574516,0.9249406135151145
40033,0.8654442578554153,1.0445057153701782,-0.029973313212394714,-5.810682103037834,43.27180186536117,-75.7423573140876,0.9207669140061316,0.9820008873939514,1.0,23.531527519226074,0.9369670311591212
4005,0.8877521455287933,0.9800996780395508,-0.00643407367169857,1.8317410722374916,-9.127817232312374,41.0179100612371,0.9390159675081551,0.991667628288269,0.13793103448275862,20.928215158396753,0.9429596547477629
4006,0.9184210225939751,1.0015186071395874,0.02791634202003479,0.5201017949730158,-3.6042030020727784,29.583161368308726,0.9470542444514143,1.0342613458633423,0.25,17.681033270699636,0.9596625850778879
41001,0.6928612887859344,0.6280533671379089,-0.04685422033071518,-37.94625103473663,-11.162188757171313,-152.24290775076082,0.5832838799708513,0.8668949007987976,0.2631578947368421,43.353622838070514,0.867368708212056
41003,0.8149663209915161,0.7267841696739197,-0.05937990918755531,-29.887551069259644,-16.22146710853196,8.254274468110467,0.6841718593113648,0.8596579432487488,0.045454545454545456,42.760309965714164,0.9264838003097313
41004,0.3078441023826599,1.309125304222107,0.4642026424407959,12.18135803937912,56.00634589436802,9.206204755855438,0.18409290972509418,1.7409170866012573,0.05263157894736842,36.70951943648489,0.8544397134079559
41005,0.900364525616169,1.070300579071045,0.06629829108715057,3.5998761653900146,0.48768362400635756,-27.686470611643234,0.8607106686593229,1.112605094909668,0.35,18.263904253641762,0.9578166026973484
41006,0.8447006344795227,0.9406041502952576,0.005065883044153452,-8.579519391059875,5.817619030588465,-1055.5989101390703,0.8991745667966028,1.0114549398422241,0.15789473684210525,27.44066953659058,0.9193359722570501
41009,0.9228711351752281,0.9356216788291931,0.0028684637509286404,11.27864196896553,-8.506753821688452,0.10994738810537,0.9246865802388722,1.002577543258667,0.375,12.854605913162231,0.9610012919432711
41011,0.8805264979600906,0.8901007771492004,-0.05926448106765747,-11.979112029075623,6.878335192772181,-4.922232037047687,0.8614003365390486,0.9389529824256897,0.3333333333333333,25.011162530808225,0.9416451443874535
41012,0.8775437101721764,1.0181562900543213,-0.005687273573130369,-2.1845385432243347,-6.269625883322857,15.85407484141588,0.936209597238161,0.9879775047302246,0.2857142857142857,21.670384840531785,0.9400414791420834
41013,0.7911844402551651,0.8395230174064636,-0.014989575371146202,-15.594770014286041,-14.86157553953647,-28.019228301515298,0.8032258595273997,0.9666938185691833,0.2,34.43689800444103,0.8911060208510039
41014,0.895889401435852,0.8214693069458008,-0.07349131256341934,-14.577330648899078,-18.690424439067886,38.674608032170134,0.7675208375148156,0.8567575216293335,0.13636363636363635,20.747273901234504,0.9593189845550872
41016,0.8205331116914749,0.8001974821090698,-0.017347712069749832,-19.76327747106552,-0.8988790475085681,-151.04655745610356,0.778764422385428,0.9618687629699707,0.22727272727272727,40.073243054476656,0.9129934289294335
41019,-0.3412342071533203,1.8038312196731567,0.1556057631969452,88.93210887908936,-7.114245397864015,14.413528246108154,0.13381086823404642,1.2637391090393066,0.3333333333333333,62.6185807314786,0.814041228678574
41020,0.7452835440635681,1.0262964963912964,0.0032849544659256935,-8.204574882984161,-16.50371022769624,-0.8679302216407794,0.8732632521958141,1.0074795484542847,0.09523809523809523,30.096647956154566,0.8762472065913486
41022,0.8552240133285522,0.9668592810630798,0.014541802927851677,-1.6799664124846458,-10.862969052864162,-27.148968180578326,0.9136924858790713,1.0290902853012085,0.38095238095238093,23.594088987870652,0.9258081200994834
41023,0.9184079170227051,0.8307733535766602,0.009098450653254986,-20.72407603263855,-78.48947288608866,-234.36403448917943,0.8266327502890318,1.0201491117477417,1.0,24.792604446411133,0.9681792723459675
41025,0.8984997272491455,0.9511368274688721,0.01069703884422779,-7.564491778612137,-20.601001809298694,35.57431357514873,0.9240842558316182,1.0258305072784424,0.18181818181818182,19.203747873720918,0.9479579451157937
41027,0.7766721248626709,0.7267310619354248,-0.05743950605392456,-29.186829924583435,-0.2903314102115682,-31.587783904189017,0.6951780481202545,0.9092276692390442,0.4,37.329862117767334,0.8999955310745522
41028,0.6393522024154663,1.0132595300674438,0.07574169337749481,-0.160979141946882,5.145589470315358,-125.12845993952548,0.7679309079806836,1.1517858505249023,0.42857142857142855,32.33986117623069,0.824953423588199
41029,0.8708279728889465,0.9897089004516602,0.04595339298248291,-2.5856703519821167,-6.03164980627107,-52.27448981008731,0.8792720930175728,1.101763129234314,0.34782608695652173,28.579153617223103,0.9358627540123209
42001,0.8308886289596558,0.9977281093597412,0.15277883410453796,-1.6644509509205818,-15.300258791425517,39.17255515236184,0.7121395836305302,1.2784284353256226,0.28,17.868227005004883,0.9269516309049348
42003,0.7370360791683197,0.6160939335823059,-0.08518721163272858,-48.32504391670227,-1.9904041343934906,-55.177905335057694,0.5775852362119547,0.8472846746444702,0.28,47.729976654052734,0.9120887138340144
42004,0.9127256348729134,0.8999087810516357,-0.12915636599063873,-1.5156310983002186,-9.965041041535173,12.484166973701075,0.8781931624383332,0.9392881989479065,0.15384615384615385,11.459468878232517,0.966343933990796
42006,0.9420775845646858,1.0081921815872192,0.034389104694128036,-1.9114527851343155,4.209105469942904,11.739111301230135,0.9593787121338464,1.0281606912612915,0.5384615384615384,14.292988410362831,0.9718939035717664
42008,0.818558931350708,0.733636200428009,-0.1647372841835022,-30.889511108398438,-1.5670120063088873,-9.469202975679474,0.7065470169529204,0.8907396793365479,0.6666666666666666,17.030681504143608,0.9431918855679808
42010,0.8680928498506546,0.8203796744346619,-0.21293488144874573,-20.054234564304352,-3.5407783103628527,-9.400568507700932,0.7967919564324732,0.9109230041503906,0.4166666666666667,13.792018095652262,0.9669041328146175
42011,0.8492294996976852,0.9422340989112854,-0.04416199401021004,-4.617523401975632,-1.2202188071025366,25.37090596635204,0.893375812716043,0.954483151435852,0.30434782608695654,23.237817183784816,0.9227987404107836
42016,0.8230376839637756,0.7683842778205872,-0.18364132940769196,-17.299923300743103,-17.940864683478868,-8.324769925783055,0.7515751083459381,0.9316604137420654,1.2,15.310873985290527,0.941700900669601
42017,0.7799988836050034,0.8447843194007874,0.06531784683465958,-13.259364664554596,-24.206716839551106,81.8642072421547,0.7789995017377603,1.1090120077133179,0.038461538461538464,20.993927808908317,0.886572953390327
42024,0.8928215131163597,0.8804972171783447,-0.11523608863353729,-7.398010045289993,-11.856667466472084,-1.8950722329569563,0.8638846989690552,0.9530710577964783,0.8,9.821795225143433,0.9547878948036753
43005,0.9558059051632881,0.8994896411895752,-0.03852463141083717,-13.098214566707611,-2.84973946993526,-18.157857094991012,0.894263669380185,0.9726266264915466,0.6,13.58796755472819,0.9818743880790415
43006,0.9365544319152832,0.8899776339530945,-0.041792407631874084,-14.517168700695038,-1.772049518045377,-11.276594348479517,0.8816742232364698,0.966537356376648,0.21739130434782608,19.83543064283288,0.9721374822051192
43007,0.9571212604641914,0.9708802103996277,0.007548303343355656,0.6085535977035761,-11.413069593685627,-1.23644231520393,0.9627282253821691,1.0085997581481934,0.391304347826087,18.307675486025605,0.9783836359073729
43008,0.9720928184688091,0.9823710918426514,0.03985977917909622,-1.0200519114732742,-4.131325127621814,-28.437363547747253,0.9595366550967445,1.0339305400848389,0.9230769230769231,9.701716899871826,0.9867628429226392
43009,0.9201187714934349,1.1073572635650635,0.03695835918188095,7.145813852548599,5.143630581775282,-14.755402572337376,0.873243635793732,1.0602219104766846,0.16666666666666666,27.7249018351237,0.9697524327399418
43014,0.8560402542352676,0.8136329650878906,-0.14000366628170013,-18.766392767429352,-5.153564393565849,5.28476768151571,0.7915615748556123,0.9246318936347961,0.2608695652173913,26.815435160761293,0.9449222920078871
43017,0.9435605704784393,0.9204797744750977,-0.06014738604426384,-7.378648966550827,-3.726434481997952,16.540135803754218,0.8954374301799197,0.9369768500328064,0.3,19.94900941848755,0.9747423811878385
43018,0.9748231451958418,0.9484879374504089,-0.04940079525113106,-6.479264050722122,2.2199794765783425,8.268436449518626,0.9305602565589798,0.9546535015106201,1.0,15.20622051679171,0.9894131942591549
43021,0.826727569103241,1.2740446329116821,0.17571642994880676,29.346320033073425,-2.0914864758940896,-13.379290753015974,0.6928134823837335,1.1362556219100952,0.8571428571428571,20.036273343222483,0.9735897505615079
44001,0.9650017060339451,0.9948808550834656,0.06321246176958084,4.004497081041336,-12.095813009195357,-34.32429223285644,0.9574035671792925,1.0393178462982178,0.4090909090909091,9.470437873493541,0.9844321675612084
44002,0.9575881212949753,0.9768674373626709,-0.0074982852675020695,8.631280064582825,-6.028605030286166,0.8346602742112668,0.96802095299673,0.9945822954177856,0.5333333333333333,15.390683809916178,0.9785945691440875
44006,0.9017206877470016,0.8208295106887817,-0.06542354822158813,-12.650690972805023,-18.239949909944936,-30.42070689416631,0.8115573812841161,0.9554245471954346,0.4375,13.974428176879883,0.9622960835489658
44009,0.9011903032660484,0.8454232811927795,-0.20523904263973236,-14.05535638332367,-1.1370417400831632,-30.468398057648105,0.7839166017096981,0.8502604365348816,0.2727272727272727,19.58779421719638,0.9806057701170031
44011,0.7759928852319717,1.0347884893417358,0.034672465175390244,-4.368314892053604,21.526330762800097,-23.544064112300696,0.8819996004539257,1.0353460311889648,0.3076923076923077,21.978079355680023,0.8929275321030572
45001,0.9483138881623745,0.9629446864128113,-0.005232095718383789,-5.922994390130043,-3.5851092565030136,-17.79619196880896,0.9542520268771394,0.9938331246376038,0.35,18.0259522937593,0.9738896490243859
45003,0.8888185247778893,0.9291410446166992,-0.027874303981661797,-9.575624018907547,3.2822668599248663,-28.06033597126819,0.9035877088100437,0.9674685597419739,0.4782608695652174,22.303855419158936,0.9432898269335844
45004,0.8335851281881332,0.9294230341911316,-0.015503918752074242,-10.037224739789963,1.165002709989719,-14.118647588537872,0.8863669820139234,0.9797137379646301,0.42857142857142855,28.77414567129953,0.9132830913462078
45005,0.8550677001476288,0.9402844309806824,-0.06907517462968826,-6.372234970331192,14.155588297766686,-0.44619698981735656,0.8731639633995164,0.9148789048194885,0.2916666666666667,24.316696325937905,0.9273650899877433
45009,0.9523155130445957,0.9588410258293152,-0.018827026709914207,-7.759413123130798,-3.2193841352280623,-33.66818979337366,0.9480285286856389,0.9790082573890686,0.5454545454545454,16.128017685630105,0.9762025333711178
45012,0.8907477334141731,0.9514443278312683,-0.0004185248108115047,-3.566339984536171,0.01985947965242045,-30.227782495694093,0.9257457786770779,0.9993479251861572,0.2857142857142857,22.068010057721818,0.9438251757194265
46003,0.9063156321644783,0.9209371209144592,-0.034909456968307495,-11.34045198559761,2.9238241229454673,-7.96877859048781,0.8997526045566329,0.9599051475524902,0.30434782608695654,28.865514198939007,0.9531918356363293
46005,0.909551665186882,0.8962488770484924,-0.03152940422296524,-11.267746239900589,-3.9222831447547737,17.704950261618055,0.8806061267136226,0.96045982837677,0.21428571428571427,24.517055920192174,0.9561003839124961
46008,0.9092806577682495,0.9091047048568726,-0.03592900559306145,-11.303497850894928,-2.8614743474438127,5.136991221498811,0.8906110268153226,0.958633542060852,0.24,26.77649167867807,0.9553591114244964
47001,0.9441288895905018,0.9626444578170776,-0.0475563183426857,-5.407562106847763,6.890663719401932,-24.12058452081109,0.9246194774352134,0.9404073357582092,0.2727272727272727,17.648261526356574,0.9728798779699391
47004,0.9355817511677742,1.0000193119049072,0.005775525234639645,1.1480052024126053,3.3814355314630977,10.157559395016232,0.9672184357786825,1.0061900615692139,0.4090909090909091,16.4487903768366,0.9678081731239739
47005,0.8681357651948929,0.9171538949012756,-0.03096759505569935,-10.513413697481155,0.8966728738996023,25.13422987645611,0.8830310338219065,0.9526147246360779,0.22727272727272727,32.250136914460555,0.9323767969005581
47008,0.897123895585537,1.0237165689468384,0.05805722251534462,-1.8206600099802017,11.09988879819085,30.519502769688202,0.9076630345141402,1.0750219821929932,0.3333333333333333,16.73040823502974,0.9516746263298365
47009,0.9601010382175446,1.015436053276062,0.039490219205617905,2.2777587175369263,-6.396501846583619,6.7880702439971135,0.9513697380254073,1.0421266555786133,0.47619047619047616,11.763982545761834,0.9812389891333918
47011,0.8652206659317017,1.0097419023513794,0.05421611666679382,-0.012432513176463544,-1.50201619596454,3.720933094647108,0.9073514075127822,1.0650614500045776,0.16666666666666666,31.412119614450557,0.9347630108623906
47014,0.8889314234256744,0.8550293445587158,-0.05263921990990639,-16.56145453453064,-6.08535582224022,-20.382623735013087,0.8363544181113038,0.9438011050224304,0.08333333333333333,28.061809539794925,0.94896011622354
47018,0.8975413665175438,0.9452148079872131,-0.031795866787433624,-6.087673082947731,0.5635272645894464,84.32788608998216,0.9112094012993363,0.9534121155738831,0.18181818181818182,24.10634289617124,0.9479238809199154
48003,0.9183770641684532,0.9175463318824768,-0.04877379909157753,-5.54252564907074,-4.703799729044776,27.770929479908414,0.8977259763799281,0.9541429281234741,0.34782608695652173,24.575252118317977,0.9605221900263516
48004,0.8968933597207069,0.8456161618232727,-0.03840993344783783,-16.47191494703293,-10.016264027524912,17.298588953310194,0.8353312855660905,0.9658620357513428,0.48,36.64205551147461,0.953999832390567
48005,0.9399959668517113,1.0370370149612427,0.03863675519824028,3.5949960350990295,-2.9347462153531954,23.00988169430415,0.9379274057982239,1.0415005683898926,0.2857142857142857,19.01634307134719,0.9724506026016011
48011,0.9349362030625343,0.9423291087150574,-0.010233553126454353,-7.66199454665184,-6.856967458093181,-16.666180293348578,0.9328935533713647,0.9896131753921509,0.391304347826087,29.356863101323444,0.9672974411996861
49001,0.9357446134090424,0.9305254220962524,-0.04059099033474922,-8.642563223838806,-1.1713256000558199,24.91084744869995,0.9145425604862076,0.9611116051673889,0.43478260869565216,27.83306992572287,0.968952459989678
49002,0.970082076266408,1.0211189985275269,-0.0007642002892680466,3.449852019548416,1.7224559285963017,-4.919442494582393,0.974413201395951,0.999350905418396,0.4,12.667154471079508,0.9855691011983794
49004,0.9141741245985031,0.8706257939338684,-0.07882757484912872,-13.998740911483765,0.23140566789237307,19.337306306638215,0.8406865573529285,0.9143306016921997,0.14285714285714285,34.210143770490376,0.9638912475097887
50001,0.9466672800481319,0.9590867161750793,-0.0051654549315571785,-4.4905249029397964,-2.0974128520060242,18.505759420854822,0.9505377352154556,0.9930663704872131,0.2857142857142857,17.054528539830986,0.9730826519497688
50002,0.9267490655183792,0.9238690137863159,-0.017926545813679695,-9.225184470415115,-3.228548747439431,0.2153394478174981,0.911513693308681,0.9732825756072998,0.17391304347826086,21.339003245035805,0.9636671134669655
50006,0.9453131034970284,0.938978910446167,-0.03733142092823982,-8.17864015698433,0.804434594562827,38.46280608205802,0.9192668806598666,0.9542011022567749,0.3,20.63107717604864,0.9736044671666412
50007,0.9002278968691826,0.8641990423202515,-0.04705765098333359,-14.192968606948853,5.3936421265778405,10.826562553205136,0.8415796925296906,0.9324734807014465,0.13636363636363635,26.653718948364258,0.9542259581894649
50008,0.9066177383065224,0.9004937410354614,-0.030129529535770416,-10.070594400167465,-4.484808646091584,83.41479324700063,0.880553299797938,0.9524194002151489,0.041666666666666664,20.85946273803711,0.9541512798416649
50011,0.9032216444611549,0.8850183486938477,0.01162533275783062,-16.90082848072052,-1.0493462938517744,-10.824564351482387,0.8748116665126463,1.0151680707931519,0.2727272727272727,23.32494362540867,0.9528696665334818
5003,0.7701357305049896,0.8587650656700134,-0.0500621534883976,-4.933427646756172,-34.34504908161011,39.82054377052789,0.8104001868376296,0.9623495936393738,0.625,24.27967389424642,0.879238957536423
51001,0.9276360720396042,0.9251092076301575,-0.04995885491371155,-9.81123074889183,6.985659533197299,19.522433273092823,0.9027469166124487,0.9485868811607361,0.45,24.34156894683838,0.965269283655201
52004,0.8665404915809631,0.9054610729217529,-0.00565432058647275,-14.209689199924469,4.843900437365491,-20.81273076816301,0.8828641831387101,0.9924196004867554,0.23076923076923078,29.319220322829025,0.9312560664358291
52005,0.9088623523712158,0.8894081115722656,-0.030857035890221596,-14.99721109867096,-2.8343322193647444,-17.917729363804302,0.8758957460750426,0.9646340012550354,0.5,26.026790792291816,0.9561759633416886
52006,0.8711172044277191,0.967402458190918,-0.0010135394986718893,-4.696928337216377,-3.8015639311806106,26.378544551345723,0.9263163766285406,0.9984681010246277,0.21739130434782608,23.52062308269998,0.9339369247863719
52007,0.8197417259216309,0.9459600448608398,-0.000279193336609751,-4.43078875541687,-2.1616534723420107,10.691906392100643,0.8918026455543538,0.999525249004364,0.2916666666666667,31.177218755086262,0.9062656660071322
52009,0.9052488580346107,0.9345506429672241,0.10008031129837036,-7.037889212369919,-15.272613404929276,-8.220160873169977,0.8855105144974884,1.0834957361221313,0.2,13.696582794189451,0.9569571608272704
52010,0.8878868967294693,0.8857658505439758,-0.07147335261106491,-13.053014874458313,5.7482270735904795,-47.9427848092169,0.8452259152965413,0.9100403189659119,0.36363636363636365,23.503956587418266,0.9469638596606309
52011,0.8795600235462189,0.9171431064605713,-0.039024826139211655,-6.237376481294632,-9.732364369290487,14.75740627264574,0.8794525389577487,0.9372723698616028,0.25,24.022909005482994,0.9389126038044727
52015,0.8492380231618881,0.8186080455780029,-0.11200278252363205,-21.788494288921356,-0.0788828100378536,18.862389981624137,0.7777687683919123,0.8888877034187317,0.3,40.386414527893066,0.9356747582868754
52016,0.9343723654747009,0.9301773905754089,-0.04761003702878952,-7.421389222145081,3.4952907463626186,23.815190896455977,0.9134105855160746,0.9595749378204346,0.34782608695652173,24.193286895751953,0.968562056975872
53005,0.9335551634430885,0.9270548224449158,-0.017221622169017792,-9.699386358261108,-1.8564320174191988,0.4180001563114568,0.9180087807855911,0.9819644689559937,0.3,23.483680543445406,0.9671932824000453
53006,0.9198154285550117,0.9093227386474609,-0.03565960377454758,-9.52538251876831,2.322337129932268,14.662302757421067,0.8860025620747112,0.9428845047950745,0.18181818181818182,29.02586771094281,0.9611300844530176
53007,0.9138550534844398,0.9370003342628479,-0.03291388228535652,-8.975426852703094,4.159496136432853,-19.964492961899868,0.9143034646679254,0.9612388014793396,0.4090909090909091,24.57293012867803,0.9567275171249607
53008,0.9273149222135544,0.9287078976631165,-0.025102276355028152,-10.257643461227417,2.5450697260429584,-8.671747368473241,0.9139365276355116,0.967995822429657,0.14285714285714285,28.010154905773344,0.9639432386664256
53009,0.948651883751154,0.9833264350891113,-0.02482411079108715,-2.2184766829013824,1.0978462849146184,9.893084120557372,0.961254316825427,0.9762290716171265,0.391304347826087,18.97522211074829,0.974345309168827
53013,0.8915875628590584,0.8941681981086731,-0.059875261038541794,-11.33015751838684,5.223316276158416,1.493343927989884,0.8652743460911748,0.9351180791854858,0.21739130434782608,29.364625612894695,0.9476457462949323
53017,0.9074720293283463,0.9661765098571777,0.04528185725212097,-6.150485202670097,-0.870296285889568,-39.34609545782236,0.910699581458646,1.0685075521469116,0.5,23.264418948780406,0.9537695818204335
53018,0.9616661556065083,0.9660638570785522,-0.02422686666250229,-2.7660349383950233,3.411317184957743,51.26791428448934,0.9514317382521844,0.9708713889122009,0.2608695652173913,16.58553766167682,0.9810596127569906
53022,0.9547947943210602,1.046051025390625,0.015822364017367363,1.6940534114837646,17.756078063807845,-1.9755823223886932,0.9463762008974755,1.0183199644088745,0.4583333333333333,17.154383659362793,0.9795257773110313
53023,0.9651363380253315,0.942633867263794,-0.05390898138284683,-5.845646932721138,-7.327779880428441,-30.57212531065768,0.9176342728484052,0.9428858160972595,0.7777777777777778,17.698934343126087,0.9847944148015642
53028,0.9633066765964031,0.9317156672477722,0.01807759329676628,-11.132609099149704,-5.038275955485136,5.907097803089219,0.9271285312380919,1.0189218521118164,0.47368421052631576,12.615370750427246,0.9829863474597802
54001,0.9487294778227806,1.0611729621887207,0.035290610045194626,5.179993808269501,5.319799499910455,-13.564105782523198,0.925557413259828,1.0363868474960327,0.7272727272727273,12.692319263111463,0.9781925529479988
54002,0.9381272383034229,0.9051510095596313,-4.7563509724568576e-05,-11.161831021308899,6.707658623913233,-58.460562549292675,0.9007554602645845,0.9999361634254456,0.13043478260869565,17.10632676663606,0.9707913779060177
54003,0.7787148505449295,0.8255932331085205,-0.03625937178730965,-15.3476282954216,-24.33801990906689,93.72679769661696,0.7813887503807105,0.9352341890335083,0.6818181818181818,39.53278281471946,0.8852021435199198
54004,0.8764315098524094,0.8535009026527405,-0.04234529659152031,-14.806994795799255,-4.57758263962574,-12.46233232333395,0.8366625280702307,0.9580033421516418,0.3076923076923077,28.65273218888503,0.9412341515639033
54005,0.9605364911258221,0.9986031651496887,0.039370931684970856,1.3671813532710075,-8.274793167944242,-0.8201731186211546,0.9499105422250741,1.0463322401046753,0.38095238095238093,8.625691845303491,0.9810177409281782
54007,0.799566924571991,0.7273895740509033,-0.048412010073661804,-28.141409158706665,12.33173626804427,-32.1200181878585,0.7020479093626433,0.9150272607803345,0.45454545454545453,41.12357226285068,0.9149198168282978
54008,0.9609929993748665,0.9264956712722778,-0.025680240243673325,-6.950831413269043,2.107347687182257,18.403176446807635,0.9178402565897731,0.9678871035575867,0.2857142857142857,12.74441196804955,0.9822208274208241
54011,0.8789882659912109,1.0014135837554932,-0.021477025002241135,-5.101346597075462,1.3081504789262142,-20.47964664102594,0.9335018904346472,0.971764087677002,0.2,24.175222396850586,0.939810851376516
54012,0.8837449476122856,1.1561858654022217,0.06106218695640564,17.07020103931427,1.518655467186249,-1.2592683204695851,0.8319134244876021,1.0490554571151733,0.6818181818181818,19.010398604653098,0.9618865582337999
54015,0.5573863983154297,0.4971480071544647,-0.037899237126111984,-29.972413182258606,-3.6350772488122804,19.96512911722154,0.4479209488036311,0.8732730150222778,0.4,32.326061725616455,0.8106024727204371
54016,0.9379480369389057,1.0217739343643188,0.04899871349334717,4.800710827112198,0.718174068781927,-1.6856929998106978,0.9380470541441315,1.0502543449401855,0.6363636363636364,14.098738540302625,0.971042028780466
54017,0.7501934170722961,0.7546147704124451,-0.06961788237094879,-20.90848982334137,0.23618274830574534,-28.69655521252355,0.6937247503625898,0.8635954260826111,0.45,32.06270456314087,0.8775891759069631
54018,0.8966789096593857,0.9955397844314575,0.021931065246462822,-2.3161744698882103,-4.281100634666706,-0.8053444699994028,0.9401160885232106,1.0299909114837646,0.15,25.035188198089596,0.9483595646879786
54019,0.9081824645400047,0.9840551018714905,-0.043729428201913834,-1.958651840686798,7.848538291252101,10.422503463058185,0.9251009106982996,0.9427229166030884,0.5,20.832285014065828,0.9544481666731318
54020,0.9402982592582703,0.9919326305389404,-0.00485936738550663,-1.3023437932133675,0.08254674916667079,11.718050236502682,0.9685246033784701,0.9952377080917358,0.13636363636363635,15.916068987412887,0.9699510612792754
54022,0.8975062295794487,0.8893734216690063,-0.017829081043601036,-13.620464503765106,-0.5859738855553066,15.510033405740858,0.8758839726002549,0.9753019213676453,0.18518518518518517,23.32437833150228,0.9494376292472274
54024,0.8860978707671165,1.0510592460632324,0.012607553973793983,8.884573727846146,-2.9999316469496207,44.532186178259344,0.925583679781136,1.0116468667984009,0.22727272727272727,14.739445122805508,0.9471313646842374
54025,0.9450991824269295,0.9999613761901855,0.04636698216199875,-0.6572687067091465,-5.00224075160274,51.617921818546854,0.9297863713407053,1.0650709867477417,0.3333333333333333,12.507149151393346,0.9736235172666658
54027,0.9486663080751896,0.9680271148681641,0.03373787924647331,-3.9974797517061234,1.6509979554133285,-4.152881209948718,0.9538190773350658,1.0215712785720825,0.6666666666666666,15.857825014326307,0.9746013351670473
54028,0.9348298832774162,0.9705809950828552,0.021977579221129417,-5.66648542881012,-5.468437746799081,14.826837984248451,0.9463728051111591,1.0304865837097168,0.14285714285714285,16.05109827859061,0.9671219466050501
54029,0.9486878700554371,0.9325665235519409,-0.05354207381606102,-7.225035130977631,1.1619639486833149,4.449743886683523,0.9025832118452425,0.9337519407272339,0.2,12.733122110366821,0.9764638254784251
54032,0.9565730504691601,1.0107781887054443,0.01974942348897457,6.859248876571655,0.32509245755154687,3.7204694333320285,0.9692778790675949,1.019413948059082,0.9,8.451530933380127,0.9787684672344548
54034,0.8188661485910416,1.0967072248458862,0.10047519207000732,6.970404088497162,-8.280314129149682,42.4727794585943,0.7535710740969774,1.214338779449463,0.19047619047619047,27.15420950026739,0.9262855793725604
54036,0.5709355771541595,1.2060068845748901,-0.0406499020755291,1.4930548146367073,4.313114462614276,-4.789364674901367,0.731832033648707,0.9367467761039734,0.4090909090909091,29.78323156183416,0.8403934482814216
54038,0.9499720185995102,0.9839420318603516,-0.003679766086861491,-1.357480138540268,-2.2063994097622475,19.552796252061974,0.9697096680239411,0.9954889416694641,0.22727272727272727,15.909457206726074,0.974715692155323
54044,0.8892465382814407,0.9309506416320801,-0.10768543928861618,-6.826840341091156,9.07502770535863,-18.615753927980943,0.8902135518496788,0.9313323497772217,0.14285714285714285,15.049577894664946,0.9493047919491013
54048,0.8165657669305801,0.8881437182426453,0.0060317362658679485,-5.01408614218235,-6.21904464756963,6.441545506513004,0.8518502857124584,1.0134645700454712,0.08695652173913043,36.69683207636294,0.9037959697913331
54049,0.8956609517335892,0.8753349184989929,-0.026566099375486374,-9.143483638763428,-9.341495607265276,7.846750846065071,0.8568923202786197,0.9509446620941162,0.18181818181818182,21.632703867825594,0.9496810247270081
54052,0.30573034286499023,1.325722575187683,0.6753801107406616,41.46773815155029,-19.329555264573614,49.09292783606614,0.3533711593783746,1.5563756227493286,0.4782608695652174,27.46075547259787,0.9502021290910115
54057,0.9335028007626534,0.8873769044876099,-0.04240990802645683,-9.22701433300972,-2.954410418958255,25.813001087946336,0.8757308688497063,0.9564122557640076,0.5454545454545454,14.20635310086337,0.9706919146569815
54060,0.6047499477863312,1.2610104084014893,0.21796616911888123,27.98030376434326,-0.9566290843230237,62.679408095792134,0.5920961218269567,1.2932015657424927,0.5294117647058824,42.15162782108082,0.8891307870468655
54063,0.6916271448135376,0.603644073009491,0.09254145622253418,-33.702656626701355,-24.7277424370023,28.470555220366812,0.5582181309815318,1.1552420854568481,0.07692307692307693,39.044163777278015,0.8817921583144591
54080,0.8236868530511856,0.7568581104278564,-0.06971798837184906,-19.753514230251312,-18.707734250047555,85.24887320778124,0.7308569843232022,0.9116105437278748,0.23809523809523808,27.562967936197918,0.9257888927261786
54095,0.9602892659604549,0.9461274743080139,-0.010046274401247501,-7.013006508350372,-1.1509287423772958,-10.767086523854468,0.9417203428769446,0.9891393184661865,0.6666666666666666,18.370519365583146,0.9806011596591889
54096,0.8744071274995804,0.8022965788841248,-0.0709887221455574,-24.31306540966034,7.054686620642063,20.53224129693531,0.7719053457428311,0.8982020020484924,0.3333333333333333,31.620643252418155,0.9492289827476226
55002,0.95130580291152,0.9124794006347656,-0.039729125797748566,-7.475437223911285,-2.3415674120464294,1.342018732762783,0.8967727983470083,0.9497151374816895,0.13636363636363635,15.562994583793307,0.9783798138451089
55007,0.9301035925745964,0.9655726552009583,0.015235246159136295,-5.296321585774422,-8.763669428813577,55.648721525736974,0.9465304314379412,1.0204038619995117,0.21739130434782608,16.47266201351,0.9645396685322108
55008,0.8693173676729202,0.9238970875740051,-0.0058234757743775845,-7.002303749322891,-9.08199689582571,19.64477166660268,0.8979057460612981,0.9918907284736633,0.17857142857142858,18.334032808031356,0.9324291251877435
55013,0.8965916037559509,1.182106375694275,0.04371923580765724,16.57087951898575,11.156759280085419,2.1680938184301284,0.8085737943869967,1.0514377355575562,0.3181818181818182,17.907490513541482,0.9710963758743246
55014,0.9507567435503006,1.0590083599090576,0.07789411395788193,1.121578924357891,3.961128545803008,19.102709064429707,0.8956142616201314,1.0840426683425903,0.2,9.352874159812927,0.9812589825299992
55016,0.9172557666897774,0.9805277585983276,0.0329725407063961,-5.125929042696953,3.035544926437042,21.67171729334374,0.933805301523286,1.0477995872497559,0.22727272727272727,18.46076791936701,0.9585540185304889
55018,0.791589230298996,1.1311345100402832,0.04476745426654816,2.127266302704811,14.290497057355012,11.826796089733268,0.8287689118902453,1.0716142654418945,0.3333333333333333,28.03534326099214,0.9163625514678783
55021,0.9521443694829941,0.913352906703949,-0.02484348975121975,-11.45758181810379,-8.539255755318159,-2.6086945891739597,0.9068027154233508,0.9734489917755127,0.0,12.869889736175539,0.9782500795847532
55023,0.9476396068930626,1.0621899366378784,0.05701984092593193,6.388770043849945,4.702048763986866,9.058440567724737,0.9082581072065682,1.0639957189559937,0.4782608695652174,9.14645298667576,0.9787036475047091
55025,0.9054499790072441,0.9746572375297546,-0.03012276254594326,-1.406165398657322,-1.1449270056750398,47.94769720664558,0.9331247235420509,0.9605808258056641,0.25,17.738971710205078,0.9522907168620147
55026,0.9190857037901878,0.9737040400505066,0.0011905725114047527,-4.202992841601372,3.5044152670359527,33.107480981179435,0.951103424452619,1.0015674829483032,0.4583333333333333,20.17308473587036,0.9588060612735058
55029,0.8891228586435318,0.9714366793632507,0.008983449079096317,-8.17912146449089,15.550494291546826,43.555315608439116,0.9350673900890553,1.0140002965927124,0.4,22.702442169189453,0.9433928251953406
55032,0.837041437625885,0.9404404759407043,-0.002677666023373604,-7.900669425725937,-31.012342670122806,-2471.585000174806,0.8963010732819681,0.9951397180557251,0.2631578947368421,29.985129205804125,0.9152503206158035
56001,0.9404310844838619,0.9830425381660461,0.008233766071498394,-4.479462653398514,3.8712919548825115,-5.7351029560702464,0.9638787020394401,1.0104942321777344,0.4583333333333333,13.179483016331991,0.9698825010084611
56002,0.94741215929389,0.9634192585945129,0.029146814718842506,-2.9475968331098557,-1.3997005730568512,10.170019160916047,0.9427617727811296,1.0354101657867432,0.23809523809523808,12.958661715189615,0.9738430855730404
56007,0.909805417060852,0.9758850932121277,0.01142702717334032,-0.5620496347546577,-0.3295121175916541,-13.6160819975218,0.9455504111127639,1.016771912574768,0.20833333333333334,22.966589530309044,0.9541531686025568
56012,0.9204767867922783,1.0096620321273804,-0.023595258593559265,3.778936341404915,-2.337279659517029,-9.190437882060499,0.9535136813686306,0.9767190217971802,0.375,16.20071530342102,0.9609408268266403
56013,0.9373072683811188,0.9904730319976807,0.011914222501218319,-3.503803163766861,-1.3904127103363533,-12.55241565720286,0.9637323855454848,1.0151792764663696,0.25,21.442667643229164,0.9684695971344852
57004,0.9263889268040657,0.9660502672195435,0.00795780774205923,-3.649633377790451,-2.2465185442118036,-0.3729610594208267,0.9480952074789796,1.011728048324585,0.35,17.36685037612915,0.9625303320900495
57005,0.9295813739299774,0.9577833414077759,-0.024925032630562782,-4.101932048797607,-4.820097465837223,3.5295774614094597,0.935617927660659,0.9668022394180298,0.391304347826087,19.297800893368926,0.9644934700603127
57006,0.9212443977594376,0.9453816413879395,-0.009610001929104328,-6.942346692085266,0.9434974945879077,-4.124041012806586,0.9309571868216117,0.9865223169326782,0.2916666666666667,20.771302779515587,0.9599737959175866
57007,0.9057962596416473,0.8677951097488403,-0.03470074012875557,-13.191793859004974,-2.6721936740821595,0.8480324735289442,0.8516637900206395,0.9486961960792542,0.3333333333333333,30.29848961603074,0.9564865780708824
57008,0.9263094365596771,0.9612274169921875,0.0025078640319406986,-2.8289206326007843,-6.083306256857799,14.249420550974069,0.9459234323852369,1.0033527612686157,0.25,20.56689659754435,0.9624537490051004
57009,0.8977359905838966,0.9302006363868713,-0.022051619365811348,-9.836860001087189,0.28367605254572753,11.50983932099861,0.9087242157828039,0.9726853370666504,0.25,26.587140560150146,0.9479113562040257
58001,0.8988809287548065,0.9450943470001221,0.019405504688620567,-6.423312425613403,-11.143623478682343,15.266044243043615,0.9211817027158715,1.022902488708496,0.2,25.850385665893555,0.9482972992351129
58002,0.8977615013718605,0.8466084003448486,-0.057416703552007675,-14.635269343852997,-6.692281247063576,-11.4411580659075,0.8202746536351084,0.9176072478294373,0.2,31.14781379699707,0.9554617953777408
58006,0.9304386079311371,0.9293397665023804,-0.03411537781357765,-6.161108613014221,-8.15336777652286,-23.95408516948227,0.9088752426816854,0.9536623954772949,0.2,18.257299423217773,0.9658872574324348
58008,0.882571205496788,0.8413697481155396,-0.057674944400787354,-14.85733687877655,-11.108660698857975,-7.007381321556823,0.8157282290560715,0.9225466251373291,0.23076923076923078,27.454104790320766,0.9471463958062758
58009,0.8415643721818924,1.1861279010772705,0.08725255727767944,19.454701244831085,2.5690349936794905,-19.224572277931543,0.7868463894346295,1.091610074043274,0.2916666666666667,19.6175754070282,0.9510259204128418
58010,0.8605325520038605,0.7668777704238892,-0.05193731188774109,-24.29138571023941,-13.474820095538757,-41.70969268645436,0.7437866750625287,0.9082868099212646,0.19230769230769232,29.994599635784443,0.9462600268090959
58012,0.9062072336673737,0.9220513105392456,-0.026380790397524834,-10.40576621890068,2.785698068907678,1.6203913751221075,0.9033484063478929,0.9677702188491821,0.3076923076923077,23.66161346435547,0.952811298239798
59001,0.8775755316019058,0.8619104623794556,0.010393285192549229,-12.242449820041656,-15.502320973794903,10.793542908902753,0.8488222913285801,1.0140926837921143,0.23076923076923078,29.387277823228104,0.9401052968750956
60002,0.894893191754818,0.9096719026565552,-0.06361280381679535,-11.229278892278671,-0.8934337605209931,28.201666858684693,0.8688810443710329,0.9198402166366577,0.4782608695652174,29.919006513512652,0.9489370536818895
60003,0.9178956598043442,0.9241212606430054,-0.04238251596689224,-11.50428056716919,10.275749557657896,18.87161841511869,0.9021809692463758,0.9532667398452759,0.4782608695652174,24.393085638682045,0.9596641339936449
60005,0.8488355726003647,1.0281448364257812,-0.0555378794670105,3.5544194281101227,9.364665276151554,49.271792754195275,0.8963184612516691,0.9305222034454346,0.3333333333333333,26.915850241978962,0.9283720344717926
60006,0.902125857770443,0.9173526167869568,-0.08939050883054733,-8.555357903242111,3.995968644559247,22.08792178965769,0.8575038863177912,0.8931103944778442,0.391304347826087,28.001760399859883,0.9547322996620405
60010,0.9444480165839195,0.95798659324646,-0.07475585490465164,-3.960101678967476,-1.7052817782926801,32.49852226792488,0.9032464257810553,0.9165536165237427,0.125,17.56303310394287,0.9748439100447654
60012,0.8747110962867737,0.8706239461898804,-0.05309132859110832,-14.59270864725113,-8.139824758410162,18.02242772936266,0.8413582605822265,0.9311386942863464,0.16,30.017715454101562,0.9392780207714826
6007,0.9307194948196411,0.9155322313308716,-0.019913993775844574,-3.2891757786273956,-13.288266809209967,46.822473717863275,0.9074977307697122,0.9831293225288391,0.36,14.803353309631348,0.9662769202107026
6008,0.8878110870718956,0.8349358439445496,-0.03573086857795715,-16.673170030117035,-16.485768616583226,48.97014383380765,0.8193298766180226,0.946286141872406,0.22727272727272727,26.174980661143426,0.949896713544823
61001,0.8840690404176712,0.9647290706634521,-0.12497874349355698,-2.1188365295529366,8.97501029506151,25.65460326353719,0.8687765373403207,0.8845041394233704,0.391304347826087,28.844750445822008,0.9486554298314201
61002,0.8973603546619415,1.0502755641937256,0.042565178126096725,-2.282603271305561,7.935748920805503,-11.704679415267206,0.9179716902768763,1.044844388961792,0.375,21.037532885869346,0.953202649437401
62001,0.9624383263289928,0.9666622877120972,-0.03446384146809578,-3.7591826170682907,-2.7441729384171363,14.142162542576509,0.9471039430981626,0.9632043838500977,0.13043478260869565,14.346845253654147,0.9817606906018763
63001,0.9101637601852417,0.8361999988555908,-0.040554314851760864,-16.676415503025055,-9.110753100619446,25.653803342887045,0.823828542390744,0.9465233683586121,0.20833333333333334,24.715936183929443,0.9633095111840584
63004,0.8894350603222847,0.899852991104126,-0.057262975722551346,-6.124531105160713,-4.4836685195137616,24.71373032557864,0.8646243642724724,0.9266733527183533,0.2222222222222222,23.69092658714012,0.9459598098053406
64001,0.9393505454063416,0.9765003323554993,-0.021405966952443123,-4.283809661865234,0.024368918416714583,18.905518315173186,0.9527547116768887,0.9726619720458984,0.34615384615384615,15.350688420809233,0.9694628895127145
64002,0.8842915147542953,0.9750227332115173,0.02727741003036499,-2.176484279334545,-3.0227107763418295,21.707289014725276,0.9291260226082517,1.031003475189209,0.2692307692307692,19.02566322913537,0.9413651866098722
64006,0.9253207519650459,0.8606523871421814,-0.05592668801546097,-15.18765389919281,-5.452870071399953,24.510556992451747,0.8458540209818475,0.9414687752723694,0.23076923076923078,24.24901448763334,0.9697126863162839
65001,0.8926820829510689,0.9206734895706177,-0.030652590095996857,-8.236096799373627,-7.699661731529919,30.844328740123313,0.8966599870646602,0.962157666683197,0.1724137931034483,22.893876042859308,0.9456454157801454
65004,0.9070540368556976,0.9169272184371948,-0.019477063789963722,-6.879860907793045,-8.637963822048443,23.12734517953257,0.9024043512025146,0.9789837002754211,0.3157894736842105,18.171152315641702,0.9532866317473548
65005,0.6261291205883026,0.7122008204460144,-0.061436355113983154,-23.447374999523163,-5.568748051773669,-5.99691495998775,0.6399657696527143,0.9217507243156433,0.23076923076923078,39.08830789419321,0.7983236996454747
65006,0.8997734487056732,0.8746311664581299,-0.10933347046375275,-7.657819241285324,-10.816587362618996,36.139788081959075,0.8251076218704207,0.8853282928466797,0.2962962962962963,17.619745819656938,0.9585223062030478
65007,0.873976081609726,0.8424272537231445,-0.08014747500419617,-18.306884169578552,-2.539344863662124,11.5992988313458,0.8097417387286493,0.909417986869812,0.24,26.358274459838864,0.9437511376999522
65008,0.8366583436727524,0.8020217418670654,-0.04083828255534172,-23.92338365316391,-11.44527811161648,27.191125341102186,0.7795324531241385,0.9401644468307495,0.11538461538461539,28.54451032785269,0.9236438927849313
66001,0.9669605493545532,0.982465386390686,-0.0034447552170604467,-2.767420746386051,-0.5592334392359457,11.971031457098821,0.975532932386083,0.9962738752365112,0.3181818181818182,13.714037158272482,0.9833479515541491
66004,0.9334219172596931,0.9412461519241333,-0.027344772592186928,-7.649038732051849,-8.77843527686572,-41.199424699265045,0.929946235956631,0.9810918569564819,0.36363636363636365,16.27588705583052,0.9668639573942834
66006,0.9021937772631645,0.8326556086540222,-0.0672425925731659,-16.576139628887177,-12.454695263988683,48.208884890722494,0.8063398876398582,0.9107618927955627,0.36363636363636365,31.70966451818293,0.9607998210851489
66011,0.8969499841332436,0.9371904134750366,-0.02442185766994953,-7.080141454935074,-5.073226823558652,36.9639759283597,0.9108663202156017,0.9648188352584839,0.14814814814814814,17.151705423990883,0.9474447494544922
67001,0.9223693609237671,1.0152745246887207,0.014515488408505917,6.3163310289382935,-12.042682409582918,52.59011505537566,0.9566604850976999,1.014143466949463,0.4,12.411410331726074,0.9619873075124925
67005,0.9271501377224922,1.0457185506820679,0.021803149953484535,8.254294097423553,-5.3364284080113755,4.96318063078728,0.9386797669328786,1.0232516527175903,0.3181818181818182,14.427984844554553,0.96639426012066
67006,0.9287982657551765,0.9183168411254883,-0.015932783484458923,-6.527524441480637,-13.28290217019061,45.28107111357594,0.9090420417426887,0.9805974960327148,0.4166666666666667,23.324664433797203,0.9650035063696439
67008,0.9246117472648621,0.9816153645515442,-0.014979909174144268,-0.4954099655151367,-3.1214653983842027,-13.673962316486895,0.9544279419592929,0.9830834865570068,0.4782608695652174,18.270432430764902,0.961886364297984
67010,0.8698456436395645,0.9281157851219177,0.032542504370212555,-5.917355418205261,-16.83438214741341,-15.5758493851947,0.890354732025646,1.0489634275436401,0.25,22.446366718837194,0.9332367825542514
67015,0.9609698429703712,0.9998897910118103,0.009750756435096264,0.579165993258357,-8.96686679232523,-17.065357865465625,0.9781714278380176,1.0098694562911987,0.17391304347826086,13.059157910554307,0.9805303248839147
67018,0.8884988948702812,0.9652769565582275,0.00864358339458704,-2.3489899933338165,-5.973199137001124,12.445689301859595,0.931952821285694,1.0128507614135742,0.17857142857142858,22.53638505935669,0.9429072095951786
67025,0.8508401960134506,1.0762028694152832,0.07499311864376068,6.944063305854797,0.20855357381309275,-9.461374106818909,0.8685110347253635,1.0859532356262207,0.3076923076923077,26.435114787175106,0.936011626311843
67033,0.9518657214939594,1.022361397743225,0.04908425360918045,3.327293321490288,-1.892246965700335,22.492216551018004,0.938173576670534,1.053228497505188,1.1363636363636365,12.366146391088312,0.9778820985167259
68001,0.9300246760249138,1.0791701078414917,-0.015017051249742508,6.396489590406418,18.905791223814404,-27.337604350059674,0.9141761396886663,0.984744131565094,0.2,19.611644744873047,0.970587630129438
68003,0.9305451512336731,1.0225929021835327,-0.031458619982004166,-3.5531487315893173,12.027077665546372,11.009227525155413,0.9494898287258966,0.9693924188613892,0.12,14.45443058013916,0.9667732916179177
68004,0.7909019738435745,0.9947478771209717,0.017359567806124687,-4.080081358551979,2.7303798888425814,41.92277176788844,0.8932693768960001,1.0187708139419556,0.5217391304347826,31.027130285898846,0.8950643165677749
68005,0.8954702541232109,0.8664999008178711,-0.10390349477529526,-10.44510081410408,-15.323800425658273,7.917247628081256,0.8173340606216509,0.8832703232765198,0.21739130434782608,26.317884611046832,0.956196444215472
68020,0.7718375027179718,0.7995388507843018,-0.10130662471055984,-23.623445630073547,5.328973679935602,10.141218513765528,0.7325829548877824,0.8622464537620544,0.15384615384615385,35.28251647949219,0.8888642084180726
69002,0.874342069029808,0.9739751219749451,0.027140378952026367,-5.134603753685951,0.25431348031413353,8.449142258348841,0.9254561815229478,1.0284842252731323,0.25,24.165611607687815,0.9362180628429164
69007,0.8951348215341568,0.8682184219360352,-0.12802033126354218,-15.83990603685379,2.7839061415611264,5.129643336482206,0.8167319263149908,0.8794023990631104,0.28,28.261571884155273,0.9590485511434353
69012,0.8990705385804176,0.8635740280151367,-0.04268280416727066,-14.611305296421051,-5.5715399389771845,5.2557018085871094,0.8512687680300873,0.9634376168251038,0.23076923076923078,22.821815197284405,0.9533939309977195
69015,0.8295120894908905,0.8753392696380615,-0.1612042635679245,-13.04112821817398,-4.5619407217024985,17.747489985488077,0.7795459346814237,0.8337669968605042,0.24,27.435831069946286,0.9263366720250875
69017,0.9157055467367172,0.9954161047935486,0.013087650761008263,-1.9575044512748718,-6.0823287191856075,1.8321661621424887,0.955391869043273,1.0135741233825684,0.24,19.57789421081543,0.9577552793051772
69023,0.9066330417990685,0.8963896632194519,-0.02786238119006157,-13.166718184947968,-2.1247901088037677,-7.721233511260288,0.8830095915951274,0.97055584192276,0.25925925925925924,23.018264770507812,0.9543415360958913
69027,0.8828614726662636,0.8848620653152466,0.022896073758602142,-12.665697932243347,-10.704478447590425,-9.42850102209042,0.8687632430292912,1.0235670804977417,0.28,25.20707893371582,0.9415967886710731
69030,0.8578895479440689,0.9929239749908447,0.06566322594881058,-2.089104801416397,-5.23496095685156,33.00446372260549,0.9038244201426454,1.066243052482605,0.4,22.062633514404297,0.9306348067922028
69032,0.8664688169956207,0.8695870637893677,-0.0945892333984375,-12.378077208995819,-9.802518184612019,40.88306520565261,0.8299457588788385,0.910084068775177,0.2962962962962963,29.292673534817165,0.9381450381603174
69043,0.7123123109340668,0.715518057346344,-0.13999499380588531,-26.60520374774933,-2.636297262656596,34.59172071517251,0.6614457201513209,0.8712206482887268,0.18518518518518517,31.6485983984811,0.8692142848752816
70002,0.8589284867048264,0.8123968243598938,-0.11256114393472672,-13.69294673204422,-20.184057481224173,54.92850910179269,0.7749957506555656,0.8898128867149353,0.3181818181818182,24.07763437791304,0.94263484700008
7001,0.8007973581552505,0.8840960264205933,0.00781495962291956,-11.800229549407959,-5.7002079079648995,-8.221417530427551,0.8432776326760907,1.0098744630813599,0.37037037037037035,32.99648143627025,0.8949730305732407
7002,0.8210333436727524,0.8541686534881592,0.009948481805622578,-14.947770535945892,-10.655617920934413,-13.205900599512752,0.8269728523007254,1.0126813650131226,0.2222222222222222,30.625611764413343,0.9077460288285975
7003,0.8595462292432785,0.8828120827674866,-0.01907573640346527,-12.271927297115326,13.293852671169102,-40.03967274814607,0.8602811108449933,0.9741773009300232,0.2857142857142857,23.267599514552526,0.9284350067829525
7005,0.8622812181711197,0.9218325614929199,0.020885977894067764,-7.005779445171356,-4.792622511033674,7.502276150146961,0.8902227609824649,1.029646396636963,0.2,22.883321444193523,0.9288523722812998
7006,0.7709449678659439,1.117722988128662,0.1284170299768448,11.45479828119278,9.921167045265316,-37.82522730960613,0.7615718625665187,1.187318205833435,0.2962962962962963,21.821251621952765,0.9111115049660486
71001,0.8877488002181053,0.9157738089561462,-0.028236139565706253,-9.95209664106369,-1.5125739765529262,-19.404280813375056,0.8916616279708022,0.9626297354698181,0.18518518518518517,22.097788916693794,0.9430209255504676
71004,0.8877385333180428,0.9331924319267273,-0.006072048097848892,-7.973659783601761,-4.404674937187691,-24.998310249924767,0.9113655802966858,0.9923102259635925,0.2857142857142857,25.5468555859157,0.9422620005581482
71006,0.8929690569639206,0.9440642595291138,-0.024040399119257927,-5.510124191641808,4.943099759246049,13.68672844747931,0.9147882370310724,0.9662713408470154,0.18518518518518517,23.77294081228751,0.9452769240814429
71008,0.8821850568056107,0.8980538249015808,-0.05080750957131386,-8.634570986032486,0.5112475495051372,-48.050648500578504,0.861448321144573,0.926539957523346,0.18518518518518517,21.38119450321904,0.9416290546950967
71014,0.8594973683357239,0.8554722666740417,-0.0448480062186718,-15.447402000427246,-5.935188456978353,-27.471306098309068,0.830520023207633,0.9442272782325745,0.21428571428571427,28.81486415863037,0.9312642717369248
72002,0.8515363484621048,0.7998814582824707,-0.055676303803920746,-19.827431440353394,-10.312425037201054,-1.7434839042353694,0.7741778188458535,0.9186716079711914,0.35714285714285715,29.438250405447825,0.9341674897024723
72004,0.8870386034250259,0.9347972869873047,-0.031042052432894707,-7.529857009649277,1.7172524167686647,2.325885088025793,0.9035295265575137,0.9583606123924255,0.32,23.20212173461914,0.9423691067077066
72005,0.9042630568146706,0.8779875040054321,-0.023298708721995354,-11.564422398805618,-1.8216495804110517,1.2877921618617238,0.865126891721654,0.9651841521263123,0.27586206896551724,27.430110142148774,0.9542663920658535
72007,0.814312294125557,1.0635325908660889,0.07387105375528336,9.055008739233017,-7.732602966037286,11.47055069440303,0.8505782791933377,1.1069060564041138,0.2962962962962963,21.751269587764032,0.9171654923912339
72009,0.8619020134210587,1.0275882482528687,0.029199590906500816,4.626570641994476,-1.4137174493785427,-18.644176104112255,0.912665493265888,1.0495572090148926,0.36,23.44751739501953,0.9335900033166467
72014,0.8769899383187294,0.9833322167396545,0.03203439339995384,-1.5825629234313965,-4.01410042722952,9.813799212416138,0.9201393724828846,1.0476467609405518,0.24,22.886825561523438,0.9381155027451341
72015,0.916071854531765,0.9090819954872131,-0.006496775895357132,-8.460286259651184,2.7674892048473128,-12.762496425424342,0.8994569748296298,0.9893708825111389,0.2857142857142857,24.38175848552159,0.9584086760582144
73005,0.918021060526371,0.9262992143630981,-0.024245798587799072,-9.628251940011978,6.806441951085807,-3.041760686292091,0.9104279979269824,0.9698302149772644,0.3103448275862069,20.28313011958681,0.9589985143738177
73009,0.9185260832309723,0.887625515460968,-0.013273035176098347,-10.887598246335983,-5.1724153536938475,16.82852044631877,0.8797994146957601,0.9820032715797424,0.20689655172413793,20.206112697206695,0.9613183028004688
73010,0.9771410319954157,0.9601070880889893,-0.024937642738223076,-4.980047792196274,0.9762251446524128,48.6246913032103,0.9522996935120739,0.9761614799499512,0.16666666666666666,7.178313036759694,0.9892482661804787
73011,0.9127721190452576,0.8618286848068237,-0.007556068245321512,-17.00645685195923,-1.1242609136835744,5.692707643658719,0.855930202619687,0.9897641539573669,0.20689655172413793,24.002719747609106,0.9605028908553562
73014,0.8814774751663208,0.8755307197570801,0.0023493184708058834,-16.086670756340027,-6.74007558961142,16.508277336370305,0.8622870008675522,1.003265619277954,0.07142857142857142,27.1381003516061,0.9411646013305384
73015,0.8112026453018188,0.719740092754364,-0.03296280652284622,-30.58515191078186,-3.07890455047825,7.695313441757228,0.7030296067112103,0.9375931024551392,0.25,39.49712912241618,0.9241634783261312
74001,0.8988982737064362,0.9074864983558655,-0.027868226170539856,-7.8727275133132935,-10.351803194161231,20.013982832232504,0.8893285489611792,0.9663394093513489,0.27586206896551724,18.02577150279078,0.9494392768469164
74005,0.9149742051959038,0.9907787442207336,-0.005027346312999725,-2.742696925997734,-3.5025997941749223,-23.017563584645355,0.9558596767937031,0.9948071837425232,0.35714285714285715,18.921119826180593,0.9571470977187567
74006,0.881332240998745,0.9393988251686096,0.008683133870363235,-6.793390214443207,-2.269163526543604,45.8821983855712,0.9133431092010585,1.009774923324585,0.07692307692307693,19.461230131296013,0.9388332998601902
74007,0.8743855506181717,0.887961745262146,-0.03308189660310745,-13.213005661964417,-6.9206554042800015,14.899948938923298,0.8649348358781443,0.9585868716239929,0.21428571428571427,27.83031293324062,0.9369525509423904
75003,0.9728089850395918,0.9704033136367798,0.002726426813751459,-5.426608771085739,1.2771890763163458,29.65218405608435,0.9673275199610935,1.002790927886963,0.3181818181818182,11.478510769930752,0.9864450072025216
75004,0.9421253353357315,1.026328682899475,0.012266149744391441,1.9246939569711685,2.591076178014377,8.03841506527233,0.9595063702566737,1.013213038444519,0.16,15.140605926513672,0.9722160096164689
75017,0.9065889045596123,0.8931291699409485,-0.022191723808646202,-17.066115140914917,4.608538234263635,-42.72182637975243,0.8804370978647834,0.9718519449234009,0.36,32.45066833496094,0.9543754425239055
76003,0.9199070036411285,0.9257990717887878,-0.08679378032684326,-10.24738922715187,7.1641762589903,30.243199685160647,0.8723697354401925,0.9026745557785034,0.19047619047619047,22.084267934163414,0.9637858509517431
76005,0.8824613094329834,0.9409524202346802,-0.028051989153027534,-7.629804313182831,10.663419434946054,-6.636567834937006,0.9059909548265584,0.9584226608276367,0.4583333333333333,23.781883716583252,0.9398135499831844
76007,0.9288153424859047,0.943702757358551,-0.018352463841438293,-8.731659501791,0.3351441642668043,4.401478073390828,0.9299974774040196,0.978900671005249,0.2,14.84115219116211,0.9641420586655923
76008,0.8534672260284424,0.8651507496833801,0.005919431336224079,-17.057153582572937,-3.4465664730075507,-44.060051510701136,0.8458425926759128,1.0089985132217407,0.3076923076923077,29.296328471257137,0.9258433234177238
76011,0.7010453641414642,1.0463818311691284,0.31176650524139404,3.6588869988918304,-21.91407644550778,-64.54931543446949,0.42046712802470365,1.5697455406188965,0.1724137931034483,24.5607014360099,0.9046213106495213
76014,0.9007606357336044,0.9720089435577393,-0.007007228210568428,-1.8634254112839699,3.828342098645164,-13.467902975146567,0.9409397353514131,0.9880751967430115,0.25,22.843710013798304,0.9493797008415654
77002,0.9023185148835182,0.9477712512016296,0.02362752892076969,-7.640653848648071,-0.8660957988567354,-7.848532328861607,0.9220742270043145,1.0294054746627808,0.16,22.991899490356445,0.9502013860053475
77003,0.8522872775793076,0.8641664385795593,0.00855867750942707,-15.28717428445816,-9.222796569213845,-26.468880922392103,0.8444320408739443,1.0127840042114258,0.23076923076923078,26.310298993037296,0.9252524064948727
77004,0.882766604423523,0.8831233382225037,0.002557570580393076,-13.403673470020294,-12.245686843129375,2.2925232368191972,0.8691782007673281,1.0039923191070557,0.07407407407407407,26.045096362078628,0.9413634032845555
78003,0.9268380925059319,0.9532138705253601,-0.020748678594827652,-5.0888534635305405,-1.2786305236487752,-15.121410613313802,0.9360206630518035,0.9768648743629456,0.16,15.593988418579102,0.962997572959726
78004,0.8539804667234421,0.9144917726516724,0.006515250075608492,-9.926527738571167,-7.282564964786499,31.02470670291425,0.8853206190617487,1.0095762014389038,0.25,25.639351776668,0.9241844354098132
78006,0.9134425893425941,0.9936439990997314,0.028153670951724052,-1.8687687814235687,-3.904558847022827,11.41841520436619,0.945314549841667,1.0330053567886353,0.1111111111111111,20.1653727778682,0.9568636332680858
79002,0.9075884744524956,1.009537696838379,0.00873512402176857,-1.2624239549040794,4.798826892396497,9.705702718016822,0.9522185887746981,1.010239601135254,0.30434782608695654,20.475010249925695,0.9543136107107216
79003,0.8616278767585754,0.9811690449714661,0.03482534736394882,-0.7527506444603205,-5.791355808824266,26.17711792441347,0.9132353361748453,1.048096776008606,0.32,31.897598266601562,0.9302848498604254
79004,0.9057790040969849,0.9319286346435547,0.008699017576873302,-7.100500911474228,-11.21187982655208,33.830662358521266,0.9158446889522925,1.0119168758392334,0.08,21.455730438232422,0.9519750724490081
79005,0.9091625064611435,0.9794198274612427,0.01484691072255373,-4.414713755249977,-2.437976421121791,32.390602413223924,0.9461654618206305,1.0188289880752563,0.28,21.041643142700195,0.9539556387021948
79006,0.9033092707395554,0.9906718730926514,0.007564309984445572,-1.5950461849570274,-3.8700035599343914,23.28972961023622,0.9494538436376898,1.0096696615219116,0.047619047619047616,18.726947194054013,0.9512722089823972
80001,0.9009898006916046,0.9996135830879211,0.05163174495100975,-3.5499129444360733,-2.414285787571401,27.14626497442758,0.9175387243761093,1.06691312789917,0.2962962962962963,19.46130328708225,0.9518092750185405
80002,0.9108377397060394,0.9421565532684326,0.029392043128609657,-9.50498878955841,-16.92686256940009,-0.17437824381471762,0.9207901564633837,1.029929280281067,0.1,15.637199878692625,0.9549159322469134
80003,0.888725072145462,0.9272770881652832,0.03294843062758446,-4.926100000739098,-14.239319103306125,-72.79790131062846,0.8973786606453078,1.0452001094818115,0.1111111111111111,21.999233740347403,0.9434361644859266
80004,0.8111228197813034,0.7199211716651917,-0.059157680720090866,-26.319873332977295,-24.148689202092875,84.74866674520173,0.6959444968548703,0.9078590869903564,0.16666666666666666,33.377888997395836,0.9257325706571966
80005,0.880521297454834,0.8663252592086792,0.042002543807029724,-14.077886939048767,-11.485869752696145,-564.6237604399446,0.8441889441390495,1.0555644035339355,0.06896551724137931,20.87737280746986,0.9423740868810272
80006,0.9540551342070103,1.0038301944732666,0.017850177362561226,-2.0210400223731995,2.776950293482103,47.39314014960869,0.9724454845905854,1.015114188194275,0.18518518518518517,11.161880139951352,0.9772812358396707
8004,0.8038831353187561,0.8879318833351135,-0.028903024271130562,-14.252026379108429,0.3208325966100612,-17.47529416732104,0.8453608473315279,0.9723010063171387,0.46153846153846156,36.1326107612023,0.8971079667118722
8005,0.8968073353171349,0.9453682899475098,0.02958677150309086,-4.739411920309067,-10.221010398170938,23.933558827040823,0.9192652415428954,1.027809977531433,0.46153846153846156,24.26852996532734,0.9474635114461496
8006,0.8588539808988571,0.9247308373451233,-0.04440278559923172,-8.29615443944931,-2.318817791267772,-1.3766926156524837,0.8902092450701212,0.9656859636306763,0.4444444444444444,30.476015585440173,0.9278119820929323
8009,0.8250651955604553,0.854650616645813,-0.013151059858500957,-15.401031076908112,-10.988675351410652,0.9057128012639821,0.828347705758619,0.9838973879814148,0.19230769230769232,36.20396027198204,0.9101180064581003
8011,0.8431235551834106,0.886342465877533,-0.016101162880659103,-11.591394990682602,0.004756360088038616,-16.62719607280268,0.8595323007870959,0.9844458699226379,0.17857142857142858,26.565095356532503,0.9189370090799529
8013,0.7527636587619781,1.0353151559829712,0.019516721367836,-1.14148436114192,12.995820408911584,-61.55529457899704,0.8747169409035138,1.0194708108901978,0.4074074074074074,28.960664184005175,0.8813847725721936
81002,0.8878353983163834,1.0147881507873535,0.05007575824856758,-0.892995297908783,2.0223100997222665,32.62624838967591,0.9161237647414814,1.0625218152999878,0.2692307692307692,19.233127740713265,0.9460782414138126
81003,0.844843402504921,0.8566102981567383,0.0013084952952340245,-13.943737745285034,-13.69468059888833,63.73003464711575,0.8364864867185429,1.002012848854065,0.3,27.127666473388672,0.9214378534506825
81004,0.9383419789373875,0.9304860830307007,0.021638719365000725,-10.210158675909042,-0.8288913082682349,31.112171652107097,0.9190274304400462,1.0284122228622437,0.15384615384615385,18.736659155951607,0.9697160444995521
81006,0.8644026517868042,0.9373555183410645,0.01564885675907135,-6.146198511123657,1.3224013080857357,41.66869809182195,0.9039217175590195,1.0197960138320923,0.21428571428571427,24.7189998626709,0.9298942005904524
81007,0.8443118631839752,0.9680201411247253,0.03985597565770149,-4.217451438307762,-5.5695309731282725,10.117547302906164,0.898497088846638,1.0550321340560913,0.10344827586206896,23.194370598628602,0.9209329789345949
82001,0.8542119264602661,0.8699214458465576,-0.0354963093996048,-15.209774672985077,-6.1840931306532445,21.33108064920085,0.8432299325377801,0.9522817730903625,0.3333333333333333,31.562554836273193,0.9266556435568539
82003,0.8641852736473083,0.9845972657203674,0.0521230585873127,-5.477370694279671,-2.8745790915868517,31.411069336274,0.9028525251621496,1.0681780576705933,0.28,22.097496032714844,0.9325304505991995
83003,0.7876936048269272,0.9483105540275574,0.005954669788479805,-6.997671723365784,-0.9940847487944486,-30.97589397128652,0.8777431575660765,1.0078779458999634,0.2413793103448276,34.596147208378234,0.8894881243242502
83004,0.8039127737283707,1.0556639432907104,0.08747797459363937,2.7406731620430946,-1.7370808981790091,-12.62408354535217,0.8372206969848346,1.1252715587615967,0.19230769230769232,25.985110723055328,0.9122180914261291
83006,0.8493788689374924,0.8999410271644592,0.013027144595980644,-11.713683605194092,-6.965393210148337,-15.641853656242052,0.8717609626840996,1.0185800790786743,0.21428571428571427,29.425300870622905,0.9219728681275826
83007,0.8757382780313492,0.9322125911712646,0.007086695171892643,-5.558731034398079,-10.071700172069782,10.01637419694674,0.9061342975597035,1.0099742412567139,0.2916666666666667,20.154337088267006,0.9358427571489467
83009,0.784985214471817,1.0138189792633057,0.042484164237976074,2.886541374027729,-1.9333855493771863,-594.3800595221102,0.8758164902773744,1.064756989479065,0.18518518518518517,24.594314010054976,0.8949423386289317
83010,0.8956093788146973,0.9629198908805847,-0.016020603477954865,-2.249455079436302,4.14759074451765,-11.508841274188232,0.9314597323545626,0.9781882166862488,0.2222222222222222,20.93127215350116,0.9466419649417783
83013,0.8554718494415283,0.9641345739364624,0.0663922056555748,-3.6370042711496353,-7.524799804315753,16.550083789427983,0.8668431055823528,1.106115698814392,0.19230769230769232,21.490711432236893,0.9280007763280285
84001,0.9056797251105309,0.9604189991950989,0.029326824471354485,0.0032406380341853946,-12.729756850429604,35.85551258318669,0.9296513660450623,1.0330692529678345,0.2962962962962963,21.536198368778937,0.952159649010928
84004,0.9351008981466293,0.9706087112426758,0.023864800110459328,-5.383531749248505,3.7341117335490983,7.476219167003073,0.9495259279345853,1.0247972011566162,0.16666666666666666,14.323411385218302,0.9673062251973473
84005,0.935151644051075,0.9984030723571777,0.04625759273767471,0.18987104995176196,-1.9385041148260853,1.2941552521869752,0.9395870077502511,1.051585078239441,0.32,16.205459594726562,0.9685968288591331
84008,0.8128296285867691,0.9368267059326172,-0.007951595820486546,-5.062706023454666,-9.622980893453036,24.163874227042104,0.8830872100156124,0.9887682199478149,0.2692307692307692,23.282429024025245,0.9022678021557439
84009,0.8407732099294662,0.9401334524154663,-0.035686906427145004,-9.089604020118713,15.077188802229543,-7.441659194560736,0.8890414151937854,0.95541912317276,0.25,25.451980034510296,0.9179003687960712
84012,0.8786115199327469,1.047574758529663,0.0655490830540657,4.5732371509075165,-4.845523471042838,23.22539155465338,0.8873341364844654,1.086176872253418,0.14814814814814814,18.694702784220375,0.9451931953023769
84013,0.9279184341430664,1.0419211387634277,0.06281916797161102,3.536517545580864,4.215093359891527,-17.954477626284305,0.9146616712557688,1.067160964012146,0.3076923076923077,16.738334068885216,0.968146375550102
84014,0.8716941326856613,0.9736247658729553,0.01830165646970272,-5.561153590679169,6.202115177796132,-18.679605006531062,0.9248754714874544,1.0259982347488403,0.25,25.51912750516619,0.9346384394393765
84016,0.7258228957653046,1.255913257598877,0.1664893925189972,25.576889514923096,4.293219599110363,-26.972374626358413,0.6648592610141617,1.2040517330169678,0.3076923076923077,34.130951074453506,0.9279541134701172
84017,0.8811298683285713,1.0450598001480103,0.05015533044934273,4.368337616324425,2.6649600555240247,55.36094935154981,0.910914349012331,1.0539820194244385,0.4230769230769231,15.95176916856032,0.9453025667752345
84018,0.9207596257328987,0.910015881061554,-0.02391902171075344,-12.407180666923523,2.477747423430959,9.074203158565796,0.8986454922618036,0.9740747213363647,0.20833333333333334,20.927882194519043,0.9612253368301338
84019,0.8442157208919525,1.032751441001892,0.09799931943416595,1.4445933513343334,-7.576292369286206,-20.23624330344403,0.8541362460197884,1.1235641241073608,0.2962962962962963,24.920567759761102,0.929746992441035
84020,0.8273121863603592,1.0574089288711548,0.06830412149429321,12.311887741088867,-14.75278499001488,14.810693123504953,0.8662756986348772,1.0923000574111938,0.03571428571428571,23.571051870073592,0.9221083890053159
84022,0.8322683423757553,0.9088888764381409,-0.006108881905674934,-10.676448047161102,-0.5647870920957471,-10.455558765598111,0.8733265157845098,0.9925064444541931,0.07692307692307693,31.98833465576172,0.9123143033792308
84026,0.8745714277029037,0.9858642220497131,0.057889919728040695,0.9630903601646423,-6.814411599386759,55.799221841192924,0.8949979504066736,1.0836948156356812,0.20833333333333334,25.58056910832723,0.9381874767037546
84030,0.8882765248417854,0.952093243598938,0.020553771406412125,-3.090028092265129,-3.7140720287173883,47.83058869905079,0.9197878432881478,1.0293580293655396,0.17857142857142858,21.865599496023997,0.9427545732196173
85001,0.9320614859461784,0.9894735813140869,-0.052406709641218185,-1.3167696073651314,-9.766723720209981,12.094932450308669,0.9513032686352862,0.9656630754470825,0.6086956521739131,14.854729693868887,0.9671131976698372
85002,0.8689408153295517,0.9191382527351379,0.01239608135074377,-9.449556469917297,1.7115370151305414,-2.229443943049938,0.8930978840472051,1.0176738500595093,0.17857142857142858,31.82857036590576,0.9323459147683427
85003,0.8855755105614662,0.8839079141616821,-0.014143885113298893,-10.517513006925583,-16.094068563492666,43.941636992397235,0.8687814658765936,0.9777936935424805,0.03333333333333333,25.237935384114586,0.9430104285266249
85004,0.812126636505127,1.026546835899353,0.09177117049694061,5.163612589240074,-10.34482561425561,-16.95960827593846,0.8544594077241379,1.1135672330856323,0.25806451612903225,30.852117846089023,0.9129378780811356
88001,0.6918712556362152,0.9666192531585693,0.06526356935501099,-3.8070473819971085,-6.6917929358887,49.81429543111371,0.8168095081960585,1.0889904499053955,0.3103448275862069,27.146298309852334,0.843394821754472
89002,0.7969177812337875,1.1187807321548462,0.09814412146806717,15.911690890789032,-16.861919449475394,35.74700441048416,0.7959124154237935,1.1453231573104858,0.2413793103448276,18.329681199172448,0.9198497673352053
89003,0.8794498443603516,0.9711883664131165,0.031880225986242294,-5.266937240958214,17.018597604243602,1.7863612215186606,0.9157256654539678,1.0503716468811035,0.37037037037037035,21.141359541151257,0.9388873955413687
89005,0.6839328706264496,0.8441444039344788,-0.007493980694562197,-15.045331418514252,-5.220829592810697,-405.85595172288595,0.7668806118625122,0.9859578609466553,0.25,37.3845032283238,0.827209662794865
89007,0.7773680835962296,1.0121147632598877,0.14514967799186707,-1.0825357399880886,-18.015637572062264,7.436979514527915,0.7745083220285884,1.201987385749817,0.06666666666666667,20.143818855285645,0.9004971088687653
90003,0.8781232237815857,0.8840765357017517,-0.02620910480618477,-11.61690205335617,-4.005349292693051,16.219894531030977,0.8645116782082145,0.965285062789917,0.1,25.66096305847168,0.939059792406432
9002,0.9102462381124496,0.9695930480957031,-0.025789279490709305,-3.8967084139585495,4.259356615908219,-6.653640869587725,0.9385270795363918,0.971940815448761,0.17857142857142858,15.816017559596471,0.9545355150855706
9003,0.8772005811333656,0.9616371393203735,-0.027324745431542397,-6.474137306213379,9.582429704683243,-1.4973902045626422,0.9171987379438946,0.9618740677833557,0.3333333333333333,20.66781962359393,0.937304280758801
9004,0.8952431976795197,0.9444031119346619,-0.07557401806116104,-4.625464603304863,9.685253258374136,11.631037546289281,0.899184095060845,0.9329773783683777,0.25925925925925924,23.017039122404874,0.9491984162080019
9005,0.817994236946106,0.8104926347732544,-0.06838295608758926,-19.70360577106476,5.266615466744291,-21.006259191746977,0.773561315934503,0.9119634628295898,0.17857142857142858,36.535681997026714,0.9127589300319292
92001,0.9392329454421997,0.9339052438735962,-0.05560189113020897,-0.6331370677798986,-7.871641674164708,32.006535702226564,0.9173370395290086,0.9593782424926758,0.5416666666666666,17.229193449020386,0.9714601845935185
93001,0.8706757426261902,0.9987727999687195,-0.004024452995508909,0.3069347934797406,-2.3097701813128304,2.067316624768438,0.9350430191109029,0.9947484135627747,0.1724137931034483,22.559254744957233,0.9352672865839683
94001,0.9646800942718983,0.9943807721138,0.03886783868074417,1.2544626370072365,-6.2517165574699805,30.243013354895652,0.9648901671186454,1.030210256576538,0.28,8.535140037536621,0.9830157413909427
95001,0.8922530710697174,0.9527571201324463,-0.03484761342406273,-1.0937416926026344,0.4857328054550326,61.1742873619083,0.9228959467757281,0.973221480846405,0.56,24.941715240478516,0.9452637575515839
96001,0.8360274732112885,0.9480288028717041,0.01662592962384224,-6.685888022184372,-4.798604135878687,-599.6076246770808,0.8977400769136561,1.0233731269836426,0.3333333333333333,24.873728222317165,0.9150895561565994
96002,0.9061096757650375,0.8924232125282288,-0.08070646226406097,-8.276582509279251,4.676999001432366,15.468867305576595,0.8546027132486058,0.9118874073028564,0.28,24.402450561523438,0.9575291064361983
96004,0.8416626900434494,0.8939592838287354,0.010418912395834923,-9.771975874900818,-20.512786856443537,10.042269723526346,0.8650003031898413,1.0148950815200806,0.03571428571428571,30.251959392002654,0.9177903825624385
97002,0.8620686531066895,0.899042010307312,-0.04213852435350418,-9.206285327672958,15.17031672392487,37.17242374024032,0.8670687027620213,0.9492985606193542,0.12,25.008922576904297,0.9299458912888497
