basin,NSE,Alpha-NSE,Beta-NSE,FHV,FMS,FLV,KGE,Beta-KGE,Peak-Timing,Peak-MAPE,Pearson-r
10002,0.9010892808437347,0.9292628765106201,-0.07190423458814621,-8.228927105665207,5.8187194961485975,-4.9949323104876635,0.8887320811154706,0.9286056756973267,0.4166666666666667,20.71160078048706,0.9522542191318737
10003,0.924186460673809,0.9609148502349854,-0.08898962289094925,-4.255747422575951,3.3233430472510683,14.873494028193148,0.9108896636326353,0.9277471899986267,0.16,16.713573455810547,0.9654669062744633
1001,0.8757248297333717,1.0093315839767456,-0.005466334987431765,4.224377870559692,-6.65555148426813,24.002406667238883,0.9374510861259611,0.9934882521629333,0.2962962962962963,23.848448859320747,0.9384948351159568
101002,0.750691220164299,0.7460767030715942,-0.2350529283285141,-26.85627043247223,0.21303359909214625,48.002705226717204,0.6284775528841808,0.7430752515792847,0.3,42.21862316131592,0.9131578349136348
101005,0.8463678807020187,0.8527513146400452,-0.024574369192123413,-15.029411017894745,-0.22964863691025084,-3.285589658926217,0.8306075073050562,0.9671271443367004,0.21739130434782608,25.789974046790082,0.9229869062969712
102001,0.8219771236181259,0.8871917128562927,0.002628255868330598,-12.882134318351746,5.3113541030233575,-384.1272853668801,0.8536369499703946,1.0043398141860962,0.14285714285714285,32.539619718279155,0.906846370019726
106001,0.8501220047473907,0.877508819103241,-0.05746304988861084,-18.193319439888,-1.5966704791910586,21.1911079111837,0.8449540759667878,0.9415637254714966,0.48,36.45426559448242,0.9250309998662152
11001,0.9441944397985935,0.967987060546875,-0.015561799518764019,-2.1591495722532272,2.8656149107149886,-4.774254412724455,0.95513309328252,0.9860501289367676,0.3076923076923077,16.20185925410344,0.9718288778483215
11003,0.8767319843173027,0.9343744516372681,-0.015988992527127266,-5.807932466268539,1.8925600541145944,-11.916333825083104,0.9075704085673539,0.985803484916687,0.4230769230769231,26.088419327369106,0.9364785411535135
11004,0.8307459205389023,1.22086501121521,0.04303513094782829,18.39482933282852,16.93270008296353,-2.4880235909295947,0.7713845141961428,1.0335203409194946,0.5384615384615384,19.327396612900955,0.9514194080431324
12001,0.8477607816457748,0.8828128576278687,-0.05502570420503616,-15.325349569320679,6.537848120859155,5.949497563427225,0.8508799814042439,0.9488504528999329,0.5652173913043478,28.34821783978006,0.9232687974803571
12002,0.8765631169080734,0.9058327078819275,-0.02593437395989895,-12.600909173488617,2.7670657498794258,15.479147592416655,0.8838911842484347,0.9742838144302368,0.36,24.44293212890625,0.9371314387780185
12005,0.7997671067714691,0.8663671016693115,-0.06392721086740494,-13.435348868370056,-5.68296814566379,12.164756708441441,0.817155529587299,0.929380476474762,0.20833333333333334,29.592889547348022,0.8971057254201706
12006,0.8114104121923447,0.8389558792114258,-0.03759307786822319,-17.721763253211975,-0.670187875201302,0.44478342188015907,0.8087218957027069,0.9623489379882812,0.20833333333333334,29.516347249348957,0.9039036843974185
12007,0.8044950067996979,0.8419119715690613,-0.029890552163124084,-17.766080796718597,-6.339147058749016,12.321103517787718,0.8101486624800318,0.969930112361908,0.5555555555555556,36.06680764092339,0.8992651625187587
12008,0.865856945514679,0.9329569339752197,-0.002029947703704238,-8.57076644897461,4.137696120327289,5.524067016612487,0.9033990814548284,0.996924638748169,0.125,25.99124312400818,0.9305197372274789
12009,0.8516074120998383,0.9028078317642212,0.029112033545970917,-10.94132661819458,0.6143467452649337,-153.32083092561834,0.8675232070927847,1.0474778413772583,0.15384615384615385,29.904303183922398,0.9235170759530916
13001,0.8852716088294983,0.9215691089630127,-0.031825367361307144,-7.845351845026016,6.708443003821175,-22.00337191994655,0.894509698179989,0.9603641629219055,0.34782608695652173,26.40595228775688,0.9416407716951297
13004,0.8533214181661606,0.8699098825454712,-0.06507614254951477,-15.335631370544434,0.9252076152197818,-23.96943093516817,0.836333545100695,0.9317483305931091,0.20833333333333334,32.846641540527344,0.9278544566647005
13005,0.9085926562547684,0.9459933638572693,-0.007913026958703995,-7.535143196582794,4.0339645534314235,-3.900480589785788,0.9277694312662192,0.9892259240150452,0.2857142857142857,25.91890834626697,0.9532618186187937
13007,0.8820477277040482,0.9202788472175598,-0.011198698543012142,-11.168000847101212,4.241528543401374,4.127796905453348,0.8989247686288276,0.9861165285110474,0.20833333333333334,23.45066467920939,0.939436071666459
13008,0.8929210603237152,0.9639216065406799,-0.012785382568836212,-3.974250704050064,-5.8790613905181095,-13.712072886254767,0.9331352151590182,0.9870374798774719,0.30434782608695654,24.239788884701934,0.9452165896525386
14001,0.9176137372851372,1.0189270973205566,-0.004337041638791561,-0.8627398870885372,11.84477025973971,0.1213592824763394,0.9553266190654954,0.9957594275474548,0.23809523809523808,16.532899084545317,0.9597570689883025
14002,0.9087707176804543,0.985404372215271,-0.009303923696279526,-2.496490254998207,7.004678491870873,-46.721056331108564,0.9505633648459975,0.9898901581764221,0.17391304347826086,23.021979953931726,0.9538617334176733
14005,0.9138696566224098,0.9618151187896729,-0.008169910870492458,-4.684675112366676,1.88639528976423,-19.551214005072943,0.9408587601250014,0.9897449612617493,0.09523809523809523,17.913239342825754,0.9560177844875646
15006,0.9198518320918083,0.9134340882301331,-0.02784264087677002,-12.771238386631012,-5.613596210728801,-19.096546309038484,0.9023397707071015,0.9777337908744812,0.52,22.905727533193733,0.9606543619168301
15007,0.9429716467857361,0.9049780368804932,-0.019724268466234207,-11.355768889188766,-3.697600497515721,28.659319628810543,0.8999948011138836,0.9832687377929688,0.42857142857142855,20.109285007823598,0.9736954149600046
15010,0.8836401179432869,0.8739199042320251,-0.0247210580855608,-12.951146066188812,0.07921871378542905,3.198843474135371,0.8592231207056538,0.9743445515632629,0.18181818181818182,21.122009103948418,0.9428708729236729
15011,0.8198950439691544,0.768422544002533,-0.059894148260354996,-24.8529851436615,-1.76044809465066,-5.80085536415238,0.7428021378038152,0.921714186668396,0.46153846153846156,39.72797393798828,0.920037798785688
15012,0.8788836672902107,0.9309698939323425,-0.036359064280986786,-4.023610427975655,-14.283951775842398,-33.811566355618936,0.9025825065433944,0.9698613286018372,0.7083333333333334,28.793434302012127,0.938220772309705
15013,0.8583442568778992,0.8733016848564148,0.01631486602127552,-16.350671648979187,0.02822404492952262,-2.2723572149283227,0.8527564521542378,1.021877646446228,0.15384615384615385,27.788683084341198,0.9282395101190225
15014,0.8336767107248306,0.8846926093101501,0.021292131394147873,-12.765529751777649,-8.764670064621656,21.483726272404304,0.8536373844504405,1.026279330253601,0.3333333333333333,28.70103972298758,0.9137699722589128
15016,0.9657554775476456,0.9729232788085938,-0.013873035088181496,-0.5679144989699125,-0.6084284295162173,21.587785108343837,0.966082815707249,0.9888632893562317,0.35,8.944812417030334,0.9828769092769948
15021,0.8859636783599854,0.9806215167045593,0.006505276076495647,-4.984147846698761,7.03391291379621,-447.9137762366005,0.9385894510186368,1.006295084953308,0.7058823529411765,26.445694530711457,0.9420681277983235
15023,0.9066807329654694,0.9537607431411743,0.04701727256178856,-10.660184919834137,6.533385567732106,18.191851045220695,0.9105068021395063,1.0607905387878418,0.16666666666666666,21.44461441040039,0.953358023387458
15024,0.9035302922129631,0.9482415318489075,-0.031552866101264954,-4.555576294660568,-2.8709224433833516,1.5734391726073973,0.9181204958236611,0.9596124291419983,0.16666666666666666,23.435309727986652,0.9510698630800472
15025,0.8475306630134583,0.9357230067253113,0.01088535413146019,-9.147033840417862,2.768861415387957,-8.10895366527196,0.8973152236495828,1.0118290185928345,0.19230769230769232,27.217914440013747,0.9207995849200827
15030,0.9251536205410957,1.0669783353805542,0.03560108691453934,9.760833531618118,6.149595438048371,-7.9887905204650025,0.9160055943766358,1.038995385169983,0.30434782608695654,16.234106602876082,0.9676221881357477
15039,0.7780656963586807,0.8112493753433228,-0.022759495303034782,-19.51136738061905,-6.62634813923753,-3.0646412713362823,0.7776035392917031,0.9731440544128418,0.2413793103448276,42.20876036019161,0.8854917225091967
16001,0.9116354435682297,0.9690250158309937,0.0011111472267657518,-6.2681712210178375,-2.446610397535294,9.87936591233471,0.9452781992990473,1.0010570287704468,0.32,22.687495671785797,0.9549011250931574
16003,0.9151143804192543,0.9322632551193237,0.005405445583164692,-7.26289376616478,-7.949295792958589,15.709389975509067,0.9193649659107147,1.007773518562317,0.07407407407407407,18.55948942678946,0.9569498603403926
16004,0.9315536543726921,0.9957066178321838,-0.011807790026068687,-0.6852543447166681,1.0357692270530392,8.234437735581485,0.9635378322453875,0.9883745312690735,0.5217391304347826,19.949829578399658,0.9657085284113843
17001,0.7826005816459656,0.8486931920051575,0.0077023315243422985,-12.53759115934372,-6.121188165938207,19.02109125921359,0.8097863657758414,1.0128188133239746,0.30434782608695654,32.369400107342265,0.8854436622262263
17003,0.8037862330675125,1.1748487949371338,0.05475251004099846,15.666261315345764,22.91042670594656,-50.454335113673935,0.8030838747736869,1.0584173202514648,0.2,27.879552841186523,0.9307809565378504
17004,0.8873756304383278,1.0277823209762573,0.05950009822845459,2.0445559173822403,-3.539200305899041,-11.23970925254188,0.9141523290176382,1.061818242073059,0.5454545454545454,19.767455621199172,0.9473077785506748
17005,0.8904293328523636,0.9040937423706055,-0.006479902658611536,-10.283824056386948,-4.38590473400573,-25.891844443021977,0.8888613693827089,0.991340160369873,0.16666666666666666,23.342223962148033,0.9445131354229547
17015,0.8437582552433014,0.9642761945724487,0.001770403585396707,-5.853811278939247,7.668915240672569,-22.30409375778146,0.912028298063649,1.0025373697280884,0.20833333333333334,24.86884593963623,0.9196483240858312
17018,0.6772858798503876,0.8999802470207214,-0.14520716667175293,-6.949359178543091,18.964267077007012,23.08710948816612,0.7495329966945433,0.8372728824615479,0.34782608695652173,48.66199493408203,0.8379825503953153
18001,0.8415300250053406,0.8494700789451599,-0.06250230222940445,-19.472265243530273,6.556173610158078,18.882274318058613,0.8131380220088699,0.9210676550865173,0.20833333333333334,27.267038822174072,0.9223609208423991
18002,0.8646043688058853,0.8399713039398193,-0.03965066000819206,-18.373164534568787,-4.290947111934957,36.678485884410236,0.820980023759063,0.9521500468254089,0.23809523809523808,23.927243550618492,0.9355845491223309
18003,0.935232125222683,0.9416487812995911,-0.060339558869600296,-4.328908026218414,1.2629692130158165,-10.714708700618472,0.9061036734838662,0.9331250190734863,0.4166666666666667,17.63321955998739,0.9693504920842132
18008,0.9286977350711823,0.9587921500205994,-0.0013862355845049024,-5.236921086907387,-4.942488520098237,23.20375009190409,0.9450656678955814,0.9985056519508362,0.25,16.31081302960714,0.9637031562289264
18010,0.9321138113737106,0.9747216105461121,-0.032081346958875656,-1.90536230802536,-0.1562041157433481,31.391313527881703,0.9440078169991333,0.9633622169494629,0.2,14.063943624496462,0.9660323619166434
18014,0.8662375509738922,0.963877260684967,0.013246692717075348,-4.795502126216888,5.1221363188674065,25.008509064084976,0.920712207488931,1.0165234804153442,0.0,25.322092147100538,0.9313802044551266
18017,,,,,,,,,,,
18018,,,,,,,,,,,
19001,0.8982392400503159,1.0145256519317627,0.03278406336903572,-0.6691912189126015,-0.711890446016839,-0.8229851897626209,0.9320134909199853,1.0442619323730469,0.28,19.614761352539062,0.9504817993516724
19006,0.8716389238834381,1.0213024616241455,-0.0163573045283556,6.816037744283676,-8.673214764931505,32.074155272150264,0.9313451759886838,0.981162428855896,0.2916666666666667,22.996457417805992,0.9375113138066784
19010,0.5450713038444519,0.6283624172210693,-0.37138375639915466,-26.587626338005066,-19.37383901802366,22.767867163308345,0.459516581289501,0.6342872977256775,0.13636363636363635,43.31842769276012,0.8576551639066778
19017,0.8943993598222733,0.9820383787155151,0.056345134973526,-4.557342827320099,5.561918614327631,-0.5874201986090065,0.8907189745624311,1.0944311618804932,0.2608695652173913,24.194632405820098,0.9480146333337984
19020,0.8168193399906158,0.7866430878639221,-0.07314333319664001,-19.905607402324677,-8.190509104396662,-186.49918872788618,0.7411627209822591,0.8799868226051331,0.21052631578947367,29.752666071841595,0.91590242390738
20002,0.8743779510259628,1.0576822757720947,0.052279528230428696,4.042157903313637,16.27620383519931,75.79659818417232,0.8820388024363393,1.0859826803207397,0.4,18.769173622131348,0.9434794030705045
20003,0.8623169958591461,0.821433961391449,-0.0830773413181305,-20.93498706817627,13.156240302873279,2.583099551065416,0.7734742315040153,0.8742842674255371,0.25,32.36765066782634,0.9398032539782089
20007,0.8576717376708984,0.8860194087028503,-0.06344231218099594,-9.99409556388855,3.5547643630736427,-27.436606749415148,0.8350753920256984,0.9040428400039673,0.38095238095238093,29.072959082467214,0.9292838450668804
2001,0.7862962782382965,0.794460654258728,-0.096971794962883,-21.241499483585358,-10.965485173151272,-9.566881010926998,0.7460295573271969,0.8911301493644714,0.24,34.98859405517578,0.8980102028325031
2002,0.8044930994510651,0.805613100528717,-0.0570940226316452,-20.86554914712906,-10.29755257338128,21.42086951615592,0.7710396325367276,0.926200270652771,0.37037037037037035,36.76733440823025,0.9041345571588291
21003,0.9097932875156403,1.007054090499878,0.003308550687506795,0.01652999490033835,0.20582785472315934,5.422934715379898,0.9545739823487278,1.003247857093811,0.43478260869565216,23.00203572148862,0.9552427177861367
21006,0.8772421106696129,0.9887411594390869,0.0439007543027401,-4.391537979245186,-3.955607222556675,7.3854162676987,0.9225931436583442,1.0462523698806763,0.4166666666666667,25.81682801246643,0.9389608470050347
21008,0.7901911735534668,0.91170734167099,-0.011497575789690018,-10.820011794567108,1.7104753378304318,-3.121490953031891,0.8576660563742183,0.9856702089309692,0.5238095238095238,21.666882254860617,0.8892840793689462
21009,0.881816066801548,0.9184831380844116,-0.005448648706078529,-11.194013059139252,0.6281251962734791,31.761493404198387,0.8981990560869922,0.9942045211791992,0.17391304347826086,19.743023747983184,0.9392970690143227
21011,0.8513711392879486,1.0249049663543701,0.10439249128103256,0.43636076152324677,-8.098373959691973,15.471354761649911,0.8618126326653122,1.118327021598816,0.20833333333333334,21.09009027481079,0.9331104858641283
21012,0.8117877691984177,0.8972898721694946,0.012645034119486809,-13.510443270206451,-4.627717941081478,26.150100097250974,0.856390145270253,1.0170619487762451,0.3333333333333333,29.117707411448162,0.9010893841870496
21013,0.8120750188827515,0.973289966583252,-0.017435753718018532,-3.883267566561699,-3.728119816228951,3.9754638847803747,0.8983813727449949,0.9801662564277649,0.391304347826087,23.451504500015922,0.9039815531474358
21015,0.7929448038339615,0.9930450916290283,-0.0008758004405535758,-6.822244077920914,5.03933874052614,11.623075053300775,0.895534261229058,0.9988781213760376,0.625,29.89052931467692,0.8957720708501643
21016,0.6544434428215027,1.1077628135681152,0.07017818093299866,6.907478719949722,-0.9077476573120709,11.515093803224817,0.7868478603480809,1.1084758043289185,0.2608695652173913,22.22917079925537,0.8514940724237948
21017,0.8064895123243332,0.9579298496246338,0.02490435168147087,-5.697421357035637,-2.409383702163634,34.8719381539143,0.8861869040365177,1.0351008176803589,0.42857142857142855,29.815787360781716,0.9002430159920765
21018,0.8780414834618568,0.9363806247711182,0.00014095574442762882,-10.558775812387466,-0.21088033160405537,-19.193195765517068,0.9104927596279115,1.000151515007019,0.5652173913043478,29.59292038627293,0.9370389150528978
21022,0.7926663607358932,0.9195656776428223,-0.011585941538214684,-10.986469686031342,2.3677386136950593,8.173747449695538,0.863262019396899,0.982245147228241,0.38095238095238093,28.80536715189616,0.8908562400803013
21023,0.5193862617015839,0.6488246321678162,-0.03227575123310089,-35.145556926727295,7.891529409700343,-304.05697698852714,0.5465130148195281,0.9165865182876587,0.34782608695652173,41.786927762238875,0.7254667637158867
21024,0.7663359344005585,0.882077157497406,-0.025082984939217567,-13.621523976325989,1.2581185062538973,-44.084635797626184,0.824632742358592,0.9623269438743591,0.5,28.180400848388672,0.8757880073787934
21026,0.7442977726459503,0.7961334586143494,-0.04712101072072983,-21.083039045333862,-2.1548726238317784,19.084343638381974,0.7442820968295438,0.9217937588691711,0.48148148148148145,40.39415430139612,0.8669065623197963
21027,0.7235961854457855,0.8509966731071472,-0.03539741784334183,-19.116096198558807,6.8484525552707005,14.335041134655983,0.7809603231400227,0.9392650127410889,0.3333333333333333,28.909873962402344,0.8513808560903245
22001,0.8870158940553665,0.9656977653503418,0.011079291813075542,-6.622087210416794,0.9986182641486778,9.367014482324764,0.9305317126982601,1.01747465133667,0.4090909090909091,26.129592548717152,0.942174087129223
22006,0.9204016998410225,0.9401747584342957,-0.013911755755543709,-6.545297801494598,-4.378856078475248,7.174282687731047,0.9222340751510968,0.9709767699241638,0.30434782608695654,21.658677640168563,0.9596746772464813
22007,0.8967236131429672,0.9057414531707764,-0.032349079847335815,-10.85854172706604,-14.612582315345154,15.94207452510759,0.8746298130807707,0.9353649020195007,0.4166666666666667,27.41176684697469,0.948470258812441
22009,0.8860587924718857,0.9475656151771545,0.009984844364225864,-10.150772333145142,0.9974028133195397,14.566908714145171,0.9198967763655163,1.0151948928833008,0.34782608695652173,21.44166490306025,0.9413802340916404
23001,0.8771140277385712,0.9184297323226929,0.004516593646258116,-10.585953295230865,5.096464584875507,13.383985560043024,0.8966151992317563,1.005660891532898,0.2962962962962963,21.5493467119005,0.9367333992694828
23004,0.865943044424057,0.9045488834381104,0.02098418027162552,-11.707452684640884,-5.1562536580642675,37.72878261877691,0.8784551362500056,1.0304265022277832,0.25925925925925924,23.295648009688765,0.9311780106849855
23006,0.877457968890667,0.8919402360916138,-0.022351272404193878,-12.008503079414368,-2.338389021338567,1.1717886849199612,0.8718248350740062,0.9695979952812195,0.1935483870967742,23.232792269799017,0.9381317655258469
23007,0.8495787978172302,0.9060991406440735,0.013215269893407822,-4.7324273735284805,12.44979835015193,-12.13911130596483,0.8758900408593712,1.0222535133361816,0.09523809523809523,28.20078893141313,0.9219571161840912
23008,0.8614696562290192,0.8862812519073486,0.0018314413027837873,-14.441336691379547,-8.833993254843591,9.97425842644977,0.8659799034886502,1.0029988288879395,0.3333333333333333,30.522267023722332,0.9291449393024572
23011,0.8501971215009689,0.9495263695716858,0.025658229365944862,-3.4733131527900696,-9.750765654790419,-13.434363350754735,0.9005847961049319,1.0371047258377075,0.15384615384615385,23.785858887892502,0.9228052157371207
23016,0.8936106190085411,0.9898451566696167,-0.007116306107491255,-6.33312463760376,-16.951887829353254,48.98257432960679,0.9433565700388499,0.9849777817726135,0.2222222222222222,24.71036253304317,0.9463372543170976
24001,0.9008613079786301,0.8947030901908875,-0.013297170400619507,-13.397103548049927,1.5278941975589955,8.344271333611463,0.8821513385303721,0.9802703857421875,0.21739130434782608,27.01241866402004,0.9508918528544141
24003,0.8715652972459793,0.8241811990737915,-0.05338973179459572,-18.44058781862259,4.173532090606804,-22.297141988745206,0.7953333899827382,0.9123786091804504,0.125,29.842762152353924,0.9425660173096454
24004,0.8758609294891357,0.8988020420074463,-0.002585891168564558,-14.083148539066315,1.0292168207214427,19.894860175562176,0.8805449389898211,0.9962137341499329,0.16666666666666666,29.31656241416931,0.9366426871624475
24005,0.894302099943161,1.0257667303085327,0.07005524635314941,-0.5172893404960632,-13.777846885452252,18.444585089147427,0.8658841774340984,1.1222339868545532,0.2727272727272727,24.015333435752176,0.9511944477607654
25001,0.8654172867536545,0.9238155484199524,-0.03107028268277645,-11.113428324460983,5.219011230170055,-1.3250950919119613,0.8891011245272247,0.958659291267395,0.25925925925925924,24.125183953179253,0.9308231561860514
25003,0.7152380049228668,0.8102027177810669,-0.02380956895649433,-15.408442914485931,-33.912105463893774,-430.61446504459724,0.7534878468626857,0.9640974402427673,0.07142857142857142,33.47114154270717,0.8468457003229105
25006,0.8716608583927155,0.8981793522834778,0.0023807648103684187,-10.62966212630272,-13.706928960371062,29.006897500165774,0.8787684876570347,1.004141092300415,0.2,23.17510986328125,0.9343304740529532
25012,0.8569632917642593,0.8760461211204529,-0.046833716332912445,-9.225548058748245,-14.81860747835744,-550.7663880646998,0.8416017290828078,0.9322023391723633,0.10344827586206896,24.258439294223127,0.9283834842611601
25020,0.8388920426368713,1.0355124473571777,-0.0395527258515358,0.8685829117894173,4.17935209189017,-57.360308866251444,0.8932773865279272,0.9345211386680603,0.14285714285714285,27.66342390151251,0.9235729038384569
25021,0.8385842442512512,0.9445970058441162,-0.07576202601194382,-5.104520171880722,23.074155913576007,28.88961743672029,0.8419775840934902,0.875998318195343,0.17391304347826086,29.01539180589759,0.9192214442001488
26003,0.639477014541626,0.7806708812713623,-0.4328366219997406,-27.93232500553131,8.583630055559766,-63.91527449508256,0.670509447389418,0.7675305008888245,0.2857142857142857,31.834224292210173,0.9198957309480638
26005,0.7375163733959198,0.7028313875198364,-0.24047893285751343,-36.32309138774872,6.81747035542648,4.351906269719004,0.5546856523273762,0.6788378953933716,0.6,40.9763240814209,0.9172317297247917
26008,0.8182074576616287,1.0143542289733887,-0.25514042377471924,5.863372981548309,9.947857706941779,-9.526529194701245,0.8227897029640662,0.832966148853302,0.2,28.160643577575684,0.9425792889521024
26009,0.9050353616476059,0.9520912766456604,-0.11116191744804382,-8.081818372011185,7.024962619343382,-91.8182464536132,0.9039767568313648,0.9282620549201965,1.2666666666666666,15.228945414225262,0.957823173532053
27001,0.8758011162281036,0.8325104117393494,-0.03685131296515465,-20.434869825839996,-0.6914628484885652,21.46042229709343,0.8153469815427417,0.9470561146736145,0.25,31.16031090418498,0.943070920820719
27002,0.8906927704811096,0.9008578658103943,-0.06503221392631531,-10.817955434322357,-5.671968336052218,25.31632778914708,0.8605123813828184,0.9173389077186584,0.2,21.32682991027832,0.9471343514304604
27003,0.9555882066488266,0.9339090585708618,-0.0597207173705101,-7.238335907459259,1.2546583992444447,16.394770780513625,0.9079467814422072,0.9389722347259521,0.043478260869565216,11.156865824823795,0.980470679133295
27006,0.9073811993002892,0.8886166214942932,-0.019957177340984344,-9.878066182136536,-6.163073685256076,24.931755290473863,0.8767164385989117,0.9721479415893555,0.20833333333333334,20.500306288401283,0.9550907320625194
27007,0.9151625707745552,0.9133328199386597,-0.041281990706920624,-7.77345597743988,-9.529848410231969,18.57279934084802,0.8892849556266499,0.9449295997619629,0.04,19.099843978881836,0.9586010631968586
27009,0.9368721693754196,1.0579923391342163,-0.026380540803074837,11.93014532327652,0.12888111201023172,12.470335055789818,0.9292420799525586,0.9706010818481445,0.2608695652173913,14.161340050075367,0.972084494224846
27021,0.9141311049461365,0.8930814862251282,-0.016792887821793556,-12.385407090187073,-6.503666624618145,-7.3729963598802195,0.8835941383952987,0.9801220893859863,0.3333333333333333,18.172043561935425,0.9584834406805344
27023,0.818632498383522,0.8488273024559021,-0.013035057112574577,-6.009116768836975,13.257398638210145,-15.785807442158001,0.8205202935676084,0.9743089079856873,0.5238095238095238,24.66317957097834,0.9067275585748379
27025,0.8126983493566513,1.0570672750473022,0.06901495158672333,0.21634073927998543,7.123985347467745,16.0416026141189,0.8655055714018887,1.0874115228652954,0.375,19.088164965311684,0.9151984486404997
27026,0.9043533280491829,0.9398961663246155,0.03583986312150955,-6.295745819807053,-19.264783848307633,2.656813069583981,0.9044750200166666,1.0564086437225342,0.0,21.990604834123094,0.9517235472334371
27029,0.9140641242265701,0.8917433023452759,-0.04771721735596657,-9.977489709854126,-2.9111056455637976,-0.38508179758297656,0.8720551645409751,0.9450150728225708,0.2916666666666667,26.51813228925069,0.9596635882009393
27030,0.8752023279666901,0.9122902154922485,-0.02906871773302555,-12.04698234796524,-8.0216540298048,-2.04812886452857,0.8851124612961112,0.9619725942611694,0.2727272727272727,24.822367321361195,0.9362814260688793
27032,0.8448908030986786,0.8399173021316528,-0.06066222861409187,-14.906896650791168,-15.364853480897466,-32.15740825752948,0.8058062981525462,0.9195250868797302,0.125,24.810107549031578,0.9251100004093051
27034,0.8943844735622406,0.9301180839538574,-0.020732466131448746,-6.728782504796982,-6.207292266012357,25.31774243998842,0.9070513881865204,0.9708676338195801,0.28,22.771392822265625,0.9460809172138219
27035,0.9108465760946274,0.8856208920478821,-0.04873776063323021,-9.620095789432526,-3.8884165873389582,5.423109031384157,0.8609563608774683,0.932773232460022,0.44,15.920123100280762,0.9583933302144915
27038,0.13866716623306274,0.670488715171814,-0.3366807997226715,-38.62483501434326,-6.070048641542679,-60.74487644987582,0.39629850080525864,0.8311117887496948,0.2727272727272727,33.5931734605269,0.5231828595766207
27041,0.9271076768636703,0.971454918384552,-0.12023817002773285,1.4130809344351292,2.8508655463638557,-14.801592786265513,0.8984231837666911,0.9071371555328369,0.72,20.25084686279297,0.9703432970623789
27042,0.8807435557246208,0.8736646771430969,-0.03543252497911453,-8.985059708356857,-9.131030883500223,4.24419489273639,0.8565903142291835,0.9654253125190735,0.16666666666666666,24.750820795694985,0.9416020962951352
27043,0.9004000127315521,0.9577981233596802,-0.013377957046031952,-4.622470587491989,1.9541967350115295,-19.818212114416898,0.93141872089968,0.9819905161857605,0.2222222222222222,20.859160246672452,0.9490289107060104
27047,0.8988791480660439,0.9524011015892029,0.036855459213256836,-4.356035217642784,-23.22471120085074,-423.90534369663015,0.9071194678107828,1.0611658096313477,0.14814814814814814,18.072569811785662,0.9488152184534058
27049,0.8634332120418549,0.8462128639221191,-0.09881798177957535,-17.57376194000244,6.430329868656004,-6.37693585671964,0.8080043602493239,0.9025470018386841,0.28,32.0347785949707,0.9390512050192514
27051,0.8786592185497284,0.9400343298912048,-0.0023330217227339745,-4.691112786531448,-18.348674669779168,-3.6592340923641697,0.913186357162792,0.9956611394882202,0.16666666666666666,23.701413472493492,0.9373749149259756
27062,0.9275466352701187,0.9333244562149048,-0.08202672749757767,-5.022271350026131,-1.465781324759462,26.29507355531384,0.8748775073487275,0.8993406891822815,0.3157894736842105,14.66801404953003,0.9671714579377712
27064,0.8616482019424438,1.1482818126678467,0.026468340307474136,10.730037093162537,5.4142401512429785,14.001686532346286,0.8376067246031808,1.0429832935333252,0.22727272727272727,27.415836941112172,0.9496361597664276
27065,0.904821902513504,0.8895905017852783,-0.04049408808350563,-12.456291913986206,4.968019948050612,-39.9361684007188,0.8701800684697023,0.9492807984352112,0.34782608695652173,26.031013157056726,0.9542777962130556
27071,0.8988410905003548,0.9337331652641296,-0.07998796552419662,0.9621741250157356,-6.79459422219281,9.060115786292982,0.8779982114905194,0.9097148776054382,0.3076923076923077,18.15342352940486,0.9516084750415955
27073,0.6836365163326263,1.0599628686904907,-0.05574242025613785,14.560666680335999,-11.619429693451009,37.040375135318165,0.8385390122791613,0.9662773013114929,1.875,22.017943859100342,0.8539284951561052
27077,0.7541415840387344,1.2835490703582764,0.1332663744688034,24.51164722442627,7.189681468856171,6.037564841292671,0.6664465547521687,1.165974497795105,0.2,28.730104446411133,0.9424648662353352
27079,0.9114167615771294,0.8890458345413208,-0.06334265321493149,-11.602327972650528,2.166211631930839,14.125087359086294,0.865098036712352,0.9349141120910645,0.3,22.57542610168457,0.959360855553599
27080,0.9376456588506699,0.9337229132652283,-0.046802155673503876,-2.5786133483052254,-7.559431459533624,-3.083728882435462,0.9133680978324369,0.9528776407241821,0.2,11.304536819458008,0.9701350120809917
27084,0.8858409076929092,0.884316086769104,0.0027212025597691536,-12.523797154426575,-7.90317387164502,1.2744439654991022,0.8709746627135887,1.004306674003601,0.2608695652173913,22.69046617590863,0.9430243697666676
27087,0.7495027780532837,1.0499745607376099,-0.24243593215942383,16.2577286362648,8.056294378704777,-12.30873349599988,0.8278895668636354,0.8621417880058289,0.8095238095238095,27.930491311209543,0.9098908558511393
27089,0.9210534542798996,0.9543307423591614,-0.018761692568659782,-4.183787852525711,-5.651680225965778,35.18461561683143,0.9350036804035733,0.9769343137741089,0.041666666666666664,18.91277631123861,0.959914908175928
27090,0.8800266832113266,0.9182716608047485,-0.015873944386839867,-10.121017694473267,1.859310800213253,44.3138451217588,0.8951444575715888,0.9770525097846985,0.2962962962962963,26.847920594392,0.9384485902422949
28001,0.7444343864917755,0.8044818639755249,-0.03201555833220482,-22.36884981393814,4.408024560587612,-3734.5199348694414,0.7572249916640472,0.948642909526825,0.5,43.356757164001465,0.8655574010361042
28003,0.8507397770881653,0.8841587901115417,0.07675377279520035,-13.455991446971893,2.0073829860866708,-11.240202100204572,0.84096179307794,1.0804580450057983,0.23076923076923078,21.45518156198355,0.9265121210919306
28008,0.9144675806164742,0.9553319811820984,-0.03897789865732193,-7.200343906879425,-0.06883919133983592,-7.210144865911927,0.9285995136824964,0.9645017981529236,0.25,20.113436381022133,0.9570736071060725
28009,0.9665207490324974,0.9794766902923584,-0.02553187869489193,-1.4008172787725925,0.7693275651348113,-18.758397964087578,0.9656442773515208,0.9779670238494873,0.52,11.420109748840332,0.9834574065124483
28012,0.7336411774158478,1.1295685768127441,0.03523760288953781,20.99034935235977,-11.192901783092303,36.744327171132404,0.8280705518725829,1.0262459516525269,0.5,23.207594219006992,0.8900778954988059
28015,0.5898775458335876,1.2102800607681274,0.4332248866558075,23.402516543865204,-5.564140068451158,22.122038174905036,0.6441733105156848,1.2774416208267212,0.25,17.159918944040932,0.9263720431781397
28018,0.9246117174625397,1.09074866771698,0.000171092979144305,8.410096913576126,11.46784351808601,-9.827878796752525,0.9041723642152306,1.000158429145813,0.21739130434782608,13.020751787268598,0.969217050370419
28022,0.9560763239860535,0.9695897698402405,-0.02619854174554348,-4.649849608540535,5.3087327247298735,-1.5849683777259471,0.9564259231149124,0.9776882529258728,0.5833333333333334,12.226331233978271,0.978180192014636
28023,0.9365682527422905,0.8630303144454956,-0.10944574326276779,-10.10291650891304,-10.345214271902394,-1.5167008008049674,0.8413013235977819,0.9221165776252747,0.38095238095238093,20.9369386945452,0.9810593651078884
28024,0.8910247087478638,0.9167251586914062,-0.02909252420067787,-3.6186151206493378,-0.9635625169700308,0.3755331078619779,0.8903824383880545,0.9548889398574829,0.17391304347826086,19.38099653824516,0.9448066772915835
28026,0.9145216420292854,1.0205718278884888,0.016724243760108948,2.6042794808745384,1.583604208978843,11.032667436058833,0.9487758865280689,1.0218104124069214,0.22727272727272727,18.381285667419434,0.9584666927761383
28031,0.8861754164099693,0.9769851565361023,-0.002911192597821355,-5.420619249343872,6.167524863443278,-7.631608426539388,0.9375372108513635,0.9967566132545471,0.34782608695652173,20.928121649700664,0.942022440108446
28033,0.821193277835846,0.7995973229408264,-0.10064584016799927,-22.578802704811096,-5.628906935770613,-21.853696247745262,0.7587401273868798,0.8923575282096863,0.2608695652173913,26.75330535225246,0.9196371265590441
28039,0.8775627985596657,0.8878878951072693,0.07720550149679184,-10.939894616603851,-16.42386880220489,-11.327694740605503,0.8159535000812544,1.1337165832519531,0.038461538461538464,25.24275596325214,0.9414861945154339
28040,0.8731837570667267,0.8951404690742493,-0.012206319719552994,-12.223419547080994,-3.9555264271926807,5.004908488926342,0.8755729539815036,0.9823365807533264,0.23076923076923078,24.910448147700386,0.9353890707740804
28043,0.8896652013063431,0.8198601603507996,-0.041455090045928955,-20.882922410964966,-1.65674655655548,-6.7421215184211905,0.8072223916681818,0.9494510889053345,0.18181818181818182,30.60635653409091,0.9535494668228676
28044,0.7854325771331787,1.0035616159439087,0.06458627432584763,-4.856353253126144,9.495610343475388,9.485595011393707,0.8925326109394865,1.0234448909759521,0.2857142857142857,14.278609412057058,0.8951816252249751
28046,0.9305786043405533,0.9270185232162476,-0.06814461946487427,-8.65967720746994,2.4416120663524743,-2.3406482665620514,0.9078730702825726,0.9538171887397766,0.22727272727272727,19.92307576266202,0.9679340808688571
28048,0.8238819688558578,0.8625860810279846,-0.015555228106677532,-16.9461727142334,-0.18449459929630996,5.346684563325039,0.8335382019620338,0.9766408205032349,0.2727272727272727,29.496880011125043,0.9089983856625447
28050,0.5721750557422638,1.1277117729187012,0.003966580145061016,5.884702876210213,-1.9457229081050686,0.8950030707086734,0.7772696888203946,1.0033150911331177,0.375,24.460711081822716,0.8175513640859294
28052,0.8097082078456879,0.8407591581344604,-0.09070446342229843,-16.568240523338318,4.272246354300448,16.22768939509723,0.794007392140266,0.9084016680717468,0.2916666666666667,25.236797332763672,0.9068063609318215
28055,0.9034118801355362,0.9073278307914734,0.004861032124608755,-12.357401102781296,-7.028201189777146,-40.53168017731697,0.8952155411230913,1.0064220428466797,0.13043478260869565,23.918728206468664,0.9515189806007734
28056,0.8901714980602264,1.0415079593658447,0.09507574141025543,4.415465146303177,-10.553351863051729,-17.829366189229468,0.8510281360999791,1.1349364519119263,0.22727272727272727,19.52366612174294,0.9524409894073672
28060,0.7079484462738037,0.7630049586296082,-0.16120491921901703,-25.659626722335815,4.869223314660006,-2.6516981412394736,0.6745597523827632,0.8244279026985168,0.2857142857142857,44.925594329833984,0.8624531215033464
28066,0.7350448369979858,1.1788769960403442,0.2151820957660675,16.86909794807434,-4.408184612213603,9.833162410318321,0.6402194456648305,1.3019565343856812,0.18518518518518517,21.064447473596644,0.9208335998854722
28067,0.9243638589978218,0.8643171191215515,-0.00817351508885622,-17.51524657011032,-0.5227139639320789,17.381312386327245,0.8600950951030093,0.9916238784790039,0.21739130434782608,24.274087988811992,0.9669337205143024
28072,0.8313024640083313,0.86579430103302,-0.041583143174648285,-13.913597166538239,23.874115092435694,-44.69147641130512,0.8339953483848715,0.9536713361740112,0.5,27.468661828474566,0.9139765751045505
28074,0.9448028728365898,0.9505322575569153,-0.028850920498371124,-3.591679409146309,1.7388386320621882,-67.06858550348316,0.9356130228202489,0.9691325426101685,0.43478260869565216,17.63919954714568,0.9726901965913822
28080,0.8562672585248947,1.0066477060317993,0.06160910800099373,2.014636993408203,-1.7850553436550298,-10.308643002512065,0.9169455081356814,1.0450084209442139,0.07142857142857142,16.238740512302943,0.9305154789362164
28081,0.8208760321140289,0.8724313974380493,0.18646465241909027,-8.53884369134903,-17.795735862825804,52.98389078901512,0.7671343929922427,1.1804560422897339,0.14285714285714285,23.51329760117964,0.926595236063263
28082,0.9172032475471497,0.9677656888961792,0.044888935983181,-2.8979482129216194,-9.067129332703924,27.657568729273397,0.9195539086076496,1.0611157417297363,0.09090909090909091,20.480036735534668,0.9588006198979565
28085,0.9507706388831139,0.9344603419303894,-0.046248890459537506,-7.187537103891373,-1.1707661856350118,-3.0168854383212476,0.9177749548421803,0.9559411406517029,0.17391304347826086,17.816427479619566,0.9771017864397464
28091,0.8898483291268349,0.9099869132041931,-0.09053827077150345,-9.837104380130768,14.382288253654485,-22.201026456660294,0.8711335028880018,0.9235475659370422,0.2,19.644229888916016,0.9484321455821917
28093,0.9475247301161289,0.917362630367279,-0.012270151637494564,-7.1635521948337555,-4.873523589411114,-71.98308948214157,0.9125668356193661,0.9858320951461792,0.34782608695652173,20.57777280392854,0.9752029468313458
28115,0.8486266583204269,1.049040675163269,-0.07950828969478607,2.588912844657898,-2.4285989215973802,-4.70870497454836,0.9077729479581083,0.9615511298179626,0.037037037037037035,14.243799668771247,0.9320108413819279
28116,0.6912166774272919,1.2191874980926514,0.10800420492887497,22.201134264469147,9.866234426571472,5.490014474430957,0.749365677687434,1.0658800601959229,0.38461538461538464,23.05810634906475,0.8978519610097936
28117,0.9511446096003056,0.993115246295929,-0.052085455507040024,-2.7273986488580704,12.62127545390852,-3.1953970897020136,0.9468248131795622,0.952654242515564,0.1,14.005694389343262,0.9767926755517207
29002,0.8570527881383896,1.0389437675476074,-0.061126772314310074,5.000609904527664,-0.5550329351397192,-72.07153475732466,0.9166952052454561,0.9678777456283569,0.4090909090909091,22.583101106726605,0.9337336241191805
29003,0.8098440617322922,0.8268786668777466,-0.13078433275222778,-21.57168835401535,-0.3736700489814527,-61.26550389914453,0.7872587482523562,0.9116687178611755,0.5294117647058824,35.411397148581116,0.9134816273336148
29005,0.7119842171669006,0.6972354650497437,-0.09010294824838638,-37.97643184661865,2.2094383105023567,-10.085628430976858,0.6312100416179829,0.838386058807373,0.29411764705882354,53.380118476019966,0.865016283234047
29009,0.8744061291217804,0.8744238615036011,-0.05436677485704422,-3.856508806347847,-11.88753331123649,-0.14896608295713243,0.837555136344156,0.9170255064964294,0.2,30.39255142211914,0.9388918941847737
30001,0.8797174394130707,0.9251858592033386,-0.16012237966060638,-8.179553598165512,12.488873489857212,-23.902854658937613,0.8236390808991751,0.8477168679237366,0.13636363636363635,19.493608889372453,0.9518765565655541
30004,0.839926615357399,0.9403188824653625,-0.05089880898594856,-4.135141521692276,5.115717657736112,22.044670725334917,0.8860064249784625,0.9477114677429199,0.52,33.14410356374887,0.9181549711319741
30005,0.7114435434341431,0.97417151927948,-0.23207607865333557,10.687080025672913,2.430661337851604,-37.85673022281325,0.7751575663575242,0.8116949200630188,0.35,25.489201545715336,0.8798825307464897
30011,0.8818148896098137,1.0192630290985107,0.013997257687151432,1.5714386478066444,1.2059977924946976,-17.667511854507495,0.937751617659829,1.0132204294204712,0.45454545454545453,23.250003294511277,0.9423023652143662
30012,0.6156701743602753,1.261731743812561,0.17374497652053833,30.84690570831299,-28.17785708112044,89.01431282194555,0.599287954914818,1.2815207242965698,0.45,44.70626740228562,0.8868067177403199
30014,0.7405559122562408,0.8902270197868347,-0.06332000344991684,-11.380461603403091,-0.6261230024731862,-2.624148478706552,0.7905979915304207,0.8854891061782837,0.36363636363636365,37.98780026643173,0.8633019782061006
30015,0.8686662167310715,0.9433860182762146,-0.03690217435359955,-8.33304151892662,4.161522407423777,-6.795650187852935,0.9081822044468573,0.9733307361602783,0.29411764705882354,28.896104588228113,0.9328128358995194
3003,0.8840371370315552,0.889647364616394,-0.03012225031852722,-11.25187799334526,-13.576336185279525,19.33600834476194,0.8689118731861671,0.9592163562774658,0.13333333333333333,25.11710325876872,0.9421805633012059
31002,0.9039927124977112,1.0123354196548462,-0.013344054110348225,2.355305664241314,-18.07036941796972,36.77265804261991,0.9468289761593087,0.9789785146713257,0.125,23.79986345767975,0.9527443934248799
31006,0.8088265359401703,1.0291063785552979,0.1882159262895584,3.655557334423065,2.34998059779262,24.538923149879846,0.8621087374639955,1.1118156909942627,0.6153846153846154,16.884728578420784,0.9247399823369368
31010,0.9031637534499168,1.0186269283294678,-0.005092422477900982,1.3797870837152004,12.590877077049619,-77.27186819679119,0.948670232377459,0.9932332038879395,0.13636363636363635,22.184504162181508,0.9526503109242443
31021,0.8724402189254761,0.9344906806945801,0.0026179878041148186,-5.5749427527189255,-8.697128523977636,-3.718600251948865,0.9069338665029612,1.0045034885406494,0.2631578947368421,31.81912522566946,0.9340488599098284
31023,0.6637000143527985,1.0606828927993774,0.0706489309668541,-0.10965371038764715,-82.64558749962401,-400.02209321775615,0.7218054251603063,1.2232884168624878,0.125,41.609247525533036,0.8455587785376552
31025,0.8527869284152985,0.9533856511116028,0.05481862276792526,-4.642783850431442,-37.728983336978466,-35.25094108172217,0.851896206470108,1.1192187070846558,0.3333333333333333,28.7013190133231,0.9255101616546344
32003,0.8805915415287018,0.917277991771698,-0.046133413910865784,-3.986566886305809,0.6616119962299727,-33.47326054433219,0.8588485652735189,0.9027531147003174,0.3333333333333333,26.751950052049423,0.9398016596613231
32004,0.8675341010093689,0.8981046080589294,-0.01163681223988533,-8.918032050132751,-13.782695668548905,92.18833077051984,0.8765081897023297,0.9839293956756592,0.42105263157894735,28.92609646445827,0.9321082332795657
32006,0.7736859172582626,1.0798701047897339,-0.009285555221140385,4.865273088216782,5.19701515021835,-27.3665816727088,0.8701614502956697,0.9891929626464844,0.2727272727272727,21.251421389372453,0.8982059761388691
32008,0.8602493703365326,0.9776679277420044,-0.04681355506181717,-6.460576504468918,3.9974203670898234,4.427263385897579,0.9040978799453191,0.9384768009185791,0.3333333333333333,26.804760524204802,0.929904414158708
33006,0.87565878033638,0.8532485365867615,-0.07303865998983383,-11.508285254240036,-11.340408751127033,-2.969647985096894,0.8353681392027313,0.9519867897033691,0.8947368421052632,27.308509224339534,0.94288267152032
33007,0.8772611394524574,0.9260479807853699,-0.004259331617504358,-7.567708194255829,-15.152440712484225,15.254030471595362,0.9026279396904763,0.9978646636009216,0.4117647058823529,23.784873064826517,0.9366923596912404
33012,0.8681481033563614,1.0186387300491333,0.033030301332473755,-0.0334769458277151,-24.107477071118687,3.2396652099455023,0.8982906436847805,1.0768091678619385,0.2222222222222222,27.886888715955948,0.9359863870995523
33013,0.8403630554676056,0.9029616713523865,-0.14484024047851562,-7.488982379436493,-9.398606484900181,-25.281777791164796,0.8105393081694261,0.8538586497306824,0.85,21.80720329284668,0.9284344897058783
33014,0.8895280510187149,0.8972867727279663,-0.05142954736948013,-8.785735815763474,-6.849629293524681,11.266121300947262,0.8776755079283699,0.9615947008132935,0.045454545454545456,12.607286193154074,0.9457938444609342
33018,0.7996582984924316,0.9845295548439026,-0.04131811857223511,-8.400722593069077,2.9832131553769057,-39.1529709213215,0.8827613376455259,0.9420886039733887,0.4090909090909091,28.834412314675074,0.8992436627919238
33019,0.9298521429300308,0.9294770956039429,-0.08213995397090912,-4.559003934264183,-7.5826150911018075,15.325884280239723,0.9019969387803967,0.9396405816078186,0.8333333333333334,16.80684354570177,0.968569750632305
33020,0.6623108983039856,0.6197388172149658,-0.03430313989520073,-41.23243987560272,-13.23350706397895,-3.9636259851207765,0.576644465874969,0.8967641592025757,0.0625,47.43356108665466,0.8451655648246618
33021,0.8757583275437355,0.9506769180297852,0.06478539854288101,-6.993277370929718,-6.694445818973101,-37.46840500651964,0.8914707671416995,1.0742937326431274,0.26666666666666666,27.635285059611004,0.9381431551101886
33022,0.9172531813383102,1.021984338760376,0.11186918616294861,0.8915159851312637,-4.843712709636256,23.41698394667581,0.8913558958674095,1.1007758378982544,0.19047619047619047,15.808412006923131,0.9658758046549527
33023,0.8521376401185989,0.9269953370094299,0.03238435089588165,-5.485599115490913,-19.596565577145682,-114.33329051708353,0.8867675339052095,1.0408437252044678,0.058823529411764705,17.921565560733573,0.9236868250499096
33024,0.848883643746376,1.0201529264450073,0.14937123656272888,4.511447995901108,-14.436927636076824,-24.557369915589234,0.8346421262879095,1.1515809297561646,0.25,16.782960295677185,0.9370690244113242
33026,0.9340374246239662,1.023834466934204,0.010150262154638767,5.335377529263496,-4.7200913769712765,-0.27720907492013835,0.9580930706831868,1.013092279434204,0.6470588235294118,21.876144409179688,0.9681142487944313
33028,0.8218470960855484,0.8774519562721252,-0.05403498187661171,-6.2066782265901566,-0.14720940435015153,2.823046528479545,0.8410988637959865,0.9564494490623474,0.08695652173913043,21.634458458941914,0.9087043397612775
33029,0.9057512283325195,0.9482563734054565,-0.05403487756848335,-9.52318161725998,18.99995571314301,18.150603126005205,0.91932807684307,0.9594351649284363,0.47368421052631576,27.944848411961605,0.9532554768095887
33031,0.6988581120967865,0.6254344582557678,-0.11681491136550903,-40.85557162761688,14.805708629795348,-18.55817286828802,0.5204277896255938,0.7246046662330627,0.14285714285714285,44.685082208542596,0.8823243014015176
33032,0.7834768444299698,1.010753870010376,-0.08250389248132706,-7.847906649112701,5.6537418652153555,-28.59572424599857,0.8866604032078507,0.9555075168609619,0.7,21.576297283172607,0.8963147193429591
33033,0.8098695427179337,0.9887896180152893,0.1439226120710373,2.383175678551197,-12.334307676600487,-22.05263462874813,0.8782073708078753,1.0859041213989258,0.34782608695652173,21.229951278023098,0.9143947794350958
33034,0.8530381768941879,0.8354095220565796,-0.10586397349834442,-13.997144997119904,-8.699071223145912,14.873210412668161,0.8049145558662495,0.9179114699363708,0.9444444444444444,17.558615737491184,0.9349632541157556
33035,0.8246941417455673,1.0242434740066528,-0.040492188185453415,5.025826767086983,2.4764272195820496,90.45784773032412,0.906368148913322,0.9677437543869019,0.875,31.222476561864216,0.9155091003423795
33039,0.9395333454012871,1.037841558456421,-0.003869065549224615,3.924170508980751,5.268255557275589,-28.378723683120064,0.9524485325651908,0.9954531788825989,0.6842105263157895,18.80894836626555,0.9715661306446105
33053,0.8850974962115288,0.9707760810852051,0.05570331960916519,-4.066228494048119,-19.67776667885972,79.72066378832815,0.8901946943445974,1.0890947580337524,0.16666666666666666,23.39019775390625,0.9428572681415651
33054,0.7291558980941772,0.9151455163955688,-0.40165600180625916,-12.766434252262115,10.284338328797746,-82.5077454571622,0.8142982276293836,0.8445655107498169,0.3076923076923077,16.006955733666054,0.9440984398665989
33058,0.8430003523826599,0.8457041382789612,-0.06803149729967117,-23.37266504764557,27.543709606913875,-30.15352198227776,0.8031302595664346,0.9042245149612427,0.16666666666666666,33.07091130150689,0.9239898808070118
34002,0.8683411777019501,0.8789584636688232,-0.16440674662590027,-8.925284445285797,-14.253959528061461,13.799372810082838,0.7809782190710797,0.824786901473999,0.047619047619047616,25.93119939168294,0.9488154602562232
34003,0.8419288694858551,0.9202256202697754,-0.13653242588043213,-9.776940196752548,-7.124792119524553,3.0037194094808566,0.8751805193646167,0.936845064163208,0.4583333333333333,22.970149914423622,0.9276992035714997
34004,0.4860613942146301,1.3121126890182495,0.06695431470870972,35.22882163524628,20.83167530587851,38.411064518548855,0.6487642295052547,1.0360373258590698,1.0476190476190477,29.159059978666757,0.8429855198595936
34005,0.7208613753318787,1.0406571626663208,0.15676751732826233,2.8821034356951714,-13.834988193542614,15.408609205839433,0.7944511129885607,1.1607221364974976,0.36363636363636365,28.032950921492144,0.8784856596312783
34006,0.8685217499732971,0.8895869255065918,-0.04235626757144928,-5.670705810189247,-8.084840301514493,-27.216843286568253,0.8550229733505839,0.9331698417663574,0.3333333333333333,25.028233301071896,0.9339619716565909
34007,0.8878761306405067,1.0107135772705078,-0.0668812170624733,-1.5189090743660927,2.9980348212769976,7.496111114273714,0.870347695699827,0.8822506666183472,0.3,25.95659255981445,0.9468019383756334
34008,0.45245325565338135,0.8228545784950256,-0.5649322867393494,-16.097329556941986,-2.219688055790702,47.722899026401436,0.7107229997876505,0.8051443099975586,0.18518518518518517,29.85817591349284,0.8802839084945008
34010,0.7837457209825516,1.0606893301010132,-0.0464065819978714,12.556196749210358,-12.709565508706106,26.919560898199762,0.8646336595680345,0.9307007193565369,0.25,25.813565254211422,0.9008109832888159
34011,0.8684024810791016,0.8850343227386475,-0.056626096367836,-11.69017031788826,-17.076934351233426,-22.609515374374194,0.8629292599036242,0.9634280800819397,0.42857142857142855,19.03001694452195,0.934932531047276
34012,0.7675272673368454,0.9596177339553833,-0.22113275527954102,-10.972979664802551,11.627963233079509,-71.10058724348346,0.8554672170347131,0.898648738861084,0.9166666666666666,24.260648091634117,0.9052006339349056
35003,0.7404329776763916,0.7456929683685303,-0.05751677230000496,-23.96070808172226,-20.370671497912003,-13.878349426633532,0.6916124045600778,0.8819818496704102,0.2857142857142857,43.88921571814496,0.871537714185096
35008,0.8606023490428925,0.9162278771400452,-0.04268181324005127,-8.362789452075958,-12.507015775669261,6.007423892308088,0.8648443667628853,0.9214312434196472,0.3181818181818182,29.51970929684846,0.9287523536060357
36003,0.8404979854822159,0.8557410836219788,-0.11165139824151993,-12.631835043430328,-3.2912025007146344,29.19917710833723,0.7713419593565907,0.8386479020118713,0.3333333333333333,32.17265870836046,0.9262479486986875
36006,0.9376329779624939,0.9674103260040283,-0.001455887220799923,-0.21197712048888206,-6.582039540539143,57.64768341679664,0.9545081347327589,0.9981163144111633,0.45454545454545453,19.237828254699707,0.9683160185120064
36009,0.8291528820991516,0.8433570265769958,-0.023473983630537987,-13.993488252162933,-23.001654136087872,-11.476363453496825,0.8134923332456501,0.9472708702087402,0.3,26.46233558654785,0.9135839858197097
36010,0.8159603327512741,0.8018976449966431,0.008017837069928646,-16.27419739961624,-37.806650290683905,-5.889400329931937,0.7810877393774986,1.023114562034607,0.23529411764705882,41.03027449713813,0.9097572617052972
36011,0.864632785320282,0.8571258187294006,-0.05126640573143959,-15.583467483520508,7.3887937509256,6.734439682827268,0.8173831333680218,0.9070355296134949,0.20833333333333334,29.659501711527508,0.9344752294891907
36012,0.6394422054290771,0.8935933709144592,0.06960660964250565,-3.809468448162079,-44.67977176080147,63.52409891666772,0.7599153059632484,1.095839023590088,0.52,28.14235496520996,0.8073003083690289
37001,0.9326468780636787,0.9214901924133301,0.0175680760294199,-4.196643084287643,-14.928159513633169,26.603710686734395,0.9094379222997787,1.0307646989822388,0.3157894736842105,22.268009185791016,0.9669661790490832
37003,0.8324380666017532,0.7684995532035828,-0.055185846984386444,-20.61091661453247,-15.243256990981408,29.56548887829133,0.7391842271383458,0.903958261013031,0.3,33.496878147125244,0.9278307899527775
37005,0.9182249754667282,0.9284659624099731,0.008799569681286812,-6.537404656410217,-16.27282248533688,45.482047339442964,0.9163359356112789,1.0134830474853516,0.25,23.637058337529503,0.9587596730539579
37008,0.9176532700657845,0.939437210559845,-0.006621154956519604,-6.305170059204102,-3.7165938407787986,20.483788505721513,0.9257286388172032,0.9901624917984009,0.23529411764705882,19.30899760302375,0.9581477950454654
37009,0.8159081488847733,0.8084188103675842,-0.008614571765065193,-13.966912031173706,1.2677073668805081,1.2898904506163176,0.7875650463327364,0.9888759851455688,0.36,21.88953971862793,0.9088873575613177
37010,0.8663967400789261,0.8640906810760498,-0.023517727851867676,-13.065069913864136,-19.113623574201025,30.194061873106865,0.8453302365918811,0.9675089120864868,0.2631578947368421,22.992820739746094,0.933699759061163
37011,0.877662904560566,0.9496767520904541,0.026527252048254013,-5.199763551354408,-5.242965420796582,37.59031810056191,0.9050522222354256,1.0505034923553467,0.2222222222222222,35.309293270111084,0.9372939517894897
37018,0.840820387005806,0.9889599084854126,-0.0025530459824949503,-1.1301511898636818,4.846043980950654,40.421139935342936,0.9187467932660843,0.9962732195854187,0.2962962962962963,20.094712575276695,0.91958662367718
37019,0.8328267484903336,0.9693421125411987,-0.020643731579184532,-3.509664908051491,0.8185984316861455,-54.132885498510156,0.9037405405100504,0.9681983590126038,0.18518518518518517,29.63457460756655,0.9144743716283271
37020,0.9137979745864868,0.9049811363220215,-0.06102374941110611,-10.069980472326279,9.551344756607042,15.154297787004795,0.8534498113942924,0.896069347858429,0.058823529411764705,19.549277093675403,0.9594193042057932
37031,0.7362799346446991,0.7084718346595764,0.020842989906668663,-21.085931360721588,-19.063808110995552,25.101952399820092,0.6784560855098272,1.0506764650344849,0.32142857142857145,35.70648261478969,0.8741679148606412
37033,0.8175851255655289,0.9055885076522827,0.025619931519031525,-8.449134230613708,-41.90338305837449,78.76580851635198,0.8584664716010771,1.0448427200317383,0.27586206896551724,27.56641486595417,0.9045676143341226
38001,0.9044848382472992,0.880229651927948,-0.06823908537626266,-12.507258355617523,2.940414645819163,43.0137162032807,0.8484015527906423,0.9178526997566223,0.09523809523809523,17.883785565694176,0.9565376716947622
38003,0.8187681436538696,0.8341618776321411,0.03564799204468727,-12.007135897874832,-16.545489479130246,7.177306861725157,0.8094875858407168,1.021013855934143,0.5238095238095238,25.918572289603098,0.9086155649080194
38004,0.8685433268547058,0.9794826507568359,0.014091547578573227,-6.161266937851906,14.529770767181827,-11.465497743016838,0.9260564332442045,1.0242060422897339,0.17647058823529413,20.841778649224175,0.9332111015117749
38007,0.8179467916488647,1.0153143405914307,0.05795811116695404,-2.1577339619398117,0.2777363784361675,25.065495506923703,0.8722600365025809,1.0914297103881836,0.14285714285714285,26.778762681143625,0.9121161146460598
38012,0.5730301141738892,0.6404063105583191,-0.02716461382806301,-29.17945086956024,-28.052587129042756,-66.71415346158352,0.5681559702349265,0.9413588047027588,0.17857142857142858,42.74400642939976,0.7681749479207036
38014,0.8395361006259918,0.7985233068466187,0.010956342332065105,-21.083441376686096,-29.893970519502012,52.82850323806245,0.7841004301808596,1.0199335813522339,0.15384615384615385,36.596921774057236,0.9250172106510971
38017,0.6512754857540131,1.0780677795410156,0.23341967165470123,15.315492451190948,-6.639710714127752,90.6388295723127,0.7625594443787981,1.1800663471221924,0.75,24.653977155685425,0.8663603730725404
38018,0.8685950338840485,0.8917298316955566,-0.045173365622758865,-5.629466846585274,-11.037144674127449,8.608440933509337,0.8704342198002495,0.9732834100723267,0.3076923076923077,16.237304760859566,0.9340372387120269
38021,0.8059805780649185,0.8053833842277527,-0.01569029875099659,-21.124710142612457,-9.776358454028353,-325.86516783871457,0.7796519306502545,0.9638010263442993,0.2608695652173913,42.23577250605044,0.9032152964679254
38026,0.8951349779963493,0.9434080123901367,-0.08537248522043228,-2.51320730894804,-3.6932850114835407,25.963697995662553,0.8436542929041543,0.863107442855835,0.21739130434782608,24.63142146234927,0.9499824544365022
38029,0.8342200219631195,0.9381199479103088,0.04026789218187332,-5.001715198159218,54.574504015903834,-364.61628936939127,0.8471757826960928,1.1105620861053467,0.23529411764705882,19.56963141759237,0.9145475239448098
38030,0.8525712490081787,0.9177383780479431,0.06904265284538269,-7.28529617190361,-19.863027984652955,19.531163344046227,0.8673966133868971,1.073041558265686,0.30434782608695654,27.930066896521527,0.9259620741700493
39001,0.9490010477602482,0.9766027331352234,-0.00769971776753664,0.8162615820765495,-4.553686945364078,2.2180407086089957,0.9642123646341876,0.9917722940444946,0.5,15.306081555106424,0.9742002402521939
39002,0.9416794329881668,0.9664098024368286,-0.07207641750574112,-1.1690999381244183,3.0319700096996542,10.212728175536595,0.9144598407462583,0.9260737895965576,1.0555555555555556,11.636368433634441,0.9730977159295241
39004,0.6619478464126587,0.8436809182167053,0.2197822630405426,-8.59021246433258,-18.266480550682793,0.7160625265255282,0.7023359046456477,1.1986087560653687,0.125,30.965852737426758,0.8427650791086171
39005,0.7492627203464508,1.1035871505737305,0.21298401057720184,12.066853791475296,-1.006666577653162,71.96320869298948,0.789865536668205,1.1601536273956299,0.13793103448275862,17.842180975552264,0.9118126395236906
39006,0.8569686859846115,0.8833525776863098,-0.12377368658781052,-20.395798981189728,4.452835034778228,-4.830142131145027,0.8386641061841733,0.9091634750366211,0.8888888888888888,18.780689769321018,0.9354138154594905
39007,0.9254694953560829,0.9091980457305908,-0.04103296995162964,-10.135551542043686,-0.20513323326198737,20.147645577798805,0.8958988341783665,0.9635321497917175,0.28,18.450347900390625,0.9644731970553831
39008,0.8890660256147385,1.020890712738037,-0.0505044087767601,10.065583139657974,2.483103075443714,33.369570835602666,0.9241570321975994,0.949794352054596,1.263157894736842,15.986507817318566,0.9471310412363272
39010,0.8618476688861847,0.8986199498176575,-0.002833422739058733,0.6244516931474209,-26.216466504945735,3.4528569578824935,0.8761354905482835,0.9983411431312561,0.35294117647058826,13.798172333661249,0.9288540210508768
39011,0.9153833612799644,0.9072438478469849,-0.049975018948316574,-14.683966338634491,1.5516363295325057,-71.51060842763066,0.8899393785288083,0.9567784070968628,0.18181818181818182,22.14571996168657,0.9594841939077212
39012,0.7711822241544724,0.8157443404197693,-0.23720821738243103,-17.659956216812134,-1.0363694817602733,2.563593425423948,0.7507611634864312,0.8552491068840027,0.25925925925925924,25.32836419564706,0.9150469042270222
39014,0.7516870349645615,0.9294795393943787,-0.21630503237247467,-12.300988286733627,2.908131761591329,-24.762493723050508,0.7993471635039071,0.8447288870811462,0.4375,28.49278450012207,0.8942677583570681
39015,0.8404565006494522,0.8652148246765137,-0.18085508048534393,-11.462272703647614,-8.236812679806528,6.4222260024469735,0.8240837332457178,0.9060006737709045,0.8235294117647058,24.339580535888672,0.9372017827461887
39016,0.9482849426567554,0.9651068449020386,-0.0440385602414608,-2.6251062750816345,-3.3442738115413824,-17.805233921641562,0.9488708727202404,0.972363293170929,0.5,13.093259599473742,0.9748431357410459
39017,0.7837967127561569,0.8646556735038757,0.025222113355994225,-11.691104620695114,-76.68834180817066,-79.19996238463823,0.8082240453995375,1.0738223791122437,0.26666666666666666,33.67505669593811,0.8859377959601108
39019,0.9006615802645683,0.8544584512710571,-0.09409241378307343,-18.397368490695953,-7.938562635247087,-21.1783269197627,0.8396179216071367,0.946190357208252,1.4444444444444444,13.224250740475124,0.959446442747648
39020,0.8560515344142914,0.858620822429657,-0.15978989005088806,-11.942993104457855,-8.879353603457266,-25.63813514558652,0.8150018039111688,0.8953530192375183,1.2,19.62992827097575,0.9426827240445621
39021,0.8683173805475235,0.8858970999717712,-0.03449847176671028,-8.08957889676094,-4.198650917463859,11.193794129753206,0.8636264825992894,0.9656147360801697,0.5714285714285714,23.981918607439315,0.9336982799728879
39022,0.8977103903889656,0.9468281865119934,-0.07019305974245071,-6.282278895378113,5.537277154111574,10.980574818541236,0.9091218284930989,0.9457839131355286,0.16666666666666666,23.162442445755005,0.9500778983621635
39023,0.8118967860937119,0.8646073341369629,0.05761772021651268,-13.932855427265167,-12.16162708288982,-26.603693670867408,0.831967836599882,1.0252559185028076,0.10526315789473684,19.135910586306924,0.9037411170436542
39025,0.8868419528007507,0.9731736779212952,-0.034018393605947495,-2.198094129562378,-8.621098491296232,12.024449660054758,0.9208523693009318,0.9522947669029236,0.09090909090909091,23.894344676624645,0.9428256471470007
39027,0.6321112513542175,0.7550699710845947,-0.14458703994750977,-29.445931315422058,1.8666879108063776,-14.367525535533336,0.66824221474051,0.8818649053573608,1.0625,33.66111516952515,0.8099562986322479
39028,0.8542835563421249,1.141842246055603,0.23529617488384247,14.568977057933807,-8.59749052128559,-58.00562298065611,0.7989942892963522,1.1390620470046997,0.46153846153846156,17.15218470646785,0.9692458124437825
39029,0.7785688042640686,0.9830954670906067,-0.02819451317191124,2.333480305969715,-20.898070428096023,-4.523305163816889,0.8859326593144349,0.9871171712875366,0.3181818181818182,16.039026867259633,0.8879302551865252
39034,0.9472024850547314,0.9930112957954407,-0.03392542898654938,4.002200812101364,4.447567720512445,0.683890959486283,0.9589625455120898,0.9690121412277222,0.47619047619047616,13.958099910191127,0.9740195594129384
39035,0.9122475609183311,0.8968244194984436,-0.11641868203878403,-1.7522463575005531,4.189799112611273,78.38119852935004,0.8488691896862554,0.8954063057899475,1.2777777777777777,17.680255572001137,0.9645672390893689
39036,0.417239248752594,0.7906132936477661,0.09198017418384552,-7.616580277681351,-53.13715652893589,42.18235511503893,0.6029584840464225,1.0354621410369873,0.5454545454545454,23.395358432422984,0.6645277818555594
39037,0.9132434353232384,0.9523975253105164,0.015600338578224182,-11.333169043064117,-2.561362046243377,-46.56678584682713,0.9334963821051454,1.0141608715057373,0.75,32.11786349614461,0.9557709901225463
39042,0.9171381071209908,0.9527643918991089,0.03889943286776543,1.1338886804878712,-11.031002450911382,20.455347459844997,0.9269404986960851,1.0371830463409424,1.2,12.451906204223633,0.9584800153790598
39049,0.8622399270534515,0.9624524712562561,-0.06601360440254211,-5.44530525803566,6.925880079291166,-64.2763560827921,0.8795706916153392,0.9083952307701111,0.11538461538461539,19.03542555295504,0.9314291048798089
39052,0.8679208755493164,0.9489368200302124,-0.036316704005002975,-4.557816684246063,-15.406887904602645,64.4671807820831,0.9034972860004551,0.9536774158477783,0.14814814814814814,19.86802419026693,0.9324756069400739
39054,0.8552383333444595,0.983620285987854,0.05771294981241226,-2.591480314731598,-24.7199860151537,-628.7166683721846,0.8510123233590818,1.1295377016067505,0.375,37.59053349494934,0.9282433513729942
39056,0.831259235739708,0.8946000337600708,0.17141583561897278,-7.916923612356186,-30.004693150050393,18.580752128219956,0.750141093590683,1.2149009704589844,0.26666666666666666,23.78972371419271,0.928320901760218
39061,0.7094718217849731,1.1138590574264526,-0.15137259662151337,18.559755384922028,14.763679819165157,85.98550611701712,0.8091710695479271,0.8980931639671326,2.111111111111111,26.117384433746338,0.8856899282249716
39065,0.8083124160766602,1.0291757583618164,-0.06689797341823578,20.4698845744133,-3.9949798170862936,-2.3056438724997066,0.8945516872085295,0.9544937610626221,1.5,17.78581142425537,0.9094610359438823
39069,0.8725794106721878,0.9175695776939392,-0.05497472360730171,-6.371622532606125,-6.497833630293129,39.87224257777683,0.8628364480870366,0.9110490679740906,0.2692307692307692,30.138538501880785,0.9359157028317645
39072,0.9475966654717922,0.9700825810432434,-0.02518473193049431,-1.7171815037727356,1.677750966746486,11.696887789590251,0.9548442398864,0.9786359071731567,0.9,12.008404731750488,0.9737785154484169
39078,0.9059059098362923,0.9621603488922119,-0.003416248830035329,-5.162682011723518,1.6181209753821282,11.173548477300239,0.9386569974598435,0.9963977932929993,0.2857142857142857,21.844046456473215,0.9518528415010548
39081,0.925309345126152,0.9388082027435303,-0.0964873656630516,4.899834096431732,1.1798863471015006,20.010245890492534,0.8796908437763714,0.9017541408538818,0.36363636363636365,21.915492144497957,0.9671730570962558
39087,0.8140556514263153,1.0059741735458374,-0.06202983111143112,-2.913433685898781,3.927630988565092,-18.613170421735955,0.8887543556455489,0.9355679750442505,0.4,25.456002906516744,0.9095101287525345
39088,0.8015988022089005,0.8750150203704834,0.1908947378396988,-14.35835212469101,-13.232283775195292,8.959963134260796,0.8065798799239847,1.1216455698013306,0.75,15.786546468734741,0.9163791110730155
39095,0.8294096738100052,0.8402765393257141,0.040804047137498856,-15.273338556289673,-20.06238289045596,50.06975776408685,0.8101812188161144,1.0568958520889282,0.2962962962962963,19.891578179818612,0.9146627407550458
39099,0.9423123933374882,0.8867881298065186,-0.04620400071144104,-16.36296808719635,1.6493681910849798,78.88819379627168,0.8760258491638386,0.9555922150611877,0.75,14.585119485855103,0.9759041256711899
39101,0.9058492481708527,0.874333381652832,-0.06551499664783478,-17.17486083507538,-0.4792759766627558,-55.96273016140061,0.847244887609537,0.9241844415664673,1.5555555555555556,23.820927408006458,0.9576440500753223
39105,0.9289681315422058,0.9813860058784485,0.0088229700922966,3.1360123306512833,-15.056761456469186,15.66891165977312,0.9580883351025075,1.01077139377594,0.6666666666666666,24.37870502471924,0.964026621600881
39108,0.801635354757309,0.7270191311836243,-0.21432319283485413,-30.320820212364197,-10.53424525682603,86.48491246155088,0.6674812357629304,0.8178488612174988,1.4666666666666666,30.428314208984375,0.9464170132388784
39114,0.7319875359535217,0.703818678855896,-0.1654059737920761,-31.83874487876892,7.543652312217379,-8.914584352791346,0.6323752041025744,0.811263918876648,0.8,36.839871406555176,0.89135697332016
39120,0.7679938524961472,0.676051676273346,-0.06585502624511719,-31.758368015289307,-26.47116979814781,-56.880320442659425,0.6406635356366408,0.8737404346466064,0.2,45.092973709106445,0.9092327133124339
39125,0.610694020986557,0.835745096206665,0.2666489779949188,-12.40055337548256,-57.00323619527633,51.12777098932507,0.4983967172213536,1.440760612487793,1.0,34.48071479797363,0.8257695137080122
39127,0.5008142292499542,1.3984153270721436,0.28665462136268616,29.53801155090332,27.29521442118819,69.35980659122562,0.5487939655717161,1.1905887126922607,0.5,33.349424600601196,0.907652529797501
39141,0.8945827707648277,0.8490955829620361,-0.10066836327314377,-16.494084894657135,-4.149023022394928,-39.91557597567829,0.819623081273791,0.9108905792236328,0.2,20.35315470262007,0.9573010438477237
39142,0.8112363815307617,1.0863404273986816,0.0009996788576245308,-3.1263556331396103,7.24809712092676,-67.3974016260497,0.8799222607240667,1.000515341758728,2.076923076923077,16.652730795053337,0.9165510426122429
39143,0.6580968499183655,1.094264268875122,-0.06760423630475998,6.673198938369751,5.665221124560284,-3.008282957390202,0.8159252711886205,0.9502531886100769,0.5,24.17189598083496,0.8499233257399504
39144,0.7409648597240448,0.6749144196510315,-0.17697083950042725,-33.47370624542236,-15.138721451358602,-5.194364086220011,0.625512855727888,0.8375613689422607,0.7142857142857143,52.61974334716797,0.9095916053989251
40003,0.8946956247091293,0.971349835395813,0.031667310744524,-5.329920724034309,8.473984527869925,-21.903923315126825,0.9156974099364231,1.0587263107299805,0.10526315789473684,24.732601642608643,0.9467335453814855
40004,0.6950494647026062,1.293961524963379,0.08980146050453186,30.34473955631256,-18.11098085174771,28.08979191767494,0.6548046718205751,1.1616541147232056,0.13636363636363635,43.701229924741,0.9186711390024288
40005,0.9181585982441902,0.9398078918457031,0.003514702431857586,-7.359159737825394,22.28326820817751,1.8895586843472156,0.9262487814821829,1.0092182159423828,0.26666666666666666,18.99409294128418,0.9583925866744419
40006,0.6436269283294678,0.9830069541931152,0.18787060678005219,-1.300784107297659,-37.909458958082986,49.41352885871406,0.6216272321231885,1.340959906578064,0.6,96.1599349975586,0.8368328158873773
40007,0.8864577412605286,1.0004181861877441,0.08662343770265579,-0.11866316199302673,-13.530863961689715,31.57844582517047,0.8406171153776252,1.150313138961792,0.25,26.0161490667434,0.9470029313422466
40009,0.8382169902324677,0.9630494713783264,-0.010855551809072495,-3.7171948701143265,41.04682889043162,68.50646935353775,0.9073079130756013,0.9826778173446655,0.3157894736842105,23.159914016723633,0.9167748631660219
4001,0.8599237650632858,0.9502502679824829,-0.02191762812435627,3.4723952412605286,-13.759169734055622,38.25097967911112,0.9108894183101568,0.9838736653327942,0.39285714285714285,26.702671391623362,0.9278501471693203
40010,0.9003593251109123,0.9700344800949097,0.044671982526779175,-1.9403140991926193,-10.53167837633165,30.00575247044021,0.8886406123455329,1.0949535369873047,0.25,23.577431270054408,0.9501321080333641
40011,0.9349978938698769,0.9357092976570129,-0.019536243751645088,-4.5409079641103745,1.1287418354384409,-59.478975064613834,0.9257584968983552,0.9817291498184204,0.20833333333333334,14.155611038208008,0.9676784528730563
40012,0.840764731168747,0.8646867275238037,-0.22402597963809967,-11.913208663463593,10.872401770982687,0.8479797437032961,0.7549765354097321,0.8025820255279541,0.3684210526315789,20.07361462241725,0.9475313441476193
40013,0.8266109526157379,0.7384836077690125,-0.14691604673862457,-29.508361220359802,3.6368057947799466,9.852852828464586,0.6604448160983205,0.7909131646156311,0.38095238095238093,34.33868544442313,0.9435235024285196
40016,0.7723228335380554,0.7164327502250671,0.053574465215206146,-21.378491818904877,-37.80558648919131,24.62015098350861,0.6960476362037238,1.0426745414733887,0.34615384615384615,33.90889901381273,0.899225311598295
40017,0.8091176152229309,0.7645846009254456,-0.05766955763101578,-28.80043387413025,5.855504628528685,-24.787903559479656,0.7256882969967001,0.8888256549835205,0.17391304347826086,41.5744864422342,0.9135895533323913
40018,0.6223632395267487,0.9999127984046936,-0.48210957646369934,0.4655884578824043,34.36236065951229,-87.23628547072934,0.6940059806584085,0.7027456760406494,0.3,27.043981552124023,0.9273900891325877
40020,0.7995995730161667,0.8537890315055847,-0.018315060064196587,-20.05492001771927,-7.168032923380328,28.94418511199745,0.8174068584439316,0.9681833386421204,0.19047619047619047,36.323872479525484,0.8953562801918933
40021,0.7821681350469589,0.9867289066314697,0.043954797089099884,-4.214341938495636,-5.988270915825637,49.47981817842184,0.8649229970869741,1.078233242034912,0.5789473684210527,38.4778850956967,0.8906874451973781
4003,0.8367642611265182,0.8292986154556274,-0.05376122146844864,-18.094971776008606,-10.725817142658098,8.337596783415812,0.8012858693791254,0.9360434412956238,0.4782608695652174,34.2992699664572,0.9208931000371146
40033,0.7975908368825912,1.2371670007705688,0.03852999955415726,19.09690350294113,29.15006076470593,-65.09744122175907,0.7546382913069365,1.0231374502182007,0.9,20.14073133468628,0.9415291505477039
4005,0.8752732649445534,0.9587999582290649,-0.001891332445666194,-1.375204510986805,-15.144106329255225,28.120291985314143,0.9237146958283091,0.9975506663322449,0.13793103448275862,24.09449610216864,0.9358439016521063
4006,0.9146631062030792,0.9973854422569275,0.01511131040751934,0.9457051753997803,-8.16044561015829,14.479939179277764,0.9534074551256446,1.0185458660125732,0.17857142857142858,20.949101448059082,0.9573376022764702
41001,0.6942517459392548,0.6000834107398987,-0.05478131026029587,-41.859984397888184,-3.988248942678316,-667.1410392739716,0.5546774866872728,0.8443753123283386,0.2631578947368421,44.56022664120323,0.8810049619318968
41003,0.8192525506019592,0.7344394326210022,-0.0670662522315979,-28.94318997859955,-12.405917763436683,-34.81011046032023,0.6824654568400768,0.8414915800094604,0.045454545454545456,40.51184861556344,0.9280218648113978
41004,0.3276587128639221,1.3034812211990356,0.481271892786026,14.801335334777832,43.05373628882516,44.83219809513207,0.16330688869546794,1.768161416053772,0.15789473684210525,31.242696862471732,0.8662743488695461
41005,0.9125541150569916,1.0604640245437622,0.06594377756118774,4.5022401958703995,-0.35345631064576477,-17.949890480019892,0.8673217692957003,1.112002968788147,0.25,19.670304797944567,0.9625440308971174
41006,0.8479123562574387,0.9397462606430054,0.0012673657620325685,-11.393724381923676,-0.7360121385527459,9.537401349463002,0.9006134977424196,1.0028657913208008,0.21052631578947367,26.47460699081421,0.9210129696431053
41009,0.9105955213308334,0.937967836856842,0.011374258436262608,15.049843490123749,-9.24561730933534,19.380303937569007,0.9223713985292421,1.0102207660675049,0.5416666666666666,11.432939767837524,0.954461593757799
41011,0.8661571592092514,0.8841507434844971,-0.0469331257045269,-12.682674825191498,10.754277955446529,-14.624681457269647,0.8577755082430643,0.9516552090644836,0.3333333333333333,25.270259948003858,0.9331454039745575
41012,0.8869953006505966,0.9881151914596558,-0.027324149385094643,-5.243384838104248,6.539942241868565,-42.7516189958763,0.9181696883833879,0.9422388076782227,0.2857142857142857,26.458538662303578,0.9432673296345232
41013,0.8139888942241669,0.8418985605239868,-0.035456787794828415,-17.129196226596832,9.628196442631376,-669.0770906614657,0.7994881032938881,0.9212165474891663,0.25,34.42503611246745,0.9051204807834261
41014,0.8878690525889397,0.8276795148849487,-0.07612429559230804,-14.010396599769592,-22.26265139162864,-11.625686227613567,0.7679376529852452,0.8516255617141724,0.13636363636363635,22.808070804761805,0.9537008706877224
41016,0.818852499127388,0.7725862860679626,0.00786560121923685,-23.43001663684845,-11.701929626875755,22.338104602096802,0.7570479890920381,1.0172890424728394,0.13636363636363635,37.43668469515713,0.9162756228435692
41019,0.00851362943649292,1.6943447589874268,0.14772583544254303,81.499844789505,0.7776525079121305,-31.099345472579216,0.247998309333179,1.2503832578659058,0.3333333333333333,58.78496170043945,0.8561246281919495
41020,0.429979145526886,1.2883700132369995,0.047194093465805054,4.455352947115898,-20.516541829632068,-4.200885082430967,0.6393356543540454,1.1074568033218384,0.14285714285714285,35.0223801352761,0.8119187911944175
41022,0.8596451431512833,0.9048148989677429,-0.00527542969211936,-8.915849775075912,-5.725532676980402,-39.019737101749676,0.8798612147605078,0.989446759223938,0.2857142857142857,25.171420790932398,0.9274620556575919
41023,0.8633826822042465,0.745388925075531,-0.04781312495470047,-32.55258500576019,-71.51703509910662,-133.20009528164871,0.7203355408878787,0.89411461353302,1.8,25.168256759643555,0.9533770963042827
41025,0.9004540666937828,0.9412867426872253,-0.0004098175559192896,-9.01816189289093,-12.089634304652243,49.2583939717772,0.9221928222215581,0.9990103840827942,0.13636363636363635,19.13753385129182,0.9489536388181646
41027,0.7837241291999817,0.7381916046142578,-0.05598387122154236,-28.892290592193604,6.247264861275504,-14.080682673493147,0.7068049772538901,0.9115279912948608,0.35,36.60552978515625,0.9020592569748801
41028,0.5870400965213776,1.0415713787078857,0.06058589741587639,0.4957005847245455,12.389302635293237,-495.735940995723,0.766018589885144,1.1214137077331543,0.47619047619047616,35.38088798522949,0.8043527860506311
41029,0.8556441813707352,1.08193039894104,0.027752641588449478,4.770555719733238,0.041498365118075996,8.275480036705932,0.8796225197400418,1.061457872390747,0.30434782608695654,27.474429210027058,0.9367459297412308
42001,0.8540310710668564,0.9948917627334595,0.16746178269386292,1.03476969525218,-29.058087769039137,51.7096887245016,0.6890723000865737,1.3051869869232178,0.28,19.770021438598633,0.9407476287545372
42003,0.7470026314258575,0.6291109323501587,-0.07391461730003357,-46.15301787853241,-3.515987840819837,17.313869120198795,0.5965691220308359,0.8674930930137634,0.24,47.55553436279297,0.9125946660795643
42004,0.9182562753558159,0.9362938404083252,-0.06686576455831528,4.985840618610382,-9.793333252793246,15.169224350963125,0.918913378494412,0.9685688018798828,0.07692307692307693,11.950411246373104,0.9609021074480415
42006,0.9523796737194061,0.969218909740448,0.006189260631799698,-7.35277459025383,3.7960562223710843,17.080598455987918,0.9606053220172227,1.005068302154541,0.7692307692307693,16.310581794151894,0.9759422060639321
42008,0.8122015744447708,0.7520631551742554,-0.1487416923046112,-30.143937468528748,1.5125243623506262,-7.3529796681343695,0.7243115717780629,0.9013485908508301,0.7777777777777778,18.134726418389214,0.9307228038513404
42010,0.8607518374919891,0.8689318299293518,-0.1950705349445343,-15.461689233779907,-0.9291327402997167,2.7022519794257693,0.8382122532234466,0.9183961749076843,0.75,15.483839313189188,0.9516551395527039
42011,0.8518389016389847,1.0380171537399292,-0.06843071430921555,2.8419414535164833,14.19052379982532,25.56807256466252,0.89464115072373,0.929469883441925,0.2608695652173913,25.3766101339589,0.9315844622864168
42016,0.8459698855876923,0.7765964269638062,-0.152110293507576,-17.63894110918045,-19.456891686923374,-1.8273555341015242,0.7637121532478194,0.9433942437171936,0.7,16.4395809173584,0.9478600111901093
42017,0.815269872546196,0.8768865466117859,0.049317024648189545,-10.393734276294708,-13.028486167409998,89.15824834373679,0.8238914222154734,1.0823074579238892,0.038461538461538464,19.338699487539436,0.904696321507384
42024,0.8926450908184052,0.9102967381477356,-0.1285708248615265,-2.213737554848194,-14.432844940493988,6.5283759914130535,0.8866180086907115,0.947640597820282,0.8,11.19946002960205,0.9545324976526509
43005,0.9529594369232655,0.9398523569107056,-0.02108655497431755,-10.327758640050888,1.9880697189375567,-27.079225096086773,0.9339318306363171,0.9850171208381653,0.8,17.454795837402344,0.9771356748209575
43006,0.935997799038887,0.9089159965515137,-0.007587187923491001,-10.717719048261642,-4.265349730601037,-27.110512559584887,0.9037174759602593,0.9939250349998474,0.34782608695652173,20.08524770322053,0.9693875262106068
43007,0.9529058262705803,1.0125420093536377,0.02555793710052967,6.164814531803131,-10.562814630686725,12.349925569411734,0.9609165514989841,1.0291179418563843,0.5217391304347826,20.380810032720152,0.9771448165583155
43008,0.9532153084874153,1.0369336605072021,0.07352655380964279,2.3408282548189163,-4.995843143228782,-12.101823386218948,0.9248082744299303,1.0625892877578735,0.46153846153846156,10.840564507704514,0.9807054055832854
43009,0.9085714295506477,1.1177390813827515,0.06012522801756859,11.35794073343277,-4.186519442743098,13.417879445657213,0.8432990111635802,1.0979713201522827,0.3333333333333333,23.058291276295982,0.9669193554313626
43014,0.8304334729909897,0.7741945385932922,-0.13638100028038025,-23.70721846818924,-9.671874921760748,-11.267840081463623,0.7539359682116809,0.9265820980072021,0.30434782608695654,28.52785690971043,0.9354305567175722
43017,0.9309140145778656,0.9494912028312683,-0.04042172431945801,-6.0372088104486465,-5.9369256640571155,23.0450488570391,0.9257499160389623,0.9576456546783447,0.55,22.27382183074951,0.9658233148306765
43018,0.9674189984798431,0.9504720568656921,-0.04437156021595001,-9.711439907550812,0.9324021301303131,3.4895808712050362,0.9341867632360389,0.9592700004577637,1.0769230769230769,20.54747801560622,0.9851867586422349
43021,0.7923139333724976,1.290482997894287,0.20726490020751953,23.588018119335175,1.508989626072197,-3.506554599144138,0.6665631516512636,1.1607191562652588,0.7142857142857143,27.548852988651824,0.9688694269171098
44001,0.9630738012492657,1.0188555717468262,0.05700158700346947,7.078532129526138,-7.924273168660257,-41.01875723424022,0.9566413400303766,1.0354547500610352,0.36363636363636365,7.552714239467274,0.983647584075396
44002,0.9619884006679058,0.9742343425750732,-0.01219357643276453,3.2269414514303207,0.6842550509250025,-23.41398398503439,0.966743862605955,0.9911898374557495,0.26666666666666666,12.287127176920572,0.9809085724007659
44006,0.9290546029806137,0.9199590682983398,-0.07682782411575317,-3.442453220486641,-8.806270572433732,-14.570444940673493,0.8991920546500611,0.9476544260978699,1.125,15.143516659736633,0.9681310183585502
44009,0.9110656380653381,0.8758411407470703,-0.17973332107067108,-9.577715396881104,1.0653209057468032,-43.596075000947536,0.8178891946561728,0.8688690662384033,0.36363636363636365,18.22681427001953,0.9764712664429164
44011,0.7229250073432922,1.1672039031982422,0.008740205317735672,10.851671546697617,16.34774014697639,-14.231536116006586,0.8014608889322017,1.0089099407196045,0.23076923076923078,24.9157373721783,0.8933170757091955
45001,0.9478060342371464,0.9564899206161499,-0.01412240881472826,-5.169767886400223,-7.249748758311654,8.643937976563487,0.946557226169437,0.9833544492721558,0.35,18.64637987954276,0.9738097593046087
45003,0.895450659096241,0.9186373949050903,-0.03417716547846794,-10.73136031627655,5.687888847504827,-23.314666463132543,0.8951927805363156,0.9601126313209534,0.30434782608695654,24.402628342310585,0.9473342847410148
45004,0.8455141931772232,0.9612962603569031,-0.010719990357756615,-7.069346308708191,5.108625153644001,-16.214506884588644,0.9104612131864158,0.9859732985496521,0.32142857142857145,28.446761199406218,0.920486060793653
45005,0.8751078173518181,0.932879626750946,-0.061321284621953964,-6.699603796005249,3.760695010980049,-24.56085456446848,0.8811608735853593,0.9244340062141418,0.2916666666666667,23.333696524302162,0.9374910082863411
45009,0.9523738622665405,0.9448166489601135,-0.02562236785888672,-9.155792742967606,-3.4403430947017215,-21.681266785034282,0.9336548213641599,0.9714316129684448,0.4090909090909091,18.287056142633613,0.976755048749342
45012,0.8959267660975456,0.9469018578529358,0.01591464690864086,-4.030299186706543,-7.450780278596842,25.794564445162493,0.9207624635433518,1.0247963666915894,0.3333333333333333,22.33576774597168,0.9466678831927228
46003,0.9095639511942863,0.9235436916351318,-0.039608199149370193,-10.357451438903809,5.094263101418803,-2.083516694503829,0.9003239527096816,0.9545084238052368,0.34782608695652173,28.846814235051472,0.9550526551401083
46005,0.909417562186718,0.91761714220047,-0.040667030960321426,-7.743775844573975,-2.9470202183520606,-0.11150615173206788,0.8932705942397713,0.9490005970001221,0.17857142857142858,25.113519600459504,0.9552418533854451
46008,0.9111031368374825,0.9146174192428589,-0.030860330909490585,-10.51751896739006,-4.293472146425405,6.249665092307522,0.8975465763448722,0.964469313621521,0.24,28.4635800581712,0.9559081725556592
47001,0.9418120793998241,0.9537263512611389,-0.04940114915370941,-5.142615363001823,4.33682617211085,10.602793229405473,0.9177612107121788,0.9380955696105957,0.36363636363636365,19.441865838092305,0.9718964522865429
47004,0.9422926306724548,0.9930073022842407,0.0230974443256855,1.4087486080825329,-1.1069646218339935,-3.8906802020788405,0.96141158476267,1.0247552394866943,0.22727272727272727,15.684561295942826,0.9712363756257834
47005,0.8878245055675507,0.9023954272270203,-0.022851387038826942,-11.69387549161911,-4.580034664772825,41.833205618144135,0.8818843237845063,0.965033769607544,0.18181818181818182,30.36774137745733,0.9434135787154805
47008,0.9020484387874603,1.0039076805114746,0.03799182549118996,-3.441082313656807,8.342458645641566,-11.888288732623863,0.9311882042730847,1.0490933656692505,0.2857142857142857,15.317899530584162,0.9519413409316466
47009,0.9573483318090439,1.047132968902588,0.03650118038058281,5.387251451611519,-1.827526112446893,4.804956037877691,0.9360764593070683,1.038938045501709,0.47619047619047616,14.67611449105399,0.9813310174445575
47011,0.8549427688121796,1.0560619831085205,0.06305338442325592,4.444623365998268,2.875377271092116,-29.60423967587581,0.8853984992421728,1.0756665468215942,0.3888888888888889,24.528199747989053,0.9346920240860146
47014,0.9008016735315323,0.8734496235847473,-0.04827175661921501,-15.15059620141983,-0.450264827971635,-14.23446273111211,0.8557323380789434,0.9484639167785645,0.08333333333333333,23.873258590698242,0.9537161731106925
47018,0.901130735874176,0.9333099126815796,-0.048202622681856155,-6.983596086502075,-2.727260761387639,81.54351804835034,0.8910496437842818,0.9293726682662964,0.13636363636363635,23.91191980113154,0.9506604379308984
48003,0.9207481518387794,0.924419641494751,-0.03893812745809555,-4.1302938014268875,-4.371154065457277,30.614604155681764,0.9074245276868711,0.9633904099464417,0.43478260869565216,25.697820082954735,0.9610440582410421
48004,0.8913584053516388,0.8269314169883728,-0.03232632949948311,-19.81486678123474,-8.613498841620277,20.66212447703929,0.8183899241052492,0.9712690711021423,0.32,37.073177337646484,0.9530530196337307
48005,0.9415750056505203,1.0444114208221436,0.021304789930582047,5.098032206296921,1.7333481106077995,5.083869876447196,0.9433011849717404,1.0228838920593262,0.19047619047619047,18.332138515654066,0.9731912549643894
48011,0.934444010257721,0.9413226842880249,0.0018023560987785459,-8.744876086711884,-7.117564711455262,-18.6398521379282,0.9326593913694737,1.0018293857574463,0.34782608695652173,28.031641244888306,0.9670093416355878
49001,0.9399842545390129,0.9388205409049988,-0.017580043524503708,-8.237800747156143,-2.0141228968961746,12.174627978402802,0.9298932171315487,0.9831573367118835,0.43478260869565216,26.7427631046461,0.970194640039577
49002,0.9634000360965729,1.046886682510376,-0.011014997027814388,7.935767620801926,4.513532854915363,-2.9398465376256016,0.9494633236667269,0.9906439185142517,0.6666666666666666,14.48988119761149,0.9836275109645098
49004,0.9183229804039001,0.8904467821121216,-0.07916755229234695,-9.99830737709999,-1.427326701093267,13.78946603239148,0.8562214209325127,0.9139610528945923,0.2857142857142857,34.4077882312593,0.9643956206335573
50001,0.9451870918273926,0.9590927958488464,0.01552539225667715,-4.351067543029785,-3.978361744638774,32.71855768311066,0.9464443559769586,1.020839810371399,0.3333333333333333,16.213424639268357,0.9724226549692923
50002,0.9282863587141037,0.9235784411430359,-0.023589856922626495,-9.384821355342865,-1.3027771727669482,41.63977107820106,0.9087491441724324,0.9648420810699463,0.17391304347826086,23.02136023839315,0.9646392199231567
50006,0.9462395682930946,0.9318048357963562,-0.049517080187797546,-8.820969611406326,2.7261644128172904,15.41468536205344,0.9053016769213504,0.9392515420913696,0.3,19.365022295997257,0.9749636896714049
50007,0.9021744951605797,0.8476893305778503,-0.052876655012369156,-15.830990672111511,0.17510694106625738,-6.615151008802417,0.8246406149758858,0.9241233468055725,0.09090909090909091,28.703716526860777,0.957631292252126
50008,0.9053556174039841,0.8826305270195007,-0.0232794601470232,-13.20357471704483,-5.8279590705459725,76.38701781967025,0.8688598338781188,0.9632370471954346,0.041666666666666664,22.718658447265625,0.954495766308576
50011,0.9084863141179085,0.9137827754020691,0.007134467363357544,-13.116706907749176,1.1594773555633775,-2.0004180669799325,0.9018464745370163,1.0093085765838623,0.3181818181818182,21.25796235125998,0.9540211445833532
5003,0.7824697494506836,0.8571146130561829,-0.04063161835074425,-8.492205291986465,-31.818955762379687,25.97711469805156,0.8146585067886339,0.9694420695304871,0.4583333333333333,23.19501439730326,0.8859761069373838
51001,0.9376647174358368,0.9445875287055969,-0.031721390783786774,-7.639171928167343,2.503094720358623,-1.947270386643498,0.9286753388831184,0.9673552513122559,0.55,23.032150268554688,0.9691619441015003
52004,0.8778562918305397,0.9236703515052795,0.021060876548290253,-11.351218074560165,1.6131316871819175,-4.12191386293375,0.8972487546386194,1.0282349586486816,0.4230769230769231,25.752142759469837,0.9372752816339979
52005,0.9080305323004723,0.9077208042144775,-0.032796118408441544,-13.710089027881622,4.11674178773402,-28.984217399310257,0.8905131421867701,0.9624115228652954,0.5,24.072044545953926,0.9546234813401753
52006,0.868858739733696,0.9866389632225037,-0.0043229712173342705,-3.0296146869659424,-1.3849886578199704,13.888487220838561,0.9319950203869033,0.9934661984443665,0.30434782608695654,21.779684398485266,0.9336413578677224
52007,0.8318377882242203,0.9599932432174683,0.005956944078207016,-3.6479342728853226,10.242746025026701,4.7156532413655725,0.9039491895096277,1.0101293325424194,0.2916666666666667,27.24277377128601,0.9132669945761946
52009,0.905740462243557,0.9619768857955933,0.0919942855834961,-4.27195206284523,-14.566594234358188,-21.695599728732507,0.9037792662434593,1.0767496824264526,0.32,13.971349716186523,0.9561575703423681
52010,0.882323332130909,0.8910483717918396,-0.05964349955320358,-11.948353052139282,0.13474546378035696,-30.990905482861862,0.8557851143710465,0.9249299168586731,0.2727272727272727,23.42943523241126,0.9426244079340598
52011,0.8909665644168854,0.903424859046936,-0.03328607976436615,-8.84154662489891,-0.9121494551377483,-41.62570900247732,0.8768449057304806,0.9464967250823975,0.20833333333333334,23.59339396158854,0.9454306041125476
52015,0.8152452409267426,0.7718505859375,-0.16496196389198303,-26.843595504760742,-0.2024041955089074,4.713319008962105,0.7110304549259366,0.836349606513977,0.35,41.534409523010254,0.931664126879662
52016,0.9331828281283379,0.9821795225143433,-0.01665397733449936,-1.8807627260684967,-0.006490181227728881,25.228424144794186,0.9593303664142057,0.9858593344688416,0.391304347826087,23.952842795330547,0.9662881140171322
53005,0.9309685006737709,0.9319276809692383,-0.024629637598991394,-9.033604711294174,1.1451800781391286,-23.765572296716133,0.9195604169485466,0.9742063283920288,0.4,24.072919573102677,0.9657746817655993
53006,0.9156264662742615,0.883602499961853,-0.017025740817189217,-11.840080469846725,-3.1586528536760814,13.09073300689387,0.8739638535753037,0.9727301001548767,0.2727272727272727,29.15083429087763,0.9600865341909025
53007,0.915177509188652,0.9329308867454529,-0.029268749058246613,-10.391989350318909,6.122436682225943,-32.69159730035386,0.913395882285361,0.9655315279960632,0.36363636363636365,21.637406556502633,0.9574097230568571
53008,0.9392513036727905,0.9655510783195496,0.0032606793101876974,-4.6936482191085815,-0.6449918105331386,-25.07743227330794,0.9535780968898967,1.0041571855545044,0.23809523809523808,23.54014033362979,0.9691619927413682
53009,0.9490821696817875,0.9639122486114502,-0.04205020144581795,-4.276826232671738,0.22355804779134522,-30.230299447326843,0.9405046880935622,0.959733784198761,0.4782608695652174,18.207581837972008,0.9751806888973408
53013,0.8966023623943329,0.9376615881919861,-0.06056924909353256,-7.276817411184311,10.274576584263636,-23.34290576572691,0.8960487502900405,0.9343660473823547,0.30434782608695654,28.242685397466023,0.9488925739906467
53017,0.9040871635079384,1.0002206563949585,0.05492880567908287,-2.17946320772171,-1.2050957073137147,16.89491872185165,0.9048026527117041,1.0831025838851929,0.5,23.625516891479492,0.953562441999086
53018,0.9585526399314404,0.9848068952560425,-0.020124299451708794,-1.210119016468525,2.2999141005449104,41.82927370136793,0.9647066874560809,0.9758040308952332,0.34782608695652173,17.798523280931555,0.9792794170534934
53022,0.9469386003911495,1.0791462659835815,0.010167529806494713,4.065465927124023,20.071629019901618,-34.40243871031441,0.9171098249288819,1.0117725133895874,0.4166666666666667,16.722285747528076,0.9783653603526946
53023,0.9672654271125793,0.959518551826477,-0.04072184860706329,-5.7117849588394165,-7.359801639251534,-95.88590420295637,0.9388823109598714,0.9568570256233215,0.5555555555555556,14.3961058722602,0.9846602467649088
53028,0.9610742442309856,0.9614717960357666,-2.1199417460593395e-05,-8.582598716020584,0.579485001754355,-32.25991718626409,0.95683129957552,0.9999778270721436,0.5789473684210527,14.347194370470548,0.9805291575942334
54001,0.9484232142567635,1.053736925125122,0.05829509347677231,4.233774542808533,0.6999273114614335,-7.253527582900715,0.9165601507106851,1.060105800628662,0.7727272727272727,12.31931122866544,0.9785094425780035
54002,0.9353326559066772,0.9173498153686523,0.0007039707852527499,-10.289263725280762,4.239646935923453,-104.0305319597658,0.9115372117778335,1.0009450912475586,0.17391304347826086,15.380780593208646,0.9684766961918996
54003,0.7315662503242493,0.8042811155319214,-0.015750443562865257,-16.849125921726227,-34.04058673869569,91.13414924853035,0.7560314481407862,0.9718668460845947,0.6818181818181818,50.8954871784557,0.857089894655329
54004,0.8748050928115845,0.8646612167358398,-0.04157532751560211,-12.46110200881958,-7.939915960216876,-33.06139241142665,0.8460068675581965,0.9587669372558594,0.23076923076923078,28.34954078380878,0.9391959448675233
54005,0.9491083435714245,0.9953480362892151,0.019741622731089592,0.8961857296526432,-4.536323961837186,5.080059770742703,0.965295383622217,1.0232322216033936,0.5238095238095238,10.67051887512207,0.9746418945712926
54007,0.8048021346330643,0.7251555323600769,-0.04490901157259941,-28.560620546340942,11.22532816509442,-14.375554135251974,0.7027924491486933,0.9211757779121399,0.5,39.18566270308061,0.918885334846262
54008,0.9621405377984047,0.9511380195617676,-0.031414203345775604,-4.080411419272423,4.325992701677903,29.089104946788634,0.9347367153538462,0.9607168436050415,0.2857142857142857,10.93050411769322,0.9818716571604594
54011,0.8667299151420593,0.9871811866760254,-0.030369672924280167,-5.740697681903839,-4.5128246074799065,15.48156274557416,0.921001324661836,0.9600728750228882,0.2,23.383087158203125,0.933050067802784
54012,0.9001292213797569,1.1291896104812622,0.04700254276394844,14.849841594696045,3.1172136633575307,11.264520533898946,0.8607114471959683,1.0377603769302368,0.5909090909090909,21.73029292713512,0.9641461380040066
54015,0.5352708697319031,0.5002375245094299,-0.034926049411296844,-31.655505299568176,-3.7855077941667337,22.921358295048076,0.44408122544903494,0.8832147121429443,0.3,35.78105926513672,0.7863546196850288
54016,0.9460432752966881,1.030004620552063,0.040271829813718796,5.391905456781387,4.048265986282069,-7.6631999004035265,0.9431695861419508,1.0413038730621338,0.5454545454545454,12.66569657759233,0.9750318451848958
54017,0.7411293983459473,0.7238656282424927,-0.08632248640060425,-23.324567079544067,-2.956556533525975,-70.670861894823,0.6543172787963427,0.8308655619621277,0.4,32.97528028488159,0.8790045689190482
54018,0.899675726890564,1.0143977403640747,-0.002459428273141384,0.06938058068044484,-0.06173087343461374,-6.962815993613952,0.9484875143651429,0.996636688709259,0.15,24.856362342834473,0.9506549963435849
54019,0.9146182090044022,0.9993146061897278,0.0020105810835957527,-0.0824648595880717,-1.5754350517901712,2.9456760459621725,0.9571955031067315,1.0026334524154663,0.36363636363636365,17.40699681368741,0.95728208668502
54020,0.9384972266852856,1.0266025066375732,0.00711347721517086,2.2561315447092056,0.8494471540033993,2.2257934768555927,0.9596072116414638,1.0069713592529297,0.13636363636363635,16.12807187167081,0.9704147985955485
54022,0.8969764336943626,0.930160641670227,-0.017918739467859268,-9.601129591464996,3.108357155121884,3.410740132423493,0.909121721543638,0.9751777052879333,0.25925925925925924,22.279866536458336,0.9474150286820945
54024,0.8990729972720146,0.9433859586715698,0.005169399548321962,-5.856239423155785,1.9616682558039433,36.26983214506211,0.9231298581197398,1.0047755241394043,0.36363636363636365,16.20554598894986,0.9482210138536095
54025,0.9407973438501358,1.0430762767791748,0.051817238330841064,3.0766740441322327,-2.4853673342061637,48.36193205498161,0.9115110219969926,1.0727198123931885,0.38095238095238093,15.039323625110445,0.973797662463816
54027,0.9555209688842297,0.9917775392532349,-0.01722625084221363,-0.873671006411314,3.1694656530112684,-17.681248018948793,0.9738552846752417,0.9889858961105347,0.6666666666666666,16.97274578942193,0.9777597932969898
54028,0.9377032369375229,0.9819828271865845,0.04400985315442085,-4.897190257906914,-7.027197585427407,27.545796636279952,0.9293881165162747,1.0610491037368774,0.14285714285714285,14.7236358551752,0.9694316093676052
54029,0.9532560892403126,0.9682340025901794,-0.0514669306576252,-3.097607009112835,1.4255362848135031,21.923210833440972,0.9254390614170309,0.9363195300102234,0.25,13.53951096534729,0.9777502199378575
54032,0.9536980241537094,1.0208113193511963,0.03189772367477417,6.902839243412018,1.0719569849095933,9.353409750021955,0.9564234459176025,1.031355857849121,0.75,9.15950059890747,0.978031494563709
54034,0.8067198544740677,1.0754610300064087,0.07900707423686981,5.271635949611664,-10.096586252410656,36.276247494658584,0.7970003199497295,1.1685419082641602,0.14285714285714285,22.98295157296317,0.9156902840144774
54036,0.4520244002342224,1.3760972023010254,-0.05267651379108429,1.3584568165242672,13.702055541010196,-25.196230920313678,0.5880666022367635,0.9180327653884888,0.45454545454545453,33.1795410676436,0.853298292224501
54038,0.9507625997066498,0.988988995552063,-0.0244275089353323,0.7811450865119696,0.6745120265679021,15.031345715908943,0.9597543984959258,0.9700541496276855,0.22727272727272727,16.901324012062766,0.975470175969828
54044,0.8813500478863716,0.9244945049285889,-0.08705192804336548,-6.825950741767883,4.059004302599998,-18.072772232461407,0.8903179978234464,0.9444897174835205,0.09523809523809523,15.327355975196474,0.943011664786386
54048,0.8533021211624146,0.8878977298736572,-0.013477250933647156,-7.335151731967926,-1.9245163540595318,10.434124983195336,0.8615738201593164,0.9699149131774902,0.21739130434782608,36.80205137833305,0.9245693971342679
54049,0.8544043898582458,0.841037392616272,-0.019323011860251427,-10.430913418531418,-13.530056542337329,19.560473310613823,0.8221581855059402,0.9643192887306213,0.2727272727272727,22.48685576698997,0.9286873974698894
54052,0.20872676372528076,1.3823760747909546,0.7085156440734863,48.001328110694885,-21.4978416778435,45.07418878678593,0.30031232935373786,1.5836725234985352,0.43478260869565216,28.565319724704906,0.9482529305689067
54057,0.937054380774498,0.9046564698219299,-0.03971615806221962,-8.553995192050934,2.389175056781372,13.70796128839617,0.8923364120138475,0.9591807723045349,0.5,12.323568084023217,0.9711062276332562
54060,0.6156441867351532,1.2233484983444214,0.16826854646205902,25.315359234809875,13.977326861068862,55.28728705441937,0.6582742267743426,1.2263498306274414,0.4117647058823529,42.976424273322614,0.8748692421948382
54063,0.6897575557231903,0.6228305697441101,0.12154746055603027,-31.54864013195038,-24.721836715697595,12.93970600583037,0.5539501679658247,1.2039008140563965,0.038461538461538464,41.620019766000595,0.877003530273011
54080,0.8195085674524307,0.7834529876708984,-0.0908169075846672,-15.864492952823639,-16.498079736442193,82.06925687621572,0.7420282085924628,0.8848610520362854,0.14285714285714285,28.264411290486652,0.9200008795350669
54095,0.9547606892883778,0.9628605246543884,0.00039336795452982187,-6.133174896240234,-1.1767085478548447,-10.738998821911677,0.9564309973780121,1.0004252195358276,0.7142857142857143,18.384951636904763,0.9772242113446351
54096,0.862383559346199,0.762694239616394,-0.10662735998630524,-29.005804657936096,14.475221577345193,19.01622341489995,0.7140008904940588,0.8470960855484009,0.19047619047619047,33.69263467334566,0.9541539568520031
55002,0.9527842439711094,0.9102903604507446,-0.029695039615035057,-7.092457264661789,-3.019244568944572,9.663129576829933,0.9004877876567514,0.9624152183532715,0.18181818181818182,15.481203535328742,0.9789703740889617
55007,0.9326639622449875,0.9472995400428772,0.02181221917271614,-7.677426189184189,-8.826861004254015,56.491136029158305,0.9309004887543397,1.0292119979858398,0.21739130434782608,19.648437914641008,0.966175997451926
55008,0.8668279051780701,0.8995776772499084,-0.025821560993790627,-9.848374128341675,-5.85874820752108,19.966804913432767,0.8734794384934074,0.9640430808067322,0.25,20.410328251974924,0.9319565613776851
55013,0.9184292480349541,1.1248431205749512,0.035671480000019073,10.94817966222763,7.754339519034059,-28.7403781921552,0.8651866154248561,1.0419691801071167,0.36363636363636365,16.981420733711936,0.971234885245314
55014,0.9463069476187229,1.0400776863098145,0.050705958157777786,-1.0908368043601513,4.415244270457584,-4.3959281035474325,0.928126063039556,1.054708480834961,0.3,8.767638802528381,0.9761961347891421
55016,0.9160903319716454,0.9821552634239197,0.02829463593661785,-3.807136043906212,4.255842422100878,35.27194749163207,0.938540031560398,1.0410181283950806,0.3181818181818182,20.55852629921653,0.9578525654387855
55018,0.6737680435180664,1.1945420503616333,0.02614196576178074,3.3377520740032196,22.385143120149785,-12.22252934395964,0.7674117767600461,1.0418192148208618,0.3333333333333333,26.937736783708843,0.8795764744629316
55021,0.9424524717032909,0.9019012451171875,-0.031319111585617065,-12.695474922657013,-9.546927058714848,6.127060394395305,0.8931309144137258,0.9665282964706421,0.1,15.111970901489258,0.9739753807457046
55023,0.9502792283892632,1.0651922225952148,0.04392097890377045,7.2587184607982635,0.7101356807022168,10.841058126917893,0.9157522221537678,1.049294352531433,0.43478260869565216,11.281745330147121,0.9795615804517364
55025,0.8871990740299225,0.9680322408676147,-0.03012331947684288,-1.7503291368484497,-7.218980584114064,36.27505935617936,0.9234799804349709,0.9605801105499268,0.35,19.810333251953125,0.9427335343675705
55026,0.9226758480072021,0.9705275297164917,-0.007455755490809679,-4.262183606624603,2.793148200218126,36.45941421957377,0.9498583318255468,0.9901841878890991,0.4166666666666667,22.872334718704224,0.9606399921835859
55029,0.8880323842167854,0.9666765332221985,-0.009238841012120247,-8.141130208969116,16.351201805296274,50.75838469147874,0.9321730070400764,0.9856017231941223,0.36,25.66661262512207,0.9427048242788661
55032,0.8379789590835571,0.9163721203804016,0.0023724730126559734,-8.746181428432465,-37.905173206254396,-74.26654263947987,0.8809760190972983,1.0043063163757324,0.42105263157894735,32.66004261217619,0.915415477659747
56001,0.9434309713542461,0.9657947421073914,-0.013122259639203548,-6.684543192386627,14.175933434703799,-4.746440195279772,0.9523850517342528,0.983275294303894,0.375,16.521505514780678,0.971408605311588
56002,0.9481545127928257,0.9590628147125244,0.022588469088077545,-2.2056061774492264,-5.293294906533777,21.22776771672194,0.9443294513141272,1.027442455291748,0.2857142857142857,14.447255361647832,0.9741104557922423
56007,0.9101130589842796,0.9833675622940063,0.0003793883079197258,-1.93597711622715,12.284022054935848,14.125245144059168,0.9514930309800742,1.0005568265914917,0.20833333333333334,22.47045636177063,0.9544370983847243
56012,0.9106576591730118,0.9980559945106506,-0.05441463366150856,2.352473698556423,-2.162865522927847,-7.133603737017593,0.9310150002985301,0.9463101029396057,0.375,23.036468029022217,0.956727075669497
56013,0.9368433728814125,0.9841354489326477,0.017642684280872345,-3.7211161106824875,-6.689774683787415,16.46861803711745,0.9579493868510117,1.022477626800537,0.25,21.049563090006508,0.968198641867791
57004,0.9238004460930824,0.9766236543655396,0.019427644088864326,-2.720794267952442,-8.10725202712618,13.127625979238289,0.946600675106327,1.0286321640014648,0.3,17.120226621627808,0.9614612720958319
57005,0.9272801801562309,0.9755622744560242,-0.02466781623661518,-1.95829626172781,-4.913357380576441,-11.807508659481917,0.9450446643627616,0.9671448469161987,0.2608695652173913,20.484623701676078,0.9633472320134097
57006,0.924704946577549,0.9321814179420471,0.0019267959287390113,-9.195809066295624,-3.5133697941832103,-8.9406121722514,0.92225426864464,1.002702236175537,0.16666666666666666,22.722486654917397,0.9620825028347053
57007,0.9044503346085548,0.8616992235183716,-0.02797958441078663,-14.71063494682312,-3.62335732399543,-33.17371432917733,0.8491204514568511,0.9586331844329834,0.2857142857142857,30.67349706377302,0.9561101382662519
57008,0.926526740193367,0.9501785635948181,0.004515795968472958,-2.4593012407422066,-14.173227267647468,29.98767649115074,0.9374432687074068,1.0060371160507202,0.25,23.712577422459923,0.9626540184982606
57009,0.8956800848245621,0.9127964973449707,-0.015857696533203125,-12.648239731788635,-3.4630131554645622,-24.501905160687045,0.8961620421261534,0.9803575873374939,0.2916666666666667,29.1195015112559,0.9471601831484924
58001,0.8992725759744644,0.9499963521957397,0.013095940463244915,-6.469196826219559,-8.352395972836366,-9.062340296836245,0.9264970962335566,1.015455961227417,0.2,24.267578125,0.9483916156917974
58002,0.9014564380049706,0.860837996006012,-0.0460272878408432,-13.823607563972473,-8.585019592005363,-27.645795830228803,0.8395885905242165,0.9339510202407837,0.2,29.836076736450195,0.9552418811035207
58006,0.9282214939594269,0.9212413430213928,-0.0464765764772892,-7.140331715345383,-5.455925554929153,-18.458332473160077,0.8933575117570624,0.936872661113739,0.16,19.574159622192383,0.9655814972041149
58008,0.8785251602530479,0.8277268409729004,-0.07268588989973068,-16.51947647333145,-8.232204760207829,-1.956054696112168,0.7952142207748372,0.9023880362510681,0.23076923076923078,28.411210500277008,0.9477402776054257
58009,0.8085755705833435,1.2202237844467163,0.0976184532046318,26.593899726867676,-3.7543882787820495,-107.00080925781702,0.7510195203748203,1.1024937629699707,0.20833333333333334,26.08109712600708,0.9453392961021703
58010,0.8633076399564743,0.7703631520271301,-0.042970772832632065,-23.018886148929596,-19.515651251231404,11.369138035897887,0.7523487480334341,0.9241203665733337,0.19230769230769232,30.359930258530838,0.9467051420423387
58012,0.9085521623492241,0.9310477375984192,-0.03559473529458046,-10.723796486854553,7.766518099942559,-15.3013422447348,0.9064577819770527,0.9565134644508362,0.23076923076923078,20.48476109137902,0.9541234996072341
59001,0.8823324590921402,0.889019787311554,-0.007294721435755491,-11.091458052396774,-8.024747662040586,0.16792537742980349,0.8738191752904432,0.9901087880134583,0.19230769230769232,27.897319426903355,0.9407787467082259
60002,0.8994721993803978,0.9266060590744019,-0.05029957741498947,-9.088034182786942,-3.3973956113178985,23.574467250440893,0.8909061424118374,0.9366164803504944,0.43478260869565216,28.857819930366844,0.9500267207828339
60003,0.9174305126070976,0.9165392518043518,-0.044409818947315216,-11.02026179432869,5.090235794855188,8.10937940701855,0.8952282708183306,0.9510313272476196,0.5217391304347826,25.09136199951172,0.9598317558858995
60005,0.8618639707565308,1.0213499069213867,-0.016028640791773796,2.4185137823224068,-0.2852919254112632,53.47046145379088,0.9266252003058744,0.9799482226371765,0.25,27.038609981536865,0.9327246781561549
60006,0.9056370109319687,0.9151387214660645,-0.08598846942186356,-10.064069926738739,3.1981521436428446,7.332716795248332,0.8597390861623069,0.8971784114837646,0.43478260869565216,29.37465957973314,0.9564177984589055
60010,0.9472289755940437,0.9419132471084595,-0.060719311237335205,-6.1367034912109375,-3.4770641560674838,33.472627791301136,0.90749756112161,0.9322219491004944,0.25,18.4491773446401,0.9757354960233798
60012,0.8748816102743149,0.8620298504829407,-0.09036361426115036,-16.103394329547882,-2.824063760472434,9.800696562080171,0.8102677683549249,0.8827952742576599,0.12,28.47025108337402,0.9432055475339043
6007,0.9120995104312897,0.9011296033859253,-0.04550107568502426,-4.864108562469482,-8.537673898618305,57.644482857787,0.8857980901446044,0.9614525437355042,0.36,16.7261962890625,0.9578003020919316
6008,0.8822592720389366,0.851998507976532,-0.02071332186460495,-15.088365972042084,-15.497950936638608,53.97632828658511,0.8387271424055054,0.9688618779182434,0.13636363636363635,28.12517207601796,0.9440097302315564
61001,0.8767137601971626,0.945065438747406,-0.1462744176387787,-3.7134576588869095,12.261670334275722,10.262136374238457,0.8449949431440003,0.8648243546485901,0.34782608695652173,30.776467530623723,0.9476902825973359
61002,0.9010510146617889,1.0372350215911865,0.011673981323838234,-4.759986698627472,13.817315675532674,-39.17960149302937,0.9388169189900746,1.0122990608215332,0.375,19.701051712036133,0.9530355914347982
62001,0.961305845528841,0.971627950668335,-0.039763834327459335,-1.5786966308951378,-1.485675434653462,11.03365513884553,0.9456269646750005,0.957545816898346,0.08695652173913043,13.534468153248664,0.9813158857757066
63001,0.9090499356389046,0.829533040523529,-0.05033548176288605,-17.57117360830307,-8.349407145412503,23.565480331995452,0.8136009830903387,0.9336255192756653,0.25,24.112274249394737,0.9642223877220636
63004,0.8916374891996384,0.9036829471588135,-0.05247005075216293,-5.987916514277458,-4.7539493422779495,33.190527985631476,0.8710339449215776,0.9328107833862305,0.2222222222222222,22.684605916341148,0.9467001138340173
64001,0.9364309161901474,0.9907938241958618,-0.01651463657617569,-1.9622083753347397,-0.6184415663182905,2.0042711690839004,0.96066595675665,0.9789088368415833,0.34615384615384615,15.342912307152382,0.9681005310144812
64002,0.884422168135643,0.9647044539451599,0.032819803804159164,-4.386935383081436,-6.386276533718167,36.123405973959365,0.9220070990783371,1.0373029708862305,0.3076923076923077,20.811042418846718,0.9413007207375761
64006,0.9232311099767685,0.856221079826355,-0.061268702149391174,-15.432319045066833,-5.83186435640283,33.85381400927515,0.8396307492442985,0.9358779788017273,0.23076923076923078,24.526214599609375,0.9694339224123544
65001,0.8872130289673805,0.916597306728363,-0.026039818301796913,-9.675255417823792,-3.407725001335559,32.43052186464048,0.8937940698024602,0.9678524136543274,0.27586206896551724,23.21524455629546,0.9426395340298787
65004,0.9044559523463249,0.8972481489181519,-0.018696025013923645,-9.465117007493973,-9.606779144234613,24.44990894931903,0.885154859999261,0.9798264503479004,0.3157894736842105,20.309211078443028,0.9528354881772608
65005,0.6109285652637482,0.6873070597648621,-0.09664420038461685,-27.08563804626465,-1.6320777840372287,-9.611041544660333,0.6062984956425432,0.8769077658653259,0.4230769230769231,39.98030882615309,0.7948846627963584
65006,0.8933945298194885,0.8535398840904236,-0.11155261844396591,-10.392632335424423,-12.94517090078571,38.0065910889457,0.8077667885746458,0.8830007910728455,0.3333333333333333,20.48728377730758,0.9574062547657706
65007,0.8725906908512115,0.8474123477935791,-0.09196725487709045,-19.310154020786285,4.8876716173572,6.882667790099981,0.8069379490475841,0.8960593342781067,0.28,26.957967758178714,0.9435526624066712
65008,0.8130973130464554,0.8294952511787415,-0.044404286891222,-20.74720412492752,-9.419502040868597,-607.6880124930108,0.7947416658109294,0.9349395632743835,0.07692307692307693,27.910271057715786,0.9060518549595376
66001,0.9649994596838951,0.9738562107086182,-0.011497477069497108,-2.961234375834465,-2.1808445140550954,15.90561165148737,0.9661442467646126,0.9875634908676147,0.22727272727272727,13.487659801136365,0.9824487165932697
66004,0.9396208226680756,0.9146760702133179,-0.07595346122980118,-9.142893552780151,-5.203615466746643,-12.23375642721209,0.896521078291098,0.9474802613258362,0.45454545454545453,17.373687570745293,0.9741274026547013
66006,0.9077614098787308,0.8466200232505798,-0.07338473200798035,-16.07249081134796,-5.67807679353587,43.895511889566194,0.8145036349478568,0.9026105999946594,0.2727272727272727,31.326720931313258,0.9625996130166404
66011,0.9000254124403,0.9523329734802246,-0.01788744516670704,-5.068443715572357,-3.8271761860652913,26.437731175456875,0.9255000488850887,0.9742320775985718,0.1111111111111111,16.661915955720126,0.948871617725561
67001,0.9244937375187874,1.0254545211791992,0.03128458932042122,8.371029049158096,-10.950796216224964,49.38568141876327,0.9463830440184973,1.0304827690124512,0.4,10.947322845458984,0.9639771445663501
67005,0.9354702308773994,1.012061595916748,-0.012837798334658146,2.836492098867893,3.903513024234389,-4.78560224428542,0.9634005131478101,0.9863093495368958,0.2727272727272727,16.865041039206766,0.9682729384959493
67006,0.9234785810112953,0.8975707292556763,-0.01802579127252102,-7.921639829874039,-20.647599013308668,51.67356183213171,0.8890347794638298,0.9780486822128296,0.5,21.289610862731934,0.9633985750163524
67008,0.9236131682991982,0.9548539519309998,0.0006058898288756609,-3.984738141298294,-5.099611842738217,-23.337148647607652,0.9403819190989329,1.0006842613220215,0.43478260869565216,19.807915065599524,0.9610682430332139
67010,0.8748423010110855,0.9336869716644287,0.030313460156321526,-5.625217780470848,-12.819065823149062,-82.53981925298045,0.8970618430792874,1.0456095933914185,0.14285714285714285,23.324382305145264,0.9358235914539583
67015,0.9651301056146622,1.0163849592208862,0.012470753863453865,3.286052495241165,-10.014533840259682,-32.607391778404676,0.9732616321053407,1.012622594833374,0.17391304347826086,9.955718206322711,0.983054690068561
67018,0.8918365314602852,0.9691324830055237,0.005811035167425871,-2.5791333988308907,-3.201100463557876,-9.00710194638996,0.9360859107159459,1.0086394548416138,0.17857142857142858,22.20232997621809,0.9447047287406467
67025,0.8601920008659363,1.040010929107666,0.07511831074953079,3.3142492175102234,-3.9373384302798757,-1.895922400751154,0.8856526273944912,1.0860967636108398,0.2692307692307692,25.604185691246617,0.9362677909572912
67033,0.9415680132806301,1.0486449003219604,0.06911904364824295,9.174080193042755,-8.771294314375632,16.895240976054353,0.9073576787416681,1.0749549865722656,1.1363636363636365,9.934121912175959,0.9755454840826894
68001,0.9084392189979553,1.120542287826538,0.015686573460698128,12.55553811788559,13.583978317802176,-22.525071826561916,0.8736738701045409,1.015936017036438,0.2,21.486309051513672,0.9657379028528197
68003,0.9303487166762352,1.0431643724441528,-0.02441321685910225,-1.5909714624285698,10.462616379253168,16.37815870556904,0.9411393209373593,0.9762471914291382,0.12,11.709914207458496,0.9677940909736482
68004,0.7945703268051147,0.9626928567886353,0.014134153723716736,-7.7523984014987946,2.3999204894739767,40.2905683865381,0.8867146111957411,1.015283226966858,0.5652173913043478,30.905834833780926,0.89413131078823
68005,0.8940097093582153,0.8795552253723145,-0.10256116837263107,-8.895177394151688,-13.231738847294464,5.539996717753983,0.827079943995334,0.8847783803939819,0.17391304347826086,24.513381460438605,0.9539741332628171
68020,0.7772506475448608,0.8524585962295532,-0.09220084547996521,-17.9247185587883,9.034368343517691,-5.641916699214935,0.7758744418720291,0.8746281862258911,0.23076923076923078,30.977601271409256,0.8871031077017147
69002,0.8755026087164879,0.9773082137107849,0.03883514553308487,-4.424850270152092,-1.7439528231336006,11.700198414358551,0.9218828237780995,1.0407581329345703,0.17857142857142858,23.14189842769078,0.9373409970109966
69007,0.8922887444496155,0.8777641654014587,-0.12309751659631729,-15.343938767910004,4.9570785619198565,8.45757615503,0.8258072119298817,0.8840398192405701,0.32,27.67920684814453,0.9557872797276673
69012,0.9040995389223099,0.8991385102272034,-0.027175430208444595,-9.15231928229332,-10.19147047650474,-19.350348168366953,0.8862082309967828,0.9767213463783264,0.2692307692307692,21.178452785198505,0.9527386959632331
69015,0.8358109146356583,0.8532445430755615,-0.15917906165122986,-16.100189089775085,-1.776919531312261,5.738163510414717,0.7693344211709741,0.8358553647994995,0.32,29.55320930480957,0.931254208461001
69017,0.9148964360356331,1.0023826360702515,0.015327309258282185,-1.0294022038578987,-6.351914494718954,-5.388004890463132,0.9547200843386321,1.0158969163894653,0.32,19.021991729736328,0.9576693744794189
69023,0.9100263565778732,0.9113112092018127,-0.019668715074658394,-11.731050163507462,0.28898234198288253,-14.234940090257691,0.8984712044332213,0.9792146682739258,0.25925925925925924,23.1794657530608,0.9551629093156885
69027,0.8920252248644829,0.8993781805038452,0.01700703427195549,-10.672515630722046,-11.441678147770272,-2.4596015051908995,0.8843585640135663,1.017505407333374,0.32,22.327327728271484,0.9457620808623677
69030,0.8663147836923599,0.9940301179885864,0.06140654534101486,-2.0975856110453606,-5.873740799407408,37.58265929011462,0.9097711981031343,1.0619488954544067,0.4,22.08406639099121,0.9346705919780945
69032,0.8695117831230164,0.8722765445709229,-0.09293459355831146,-11.4640511572361,-8.256173125189449,35.96674777540894,0.8333341408502297,0.9116569757461548,0.25925925925925924,28.186679769445348,0.9395042348170377
69043,0.7376740872859955,0.7823346257209778,-0.09592374414205551,-19.212183356285095,2.1144670058865134,19.44676562967202,0.7308248575439324,0.9117611646652222,0.18518518518518517,26.746591499873567,0.8685049426975318
70002,0.8610046952962875,0.8080409169197083,-0.11178761720657349,-14.286637306213379,-20.13441808697189,39.52811925716154,0.7721830618728922,0.8905701041221619,0.22727272727272727,26.421137289567426,0.9445259915929126
7001,0.7864589840173721,0.8901745676994324,0.018693989142775536,-10.92597022652626,-7.53614747528321,6.267109796162284,0.8406818831339953,1.023620367050171,0.2962962962962963,35.581726498074,0.8870278129708973
7002,0.8115738928318024,0.8460237383842468,0.00519250612705946,-15.169021487236023,-13.479878105315004,-15.374793777084363,0.8177199152743151,1.006618857383728,0.3333333333333333,34.48014789157444,0.9026679350194712
7003,0.8969579413533211,0.9120638966560364,-0.03598582744598389,-10.654833912849426,13.209080313368704,-24.33038127579469,0.8870305593017576,0.9512861967086792,0.2857142857142857,24.008330277034215,0.948460678804936
7005,0.8506296277046204,0.9423367381095886,0.037880733609199524,-6.323116272687912,-3.917027130730455,-17.84262943134707,0.8899834139604423,1.0537694692611694,0.3,25.11743545532227,0.9232703342420326
7006,0.7279995977878571,1.1822891235351562,0.07917962223291397,12.5662162899971,6.652673141459098,-57.44213557746241,0.7628563983725278,1.11549711227417,0.3333333333333333,26.124940095124423,0.901673094780922
71001,0.8844405263662338,0.9077742099761963,-0.035063814371824265,-10.80022007226944,-1.3183238409599347,-10.944612660651746,0.8814393025736745,0.9535934329032898,0.18518518518518517,21.26965699372468,0.9417121525616144
71004,0.8950956836342812,0.9231312870979309,-0.017239240929484367,-9.07791331410408,-2.4402025357406156,-29.396766571982013,0.9038582047207075,0.9781678915023804,0.25,26.63355214255197,0.9465415599287369
71006,0.9063174799084663,0.9249504804611206,-0.046665627509355545,-6.876399368047714,1.773377315432673,16.72529249640326,0.8901191223167622,0.9345281720161438,0.2222222222222222,21.580349957501447,0.9535799974378029
71008,0.9014152511954308,0.9033696055412292,-0.043194983154535294,-8.874139189720154,1.024908170964423,-57.33040501674692,0.8751922709530187,0.9375464916229248,0.18518518518518517,17.83852047390408,0.9516358046898155
71014,0.8670165240764618,0.8523948192596436,-0.052060045301914215,-15.470822155475616,-6.70646142111463,-27.752020608334615,0.8267132604989987,0.9352584481239319,0.17857142857142858,26.094555854797363,0.936364034020273
72002,0.8633293509483337,0.8322131633758545,-0.0666472390294075,-17.007750272750854,0.5068739199626554,-29.939166110169342,0.7961858148961182,0.9026459455490112,0.17857142857142858,28.14276899610247,0.9374701064515889
72004,0.8985627889633179,0.907995879650116,-0.02672163024544716,-11.310628056526184,0.6541496101394062,3.219434856568449,0.8889570786796913,0.9641559720039368,0.36,23.570661544799805,0.9491966746067764
72005,0.9106387048959732,0.8925768733024597,-0.030265329405665398,-11.206956952810287,5.636557778191447,-23.10389012762983,0.8757378271206028,0.9547737240791321,0.2413793103448276,24.799953658005286,0.956919338148504
72007,0.8198752552270889,1.0344287157058716,0.04753018170595169,4.566580429673195,0.14403083788381635,-48.02701647301066,0.885065507869109,1.068785548210144,0.2222222222222222,22.553701753969545,0.9146000622151276
72009,0.8776222467422485,1.0034749507904053,0.014011958613991737,3.274530917406082,-4.154472311111435,-2.4785053249292903,0.9345542435017458,1.0237809419631958,0.32,21.507953643798828,0.9391268650390325
72014,0.8772064447402954,0.9550886154174805,0.031755466014146805,-4.596823453903198,-7.13220442367836,17.92187633603442,0.9095611957384128,1.047231912612915,0.32,23.651147842407227,0.9372999897761358
72015,0.9257011339068413,0.9069321751594543,-0.022150563076138496,-9.630538523197174,5.286038284618293,-17.730900904980953,0.8938638453797343,0.9637603759765625,0.14285714285714285,20.99111761365618,0.9640840850364861
73005,0.9254099428653717,0.9409356713294983,-0.022335955873131752,-7.154381275177002,5.463589147872009,-15.539097830980914,0.9247098703395517,0.972206711769104,0.2413793103448276,20.123304169753503,0.9624827795232055
73009,0.9128894135355949,0.8670797348022461,-0.023844415321946144,-12.898799777030945,-6.9596204586356,22.76235783823797,0.8575555407527524,0.967669665813446,0.13793103448275862,23.31408796639278,0.9602837997614915
73010,0.9766238443553448,0.9693418741226196,-0.02306487038731575,-3.400946408510208,2.60106995351606,49.70701878644382,0.9605829431657721,0.97795170545578,0.25,7.215454181035359,0.9887014870513519
73011,0.9024618044495583,0.840221643447876,-0.019869446754455566,-19.052107632160187,-3.998277481413343,4.16544672223235,0.832459683779435,0.9730837345123291,0.27586206896551724,25.781361810092267,0.957383700430628
73014,0.8775848597288132,0.8656287789344788,-0.002990980399772525,-17.343147099018097,0.12982161796522046,17.77899241542097,0.8526707153452133,0.9958423972129822,0.14285714285714285,28.809254510062082,0.9397255659062869
73015,0.8151856809854507,0.7397873997688293,-0.06675507128238678,-29.339835047721863,6.62174342584604,-9.026643745495596,0.7008677674865571,0.8736158609390259,0.25,40.47873020172119,0.9238649581124052
74001,0.8987685218453407,0.8919572830200195,-0.04959896579384804,-10.310117900371552,-8.96478635968909,10.608577753836345,0.8671617637153396,0.9400920271873474,0.20689655172413793,18.98496726463581,0.9511757937055646
74005,0.9186277762055397,0.9998175501823425,-0.023654088377952576,-2.3126814514398575,3.0267436866246054,-18.103555678838084,0.9527744745289951,0.9755674600601196,0.32142857142857145,18.93348012651716,0.9595862899480545
74006,0.8817185834050179,0.9208495616912842,-0.018743781372904778,-8.95502045750618,-2.292048531937887,54.87666947309447,0.8980871900079272,0.9788995385169983,0.07692307692307693,21.08826820666973,0.9393683293878285
74007,0.8755635991692543,0.8772037625312805,-0.043866198509931564,-16.390833258628845,0.29136878222106977,15.650074650074885,0.8522019787111161,0.9450867176055908,0.21428571428571427,27.70894765853882,0.9387638131730339
75003,0.9671316295862198,0.9579399824142456,0.0037895706482231617,-8.26391875743866,2.2527543235813954,34.68062133135986,0.9547524405661698,1.0038793087005615,0.3181818181818182,12.124410542574795,0.9837750957041413
75004,0.9385285452008247,1.043361783027649,0.02578672394156456,3.3638115972280502,1.6259368330720052,17.320701242691097,0.9412697852317148,1.0277771949768066,0.12,13.47619342803955,0.9717613502693122
75017,0.8928995281457901,0.8573205471038818,-0.02782292664051056,-20.663681626319885,2.939861236917175,-9.145273905833875,0.8447044904615719,0.9647092819213867,0.36,32.91910171508789,0.9498618486423737
76003,0.9249129965901375,0.9225249886512756,-0.07310667634010315,-8.973907679319382,1.5613224060123336,29.649917905412508,0.8820332405618817,0.9180224537849426,0.38095238095238093,22.4240847996303,0.9654534970597016
76005,0.8947073668241501,0.950023353099823,-0.022391323000192642,-6.938516348600388,9.510852752740172,-16.5344037539965,0.919392707944688,0.9668126106262207,0.25,20.382746060689293,0.9461625828660163
76007,0.9317708164453506,0.9683958888053894,-0.010078394785523415,-6.82256817817688,4.613279498032901,5.187753469396843,0.9516846211747938,0.9884131550788879,0.08,12.338299751281738,0.9653402104536687
76008,0.8527700453996658,0.8661444187164307,-0.01748993992805481,-16.298100352287292,1.1512264071810714,-9.930612912974555,0.8445320756692606,0.9734123349189758,0.3076923076923077,28.324530674861027,0.9255281602182035
76011,0.7371782660484314,1.0481975078582764,0.21475878357887268,0.48429672606289387,2.2486961994097014,-52.81953235569459,0.5915763066043851,1.3924663066864014,0.27586206896551724,22.03095370325549,0.8977399800552425
76014,0.9049925729632378,0.9521536231040955,0.009085971862077713,-5.177135765552521,-3.3159216970524557,19.926320379884064,0.9300376763945895,1.0154623985290527,0.14285714285714285,20.246028900146484,0.9513547003922066
77002,0.9083865955471992,0.9735538959503174,0.04459565505385399,-4.897866398096085,-2.556856334352412,-9.889914472620957,0.9234129921204576,1.0555012226104736,0.12,22.38521957397461,0.9543295758145701
77003,0.8586552292108536,0.8844160437583923,0.002411980414763093,-13.592877984046936,-4.3008868164720795,-12.427280681849178,0.8635906709537223,1.0036027431488037,0.19230769230769232,25.41489050938533,0.9276475684430888
77004,0.8854714259505272,0.9072447419166565,0.008562394417822361,-11.585559695959091,-13.96988045663559,-45.46215211651054,0.8896126330934395,1.0133655071258545,0.1111111111111111,25.895558463202583,0.9416630812458809
78003,0.9304389804601669,0.9717779159545898,-0.0014270651154220104,-5.145597457885742,1.553949088008061,-2.5594389007159513,0.9547148594368238,0.9984087944030762,0.2,14.641959190368652,0.9646202601379157
78004,0.852314904332161,0.908942461013794,0.027565542608499527,-10.980996489524841,-11.469144299489438,26.88992253010373,0.8745059149246807,1.0405160188674927,0.25,26.50171858923776,0.9237389863836309
78006,0.9144764989614487,1.0111370086669922,0.026102861389517784,-1.688198745250702,1.9872623075378668,-6.484497377611217,0.9469393135053534,1.0306010246276855,0.18518518518518517,20.95907352588795,0.9581075092532052
79002,0.9115152880549431,1.0137742757797241,0.03333238139748573,-0.5593930371105671,0.7420890500336272,2.7158369467985426,0.9402888622735972,1.0390732288360596,0.2608695652173913,16.788824744846508,0.9570003246099407
79003,0.8570400327444077,0.9765880107879639,0.009862477891147137,-0.9532742202281952,-1.6320186935208112,9.681774078755584,0.9222652425392781,1.0136209726333618,0.36,32.064666748046875,0.9271368379554251
79004,0.9022340849041939,0.9422556161880493,0.00030262506334111094,-7.008858770132065,-1.5992486741119774,30.64584403854128,0.9235439941373582,1.0004146099090576,0.08,20.192049026489258,0.9498907686222414
79005,0.9087792411446571,0.97925865650177,0.03755771741271019,-4.412674158811569,-7.088459289311897,33.461543342268556,0.9308507154606802,1.0476311445236206,0.28,20.927047729492188,0.9543634544081369
79006,0.9041770026087761,0.9879574179649353,-0.0018039247952401638,-0.15125852078199387,-4.199387835539532,4.3541670555445355,0.9500511951169665,0.9976940155029297,0.09523809523809523,21.28507523309617,0.9515795315731935
80001,0.904881164431572,1.009943962097168,0.04070393741130829,-2.6779688894748688,0.383874551716106,26.764490940971196,0.9291619828494574,1.052751064300537,0.25925925925925924,19.058381186591255,0.9537780624941873
80002,0.9117514342069626,0.9370259642601013,0.02230970747768879,-10.602125525474548,-16.57835513476699,12.049737369258919,0.9194977176357111,1.0227174758911133,0.15,13.509374856948853,0.9552920076761845
80003,0.8860809653997421,0.9176294803619385,0.009889980778098106,-6.448815762996674,-5.60301661191355,-165.03323016700716,0.8981645665679615,1.0135674476623535,0.1111111111111111,22.329655400028937,0.9416778141632521
80004,0.7946845293045044,0.6945269107818604,-0.09461018443107605,-29.461359977722168,-20.999902866447783,-5.683169021695518,0.6528220514842147,0.8526401519775391,0.2,36.76953315734863,0.9258124343979868
80005,0.8688937276601791,0.8716937303543091,-0.02390299364924431,-15.422509610652924,7.488209656107626,-545.2484603863786,0.8525426934959219,0.9683791399002075,0.034482758620689655,23.91485016921471,0.9345685120328583
80006,0.942236490547657,1.0201077461242676,0.024994689971208572,0.7222849875688553,2.4227319883818583,55.24500280223115,0.9596824237645881,1.0211635828018188,0.07407407407407407,12.138445289046675,0.9721919388973124
8004,0.7836265116930008,0.8589954376220703,-0.07396836578845978,-17.01565682888031,1.4122058301503895,-19.660311362961487,0.8069455619839807,0.92911297082901,0.5,38.86924890371469,0.88881205766091
8005,0.9059080705046654,0.9372841119766235,0.00592862768098712,-6.414572894573212,-6.872371711692191,17.283670234507156,0.9207805083729486,1.0055725574493408,0.11538461538461539,22.175036943875824,0.9519230632573
8006,0.8618157505989075,0.9072928428649902,-0.05236539617180824,-9.680154919624329,-5.632253639063186,-18.53642394974998,0.877041227778338,0.9595324993133545,0.2222222222222222,30.24799205638744,0.9300956076460176
8009,0.8185110986232758,0.863155722618103,-0.010008556768298149,-14.053131639957428,-10.364066412203087,11.808854913640426,0.8334018016885406,0.9877451658248901,0.19230769230769232,35.940357354971084,0.9057746187707827
8011,0.8294811546802521,0.8595901131629944,-0.03756271302700043,-13.632401823997498,0.5029577648379088,-26.50601122061239,0.8309352988151825,0.9637134671211243,0.17857142857142858,31.27684933798654,0.9131022186890759
8013,0.7347203195095062,1.0155948400497437,0.0565284825861454,-2.15621218085289,8.520300417188837,-3.2678054860347006,0.8584320499112071,1.0563955307006836,0.4074074074074074,29.840328075267653,0.8710898391392125
81002,0.8975867331027985,0.9982826709747314,0.03980356827378273,-2.4449022486805916,1.4659945243300967,31.336598034674125,0.9291274423132101,1.0496965646743774,0.34615384615384615,18.882999053368202,0.9495002804596724
81003,0.8506598919630051,0.8464149236679077,-0.012837376445531845,-15.250588953495026,-11.09276948684327,58.85381836107422,0.8282964059801589,0.9802528023719788,0.3333333333333333,28.928581873575848,0.9258124221096571
81004,0.9434773921966553,0.9385654926300049,0.011686761863529682,-10.037222504615784,1.6116591236942441,-0.35979535696997134,0.9307524168736571,1.0153450965881348,0.11538461538461539,14.22586441040039,0.9719722087251491
81006,0.8712236285209656,0.9306164383888245,0.01768272928893566,-8.343074470758438,2.6556915826767704,43.24667303371749,0.9013695984705381,1.0223689079284668,0.25,24.011501772650355,0.9335657509856635
81007,0.8486770838499069,0.9297810792922974,0.034313760697841644,-10.383686423301697,-4.264442848109979,7.988350855650742,0.884788433292548,1.0473796129226685,0.10344827586206896,21.789970069096007,0.9219091518990276
82001,0.854082390666008,0.8887653350830078,-0.049988754093647,-14.622411131858826,5.978282462764347,26.931190444967235,0.8505871169117863,0.9327993988990784,0.3333333333333333,30.44504721959432,0.9262766104603738
82003,0.8714331537485123,0.9635186195373535,0.03773554041981697,-5.730760470032692,-5.802989430364865,32.196296012946526,0.9103915109422855,1.04935884475708,0.32,22.105850219726562,0.9347122168013599
83003,0.7925607115030289,0.9515660405158997,-0.009995120577514172,-6.955363601446152,4.202693000688806,-43.01600959205296,0.8811599297838486,0.9867766499519348,0.3448275862068966,34.952699727025525,0.8922862271054501
83004,0.7998237609863281,1.0453903675079346,0.09582948684692383,1.269747968763113,-1.7001226731541468,-13.726544080931907,0.8295345565715032,1.1372312307357788,0.3076923076923077,25.765987542959362,0.9096353429071293
83006,0.8417989611625671,0.9012892842292786,0.001754410332068801,-10.308239609003067,-6.713847119631695,8.976523622800821,0.8714205777119145,1.002502202987671,0.21428571428571427,29.57019124712263,0.9176434495126334
83007,0.8790267333388329,0.9241267442703247,-0.008259734138846397,-8.240911364555359,-5.291674897617047,-52.00466850101707,0.9011398454640245,0.9883747100830078,0.25,20.06248633066813,0.9376988615336596
83009,0.8092159926891327,0.9965850710868835,0.05948108434677124,0.7417996879667044,-6.407493815876672,25.101563516303237,0.8694010048357355,1.0906647443771362,0.07407407407407407,21.377775404188366,0.9060620421476893
83010,0.8958262726664543,0.9328396320343018,-0.02202047035098076,-6.528519093990326,1.2623891362253967,-7.334217770223613,0.9092516534882191,0.970019519329071,0.25925925925925924,20.734400219387478,0.9468406344274659
83013,0.8564189821481705,0.9480262994766235,0.07062099128961563,-5.374397337436676,-12.846921549867066,36.94657164142633,0.8565471738678085,1.1128746271133423,0.11538461538461539,22.51100356762226,0.9283287621619171
84001,0.9116716235876083,0.953229546546936,0.026865605264902115,-1.1022843420505524,-12.676743871559587,25.712566680634435,0.9284968695843838,1.0302939414978027,0.3333333333333333,21.196425402605975,0.9551948724858962
84004,0.9363171383738518,0.9761164784431458,0.008841061033308506,-4.162303730845451,4.854099510817788,3.0816274343300805,0.9588011105105352,1.0091865062713623,0.125,14.887035886446634,0.9677117049732471
84005,0.9360192120075226,0.9973395466804504,0.04792071878910065,0.7197148632258177,-2.182466641961953,-4.066576459941337,0.9382020499205768,1.053439736366272,0.4,15.60775089263916,0.9690790815263075
84008,0.8170443624258041,0.942646324634552,0.010249774903059006,-4.73279170691967,-11.094451817306728,21.458485790124666,0.8878826084805383,1.014478087425232,0.23076923076923078,24.749897144458913,0.9047568879776055
84009,0.8152320384979248,0.9595144391059875,-0.07549186795949936,-6.520407646894455,18.847115833856922,-17.63666491434469,0.8618652071948742,0.9056939482688904,0.25,25.51680604616801,0.9075418529857887
84012,0.8875556066632271,1.0112513303756714,0.04923863708972931,1.5719376504421234,-6.660431349967112,11.290266622127746,0.9147394406785776,1.064733624458313,0.14814814814814814,19.152471754286022,0.945664667065809
84013,0.9255503788590431,1.0528723001480103,0.07273555546998978,6.051017343997955,1.84813130385597,-17.512275508008177,0.9008247456063957,1.0777626037597656,0.38461538461538464,15.899957143343412,0.9684844733885577
84014,0.8746044039726257,0.9568432569503784,0.013850494287908077,-5.339500308036804,1.0338535855517579,8.75371603833932,0.9199768938238725,1.0196751356124878,0.2857142857142857,26.76645517349243,0.9355478309903
84016,0.7716870307922363,1.188663125038147,0.1330018788576126,20.424209535121918,-2.630949954221245,-8.483436567163459,0.740026404640111,1.1630089282989502,0.3076923076923077,35.614791283240685,0.9263753789142825
84017,0.8866427466273308,1.048005223274231,0.06528125703334808,4.72058579325676,0.749546452779393,57.33470270493356,0.9008177656226175,1.0702619552612305,0.34615384615384615,14.653104085188644,0.9490503013026561
84018,0.9185145199298859,0.9054102897644043,-0.025903144851326942,-12.890665233135223,1.9259619863021757,0.8009813347079363,0.8936488018096739,0.9719241857528687,0.20833333333333334,23.13013474146525,0.9603123101147893
84019,0.8517587780952454,1.017168641090393,0.08920234441757202,1.334431767463684,-10.316151511361666,-25.992569056113695,0.8670336671603966,1.1124722957611084,0.2962962962962963,26.756457929257994,0.9311867300722658
84020,0.8399214893579483,1.0118486881256104,0.044153641909360886,5.975986644625664,-10.366984504465178,12.651499207800518,0.9010296104238129,1.0596652030944824,0.03571428571428571,21.951423372541154,0.9219307349704224
84022,0.8365260809659958,0.8933835625648499,-0.02673429436981678,-11.341161280870438,-2.2065082898968,10.06106889291916,0.8599228137184465,0.9672060608863831,0.07692307692307693,30.516087567364732,0.9152703656174174
84026,0.8770260140299797,0.9671306014060974,0.041422177106142044,-2.1870138123631477,-3.6814183617018372,49.62752017217332,0.9076579203917003,1.0598864555358887,0.20833333333333334,24.17480150858561,0.937868890676178
84030,0.887058436870575,0.9144076704978943,-0.010157151147723198,-8.973171561956406,3.680780542604678,37.1205213757751,0.8957638768354095,0.9854919910430908,0.14285714285714285,26.154421057019917,0.9423056313069214
85001,0.9325159788131714,1.0084398984909058,-0.04280269891023636,-2.418696880340576,-6.53107371330526,-0.6375784165547503,0.9562392553586131,0.9719556570053101,0.782608695652174,13.854727537735648,0.9674840698883138
85002,0.8780139908194542,0.9123520255088806,0.0017267641378566623,-9.975264221429825,-0.4178330438509341,17.764715719520392,0.8922405707406184,1.0024619102478027,0.17857142857142858,29.460021427699495,0.9373592292524786
85003,0.8712045103311539,0.871518611907959,-0.02556963823735714,-11.609280854463577,-17.01807450779527,32.574820373200104,0.8509330508200587,0.9598549604415894,0.03333333333333333,26.52591228485107,0.9359542034899152
85004,0.8196492046117783,1.0196547508239746,0.07814902067184448,1.8356725573539734,-3.3788015045432807,-38.586488455436644,0.8695885293256007,1.0967097282409668,0.25806451612903225,28.143122888380486,0.9147470181338768
88001,0.7128361761569977,0.9379537105560303,0.026665112003684044,-6.441014260053635,-5.036006608413157,55.03560932824476,0.8330665389562758,1.0363593101501465,0.2413793103448276,26.589594216182316,0.8493512729968249
89002,0.7877412438392639,1.117028832435608,0.09619419276714325,14.828865230083466,-9.233638757626187,5.399291309778845,0.7971101935325146,1.142435908317566,0.2413793103448276,18.6270154755691,0.9152619449779377
89003,0.8811617940664291,0.9604547023773193,0.0341305248439312,-5.831369757652283,11.899111392379407,8.044368543024119,0.9098580186400409,1.0539271831512451,0.3333333333333333,22.03353422659415,0.9395549410058616
89005,0.6889642477035522,0.8492681384086609,0.007492916192859411,-13.738957047462463,-13.075827871689835,45.35148916223798,0.7725821302116045,1.0140401124954224,0.17857142857142858,36.26288686479841,0.8302894563045157
89007,0.7823922783136368,1.001173734664917,0.1296953409910202,-2.598775736987591,-17.689306773662004,-40.56510783021774,0.7935296441164386,1.1804814338684082,0.06666666666666667,22.244869867960613,0.8997249670435143
90003,0.8756472989916801,0.8605801463127136,-0.03880895674228668,-13.066056370735168,-7.265055962070354,5.384181829331852,0.8397191140945182,0.9485960602760315,0.1,27.254371643066406,0.9399192063524762
9002,0.9119135066866875,0.9302659034729004,-0.03914333134889603,-9.23260971903801,8.70546283893473,-8.23827035750641,0.9072394850299345,0.9574113488197327,0.14285714285714285,18.367818423679896,0.9560924185395457
9003,0.8899304866790771,0.9823176860809326,-0.02466023713350296,-3.9248690009117126,7.264058779061433,-4.341665256261072,0.9323011429753725,0.9655918478965759,0.18518518518518517,18.743541505601673,0.9444432714629798
9004,0.894645668566227,0.9387247562408447,-0.08035492151975632,-5.370033532381058,9.187890026637042,4.859147389473983,0.8932239620575061,0.928737461566925,0.25925925925925924,23.835360562359845,0.9493234038531838
9005,0.8227315694093704,0.7893849015235901,-0.06847553700208664,-20.357191562652588,1.1390006088674272,-11.025087682969101,0.7576652551332811,0.9118443131446838,0.2857142857142857,37.001041003635954,0.9187843380962925
92001,0.9407534189522266,0.9991099238395691,-0.005557170137763023,1.8186680972576141,-3.1782922775332927,22.225454795360907,0.9700761061733556,0.9959400296211243,0.2916666666666667,13.974507649739584,0.9703661709072289
93001,0.8720898330211639,0.9910839200019836,-0.01548923458904028,-2.0799020305275917,-1.3998596689277953,-4.864825038216333,0.9319453665384985,0.9797878861427307,0.13793103448275862,25.033495343964674,0.9356306974834349
94001,0.964513473212719,0.9948257207870483,0.04633620008826256,1.1242330074310303,-4.488357708477455,31.067632300450214,0.9599476313231168,1.0360151529312134,0.16,10.572529792785645,0.9832570065222282
95001,0.8910610154271126,0.9489825963973999,-0.01924836076796055,-2.838919311761856,2.109883196590149,59.8963727942633,0.9229371442612164,0.9852086901664734,0.32,21.12643814086914,0.9441687773940549
96001,0.8374138921499252,0.9562168121337891,0.02478097192943096,-5.084566026926041,-4.840980246892084,-5.232409024910214,0.899327487089858,1.0348377227783203,0.25925925925925924,22.53973219129774,0.9163081820753325
96002,0.9111101925373077,0.8905850052833557,-0.07974081486463547,-8.650963753461838,1.7419784776363505,17.849096150298433,0.8546725383771134,0.9129416942596436,0.28,21.937448501586914,0.9603858430037077
96004,0.8391201496124268,0.9227936863899231,-0.01105505134910345,-7.7022939920425415,-10.89762475398175,-22.160993949350562,0.8849111279613353,0.9841954708099365,0.03571428571428571,29.613678795950754,0.9161259845783272
97002,0.8652955740690231,0.8933778405189514,-0.034005142748355865,-11.019376665353775,11.074858968484277,44.45784473501213,0.8668899792846378,0.9590847492218018,0.16,26.246740341186523,0.9316191914628152
