basin,FHV_1%,mNSE,NSE,Alpha-NSE,Beta-NSE,FHV,FMS,FLV,KGE,Beta-KGE,Peak-Timing,Peak-MAPE,Pearson-r
10002,-8.696422725915909,0.7393348515033722,0.9046737849712372,0.937778115272522,-0.07662267237901688,-7.587823271751404,10.598164429964688,-10.648072079211412,0.8916403267872295,0.9239206910133362,0.375,19.235670566558838,0.9543689296219059
10003,-1.9260667264461517,0.7582540959119797,0.9285068958997726,0.9661499857902527,-0.07873959839344025,-3.942447528243065,4.177844611495168,11.005839714414446,0.920407227055811,0.9360694289207458,0.28,16.1115665435791,0.9668025885884823
1001,15.044744312763214,0.7056966722011566,0.8456479161977768,1.0537244081497192,0.047019146382808685,11.588431894779205,-15.921837635243586,46.716736508787584,0.894931234838391,1.0560115575790405,0.3333333333333333,22.192630061396844,0.9291774132135973
101002,-29.64259684085846,0.5540435910224915,0.7666701823472977,0.7483063340187073,-0.20321673154830933,-25.71392059326172,0.7747498977123395,55.425893459496244,0.6534703533716066,0.7778738141059875,0.3,41.025567054748535,0.9140171410252298
101005,-19.46466863155365,0.6749133169651031,0.8359376043081284,0.8271307349205017,-0.013196193613111973,-16.710032522678375,-1.2873274647504735,29.656159265034738,0.8082780659731763,0.9823476076126099,0.21739130434782608,28.93251543459685,0.9189943815475649
102001,-17.753110826015472,0.7247284054756165,0.8259248286485672,0.8815235495567322,0.03019329346716404,-12.20821812748909,-7.491467293804971,-3.038321575250979,0.8429377110674381,1.0498559474945068,0.23809523809523808,31.225270316714333,0.9097432673174769
106001,-23.340517282485962,0.7015879452228546,0.8526494950056076,0.8320757150650024,-0.08896928280591965,-20.168884098529816,-5.205303572040664,52.9021734731599,0.7978801375482685,0.9095239043235779,0.48,32.061256408691406,0.9331572783488917
11001,-0.8840158581733704,0.789474293589592,0.9439094886183739,0.9769170880317688,0.005825238302350044,-0.5526612978428602,-2.013711637170515,12.131384300296501,0.9630180812297756,1.0052218437194824,0.15384615384615385,15.062576073866623,0.9715821563245262
11003,-7.779908925294876,0.7077900469303131,0.8879150822758675,0.9374931454658508,0.009709700010716915,-5.433013290166855,-1.811921779831532,-6.590431561784091,0.9145343639890853,1.0086212158203125,0.4230769230769231,24.53742394080529,0.9423550287295026
11004,21.547931432724,0.7025875747203827,0.8295929431915283,1.2119508981704712,0.05109738931059837,19.556516408920288,15.073325702843574,9.113141727232957,0.7784668731135145,1.0398000478744507,0.5384615384615384,16.248257343585674,0.9493077988046913
12001,-13.281933963298798,0.6929606795310974,0.8550981283187866,0.8864398002624512,-0.02513224259018898,-12.886832654476166,1.7246986548410825,0.6038983603691216,0.8624033548939257,0.97663813829422,0.5217391304347826,26.432275772094727,0.9258977652317085
12002,-12.98602819442749,0.709918200969696,0.8806891813874245,0.8958805203437805,-0.004451759159564972,-11.615564674139023,-2.2781254827429795,9.39562082636704,0.8794849250714716,0.9955856800079346,0.32,24.82709312438965,0.9394728902048464
12005,-10.20808070898056,0.6704168915748596,0.8397576808929443,0.8802543878555298,-0.048366203904151917,-12.810961902141571,-2.57521997345817,2.225674325110707,0.8455862218822301,0.9465705156326294,0.08333333333333333,28.878772258758545,0.9184531211818204
12006,-13.593439757823944,0.6557688415050507,0.8257324695587158,0.8828569054603577,-0.020514270290732384,-12.321323156356812,-3.8794836908757873,-16.975905441991216,0.8504391444957736,0.9794541001319885,0.16666666666666666,27.16754873593648,0.9093147702244399
12007,-18.802157044410706,0.6319211721420288,0.8122442215681076,0.8362158536911011,-0.019704271107912064,-17.136242985725403,-12.263550806429858,10.093238980564502,0.8091259686394474,0.9801775217056274,0.4074074074074074,33.516495316116895,0.9040066740863536
12008,-4.268506541848183,0.7166635096073151,0.8666844367980957,0.9496746063232422,-0.012024334631860256,-4.890120401978493,1.9071971557971485,11.032278173652509,0.9128491631533308,0.9817830920219421,0.08333333333333333,21.575556198755898,0.9312194258669421
12009,-7.506763190031052,0.6499088704586029,0.8469292521476746,0.9295201301574707,0.03818000108003616,-9.429559856653214,9.384310976551042,-51.072313565900465,0.8772523766411785,1.0622665882110596,0.15384615384615385,23.43157438131479,0.9211175622855533
13001,-9.028361737728119,0.7508764266967773,0.8947241902351379,0.9327756762504578,-0.006530780345201492,-7.790841907262802,8.738147701575585,-20.368782668651665,0.9133987593866487,0.9918664693832397,0.34782608695652173,25.671610624893855,0.946013790169206
13004,-20.50667256116867,0.7031445801258087,0.8438326716423035,0.8575534224510193,-0.07256820797920227,-17.06770658493042,2.74979370329837,-16.31501338494495,0.8214421514536578,0.9238906502723694,0.20833333333333334,35.23375193277995,0.9238472278500782
13005,-11.233818531036377,0.7685900777578354,0.9083755910396576,0.9343515634536743,0.02405470423400402,-9.160856157541275,1.1195619456547627,32.07618436809815,0.9131853957650041,1.0327520370483398,0.14285714285714285,20.864264170328774,0.9535848908577584
13007,-9.881653636693954,0.7430701553821564,0.882857657968998,0.921302080154419,0.001717437175102532,-9.980441629886627,-1.1703233748206654,8.97416346365354,0.9008873115068792,1.0021291971206665,0.25,21.72751029332479,0.9397884649594926
13008,-5.149649456143379,0.7566287070512772,0.9020520076155663,0.9572718143463135,0.001255437615327537,-5.882690474390984,-3.698281318084215,-3.469560751895578,0.9340612756652836,1.0012727975845337,0.21739130434782608,22.794968148936395,0.9497944474789629
14001,-2.9035303741693497,0.7780474275350571,0.9085517823696136,1.031463384628296,-0.007134540937840939,0.06904926267452538,10.668459996290853,-22.643744912939855,0.9456012673132095,0.9930241107940674,0.23809523809523808,17.66943818046933,0.9561751837944829
14002,3.7392742931842804,0.7469012439250946,0.9018099084496498,1.0431182384490967,0.05461222678422928,3.5422425717115402,0.45839244457152273,-7.675752355974058,0.9140764189855913,1.059342861175537,0.30434782608695654,19.348644173663594,0.955255121914487
14005,-4.032480716705322,0.774461105465889,0.904843308031559,0.9986040592193604,0.02059967629611492,-0.7085248827934265,-1.3366847398605681,32.91627682584555,0.9459604209877849,1.0258570909500122,0.23809523809523808,14.475042479378835,0.9525685937720882
15006,-17.598605155944824,0.7816717326641083,0.9214369207620621,0.9025947451591492,-0.023600146174430847,-12.351668626070023,-7.2408626825115565,-24.78718241962133,0.8937706692570033,0.981126606464386,0.56,23.746472138624924,0.9620436822657449
15007,-12.417707592248917,0.8009272217750549,0.9399742148816586,0.9015476703643799,-0.024002958089113235,-10.896071791648865,-4.577187759176801,13.477633722890776,0.8957459110837088,0.9796392917633057,0.7619047619047619,23.36436618458141,0.9724047938006374
15010,-14.092877507209778,0.7317101359367371,0.878059022128582,0.8746461868286133,-0.010791435837745667,-12.966582179069519,-4.345091763655784,6.218861333385655,0.8602911586170888,0.9888006448745728,0.3181818181818182,22.659631208939988,0.939340653410022
15011,-25.921890139579773,0.6544429957866669,0.8099054545164108,0.7804904580116272,-0.052539851516485214,-22.68083542585373,-0.5197886246819964,-17.947818142217294,0.7533284961706296,0.9313267469406128,0.34615384615384615,40.27717663691594,0.9108575516841764
15012,-8.581211417913437,0.6992737054824829,0.8853235766291618,0.9170846343040466,-0.03909202292561531,-8.454279601573944,-10.379362023697619,-26.927983329687784,0.8937826548512564,0.9675958752632141,0.4583333333333333,30.998871723810833,0.9420591746520948
15013,-18.2969331741333,0.7294091284275055,0.8475696444511414,0.864812970161438,-0.003785918466746807,-15.889710187911987,1.4930651042345044,4.863649366596878,0.8440640309801919,0.9949232339859009,0.23076923076923078,29.272277538593,0.9224453750933422
15014,-12.112747132778168,0.6586176753044128,0.831079438328743,0.9090233445167542,0.028714429587125778,-10.616079717874527,-6.630337152101087,4.44811466406135,0.868621094956417,1.0354400873184204,0.25925925925925924,28.287322180611746,0.9120928611636329
15016,-1.0935058817267418,0.819035604596138,0.9635009579360485,0.9539287090301514,0.0006141476333141327,-2.103845588862896,-4.6250011872483325,17.086529846860017,0.9505281742709343,1.000493049621582,0.3,10.569983720779419,0.9819818260800588
15021,-13.930200040340424,0.7763021737337112,0.9049681276082993,0.9707193970680237,0.012213240377604961,-9.375832229852676,6.606783703043504,27.106160333431745,0.9421850140245295,1.0118186473846436,0.5882352941176471,25.259556489832264,0.9515692404635107
15023,-11.833681166172028,0.7645958513021469,0.9102649390697479,0.9497811794281006,0.0366436168551445,-11.161311715841293,9.211437388980222,19.037950304347614,0.9174764652346743,1.0473780632019043,0.20833333333333334,20.46731948852539,0.9547946576412959
15024,-6.384216248989105,0.7707266211509705,0.9059595689177513,0.9202972054481506,-0.05033130571246147,-7.915588468313217,1.2248833128143022,14.548666254327008,0.8875571062177643,0.9355760812759399,0.13333333333333333,20.628665288289387,0.9537352445269129
15025,-13.748012483119965,0.710515022277832,0.8577017337083817,0.9402974843978882,0.03321031108498573,-10.355857759714127,5.7115146399846415,8.238369178202255,0.8988919771284286,1.0360891819000244,0.2692307692307692,25.886950669465243,0.9268152142206815
15030,2.8549138456583023,0.7672997117042542,0.9274361357092857,1.0105648040771484,0.06942648440599442,2.977007068693638,-6.915370648396464,-36.68592669336363,0.9162484857178881,1.0760457515716553,0.2608695652173913,15.126425286997918,0.9665374130219978
15039,-20.484639704227448,0.6044544577598572,0.7989288717508316,0.8268566727638245,0.017277155071496964,-17.818889021873474,-11.143686846952912,-7.850480966438958,0.7973653381010157,1.020386815071106,0.1724137931034483,38.61469400340113,0.8967209013993691
16001,-7.675916701555252,0.7468712329864502,0.9128002375364304,0.9618358612060547,0.01409071683883667,-6.494893133640289,-4.22863157497,10.723587740766096,0.9398856840291109,1.0134049654006958,0.4,22.120228180518517,0.9555305003696858
16003,-6.871794164180756,0.762420266866684,0.9093794673681259,0.9373300075531006,-0.0011878109071403742,-6.359957903623581,-4.4571867458161805,6.980290927139504,0.9220965729620747,0.9982917904853821,0.07407407407407407,20.68876690334744,0.9537561029841441
16004,-2.221294492483139,0.7762572467327118,0.931890182197094,0.9706003665924072,-0.005348780192434788,-2.7485493570566177,-4.093665475952127,11.826095664315153,0.9542718765541701,0.9947338104248047,0.43478260869565216,19.132399559020996,0.9653735639036543
17001,-14.986464381217957,0.6662940084934235,0.7924232631921768,0.8559108972549438,-0.012142162770032883,-12.410196661949158,2.6090212003389026,15.822606558399672,0.8181728719936812,0.9797919988632202,0.34782608695652173,33.12254988628885,0.8909538096070899
17003,15.013901889324188,0.6552962958812714,0.814984992146492,1.169417142868042,0.05263987183570862,13.746343553066254,24.071140484848154,-71.65460792418868,0.8098257030276365,1.0561633110046387,0.12,27.816013336181637,0.9343511048961339
17004,0.8022206835448742,0.7368474304676056,0.8835806027054787,1.0014675855636597,0.03626243770122528,-0.12202421203255653,-6.625799892082404,-2.8233605041412653,0.9312685396624766,1.0376752614974976,0.5909090909090909,23.20838624780828,0.9425331878051595
17005,-13.126231729984283,0.7664551734924316,0.8893843293190002,0.8927775621414185,-0.022892756387591362,-11.673188954591751,-4.461753242932701,-32.68342172450112,0.8755745409877425,0.9694057703018188,0.16666666666666666,22.570602099100746,0.944781916193619
17015,-8.48369374871254,0.6928072571754456,0.8378183394670486,0.9632642865180969,0.061228469014167786,-6.9095179438591,1.3862262696704268,-20.60826508644637,0.8747075686265415,1.0877519845962524,0.25,25.37221908569336,0.9184630763772179
17018,-30.34140169620514,0.6631764769554138,0.7190107107162476,0.761551022529602,-0.08638165146112442,-25.162842869758606,2.9903318089890045,-11.476405918395558,0.7059497456766921,0.9031959772109985,0.391304347826087,45.62783033951469,0.8577445312728181
18001,-18.171703815460205,0.7120845913887024,0.8524125069379807,0.8707647323608398,-0.062280651181936264,-17.67292469739914,11.768082859298852,14.02290390495738,0.8320521092555659,0.9213476181030273,0.125,24.681494633356728,0.9270716623960769
18002,-17.20988154411316,0.7169908285140991,0.8655636608600616,0.8472457528114319,-0.046132590621709824,-16.975630819797516,-7.694503485516465,26.923914532769995,0.825159634845257,0.944327712059021,0.14285714285714285,24.823502131870814,0.935689117493892
18003,-7.174193114042282,0.7838528901338577,0.9356886669993401,0.9241844415664673,-0.03286755084991455,-7.230349630117416,-2.3293896532454963,-19.026611248621734,0.9103220985649197,0.9635725617408752,0.25,21.202103296915688,0.9689006616293977
18008,-6.795867532491684,0.8290617018938065,0.9325288757681847,0.9624651670455933,-0.0025914765428751707,-5.200141295790672,-2.5335796398541173,17.777368232585733,0.9490662956307081,0.997206449508667,0.3333333333333333,18.3473269144694,0.9656841926873987
18010,4.459504783153534,0.7894723862409592,0.9310688078403473,0.9971427321434021,-0.03216363117098808,1.9355317577719688,0.8380167511415003,25.79495120467854,0.9498381276779854,0.9632682204246521,0.1,14.671552181243896,0.9659584691226466
18014,-4.881981760263443,0.7069330513477325,0.8668698519468307,0.9725913405418396,0.017123643308877945,-5.25837279856205,10.328292321519195,28.609872220534516,0.9237214696155955,1.0213594436645508,0.047619047619047616,24.7560909816197,0.9320959960631776
18017,,,,,,,,,,,,,
18018,,,,,,,,,,,,,
19001,2.0102137699723244,0.7651946246623993,0.8870973736047745,1.0346320867538452,0.025006087496876717,0.8973371237516403,4.357963283696267,-8.576257389902684,0.9277454889385536,1.033760905265808,0.24,19.583173751831055,0.946320076272074
19006,8.980877697467804,0.6515305936336517,0.8548959642648697,1.044529676437378,-0.007930384948849678,8.849141746759415,-8.790306701462297,27.629822362578228,0.9178064693585137,0.9908671379089355,0.375,23.341846466064453,0.9315202568220282
19010,-34.14736092090607,0.14290273189544678,0.48688769340515137,0.5853550434112549,-0.39997732639312744,-30.575084686279297,-23.841219255801928,46.6155796536724,0.40753065888009954,0.6061303615570068,0.09090909090909091,41.8552268635143,0.8452221331864519
19017,-3.6979712545871735,0.6669986248016357,0.8875313028693199,1.0100196599960327,0.08266226947307587,-2.020470052957535,13.014052070376843,-4.304538766737835,0.8516005629673287,1.1385371685028076,0.30434782608695654,22.794756682022758,0.9477558398631735
19020,-18.809905648231506,0.7072902917861938,0.8190003484487534,0.7863710522651672,-0.08490588515996933,-21.23706191778183,-0.2654613989274054,-80.73114150180132,0.7322592505972092,0.8606868982315063,0.21052631578947367,33.10598574186626,0.9185160061354534
20002,-2.7559615671634674,0.6719055771827698,0.8606279790401459,1.032022476196289,0.0826566144824028,-1.0344510897994041,13.76745781572533,84.28288816799493,0.8464884675424487,1.135943055152893,0.3,18.406280279159546,0.9362831468807397
20003,-21.607589721679688,0.7132744789123535,0.8704054057598114,0.8419204354286194,-0.06464724242687225,-20.415543019771576,15.260144375174347,10.89584419252848,0.8047661193790987,0.9021733403205872,0.20833333333333334,33.05596510569255,0.94035887272035
20007,-11.4414781332016,0.6666356027126312,0.8699779957532883,0.9203903079032898,-0.08112920075654984,-9.766603261232376,17.53756681831694,-16.363381061593078,0.8404942586405493,0.8772912621498108,0.47619047619047616,29.98273032052176,0.936384403593863
2001,-24.616874754428864,0.6726424098014832,0.8008850812911987,0.8101105690002441,-0.10337930917739868,-22.46885448694229,-2.23783031063543,-33.177234248870576,0.7583955046383161,0.8839364647865295,0.32,32.953800201416016,0.9059574991436616
2002,-22.95345366001129,0.7044935524463654,0.8344587683677673,0.8057112693786621,-0.033471569418907166,-20.957019925117493,-15.69238003937394,22.376793170661674,0.7859920052007257,0.9567346572875977,0.2222222222222222,33.255767822265625,0.921390705946855
21003,0.37572954315692186,0.7757162153720856,0.9062534645199776,1.014344573020935,0.01902049593627453,0.6685715634375811,-3.903537879503585,-8.931805297635345,0.9483859255364039,1.0186713933944702,0.4782608695652174,23.72337009595788,0.9540693460062929
21006,-6.713409721851349,0.7440051138401031,0.8763895854353905,0.9822139739990234,0.04836934059858322,-5.5220551788806915,-1.8481225352748047,11.455021966202615,0.9181192862480398,1.0509603023529053,0.4166666666666667,25.342682997385662,0.9384276348698257
21008,-12.700843811035156,0.721712201833725,0.7957111895084381,0.9101976156234741,-0.01715802773833275,-10.090237110853195,0.9884385743959226,4.537476419003802,0.8582040823988839,0.978615403175354,0.5714285714285714,21.51055552742698,0.8923695534373264
21009,-15.147027373313904,0.7622427195310593,0.8725281804800034,0.9134390950202942,-0.0029610947240144014,-11.228213459253311,1.747491080860277,25.822105028710347,0.8913022603939833,0.9968504309654236,0.21739130434782608,21.405446011087168,0.9343304595763896
21011,-3.57576422393322,0.6678225994110107,0.8503509759902954,1.0071243047714233,0.10058825463056564,-1.7114881426095963,-7.396977599586482,22.093123716589766,0.8664137310777055,1.114014983177185,0.3333333333333333,21.297417084376015,0.9307532012493741
21012,-16.416296362876892,0.7198522686958313,0.8061417490243912,0.8955749273300171,0.0035052415914833546,-12.832742929458618,-5.655113968433353,31.0705190880318,0.8538535455216871,1.0047296285629272,0.3333333333333333,27.958329518636067,0.8978637137540869
21013,-0.4854392260313034,0.7193968594074249,0.8090599328279495,0.9943507313728333,0.010336223058402538,-2.140825055539608,-5.884888701234615,26.92788464326224,0.903174621165774,1.011757731437683,0.4782608695652174,21.6600169306216,0.904057332214448
21015,-4.181212559342384,0.7098886668682098,0.7766687273979187,0.9991720914840698,0.009384436532855034,-6.416743248701096,-5.1439890957687044,13.122940850907838,0.8876382832509268,1.0120211839675903,0.625,26.696970065434773,0.8882862537808996
21016,10.563591867685318,0.6513471007347107,0.5869011580944061,1.187014102935791,0.08848100900650024,11.765672266483307,8.045588927529273,32.5607467369648,0.7206999986135709,1.136766791343689,0.2608695652173913,22.48896757761637,0.8440222424089496
21017,-5.518516525626183,0.6683271527290344,0.7937677353620529,0.9440982341766357,0.03603968396782875,-5.81982359290123,-2.6979417755698596,12.444263355750152,0.8691249601052893,1.050795316696167,0.5238095238095238,28.86518750871931,0.8931210757585577
21018,-12.272903323173523,0.7199407517910004,0.871613010764122,0.9165199398994446,0.03270263597369194,-13.074186444282532,-2.879637007721318,-17.678961923935404,0.8881294207751711,1.0351496934890747,0.391304347826087,30.487379820450496,0.9343448013533546
21022,-11.985041946172714,0.7020052969455719,0.7817326635122299,0.9593405723571777,0.027675757184624672,-8.00619050860405,4.476414786068887,-19.46771237752694,0.8730835288853028,1.0424116849899292,0.47619047619047616,25.229456311180478,0.8875017753016481
21023,-38.63901197910309,0.6584663391113281,0.5134299695491791,0.6559283137321472,-0.04400300979614258,-34.603139758110046,22.032419651750487,-297.47137599914936,0.5425492246794236,0.8862785696983337,0.391304347826087,40.19567655480426,0.7208166859564561
21024,-14.355862140655518,0.6672438979148865,0.7502980083227158,0.899519681930542,-0.021564297378063202,-13.643981516361237,12.993479617951337,-20.477255774231836,0.8302506369061411,0.9676117897033691,0.5416666666666666,28.066574096679688,0.8670731186508444
21026,-20.32117247581482,0.6512138247489929,0.7525055855512619,0.8242059946060181,-0.038602668792009354,-18.86580139398575,-2.824857641760742,-20.249736731692987,0.7718863374494253,0.9359315633773804,0.4444444444444444,38.27877751103154,0.8695103600337885
21027,-20.24325579404831,0.6798572540283203,0.70942023396492,0.8837838172912598,-0.020795388147234917,-15.770663321018219,16.969744501705968,11.170958763484135,0.8018219481073887,0.9643192291259766,0.3333333333333333,26.074949900309246,0.8434905059800055
22001,-10.156872123479843,0.7704545110464096,0.8856356590986252,0.9543659687042236,-0.0025909494142979383,-8.653106540441513,2.7000335471925725,-10.28021544469973,0.9254401164581889,0.9959134459495544,0.3181818181818182,25.460789420387965,0.941178137589351
22006,-1.0990243405103683,0.798369362950325,0.923226110637188,0.9980285167694092,0.0002754935994744301,-2.1719472482800484,-5.743846442089989,25.786627780103,0.9614844275176305,1.0005747079849243,0.21739130434782608,18.616547791854195,0.9615392110293065
22007,-7.685793936252594,0.779937133193016,0.9024324789643288,0.9749927520751953,-0.0283802542835474,-7.801567763090134,-1.5117636818929292,-17.39705136184028,0.9208074946478405,0.9432948231697083,0.375,27.818105618158977,0.9506987487397682
22009,-10.491804778575897,0.7511669546365738,0.8938537836074829,0.9772904515266418,-0.009437044151127338,-8.292963355779648,4.140028149908899,-2.525412669414745,0.9396871461414651,0.9856387972831726,0.34782608695652173,21.114502782407012,0.9460030315182104
23001,-17.33560860157013,0.710550457239151,0.8704179972410202,0.8982753157615662,0.007109435740858316,-13.290242850780487,4.684240044592269,18.722384115105413,0.8782283609142821,1.0089105367660522,0.2962962962962963,21.201020699960214,0.9336597932114008
23004,-15.748549997806549,0.7287195026874542,0.8599418997764587,0.9034382700920105,0.01648818887770176,-13.6898934841156,-1.3759694099651971,39.01395366728487,0.8770812512682892,1.0239074230194092,0.25925925925925924,22.119499135900426,0.9277969098201678
23006,-11.239706724882126,0.7282779812812805,0.879375047981739,0.9054444432258606,-0.013245288282632828,-10.0893035531044,-0.95816562798014,12.247546362810434,0.8857326059870144,0.9819839000701904,0.1935483870967742,24.15611820836221,0.9384231848747395
23007,-16.827453672885895,0.6327672302722931,0.8284995257854462,0.8658000230789185,0.029840601608157158,-9.741424024105072,11.502135747796485,-49.62749273210194,0.8317711368910033,1.0502492189407349,0.14285714285714285,28.995778343894262,0.9118732017308424
23008,-15.317441523075104,0.7310608625411987,0.8651587516069412,0.8794751167297363,0.0053763119503855705,-15.014028549194336,-12.764427522851115,-14.782470743247295,0.8611465606649027,1.008803367614746,0.2916666666666667,28.791205088297527,0.9316148346019805
23011,0.5119399167597294,0.6662535071372986,0.830591157078743,0.9980055093765259,0.055735278874635696,0.535538699477911,-8.399038013666873,17.672278712968318,0.8840615682714421,1.0805995464324951,0.11538461538461539,23.90864812410795,0.9166846048217593
23016,-1.6288915649056435,0.7354604303836823,0.8963723257184029,1.0379319190979004,0.023906871676445007,-1.945790834724903,-17.888672899628826,15.046567330194641,0.9201127620086624,1.0504664182662964,0.1111111111111111,24.133777618408203,0.9510481774107831
24001,-16.426046192646027,0.7708330899477005,0.9040839448571205,0.9055113792419434,0.008607869036495686,-13.471828401088715,3.151099798878726,-4.923118128460001,0.8932553922116576,1.0127718448638916,0.391304347826087,24.818076258120332,0.9520084193019247
24003,-15.452226996421814,0.7262763977050781,0.8620139211416245,0.8404607772827148,-0.020436706021428108,-16.54488742351532,-7.98558487839494,18.42690968463164,0.8238567508302754,0.9664599895477295,0.125,30.299419164657593,0.933301061914797
24004,-16.497118771076202,0.7366164922714233,0.8697269558906555,0.911908745765686,0.017370004206895828,-13.52662742137909,0.3077259437562411,-37.27317995246318,0.886434855731311,1.0254329442977905,0.16666666666666666,31.049448251724243,0.9329915060269289
24005,-2.421433664858341,0.7276186048984528,0.891332596540451,1.0374268293380737,0.06847786158323288,-1.3161888346076012,-11.054869080242273,-0.40616176664892295,0.8653865040563246,1.1194816827774048,0.18181818181818182,24.563397060741078,0.9505616220274549
25001,-14.216133952140808,0.7100291550159454,0.8641779273748398,0.9314729571342468,-0.04022641107439995,-10.963816940784454,8.601819989658443,-11.237103975603238,0.8886741638764747,0.9464765787124634,0.25925925925925924,22.848673220033998,0.9304821637394106
25003,-13.440729677677155,0.5631721615791321,0.706413984298706,0.7785072326660156,-0.035983212292194366,-17.30819195508957,-40.582983638788775,-444.15415422569026,0.7235820706766791,0.9457407593727112,0.07142857142857142,37.96017510550363,0.8437829699530942
25006,-13.63578885793686,0.7171562016010284,0.8710882216691971,0.8741768598556519,-0.0022691187914460897,-12.753094732761383,-17.94552056627519,40.160652411595684,0.8584728816659136,0.9960530400276184,0.08,25.18379783630371,0.9353247795895319
25012,-6.260956823825836,0.6822310090065002,0.8468173742294312,0.8683843612670898,-0.030611662194132805,-9.423712641000748,-18.678116417983084,0.3964891329705145,0.8408724964885479,0.9556857943534851,0.06896551724137931,27.239049714187097,0.9223138545644485
25020,11.622649431228638,0.7090750336647034,0.8085301667451859,1.0836480855941772,-0.044922828674316406,5.209508538246155,10.119154845927154,-33.05867129751045,0.8599466991191422,0.925631046295166,0.19047619047619047,27.399639856247678,0.9158145880279633
25021,7.413385808467865,0.689094066619873,0.8015166968107224,1.0313788652420044,-0.06433207541704178,0.7076713256537914,21.80365862824228,20.641789785667,0.8555756698235957,0.8947060108184814,0.21739130434782608,31.00818965746009,0.9062613750619871
26003,-23.712940514087677,0.4582696557044983,0.6943314075469971,0.8286213278770447,-0.38040876388549805,-24.823826551437378,6.935610025965104,-47.433637527394716,0.721758464008255,0.7956886291503906,0.42857142857142855,31.06274264199393,0.9205986975297542
26005,-49.289920926094055,0.5091827213764191,0.661128431558609,0.6408215165138245,-0.2291608303785324,-47.02790975570679,4.358724188694374,-5.35399342965087,0.5124076706199984,0.6939533352851868,1.0,50.09173870086669,0.8772297442874464
26008,16.56741052865982,0.5273950397968292,0.7683369219303131,1.0632268190383911,-0.25840410590171814,7.758720964193344,20.169734975423648,4.592411694489919,0.8041911574745907,0.8308295011520386,0.4,27.84671545028686,0.9243374961757214
26009,42.449551820755005,0.6561988890171051,0.755868136882782,1.0443735122680664,-0.08409425616264343,28.93855571746826,-4.598729514845998,-83.25420842793612,0.867402836819597,0.9457300901412964,0.6666666666666666,28.359549840291344,0.8874487850957868
27001,-24.145473539829254,0.7747941464185715,0.8851354867219925,0.8513001203536987,-0.0367053858935833,-18.981538712978363,1.642787811419207,4.088619495232065,0.8333424990114533,0.9472658038139343,0.20833333333333334,31.29335045814514,0.946314126797336
27002,-12.39059716463089,0.7387509644031525,0.8912460058927536,0.9112253785133362,-0.06663984060287476,-11.549551039934158,2.391288107004282,24.36586046902292,0.8663750629367812,0.9152954816818237,0.2,21.661659240722656,0.9470865332686046
27003,-7.148142904043198,0.8149413764476776,0.9462337642908096,0.903796911239624,-0.06441859900951385,-10.48039123415947,1.3004773151453684,17.341091537539313,0.8813113574768893,0.9341715574264526,0.043478260869565216,13.32560518513555,0.9776711906881902
27006,-9.888020902872086,0.7615761309862137,0.905963771045208,0.9095451831817627,-0.00648388871923089,-7.347986847162247,-4.167936611656783,20.9463824760265,0.8975829328033635,0.9909511208534241,0.16666666666666666,19.892215728759766,0.952826919183393
27007,-12.749914824962616,0.768866777420044,0.9085706323385239,0.8989483714103699,-0.04505946859717369,-10.032790154218674,-9.528341904669825,26.151719740240598,0.8744431863587111,0.939890444278717,0.2,20.01711654663086,0.9559554416286555
27009,4.376787692308426,0.8047376275062561,0.9400175958871841,0.9988914728164673,-0.03536650165915489,3.484787419438362,-1.6672436003052842,5.294338961417074,0.9508182864136328,0.9605870246887207,0.21739130434782608,9.267149800839631,0.9706022195414803
27021,-14.052726328372955,0.8128760159015656,0.9230092838406563,0.8881312608718872,-0.02104506827890873,-13.265059888362885,1.0640364718932642,-0.5369012459406678,0.8798553079177214,0.9750887155532837,0.25,15.69381058216095,0.9639505874021977
27023,-8.478865772485733,0.7313224077224731,0.7648878991603851,0.8403805494308472,-0.029394792392849922,-7.540325820446014,20.460572396995566,22.211484020578617,0.7896115878293357,0.9420651793479919,0.23809523809523808,28.256294944069605,0.8757886014420788
27025,-1.2015681713819504,0.7141756117343903,0.8369393199682236,1.0503790378570557,0.07036949694156647,-1.1033049784600735,17.164642361223645,8.087220790182819,0.8736442172798613,1.0891271829605103,0.4166666666666667,19.382586081822716,0.9259454145313067
27026,-9.701455384492874,0.7676236182451248,0.8985126167535782,0.9209243655204773,0.02726532146334648,-7.403243333101273,-9.917902081017447,13.728343318560816,0.8964316127131761,1.0429130792617798,0.0,18.271938237276945,0.948697733918211
27029,-12.981526553630829,0.8018711507320404,0.9122247993946075,0.8837776780128479,-0.022540638223290443,-10.916563123464584,-3.841750455071641,-15.738785175262873,0.8738111375464049,0.9740262627601624,0.2916666666666667,25.37728746732076,0.9582703240721553
27030,-6.610838323831558,0.7945048362016678,0.8928257822990417,0.9433209896087646,-0.013810635544359684,-7.590781152248383,-7.434622418321495,-0.5737194305241367,0.9189799147146815,0.981933057308197,0.3181818181818182,23.039193586869676,0.9449970038772285
27032,-15.299169719219208,0.6846711337566376,0.8400735855102539,0.8277397751808167,-0.05781680718064308,-16.884784400463104,-13.683098116842427,-1106.375873276952,0.7964481781598156,0.9232998490333557,0.125,25.169132153193157,0.9233394106375608
27034,-8.595264703035355,0.759810283780098,0.8912081345915794,0.9199696183204651,-0.02088962495326996,-7.649708539247513,-8.438424432185235,35.528489603425065,0.8983303521256772,0.9706467986106873,0.2,23.36248779296875,0.9445902095716362
27035,-1.5578645281493664,0.8135644346475601,0.9178831055760384,0.9159843325614929,-0.04588489234447479,-5.616931989789009,-2.852947518367342,4.191215357932749,0.8875266250672182,0.936708390712738,0.36,15.818974494934082,0.9601778969985153
27038,-47.19118773937225,0.2135339379310608,0.20232850313186646,0.5051829814910889,-0.3745254576206207,-50.776153802871704,-9.574227328159068,-51.035254988333314,0.3315170297822455,0.8121278882026672,0.5454545454545454,32.587233456698335,0.5916745547067712
27041,0.11430506128817797,0.7764565050601959,0.9321916028857231,0.9816451072692871,-0.08949495106935501,0.7386730518192053,4.912672541025626,-35.03977543557682,0.9223362267867904,0.9308808445930481,0.56,17.57717514038086,0.9697130071088841
27042,-9.199194610118866,0.7565968334674835,0.8825209215283394,0.9009192585945129,-0.029296215623617172,-5.451644212007523,-9.470366501695272,-9.005684519585746,0.8810557972308232,0.9714130163192749,0.08333333333333333,21.997364362080894,0.9407250945258281
27043,-3.680698201060295,0.7659417539834976,0.8952054083347321,0.963058590888977,-0.023152804002165794,-4.280295222997665,6.659276170258893,-11.223958420126094,0.9279592341532212,0.9688315987586975,0.18518518518518517,20.489526678014684,0.9465796387063545
27047,-6.44596740603447,0.7254703044891357,0.903697244822979,0.9401336312294006,0.041696082800626755,-4.61357906460762,-19.553064594128898,34.384216088657666,0.8964924360052454,1.0691993236541748,0.037037037037037035,15.295874630963361,0.9516131495119223
27049,-24.77041482925415,0.7298623919487,0.8556881248950958,0.835099458694458,-0.086684450507164,-20.03500610589981,10.170790242571119,-11.356052509082065,0.8030056806864827,0.9145129323005676,0.32,34.10651779174805,0.9343758080043045
27051,3.657357394695282,0.6975154280662537,0.8678571432828903,1.013180136680603,0.06692826002836227,2.9558928683400154,-23.414270953174544,71.44926289950604,0.8599110869351412,1.1244701147079468,0.20833333333333334,23.07074467341105,0.9370843572283907
27062,-2.5293823331594467,0.768073558807373,0.9226874262094498,0.936678409576416,-0.07559683173894882,-4.67938669025898,-1.8574872360222396,14.253613797439609,0.8820281902640752,0.9072311520576477,0.15789473684210525,16.871347427368164,0.9639214062074775
27064,-3.209136798977852,0.716702401638031,0.879769392311573,1.0007470846176147,0.02297692932188511,-4.367923364043236,-1.7475921122606597,7.116126597285244,0.9295042800816588,1.0373133420944214,0.22727272727272727,24.418646639043633,0.940193621635113
27065,-14.724275469779968,0.8115687519311905,0.9073451682925224,0.8977127075195312,-0.01900574006140232,-12.081360071897507,2.6989371485815297,-29.317423390446262,0.8855156511144708,0.9761951565742493,0.34782608695652173,25.956253383470617,0.9544225344470088
27071,1.3630283065140247,0.7598110884428024,0.8985635563731194,0.9022696614265442,-0.07736588269472122,-2.6947276666760445,-8.938756212983687,7.711760988873937,0.8605621760869309,0.9126745462417603,0.23076923076923078,18.28004396878756,0.9523979749816534
27073,28.897225856781006,0.6349821388721466,0.7210903763771057,1.065653920173645,-0.06085538864135742,14.842155575752258,-1.896118623817403,35.4453974525476,0.8522805052694454,0.9631840586662292,1.9375,17.7250474691391,0.8728968987278779
27077,26.86680555343628,0.6638937890529633,0.7178627252578735,1.3017761707305908,0.13343730568885803,24.129411578178406,6.441730634028818,23.742394150540676,0.6491213398379168,1.1661874055862427,0.2,29.864431381225586,0.9334513474153406
27079,-12.41893544793129,0.7782211154699326,0.9210550710558891,0.9003141522407532,-0.06973524391651154,-11.725223809480667,1.997559199462993,0.8335730910890262,0.8721694426704383,0.9283456206321716,0.3,20.083134514944895,0.9643765097005087
27080,-1.3714909553527832,0.8057052344083786,0.9273126944899559,0.9519848227500916,-0.05830761790275574,-1.9381370395421982,-5.270353202825699,-8.202268788562693,0.9163964065328702,0.941293478012085,0.24,15.344938278198242,0.9648197801263347
27084,-3.8431499153375626,0.7453115880489349,0.8841879516839981,0.9516923427581787,0.012547293677926064,-6.032362207770348,-3.050362010454076,0.5180392220950487,0.920800452207982,1.0198578834533691,0.2608695652173913,24.575343339339547,0.9404634306747588
27087,21.656544506549835,0.5892816483974457,0.773366779088974,1.0304700136184692,-0.22183623909950256,13.397018611431122,4.821746078752411,-13.216505249304774,0.8445181291539063,0.8738555312156677,0.6666666666666666,27.099845522925968,0.9143626049730009
27089,-4.145472124218941,0.7704971879720688,0.9200262054800987,0.9495601654052734,-0.03959822282195091,-5.993539094924927,2.9597055557133536,34.74686740768441,0.919316729820084,0.9513177871704102,0.125,15.829043587048849,0.9600543453302308
27090,-12.340763211250305,0.7248623073101044,0.8746925741434097,0.9063133597373962,-0.03221761807799339,-10.914652794599533,0.03260273295622531,48.07485439901796,0.8775010824713402,0.953425943851471,0.25925925925925924,24.83910984463162,0.9362845738782786
28001,-17.396004498004913,0.5740880370140076,0.7280527353286743,0.8193884491920471,-0.04186670854687691,-20.001408457756042,-2.8862043919171096,-194.60343568376578,0.7588624569701368,0.9328404068946838,0.65,45.91206073760986,0.855029756752795
28003,-11.182767897844315,0.634331613779068,0.8622975796461105,0.899079442024231,0.061748165637254715,-11.700035631656647,0.9165118642454163,-31.82200521830924,0.8617701928242754,1.0647282600402832,0.2692307692307692,23.035144805908203,0.9312048481224516
28008,-4.9070242792367935,0.7865753620862961,0.916665107011795,0.9570563435554504,-0.02014058269560337,-5.26411309838295,-4.823709924432666,-7.123887954859717,0.9369514332933633,0.9816574454307556,0.375,20.451625188191734,0.9576382858372327
28009,-10.053378343582153,0.8447426706552505,0.9515451565384865,0.923976480960846,-0.0368097722530365,-7.155389338731766,-3.5544151103875308,-10.513504357989827,0.9146267948303927,0.968234658241272,0.32,8.611278533935547,0.9776399513241483
28012,24.3490993976593,0.6074565052986145,0.7367326021194458,1.120296835899353,0.03600654378533363,21.087752282619476,-12.442977617376588,29.222267709854965,0.8344936953292909,1.0268186330795288,0.6111111111111112,22.283679560611123,0.8895383818781233
28015,22.529155015945435,0.3269175887107849,0.5926303863525391,1.2426843643188477,0.3931608200073242,23.41647893190384,3.9473365762495876,23.730126768301446,0.6417020658771102,1.251784086227417,0.2916666666666667,14.823528130849203,0.9219840860175814
28018,13.885767757892609,0.7951833009719849,0.8939761891961098,1.1137768030166626,0.015394899062812328,10.064534097909927,3.7645857579756,-12.52152627938901,0.8779944291893444,1.014250636100769,0.2608695652173913,19.86449905063795,0.9583212551188869
28022,-12.198424339294434,0.8319402188062668,0.9399419277906418,0.9251132011413574,-0.034692030400037766,-9.662321209907532,2.7513638173867805,-8.419549605671751,0.9145064594684739,0.9704548120498657,0.5416666666666666,11.589524149894714,0.9712216279419397
28023,-11.072365194559097,0.7493320107460022,0.9144995510578156,0.8552443385124207,-0.14786912500858307,-13.234585523605347,-7.5968729634563985,-12.824084650547555,0.819308659614549,0.8947739005088806,0.38095238095238093,17.253171829950244,0.9750475062675233
28024,3.6868050694465637,0.7898709774017334,0.8988230749964714,0.9148000478744507,-0.04781678691506386,-3.7545401602983475,-1.1811492924423996,22.709096807875877,0.8764492002114062,0.9258549809455872,0.21739130434782608,21.5292329373567,0.9499172241621328
28026,2.4135900661349297,0.7700739353895187,0.9064595624804497,1.0325558185577393,-0.008269285783171654,2.472967281937599,2.1157361913298365,-13.51111015443589,0.9436202781830301,0.9892158508300781,0.22727272727272727,20.072711597789418,0.9552507671923267
28031,-7.47598260641098,0.7482755184173584,0.8876136466860771,0.9682039022445679,-0.0006848257035017014,-7.282213866710663,10.34747304202794,-1.590645777868448,0.9342756373994673,0.999237060546875,0.34782608695652173,21.05618767116381,0.9424837594225407
28033,-13.258424401283264,0.7117352485656738,0.8405150771141052,0.8864935636520386,-0.04900502413511276,-13.234533369541168,-3.9318551560101946,-8.740175285272295,0.8508506970649345,0.9475882649421692,0.17391304347826086,23.78644735916801,0.9186684962524986
28039,-16.77309423685074,0.6385725140571594,0.868233934044838,0.8633105754852295,0.06811284273862839,-13.89530897140503,-14.67079177585384,-7.653673252868855,0.8088320520901078,1.1179684400558472,0.038461538461538464,30.357933044433594,0.9371936891332557
28040,-14.496089518070221,0.7455167174339294,0.8652476668357849,0.8983734846115112,-0.017089657485485077,-13.63624781370163,4.396279256393539,-27.272337402950832,0.8746502117938966,0.9752700328826904,0.2692307692307692,24.599286226125862,0.9309127399610823
28043,-20.176126062870026,0.7396223545074463,0.8839057758450508,0.8405987620353699,-0.07224592566490173,-18.749605119228363,5.678927847929246,-19.880761485020486,0.8109135795818976,0.911905825138092,0.2727272727272727,29.434030706232246,0.9491636343030471
28044,-0.9528456255793571,0.5147249102592468,0.7938999682664871,1.0621289014816284,0.10218154639005661,-0.4759503062814474,1.8083690845504694,3.547659133072133,0.884293170621171,1.0370919704437256,0.7142857142857143,16.67722179776146,0.9097101573033304
28046,-5.515052005648613,0.802141085267067,0.9266701564192772,0.9342361688613892,-0.05559200048446655,-7.98770934343338,-3.065762906142208,-10.995637654531954,0.9164008423956196,0.962324321269989,0.2727272727272727,19.921118562871758,0.9647227991704653
28048,-17.252227663993835,0.7148726284503937,0.8391317427158356,0.9001314640045166,-0.03739653155207634,-14.167501032352448,12.151528527612111,-7.487410329121615,0.8584962570971679,0.943841814994812,0.18181818181818182,26.06901689009233,0.9169587871562999
28050,21.509751677513123,0.6106074452400208,0.4359719753265381,1.2431572675704956,0.017055150121450424,13.063719868659973,1.3835812280385793,-0.403596100194401,0.6829517051532872,1.0142537355422974,0.3333333333333333,25.055166085561115,0.7970443508646561
28052,-15.993507206439972,0.6934649348258972,0.8044513016939163,0.8231635689735413,-0.10181257128715515,-20.146867632865906,0.681304241272456,-17.442064877218947,0.7750950714283793,0.8971841335296631,0.25,25.558797518412273,0.9065120266580554
28055,-5.773341655731201,0.7808292955160141,0.8928718790411949,0.9761552214622498,0.026056168600916862,-4.479577764868736,-1.8975215509974361,-27.090642790468962,0.9314812310859677,1.0344234704971313,0.08695652173913043,24.813562890757684,0.9457664964351985
28056,4.500171914696693,0.7362193465232849,0.8935227915644646,1.0285881757736206,0.06579576432704926,4.228207841515541,-15.110988694842705,-21.626428814142493,0.8906220469273676,1.0933808088302612,0.18181818181818182,19.80083422227339,0.9507427430067227
28060,-30.67064881324768,0.5675478279590607,0.666185736656189,0.7174414992332458,-0.1625683754682541,-27.74953842163086,3.1105241277422384,34.98242687366798,0.6307619348408731,0.8229429125785828,0.23809523809523808,47.526754651750835,0.841418064708667
28066,6.0852013528347015,0.5645049810409546,0.8010642230510712,1.0928689241409302,0.18037870526313782,8.221706002950668,-6.916435691749031,12.038671912799002,0.7208870287583009,1.2531183958053589,0.25925925925925924,16.593864228990345,0.9278162667272094
28067,-22.39328771829605,0.8035988956689835,0.9252116084098816,0.8506428599357605,-0.026504136621952057,-17.502133548259735,-6.118643801656647,14.471922289460872,0.8451724879926489,0.9728389382362366,0.30434782608695654,25.123473872309145,0.9695651530300772
28072,-15.415391325950623,0.6686438620090485,0.8200252056121826,0.8636595606803894,-0.03221096843481064,-12.930682301521301,22.247277902018407,-21.245616394173343,0.831197873901166,0.9641130566596985,0.45454545454545453,24.683286926963113,0.9071691340161461
28074,-5.2779670804739,0.8007688969373703,0.9384867511689663,0.9320363402366638,-0.026338770985603333,-4.917173832654953,-1.7154728885030663,7.783347510133725,0.9204881512116243,0.9718202948570251,0.43478260869565216,18.517560544221297,0.9698507169674967
28080,1.6453517600893974,0.7114061415195465,0.8629788011312485,1.016577124595642,0.03185058757662773,1.7710253596305847,4.846637174752004,-22.58970473983188,0.9273843995702189,1.023268461227417,0.17857142857142858,16.691124439239502,0.9332407079274625
28081,-13.723413646221161,0.4911937713623047,0.8176719546318054,0.863102376461029,0.16011479496955872,-11.568353325128555,-13.775029603651664,35.73293898676487,0.7783277853467875,1.154955267906189,0.14285714285714285,25.563827427950773,0.9200845674055173
28082,-7.180853933095932,0.7490260303020477,0.9098963290452957,0.9310317635536194,0.03510667011141777,-6.53771311044693,-15.713624837323037,23.155013864626987,0.9047016198232194,1.0477973222732544,0.13636363636363635,22.47471592643044,0.95482722491034
28085,-9.772692620754242,0.811781108379364,0.9441794827580452,0.9093769192695618,-0.05034665763378143,-8.847694098949432,-5.693564076215122,-18.2374241425128,0.8945148131464462,0.9520373940467834,0.17391304347826086,19.06600827756135,0.9752175401820138
28091,-8.0497145652771,0.6556102633476257,0.8884070739150047,0.9668354988098145,-0.08289320021867752,-5.745374783873558,16.116237850177782,-21.86988286828701,0.9058133926149615,0.9300032258033752,0.24,22.805381774902344,0.9464118998883493
28093,-8.64373967051506,0.8149001151323318,0.938929695636034,0.9168877601623535,-0.02439899556338787,-8.096159249544144,0.48114975774219937,-4.6563254911725975,0.9075086147975115,0.9718273282051086,0.34782608695652173,20.54913562277089,0.9707884870336717
28115,1.1121861636638641,0.6547562777996063,0.8712351471185684,0.9840338230133057,-0.08849629014730453,-2.8916971758008003,-5.3993279844993,-28.851268299214738,0.9235390279553297,0.9572046399116516,0.07407407407407407,14.84484495940032,0.9386818249345759
28116,11.329100281000137,0.5486244559288025,0.787224605679512,1.0864546298980713,0.015356012620031834,11.704514175653458,2.2880216918418492,25.870245691726517,0.8716703239772295,1.009366750717163,0.23076923076923078,20.355963706970215,0.9056264512784473
28117,-11.33597046136856,0.7851037532091141,0.9348953366279602,0.9105504751205444,-0.0847838893532753,-10.254143178462982,6.260595068374094,-18.875286573912053,0.8787891849552144,0.9229313731193542,0.3,23.832168579101562,0.9725906779837099
29002,16.816696524620056,0.646021842956543,0.8022307604551315,1.0883220434188843,-0.09533234685659409,12.389658391475677,-2.8802984233803235,-29.98349971569269,0.8687894048055812,0.9499026536941528,0.2727272727272727,22.559696695078973,0.9168995016218412
29003,-12.83123642206192,0.6531571447849274,0.8282011896371841,0.8358492255210876,-0.13983257114887238,-14.144706726074219,-4.729178842500751,-29.717014191671442,0.7963264309511215,0.9055575728416443,0.35294117647058826,36.13293030682732,0.925046188092131
29005,-42.024487257003784,0.6610347628593445,0.7091158926486969,0.654559850692749,-0.11014901846647263,-40.185776352882385,0.8796557323483025,-39.00703726778044,0.5838357851898095,0.802430272102356,0.23529411764705882,52.5940736134847,0.8782216786385302
29009,-8.743982017040253,0.7461414039134979,0.8574757277965546,0.8520650863647461,-0.03825899213552475,-9.199651330709457,-9.605142031534339,-0.4245788069354166,0.8262619269540447,0.9416092038154602,0.25,28.99384737014771,0.930066501057167
30001,-5.71887344121933,0.6740769445896149,0.8799846768379211,0.9173417091369629,-0.1645096093416214,-7.460115849971771,9.227338929951893,6.6722020881099215,0.8169314942059378,0.8435444235801697,0.13636363636363635,18.171119689941406,0.9530602793743853
30004,-10.390643030405045,0.712211400270462,0.8533722907304764,0.9032162427902222,-0.04679844528436661,-7.308509945869446,-0.6231033952944105,3.4022777982736887,0.8685874265795889,0.9519237875938416,0.52,29.887181061964768,0.9252280360428344
30005,1.1161794885993004,0.5212836861610413,0.7166374921798706,0.8893940448760986,-0.29231488704681396,-3.8992688059806824,10.398438425090474,-37.014137431837945,0.7182453982403872,0.7628175616264343,0.4,31.629657745361328,0.8956138455971424
30011,-2.1418094635009766,0.6814013421535492,0.8931070044636726,0.9705480933189392,0.013584418222308159,-2.7965884655714035,9.730023006113683,-6.8340509933256435,0.9367136020513005,1.0128304958343506,0.45454545454545453,21.56952294436368,0.9454735684753168
30012,31.807467341423035,0.6099423468112946,0.6434260308742523,1.2664217948913574,0.139938622713089,29.24383282661438,-14.677499670951411,75.84070873285945,0.6347281388595826,1.2267439365386963,0.35,41.684028080531526,0.8949754933799375
30014,-3.3999912440776825,0.6606910228729248,0.7356502115726471,0.956783652305603,-0.0027892435900866985,-2.793445810675621,-7.508613259077859,-5.492630313408345,0.8560996230983496,0.9949557781219482,0.3181818181818182,31.963367047517195,0.8628350569932718
30015,-16.86149537563324,0.7308179438114166,0.8614945709705353,0.9101548194885254,-0.06200680881738663,-14.088544249534607,0.22917911323225476,-15.537773604826619,0.877867141754448,0.9551875591278076,0.29411764705882354,26.398661557365866,0.9304577556792643
3003,-10.920672118663788,0.7184583842754364,0.8741287440061569,0.8896662592887878,-0.02864696830511093,-11.68048083782196,-13.613166961683723,27.372348466308367,0.8669501216168276,0.9612137675285339,0.06666666666666667,25.79020023345947,0.9365621251213649
31002,-4.802551865577698,0.7811466604471207,0.9162894263863564,0.9509013295173645,-0.03369714319705963,-5.3207699209451675,-10.617720663958375,37.174924228993056,0.916301557754054,0.9469153881072998,0.1875,25.739920139312744,0.9578482055964762
31006,-6.958525627851486,0.58376744389534,0.8340898603200912,0.9158440232276917,0.11863291263580322,-5.918120965361595,-7.477977243819776,-1292.2978104824717,0.8647420212312527,1.0704777240753174,0.9230769230769231,18.089840962336616,0.9209722656071361
31010,-1.3754905201494694,0.7529347836971283,0.9013719335198402,0.997088611125946,-0.039184533059597015,-0.5175512284040451,4.113639010425373,-54.36195189835661,0.9286580571807037,0.9479319453239441,0.2727272727272727,25.020519169894133,0.9513161802822845
31021,-4.2798638343811035,0.7754551470279694,0.8542513400316238,0.9088338613510132,-0.03016716055572033,-11.207816004753113,2.4392893081898537,3.6870003939165077,0.8709806469227748,0.9481056332588196,0.2631578947368421,37.970462598298724,0.9248887269923397
31023,-0.616912916302681,0.4020763039588928,0.7290622889995575,0.9727448225021362,0.1750333309173584,-0.3342661075294018,-87.41233919033046,-495.95737893714096,0.4326074500224957,1.553199052810669,0.125,31.916662057240803,0.8768648342717912
31025,-6.440772116184235,0.6730866134166718,0.854214608669281,0.9734516739845276,0.08053139597177505,-3.4249089658260345,-28.899895918611385,-920.3754208699236,0.8090917330286094,1.1751384735107422,0.19047619047619047,31.476229713076638,0.9288124457498153
32003,-4.0915824472904205,0.7110864818096161,0.8851127177476883,0.96790611743927,-0.032683115452528,-0.3098512766882777,15.85476209569405,-193.23313121692937,0.9042336474395867,0.9311056733131409,0.2222222222222222,23.87258211771647,0.9417355276753683
32004,-4.034465178847313,0.7517588585615158,0.866180956363678,0.9089974761009216,-0.0168826412409544,-8.616772294044495,-10.79291446583244,90.64044060666046,0.8835022949839069,0.9766848087310791,0.47368421052631576,28.880834579467773,0.9311040075613396
32006,9.396634250879288,0.7711567133665085,0.7655758261680603,1.0674940347671509,-0.0395863801240921,2.921542339026928,2.9837536336719483,4.301255568847954,0.8654157548084299,0.9539270997047424,0.18181818181818182,24.743536244268004,0.8930665525524472
32008,-5.558370798826218,0.7555878609418869,0.8430038541555405,0.9667589068412781,-0.046927452087402344,-7.592315971851349,-3.7044227477185045,9.86817652930953,0.8940440896724683,0.9383271336555481,0.38095238095238093,26.34934924897693,0.9205132576097845
33006,-13.661178946495056,0.7103370726108551,0.8746693283319473,0.8519126772880554,-0.10259968787431717,-13.94195556640625,-10.749195565607147,-7.662041290139156,0.8283898991381884,0.932554304599762,0.7368421052631579,24.13773034748278,0.945490828828647
33007,-7.327580451965332,0.6760303974151611,0.865891769528389,0.9366175532341003,-0.04011023789644241,-6.8018123507499695,-15.291585477131061,18.313373826564796,0.9044696961015031,0.9798916578292847,0.5882352941176471,21.991303387810202,0.9314116702342702
33012,5.812055245041847,0.7246691286563873,0.8619143068790436,1.0251963138580322,0.05753079429268837,0.3649775171652436,-30.52769177848938,43.01595827060626,0.8489609477163687,1.133782982826233,0.16666666666666666,26.918972863091362,0.9345778738589081
33013,-4.736914858222008,0.6568363904953003,0.8339600265026093,0.8907899856567383,-0.16143453121185303,-8.981285989284515,-2.280310436469891,-13.963086861821264,0.791135564098643,0.8371152877807617,0.7,27.319703102111813,0.9281244417288286
33014,-6.7441582679748535,0.6584639847278595,0.8805063292384148,0.9186050295829773,-0.07182678580284119,-6.922830641269684,-4.939509163025754,3.580023844960493,0.8862495920743817,0.9463629722595215,0.13636363636363635,17.319360646334562,0.9413733563196416
33018,-10.80881804227829,0.7347549200057983,0.8042708188295364,0.9768414497375488,-0.05451641231775284,-9.589434415102005,13.573422389672526,-17.455330262747747,0.8732908383854647,0.9235898852348328,0.4090909090909091,30.134513161399145,0.9016110394994747
33019,-3.1420141458511353,0.7433579564094543,0.9193105474114418,0.9433708190917969,-0.09786547720432281,-3.328876569867134,-5.013877587625021,3.1165676628641323,0.9016436761371599,0.9280849099159241,0.8333333333333334,12.229404184553358,0.9640094160692392
33020,-47.298645973205566,0.7042871415615082,0.651592344045639,0.6033549308776855,-0.05337420850992203,-42.9791659116745,-8.624078859115047,78.31471293843545,0.5445205274894105,0.8393694758415222,0.0625,47.35725522041321,0.8440125847125739
33021,-10.788752138614655,0.6635005176067352,0.8566821664571762,0.9085096120834351,0.03950946033000946,-11.423328518867493,-13.882702828342033,-24.94620047577557,0.87425319510741,1.0453081130981445,0.3333333333333333,30.112177530924477,0.9265905813464149
33022,-3.5096753388643265,0.7036309242248535,0.9218858778476715,0.9740593433380127,0.10417121648788452,-2.603323757648468,-12.067293995374847,8.704140872318522,0.8968133556248276,1.093841314315796,0.19047619047619047,14.54555761246454,0.965818519095317
33023,-0.06809278856962919,0.5920039117336273,0.83030004799366,0.9485549926757812,0.06132104992866516,-2.5558490306138992,-25.250405655210646,-107.45614838908037,0.873363586881276,1.0773391723632812,0.058823529411764705,18.67519266465131,0.9139253535171368
33024,3.9504125714302063,0.6129346191883087,0.8535936921834946,0.9987428784370422,0.12786652147769928,1.8258381634950638,-17.99267659578264,-19.3087424097159,0.8548174654325519,1.1297581195831299,0.25,14.79061245918274,0.9348907196242011
33026,-1.926836371421814,0.7814160585403442,0.9322740584611893,1.0434422492980957,0.05230270326137543,2.9910700395703316,-2.9391070217036703,12.1542535287283,0.9142518511402219,1.06746244430542,0.7647058823529411,20.82178725136651,0.9697620335151503
33028,-11.189533025026321,0.7111874222755432,0.7996466606855392,0.8462977409362793,-0.06505481153726578,-9.268826991319656,-3.819970304936051,13.802274263789407,0.8082717954973958,0.9475677609443665,0.13043478260869565,20.81195997155231,0.8980873890624217
33029,-10.079710185527802,0.7160117626190186,0.891556091606617,0.9246712923049927,-0.08250638842582703,-10.478021204471588,12.594977675752677,19.098924312525345,0.8895310331317982,0.9380611777305603,0.3684210526315789,28.638214814035518,0.9481101095221546
33031,-40.192580223083496,0.6862039268016815,0.7087770998477936,0.6485390067100525,-0.08745529502630234,-38.84586691856384,9.73985357547647,-95.62192461485319,0.5742532477984057,0.7938210368156433,0.23809523809523808,43.846057710193456,0.8766075271903797
33032,-18.06362271308899,0.4966329336166382,0.7219050228595734,0.8498150110244751,-0.24199190735816956,-17.640450596809387,1.499864531271452,3.7975620084976374,0.76974414241672,0.869499146938324,0.7,27.36430406570435,0.8841045454385372
33033,4.646202176809311,0.5346392393112183,0.7944505959749222,1.0030548572540283,0.15041345357894897,2.6538806036114693,-11.967551017303299,-12.58923525760022,0.8720032046729724,1.0897784233093262,0.34782608695652173,23.4897053760031,0.9088206044698808
33034,-13.524161279201508,0.6873561441898346,0.8372078835964203,0.8309779763221741,-0.10528937727212906,-16.448457539081573,-3.999327449154759,3.619453459785002,0.798198952693087,0.9183570146560669,0.8333333333333334,17.425260278913708,0.9259078873958253
33035,6.408960372209549,0.6522295475006104,0.8405584543943405,1.0233571529388428,-0.040048014372587204,4.208400845527649,3.4279038673568554,-0.3092707574615049,0.9135743003190192,0.9680976271629333,1.0833333333333333,32.42911100387573,0.9231489519960633
33039,-4.259958490729332,0.8169514089822769,0.9431082718074322,0.9988514184951782,-0.01514371857047081,-1.152587402611971,8.43770489525396,-7.36620192920331,0.9664962442980386,0.982203483581543,0.6842105263157895,22.449568698280736,0.9716368829281569
33053,-3.5849831998348236,0.658601313829422,0.8626368790864944,0.9436115026473999,0.04749654233455658,-5.767637118697166,-26.39192779263108,83.3081689993737,0.8823664308658359,1.0759683847427368,0.1111111111111111,25.29764175415039,0.9300943602193823
33054,-13.465014100074768,0.302277147769928,0.5725725591182709,0.859275221824646,-0.5306645035743713,-15.033066272735596,7.040384207068488,-56.11343624020183,0.7404759058458835,0.7946413159370422,0.38461538461538464,20.517242871798004,0.9266712666552706
33058,-27.26992964744568,0.7256600558757782,0.8530962467193604,0.8147664070129395,-0.07157335430383682,-24.484652280807495,12.469015828003053,17.317639758776075,0.779061164353933,0.8992382287979126,0.2222222222222222,31.647419929504395,0.9340488772653416
34002,-11.49238869547844,0.6973190307617188,0.8629129081964493,0.8250341415405273,-0.15933045744895935,-15.350139141082764,-12.897995599727363,3.844282833084457,0.7512810664267519,0.8301968574523926,0.19047619047619047,28.369644709995818,0.9508578686633301
34003,5.692283064126968,0.6059410274028778,0.8154437839984894,1.02955961227417,-0.16025994718074799,1.2769637629389763,1.5489866161580559,7.721053036019483,0.8892895482205645,0.9258695840835571,0.5416666666666666,21.559091409047447,0.9232685534382242
34004,39.322078227996826,0.4428834319114685,0.5306220054626465,1.3068883419036865,0.025745851919054985,35.52866578102112,17.79783695097959,32.65875561839262,0.6610232561804246,1.013857364654541,0.7142857142857143,29.02240071977888,0.85670746042114
34005,4.939340054988861,0.4091537594795227,0.706697553396225,1.0679537057876587,0.19973242282867432,6.0025569051504135,-11.911878575706643,23.815585574237648,0.7548132102053708,1.2047709226608276,0.3181818181818182,29.774947599931195,0.8835194222535218
34006,-12.246563285589218,0.7694758027791977,0.8752192556858063,0.8530541062355042,-0.05964870750904083,-10.842326283454895,-2.5108815135799993,-18.99369034497071,0.8159872620526413,0.905885636806488,0.23809523809523808,25.97729819161551,0.9416041210930384
34007,-11.665412783622742,0.7292206287384033,0.9013106748461723,0.9053872227668762,-0.0778609961271286,-10.91783419251442,1.3658373204233336,-2.2905978771279702,0.8271478546758392,0.8629199266433716,0.15,27.81814575195313,0.9537902605943132
34008,-5.306340008974075,0.1427837610244751,0.4303894639015198,0.8719834089279175,-0.5561542510986328,-12.13521733880043,-1.8918021889169838,48.71098363504976,0.7302822949838621,0.8081719875335693,0.14814814814814814,27.944199244181316,0.8601379020512187
34010,14.885227382183075,0.7154532968997955,0.8042098879814148,1.0323225259780884,-0.021542347967624664,8.114595711231232,-13.054837765699892,29.5114577259034,0.8954330054254329,0.9678306579589844,0.3125,24.44612741470337,0.905900881505715
34011,-9.759411960840225,0.6400741934776306,0.8370984047651291,0.8742632269859314,-0.08330850303173065,-9.354820847511292,-21.462252310924814,-14.020741648770235,0.8414775587827854,0.9461952447891235,0.47619047619047616,19.60227375938779,0.9198459196411591
34012,-14.194327592849731,0.38409775495529175,0.637753814458847,0.8960617780685425,-0.325067937374115,-14.278404414653778,12.745854949855326,-28.150788677427524,0.7723859086665017,0.8510123491287231,0.8333333333333334,30.290400981903076,0.8628588300940973
35003,-30.36385178565979,0.6816654801368713,0.7303034067153931,0.732246458530426,-0.06818906217813492,-24.77010041475296,-20.066092348034065,23.39531600001211,0.670302951323313,0.8600834608078003,0.2857142857142857,46.19707439256751,0.867971415984657
35008,-13.095979392528534,0.7269768714904785,0.857174351811409,0.8754920959472656,-0.07262412458658218,-12.723009288311005,-1.344193404835172,-14.469663918146416,0.8044677078615009,0.8663133382797241,0.3181818181818182,31.940004099970277,0.9302968036929512
36003,-19.230681657791138,0.661532074213028,0.8568000048398972,0.8268182277679443,-0.07882958650588989,-16.486430168151855,-9.506705646520908,27.349550509511104,0.7828455581809295,0.8860800862312317,0.4444444444444444,30.718342463175457,0.9352977696270609
36006,-0.34589769784361124,0.7506339401006699,0.9354444593191147,0.9607400894165039,0.024597829207777977,-0.5506167653948069,-11.743810475090688,54.118488936651744,0.9399238940818385,1.0318255424499512,0.2727272727272727,18.258237838745117,0.9675202713830241
36009,-18.881960213184357,0.7330227196216583,0.8566221743822098,0.8291565179824829,-0.017052393406629562,-15.730714797973633,-19.999799434098907,-11.459775251068834,0.8119249661888814,0.9616955518722534,0.25,26.70441627502441,0.931315997140437
36010,-13.313992321491241,0.646485835313797,0.8337721526622772,0.891603946685791,0.059585053473711014,-7.317478209733963,-35.34875216795916,-8.376876674086473,0.7799530549786003,1.1717768907546997,0.23529411764705882,32.35128190782335,0.9153616313850391
36011,-16.834138333797455,0.682266354560852,0.8692605346441269,0.9001462459564209,-0.026829957962036133,-13.11466246843338,23.264079220421063,-3.622672447997414,0.8704452181727984,0.9513476490974426,0.25,24.013825257619224,0.9333170332892076
36012,-0.47432249411940575,0.43712037801742554,0.6862198114395142,0.885562002658844,0.035028401762247086,-1.8170978873968124,-51.934237566818474,53.74302450928366,0.7902160147516362,1.048229455947876,0.44,33.30171585083008,0.8309225478953413
37001,-2.9816308990120888,0.7792054116725922,0.9341421574354172,0.9217347502708435,0.012822219170629978,-4.02018278837204,-17.739839979564913,18.05650861853568,0.9124000261790834,1.0224539041519165,0.2631578947368421,19.942944928219443,0.9676870260329605
37003,-24.863851070404053,0.6637726724147797,0.815160483121872,0.7212653160095215,-0.06984510272741318,-26.641148328781128,-27.70475284650641,34.639081372529915,0.6877590233294921,0.8784462809562683,0.25,33.071932792663574,0.9291050295188842
37005,-10.463357716798782,0.7694641202688217,0.9119202718138695,0.9039992094039917,-0.00898977555334568,-8.796612918376923,-15.095406356233857,31.072341373070937,0.893676762944722,0.9862255454063416,0.2916666666666667,24.187741676966347,0.9564254277875106
37008,-6.229371577501297,0.7415492534637451,0.915079303085804,0.9280508756637573,0.022455094382166862,-5.736905336380005,-21.65197524112453,25.970168516702447,0.9099314805448655,1.0333631038665771,0.23529411764705882,16.14632185767679,0.9573084902530279
37009,-22.79292196035385,0.6572831273078918,0.8273405134677887,0.804253876209259,-0.017200011759996414,-15.018609166145325,-2.6014842260977304,4.489144417067958,0.7860963010731642,0.977789580821991,0.2,23.057788848876953,0.9166636650948731
37010,-9.73418653011322,0.6431352496147156,0.8509580194950104,0.8607065677642822,-0.04915151000022888,-12.721745669841766,-24.118342184229423,18.897548613007984,0.8283142801585524,0.932094395160675,0.3684210526315789,22.42133855819702,0.926093606738828
37011,-3.7166550755500793,0.7356244027614594,0.8801908269524574,0.9684599041938782,0.01625746674835682,-2.3810382932424545,-9.857600522419165,44.15634915423857,0.9245090601473227,1.0309514999389648,0.2222222222222222,30.469331741333004,0.9387945344931561
37018,-3.4291457384824753,0.6535539925098419,0.8113272786140442,0.9954518675804138,0.05346783623099327,1.8808947876095772,5.2101784446975214,3.363829822312588,0.8782580495025095,1.0780487060546875,0.25925925925925924,21.324117095382125,0.9066789601128646
37019,-0.8062362670898438,0.6875835955142975,0.8282563388347626,0.9918856620788574,0.015489366836845875,-0.21662176586687565,-13.47847041420273,-3.970604809524203,0.9099796994735494,1.023861289024353,0.14814814814814814,28.611947872020583,0.9135798003180374
37020,-6.917756050825119,0.7452463805675507,0.9086329266428947,0.9401070475578308,-0.06449019908905029,-6.8542227149009705,8.462559961564645,-2.1702561963830878,0.8672268169503836,0.8901655673980713,0.0,18.50641303592258,0.9555258524544947
37031,-26.853767037391663,0.6225620210170746,0.7342886030673981,0.7050976157188416,0.007625426631420851,-21.212492883205414,-26.654382914947412,21.74954481102777,0.6784932729816081,1.0185400247573853,0.32142857142857145,33.89415059770857,0.8732899895613522
37033,-10.20883023738861,0.48574262857437134,0.8049624860286713,0.8511720895767212,0.1487511843442917,-10.41613221168518,-55.39810174086838,88.18640736240711,0.6873018294565895,1.2603601217269897,0.3448275862068966,27.81882779351596,0.9114392527439868
38001,-17.82945692539215,0.6506640315055847,0.8840598613023758,0.8687759637832642,-0.0814691036939621,-15.399810671806335,9.280421384181452,27.285132346192036,0.8278175874957123,0.9019262194633484,0.047619047619047616,19.499572118123375,0.9470040655707046
38003,-13.424944877624512,0.499819278717041,0.7991395741701126,0.8195174336433411,-0.0008393165189772844,-13.699255883693695,-15.609971869410003,10.539063973013315,0.7923558543379303,0.9995052218437195,0.7142857142857143,28.976183845883323,0.8973262951694978
38004,-3.416633978486061,0.6329748928546906,0.8671102672815323,0.9907085299491882,0.030390825122594833,-3.885122388601303,3.5052154306270005,13.677880404864018,0.9149021207272694,1.0522044897079468,0.23529411764705882,22.12610642115275,0.9334416880071018
38007,-5.34764938056469,0.6166430711746216,0.8094393312931061,0.967361569404602,0.10248887538909912,-4.872795566916466,-20.86769907643042,33.658706769763434,0.8108863017778045,1.161677598953247,0.14285714285714285,23.936636107308523,0.9074847163963813
38012,-30.810296535491943,0.5510984361171722,0.5846176445484161,0.6641005873680115,0.03567192330956459,-25.705966353416443,-37.185172112661085,-30.645970126986942,0.5874322426182099,1.077006220817566,0.17857142857142858,38.909619195120676,0.7731657411678716
38014,-20.232650637626648,0.6481992602348328,0.8462259471416473,0.7965444326400757,0.025829676538705826,-20.512427389621735,-35.45315051297762,53.214610320245534,0.7797277762807139,1.046993613243103,0.23076923076923078,31.772037652822643,0.9298766446406891
38017,15.255489945411682,0.3539011478424072,0.6620670557022095,1.0304749011993408,0.2550167143344879,14.967650175094604,-18.91537616857431,93.49383444880768,0.7611599267628455,1.1967267990112305,0.75,28.93596589565277,0.8680362643313904
38018,-7.5890883803367615,0.6291352808475494,0.8714006543159485,0.9013094902038574,-0.06154856085777283,-8.03360641002655,-6.031363352951993,9.582205390545452,0.876955886473726,0.9635987281799316,0.4230769230769231,18.26362243065467,0.9361643942652254
38021,-18.674051761627197,0.6907528340816498,0.8196914494037628,0.8164306879043579,-0.0064694564789533615,-18.41154396533966,-13.326424284756092,-814.0525688183999,0.7951154130003988,0.9850743412971497,0.34782608695652173,39.716003252112344,0.9102379458846004
38026,-0.0941996113397181,0.7479835450649261,0.8973739445209503,0.9485915899276733,-0.05749265477061272,-1.6771240159869194,-5.560257008669676,33.21986691580533,0.882789793123332,0.9078119993209839,0.21739130434782608,25.066023287565812,0.9490413844309663
38029,0.179864966776222,0.5021843016147614,0.7939917892217636,1.0075018405914307,0.09382150322198868,3.719731420278549,56.03879867468069,-684.8309290707946,0.7243408154907888,1.2576022148132324,0.29411764705882354,18.959826893276638,0.9021592757828245
38030,-9.242494404315948,0.5758995413780212,0.8431361168622971,0.8967369198799133,0.055362049490213394,-9.011375904083252,-21.316822075330755,-4.9782127444868625,0.8569508830706735,1.0585685968399048,0.34782608695652173,30.27573668438455,0.9201908175547613
39001,-8.081565797328949,0.777142122387886,0.9336924254894257,0.9416359663009644,-0.020090816542506218,-5.488560721278191,-6.630231629914249,-6.032499211166134,0.9295120997276141,0.9785314798355103,0.5,14.14443471214988,0.9668143661031681
39002,-2.5107670575380325,0.825883224606514,0.9399828985333443,0.9752674102783203,-0.019817469641566277,-1.6440579667687416,0.5382937167703519,6.895461482539327,0.9559523885201434,0.9796739220619202,1.0,13.507436381445991,0.9697453864940475
39004,-18.040595948696136,0.2605142593383789,0.6075320541858673,0.7368065118789673,0.20835979282855988,-22.923216223716736,-19.11107401725196,19.468588496389234,0.6248063072462915,1.1882866621017456,0.16666666666666666,32.18081990877788,0.8101378716872921
39005,11.19309514760971,0.4717456102371216,0.7445786893367767,1.1295945644378662,0.2087428867816925,13.90010118484497,-5.348410132908253,81.27248415785864,0.7788964040162596,1.1569645404815674,0.13793103448275862,17.166688524443526,0.913662394887794
39006,-20.503222942352295,0.7743190824985504,0.8696327358484268,0.9109834432601929,-0.11085569113492966,-15.845637023448944,1.9084395740244242,0.016674723632861516,0.8650998288395527,0.9186438918113708,1.1111111111111112,19.074523448944092,0.9395409852403569
39007,-9.494131803512573,0.7822044938802719,0.9243752360343933,0.9025200009346008,-0.04358602687716484,-9.46667194366455,-7.843305773829161,14.104965919692148,0.8892353587807814,0.961263120174408,0.2,18.679767608642578,0.9644203756623311
39008,2.270807884633541,0.8122724741697311,0.9397454485297203,0.9581041932106018,-0.04092727601528168,-1.7761226743459702,3.2295161923165576,30.199913283580116,0.9345024184149553,0.9593148231506348,1.0,17.068623241625332,0.9703454733355786
39010,-7.556231319904327,0.5625106990337372,0.8039461076259613,0.805768609046936,-0.0635676309466362,-9.973327815532684,-26.809941092072066,12.543803175524204,0.7802799675990542,0.9627834558486938,0.35294117647058826,16.81662447312299,0.9042608322151034
39011,-3.653329238295555,0.7367232441902161,0.9072433337569237,0.9941627979278564,-0.038008060306310654,-6.2489863485097885,1.521592862621743,-43.17323611832917,0.9432366335500053,0.9671281576156616,0.22727272727272727,20.990917899391867,0.9540930416933929
39012,-21.784991025924683,0.4831075072288513,0.7601268440485001,0.7932028770446777,-0.2485189586877823,-20.163893699645996,-2.896281960512041,15.440912827989825,0.7297360956038554,0.848347008228302,0.37037037037037035,28.2091599923593,0.9146835417780191
39014,-8.564601838588715,0.42168760299682617,0.7221172451972961,0.9693799614906311,-0.2148904651403427,-5.436316132545471,-9.435182024254331,6.443683064540909,0.8027688394805096,0.8457443118095398,0.375,32.50431716442108,0.880971740404065
39015,-6.799327582120895,0.6155727505683899,0.8346122205257416,0.8929406404495239,-0.13970701396465302,-5.5676668882369995,-12.637819951506108,11.821408028962955,0.8503384229950762,0.9273873567581177,0.6470588235294118,20.006046575658463,0.9247385543211549
39016,-8.107850700616837,0.7938465476036072,0.9399959109723568,0.9216918349266052,-0.06446201354265213,-8.518247306346893,-3.694230578423394,-28.489194170594782,0.9078259297774103,0.9595463871955872,0.3888888888888889,12.507283687591553,0.9730297253386716
39017,-11.004818230867386,0.6072634160518646,0.7525660991668701,0.93473219871521,0.08410746604204178,-2.8859006240963936,-80.78207529457845,-88.04303096552069,0.7157271759200394,1.2461732625961304,0.3333333333333333,34.49517488479614,0.8737071759416949
39019,-13.698528707027435,0.7316764295101166,0.8981112837791443,0.8645737171173096,-0.08521243184804916,-13.015684485435486,-12.051495049201572,-29.149169052717085,0.8494627768346913,0.9512686729431152,1.0,12.015912267896864,0.955881577247431
39020,-2.845766954123974,0.793972983956337,0.9365483000874519,0.9100011587142944,-0.12137413024902344,-5.457858741283417,-6.139559086779534,-8.073182397993568,0.8778675920308674,0.9205116033554077,0.8,13.581968943277994,0.9776812087594111
39021,-6.593231111764908,0.7865674197673798,0.9022603183984756,0.9337022304534912,-0.01218169741332531,-5.567482486367226,-6.125459729611549,-21.38034918507057,0.916134103933419,0.9878582954406738,0.38095238095238093,22.178379694620766,0.9500933542841976
39022,-4.132357239723206,0.7512158751487732,0.885181687772274,0.974260151386261,-0.05658572539687157,-3.719107434153557,2.752936651169214,15.439738161748428,0.9237424396674241,0.9562940001487732,0.16666666666666666,21.909318367640175,0.9430573860959754
39023,-10.045814514160156,0.5358677804470062,0.8023292869329453,0.8897385597229004,0.07664045691490173,-11.912757903337479,-18.98933263060444,-29.155193831124638,0.8467772738444032,1.0335943698883057,0.10526315789473684,18.759750065050625,0.8990493342747047
39025,-3.5122886300086975,0.7900102734565735,0.8952405378222466,0.9706721901893616,-0.027148839086294174,-2.5611015036702156,-6.906490651039167,18.10763494048876,0.9283522399216719,0.9619281888008118,0.18181818181818182,17.80053052035245,0.9468603887108115
39027,-40.274834632873535,0.6033756136894226,0.6400938034057617,0.7358114123344421,-0.1381092667579651,-31.056103110313416,-1.2216428118606306,-13.787464955334416,0.6587529793857556,0.8871575593948364,1.125,33.775392174720764,0.8158248039945485
39028,7.103409618139267,0.6303205490112305,0.8587666749954224,1.081377625465393,0.23727433383464813,8.452190458774567,-13.186811686329081,-54.03193860418468,0.8338729437973416,1.1402311325073242,0.38461538461538464,11.813679108252892,0.9637907421798138
39029,13.033291697502136,0.47434210777282715,0.6920009255409241,0.9972854256629944,-0.03341929614543915,5.027715489268303,-29.304327305774663,1.778355565977107,0.8453651363997657,0.9847298264503479,0.22727272727272727,17.931740934198555,0.8461448930760002
39034,3.4275617450475693,0.8421548753976822,0.962896853685379,0.9975585341453552,-0.01571134477853775,3.2977793365716934,0.9487411826763797,-11.469746085823761,0.9764827858253577,0.9856491088867188,0.5238095238095238,10.445318903241839,0.9815297392744081
39035,24.19397085905075,0.7682599574327469,0.9022758677601814,0.9672701954841614,-0.056843288242816925,12.849459052085876,-5.053765314514721,78.31934849805988,0.9224667670650639,0.9489304423332214,1.5,18.051151434580483,0.9517085681987205
39036,-13.199380040168762,0.12369918823242188,0.4030609726905823,0.7348108291625977,0.13745348155498505,-10.279134660959244,-55.846671542364334,-806.8311560050539,0.5612655782196474,1.0529940128326416,0.8636363636363636,24.29604963822798,0.6545231829349397
39037,-20.313139259815216,0.7593327611684799,0.9147782847285271,0.9120725393295288,0.030890364199876785,-14.69012200832367,-9.3318005676134,-594.9221790660174,0.8986199836696142,1.0280401706695557,0.5833333333333334,29.080770413080852,0.958042662143384
39042,1.709168218076229,0.789631262421608,0.9309837520122528,0.968252956867218,0.04845835641026497,4.474436119198799,-13.963249456065707,38.252112344255586,0.9344020782174641,1.0463201999664307,1.4666666666666666,11.61823034286499,0.9660934863251491
39049,-3.4208744764328003,0.7243854999542236,0.8588991165161133,0.9524626135826111,-0.04110907018184662,-4.924346134066582,-3.513783597741693,-2.8129273159809762,0.8965701336110337,0.942954421043396,0.19230769230769232,18.773695138784554,0.9280018328334038
39052,-3.039441257715225,0.6707125902175903,0.8557587414979935,0.957764208316803,-0.04399023577570915,-3.457397222518921,-11.067373998803816,65.49218958203718,0.8984428700069301,0.9438896775245667,0.14814814814814814,19.697016256826895,0.9266404725681404
39054,-3.0632851645350456,0.6657551229000092,0.8286911845207214,1.0392874479293823,0.08325477689504623,4.2381901293993,-29.59070861571687,-13.693919956659235,0.7936029911547117,1.1868667602539062,0.5,37.192606925964355,0.9216607658469447
39056,-12.102364748716354,0.5623755156993866,0.8410500288009644,0.8884694576263428,0.12082764506340027,-8.85607898235321,-28.301615562096554,33.13886337069232,0.7977724689183368,1.1514794826507568,0.3,23.607993125915527,0.9257647066343643
39061,6.626615673303604,0.5984463691711426,0.7660898119211197,0.9376817345619202,-0.16362911462783813,3.5592272877693176,2.6872762755726787,1.0251969444440938,0.8333727793573897,0.8898418545722961,1.3333333333333333,26.12904071807861,0.8916198936713983
39065,41.87276363372803,0.45372438430786133,0.6897766888141632,1.1254537105560303,0.20488029718399048,38.537758588790894,-26.626267253007267,-4.913248351982243,0.781491033091932,1.1393663883209229,1.3333333333333333,23.29916556676229,0.8878191418586189
39069,-2.215612307190895,0.7431569397449493,0.8861447870731354,0.9378510117530823,-0.05499248951673508,-4.958626627922058,0.9457868475851502,37.45696609323199,0.8773943663099318,0.9110202789306641,0.2692307692307692,26.706172801830153,0.9429714640653397
39072,-9.148217737674713,0.7954394221305847,0.9342280104756355,0.9372700452804565,-0.01389160193502903,-7.418496161699295,-3.6526526490109434,1.7933219929497024,0.9281993903100719,0.9882158041000366,0.75,11.077684164047241,0.9671151545583576
39078,-6.107631698250771,0.7650859504938126,0.907141275703907,0.9376945495605469,-0.03421599417924881,-5.339443683624268,3.30873405628535,29.275234068711924,0.9141177026049754,0.963921308517456,0.3333333333333333,21.114773977370486,0.9531798347686415
39081,10.209695994853973,0.7574846744537354,0.893602266907692,0.9405727982521057,-0.10782195627689362,6.9314144551754,-1.9912771800585582,17.68475795311933,0.8660698120803993,0.8902129530906677,0.5,23.149236765774813,0.9514973479124832
39087,6.428011506795883,0.7278588116168976,0.8031636029481888,1.049201250076294,-0.0737406313419342,2.1816320717334747,0.029599849872715828,-3.3779373822345256,0.8719445287004779,0.9234036803245544,0.28,27.751122580634224,0.909941993510573
39088,-6.418011337518692,0.49344444274902344,0.7797678411006927,0.9506229758262634,0.22260630130767822,-6.070726737380028,-13.26889346455084,18.249129448823634,0.8256702354779863,1.1418533325195312,0.625,22.079676389694214,0.9115104054978763
39095,-14.421769976615906,0.6034199595451355,0.8327231258153915,0.8548900485038757,0.06522480398416519,-12.450108677148819,-29.5292539056888,59.92140385202237,0.8096777309053662,1.0909473896026611,0.2962962962962963,18.94437825238263,0.9169684372386956
39099,-4.85735610127449,0.7922322154045105,0.9530050456523895,0.9297888875007629,-0.02080290950834751,-5.847574770450592,-3.089010764131516,82.12105118150936,0.9236416372137073,0.9800058007240295,0.6875,11.799061298370361,0.9776118056928355
39101,-22.700801491737366,0.732390284538269,0.8766103610396385,0.8623335957527161,-0.08468136191368103,-16.953715682029724,0.9946483663068391,-48.10698144152528,0.8218545850035646,0.9020046591758728,1.8888888888888888,19.902455806732178,0.9436026312436586
39105,-1.5792420133948326,0.7686452865600586,0.9163636416196823,0.9911580085754395,0.027821121737360954,2.1274756640195847,-9.714618235007949,19.753647824306206,0.9454490849518776,1.0339648723602295,0.7777777777777778,24.399582544962563,0.9582386666186438
39108,-30.005115270614624,0.7076841294765472,0.8490308076143265,0.8133041262626648,-0.1502174586057663,-25.757500529289246,3.3274407798305656,82.30034347756893,0.7666288004595483,0.8723316788673401,1.1333333333333333,30.658704042434692,0.9424885465009762
39114,-37.155210971832275,0.5343031287193298,0.6673411726951599,0.699907124042511,-0.15183252096176147,-29.943493008613586,-8.730137571354426,59.297289403752764,0.6196447353690608,0.8267518877983093,2.0,52.71486282348633,0.8431577711501611
39120,-28.056833148002625,0.6153379380702972,0.7629600614309311,0.6659951210021973,-0.034399792551994324,-30.26108145713806,-41.173544603590365,68.75004478867469,0.6469885935192161,0.934047520160675,0.4,46.2961483001709,0.9066829902201755
39125,-9.335493296384811,0.28017276525497437,0.6178178489208221,0.828317403793335,0.29076138138771057,-8.62715020775795,-64.0174927036395,82.92523463947185,0.46458325243009435,1.4806175231933594,0.7142857142857143,34.90756239209856,0.8381266663790605
39127,44.40622329711914,0.204001784324646,0.3717087507247925,1.4842133522033691,0.2742362320423126,46.22347354888916,17.72263351910177,87.99303745722048,0.4715788986158975,1.1823320388793945,0.375,42.38228797912598,0.8926625995561339
39141,-10.161563754081726,0.7209611535072327,0.8809436783194542,0.8911442756652832,-0.04601056128740311,-12.408266216516495,5.37635877233778,-17.78719971959272,0.8696735437044021,0.9592724442481995,0.25,20.25451876900413,0.9410365987021058
39142,27.761372923851013,0.517349362373352,0.6715377271175385,1.3592314720153809,0.3082031011581421,24.896475672721863,22.095117812597014,-63.381904754542816,0.6053343559120271,1.1588650941848755,1.0769230769230769,18.99568667778602,0.9615864348612658
39143,25.17554759979248,0.7177976965904236,0.8517881035804749,1.1445101499557495,0.054094552993774414,20.05375772714615,15.61488551101731,4.145534059240331,0.8405593454704882,1.0398056507110596,0.5,23.609964847564697,0.9456525157156741
39144,-11.145486682653427,0.7217878103256226,0.8524614721536636,0.8689736723899841,-0.06641887873411179,-10.338906198740005,-14.389061706456607,-7.964544967092644,0.8383294855404899,0.939035177230835,0.6666666666666666,35.19305274600074,0.9275241619340641
40003,-8.680818229913712,0.7430163025856018,0.8876924216747284,0.9636401534080505,0.022673243656754494,-7.02994167804718,8.631789434897332,-31.926843125636918,0.9201529064209548,1.0420470237731934,0.15789473684210525,25.401134490966797,0.9426801282219927
40004,38.95497918128967,0.7308875620365143,0.803290843963623,1.2280724048614502,0.08773097395896912,26.330819725990295,-18.64267944763712,-4.399582685844776,0.717035403501628,1.1579269170761108,0.22727272727272727,39.72320556640625,0.9442233931200859
40005,-11.89686581492424,0.7906569987535477,0.9090780466794968,0.8948683738708496,0.004205901175737381,-11.155856400728226,-5.618397021393025,86.55180324016834,0.8852613185532682,1.0110310316085815,0.26666666666666666,22.113506934222052,0.9553836067210086
40006,1.65195781737566,0.31944340467453003,0.6380591690540314,1.0662271976470947,0.16016291081905365,7.383176684379578,-31.904267536793746,57.36658240993001,0.6636929441956637,1.2906742095947266,0.6666666666666666,101.79071426391602,0.8443565036627788
40007,2.1434087306261063,0.6915391385555267,0.8807749524712563,1.0285738706588745,0.08644260466098785,2.679835259914398,-12.940218163255343,42.39463505882652,0.8380605376480661,1.1499992609024048,0.35,26.743325733003164,0.9460727794974039
40009,-2.1676402539014816,0.5707063674926758,0.8076907247304916,0.9777198433876038,-0.006226436700671911,-1.4912099577486515,43.14897456460929,77.51350550006664,0.8989393298399112,0.9900645017623901,0.3157894736842105,20.641984939575195,0.9019278859751468
4001,1.4917142689228058,0.6484029591083527,0.8664039075374603,0.9385613799095154,-0.017410321161150932,1.6534140333533287,-15.379149502766706,34.671778689483816,0.9067285365231763,0.9871900081634521,0.35714285714285715,26.948581423078267,0.9310016958930647
40010,5.903179198503494,0.7255533039569855,0.8945176750421524,1.0086945295333862,0.03544265776872635,1.8554892390966415,-8.75013738582288,20.486831977051022,0.908259112039423,1.07533597946167,0.15,23.6272516704741,0.9483735932052302
40011,6.475783139467239,0.768520712852478,0.9317526891827583,0.9907517433166504,-0.006825929973274469,4.257247224450111,-5.238957626273362,-28.117410668685334,0.9638342825507757,0.9936161637306213,0.16666666666666666,13.278633117675781,0.9656244927103357
40012,0.7781569845974445,0.5625798106193542,0.8318326026201248,0.9551954865455627,-0.22319573163986206,-3.0094947665929794,26.993562646213842,30.216939786502024,0.7892826145372193,0.803313672542572,0.2631578947368421,17.598676681518555,0.9390995837313844
40013,-43.27203929424286,0.6092021465301514,0.7592807561159134,0.642210066318512,-0.13251993060112,-40.582165122032166,1.4715312840662491,37.03622652943761,0.5888184221606151,0.8114013075828552,0.3333333333333333,39.87862269083659,0.9259244539053153
40016,-16.412286460399628,0.5689739286899567,0.7973533272743225,0.8056671023368835,0.034304339438676834,-12.173650413751602,-32.78473831988356,36.423989787158774,0.7790167105328597,1.0273250341415405,0.3076923076923077,30.62981642209567,0.8984043228343928
40017,-35.02538800239563,0.7140495777130127,0.779124528169632,0.7463293075561523,-0.02584330551326275,-31.190937757492065,8.079963895963566,-157.57738136600577,0.7211922432640375,0.9501797556877136,0.21739130434782608,45.75543610945992,0.8955831035327013
40018,17.351362109184265,0.2499072551727295,0.6105095744132996,1.1045262813568115,-0.4713605046272278,9.07534807920456,46.57880021432313,-33.27572408187977,0.6831384800295169,0.7093732357025146,0.25,22.731306552886963,0.9292076048032317
40020,-14.436644315719604,0.6897562146186829,0.7983323931694031,0.8996310234069824,0.01371193490922451,-16.27332717180252,-5.760266435392024,11.682833176334526,0.8518174977600675,1.023820161819458,0.19047619047619047,37.701303308660336,0.8936199154039972
40021,3.325069323182106,0.6689454913139343,0.7770799845457077,1.0182589292526245,0.05135336145758629,0.023656117264181376,-3.5796330776533587,24.945180490432747,0.8573387013309439,1.0914016962051392,0.3157894736842105,36.305987207513105,0.891997279796698
4003,-19.13079023361206,0.6988278329372406,0.8429279029369354,0.833319365978241,-0.054870761930942535,-18.660220503807068,-7.341433231667595,13.755607952970625,0.8056180775379551,0.9347234964370728,0.34782608695652173,34.5936049585757,0.9242314306275747
40033,-6.8198636174201965,0.5429028570652008,0.8057466000318527,1.0553998947143555,-0.07979985326528549,-5.042856931686401,32.19610922518028,-54.64768513652282,0.885843079063263,0.9520797729492188,1.3,30.763258934021,0.9124425554119108
4005,5.499177426099777,0.7215965986251831,0.8836481645703316,0.9781093597412109,0.0035856005270034075,2.2509440779685974,-15.408190121865575,41.645769983153514,0.9366870676805782,1.004643440246582,0.13793103448275862,21.945335125101025,0.9407736061318909
4006,4.230303689837456,0.7607699334621429,0.9122823178768158,0.9967597723007202,0.01899825781583786,1.7211250960826874,-12.442992087709705,36.65587476516507,0.9502615865554247,1.0233162641525269,0.25,21.536287239619664,0.956184905313238
41001,-41.55522286891937,0.6642324030399323,0.7069213688373566,0.6545128226280212,-0.019030285999178886,-35.86225509643555,-10.845282310808381,-269.59938490036694,0.6260722923162514,0.9459381103515625,0.3157894736842105,41.16996965910259,0.8675694410915441
41003,-25.649583339691162,0.7387484610080719,0.820817694067955,0.730967104434967,-0.06657524406909943,-29.453757405281067,-12.687298235766537,-15.882514849564643,0.6805621918672344,0.8426520824432373,0.045454545454545456,40.49049875010615,0.9299753814068952
41004,12.443885952234268,-0.020014524459838867,0.3326531648635864,1.295053243637085,0.4443635642528534,9.337951242923737,52.996580483712165,30.397142130644646,0.21773351019709353,1.7092517614364624,0.15789473684210525,36.7431966882003,0.8521947788910313
41005,0.046704200212843716,0.7529833167791367,0.9135019779205322,1.0313276052474976,0.051048751920461655,0.5498584359884262,0.9722941173296094,-18.32900326674797,0.8994276812125354,1.0867043733596802,0.25,19.730926695324126,0.9598039293456492
41006,-4.975933209061623,0.7096346616744995,0.8418221771717072,1.0140780210494995,0.01289689727127552,-4.260653257369995,17.12211767878425,-20.914699876206548,0.9157194129097951,1.0291622877120972,0.2631578947368421,25.989680290222168,0.9221887690690069
41009,19.705213606357574,0.7663680016994476,0.9173780232667923,0.9356686472892761,0.013579019345343113,11.749421060085297,-9.335298612003891,8.442937673188808,0.9222947979391438,1.0122019052505493,0.625,13.282722234725952,0.9581587644304862
41011,-19.578905403614044,0.7392823696136475,0.8656523674726486,0.8575171828269958,-0.0423429012298584,-15.952479839324951,12.682945865174233,-12.12840469237631,0.8372493111188088,0.9563835263252258,0.3333333333333333,28.112795239403134,0.9345474464522255
41012,-9.0570829808712,0.7703969776630402,0.897773839533329,0.9214137196540833,-0.006725716404616833,-11.571134626865387,-6.111776002990114,17.955878015176303,0.9046479933303507,0.9857823252677917,0.38095238095238093,23.5139478336681,0.9479033643837632
41013,-14.1185462474823,0.6883397102355957,0.7806977033615112,0.9057075381278992,-0.012863545678555965,-9.81971099972725,8.233282940031225,-678.2194510565364,0.8477515406205379,0.9714177250862122,0.2,35.680330367315385,0.8839328703798066
41014,-6.8290114402771,0.7825185209512711,0.8883345723152161,0.8407559990882874,-0.08531066030263901,-12.335509806871414,-14.739947137142185,-0.4833263999322277,0.7650181730810276,0.833720326423645,0.13636363636363635,25.006225834722105,0.9530013052186638
41016,-20.48875391483307,0.7128267288208008,0.824468806385994,0.8634617328643799,0.009028390981256962,-13.883033394813538,-2.9508180225014864,-12.9755311674671,0.8348291674571932,1.019844889640808,0.18181818181818182,37.841324372725055,0.9091986460143345
41019,98.53346943855286,0.6215052604675293,0.04843634366989136,1.6871082782745361,0.13164180517196655,84.80948805809021,1.212385922139245,-49.63885742038343,0.2647055100274137,1.2231221199035645,0.2857142857142857,61.318809335882015,0.8630448229514933
41020,10.061268508434296,0.6780397593975067,0.6394197940826416,1.181947112083435,0.067145936191082,5.116582661867142,-11.635810121450723,10.543900231529774,0.7258740286958865,1.1528853178024292,0.09523809523809523,31.031231446699664,0.8633750529794362
41022,-7.4462153017520905,0.7632864713668823,0.8616136610507965,0.9507699012756348,0.012295754626393318,-3.2079938799142838,2.727544247943748,-0.8100163735477381,0.909835109793278,1.02459716796875,0.2857142857142857,24.101131612604316,0.9285781256651956
41023,-3.2770294696092606,0.7889895886182785,0.9289968088269234,0.9502232074737549,0.0003882990567944944,-5.313241854310036,-76.71566838747916,-185.7784617573453,0.938529599148736,1.0008598566055298,1.5,22.802283763885498,0.9639425215353021
41025,-1.4310372062027454,0.7803426682949066,0.8995031416416168,0.9477141499519348,0.00012069944204995409,-8.134251087903976,-13.172647723363498,37.61194473046033,0.9265546442600663,1.0002914667129517,0.13636363636363635,19.72477332405422,0.9484216594715195
41027,-33.115023374557495,0.7108234763145447,0.7906762510538101,0.7435910701751709,-0.038349997252225876,-27.99997329711914,-5.109225250255296,15.667978956321235,0.7197336306172388,0.939395010471344,0.35,35.619776248931885,0.9044451269829128
41028,7.002691924571991,0.5863392949104309,0.6080431044101715,1.0983121395111084,0.07551103830337524,8.340247720479965,15.541255162857869,9.950884731198146,0.7510907055462963,1.1513235569000244,0.5714285714285714,35.406678373163395,0.8285598027960945
41029,6.9396041333675385,0.7445050179958344,0.8464605212211609,1.0942010879516602,0.03730826452374458,6.9050610065460205,10.963599305600223,-98.56194346641813,0.8586283528295546,1.0826185941696167,0.30434782608695654,24.660577376683555,0.9345304227152438
42001,-0.1641077222302556,0.55404132604599,0.835446372628212,1.0097321271896362,0.17645424604415894,2.557326667010784,-32.31894549667068,55.94376807534466,0.6715737594615382,1.3215751647949219,0.24,18.879552841186523,0.9339811045100637
42003,-50.46764016151428,0.7075240612030029,0.7434265315532684,0.616238534450531,-0.0734996497631073,-46.38862907886505,-7.8784669521855335,44.29174062956257,0.5855836485969554,0.8682370185852051,0.24,49.17060470581055,0.915699545682008
42004,10.798344761133194,0.7145191729068756,0.9088198840618134,0.9249821305274963,-0.08477742969989777,6.202790141105652,-7.685101587583319,21.94669444624536,0.9050780537543761,0.9601491093635559,0.15384615384615385,12.086888460012583,0.9576396216453903
42006,5.540386959910393,0.7602465152740479,0.9053948894143105,1.0710729360580444,0.06485530734062195,8.38586539030075,2.9633371693856896,16.613460940421856,0.9027409432702583,1.053109049797058,1.0769230769230769,14.05630111694336,0.9601579279441713
42008,-30.340060591697693,0.7210718989372253,0.8675013184547424,0.7699180245399475,-0.10202079266309738,-27.57597267627716,-6.184477253143036,-9.933289880063331,0.7560061451428777,0.9323357343673706,1.0,14.66311083899604,0.9550908368722457
42010,-17.087602615356445,0.6858549416065216,0.8848165571689606,0.8485556840896606,-0.18754437565803528,-14.52377587556839,-5.704676004543885,-3.1686791933991327,0.8261562186629383,0.92154461145401,0.5833333333333334,12.781815727551779,0.9663691882923534
42011,-1.6670996323227882,0.6560976803302765,0.8680056482553482,0.9871652722358704,-0.016860356554389,-1.6980908811092377,7.571744572913806,25.048053577975395,0.9299573044086975,0.9826223850250244,0.30434782608695654,21.562939104826555,0.9333721719797347
42016,-6.044602766633034,0.6143893003463745,0.8607912808656693,0.8249180316925049,-0.13290312886238098,-10.44333130121231,-19.662961655000988,-12.019240940165215,0.80990828628361,0.9505419135093689,1.2,16.01371169090271,0.944908606135872
42017,-16.108767688274384,0.5763776004314423,0.7942862659692764,0.86890709400177,0.06799253076314926,-11.6543710231781,-22.49165729097524,89.52173884664737,0.7968714389969006,1.1134759187698364,0.07692307692307693,19.52032309312087,0.8941743029719597
42024,-3.2705143094062805,0.6853694915771484,0.891441598534584,0.891322672367096,-0.11018575727939606,-5.33008798956871,-8.802715385108995,8.119666538023267,0.8732054544717245,0.9551277756690979,0.3,9.894419312477112,0.9525386608080898
43005,-21.081554889678955,0.8225634396076202,0.9389182366430759,0.8893787264823914,-0.029454728588461876,-15.604779124259949,-2.4461760927219767,-37.191943713727355,0.8842304562607614,0.9790711402893066,0.6,14.098658561706543,0.9730277191519884
43006,-10.268276184797287,0.799982339143753,0.9444958381354809,0.9183412194252014,-0.01439473032951355,-8.432779461145401,-1.5573519781326621,4.327809897608099,0.9133859166024769,0.9884743094444275,0.2608695652173913,18.777571553769317,0.9735235679320802
43007,-2.8941385447978973,0.8372625708580017,0.954975675791502,0.9721053838729858,0.014092103578150272,-1.9887559115886688,-6.480665753080965,8.421198810653943,0.960640667814774,1.0160549879074097,0.34782608695652173,18.871661891107973,0.9773442107953304
43008,-9.146647155284882,0.806402251124382,0.9565113075077534,0.9655265808105469,0.05438210070133209,-4.158935695886612,-6.292680630901061,-16.423986743766967,0.938791281948526,1.0462925434112549,0.5384615384615384,10.51181279695951,0.9796262188239355
43009,10.045982152223587,0.7969110757112503,0.9033904671669006,1.1176975965499878,0.0522153340280056,9.601229429244995,-2.9302931124831857,24.312963317127494,0.8504222464465374,1.0850825309753418,0.4166666666666667,23.281937837600708,0.9641985608210133
43014,-21.60281091928482,0.6367186903953552,0.8522360175848007,0.7998606562614441,-0.13795821368694305,-19.801928102970123,-5.818249945937417,-0.7276885417350194,0.7794460426477794,0.9257330298423767,0.34782608695652173,24.146390997845195,0.944567984564586
43017,-11.878113448619843,0.805344894528389,0.9323008507490158,0.9151820540428162,-0.050830062478780746,-9.325670450925827,-1.4978567448048214,9.89660843331532,0.8949660290556177,0.946739673614502,0.6,18.563740253448486,0.9683552732787942
43018,-11.030056327581406,0.8489163368940353,0.9672486670315266,0.9538987874984741,-0.04552672058343887,-9.251843392848969,1.0754508343801765,-6.563356679943544,0.9360018992954917,0.9582096338272095,0.7692307692307693,14.531951684218186,0.9850333572629788
43021,21.223914623260498,0.7306088805198669,0.8617804944515228,1.2369626760482788,0.16492757201194763,24.65045303106308,-0.13008699013853425,-10.376024353051577,0.7298168422073804,1.127889633178711,1.0,18.077044827597483,0.9778218431729594
44001,10.075485706329346,0.8294402658939362,0.9583421088755131,1.0213167667388916,0.031157352030277252,7.428618520498276,-8.573254209637952,2.6854186339761044,0.9651011399772204,1.019379734992981,0.6363636363636364,9.750375964424828,0.9803035089853273
44002,18.52658838033676,0.8360047042369843,0.9537744894623756,1.0058807134628296,-0.01076724473387003,11.689600348472595,-1.378451634450458,-12.43879782552331,0.9751073528093258,0.992220401763916,0.13333333333333333,13.710594177246094,0.9770971847884896
44006,-8.950654417276382,0.7744357287883759,0.9273865446448326,0.8616872429847717,-0.038551345467567444,-10.627060383558273,-14.479131456510007,-37.795799881244406,0.856018524012386,0.9737335443496704,0.9375,11.610056459903717,0.9698284905583501
44009,-7.5136832892894745,0.7233217656612396,0.9063181281089783,0.8802579641342163,-0.17156392335891724,-9.457319974899292,7.710391125001231,-43.58599469810167,0.8244735142120544,0.8748292922973633,0.45454545454545453,14.5030986179005,0.9716506438696694
44011,6.044920161366463,0.5888395011425018,0.7601568251848221,1.0948928594589233,0.12156983464956284,8.643771708011627,-7.725618955209536,-41.93938292431433,0.8153413109988914,1.1239315271377563,0.23076923076923078,20.305231901315544,0.9013331199002385
45001,-5.765249952673912,0.845362663269043,0.9452843517065048,0.9694103002548218,-0.019369011744856834,-5.36583848297596,-5.254175633832405,-4.059906150200487,0.9529294127144906,0.9771705269813538,0.4,18.351261956351145,0.9724550255292639
45003,-13.784720003604889,0.7650137692689896,0.8902985379099846,0.9291551113128662,-0.04953698813915253,-10.051967203617096,7.214494009005547,-26.888122487663367,0.8932869877861723,0.9421865344047546,0.30434782608695654,24.891881148020424,0.9449884383195356
45004,-11.715559661388397,0.7338784039020538,0.8237366378307343,0.9392131567001343,-0.016365310177206993,-9.89924818277359,7.644128481568854,-36.905231598491866,0.8878963484605188,0.9785866141319275,0.4642857142857143,30.82048552376883,0.908274020715023
45005,-8.002042025327682,0.7060889601707458,0.8509741276502609,0.9363685250282288,-0.07704896479845047,-7.929211854934692,14.436434979404181,-41.83906949760568,0.8637055815014407,0.9050528407096863,0.3333333333333333,26.39133135477702,0.9257555332063254
45009,-4.709815606474876,0.8378523737192154,0.9534768536686897,0.9792413711547852,-0.02457893267273903,-4.436507821083069,-1.1945481370982747,-34.196517796105255,0.9585101360237471,0.9725950360298157,0.45454545454545453,13.968077572909268,0.9767738059289198
45012,-9.174029529094696,0.7998858690261841,0.8669900745153427,0.9154348969459534,0.004082666710019112,-7.55794569849968,-9.702831285632271,34.279680180680145,0.8908395268710255,1.0063611268997192,0.38095238095238093,21.85211635771252,0.931266541598973
46003,-12.443925440311432,0.7946297228336334,0.9109967201948166,0.9132453203201294,-0.018622612580657005,-10.556364059448242,-2.6517886087133067,7.078485986585617,0.9002159071823171,0.978611171245575,0.21739130434782608,28.358004490534466,0.9555814370155352
46005,-13.258901238441467,0.7513381242752075,0.899136945605278,0.8912707567214966,-0.03632550686597824,-12.594813108444214,-2.141062775804265,0.7781741603694546,0.8722539293561059,0.9544451832771301,0.07142857142857142,26.48254803248814,0.9507885288333652
46008,-10.801153630018234,0.8247581571340561,0.9166631102561951,0.9248161911964417,-0.02019151672720909,-8.621777594089508,-5.59749030243009,-11.032258643185152,0.9109013887215227,0.9767526984214783,0.16,25.099800183222843,0.9582205745029871
47001,-4.694662243127823,0.8428708016872406,0.9441340304911137,0.963019073009491,-0.02833876758813858,-4.265550523996353,0.22728439780460344,-12.993403730389321,0.9416402897523853,0.9644887447357178,0.3181818181818182,17.273387701615043,0.9721213779274661
47004,-0.315814558416605,0.8122473955154419,0.9391389228403568,1.0047082901000977,0.021023916080594063,2.6896728202700615,-2.250211829040664,-35.995735473589455,0.9621408503078913,1.0225328207015991,0.4090909090909091,15.9970684485002,0.9699430671729067
47005,-13.965246081352234,0.79436394572258,0.8973919823765755,0.8989120721817017,-0.03880529850721359,-12.830564379692078,9.168310410123132,21.13702550696203,0.8723284136111604,0.9406217932701111,0.22727272727272727,30.049334401669707,0.9494481119443794
47008,0.19509283592924476,0.7195815145969391,0.8953662812709808,1.0435717105865479,0.057306427508592606,1.6186432912945747,8.754485993420507,30.563854097702826,0.9017521572634626,1.074051856994629,0.38095238095238093,16.356980800628662,0.9523505811725627
47009,7.302326709032059,0.8260100036859512,0.9516207203269005,1.0479761362075806,0.03804706409573555,5.077920481562614,-1.9674411454451468,1.4795634237910915,0.9336491957571178,1.040587067604065,0.2857142857142857,13.212110882713683,0.9787065850185552
47011,-2.4093640968203545,0.732458621263504,0.8645917475223541,0.9906579852104187,0.029277684167027473,-1.8130606040358543,-2.9166985384246957,-14.50798157918519,0.9230099092622776,1.0351343154907227,0.3333333333333333,25.12059211730957,0.9321340976154273
47014,-14.67692106962204,0.777549996972084,0.9059024229645729,0.887749433517456,-0.04288889467716217,-13.798998296260834,-5.4455131781037736,-8.445653823252478,0.8707339103632049,0.9542107582092285,0.0,23.18218994140625,0.9551348956251946
47018,-5.94734363257885,0.7639021128416061,0.8988667130470276,0.9482898712158203,-0.026949599385261536,-6.750645488500595,7.7580558190300675,83.20322905866033,0.9170022433969534,0.9605129957199097,0.13636363636363635,25.00237796617591,0.9484687796064729
48003,-3.9803054183721542,0.8102270811796188,0.925870768725872,0.9421762824058533,-0.05043931305408478,-2.132297307252884,-1.571318367892243,16.312309103117993,0.9169094569723134,0.9525769948959351,0.391304347826087,25.077521282693617,0.9637851603465094
48004,-19.7308212518692,0.7820244133472443,0.8950713276863098,0.8402407169342041,-0.033283479511737823,-17.170701920986176,-10.34550066487748,18.519317347465435,0.8309764342438867,0.9704183340072632,0.36,37.74208068847656,0.9534074867354396
48005,1.6779342666268349,0.8083286434412003,0.9453525356948376,1.0329642295837402,0.025870757177472115,2.9525965452194214,-0.5817800052160824,18.94003983591043,0.9498573833919223,1.0277882814407349,0.14285714285714285,16.220803487868533,0.9743981839935983
48011,-7.987529039382935,0.8085984438657761,0.9341280683875084,0.9632546305656433,0.022235535085201263,-5.447028577327728,-11.082516078983545,-35.53475714214051,0.9455563213112396,1.0225684642791748,0.30434782608695654,27.34487255414327,0.966765132851518
49001,-10.6490358710289,0.8416540920734406,0.942593414336443,0.9413439035415649,-0.025506477802991867,-7.266757637262344,-3.4460433709151848,-0.9487927251699761,0.9304324823335254,0.9755634069442749,0.391304347826087,27.054508872654125,0.9716811938393775
49002,2.4416839703917503,0.8456734120845795,0.965138703584671,0.9791476130485535,-0.015431052073836327,0.8869091980159283,-4.397790744457475,9.866081346555266,0.9698104882077621,0.9868929386138916,0.4666666666666667,13.662052154541016,0.9825417777966482
49004,-13.664530217647552,0.799862876534462,0.9100279435515404,0.8900998830795288,-0.0848761796951294,-11.15231141448021,1.9185164767779932,31.50886557611171,0.851125489061587,0.9077569842338562,0.38095238095238093,34.57205182030088,0.9602909286134094
50001,-6.172065436840057,0.837557315826416,0.9419244565069675,0.9733582139015198,0.01593872532248497,-3.2381799072027206,-5.430922502387807,22.402996129949173,0.9549644494056115,1.0213946104049683,0.2857142857142857,14.92006236856634,0.9706625376618533
50002,-12.363015115261078,0.8189035058021545,0.9233674108982086,0.9127457141876221,-0.01317786518484354,-11.201626062393188,-4.986751309592825,31.491405693515738,0.9029363620952031,0.9803599119186401,0.17391304347826086,20.706599950790405,0.9622865229547604
50006,-13.458922505378723,0.8458808660507202,0.9443860426545143,0.9195272326469421,-0.028798431158065796,-11.136336624622345,-1.0648117416687144,25.01270846056693,0.90827145780468,0.9646695852279663,0.15,19.68471890404111,0.9737317499658754
50007,-11.942262202501297,0.7981927394866943,0.9078228622674942,0.8908395171165466,-0.04501418024301529,-10.459030419588089,4.568793445814237,-2.825750128071504,0.8657741603518059,0.9354057908058167,0.09090909090909091,27.665557032046113,0.956089259349311
50008,-8.12113806605339,0.7904005646705627,0.8997341319918633,0.9140769839286804,-0.029276816174387932,-8.311949670314789,-0.5291583248835691,82.70011564460323,0.8902080064546012,0.9537659883499146,0.041666666666666664,23.39680290222168,0.9496618104952074
50011,-14.15889710187912,0.7770101726055145,0.9103181511163712,0.917529284954071,0.01111083198338747,-13.367649912834167,1.0730560188866487,-34.952516946645325,0.9048927881551565,1.0144968032836914,0.2727272727272727,21.37662224147631,0.9549022661404468
5003,-7.131277024745941,0.5555857419967651,0.7912937998771667,0.8672113418579102,-0.008017240092158318,-6.476170569658279,-33.97754745055274,26.761815961043816,0.8273806555610231,0.9939704537391663,0.5833333333333334,25.59995452562968,0.8898716434552217
51001,-3.0632494017481804,0.8258412331342697,0.927698478102684,0.9683102369308472,-0.033204901963472366,-3.9396271109580994,6.925367112684551,7.628021021635862,0.940960171074923,0.965828537940979,0.5,21.083176136016846,0.9637540140584892
52004,-16.34908765554428,0.7436046302318573,0.8642340898513794,0.9274526238441467,0.01296986173838377,-12.489508837461472,3.1885528608933416,-28.079156286746297,0.8975177964420986,1.017387866973877,0.2692307692307692,26.564478874206543,0.9297351984199554
52005,-16.66875332593918,0.8053649067878723,0.9037412628531456,0.8965393900871277,-0.04375911131501198,-14.944158494472504,0.8930347728001202,4.978262800251528,0.8759221848635271,0.9498465657234192,0.36363636363636365,25.253679535605688,0.9533541059067157
52006,-5.910147354006767,0.7723332494497299,0.8574405908584595,0.9746648669242859,-0.004683603998273611,-5.15093170106411,-4.737003053907015,22.947158676872387,0.9226006928376376,0.9929211735725403,0.2608695652173913,20.22943289383598,0.9272080086983501
52007,2.960612438619137,0.7350586652755737,0.8006995469331741,0.9804153442382812,-0.016637679189443588,-0.9503521025180817,11.29584010180814,2.793854452271301,0.8930118551265056,0.9717087745666504,0.2916666666666667,31.61781628926595,0.8986959479307655
52009,-1.630302332341671,0.7356622815132141,0.9038354158401489,0.97666996717453,0.09239192306995392,-1.995423063635826,-14.507544530232636,-5.6910006979196615,0.9079489137934522,1.0770814418792725,0.28,13.918844223022461,0.9554179031675255
52010,-13.774511218070984,0.7610503435134888,0.8873856514692307,0.9004804491996765,-0.06414050608873367,-11.178352683782578,3.5150151633916495,-60.03592942132837,0.8606490814511781,0.9192698001861572,0.3181818181818182,21.17411364679751,0.9452535631577794
52011,-4.337675496935844,0.7977837175130844,0.8844525292515755,0.8967464566230774,-0.054702457040548325,-8.919534087181091,-2.4115234670165764,-30.98882214086624,0.8529617177949793,0.9120725393295288,0.2916666666666667,22.978885968526207,0.9431869392308776
52015,-24.07304346561432,0.7210263609886169,0.8435379266738892,0.8158921003341675,-0.10407036542892456,-20.08804678916931,-8.8302090826177,16.00291671464044,0.7780910343636019,0.8967570662498474,0.2,39.773108959198,0.9315254285072668
52016,0.013516025501303375,0.7891867905855179,0.9264581874012947,0.9817647933959961,-0.001825182931497693,-1.889052800834179,-2.1511061522743575,7.059926243699197,0.9584676673650743,0.9984502792358398,0.391304347826087,24.037985179735266,0.9627171586415341
53005,-10.39980724453926,0.8199232220649719,0.9343634098768234,0.9379309415817261,-0.026361970230937004,-8.159343153238297,1.8010469334056909,-6.882940203818031,0.9246654285277237,0.9723921418190002,0.35,23.499695460001625,0.9674341311702236
53006,-10.076887160539627,0.794746994972229,0.9158656969666481,0.8859862685203552,-0.01618410460650921,-11.187931150197983,-10.357814101279908,7.537822854018987,0.8764248439439095,0.9740781188011169,0.22727272727272727,29.633982285209328,0.9600031963341373
53007,-10.84105297923088,0.7896617949008942,0.9147197157144547,0.9427891969680786,-0.04899284616112709,-8.949681371450424,8.51711649139082,-56.043398244599864,0.9084335482229248,0.9423032999038696,0.36363636363636365,22.57078626881475,0.9577811664597027
53008,-10.852321237325668,0.8352312296628952,0.9427840933203697,0.9570574164390564,0.0072005800902843475,-6.249014660716057,-4.820045818251703,4.486566664239198,0.9474298691439358,1.0091804265975952,0.14285714285714285,24.01996340070452,0.9710989110443697
53009,-5.561621114611626,0.8444261103868484,0.9533834382891655,0.9600455164909363,-0.041132889688014984,-5.642685294151306,1.4245025311600739,-2.591138682255936,0.9395270809090219,0.9606121778488159,0.391304347826087,19.697731733322144,0.9774342592167987
53013,-13.412493467330933,0.77573162317276,0.8809750750660896,0.8978951573371887,-0.05108608677983284,-9.808515012264252,-2.65521533018974,-31.189985612117514,0.8697180290997014,0.944642186164856,0.34782608695652173,28.93381118774414,0.9409787708204722
53017,-6.760786473751068,0.7928506880998611,0.9190597981214523,0.9732856750488281,0.04501299932599068,-4.938719794154167,-3.4907696760093874,17.833209049299462,0.9165417645020874,1.0681008100509644,0.4090909090909091,18.76323656602339,0.9598266060030931
53018,-2.8265124186873436,0.8426519483327866,0.9583781622350216,0.9668880701065063,-0.001491494127549231,-1.616218313574791,-2.4810788115236866,52.204743778837226,0.9607731205288023,0.9982067346572876,0.30434782608695654,19.64460041211999,0.9790445145323029
53022,1.350770890712738,0.8316389620304108,0.9508697725832462,1.0457507371902466,0.028743991628289223,2.4010907858610153,16.289420203533282,-13.90559097273812,0.9392632936248388,1.0332813262939453,0.5,18.634792168935142,0.9779054108893721
53023,-3.307795152068138,0.8406022489070892,0.9687247462570667,0.9771626591682434,-0.011551410891115665,-2.395993284881115,-10.795864034725557,-42.525766129160374,0.969721254274968,0.9877617955207825,0.7222222222222222,13.328695297241211,0.9843320499892237
53028,-10.135944932699203,0.8340814709663391,0.9596179872751236,0.9605002999305725,0.012329049408435822,-9.10552367568016,1.6559408743849293,-36.345627015345684,0.9538266317557873,1.0129048824310303,0.5263157894736842,12.09759837702701,0.9798699816472456
54001,-2.53796074539423,0.8134833425283432,0.9472209587693214,1.0360300540924072,0.04562832787632942,1.1623594909906387,-1.6792389928348403,-23.641062265929424,0.93612652116202,1.0470455884933472,0.9090909090909091,12.653826583515515,0.9761595070462304
54002,-15.364301204681396,0.7920756191015244,0.9327586814761162,0.9053712487220764,0.008747600018978119,-11.423036456108093,4.703455571648858,-55.86914200614057,0.8993721342626447,1.0117442607879639,0.17391304347826086,17.757975536844004,0.9678528518686281
54003,-17.46457666158676,0.5732938945293427,0.7451459169387817,0.8005724549293518,-0.04348166286945343,-17.038722336292267,-28.39162473715411,93.07781996863321,0.747943991216063,0.9223338961601257,0.6818181818181818,52.62904600663618,0.866850226641137
54004,-16.068273782730103,0.7427172064781189,0.8780158758163452,0.8616188764572144,-0.03500228375196457,-12.572827935218811,-11.33824919559016,-20.891005440076395,0.845626423984221,0.9652858972549438,0.23076923076923078,28.18012054149921,0.9410356320347496
54005,-2.7492890134453773,0.8379192501306534,0.9515562616288662,0.9753736853599548,0.009352271445095539,-1.8953492864966393,-4.417272416006114,16.023774421806248,0.9635755190383558,1.0110058784484863,0.47619047619047616,12.953541392371767,0.9755222942220514
54007,-32.493504881858826,0.7300337851047516,0.8064093440771103,0.7412304282188416,-0.04233035445213318,-27.846992015838623,4.309808522049565,-3.003294036412009,0.7179129012352503,0.9257017970085144,0.3181818181818182,40.538740158081055,0.9157906356635707
54008,-5.80923818051815,0.8663251549005508,0.9637439474463463,0.9425098299980164,-0.0375712625682354,-5.3266119211912155,6.144937734971193,19.154066364911625,0.9238920315751414,0.9530174732208252,0.3333333333333333,10.54532527923584,0.9832684313841646
54011,0.08660216117277741,0.7387647330760956,0.8392092436552048,1.0478761196136475,-0.014905734919011593,-3.069877065718174,5.904077854517954,3.3244049844296595,0.9084587565402436,0.9804033637046814,0.28,21.943906784057617,0.9244774982484881
54012,7.732921838760376,0.7847737669944763,0.9300658032298088,1.0796382427215576,0.012413140386343002,7.11493045091629,7.436692372760212,2.230889945096989,0.9145316636848697,1.009972333908081,0.45454545454545453,15.227531303058973,0.9706207664306191
54015,-34.249523282051086,0.7370824813842773,0.6036779284477234,0.5330758094787598,-0.03587070479989052,-28.0318021774292,-10.081160854830735,12.912508999317426,0.49012550528260945,0.8800559639930725,0.2,29.81372356414795,0.8339661814696543
54016,3.212679550051689,0.8245070725679398,0.9417659565806389,0.9876254796981812,0.016192767769098282,1.368944626301527,3.7541378716509235,4.518318617324392,0.9641423377763644,1.0166077613830566,0.5909090909090909,14.452670920978894,0.9707284190845853
54017,-28.6493182182312,0.7114814221858978,0.7335028052330017,0.7082090377807617,-0.08336788415908813,-25.399979948997498,1.9743806092942993,-40.327195219394056,0.6436505409409936,0.8366546034812927,0.6,37.79441833496094,0.8768689609604311
54018,0.4485882818698883,0.78996741771698,0.9073174148797989,1.0125316381454468,0.013111639767885208,-0.15012044459581375,-6.693200228105798,6.095216088958576,0.9494195660275997,1.017930269241333,0.2,23.397321701049805,0.9543946955808731
54019,0.8030611090362072,0.7715951502323151,0.916433535516262,1.0081286430358887,-0.04536335915327072,1.3206155970692635,8.819891377086341,-26.55282319146835,0.927694630116188,0.940582811832428,0.4090909090909091,16.700391335920852,0.9596070621681302
54020,2.693667821586132,0.7998642921447754,0.922045111656189,1.020831823348999,-0.0035375230945646763,2.378898486495018,-0.0016727624939248745,0.13976954213457488,0.9565580809759391,0.9965331554412842,0.13636363636363635,18.74974424188787,0.9620366432825697
54022,-12.968190014362335,0.7391561269760132,0.8951718062162399,0.897646427154541,-0.009370626881718636,-12.760122120380402,5.366485554847888,19.40055501054583,0.8842344449390748,0.9870191812515259,0.2222222222222222,23.116026984320747,0.9474937317175111
54024,-2.660113014280796,0.7300744652748108,0.9213921800255775,0.9859897494316101,-0.034200165420770645,-0.2761515090242028,2.4796237821429723,49.532292303470655,0.9477626125911747,0.9684058427810669,0.22727272727272727,14.019471948797053,0.9608302827182023
54025,-1.080244779586792,0.7786296308040619,0.9417345896363258,1.016253113746643,0.07850068807601929,-0.3006060840561986,-4.206680070895812,47.38379140977278,0.8857569956972904,1.110167145729065,0.3333333333333333,11.964557284400575,0.9744950920888041
54027,12.05444261431694,0.8072275370359421,0.9022118747234344,1.0590137243270874,0.043124791234731674,10.149455070495605,-0.6919034275539683,-9.999709930408084,0.9215910364067059,1.0275731086730957,0.6666666666666666,12.549352645874023,0.9563528971073371
54028,-4.8274654895067215,0.7772730737924576,0.934272401034832,0.9744855761528015,0.05338393524289131,-4.992350563406944,-10.524825355723536,27.55317210778922,0.9154176925973403,1.0740525722503662,0.14285714285714285,17.01130299341111,0.9680719959219523
54029,-5.211878940463066,0.8419795483350754,0.9596166834235191,0.9634631276130676,-0.03329313546419144,-4.50267381966114,2.28704911345028,9.283873086690795,0.9415230706738248,0.9588060975074768,0.25,11.655888557434082,0.9803106471148492
54032,3.0346330255270004,0.8261381834745407,0.9572274535894394,0.9950321912765503,0.027016639709472656,2.1511347964406013,-3.274592408489814,-2.1655941647011367,0.9657102721807036,1.0265576839447021,0.85,9.68112051486969,0.9788861246119535
54034,4.563422501087189,0.7241528034210205,0.8104467689990997,1.0710418224334717,0.07040775567293167,6.404539197683334,-2.779555089870458,-88.42408904355248,0.81390337591534,1.1501973867416382,0.23809523809523808,21.92214330037435,0.9161802053389468
54036,-2.9927222058176994,0.7345157563686371,0.8131610602140427,1.0629419088363647,-0.05006152391433716,-5.939844995737076,8.219279906109705,7.213124787741827,0.8687425551500232,0.9221018552780151,0.5,26.843209700150922,0.915154776272013
54038,0.04939668579027057,0.8411492109298706,0.9523509927093983,0.9986611008644104,0.0014476778451353312,0.7843737490475178,-0.8561865556815491,24.830846748323875,0.9760421369587966,1.0017746686935425,0.2727272727272727,17.091078108007256,0.9761455014382205
54044,0.7972179912030697,0.6754716336727142,0.8875374644994736,0.9920626878738403,-0.09819307178258896,0.5169932264834642,0.5226768622688753,-23.345142211508982,0.9183556919341392,0.9373853206634521,0.14285714285714285,14.772291410536992,0.9482100970521629
54048,-15.263581275939941,0.7281354367733002,0.8399585783481598,0.8640099167823792,0.0019491036655381322,-11.492320150136948,-4.261759293977888,9.096829080043538,0.8411866131723309,1.004351019859314,0.043478260869565216,34.134620168934696,0.9180887203840443
54049,-9.867236018180847,0.7458685636520386,0.8938230201601982,0.861172616481781,-0.009198307991027832,-9.442922472953796,-12.408261432073735,1.9510363336337224,0.8513310295285311,0.9830149412155151,0.2727272727272727,23.445940017700195,0.9495923800936861
54052,53.16202640533447,-0.003709554672241211,0.23400038480758667,1.4094805717468262,0.6666325330734253,51.86300873756409,-20.873000892522295,36.540484320373054,0.31280061483850063,1.5491694211959839,0.391304347826087,36.02097967396612,0.9453959419868536
54057,-15.701954066753387,0.7943824678659439,0.9239718466997147,0.8731181025505066,-0.05747402831912041,-10.427126288414001,-2.1281653130975156,12.554963490667493,0.8563342404244614,0.9409297108650208,0.5454545454545454,12.213561751625756,0.9675726116447431
54060,26.12612247467041,0.36411869525909424,0.4982094168663025,1.2916951179504395,0.21616500616073608,31.92668855190277,-2.7643542489569777,57.20477607263486,0.5639397510150221,1.2907787561416626,0.47058823529411764,45.50602576311897,0.8567861253738747
54063,-38.46689164638519,0.5164565742015839,0.7199068963527679,0.6448548436164856,0.08117416501045227,-30.794736742973328,-18.370833001832416,-13.293099771918785,0.6028489851411283,1.1361730098724365,0.07692307692307693,39.61590253389799,0.8857294531253039
54080,-19.75584328174591,0.6516747176647186,0.8324494510889053,0.7822237014770508,-0.07795526832342148,-14.515309035778046,-21.241927439161497,82.59108838033532,0.7499825381441201,0.9011672139167786,0.19047619047619047,27.15554918561663,0.9271007858099424
54095,-15.099906921386719,0.8344877511262894,0.9514090865850449,0.9360531568527222,-0.027074642479419708,-10.492290556430817,-0.031001447606122445,-18.846521578969497,0.9258886313626046,0.9707305431365967,0.7619047619047619,18.59558763958159,0.976620626447085
54096,-22.205883264541626,0.7413768470287323,0.8748893737792969,0.8272849917411804,-0.03972257301211357,-21.592676639556885,5.783036163099531,13.53364165948119,0.8095206015023926,0.943037748336792,0.3333333333333333,30.743528547741118,0.9433675970876783
55002,-9.7641721367836,0.8242674767971039,0.9471777752041817,0.8927477598190308,-0.04875747859477997,-10.103758424520493,3.48266416362263,19.87166675994053,0.8743532781459633,0.9382879734039307,0.13636363636363635,17.884426531584367,0.9781898770696867
55007,-9.419137239456177,0.8119992166757584,0.9292149618268013,0.9467865824699402,0.017269156873226166,-7.264295965433121,-8.047302021702944,60.597097083155525,0.9318596583836478,1.0231276750564575,0.2608695652173913,19.108538005663,0.9642711741468094
55008,-3.6864548921585083,0.7285699248313904,0.864660233259201,0.9471832513809204,-0.005482297390699387,-5.268405377864838,-3.7191151201773334,28.037345925901313,0.9120138144637477,0.992365837097168,0.25,19.80557952608381,0.9300451612302495
55013,8.544086664915085,0.7803195118904114,0.919667050242424,1.1352818012237549,0.02826443873345852,9.529957175254822,23.111765789019348,-18.141135321612264,0.8581046112009323,1.0332543849945068,0.22727272727272727,16.317068446766246,0.9730318428747496
55014,2.179041877388954,0.8181536644697189,0.9471618719398975,1.069773554801941,0.06268071383237839,2.9986167326569557,8.50082665910062,12.561452385992885,0.9006739857848363,1.0676283836364746,0.1,10.937469005584717,0.979415785735441
55016,-8.935820311307907,0.7680581510066986,0.9106571301817894,0.9780463576316833,0.05529332533478737,-4.95176799595356,0.33878734093053875,44.37211420228961,0.9060249611872688,1.0801575183868408,0.2727272727272727,19.602574001659047,0.9561352333565803
55018,9.605357050895691,0.725274920463562,0.6830908060073853,1.1997487545013428,-0.003350023878738284,2.672618255019188,28.497115663131716,2.744304190130656,0.7692301644409558,0.9946410059928894,0.2857142857142857,26.36475335984003,0.8845598282124358
55021,-9.879518300294876,0.8215606510639191,0.9500221461057663,0.9209376573562622,-0.01668689027428627,-11.304708570241928,-8.880567566570706,9.70772675718464,0.9155881984661921,0.9821662306785583,0.1,13.779375553131104,0.976410704002519
55023,3.7758782505989075,0.8202060163021088,0.9513385109603405,1.0285447835922241,0.0366639718413353,3.572150319814682,5.114117432928312,25.142439577881454,0.9450535338815363,1.0411494970321655,0.391304347826087,10.715787307075832,0.9773940635544472
55025,-3.6559417843818665,0.7794406861066818,0.899575263261795,0.9677274227142334,-0.02190176397562027,-0.6684682331979275,-7.805805153030819,38.549480304718784,0.9331099587038345,0.9713389873504639,0.35,19.603824615478516,0.9488990730628096
55026,-7.421546429395676,0.7855389714241028,0.921506367623806,0.96906578540802,-0.010403864085674286,-4.74269911646843,6.262179910014162,41.16801366369873,0.947649787088787,0.9863028526306152,0.4166666666666667,22.92337417602539,0.9600499397576422
55029,-9.553920477628708,0.7607223391532898,0.8865092247724533,0.965569019317627,0.01393122412264347,-7.852084934711456,6.373068119384771,43.46351679296686,0.9290973408853683,1.0217111110687256,0.52,23.871334075927734,0.9419455230413952
55032,-10.8469657599926,0.6621685922145844,0.8181488513946533,0.9196193218231201,-0.01992640271782875,-9.343889355659485,-20.094837041459105,-169.3878751535618,0.8703016301432585,0.9638312458992004,0.3684210526315789,32.45075376410234,0.904855715115847
56001,-6.480642408132553,0.8199211806058884,0.9405168257653713,0.9532413482666016,0.0034671626053750515,-6.5386660397052765,4.248327263694352,-8.477339595299487,0.9442438967639492,1.004418969154358,0.2916666666666667,14.429491758346558,0.9699526332641819
56002,-1.718849316239357,0.8224095702171326,0.9499117322266102,0.9663985371589661,0.0204764511436224,-1.2749367393553257,0.5925581986892694,25.56002735605044,0.9512290310360517,1.024876594543457,0.23809523809523808,15.655986467997232,0.9748861760668459
56007,-2.9528824612498283,0.7652111500501633,0.907944843173027,0.9893287420272827,0.024806879460811615,-0.4702107049524784,5.7880304143693655,17.987115318000175,0.9402512909852327,1.0364102125167847,0.16666666666666666,20.457367102305092,0.9538445137963684
56012,3.784283623099327,0.7969220727682114,0.9176162332296371,1.0027053356170654,-0.01991862803697586,2.1857377141714096,-2.1701955677082347,15.499860033894489,0.9545611882572616,0.9803466796875,0.4583333333333333,19.751699765523277,0.9591207415369929
56013,-3.8883451372385025,0.8106148093938828,0.9349675327539444,1.0119293928146362,0.020965121686458588,-2.361270599067211,4.303932717951691,-1.7217644329917494,0.9567577470240922,1.0267105102539062,0.2916666666666667,20.513532559076943,0.9681545816249421
57004,-5.2438002079725266,0.8038577735424042,0.9270596504211426,0.9602826833724976,0.005580372642725706,-4.003625735640526,-3.978725083001548,-6.651352665106054,0.9450040154120295,1.0082242488861084,0.3,16.7544424533844,0.9628589874805444
57005,-4.988788813352585,0.8161197751760483,0.9253152683377266,0.9601144194602966,-0.017801906913518906,-3.0643364414572716,-6.275839862593363,-8.803356316931913,0.9400878544736003,0.9762895703315735,0.43478260869565216,23.09727668762207,0.962099852618678
57006,-12.062779068946838,0.7920263707637787,0.9238653630018234,0.9183835387229919,0.007319378666579723,-9.561794251203537,-4.549694582446595,9.374980710028566,0.90947349451879,1.0102651119232178,0.20833333333333334,22.883158922195435,0.9622054379511814
57007,-15.797998011112213,0.8029310554265976,0.9146539643406868,0.8758109211921692,-0.017014186829328537,-13.006193935871124,-4.408289770599884,-51.69224504294287,0.8671991689707232,0.9748451113700867,0.2857142857142857,27.301075344993954,0.96024619508845
57008,-6.31428062915802,0.8146267831325531,0.9278310835361481,0.9488070011138916,-0.0032889137510210276,-4.473333060741425,-5.624915880938513,21.262600568240746,0.9368898940233696,0.995603084564209,0.375,21.820481618245445,0.9633553622465861
57009,-11.461708694696426,0.7810379862785339,0.8964270874857903,0.9189794659614563,-0.029594067484140396,-10.461074858903885,-2.0619984494072874,-13.27871317779403,0.8968312244055406,0.9633427858352661,0.3333333333333333,29.464521010716755,0.9476959086547722
58001,-8.24568197131157,0.758640855550766,0.9020761400461197,0.9749842286109924,0.023365674540400505,-3.2772261649370193,-10.7086572412411,-0.155073880776566,0.9379668170060996,1.0275763273239136,0.32,24.028911590576172,0.9503827333935855
58002,-16.718938946723938,0.7935994267463684,0.905039481818676,0.8651210069656372,-0.0539981909096241,-13.90928030014038,-1.093317825285203,-4.302473677138378,0.8386975679206818,0.9225127696990967,0.24,29.457950592041016,0.9573167366168644
58006,-7.82206803560257,0.7991845011711121,0.9292535930871964,0.9292033910751343,-0.018770163878798485,-6.314146518707275,-6.2698655262437715,-36.84851419137522,0.9169343756219115,0.9745051860809326,0.2,20.52457618713379,0.9648182919503125
58008,-15.025900304317474,0.7666640728712082,0.8842210248112679,0.8440530300140381,-0.06224311888217926,-13.840821385383606,-11.583823130844587,-15.748665563009617,0.8156135907914283,0.9164119362831116,0.23076923076923078,27.205762496361363,0.9481162254930334
58009,16.610582172870636,0.7176869213581085,0.8506947308778763,1.167291522026062,0.11376731842756271,17.021948099136353,-0.6696851458356212,0.07054270054296881,0.7892642742885555,1.1194491386413574,0.25,20.98658482233683,0.9535780652366732
58010,-17.392772436141968,0.7121550142765045,0.8814817145466805,0.8200121521949768,-0.010240806266665459,-16.949044167995453,-22.224268956655173,13.52265362164655,0.8116557661423351,0.9819163680076599,0.15384615384615385,26.68616221501277,0.9475509073108775
58012,-10.185445845127106,0.7734944075345993,0.9113640412688255,0.9438900947570801,-0.031215326860547066,-7.783883064985275,4.560754731733293,-15.382378617649191,0.9187170673304142,0.9618638157844543,0.23076923076923078,22.127485275268555,0.9552314269774328
59001,-13.503764569759369,0.745188444852829,0.8838888183236122,0.8693025708198547,-0.006822120863944292,-12.995164096355438,-10.45592952076451,21.87744351869672,0.8571410591066364,0.9907495975494385,0.19230769230769232,29.065198164719803,0.9430676800632793
60002,-10.011813789606094,0.7896851152181625,0.8991153612732887,0.9195619821548462,-0.041592974215745926,-10.235340148210526,-5.114961264281908,30.45743867419539,0.8915700272429156,0.9475878477096558,0.34782608695652173,27.68555102141007,0.9496040619738203
60003,-11.649297922849655,0.8055238276720047,0.9229778349399567,0.9174529314041138,-0.046071022748947144,-12.396333366632462,6.238930740830662,3.845561175547592,0.8962139912189488,0.9491996169090271,0.43478260869565216,24.101690451304115,0.9628942300613924
60005,2.7477819472551346,0.6944049298763275,0.8560962378978729,1.0197553634643555,-0.035568054765462875,3.488699346780777,2.0587512252132267,52.274588384839824,0.9149430653133814,0.9555044174194336,0.375,26.858842372894287,0.9302536675982822
60006,-7.4605487287044525,0.7900427132844925,0.9031180366873741,0.9195019602775574,-0.07071299850940704,-8.954929560422897,-0.11169782917776208,4.017455879875939,0.8743568586899422,0.9154442548751831,0.34782608695652173,27.79082837312118,0.9535608944370134
60010,-2.621442824602127,0.8111965507268906,0.9465492144227028,0.9285814762115479,-0.06979364901781082,-6.985532492399216,-3.0246671466962347,38.064039572131534,0.8917491047961401,0.9220926761627197,0.2916666666666667,16.910624504089355,0.9765884715401049
60012,-15.775950253009796,0.7398099005222321,0.8798732310533524,0.8930169939994812,-0.05976187810301781,-13.583041727542877,2.389040520209048,5.282125937368364,0.8553725327767396,0.9224867820739746,0.16,28.088356018066406,0.9411489868459285
6007,0.8277005515992641,0.7234475016593933,0.9284858480095863,0.9448525309562683,-0.028206663206219673,-0.25331052020192146,-5.147403954140673,49.13603818251867,0.9300365542630409,0.9761039614677429,0.4,15.339718818664549,0.9641863190955752
6008,-14.859850704669952,0.7481198906898499,0.8785281032323837,0.8508557677268982,-0.02574601210653782,-13.781774044036865,-16.0576702531515,40.586057522525365,0.8353888279062313,0.9612962603569031,0.18181818181818182,28.30935353818147,0.9420788769498486
61001,-4.704734310507774,0.7250101268291473,0.8847798779606819,0.9362393021583557,-0.12888996303081512,-4.8101503401994705,6.66386674436538,15.7132677889985,0.8557711524331784,0.8808897137641907,0.30434782608695654,30.383043703825578,0.9495096683114125
61002,-2.548323944211006,0.7520647644996643,0.8969344645738602,1.062361478805542,0.02649332582950592,-1.4844756573438644,9.715057399657764,-10.93921218779585,0.9174404091343318,1.0279120206832886,0.2916666666666667,20.14883359273275,0.9536529277465325
62001,-3.846333920955658,0.8420528173446655,0.9629720784723759,0.955377995967865,-0.047751814126968384,-6.108380109071732,2.786418859602936,16.49514412624987,0.9301126692781725,0.9490174055099487,0.17391304347826086,12.750371642734692,0.9828567561225651
63001,-18.71253103017807,0.796386644244194,0.9136505499482155,0.8440507054328918,-0.04493759945034981,-17.283625900745392,-1.872287180608811,33.1639199536949,0.8294267256844621,0.9407433867454529,0.3333333333333333,25.669310490290325,0.9644512557135121
63004,-4.735222086310387,0.7472820580005646,0.8872733488678932,0.890726625919342,-0.059935908764600754,-7.154000550508499,-4.079680398308696,52.06838665882702,0.8557509391922924,0.9232505559921265,0.25925925925925924,24.91159085874204,0.9454413700188815
64001,-0.4206857644021511,0.8167514353990555,0.9382280558347702,1.000657081604004,-0.02055085450410843,-1.6111157834529877,0.293711204907102,15.070327453499763,0.9596394192325995,0.9737540483474731,0.3076923076923077,15.933620012723482,0.9693455591226857
64002,-4.072199761867523,0.7096765041351318,0.8844135627150536,0.96216881275177,0.03352238982915878,-4.5522816479206085,-3.0995479916770945,14.492527287177792,0.9204194514653194,1.0381015539169312,0.34615384615384615,19.893800295316254,0.9412621368656877
64006,-18.034854531288147,0.7987636029720306,0.9223747551441193,0.8551487922668457,-0.041472114622592926,-15.900014340877533,-6.7170190461228865,37.10863657851944,0.845413436863002,0.9565964937210083,0.19230769230769232,24.660493777348442,0.9678866264082207
65001,-11.862596869468689,0.7427419126033783,0.8922140225768089,0.9205582737922668,-0.02080732025206089,-9.04787927865982,-1.8900507209496196,27.721668169819452,0.9000862527076167,0.9743122458457947,0.1724137931034483,22.34444782651704,0.9451191443064624
65004,-5.45232854783535,0.7591334581375122,0.9031687900424004,0.9233009219169617,-0.03996392711997032,-5.98982647061348,-4.197198590514537,22.328082376727505,0.8995830559520777,0.9568778276443481,0.3157894736842105,19.842021088851126,0.951613097593822
65005,-25.44718086719513,0.7282859981060028,0.6215999722480774,0.7122272849082947,-0.05967240780591965,-23.39588701725006,-4.518484249664496,2.943718589263736,0.6385885343114566,0.9239974021911621,0.4230769230769231,37.456765541663536,0.7949909340877888
65006,-9.370306134223938,0.7383045256137848,0.8989698737859726,0.8604447245597839,-0.09647273272275925,-9.379984438419342,-16.070186776362785,37.06192979814554,0.8225845944070513,0.8988169431686401,0.37037037037037035,20.888137817382812,0.9580173815874035
65007,-18.160082399845123,0.7483823597431183,0.8772041574120522,0.8563680648803711,-0.06468918919563293,-17.66982525587082,1.218005279367703,23.119188566990147,0.8289793532913081,0.9268887639045715,0.28,25.066865921020508,0.9427926930274775
65008,-20.18480747938156,0.6913214325904846,0.8390637785196304,0.8505108952522278,-0.018895098939538002,-17.510102689266205,-10.130648177467336,-8.071791047426608,0.8276128905302498,0.9723151922225952,0.11538461538461539,26.22997760772705,0.9187357736062578
66001,1.1742672882974148,0.8526264578104019,0.9616182334721088,1.0183825492858887,-0.011294054798781872,0.781751237809658,1.6903223214437268,11.887543704395656,0.9711259142865392,0.9877835512161255,0.4090909090909091,13.30881118774414,0.9813840636375409
66004,-10.752343386411667,0.8014725744724274,0.939677394926548,0.9279869794845581,-0.04758000373840332,-9.255582839250565,-3.8935444530301155,-30.08920020757736,0.9158580563738754,0.9670997262001038,0.5,17.93969436125322,0.9715120457505926
66006,-21.806195378303528,0.782070055603981,0.9053117409348488,0.8297796249389648,-0.061168838292360306,-17.534969747066498,-10.602523731623178,48.13025924909135,0.8077521912584749,0.9188224077224731,0.18181818181818182,30.972725694829766,0.9626577666438904
66011,-8.427801728248596,0.7436647117137909,0.8960684984922409,0.9399465322494507,-0.0172085203230381,-7.070454955101013,-4.26323842454212,32.07059202980373,0.9160223124025653,0.9752101302146912,0.07407407407407407,18.56266657511393,0.9467900819266417
67001,3.0910110101103783,0.7611156404018402,0.931337870657444,0.9812607169151306,0.011809759773314,1.3567590154707432,-15.140150651085529,47.42469943971302,0.9588878338507333,1.0115070343017578,0.36,11.614590644836426,0.9652633099370679
67005,12.653976678848267,0.8135351836681366,0.9295652136206627,1.0733412504196167,0.027093734592199326,8.52333977818489,4.132373098590785,-0.8847611845601918,0.9156697713184436,1.0288937091827393,0.3181818181818182,15.758075497367166,0.9700366552929426
67006,-10.093864798545837,0.7633099555969238,0.9238670989871025,0.8970096111297607,-0.014476670883595943,-9.242967516183853,-14.01757488557509,51.73123459722866,0.8893503743758162,0.9823707342147827,0.25,21.748914321263634,0.9635921926092345
67008,5.3232017904520035,0.811711847782135,0.9207987487316132,1.0067437887191772,-2.2003368940204382e-05,1.4388044364750385,2.381563551868693,-27.613390088222822,0.9601129972192679,0.9999751448631287,0.391304347826087,18.083843977554984,0.9606872325222022
67010,-8.572728931903839,0.7096833884716034,0.8663575202226639,0.9291395545005798,0.04575219005346298,-5.880396813154221,-16.33026795718152,-39.28695991271139,0.8800164342927201,1.0688387155532837,0.14285714285714285,21.626687049865723,0.9319112010354791
67015,-5.1218971610069275,0.8385574370622635,0.9656863957643509,0.9649803638458252,-0.004791117738932371,-3.8587484508752823,-12.201553552761178,-2.4164158532230537,0.9607138606842954,0.9951505661010742,0.13043478260869565,14.230921994084897,0.9828679009802619
67018,-5.145555734634399,0.7430983483791351,0.8902456238865852,0.9527177214622498,0.0234497282654047,-3.811107948422432,-8.06894602319529,21.23942402250665,0.9187433627055906,1.0348634719848633,0.17857142857142858,22.273635864257812,0.943861193797566
67025,18.137462437152863,0.6851062774658203,0.7984668910503387,1.1082701683044434,0.10924066603183746,9.215322136878967,-3.5965285032876797,3.764946351261609,0.8160461461844168,1.1252059936523438,0.3076923076923077,27.074751487145054,0.919750076994045
67033,5.907081067562103,0.804532065987587,0.9468139186501503,1.0017045736312866,0.06353779137134552,4.327712208032608,-10.949916009656793,23.979357869231567,0.9268409873968075,1.0689024925231934,0.9090909090909091,13.01408139142123,0.9754687530300459
68001,8.118610829114914,0.7725044041872025,0.9292042851448059,1.0713250637054443,-0.018508294597268105,6.205372512340546,21.348770668913303,-1.5171133058440767,0.9201784325819456,0.9811973571777344,0.16,19.44554901123047,0.969492975638591
68003,-8.237645775079727,0.7779590934514999,0.9290727898478508,1.0132843255996704,-0.03793659433722496,-5.177715420722961,12.732191768549194,11.583877979268976,0.9479559249301934,0.963089644908905,0.12,15.55713176727295,0.9657985653768313
68004,-10.561812669038773,0.6518707871437073,0.8118189722299576,0.9823494553565979,0.03686125576496124,-6.458359211683273,5.918749603124732,33.60668198522754,0.895539066635099,1.0398579835891724,0.4782608695652174,30.03019690513611,0.9050690460520762
68005,-7.563158869743347,0.7489687502384186,0.8874510452151299,0.8839477896690369,-0.0976741686463356,-8.463011682033539,-12.979244376219242,-4.776964791726128,0.8324460557707689,0.8902686238288879,0.2608695652173913,25.058959878009297,0.9493518629398469
68020,-20.364832878112793,0.6613031327724457,0.761002704501152,0.8096950054168701,-0.08981110155582428,-23.618488013744354,9.368309467754186,-10.113251011656738,0.7438994866735114,0.8778777122497559,0.15384615384615385,34.256696701049805,0.8797601197711321
69002,-6.3820816576480865,0.7456713318824768,0.8784850239753723,0.9648020267486572,0.03439909592270851,-5.827115103602409,-4.526809009244894,8.445774632000319,0.9203037764961018,1.0361024141311646,0.25,24.87426996231079,0.9382812312689006
69007,-17.720387876033783,0.7374630570411682,0.8969484567642212,0.8792361617088318,-0.11523304879665375,-15.00629186630249,1.7163880241982294,-8.911126225558114,0.8320844163193513,0.8914482593536377,0.36,28.252056121826175,0.9572418638544382
69012,-11.335793137550354,0.7514682710170746,0.8946724534034729,0.8878976106643677,-0.02229447290301323,-10.938648134469986,-8.749739959812336,8.397102713294908,0.874975555574238,0.980902373790741,0.3076923076923077,21.86450224656325,0.948043800346983
69015,-11.344948410987854,0.650560051202774,0.8338907957077026,0.8938093185424805,-0.1576967090368271,-11.673301458358765,-1.7908445388542649,6.892597374403957,0.7926208524180348,0.8373839259147644,0.24,27.633037567138675,0.927297438335948
69017,-2.286902442574501,0.8028902262449265,0.9201870039105415,1.0031813383102417,0.020699910819530487,-2.2844411432743073,-1.2951555953692004,-0.49704720882019865,0.9548762932651842,1.021469235420227,0.28,17.27866554260254,0.9604386561588674
69023,-11.201651394367218,0.7808245718479156,0.9103013351559639,0.9176040291786194,-0.00030555258854292333,-11.098476499319077,-0.09496654913136163,-5.006177453181864,0.906030985483757,0.9996771216392517,0.2962962962962963,20.835348411842627,0.954822843923945
69027,-9.240155667066574,0.7248767912387848,0.8871895223855972,0.9135735034942627,0.029011856764554977,-10.456612706184387,-4.459479716539322,-34.45658057188955,0.8921469857817664,1.0298620462417603,0.36,24.392427444458008,0.9428074168098936
69030,-5.669957026839256,0.7067000269889832,0.8710878789424896,0.9770141839981079,0.06059439852833748,-3.390008956193924,-5.870695379023682,10.1228678338811,0.9086843103681933,1.0611295700073242,0.28,21.152484893798828,0.9361769390707461
69032,-10.482385009527206,0.7062749564647675,0.8683038651943207,0.8857153058052063,-0.11283260583877563,-10.038120299577713,-7.04590934580704,33.462177539867874,0.8322518610413419,0.8927420377731323,0.14814814814814814,26.961457287823716,0.9402155845070339
69043,-24.046625196933746,0.6352533102035522,0.7302541136741638,0.7586603164672852,-0.10504603385925293,-22.842445969581604,1.7759713636520256,24.042846118254637,0.7083879439360434,0.9033697247505188,0.14814814814814814,29.932761192321777,0.8678813476477047
70002,-15.273946523666382,0.6613586246967316,0.8439841568470001,0.7887544631958008,-0.12124914675951004,-15.456973016262054,-21.859944591745492,53.66666578547854,0.7500615110998868,0.8813080787658691,0.22727272727272727,27.078296921469946,0.9387072659466998
7001,-12.024927884340286,0.6147038042545319,0.8089793920516968,0.8829721212387085,0.03473636507987976,-11.246486008167267,-12.410596586467385,-4.285082074624555,0.8400998536055334,1.043890357017517,0.25925925925925924,32.81560827184607,0.9002695183483044
7002,-18.327882885932922,0.6609152555465698,0.8257634937763214,0.8440301418304443,0.006352822296321392,-14.936137199401855,-13.695660390702136,-8.69658120800651,0.8203491236483987,1.0080978870391846,0.2962962962962963,30.854868005823207,0.9112178793789673
7003,-12.226007133722305,0.7149265110492706,0.8896186128258705,0.9024367928504944,-0.019216708838939667,-11.239216476678848,14.95775112954767,-54.550059240306666,0.8846941744087451,0.9739864468574524,0.32142857142857145,23.593178817204066,0.9443210176199008
7005,-12.27807030081749,0.6943537592887878,0.8636471331119537,0.8991840481758118,0.03428823873400688,-9.911812096834183,-7.82659985877591,13.82503350813299,0.8682238362105619,1.0486701726913452,0.23333333333333334,26.010994911193848,0.930485141940457
7006,7.975051552057266,0.5308350920677185,0.7091665267944336,1.1459366083145142,0.10453253984451294,11.882870644330978,14.708815364646139,-81.45250243905376,0.7606686057561386,1.1524786949157715,0.37037037037037035,26.373840261388708,0.8871626381859724
71001,-16.750577092170715,0.7572046965360641,0.8875416964292526,0.8955968618392944,-0.04900728538632393,-14.768192172050476,6.1159191104879564,-9.587771956193857,0.8651986408040797,0.9351393580436707,0.14814814814814814,23.71844009116844,0.9446421793395279
71004,-10.597166419029236,0.7683584690093994,0.8913866505026817,0.9137500524520874,-0.006853308063000441,-10.212881118059158,-5.109918835873335,-4.8676123769447575,0.8971578842465536,0.9913208484649658,0.21428571428571427,26.084675107683452,0.9446635775527592
71006,-7.394061982631683,0.7846958190202713,0.9059163480997086,0.9299421310424805,-0.022484054788947105,-7.860936224460602,2.890249624398206,22.55431045243685,0.9095781797589018,0.968454897403717,0.2222222222222222,22.385627252084237,0.952324984792509
71008,-6.77606463432312,0.7650211304426193,0.8986265584826469,0.9007430076599121,-0.03766296058893204,-8.619970083236694,-4.119466958212522,-31.541744564253367,0.8762305030955955,0.9455450177192688,0.1111111111111111,18.456187071623624,0.9499840751322702
71014,-17.189885675907135,0.7386041581630707,0.8605487197637558,0.8529875874519348,-0.03758079931139946,-15.568715333938599,-5.000886136117135,-26.41825839782115,0.8313157399220231,0.9532647132873535,0.17857142857142858,27.61336054120745,0.9317538050090793
72002,-16.264086961746216,0.7408235371112823,0.8586183190345764,0.8166667222976685,-0.061265185475349426,-18.477807939052582,-3.9536969790763905,8.72974123751455,0.7862814823044116,0.9105077385902405,0.21428571428571427,27.544660227639334,0.9363160205335238
72004,-13.653868436813354,0.7664639949798584,0.898588165640831,0.9103222489356995,-0.028600381687283516,-12.066202610731125,3.3690445811054905,4.324980555672387,0.8900087907907444,0.9616358280181885,0.2,24.606075286865234,0.9491653919508217
72005,-13.58160525560379,0.7870466411113739,0.9114701822400093,0.8957822918891907,-0.03150362893939018,-9.59092378616333,1.686677282694785,0.5154547703229589,0.8778965779407469,0.9529232978820801,0.2413793103448276,25.91192475680647,0.9572016459146981
72007,6.566153466701508,0.6724935173988342,0.8106373995542526,1.0535788536071777,0.08768408000469208,7.900349050760269,-7.918537512603676,-17.329085240614067,0.838216896933681,1.1268962621688843,0.2962962962962963,23.561246306807906,0.9151447259654794
72009,0.7814901880919933,0.759920746088028,0.8785559386014938,1.0093430280685425,0.03073870576918125,1.4787442050874233,5.613541422137742,13.26022458524913,0.9202071112874344,1.0521694421768188,0.28,22.187225341796875,0.9403513435309238
72014,-2.9341623187065125,0.7437801957130432,0.8757480159401894,0.9678512215614319,0.031713299453258514,-2.4729903787374496,-6.426909341455389,-21.57900565776937,0.9148845135326833,1.0471692085266113,0.32,23.977270126342773,0.9368638942565437
72015,-11.612004041671753,0.791315346956253,0.9201842024922371,0.9156832695007324,-0.008947695605456829,-7.693604379892349,6.111172693518053,1.9382829184678794,0.9056798825924126,0.9853610396385193,0.17857142857142858,22.36740759440831,0.9603430416543332
73005,-10.828758031129837,0.8149354457855225,0.9184891805052757,0.9190850257873535,-0.014167367480695248,-8.650003373622894,-0.590019928056622,3.6293783775225528,0.907738101157668,0.9823711514472961,0.1724137931034483,20.52755355834961,0.9593275446417935
73009,-14.609669148921967,0.7879735231399536,0.9167662188410759,0.876575231552124,-0.010087632574141026,-11.334796249866486,-7.16089446209217,23.464467333559828,0.8699203530807603,0.986322283744812,0.20689655172413793,21.40882919574606,0.9612706680374573
73010,-8.822387456893921,0.8630393296480179,0.9714509285986423,0.9673491716384888,-0.029538806527853012,-6.585558503866196,3.4600700346107938,45.893202237143484,0.9546946100271247,0.9717631340026855,0.375,11.124762892723083,0.9862456855295822
73011,-20.115576684474945,0.8008995354175568,0.9089888781309128,0.8739022016525269,-0.0050368476659059525,-15.553638339042664,-1.3365811797350755,14.862109535381688,0.8666105584727858,0.9931768178939819,0.1724137931034483,23.733385677995354,0.9570403381203924
73014,-18.826870620250702,0.7501696795225143,0.8782923892140388,0.8748514652252197,-0.004591749049723148,-16.409558057785034,-2.952629951586528,0.93208147892336,0.8608068724381462,0.9936172366142273,0.07142857142857142,26.831047875540598,0.9394043620733527
73015,-29.252955317497253,0.72430419921875,0.815356969833374,0.7423834800720215,-0.05123244971036911,-29.021957516670227,6.084002079736824,-1.4518493252355769,0.7139201039641623,0.9030040502548218,0.16666666666666666,39.628775914510086,0.9221076299686292
74001,-11.997071653604507,0.7607395052909851,0.8995872884988785,0.8891785144805908,-0.03820934146642685,-10.1505346596241,-9.30885456794837,20.590678652282584,0.870436919874615,0.9538489580154419,0.20689655172413793,19.119348197147765,0.9512632438237025
74005,-3.804633766412735,0.7817103117704391,0.9160509258508682,1.0043308734893799,-0.0053981514647603035,-3.211771324276924,1.88507920356721,-11.998606877487418,0.9576378391807262,0.9944242238998413,0.39285714285714285,19.174838066101074,0.9582303109303181
74006,-5.659983307123184,0.7276614010334015,0.8799983859062195,0.9364225268363953,0.009850249625742435,-7.260295003652573,-2.2751343170072986,53.25399939875754,0.9106005408506688,1.0110887289047241,0.11538461538461539,19.18178338270921,0.9381355651961355
74007,-17.863035202026367,0.7385943233966827,0.8765611052513123,0.8776630759239197,-0.019998015835881233,-15.426340699195862,-4.022374147114173,16.83556857869656,0.860774619371026,0.9749657511711121,0.21428571428571427,27.235536915915354,0.9384315827354691
75003,-10.1937934756279,0.8634480237960815,0.9675590209662914,0.963484525680542,0.008377407677471638,-7.39888995885849,2.7523638922887517,26.422196571303868,0.959179012267138,1.008575677871704,0.45454545454545453,11.407508633353492,0.9838931404751814
75004,0.8449994958937168,0.8049189746379852,0.9322057142853737,1.0459303855895996,0.012649557553231716,3.812204673886299,1.5805716630515596,1.9613434197598294,0.9427598263805136,1.013625979423523,0.2,14.9820556640625,0.9686763692984135
75017,-18.322208523750305,0.8006356805562973,0.9048279672861099,0.8977247476577759,-0.01625344343483448,-15.330618619918823,-1.6690568857311363,-8.87643617619783,0.8855558415826092,0.9793840646743774,0.36,32.488609313964844,0.9529657426459291
76003,-12.669073045253754,0.7734424620866776,0.9199956953525543,0.8994348049163818,-0.08416281640529633,-11.903411895036697,2.2519196162513593,19.936101298295508,0.8577357920240457,0.9056247472763062,0.42857142857142855,23.89740716843378,0.9650849877250727
76005,-13.344724476337433,0.7711317539215088,0.8855172097682953,0.9113926291465759,-0.0328218899667263,-11.190038174390793,6.103699642712783,-6.9751394034897425,0.8835046627658701,0.9513529539108276,0.375,22.767043113708496,0.9420917766242535
76007,-13.740168511867523,0.8088128566741943,0.9285026341676712,0.9288394451141357,-0.00989899504929781,-11.102429032325745,5.719992949474656,8.558969014482146,0.9195732371339224,0.9886193871498108,0.12,12.821183204650879,0.9642911598535279
76008,-19.676369428634644,0.7196348607540131,0.851442813873291,0.8531824350357056,-0.0014287292724475265,-18.62417608499527,-1.9315889493491216,-33.98118266592906,0.8353807315428726,0.9978280663490295,0.3076923076923077,29.037994604844314,0.9255729291888312
76011,14.491051435470581,0.4173230528831482,0.6799017786979675,1.1482815742492676,0.26861295104026794,13.356618583202362,-14.35262324094937,-62.00054884134122,0.4778558483271248,1.490883469581604,0.1724137931034483,26.679681909495383,0.9016104215078047
76014,-5.6636374443769455,0.7582071125507355,0.9028353095054626,0.9399952292442322,0.009403754025697708,-5.0069909542799,-4.238870986972715,32.369116527239164,0.9204456988040665,1.016003131866455,0.21428571428571427,19.92527757372175,0.9502786354191086
77002,-9.42603051662445,0.7546143084764481,0.8980864882469177,0.9606071710586548,0.03889375552535057,-5.625292658805847,-3.1679470810426302,-2.6901109586628027,0.9191168651551694,1.0484050512313843,0.12,22.858896255493164,0.9485486876201197
77003,-16.580727696418762,0.7229501307010651,0.8626914769411087,0.886083722114563,0.011773030273616314,-13.822999596595764,-0.26635649158980707,-12.492472989234576,0.8651025479572142,1.0175851583480835,0.3076923076923077,25.021886825561523,0.9299202853442138
77004,-10.444309562444687,0.721863329410553,0.8702331781387329,0.9068590402603149,0.022384192794561386,-11.155366897583008,-18.398884867555452,6.485608015827567,0.8803473427940661,1.0349408388137817,0.1111111111111111,27.08891232808431,0.9335119726702588
78003,-3.690268099308014,0.8087125271558762,0.9308487102389336,0.9518029093742371,-0.013304931111633778,-5.133639276027679,-2.2960761087579713,-6.795944999470466,0.9386080855504207,0.9851647615432739,0.12,16.517406463623047,0.9649868122712523
78004,-9.909538924694061,0.7228106558322906,0.8555525243282318,0.9112776517868042,-0.004060517530888319,-10.474653542041779,-7.0495202735947835,34.532424030396534,0.8837184959549643,0.9940318465232849,0.21428571428571427,25.669595173427034,0.925072606781028
78006,0.4122534766793251,0.7831199765205383,0.9130415692925453,1.0072124004364014,0.027288144454360008,0.4893451929092407,-2.6487250133274713,11.793973825619204,0.9461028994908862,1.031990647315979,0.2222222222222222,20.927904270313405,0.9572276116222258
79002,1.192511711269617,0.7741069197654724,0.9089587405323982,1.0009005069732666,0.009572654962539673,-1.181274838745594,1.9992715274660562,10.041350534161758,0.9531925963139147,1.0112214088439941,0.30434782608695654,19.197973997696586,0.9545665089325157
79003,-1.0438956320285797,0.7271263003349304,0.8644447773694992,0.932440996170044,0.007669862359762192,-6.13783597946167,-5.341291751930428,26.378108299804133,0.9019909270187645,1.0105926990509033,0.28,33.23405838012695,0.9297906408307117
79004,-8.535507321357727,0.7663004547357559,0.9044119119644165,0.9272873997688293,0.007584604900330305,-8.840417116880417,-4.571746616506747,35.72125246474695,0.911892867537355,1.010390281677246,0.12,21.128881454467773,0.9513400924263156
79005,-5.120372772216797,0.791101336479187,0.9136603847146034,0.967505931854248,0.023069612681865692,-6.57355934381485,-1.8386662999086745,23.279493240059377,0.938111410669126,1.0292571783065796,0.28,22.342498779296875,0.9562010212191904
79006,2.154094912111759,0.7649779468774796,0.9020451754331589,0.98004549741745,0.010139770805835724,-1.333058439195156,-3.9544568287925084,8.477318983125977,0.9448803394283806,1.012961983680725,0.19047619047619047,21.92880312601725,0.9502809715775322
80001,-0.45904191210865974,0.7870476394891739,0.9077235534787178,1.0096937417984009,0.046903450042009354,-1.520540751516819,-2.4102255887250035,23.607523994059186,0.9240107364983917,1.0607854127883911,0.25925925925925924,18.718120786878796,0.9554406785329075
80002,-12.923564016819,0.7095766663551331,0.9093445315957069,0.9420323371887207,0.03927677869796753,-9.604167193174362,-14.812513816346701,17.195803977594366,0.916146491379056,1.039994716644287,0.25,15.889259576797485,0.9544853472298894
80003,-1.3344896025955677,0.7243838310241699,0.879614032804966,0.9148251414299011,0.012833483517169952,-4.880636930465698,-12.43707737324861,-429.13331978221436,0.893337905315795,1.0176055431365967,0.14814814814814814,21.43959469265408,0.9382578688345519
80004,-23.707734048366547,0.6590619683265686,0.8117005676031113,0.7149268388748169,-0.053948692977428436,-26.486334204673767,-24.883087826552277,84.7176332865218,0.6940095825483136,0.9159723520278931,0.13333333333333333,33.145805994669594,0.9271797915779666
80005,-11.081776022911072,0.7023668885231018,0.8799458220601082,0.8798245191574097,0.01300223357975483,-12.442534416913986,-5.3889386173269465,-3.4836146235191165,0.8646163378190429,1.0172004699707031,0.06896551724137931,20.091874023963666,0.9400772695668276
80006,-6.290315091609955,0.7990766763687134,0.9436232782900333,1.0057377815246582,0.042910438030958176,-4.9209196120500565,7.724394341847529,51.11799853201268,0.954313968958179,1.0363333225250244,0.2222222222222222,11.067694204824942,0.972904225978539
8004,-16.496095061302185,0.6275095641613007,0.8051161020994186,0.8751128911972046,-0.02461487427353859,-15.311065316200256,-3.050675933632794,-16.83716526055943,0.8369794451750372,0.9764105081558228,0.5,35.71328016427847,0.8979096124757528
8005,-0.8394605480134487,0.7076876163482666,0.890136107802391,0.9506793022155762,0.01881871558725834,-3.993404284119606,-11.305423060493286,25.563682975094675,0.9230784255855926,1.0176886320114136,0.5,25.961496279789852,0.9436838417679834
8006,-8.848251402378082,0.7100566327571869,0.8666205853223801,0.9100711345672607,-0.05010397732257843,-9.072750806808472,-5.380688260369987,-18.41242736931152,0.8811012486939,0.961280107498169,0.5185185185185185,30.233923594156902,0.9325427383540014
8009,-15.29446542263031,0.6854687929153442,0.8228092044591904,0.8641551733016968,-0.0192267969250679,-12.385103106498718,-10.957733658998075,0.7217810758912703,0.8344574636945592,0.9764580726623535,0.07692307692307693,33.42901376577524,0.9083687168976932
8011,-8.309577405452728,0.6522638499736786,0.836305558681488,0.9244028329849243,-0.00848398543894291,-8.253641426563263,4.456388912685332,-7.567204978720849,0.8856449973108131,0.9918042421340942,0.2857142857142857,25.589735167367117,0.9145894354758024
8013,1.3409646227955818,0.5568559169769287,0.7346011698246002,1.0599324703216553,0.07569658756256104,3.177456557750702,6.8017391974264,-8.872240834669343,0.8454449195788184,1.0755184888839722,0.37037037037037035,29.152705934312607,0.8792012842708036
81002,-4.8867590725421906,0.7638585120439529,0.9002052694559097,1.0012184381484985,0.032226696610450745,-2.755472809076309,4.227891019991586,26.5036677394454,0.9363395769996217,1.040236473083496,0.2692307692307692,19.27185792189378,0.9506827504937018
81003,-18.195103108882904,0.7043954730033875,0.8498372286558151,0.8471134305000305,0.010102668777108192,-14.774706959724426,-14.67197786662528,65.5149004292669,0.8290989652990015,1.0155404806137085,0.26666666666666666,27.570517857869465,0.9252246431590069
81004,-10.562904179096222,0.8228989988565445,0.9456389956176281,0.9361280798912048,0.010807516984641552,-9.386304020881653,2.0934014390297744,20.154649414509247,0.9292971446557166,1.0141905546188354,0.07692307692307693,16.765421408194083,0.973206348978532
81006,-9.947089105844498,0.7338623404502869,0.8625642657279968,0.9247922897338867,-0.00990705844014883,-7.581781595945358,5.387055043623285,46.87156996657946,0.8956831356825424,0.9874674677848816,0.2857142857142857,27.984372500715583,0.9288048868683234
81007,-8.048941940069199,0.6953970789909363,0.8451204001903534,0.9382855296134949,0.03079979680478573,-10.711265355348587,7.32151017655417,24.76167955054992,0.8903779702978954,1.042527675628662,0.10344827586206896,22.742830473801185,0.9200018103545738
82001,-14.958851039409637,0.7243257462978363,0.8547566533088684,0.8853232264518738,-0.031191572546958923,-13.70553970336914,-1.943214569781762,26.41588205852756,0.857197083351201,0.9580687284469604,0.3333333333333333,31.42419656117757,0.9259481325155074
82003,-8.378604054450989,0.7257353365421295,0.8661323189735413,0.9630755186080933,0.04719739779829979,-7.64487236738205,-2.4765429986162246,34.99316295313118,0.9012617576722582,1.0617351531982422,0.28,19.533002853393555,0.9323642547797383
83003,-7.167821377515793,0.6643112897872925,0.7875468879938126,0.9382539987564087,-0.004734574817121029,-7.672170549631119,-1.4302586709365528,-35.55632524957236,0.872676126800124,0.9937362670898438,0.3793103448275862,35.666136906064786,0.8888264165052022
83004,3.454188257455826,0.6380726993083954,0.8001647889614105,1.0486170053482056,0.11703573167324066,2.098827064037323,-6.931455901870357,-1.5095951262498455,0.8047267762814438,1.1675993204116821,0.2692307692307692,25.922542351942795,0.912373026470429
83006,-11.156269162893295,0.7195664644241333,0.8475145995616913,0.8951526284217834,-0.007111498154699802,-12.465596199035645,-4.978445953763558,2.546984784474902,0.8683279398845087,0.9898571372032166,0.25,29.121739523751394,0.920995680988426
83007,-6.052327901124954,0.7402158081531525,0.8778816908597946,0.923114001750946,-0.0006404556334018707,-7.976268976926804,-6.327295167783761,20.455454644832184,0.9006317722918696,0.9990985989570618,0.16666666666666666,21.264690160751343,0.9370573639949747
83009,0.9375096298754215,0.6931708455085754,0.8210594952106476,1.000878095626831,0.04748023301362991,0.8095900528132915,-6.221658753029093,23.866811041383983,0.8858541980327633,1.072372317314148,0.07407407407407407,22.540500428941517,0.9117348271321354
83010,-4.7988250851631165,0.76461261510849,0.8927870988845825,0.9303645491600037,-0.02053948864340782,-5.156620964407921,-2.5143048120617135,0.027654624856008666,0.9070882159665483,0.972035825252533,0.18518518518518517,18.102795989425093,0.9452139750549252
83013,-5.420449376106262,0.7009615898132324,0.8523459583520889,0.9566563963890076,0.07966504991054535,-4.8088740557432175,-15.132377261403487,32.803668050416896,0.847022786279261,1.1273298263549805,0.11538461538461539,19.055283986605133,0.9271269922112148
84001,1.970750279724598,0.7502663284540176,0.9082572907209396,0.9630812406539917,0.026966404169797897,0.10026816744357347,-14.191550780637952,33.553744057041776,0.9332615795693342,1.0304075479507446,0.37037037037037035,20.51751172101056,0.9534553655341994
84004,-5.454149097204208,0.7858563959598541,0.9297570213675499,0.958905816078186,0.03469472751021385,-5.765848234295845,-0.02962898914855091,-3.2378298091672373,0.9350257544282636,1.0360502004623413,0.08333333333333333,15.391640861829122,0.9648815763161067
84005,2.246720716357231,0.7937554717063904,0.9308999553322792,0.9801338911056519,0.04491627588868141,-1.1465086601674557,-4.879597808566325,3.865338377425878,0.9362744886559078,1.0500892400741577,0.44,16.705829620361328,0.965980203671137
84008,0.3988573793321848,0.627903938293457,0.812478631734848,0.9531515836715698,0.024800138548016548,-3.8015611469745636,-10.746735444146118,27.955620600491027,0.8868160897322123,1.035030722618103,0.23076923076923078,22.06391934995298,0.9031048406581721
84009,-9.589102119207382,0.6793725490570068,0.833195760846138,0.9315939545631409,-0.04146251082420349,-9.80258584022522,11.604609896224684,-20.266600948692755,0.8784514856455056,0.9482041597366333,0.16666666666666666,24.099761247634888,0.9139079259113424
84012,2.326241508126259,0.7348750233650208,0.8844745084643364,1.0153770446777344,0.06595592945814133,1.4705933630466461,-8.53497339451445,27.568112827362935,0.8963672195066572,1.0867117643356323,0.14814814814814814,18.589178721110024,0.945370615822965
84013,6.842372566461563,0.7746687829494476,0.9241932705044746,1.0318735837936401,0.06833535432815552,3.7217464298009872,1.8053520670606105,-12.010568063463701,0.9133517186984483,1.0730583667755127,0.3076923076923077,17.63295393723708,0.9660224433963049
84014,-8.070112019777298,0.7514632344245911,0.8724164068698883,0.9543181657791138,0.017932331189513206,-6.823083758354187,2.566127800781528,4.955518340827529,0.9161135347938368,1.0254735946655273,0.25,26.728502341679167,0.9344164270429194
84016,27.647101879119873,0.6279650628566742,0.7489385902881622,1.2156004905700684,0.15542560815811157,23.113152384757996,-3.396417691422794,-10.018014696771779,0.7028840314649503,1.190491795539856,0.15384615384615385,35.457911858191856,0.9257894680219294
84017,0.6942230742424726,0.72060227394104,0.8904350399971008,1.038156509399414,0.06904879212379456,2.71318219602108,-1.6858902185674378,57.43339532113658,0.9027573162426331,1.0743169784545898,0.34615384615384615,17.87735132070688,0.9502284514188305
84018,-16.039612889289856,0.788025289773941,0.9137758985161781,0.8945536613464355,-0.02567381039261818,-13.628335297107697,-0.39105173022149775,8.168235811008081,0.8832749474643978,0.972172737121582,0.20833333333333334,22.487990061442055,0.9583892923072401
84019,-2.1197188645601273,0.6726612746715546,0.8402593433856964,1.022934079170227,0.09936599433422089,0.8898401632905006,-9.941547184771064,-32.662184623143744,0.8531961892491178,1.1252872943878174,0.37037037037037035,29.595009485880535,0.9270035567402427
84020,3.9159275591373444,0.6728590428829193,0.8409822732210159,1.0209672451019287,0.08198339492082596,6.532469391822815,-13.906195499417787,27.8532103471472,0.8649307290133107,1.1107850074768066,0.07142857142857142,22.96618393489293,0.9256308886964806
84022,-12.759792804718018,0.693532794713974,0.8254233002662659,0.888910174369812,-0.03528217971324921,-13.532665371894836,4.413585330641605,17.92618439634864,0.8502859627226022,0.9567207098007202,0.07692307692307693,32.912349700927734,0.9094447867917091
84026,-1.9296474754810333,0.6955530643463135,0.8838614076375961,0.9848673939704895,0.06675482541322708,0.1628714962862432,-6.698436932725421,62.023499212818464,0.8871059430182829,1.0965113639831543,0.25,22.277820110321045,0.9434170612405303
84030,-3.6148380488157272,0.7426851093769073,0.8880965262651443,0.9404359459877014,0.01496055442839861,-5.247725173830986,-4.2773156070034,51.034680641954886,0.914503577750174,1.0213689804077148,0.14285714285714285,22.387095860072545,0.9425097541884258
85001,-1.35701484978199,0.7675787806510925,0.9385962560772896,0.9914006590843201,-0.04317411035299301,-0.6759558338671923,-15.466558607884117,-1.7025147479947167,0.957885973818428,0.9717122912406921,1.0,13.102483749389648,0.9700092002409636
85002,-11.815159767866135,0.742492139339447,0.8778852075338364,0.8946201205253601,0.003260570578277111,-12.910649180412292,2.403513270710201,10.933671635607793,0.8776270872727948,1.0046488046646118,0.14285714285714285,31.716275215148926,0.9379629192624216
85003,-12.809288501739502,0.7226598262786865,0.8731618076562881,0.8601163029670715,-0.02484181337058544,-12.939786911010742,-16.567927409922152,49.70067119416826,0.8420994813819948,0.9609976410865784,0.06666666666666667,26.31219863891602,0.9380004751355017
85004,3.5429734736680984,0.65631103515625,0.8093411326408386,1.0324195623397827,0.08936496078968048,4.03100773692131,-4.291348512944899,-4.713039806859214,0.855024488975757,1.1105895042419434,0.25806451612903225,29.53026063980595,0.9120407348486896
88001,-8.101872354745865,0.5901820361614227,0.7075144648551941,0.9368757605552673,0.027580823749303818,-9.089424461126328,9.989300744809984,36.03998605559136,0.8297624051463045,1.037608027458191,0.27586206896551724,28.298687112742453,0.84643631494784
89002,15.967169404029846,0.6432559788227081,0.7880696505308151,1.1163957118988037,0.10142265260219574,15.587711334228516,-16.870761304451477,41.31028077701424,0.7921583925624038,1.1501778364181519,0.3103448275862069,20.867239195725013,0.9157575553383134
89003,-6.288163363933563,0.7074766159057617,0.8687430769205093,0.9617208242416382,0.0405665747821331,-7.123108208179474,19.733339671632212,11.647786714627149,0.8999385378297019,1.0640963315963745,0.2962962962962963,21.71192522402163,0.9333767218548498
89005,-18.578366935253143,0.609710305929184,0.6923653185367584,0.8546156883239746,-0.008593248203396797,-13.142022490501404,-7.435250034230154,39.651199448930036,0.7775652690796002,0.9838980436325073,0.14285714285714285,36.76534039633615,0.832425125871274
89007,-3.529280424118042,0.5788223743438721,0.7817578315734863,0.9963579773902893,0.14601244032382965,-2.916448377072811,-16.34266992442942,43.32157509200466,0.7740289462858897,1.2031879425048828,0.06666666666666667,20.779576301574707,0.9011854625644176
90003,-8.521634340286255,0.7171151638031006,0.8767993226647377,0.8885048031806946,-0.027334172278642654,-9.591370820999146,-10.043806650203148,25.016286077068877,0.8674278429668272,0.9637948274612427,0.16666666666666666,24.153464635213215,0.9380856770359929
9002,-7.672495394945145,0.7509497106075287,0.9131482541561127,0.9281196594238281,-0.027863768860697746,-7.071058452129364,-0.6264438961253442,7.395803370342523,0.9106371483640258,0.9696837067604065,0.14285714285714285,18.73629093170166,0.9564126365172466
9003,-3.9018534123897552,0.7018193304538727,0.8774000927805901,0.9944294691085815,-0.017826223745942116,-3.211277350783348,14.858666022164249,4.0593807105931194,0.9334568307082103,0.9751272797584534,0.2962962962962963,20.258990040531867,0.9385320379972681
9004,-6.208868324756622,0.7246246635913849,0.8985603749752045,0.9382180571556091,-0.06462369114160538,-4.302722588181496,4.796466802437746,3.7740512689229897,0.9021141821894869,0.9426886439323425,0.1111111111111111,22.6179423155608,0.9502000669429008
9005,-16.379424929618835,0.641788512468338,0.8119515031576157,0.8184922933578491,-0.06727840006351471,-18.38643103837967,12.317837516454846,-21.144919033111982,0.7788479001451468,0.9133855104446411,0.32142857142857145,36.2217766898019,0.9080155779559252
92001,-2.627457119524479,0.7959281802177429,0.948677908629179,0.9463160634040833,0.04172094166278839,-4.6427171677351,-4.24306162539769,29.29657900946095,0.9335179925365371,1.0304806232452393,0.6666666666666666,10.746971766153973,0.9753256433818569
93001,0.09159382316283882,0.7272514700889587,0.8773373886942863,0.9732770323753357,-0.008428141474723816,-3.124537505209446,-7.234208030362938,6.741929047231119,0.9310411407964144,0.989001989364624,0.10344827586206896,22.5794216682171,0.9373880919787998
94001,4.607295244932175,0.8283484876155853,0.9654845222830772,1.0003654956817627,0.04529603198170662,2.421814389526844,-5.403296980341822,26.662266950739195,0.9612324489812819,1.03520667552948,0.36,8.482987403869629,0.9837741125648721
95001,-3.8061659783124924,0.7245290279388428,0.8892894759774208,0.9356325268745422,-0.020866358652710915,-4.537500813603401,-0.5530130745178847,48.71573877121889,0.9127241990376962,0.9839653372764587,0.32,22.616785049438477,0.9432833055582625
96001,-3.399895504117012,0.7075145542621613,0.8434865772724152,0.9613217115402222,0.023413367569446564,-4.565111920237541,-8.17282454141188,-13.894594505923072,0.9049512141246314,1.0329151153564453,0.4074074074074074,24.5555701079192,0.9196578760594681
96002,-11.091984063386917,0.7752066254615784,0.913945272564888,0.876166045665741,-0.06954438239336014,-9.708477556705475,-5.557115449324975,27.792058905061978,0.8499559666066586,0.9240738153457642,0.2,21.83563804626465,0.9624024177009523
96004,-6.984748691320419,0.6836692690849304,0.825804740190506,0.9138420224189758,-0.014341821894049644,-8.458256721496582,-10.436188894638281,-41.36401644116432,0.8729204515556053,0.9794966578483582,0.03571428571428571,28.060236998966765,0.9088647845638597
97002,-11.564571410417557,0.7240279018878937,0.8635660260915756,0.887680172920227,-0.04293220862746239,-10.59371754527092,13.071478805818625,27.989552953378983,0.8585630027667663,0.9483435750007629,0.16,26.419689178466797,0.9312956013968404
