basin,FHV_1%,mNSE,NSE,Alpha-NSE,Beta-NSE,FHV,FMS,FLV,KGE,Beta-KGE,Peak-Timing,Peak-MAPE,Pearson-r
10002,-11.48361936211586,0.7397256791591644,0.8981371372938156,0.912283182144165,-0.08441610634326935,-9.622076153755188,7.015521778836023,-8.385322103197339,0.8696333553580606,0.9161825180053711,0.3333333333333333,21.03069027264913,0.9522941134394921
10003,-2.475123479962349,0.7790276855230331,0.9335825368762016,0.9415290355682373,-0.09172476083040237,-5.422955751419067,1.8307365293470264,8.704618262049824,0.9009776198341704,0.92552649974823,0.28,14.940567970275879,0.9710124879926675
1001,21.06516808271408,0.7210822105407715,0.8387821465730667,1.0783015489578247,0.021672716364264488,15.721790492534637,-14.403644580079572,50.81033505218717,0.8907397033472843,1.025817632675171,0.2962962962962963,28.110806147257488,0.9283053021591221
101002,-25.82133412361145,0.5443652272224426,0.7718630880117416,0.7814968824386597,-0.20637066662311554,-22.86210209131241,2.490081959023903,62.5900927980926,0.6738091398405248,0.7744264006614685,0.25,41.53507709503174,0.9118330212096781
101005,-16.219399869441986,0.6838059425354004,0.847308337688446,0.8731109499931335,0.0052614957094192505,-12.797349691390991,2.6857095875516044,37.69342548672736,0.8507807735740158,1.0070382356643677,0.21739130434782608,27.676938927691914,0.9217950784013124
102001,-21.700146794319153,0.7324920296669006,0.8071185052394867,0.8723518252372742,0.007856221869587898,-15.24948924779892,-1.539733652747886,-379.86722665772373,0.8366006758567361,1.012972354888916,0.19047619047619047,35.41264533996582,0.8988219360787327
106001,-6.967279314994812,0.6948121190071106,0.8535614162683487,0.9359455108642578,-0.06718035787343979,-4.804705828428268,-6.061698397293002,44.733074281854186,0.8808725858056763,0.9316818118095398,0.4,32.555259704589844,0.9263726382615953
11001,-1.770242303609848,0.7925883680582047,0.9422578141093254,0.9659038186073303,-0.00025084451772272587,-0.99080391228199,-1.9094217711926118,4.571846417469812,0.9550510175038878,0.9997751116752625,0.34615384615384615,13.448606087611273,0.9707115915912904
11003,-13.594059646129608,0.7080546617507935,0.8677975237369537,0.8904606103897095,-0.013172825798392296,-11.233963072299957,2.3594377490696985,-23.380736885034363,0.870856163774799,0.9883039593696594,0.4230769230769231,27.698298601003795,0.9326022612223531
11004,19.60930973291397,0.7110859751701355,0.8272838890552521,1.1702709197998047,0.06274368613958359,17.348769307136536,7.777813954590688,4.706142363039851,0.8130572606220258,1.048871397972107,0.46153846153846156,18.217668166527382,0.9402757324287554
12001,-14.62879627943039,0.6967569887638092,0.8530258536338806,0.8864677548408508,-0.026209956035017967,-13.691672682762146,2.034936691301693,10.637962999461983,0.8616367770478836,0.97563636302948,0.391304347826087,27.195631939431898,0.9247588944234029
12002,-12.946942448616028,0.7179425358772278,0.880126491189003,0.9053063988685608,-0.0028225902933627367,-11.667942255735397,1.7691158357343344,9.273708348480943,0.8871896269604874,0.997201144695282,0.36,25.85636329650879,0.9387507667063731
12005,-14.408375322818756,0.6703167259693146,0.819850504398346,0.8340814113616943,-0.049538739025592804,-16.586245596408844,-8.305381427430445,17.350638173938748,0.8034619572780473,0.9452752470970154,0.125,26.830522219340008,0.9099809708952818
12006,-17.800481617450714,0.6674711406230927,0.831118643283844,0.8510655760765076,-0.032203711569309235,-16.7582169175148,-5.672787241561464,-9.264305332620374,0.8252283797229866,0.9677466154098511,0.20833333333333334,27.28482683499654,0.9144232753179349
12007,-21.2365984916687,0.6450668275356293,0.8150522261857986,0.8218596577644348,-0.01561089139431715,-19.536079466342926,-9.501679266588068,14.555777637262507,0.7984028491447087,0.9842954277992249,0.4074074074074074,33.25920458193178,0.9069366016462035
12008,-7.261484861373901,0.7215869128704071,0.8669361174106598,0.9374394416809082,-0.0043175905011594296,-7.850107550621033,-2.2416518348703107,4.793283577973277,0.9067245320347377,0.9934588074684143,0.125,25.690505901972454,0.931125459949217
12009,-8.471942692995071,0.6758767068386078,0.8560904115438461,0.9165681004524231,0.02625603973865509,-10.13014167547226,5.132420491462889,-10.736872538867384,0.8803355563300878,1.0428200960159302,0.11538461538461539,25.974974265465367,0.9256687374390885
13001,-9.652341157197952,0.760624036192894,0.8836542963981628,0.9224546551704407,-0.014718201011419296,-8.827943354845047,4.219695418146721,-7.968619015499903,0.9004423097159182,0.9816697239875793,0.34782608695652173,28.030038916546367,0.940313701980485
13004,-15.514399111270905,0.7195493578910828,0.8424771726131439,0.8971379399299622,-0.049309954047203064,-13.17840963602066,-0.6379282439852673,-35.41801685699638,0.8594943617743297,0.948283851146698,0.3333333333333333,33.28595161437988,0.9194601283888907
13005,-6.782803684473038,0.7744690924882889,0.9071740061044693,0.9594786763191223,-0.011820781975984573,-6.296601891517639,7.982945603014853,15.422831548797427,0.9355638704785028,0.9839052557945251,0.3333333333333333,20.025055749075754,0.9525553340846303
13007,-7.205600291490555,0.7309446334838867,0.8696307986974716,0.9314157962799072,-0.0077829002402722836,-8.830661326646805,-2.3644520852400386,-11.477613061976136,0.9033394123582252,0.9903512597084045,0.3333333333333333,22.683759530385338,0.9325731654745725
13008,-0.1657374552451074,0.750138446688652,0.8931140005588531,0.9892793893814087,-0.007811636198312044,-2.1787334233522415,-3.344019576359722,-11.17256764356708,0.9444441855957542,0.9920801520347595,0.34782608695652173,21.354685658993926,0.9460667724840147
14001,-7.761480659246445,0.798575758934021,0.9257653132081032,0.9878606796264648,-0.01686335727572441,-3.822432830929756,6.357710512294712,6.04841365360412,0.9574016533096051,0.9835116863250732,0.23809523809523808,17.001914978027344,0.9626450598477126
14002,0.9532536379992962,0.7712695747613907,0.9086437597870827,0.9984455704689026,0.02331744320690632,0.8020431734621525,-1.7957751043000947,12.426585001018616,0.9479189634799063,1.0253372192382812,0.30434782608695654,20.475690261177395,0.954524254430395
14005,-5.631328374147415,0.7747528254985809,0.9174649640917778,0.9749972224235535,-0.012254133820533752,-2.963835187256336,12.080454038386119,21.615259379125668,0.9488169326143975,0.9846183657646179,0.09523809523809523,17.129963920229958,0.9580718134340299
15006,-21.491113305091858,0.7823629081249237,0.9175181835889816,0.8999428749084473,-0.026329461485147476,-15.312482416629791,-5.573828815418064,-17.412798823912556,0.8902498343420006,0.978943943977356,0.56,23.888156964228706,0.9601212702666827
15007,-12.69073486328125,0.8006698936223984,0.9399746730923653,0.908233642578125,-0.021086324006319046,-10.210765898227692,-4.3730947505624655,23.19452513624408,0.9023566323984364,0.9821133613586426,0.6666666666666666,20.74619640003551,0.971835642378917
15010,-10.398594290018082,0.7500589191913605,0.8914236351847649,0.9019373655319214,-0.02629326656460762,-10.214362293481827,-0.7341246643973568,-15.611768491423684,0.8845506427307617,0.9727128744125366,0.18181818181818182,21.59593322060325,0.9455235225786925
15011,-32.46299624443054,0.6605977714061737,0.7873962968587875,0.7424154877662659,-0.06006650626659393,-27.294740080833435,-2.054508553332295,-33.86547426774551,0.7140926858039884,0.921488881111145,0.34615384615384615,39.55598244300255,0.9039311935178427
15012,-6.5644532442092896,0.6930811703205109,0.8812560141086578,0.9180416464805603,-0.05343781039118767,-6.893746554851532,-10.376254441835284,-46.105491045300525,0.8894802482276263,0.955704391002655,0.6666666666666666,30.10972539583842,0.9405412509064983
15013,-14.250479638576508,0.7269322872161865,0.8649193495512009,0.8911252021789551,0.020554883405566216,-13.527761399745941,-6.130131284064734,-3.0111221799586305,0.8682379419926735,1.0275633335113525,0.15384615384615385,26.329863988436188,0.9310958566159143
15014,-10.335055738687515,0.6600315868854523,0.823975995182991,0.9249323606491089,0.0356491394340992,-9.705789387226105,-3.890587938140694,-0.46610454514020977,0.8737897536136956,1.043999195098877,0.1111111111111111,28.7585837500436,0.9085781938166437
15016,-0.3672765800729394,0.8212602734565735,0.962796788662672,0.9759513139724731,-0.01147265825420618,-1.468988973647356,4.031038019402352,34.80360813633751,0.9681769037153327,0.9907901883125305,0.35,9.880948662757874,0.9813037563619321
15021,-3.3765163272619247,0.7552664577960968,0.8977642133831978,1.0261763334274292,0.047458138316869736,0.7303191814571619,2.154367060894236,37.45497282555507,0.9283398237334466,1.0459249019622803,0.7058823529411765,25.68689234116498,0.9516173191048232
15023,-7.743381708860397,0.7475442290306091,0.9035216495394707,0.9891923069953918,0.047895658761262894,-7.274587452411652,13.864533133363699,0.6605603797590174,0.9211809308204744,1.061926245689392,0.125,20.75353240966797,0.952452344610254
15024,-6.753780692815781,0.7689647376537323,0.9062997922301292,0.9259723424911499,-0.02371503971517086,-7.419749349355698,-2.8938377248239333,19.099764415354258,0.9070380610620337,0.9696448445320129,0.1,20.28006076812744,0.9526672148360894
15025,-9.74508672952652,0.7181890308856964,0.860063761472702,0.9461681246757507,0.024659626185894012,-7.2392962872982025,-1.8496407083954476,1.8554364205390268,0.9061180058683251,1.0267972946166992,0.3076923076923077,25.837426715426975,0.9279037932867468
15030,9.04114842414856,0.7889368683099747,0.9203206822276115,1.0764516592025757,0.052065592259168625,9.383156895637512,-1.9432482329917653,5.792446023107293,0.8990613103840006,1.0570296049118042,0.30434782608695654,15.494386009548023,0.966963852673597
15039,-20.13506144285202,0.6172303259372711,0.7981419563293457,0.8543326258659363,-0.0006700885714963078,-16.727466881275177,-0.2636028681902982,-30.550751783935215,0.8200107046228348,0.9992092847824097,0.20689655172413793,38.05368686544484,0.8942808563565717
16001,-1.9547510892152786,0.7462950348854065,0.9082700982689857,0.9881177544593811,0.012353065423667431,-3.051375225186348,-5.034467676114167,9.101298892019157,0.9508064401966013,1.0117518901824951,0.32,21.87055074251615,0.953732174849237
16003,-7.722601294517517,0.754914253950119,0.9014819636940956,0.9417984485626221,0.012608278542757034,-6.096504628658295,-9.12546487099752,4.235796674831032,0.9208899608018158,1.0181318521499634,0.07407407407407407,21.89336176271792,0.9495796306059511
16004,2.5507064536213875,0.7778859436511993,0.9309772476553917,0.9968037605285645,-0.011583670042455196,1.2521127238869667,-3.15491820134456,12.751505350736196,0.9634765703619219,0.988595187664032,0.4782608695652174,20.183396339416504,0.9654503947728743
17001,-10.912878811359406,0.6484064757823944,0.7635164558887482,0.8823179006576538,0.0017098822863772511,-8.701368421316147,-2.182290737311403,-42.42475955012264,0.8274478441587132,1.0028457641601562,0.34782608695652173,35.11633251024329,0.8738371227095757
17003,15.31713753938675,0.6274382770061493,0.7992197871208191,1.1870200634002686,0.06251570582389832,13.942939043045044,35.24689754395624,-86.81177099585389,0.7900574890690907,1.0667002201080322,0.2,27.764192581176754,0.9318059062727968
17004,1.1485126800835133,0.7390578985214233,0.8996812701225281,1.0101473331451416,0.03317343816161156,1.3006655499339104,-4.172898616388792,18.29458825870584,0.9391910147442388,1.0344659090042114,0.45454545454545453,19.979849728670988,0.9509401851370155
17005,-14.091911911964417,0.7656963169574738,0.8868448734283447,0.8783491849899292,-0.02554396353662014,-12.488207966089249,-3.6718042734495695,-8.874407635917294,0.8619506741564869,0.9658626914024353,0.16666666666666666,23.19812377293905,0.9443821994776075
17015,-8.315998315811157,0.7037928998470306,0.8367297947406769,0.9607860445976257,0.04902668669819832,-6.221139803528786,-1.1064511705980629,25.085480498646895,0.8844582731119116,1.0702645778656006,0.25,23.49892258644104,0.917084106159608
17018,-22.88895696401596,0.6101807057857513,0.7432311177253723,0.7754213213920593,-0.1652303785085678,-20.192916691303253,4.707940688380363,29.548639101071927,0.6868723384383839,0.8148338198661804,0.30434782608695654,41.510739533797555,0.8845580869683495
18001,-19.20000910758972,0.7263919115066528,0.848519429564476,0.8493875861167908,-0.03543911874294281,-18.009865283966064,-5.462794801984157,7.340251309812413,0.8258626696901151,0.9552449584007263,0.08333333333333333,27.029116948445637,0.9249220615415279
18002,-12.022238969802856,0.7120233476161957,0.8700854182243347,0.8916486501693726,-0.03893669322133064,-13.096851110458374,-2.4853119462235975,16.94011843580831,0.864991315871005,0.9530116319656372,0.19047619047619047,21.424572808401926,0.9345827006855907
18003,-3.16770039498806,0.7919925302267075,0.9399775788187981,0.9614046216011047,-0.03838152438402176,-3.26634980738163,2.6083700239322156,-3.2860821213327425,0.935348978959183,0.9574613571166992,0.5,18.986906607945762,0.9703248395200084
18008,-3.1501170247793198,0.8183615207672119,0.9303281679749489,0.9847453832626343,0.017828570678830147,-2.14273314923048,-4.167868266601564,30.344012646772867,0.9571772136339531,1.0192186832427979,0.2916666666666667,17.20302104949951,0.964903990045004
18010,2.696133032441139,0.791140228509903,0.9323483407497406,0.9892987012863159,-0.02167251706123352,0.6213991902768612,0.31058588559055744,29.341510617852823,0.9566862336531707,0.9752493500709534,0.1,13.56181263923645,0.96610354164403
18014,-2.5636229664087296,0.6947018504142761,0.8557426780462265,0.9812371134757996,-3.605176243581809e-05,-3.5906415432691574,8.978781238046569,-6.963896512878474,0.9243090791698145,0.9999550580978394,0.19047619047619047,24.912402743384952,0.9266715091821275
18017,,,,,,,,,,,,,
18018,,,,,,,,,,,,,
19001,-1.406058855354786,0.7529618144035339,0.8916620388627052,1.01143479347229,0.016829058527946472,-1.7157180234789848,9.327561844393891,-24.51307876084506,0.9408947733963952,1.0227210521697998,0.32,18.0516414642334,0.946648082523617
19006,12.17331662774086,0.6510343849658966,0.8574506938457489,1.0728317499160767,-0.0038469324354082346,12.05846592783928,-8.039860638702946,29.46985835883142,0.9029712395255509,0.9955697655677795,0.25,22.453784942626953,0.9360430645962016
19010,-35.303863883018494,0.17257070541381836,0.4935181140899658,0.5939884185791016,-0.38362282514572144,-30.90222179889679,-9.67453400723286,34.51453682326731,0.4217708880812555,0.622235119342804,0.09090909090909091,43.05322387001731,0.8363015071404276
19017,-0.5709615536034107,0.6696661710739136,0.8845805451273918,1.0467334985733032,0.07401879131793976,0.9519763290882111,28.62913806693552,4.367070226663493,0.8577953072257896,1.1240512132644653,0.2608695652173913,21.75450325012207,0.9485271795437556
19020,-14.431625604629517,0.713837593793869,0.8292290717363358,0.8209580183029175,-0.06057751178741455,-17.73557811975479,-2.2134107017296496,-8.071365388406827,0.7793185966818428,0.9006047248840332,0.15789473684210525,30.137074621100172,0.9177514143278194
20002,2.3069389164447784,0.7113412022590637,0.8621084541082382,1.0442825555801392,0.04255403205752373,1.9154930487275124,12.812205877851252,85.19630575778959,0.8952006371565981,1.069987416267395,0.35,20.28494358062744,0.9357837770661552
20003,-23.94958585500717,0.700806587934494,0.8633015900850296,0.821820855140686,-0.07846739143133163,-22.862957417964935,18.405719399191533,18.841329878233708,0.7776045691230322,0.8812602162361145,0.25,35.41356722513835,0.9398935630413726
20007,-9.144145250320435,0.694770336151123,0.850128710269928,0.9597604870796204,-0.06179456412792206,-7.27962926030159,5.113918378520752,6.831963817113987,0.87344308713082,0.9065350890159607,0.42857142857142855,30.29544467017764,0.9247554373416029
2001,-22.559121251106262,0.6710699498653412,0.7947025001049042,0.7981815338134766,-0.10489420592784882,-21.87565118074417,-7.1233435537605265,-37.68668502740694,0.7473088341179989,0.8822357058525085,0.28,32.71208953857422,0.9038038304043907
2002,-18.483145534992218,0.704848438501358,0.8402106165885925,0.8373105525970459,-0.07367229461669922,-17.0964315533638,-7.179510194950361,22.905686832238302,0.7966061959368531,0.9047712087631226,0.18518518518518517,35.18344384652597,0.9236281429153225
21003,1.4907251112163067,0.7817456722259521,0.9103338718414307,1.006553053855896,-0.002142752055078745,0.8577254600822926,-3.292967556666378,7.918400707094905,0.9549535627315476,0.9978965520858765,0.43478260869565216,24.22921553902004,0.9554824247895856
21006,-4.983459040522575,0.7611006945371628,0.8864471167325974,0.9757100343704224,0.017214886844158173,-5.392241477966309,-0.12877963792383126,12.536061213431088,0.9347898807527972,1.018136978149414,0.4583333333333333,25.649656852086384,0.9422643329859607
21008,-14.360111951828003,0.7235817909240723,0.7867827713489532,0.8974756002426147,-0.02370164543390274,-11.365149915218353,-0.24707002929228158,4.6850983300750135,0.8448654314805103,0.9704598784446716,0.47619047619047616,21.221750432794746,0.8873817820127998
21009,-17.180468142032623,0.7613045275211334,0.868427038192749,0.9062296152114868,-0.01729624718427658,-12.105488777160645,0.3638288116586771,22.632756776406854,0.882961468421996,0.9816028475761414,0.17391304347826086,21.668714025746223,0.9324228027124317
21011,-0.5473491735756397,0.6664704382419586,0.8562589585781097,1.0283219814300537,0.10081519931554794,0.8893054910004139,-4.6362620717549445,3.4754769217269317,0.8657310120421566,1.1142722368240356,0.375,21.829291184743248,0.935440861325985
21012,-12.736667692661285,0.7091197073459625,0.7915888428688049,0.924184262752533,0.01791829988360405,-9.166815131902695,-8.027204508398492,20.814191416078963,0.8646619878014031,1.024177074432373,0.25,29.01710271835327,0.8905293619120539
21013,-3.706669434905052,0.7134875655174255,0.7744008153676987,0.9713687896728516,-0.019721349701285362,-5.270108580589294,-4.11640593083235,17.82664573820818,0.8789059033744022,0.9775663018226624,0.34782608695652173,28.124112668244734,0.8844977782946998
21015,-5.189140141010284,0.6998547911643982,0.7704488188028336,1.0084173679351807,0.0028977387119084597,-6.4490944147109985,0.7780143792094791,8.031357299742373,0.8858504365821234,1.0037119388580322,0.5833333333333334,28.72025966644287,0.886221740848922
21016,8.070673793554306,0.6487216353416443,0.6155966222286224,1.1667262315750122,0.0970006212592125,9.584827721118927,9.714300842604098,34.84190368706271,0.7308957499497419,1.1499357223510742,0.2608695652173913,21.820096174875893,0.8512090719735614
21017,-3.584766760468483,0.6606512665748596,0.7884858399629593,0.9737770557403564,0.0493081770837307,-4.067040234804153,-2.2633798952135833,-10.723418293607702,0.869742035494359,1.0694962739944458,0.42857142857142855,30.029553458804177,0.8929964373845554
21018,-9.616010636091232,0.7273076772689819,0.8697358965873718,0.9318388104438782,0.020438067615032196,-10.83231270313263,-0.4771804027079269,3.416344618277552,0.901808525551064,1.0219674110412598,0.6956521739130435,31.021454023278277,0.9328207565918252
21022,-14.713481068611145,0.7159759104251862,0.7733222991228104,0.9327683448791504,0.011924747377634048,-10.6765016913414,6.902807051543397,7.469636753978985,0.8620973358582878,1.0182740688323975,0.5714285714285714,27.566782633463543,0.8809911442984103
21023,-41.360095143318176,0.6552848517894745,0.5221118330955505,0.6348912715911865,-0.041783228516578674,-36.00281476974487,8.060365523636891,50.29864227135384,0.5332413410156445,0.8920153379440308,0.21739130434782608,43.46313061921493,0.7300026390180242
21024,-14.79426771402359,0.6771239340305328,0.7676261812448502,0.8860140442848206,-0.02495604380965233,-14.358086884021759,5.952299562726006,-28.44977810378858,0.8278436295772978,0.9625176191329956,0.5833333333333334,28.796438217163082,0.8765492450352911
21026,-16.448742151260376,0.6493572294712067,0.7461717128753662,0.8508836030960083,-0.02702937088906765,-15.879790484905243,-3.0404784264017004,-10.448365361259413,0.7934768170245932,0.9551396369934082,0.4074074074074074,39.07461166381836,0.864339861744205
21027,-22.72832840681076,0.6895316541194916,0.6991147994995117,0.85567307472229,-0.018196307122707367,-18.171288073062897,8.249161309912264,32.87076736665276,0.7797234727313322,0.9687787294387817,0.3333333333333333,27.18887556166876,0.8365475011816287
22001,-8.749479800462723,0.768180251121521,0.8893533796072006,0.9776185750961304,0.004918568301945925,-7.259909063577652,6.014315149877927,9.350247501614351,0.9389000969631812,1.0077576637268066,0.18181818181818182,26.143702593716707,0.9436787018625912
22006,-10.412978380918503,0.8053014129400253,0.9295944198966026,0.8983756303787231,-0.012556014582514763,-10.225463658571243,-6.199038224436125,33.69870867903933,0.8898825320795835,0.9738051891326904,0.30434782608695654,20.194578170776367,0.9666506953009818
22007,-10.107421875,0.7764819860458374,0.9097442179918289,0.9574461579322815,-0.0188505407422781,-9.426714479923248,-12.459175385031545,29.202866032669693,0.9268860639689298,0.9623357057571411,0.4166666666666667,24.745680888493858,0.953997618470144
22009,-8.126714080572128,0.7442681193351746,0.8750037997961044,1.0142747163772583,0.001052150153554976,-6.390159577131271,5.532942913548607,2.4804075763452347,0.936827727488881,1.0016010999679565,0.4782608695652174,23.008935347847316,0.9384824824504392
23001,-14.795878529548645,0.7206010520458221,0.8834560215473175,0.9154762029647827,-0.013332516886293888,-11.238040775060654,11.90943793328192,11.682561598865165,0.8952049929971665,0.9832897782325745,0.2962962962962963,22.92345541494864,0.9403469219909252
23004,-13.897950947284698,0.7226012051105499,0.8592646718025208,0.9290373921394348,0.01549102645367384,-11.07439175248146,1.3074465458210247,39.12169001788733,0.8958121940437703,1.0224616527557373,0.2222222222222222,22.896863796092845,0.92709676721104
23006,-7.902323454618454,0.7341526746749878,0.880584754049778,0.933627724647522,-0.03634904325008392,-7.981649041175842,3.817188603186713,-2.7328829405750565,0.8972537398810205,0.9505583643913269,0.22580645161290322,21.5675784695533,0.9391145362068168
23007,-12.586228549480438,0.649134486913681,0.8596105128526688,0.9242095947265625,0.005979730747640133,-8.121798187494278,20.441309301082494,-16.503016236329064,0.894411490647509,1.0100693702697754,0.19047619047619047,31.392093138261274,0.9271758586858772
23008,-12.753358483314514,0.723920464515686,0.8546659499406815,0.9082064628601074,0.01070868968963623,-12.678934633731842,-15.253560254939034,10.600629782901905,0.8799789359321829,1.0175347328186035,0.3333333333333333,32.66521493593852,0.9246904023095435
23011,-2.345908433198929,0.6735310256481171,0.8326421529054642,0.9904729127883911,0.04607603698968887,-1.5184760093688965,-3.4630628051132373,-35.574788690734735,0.8928532811403105,1.0666311979293823,0.11538461538461539,23.29562627352201,0.9166337152431798
23016,1.4960432425141335,0.7330075800418854,0.8840410560369492,1.0748999118804932,0.018901299685239792,0.5241390317678452,-17.2887527038038,24.34492551157663,0.900905476519963,1.0398999452590942,0.1111111111111111,22.89058093366952,0.9488363199881865
24001,-13.440756499767303,0.770316481590271,0.9089379161596298,0.914655327796936,0.005091148894280195,-13.432712852954865,1.160535330055177,5.066666705275214,0.9028562226941454,1.0075539350509644,0.2608695652173913,25.415389434151024,0.9542163952812055
24003,-15.295377373695374,0.7448801696300507,0.877722755074501,0.8597379922866821,-0.03844616934657097,-16.07316881418228,-0.3034725793921388,-5.226823043361861,0.8353383899502468,0.9369034767150879,0.20833333333333334,28.16174626350403,0.9411880644276803
24004,-16.14338457584381,0.7548310607671738,0.875125415623188,0.908842146396637,1.9412232177273836e-06,-12.41266205906868,-2.976572936095499,2.887965662954821,0.8885451627170278,1.0000028610229492,0.16666666666666666,26.99298858642578,0.9358717965945076
24005,-7.161709666252136,0.7609768509864807,0.9002935439348221,0.9697149991989136,0.029196761548519135,-6.789321452379227,-10.532111780861571,4.028073964439972,0.9221385487621226,1.05094313621521,0.2727272727272727,22.536158561706543,0.9495022655171036
25001,-9.757979214191437,0.7014922201633453,0.8604484051465988,0.9571353793144226,-0.04854573681950569,-7.7416278421878815,13.764236452985932,2.0502811181893876,0.8950740295890648,0.935407280921936,0.14814814814814814,22.855002791793257,0.9292902821228911
25003,-12.032444030046463,0.5953347682952881,0.723328173160553,0.8493751883506775,-0.01957719773054123,-13.985241949558258,-25.81234235738276,-435.5616492999304,0.7858836883918746,0.9704794883728027,0.07142857142857142,36.15856170654297,0.8507133615974206
25006,-11.226703971624374,0.7188509404659271,0.8723151534795761,0.8856778144836426,-0.006928635761141777,-11.292152106761932,-16.503190975196276,24.221200047042764,0.868098455399947,0.9879482388496399,0.08,24.56727409362793,0.9353222571527268
25012,-7.768531888723373,0.7003070116043091,0.8566630035638809,0.8718535304069519,-0.04908241331577301,-11.657283455133438,-7.635293742192446,-53.51444655628025,0.8370016522140713,0.9289470911026001,0.06896551724137931,25.034154694655847,0.9285967238216737
25020,6.354992091655731,0.6966470777988434,0.8371969312429428,1.049425482749939,-0.06754170358181,2.8384938836097717,11.702451029910826,-35.64123009971782,0.8569776174479211,0.8881859183311462,0.19047619047619047,21.529245376586914,0.9257697184003753
25021,-6.037525460124016,0.6864385604858398,0.8358122855424881,0.9337716102600098,-0.07734879106283188,-9.022586047649384,28.064310347458438,1.4651520153999191,0.8350839389541109,0.8734012246131897,0.08695652173913043,28.026470930679988,0.9176358229938567
26003,-7.363902032375336,0.5067553520202637,0.7749633938074112,0.9356810450553894,-0.34822165966033936,-9.389757364988327,19.553660205479844,-51.579307750134674,0.7951828982419026,0.8129758238792419,0.2857142857142857,29.825527327401296,0.9467545799737512
26005,-8.50219801068306,0.508818507194519,0.7031360268592834,0.8909204006195068,-0.188286691904068,-11.402380466461182,18.872677681816146,3.3928985413621007,0.6922034706430567,0.7485411763191223,0.7,43.54891777038574,0.8599685589726361
26008,14.787594974040985,0.49498140811920166,0.603244423866272,1.1474002599716187,-0.3048156499862671,4.4835541397333145,21.787246667032697,16.32086477443786,0.7231199830523656,0.8004450798034668,0.45,37.36907720565796,0.8770628576443358
26009,17.123374342918396,0.7030187249183655,0.8685196340084076,1.016454815864563,-0.07799465209245682,7.983093708753586,12.355791955456695,-45.53136893715756,0.9188046635611579,0.949666440486908,0.8666666666666667,12.486465771993,0.9384495777348187
27001,-27.89316475391388,0.7740482985973358,0.8775461912155151,0.8200626373291016,-0.04200727120041847,-22.202524542808533,1.142897046391808,14.94254041909056,0.8027210760138072,0.9396486282348633,0.3333333333333333,31.079423427581787,0.9461554896924683
27002,-13.192623853683472,0.7405721843242645,0.8911763951182365,0.8899210691452026,-0.07159166038036346,-12.598489224910736,-2.4812941461083113,19.306748707449007,0.8481918991114334,0.9090012907981873,0.04,21.6884822845459,0.9485455210806499
27003,-8.4918774664402,0.8153928220272064,0.9429988339543343,0.8895295858383179,-0.06161967292428017,-11.86293363571167,-2.0635678354249993,1.3347174006447406,0.8707721472921536,0.9370317459106445,0.043478260869565216,12.787855189779531,0.9769538617689287
27006,-17.318807542324066,0.7724761515855789,0.9001950845122337,0.861497700214386,-0.025969358161091805,-13.718970119953156,-2.4733025743089403,10.231386768675822,0.8495028038184682,0.9637573957443237,0.16666666666666666,21.00155750910441,0.9535996481762821
27007,-10.999137163162231,0.7764109075069427,0.9157886430621147,0.9066821336746216,-0.03616376593708992,-8.606604486703873,-8.264905794415196,23.764746046045506,0.8872627778742639,0.9517573714256287,0.12,19.761791229248047,0.9590841611922518
27009,9.011058509349823,0.8055229336023331,0.9386114999651909,1.0059224367141724,-0.04959871619939804,5.298352614045143,3.4287165460621147,24.340181130231734,0.9371734710658738,0.9447264075279236,0.34782608695652173,14.365889715111773,0.9707266767088525
27021,-17.860081791877747,0.7986131012439728,0.9208183065056801,0.8474730849266052,-0.03148294985294342,-17.002464830875397,-5.048419812841206,-14.186861878373808,0.8396771872185699,0.962733268737793,0.25,21.056797107060753,0.9675942101257606
27023,-10.155752301216125,0.7584191560745239,0.7883181869983673,0.7963308095932007,-0.025393228977918625,-8.205870538949966,3.911025959942669,6.59830716188581,0.7647983389519615,0.9499519467353821,0.5714285714285714,26.930160955949262,0.8935393283732567
27025,-1.274531614035368,0.7296335697174072,0.8492350578308105,1.0301892757415771,0.0670316219329834,-1.133529655635357,9.023891483799812,-0.9538588876225557,0.8855593183366509,1.0848995447158813,0.4166666666666667,19.33271288871765,0.9294497019367948
27026,-8.521565794944763,0.7466838359832764,0.8986720889806747,0.9179866313934326,0.049218181520700455,-6.538139283657074,-17.635512335726123,9.501482857836846,0.8765181570086735,1.0774648189544678,0.09090909090909091,19.197630882263184,0.949792682379065
27029,-10.29360517859459,0.8040106743574142,0.9135019332170486,0.9084332585334778,-0.03264378011226654,-7.864045351743698,-0.5729610757747114,-14.631203685654393,0.8923070754914394,0.9623843431472778,0.20833333333333334,25.128849347432453,0.9575929226903355
27030,-8.476720750331879,0.7741176784038544,0.9019691646099091,0.9119716882705688,-0.00559621024876833,-9.475953876972198,-17.94163692781923,-20.323794542280954,0.8987530387084868,0.9926791191101074,0.2727272727272727,22.261173074895684,0.9505190116526835
27032,-17.76462495326996,0.6921661198139191,0.8429398536682129,0.8097139000892639,-0.051894403994083405,-19.181279838085175,-12.639878922280639,-42.92137869605558,0.7848911484498039,0.931156575679779,0.125,25.442326068878174,0.9270369879742367
27034,-8.701036870479584,0.7726694643497467,0.9033347219228745,0.9229430556297302,-0.014455574564635754,-8.028034120798111,-7.9314546379593995,23.91048374013494,0.9064313614306124,0.9796876311302185,0.36,21.412580490112305,0.9509620033143302
27035,-10.09347215294838,0.8058648556470871,0.911426804959774,0.8723622560501099,-0.04083164408802986,-10.218071937561035,-8.335273301543964,15.190059738930328,0.854736200317077,0.943678617477417,0.56,19.086475372314453,0.9595268028388224
27038,-34.228119254112244,0.23266065120697021,0.2708725333213806,0.6285808682441711,-0.3358486592769623,-41.307634115219116,5.67843204137746,-32.17237402827479,0.4422066450100277,0.8315292000770569,0.18181818181818182,26.573211496526543,0.6194755658173327
27041,5.396850034594536,0.7697232365608215,0.9223242551088333,0.9756717681884766,-0.10792303830385208,3.746217116713524,1.3511010005954214,-16.848791210467315,0.9069199860739037,0.9166483879089355,0.72,20.856142044067383,0.9664659144864844
27042,-10.084633529186249,0.7725853621959686,0.8879885748028755,0.8828901052474976,-0.040439069271087646,-6.913882493972778,-7.635353882906289,17.66978822430569,0.8648391656921487,0.9605399370193481,0.25,22.837769985198975,0.9452585430280193
27043,-2.841142751276493,0.7716978639364243,0.8923865184187889,0.9677638411521912,-0.020491791889071465,-2.6950081810355186,2.553529957173142,-1.968075964757929,0.9306590861835561,0.9724138379096985,0.2222222222222222,20.562355606644243,0.9451547991820073
27047,-5.537230893969536,0.720956414937973,0.9021677896380424,0.9346162676811218,0.03532382473349571,-4.928624257445335,-22.575695763946804,-37.830061131762314,0.8992501411621371,1.0586239099502563,0.07407407407407407,17.49935856571904,0.9506164117742866
27049,-26.964476704597473,0.7287282943725586,0.8476006835699081,0.808230996131897,-0.09479652345180511,-21.96333110332489,8.588163536106784,-13.101609602292372,0.7766903741720945,0.9065129160881042,0.32,35.914852142333984,0.9340302850962292
27051,-1.0390568524599075,0.7209794521331787,0.8654723018407822,0.9806855320930481,0.023550136014819145,0.3454972757026553,-19.803286073777024,71.47816925064129,0.9167473169122575,1.043797492980957,0.08333333333333333,21.455490589141846,0.9318843617121412
27062,-2.4356603622436523,0.7789819240570068,0.9308610633015633,0.9378899335861206,-0.07631544768810272,-3.9605554193258286,-1.53728084231614,16.157574518163884,0.8832402687686699,0.9063493013381958,0.21052631578947367,14.422529935836792,0.96830266371709
27064,-9.30950790643692,0.7237869203090668,0.8760811761021614,0.9273689985275269,0.0030225070659071207,-7.35410749912262,3.052769147664542,-10.901887637525082,0.9030948492179163,1.0049084424972534,0.22727272727272727,27.071057666431773,0.9360370961771188
27065,-14.954879879951477,0.8043664842844009,0.905937135219574,0.891812264919281,-0.023399628698825836,-12.667319178581238,4.572853498260763,-37.50401533846045,0.8788909369055903,0.9706917405128479,0.30434782608695654,25.796419641245965,0.9541323091104028
27071,3.6239877343177795,0.7531301826238632,0.8943630754947662,0.9148622155189514,-0.09518013894557953,-1.2635787948966026,-7.8327042374504785,-1.9551652409173952,0.8544877983653595,0.892566978931427,0.2692307692307692,20.863852134117714,0.9511788523045764
27073,55.44832944869995,0.6174176931381226,0.5219741463661194,1.2081594467163086,-0.05459539592266083,30.32052218914032,1.7600926386545632,29.714873063345642,0.7236977688043285,0.966971218585968,2.0,20.074740052223206,0.8213336424931356
27077,37.40291893482208,0.619274228811264,0.6800670623779297,1.3827260732650757,0.16914434731006622,33.32846462726593,9.828820509852457,-27.087139424641293,0.5600006984167474,1.2106581926345825,0.2,33.077877044677734,0.9476238211323396
27079,-22.629019618034363,0.7696191221475601,0.8961952328681946,0.8203637599945068,-0.09120163321495056,-19.503965973854065,-3.2478705637571244,-1.8488864384486614,0.7937583319373386,0.9062884449958801,0.2,24.83116558619908,0.9614696044574196
27080,-1.9383735954761505,0.8171602487564087,0.9365557283163071,0.9429749846458435,-0.05575444921851158,-2.9721206054091454,-4.471608235275691,-3.6188244334857345,0.9144474379632193,0.943864107131958,0.28,13.972095489501953,0.9697320296877517
27084,-5.798127129673958,0.7488979995250702,0.8862581625580788,0.9368112683296204,0.014407898299396038,-7.317721098661423,-2.823653494996626,-15.766715067354497,0.9109441966740152,1.0228025913238525,0.30434782608695654,21.959957869156547,0.941534949543829
27087,45.13762593269348,0.46381860971450806,0.6277818977832794,1.1584304571151733,-0.2932528257369995,31.730297207832336,18.210821677956186,4.2053379086040605,0.7438562299164295,0.8332453966140747,0.8571428571428571,34.07797132219587,0.8872954150865858
27089,0.07672217325307429,0.7635481506586075,0.9115756824612617,0.9833627343177795,-0.033316586166620255,-2.120348997414112,1.7369871411950752,23.822182022671626,0.9374460958017001,0.9590404629707336,0.125,18.316614627838135,0.9557449590733729
27090,-8.021919429302216,0.7335642576217651,0.885194942355156,0.9456979632377625,-0.00944720022380352,-7.427964359521866,3.4315016999768146,33.48016316633324,0.9185927837564252,0.9863430261611938,0.25925925925925924,24.188292468035662,0.9409076085644952
28001,-19.75492686033249,0.5550083220005035,0.7144654989242554,0.8111260533332825,-0.03137955814599991,-21.967490017414093,2.740328081561628,-325.5453164372933,0.7515184641269759,0.9496631622314453,0.65,47.098355293273926,0.8465858262616615
28003,-8.812429010868073,0.566509485244751,0.8372501879930496,0.932860255241394,0.11928535252809525,-9.407583624124527,1.5954328672734588,-41.783758875242974,0.8384406060279548,1.125042200088501,0.15384615384615385,23.523868047274078,0.9228110069285066
28008,-8.495181798934937,0.7792616933584213,0.910216398537159,0.9470625519752502,-0.034400664269924164,-7.691731303930283,-1.6443281955012143,-21.4042068199122,0.9236081406875005,0.9686704277992249,0.25,19.046413898468018,0.954703193583167
28009,-6.272966414690018,0.8423645198345184,0.9567696452140808,0.9482221007347107,-0.038088686764240265,-4.754317924380302,-2.4090064317198103,-18.01972713431646,0.9352978031733286,0.9671310186386108,0.68,12.44780445098877,0.979383174683392
28012,19.09012198448181,0.6090444326400757,0.7471078932285309,1.0726089477539062,0.017179664224386215,15.722306072711945,-14.133596985513314,27.96685551016605,0.8631501767780052,1.0127959251403809,0.8333333333333334,22.752947556345084,0.8847087205302868
28015,23.244430124759674,0.3308011293411255,0.5927524864673615,1.25251305103302,0.4009101390838623,23.701736330986023,2.6410030858625086,18.789102233436783,0.6325706481397579,1.2567468881607056,0.20833333333333334,16.517739494641624,0.9270443759109201
28018,8.653651177883148,0.8003543019294739,0.914780929684639,1.0779527425765991,-0.013983313925564289,6.3765741884708405,7.056323864342,-24.676656673412403,0.9129073972032393,0.9870560169219971,0.13043478260869565,15.542043810305389,0.9633810883725747
28022,-9.132151305675507,0.829147458076477,0.9406374394893646,0.9487937092781067,-0.041068315505981445,-7.313932478427887,3.993727317363797,-8.51890622155684,0.9315376290116677,0.9650245308876038,0.5833333333333334,13.84439468383789,0.9709874407847772
28023,-9.084723889827728,0.7895828932523727,0.9357189312577248,0.8839015960693359,-0.10253268480300903,-10.62116026878357,-6.027800777140981,-26.91214592244751,0.8609964440352549,0.9270360469818115,0.5714285714285714,17.38022963205973,0.9772094156381195
28024,1.8266532570123672,0.7854850143194199,0.9063409641385078,0.8988295197486877,-0.040675267577171326,-4.251473024487495,-5.503228957649059,17.984276754794237,0.8723972138684976,0.9369286894798279,0.08695652173913043,18.094829891038977,0.9545135762725975
28026,-10.47450453042984,0.7855180352926254,0.9132399931550026,0.9548807144165039,0.004804070107638836,-6.458572298288345,4.914188187035439,-14.753332944775646,0.9364226864139074,1.0062650442123413,0.18181818181818182,19.908547401428223,0.955648290988095
28031,-5.2774012088775635,0.7485990822315216,0.8862993717193604,0.9786951541900635,0.004624295514076948,-6.123533844947815,5.826284227275182,-9.201462877633194,0.9381413765829009,1.0051519870758057,0.34782608695652173,20.21091295325238,0.9421549495181822
28033,-20.356203615665436,0.6971766650676727,0.832466796040535,0.8425387740135193,-0.08979561179876328,-19.656530022621155,-0.47833997374240694,-16.251826164732535,0.7989901353600607,0.9039620161056519,0.2608695652173913,22.38831312760063,0.9200773271035678
28039,-12.99818754196167,0.6203648447990417,0.8588277101516724,0.8888952136039734,0.08855631202459335,-9.87931564450264,-15.799620191961921,2.151594378045433,0.798754608870959,1.1533756256103516,0.038461538461538464,27.408209213843715,0.9319459673552898
28040,-9.752655774354935,0.7423338294029236,0.8613757342100143,0.9286239743232727,-0.004507469478994608,-9.18302908539772,1.398171735045749,-31.949933242868227,0.8984883135155182,0.9934773445129395,0.2692307692307692,20.795460847707893,0.9281143935344771
28043,-21.196483075618744,0.7548468858003616,0.8876820951700211,0.8259366154670715,-0.04923587292432785,-19.762708246707916,1.987872096906607,-3.9084286137059223,0.80967332432802,0.9399635195732117,0.18181818181818182,31.161644242026586,0.9518149125221007
28044,-5.366368219256401,0.5011336505413055,0.7898660600185394,1.0354071855545044,0.05888950452208519,-3.4168317914009094,6.603620563251705,-0.7701673500435351,0.8925286760119322,1.0213769674301147,0.7619047619047619,18.686386517116002,0.9008060387203488
28046,-6.336405873298645,0.7913878560066223,0.9258238971233368,0.9224708080291748,-0.03860139474272728,-8.493061363697052,-0.6660864538357614,-8.390911984431867,0.91055041598474,0.9738391637802124,0.2727272727272727,19.368301738392223,0.963860504691744
28048,-18.7981978058815,0.7276488244533539,0.84052674472332,0.8762058615684509,-0.011676285415887833,-15.560981631278992,-3.815065756863354,14.189961052148323,0.8503809180831872,0.9824658036231995,0.22727272727272727,29.13245504552668,0.9178207269377479
28050,6.957096606492996,0.6376349925994873,0.6490307450294495,1.0872527360916138,0.006010629236698151,4.404668509960175,-0.9494890455837601,11.961031965168539,0.8195402918463903,1.0050233602523804,0.4166666666666667,23.504690329233803,0.8421157634113272
28052,-18.807487189769745,0.6946640014648438,0.8043748885393143,0.7991946935653687,-0.09510207176208496,-21.95337563753128,5.532801749152124,1.6189960553668268,0.7593359995571544,0.9039607644081116,0.3333333333333333,28.19269100824992,0.9084966927167462
28055,-3.6896932870149612,0.7788820415735245,0.8987772539258003,0.9819592237472534,0.02542521432042122,-2.907034382224083,-10.967556299154754,-24.77115677582654,0.9362859885947411,1.0335898399353027,0.17391304347826086,23.953717687855598,0.9489536652180733
28056,5.09381890296936,0.7389675974845886,0.8900066763162613,1.0503486394882202,0.06741045415401459,7.106855511665344,-17.119177037856108,-0.09007388495307261,0.8813060503837791,1.095672369003296,0.18181818181818182,17.414485324512828,0.9510095316772701
28060,-31.743139028549194,0.5854089856147766,0.6828235387802124,0.7417370676994324,-0.10799943655729294,-27.08183526992798,7.101693125405702,13.14545184501361,0.6737323613591661,0.8823752403259277,0.23809523809523808,46.45330338251023,0.8390178713788549
28066,12.256964296102524,0.5198956429958344,0.7751671671867371,1.139469027519226,0.21612626314163208,13.147680461406708,-8.520362986898425,11.054450382376118,0.6590031420397489,1.3032814264297485,0.18518518518518517,21.309675993742765,0.9303751202202681
28067,-23.42284917831421,0.8046389222145081,0.9247365593910217,0.8399015665054321,-0.02715771645307541,-17.98872798681259,-7.089112248683777,17.521356852085194,0.834914282562397,0.9721691608428955,0.2608695652173913,25.621250401372496,0.9708927829175493
28072,-14.1434907913208,0.6585797369480133,0.8091910034418106,0.8798381090164185,-0.016289105638861656,-11.083979904651642,21.488994529611613,-21.30081893712831,0.8425712142077652,0.9818519353866577,0.5,24.90443749861284,0.8999220788482435
28074,-10.978373885154724,0.7906830012798309,0.9384604394435883,0.9150660634040833,-0.058057285845279694,-8.935937285423279,4.596778188129159,-41.92192806613101,0.8911548542302693,0.9378848075866699,0.2608695652173913,20.02262654511825,0.9721576753231757
28080,-2.684634178876877,0.7218828201293945,0.8611645847558975,0.9866690635681152,0.03214404731988907,0.0029893681130488403,1.3569799872648054,-57.361312326546496,0.9252129958434656,1.0234827995300293,0.14285714285714285,15.432505948202952,0.9302580452611845
28081,-6.3470542430877686,0.5052827000617981,0.8259716480970383,0.915022611618042,0.16674990952014923,-5.506020039319992,-15.127828372702206,56.0028142830465,0.8024328496503091,1.1613765954971313,0.14285714285714285,22.175060619007457,0.9240446395121815
28082,-6.035873666405678,0.7679499238729477,0.9172726348042488,0.9487594962120056,0.016707899048924446,-4.902305081486702,-11.826325709193169,27.17982560793445,0.9299096049192507,1.0227476358413696,0.09090909090909091,22.15714454650879,0.9579331565510735
28085,-9.695108979940414,0.8244364410638809,0.9473780989646912,0.9155405759811401,-0.04377826303243637,-8.355306833982468,-4.013553270971702,0.5201109034788136,0.9028457129075598,0.9582948088645935,0.17391304347826086,18.5953078062638,0.9762042393018849
28091,-7.564781606197357,0.6503553986549377,0.8894447982311249,0.9842049479484558,-0.09434507042169571,-5.818623676896095,22.50128360174887,-17.144682624325053,0.9038219609074363,0.9203330278396606,0.2,23.246639251708984,0.9484839337567061
28093,-12.384360283613205,0.810398519039154,0.9408316500484943,0.8946346640586853,-0.03356030210852623,-10.514166951179504,-3.341814015722375,-55.52411010384978,0.8847102442153862,0.961249053478241,0.30434782608695654,21.117672712906547,0.9737657110918257
28115,23.81575256586075,0.5808592140674591,0.7315813601016998,1.2389626502990723,-0.09727238118648529,14.174944162368774,6.5282342787452246,-20.936412749437277,0.7431893847978113,0.9529606699943542,0.037037037037037035,17.57650728578921,0.9185393022667376
28116,4.33269664645195,0.4795845150947571,0.765819251537323,1.036619782447815,0.09697488695383072,4.306335374712944,-3.043496773123925,7.025353207952086,0.8717243039131968,1.059152364730835,0.38461538461538464,23.626255989074707,0.892228744617227
28117,-7.636822015047073,0.7708037048578262,0.9409579560160637,0.9521227478981018,-0.08328579366207123,-6.832143664360046,11.812780300546939,-6.656081376475672,0.9066829997116878,0.9242931008338928,0.2,16.585705280303955,0.9738409347905352
29002,10.677295923233032,0.6585098803043365,0.7992790192365646,1.0686489343643188,-0.14298786222934723,5.2551694214344025,7.240588447041538,-53.327709293025784,0.8692095947386035,0.9248595833778381,0.2727272727272727,23.365107826564625,0.917857613201638
29003,-9.55982431769371,0.6613653600215912,0.8626483678817749,0.9360775947570801,-0.1465354859828949,-10.150005668401718,6.3524124104901105,-27.744317578277084,0.8679138463097373,0.901030421257019,0.29411764705882354,33.136311699362366,0.9402865125111209
29005,-46.76223695278168,0.6500191688537598,0.682247519493103,0.5994852185249329,-0.12330446392297745,-44.26704943180084,3.3165713646902044,-20.380319928188648,0.5273686929729857,0.7788338661193848,0.29411764705882354,55.05923695034451,0.8814512613886385
29009,-0.5226441193372011,0.742686539888382,0.8694168925285339,0.8977850079536438,-0.05163690075278282,-3.3012952655553818,-14.964136238828422,-1.2501798399302246,0.855298220601323,0.9211918115615845,0.35,28.83462429046631,0.9345785218971483
30001,-12.758143246173859,0.6881380379199982,0.8780059665441513,0.8723757266998291,-0.15908925235271454,-12.88602501153946,3.7548376317874417,19.541119111548223,0.7967683144760025,0.8486993908882141,0.045454545454545456,21.004906944606617,0.9539208447567569
30004,-4.995039477944374,0.7028563916683197,0.8145474344491959,0.973604142665863,-0.03891997039318085,-3.1333833932876587,1.018044062601889,28.80452342856607,0.8944016733820507,0.9600173830986023,0.64,29.535278907189,0.9058955067713392
30005,6.608907133340836,0.5905159413814545,0.7321358919143677,0.9095252752304077,-0.23113839328289032,-0.5895494483411312,4.0127934597136,-46.78297268181152,0.7629035454521098,0.8124557733535767,0.2,34.451823234558105,0.8866147452768162
30011,-0.02755328023340553,0.7284943461418152,0.8949877023696899,0.9708111882209778,-0.016935240477323532,-0.9158515371382236,-0.7745754452267886,-22.171917813436696,0.9369928101736879,0.9840046763420105,0.6363636363636364,24.85774213617498,0.9465016929444127
30012,29.37585413455963,0.6067712008953094,0.6371541023254395,1.2368615865707397,0.1281535029411316,26.917096972465515,-17.697292188819507,89.3467521280108,0.6638528234239693,1.2076483964920044,0.45,35.73691050211589,0.8826387774368021
30014,-14.382044970989227,0.6680998504161835,0.7556357383728027,0.877349853515625,-0.01585480384528637,-11.601470410823822,1.0224663315203522,73.60999551475574,0.8185956227324305,0.9713274240493774,0.22727272727272727,35.752031077509336,0.8694535598051335
30015,-10.809358209371567,0.7439330816268921,0.8630510866641998,0.9147230982780457,-0.03737521544098854,-11.585625261068344,6.10434142501633,6.367915769464279,0.8863404288434173,0.9729888439178467,0.11764705882352941,27.94958282919491,0.9298804906227378
3003,-9.28802341222763,0.7258768379688263,0.8767837658524513,0.9104682803153992,-0.03254749998450279,-9.4456747174263,-7.547474649122457,12.52400881289953,0.8821570456459463,0.9559326767921448,0.06666666666666667,22.375276883443195,0.9373174339508659
31002,-2.5299876928329468,0.7741169780492783,0.9149828925728798,0.9752298593521118,-0.03980385884642601,-2.1743416786193848,-10.446164420690247,-266.62766777985024,0.9203230718391957,0.9372952580451965,0.1875,28.14972996711731,0.957538625201163
31006,7.92258158326149,0.5729513764381409,0.7815205007791519,1.0863789319992065,0.14762155711650848,12.36296147108078,-2.4193236978680317,-1288.5019021318337,0.849211321335843,1.0876994132995605,0.5384615384615384,22.62065227215107,0.91290970991625
31010,-5.288130044937134,0.755842924118042,0.8989172503352165,0.9758913516998291,-0.023870110511779785,-2.88953073322773,7.992208660111951,-81.38835718962703,0.9351251421311562,0.968281626701355,0.3181818181818182,26.08191100033847,0.9487997553137765
31021,2.0023642107844353,0.784788191318512,0.8644624650478363,0.94887375831604,-0.03565454110503197,-4.498697444796562,5.996004284529956,-169.49556678977498,0.8942250112759188,0.9386661052703857,0.2631578947368421,31.9082310325221,0.9306270297006866
31023,-12.582831084728241,0.43797725439071655,0.6837372481822968,0.8958832621574402,0.1351989507675171,-8.614498376846313,-84.36489413362187,-423.98100712248794,0.5319093142806276,1.427301049232483,0.16666666666666666,40.227437019348145,0.8397426810311768
31025,-8.947721868753433,0.7128387987613678,0.8620358407497406,0.9478746652603149,0.049807168543338776,-5.791844427585602,-25.876698323930547,-903.7224857895644,0.8608778704301392,1.108319878578186,0.2857142857142857,33.32691192626953,0.9299662915508827
32003,-5.6601691991090775,0.7405610978603363,0.8888256549835205,0.9532673954963684,-0.031883057206869125,-1.3290089555084705,3.0670203228801487,-16.088171927119635,0.900460079188284,0.9327921271324158,0.3333333333333333,24.262754122416176,0.9433664292479762
32004,-7.992205768823624,0.7266495227813721,0.8700614273548126,0.8749452829360962,0.01921261101961136,-11.893416941165924,-21.529979048177147,92.80442704831343,0.856536954898246,1.0265328884124756,0.47368421052631576,25.550839775486995,0.9348926357281606
32006,9.844474494457245,0.7690334916114807,0.7346113622188568,1.0763616561889648,-0.0436285026371479,3.370465710759163,2.7531369709167595,-5.351872869408989,0.8492201992672109,0.9492226243019104,0.3181818181818182,22.512297008348547,0.8803124739569199
32008,-7.006370276212692,0.7523691207170486,0.833248034119606,0.9691439867019653,-0.05585850030183792,-8.59045684337616,1.6236037144478581,-20.830365906440925,0.8843050166565187,0.9265897870063782,0.42857142857142855,28.391068322317942,0.9160704090178501
33006,-7.889273762702942,0.7022637128829956,0.8696784824132919,0.8728086948394775,-0.12014932930469513,-9.506606310606003,-7.569866132113738,7.105920004129941,0.8397551588569798,0.9210177659988403,0.631578947368421,24.61161864431281,0.9428809338600437
33007,-7.147893309593201,0.6881261765956879,0.8719046711921692,0.930849015712738,-0.10680530965328217,-6.980849802494049,-9.675017635825233,34.21558574794935,0.893877245558362,0.9464555978775024,0.47058823529411764,27.495429095099954,0.9398902887735491
33012,7.6980531215667725,0.7284997403621674,0.8420512229204178,1.036276936531067,0.04861944913864136,0.4567279480397701,-29.762762600570746,42.35802095367526,0.8598603840898998,1.1130603551864624,0.16666666666666666,28.970246844821506,0.9255657880510426
33013,-1.9259590655565262,0.6675634980201721,0.8576684296131134,0.9232683777809143,-0.1470705270767212,-5.018936842679977,-4.680381397880387,-10.968447943887531,0.8217474849054711,0.8516082763671875,0.75,25.523014068603516,0.9378219198878273
33014,-5.699367821216583,0.6728935539722443,0.9035487174987793,0.9438285827636719,-0.09457173943519592,-4.874345660209656,1.2860407018959168,20.867970606317776,0.8993046761814152,0.9293780326843262,0.09090909090909091,11.347209323536266,0.9553137844849681
33018,-10.987551510334015,0.7470299601554871,0.8033431470394135,0.9705778360366821,-0.041362736374139786,-10.264069586992264,7.849622032210184,-34.617295908229735,0.8807397422474511,0.9420260787010193,0.22727272727272727,27.71448005329479,0.9000181526668984
33019,-7.605068385601044,0.7423427999019623,0.9169945567846298,0.9273626804351807,-0.10955771058797836,-6.618006527423859,-1.8581137605539273,13.02634384028019,0.8859239104666085,0.9194930195808411,0.7222222222222222,19.994909233517117,0.964562729881411
33020,-45.477285981178284,0.7055298388004303,0.6573530435562134,0.610718309879303,-0.05132677033543587,-41.88154339790344,-15.323082825637849,77.43723148171556,0.5536699899163442,0.8455312848091125,0.0625,48.863571882247925,0.8456962098154218
33021,-5.864943936467171,0.7163190245628357,0.9001885056495667,0.9605648517608643,0.0537085197865963,-6.9605425000190735,-8.0551062873701,-37.4995042855638,0.911608342874548,1.0615911483764648,0.26666666666666666,23.314781188964844,0.9503564246411567
33022,3.9540868252515793,0.6976438164710999,0.9126273095607758,1.0289870500564575,0.1301123946905136,3.7265002727508545,-10.600452739377479,20.50671769968342,0.8746113406880225,1.117210030555725,0.19047619047619047,15.8091249920073,0.9661787707171136
33023,-0.44506536796689034,0.6148054003715515,0.8487820774316788,0.9671738147735596,0.051885757595300674,-1.3793817721307278,-11.023351483023456,-782.1613775921161,0.8943103416613801,1.065439224243164,0.058823529411764705,15.756169487448298,0.9237736700761049
33024,8.110816776752472,0.6454638540744781,0.8435828983783722,1.0440369844436646,0.1087588518857956,5.114523321390152,-7.610142924855488,0.8031300598014801,0.8629328274519172,1.110367774963379,0.3125,15.12201726436615,0.9316837644401619
33026,-2.37702839076519,0.7938333451747894,0.9353171810507774,1.001646637916565,0.019341962411999702,1.0745474137365818,-7.318568609915797,13.024774324697095,0.9593116815806156,1.0249481201171875,0.7058823529411765,21.56460020277235,0.9678998576017593
33028,-6.069773808121681,0.6932581663131714,0.7967381477355957,0.8956225514411926,-0.0459454245865345,-4.458943009376526,2.079626739132799,-25.16549996801957,0.8465482458613494,0.9629693627357483,0.08695652173913043,20.70159082827361,0.8937854954142994
33029,-8.406072854995728,0.7290747165679932,0.902576208114624,0.9785286784172058,-0.07693672180175781,-6.888378411531448,24.95785209018483,26.00185685523068,0.9227916662966044,0.9422423839569092,0.42105263157894735,28.379608455457184,0.9534793923968954
33031,-42.577311396598816,0.6668862998485565,0.6954407095909119,0.6310109496116638,-0.09704273194074631,-40.04955589771271,22.064870369120513,-189.89332925514756,0.5479326840045458,0.7712182998657227,0.14285714285714285,46.903592064267116,0.8740203485934439
33032,-14.372588694095612,0.5203853845596313,0.7575718611478806,0.9098680019378662,-0.20388378202915192,-14.746415615081787,14.400473945053033,-7.608526856861878,0.8227133288420951,0.8900500535964966,1.0,26.344962120056152,0.8940859028200432
33033,8.032316714525223,0.5478372275829315,0.8043074607849121,1.0601838827133179,0.16309098899364471,7.810913771390915,-7.940178289585122,-33.485450456508154,0.8614780447810759,1.0973453521728516,0.30434782608695654,24.048116932744566,0.921960812731252
33034,-14.21860009431839,0.6918677687644958,0.8588314056396484,0.8401771783828735,-0.13191956281661987,-16.369253396987915,2.502512395287207,7.6182250912172265,0.8014455260691513,0.8977075815200806,0.6666666666666666,20.81665727827284,0.9415465490340796
33035,15.425767004489899,0.63181471824646,0.820374608039856,1.0610332489013672,-0.033638302236795425,12.495395541191101,-1.2731096972332008,88.486600918553,0.894047574517146,0.9732035994529724,0.875,34.20139948527019,0.9176421715198443
33039,-1.3213055208325386,0.8090981245040894,0.9372361674904823,1.0075066089630127,-0.0368969663977623,1.163848489522934,5.164997510897893,-33.02939269775255,0.9464898331797669,0.9566396474838257,0.9473684210526315,21.780676590768913,0.9695554831754765
33053,3.21134552359581,0.7035091519355774,0.8747128248214722,1.005160927772522,0.020111510530114174,-0.34060694742947817,-6.567361751977052,80.65767403181631,0.929866409825328,1.0321674346923828,0.05555555555555555,27.751134571276214,0.93789250093083
33054,-12.771560251712799,0.3346914052963257,0.6096053123474121,0.9378350973129272,-0.4996229112148285,-13.950425386428833,21.080061517054965,-50.250699261779666,0.7841878689799838,0.8066539168357849,0.7692307692307693,24.2489374600924,0.9270089533273853
33058,-26.399913430213928,0.7113997340202332,0.8506426215171814,0.8406805992126465,-0.06675901263952255,-22.788099944591522,19.297300751148757,-15.807370995545908,0.8018368951721102,0.906015932559967,0.2777777777777778,31.80910481346978,0.9289159672274061
34002,-8.723355829715729,0.7071574330329895,0.873932883143425,0.8449366092681885,-0.15310430526733398,-12.459864467382431,-14.563711641552715,5.012279999145077,0.7701506066703722,0.8368322849273682,0.19047619047619047,29.20165289015997,0.9534985459718953
34003,-4.790766537189484,0.6077403724193573,0.8525816649198532,0.9804197549819946,-0.1730215847492218,-6.174992024898529,8.073648855946832,-24.849176164667927,0.8982402478836953,0.9199665188789368,0.4166666666666667,19.652454058329262,0.9402814680735446
34004,40.13170301914215,0.4325483441352844,0.49722427129745483,1.3132973909378052,0.053521763533353806,35.185569524765015,22.18058734794971,38.415382303746966,0.6501701462292047,1.0288074016571045,0.9047619047619048,31.102089654831662,0.8470431268931455
34005,-0.48726326785981655,0.3826945424079895,0.6653604805469513,1.077897310256958,0.2093057930469513,3.066485747694969,-3.8846441770572837,9.801962771257203,0.7362514985700845,1.214585781097412,0.3181818181818182,30.262615463950414,0.8679082757623671
34006,-12.33050748705864,0.7599154710769653,0.8560579270124435,0.8364318013191223,-0.060452233999967575,-11.589834839105606,-3.0416618900352597,-35.11094453422892,0.7988574933830486,0.9046178460121155,0.23809523809523808,27.23679996672131,0.9321325037365104
34007,-11.70969009399414,0.7400157451629639,0.8879516050219536,0.8922322988510132,-0.06454697251319885,-10.367801785469055,-7.747746240756179,-1.3177010911923945,0.8343550687824173,0.8863602876663208,0.25,30.83962440490723,0.9460520472319938
34008,-14.119349420070648,0.13136202096939087,0.413784384727478,0.7893010973930359,-0.5754982233047485,-18.898296356201172,-4.911240970356635,42.100754184453834,0.6812551836946549,0.8014999032020569,0.18518518518518517,31.251935605649596,0.8665760818557764
34010,11.277808248996735,0.7230134904384613,0.8304961919784546,0.9950528144836426,-0.060599833726882935,4.674350097775459,-9.969000850234355,-0.22343678738346093,0.8768936728238008,0.9095058441162109,0.3125,21.355369091033936,0.916684329822292
34011,-7.464481145143509,0.6693173944950104,0.840627446770668,0.8852686882019043,-0.14650999009609222,-8.944732695817947,-10.107036298029124,-7.573089916727009,0.8354374169766982,0.9053765535354614,0.5714285714285714,23.2830320085798,0.9295445303502854
34012,-18.592581152915955,0.46508288383483887,0.7267570495605469,0.8837451934814453,-0.33576500415802,-16.089126467704773,6.384740777205443,-6.7562942460815085,0.7899678005063427,0.8461095690727234,0.3333333333333333,27.47824788093567,0.91683702714252
35003,-31.850343942642212,0.6811210215091705,0.7131905257701874,0.7282158732414246,-0.06872016936540604,-26.64281725883484,-10.758794430742734,-0.6824441996977769,0.6620818035811171,0.8589937090873718,0.38095238095238093,44.011597011400305,0.8570338437386924
35008,-12.645359337329865,0.7370399534702301,0.8611934334039688,0.8765017986297607,-0.05316844582557678,-11.071719974279404,-17.836071706428676,-7.897331707436947,0.8280296092516011,0.9021273851394653,0.4090909090909091,33.45966961072839,0.9311308428043854
36003,-13.121101260185242,0.6104582250118256,0.8597291558980942,0.8902931809425354,-0.12153173238039017,-10.144643485546112,2.375296944271899,-3.4734319733807038,0.7833381113411005,0.8243694305419922,0.3888888888888889,28.660043080647785,0.9362764492405676
36006,6.377332657575607,0.730311393737793,0.9193608686327934,0.978771448135376,0.028114549815654755,3.143666312098503,-14.460390551375463,64.99400627992408,0.941528150303666,1.036375641822815,0.22727272727272727,18.266155503012918,0.959439939908576
36009,-20.50757259130478,0.733912855386734,0.827675074338913,0.8075087666511536,-0.02180580049753189,-18.112148344516754,-23.48078554525325,-12.09270998475472,0.7845506415247769,0.9510180354118347,0.4,29.554438591003418,0.9165355267415599
36010,-9.918022155761719,0.6499259173870087,0.8598374277353287,0.9523422718048096,0.052138034254312515,-4.433375597000122,-51.11133249494235,-11.37490825534173,0.827082935694883,1.1503080129623413,0.17647058823529413,34.96216403113471,0.9290313216236491
36011,-16.555283963680267,0.7032435834407806,0.8718706518411636,0.9005404710769653,-0.03157217055559158,-12.84051239490509,12.615186314860285,-61.814674075414175,0.8680635013966446,0.9427483081817627,0.20833333333333334,26.991780598958332,0.9349055643386408
36012,-0.2519543981179595,0.3777068257331848,0.567545473575592,0.9294367432594299,0.04851965606212616,0.7439552340656519,-39.32523189063487,48.50851356769356,0.7515145791083202,1.066805124282837,0.52,32.353736877441406,0.771301712810449
37001,2.4030711501836777,0.7566985040903091,0.9398882202804089,0.9473300576210022,0.04117504879832268,0.04981231177225709,-24.962208556174055,11.513925298449957,0.9060018547751008,1.0721044540405273,0.2631578947368421,22.228539617438063,0.9706320551786174
37003,-17.156898975372314,0.6782174706459045,0.8464585542678833,0.7690765261650085,-0.04743175953626633,-20.12709230184555,-26.227573424343394,44.04235577902871,0.7466303639743732,0.9174529314041138,0.25,29.825496673583984,0.9363093165528534
37005,-7.239452004432678,0.7470831871032715,0.9057473912835121,0.9081882834434509,0.010187927633523941,-6.682512164115906,-22.489142589633342,46.24200077025839,0.8955959303974605,1.0156103372573853,0.2916666666666667,25.451546907424927,0.9528074600893057
37008,-6.983302533626556,0.7812695354223251,0.9267055988311768,0.9447486996650696,-0.0033463400322943926,-5.588740482926369,-0.8292814991963054,-1.215386556115237,0.9332246218567257,0.9950281381607056,0.23529411764705882,13.399605190052705,0.9628311215217952
37009,-17.599284648895264,0.6750397086143494,0.8531717956066132,0.8357522487640381,-0.005747475661337376,-10.211928933858871,-8.081768751449289,2.524990245632547,0.8206377699132918,0.9925782680511475,0.28,21.579975128173828,0.9283173403779814
37010,-9.616181254386902,0.669513463973999,0.8673154413700104,0.8721562027931213,-0.05749358981847763,-12.316044420003891,-11.855309140896136,24.680827389940173,0.8361324671406933,0.9205693602561951,0.2631578947368421,21.816728115081787,0.9351979528794628
37011,-6.474990397691727,0.7429866194725037,0.882844902575016,0.9634878635406494,0.035299841314554214,-3.168104961514473,-6.0445006765189975,42.42211654325172,0.9031237726753893,1.0672049522399902,0.2222222222222222,28.1964635848999,0.9405410922885054
37018,-1.5449805185198784,0.6855946481227875,0.8279829174280167,0.9916898012161255,0.008469932712614536,1.7523746937513351,2.3068685436913015,-14.195206154425255,0.9120705875434417,1.0123637914657593,0.3333333333333333,25.68508607369882,0.9133417122733246
37019,-2.263368107378483,0.6925392746925354,0.8231361508369446,0.9662992358207703,-0.03428999334573746,-2.7513565495610237,-1.1209424132666723,-26.06230593901114,0.8900737266975323,0.9471763372421265,0.25925925925925924,32.40440509937428,0.9096799872190707
37020,-10.939612984657288,0.750216007232666,0.9100945666432381,0.9093860983848572,-0.07375407963991165,-10.313715040683746,10.463644358506937,1.094661668576327,0.8395410755228176,0.8743880987167358,0.0,19.730590449439156,0.9580734268695995
37031,-22.84887582063675,0.6324392557144165,0.7388707101345062,0.7317712306976318,-0.001857113791629672,-17.51636117696762,-21.65583019528292,28.15512036168822,0.7022156766622232,0.9954847097396851,0.2857142857142857,36.80951254708426,0.87073885851448
37033,-10.013562440872192,0.5762590765953064,0.8212973773479462,0.8834978342056274,0.08587343245744705,-11.113455891609192,-41.079316190959624,71.84549486142139,0.7899166191685609,1.1503047943115234,0.27586206896551724,26.339059040464203,0.9107209930960328
38001,-10.86590439081192,0.6695926785469055,0.9014086499810219,0.8985407948493958,-0.07119178771972656,-10.226012766361237,6.757731018912471,16.14301048805974,0.8593454205535086,0.9142981767654419,0.09523809523809523,18.829646564665296,0.9536865256782702
38003,-7.5990937650203705,0.5203810036182404,0.8124755322933197,0.8725005388259888,0.04136284813284874,-9.89266261458397,-16.328488921722975,-11.600051528173008,0.8378514238753333,1.0243827104568481,0.6666666666666666,28.5585812159947,0.9028324561884414
38004,-7.371211796998978,0.6130408644676208,0.8614635020494461,0.9926854372024536,-0.00943548884242773,-5.946891754865646,31.189518670992356,-1.8301141666289662,0.9280608115505817,0.9837920069694519,0.11764705882352941,23.413321706983776,0.9302931497787816
38007,-1.0694516822695732,0.6620163321495056,0.8061059266328812,1.0030766725540161,0.07677648961544037,-2.4176178500056267,-9.415787121398244,10.038149285825902,0.8468351370110241,1.1211159229278564,0.14285714285714285,27.702469485146658,0.9062933163869265
38012,-31.244516372680664,0.5310028791427612,0.5682134926319122,0.6537038087844849,0.02832239307463169,-26.609385013580322,-38.78406006457277,-85.88265136535618,0.5754214784145797,1.061140537261963,0.17857142857142858,42.188262939453125,0.7620762650667087
38014,-21.477636694908142,0.6418541073799133,0.8405725508928299,0.7840431928634644,0.030072880908846855,-21.605904400348663,-34.68091728180148,35.70960401029401,0.7660726636696586,1.0547136068344116,0.15384615384615385,33.490379040057846,0.928648214029562
38017,-0.006691252201562747,0.3535926938056946,0.6384217739105225,0.9842492938041687,0.19898246228694916,0.9540049359202385,-11.586716198518673,90.0675536162026,0.7752247546565587,1.1535005569458008,1.0,24.546536803245544,0.836557639545723
38018,-3.477185219526291,0.615570604801178,0.8562880158424377,0.9137673377990723,-0.08627184480428696,-3.970794752240181,-5.113218309877309,2.672436301404482,0.8774885369284385,0.9489768147468567,0.34615384615384615,18.309167715219353,0.9295044602808187
38021,-17.9926797747612,0.7176221311092377,0.8244633376598358,0.8341713547706604,-0.026673195883631706,-17.465846240520477,4.757260512375373,-786.0605397286815,0.8023030156881468,0.938462495803833,0.08695652173913043,37.889588397482164,0.9116931848342966
38026,-2.99358107149601,0.7421879768371582,0.900233194231987,0.9459742903709412,-0.06852810084819794,-3.5645417869091034,-0.5624605511849675,32.70055392423549,0.8682219055453874,0.8901169896125793,0.21739130434782608,27.40775813227114,0.9512925785391648
38029,-6.1133723706007,0.5348619818687439,0.8409637659788132,0.9818071722984314,0.08323026448488235,-3.2228518277406693,47.381960962303474,-40.517196553478094,0.7580744536440757,1.2285223007202148,0.29411764705882354,20.540781815846763,0.9227047926882059
38030,-8.286482095718384,0.6103040277957916,0.8564504832029343,0.9291807413101196,0.06978894025087357,-6.107008829712868,-10.034203451703885,-17.65235874387211,0.8749412921524307,1.0738310813903809,0.30434782608695654,26.903538081956945,0.9280744521894586
39001,-4.915792867541313,0.7857798337936401,0.9382392652332783,0.9426456093788147,-0.04148157685995102,-3.376339003443718,-0.6983438792869152,39.56271334260911,0.9215114996463155,0.95567387342453,0.8636363636363636,18.4400428425182,0.969898287971309
39002,-7.071489095687866,0.8067830950021744,0.931428961455822,0.9351062178611755,-0.08923599123954773,-4.621879011392593,4.709540376009838,21.603624201407776,0.8838208667559023,0.908473789691925,0.7777777777777778,15.577214294009739,0.969844720732339
39004,-12.423983961343765,0.3207973837852478,0.6289256811141968,0.750130295753479,0.1680866777896881,-19.52001601457596,-17.108241054294474,28.845334462219625,0.6529625610274209,1.1518933773040771,0.125,28.773975372314453,0.8131082749837116
39005,10.239748656749725,0.46521657705307007,0.7323069870471954,1.1545839309692383,0.20541536808013916,14.69016820192337,5.778027999850907,74.31247838857932,0.7646768980473274,1.154462456703186,0.13793103448275862,18.477466188628096,0.9126952460175157
39006,-13.745635747909546,0.7809131145477295,0.9103824198246002,0.9362323880195618,-0.11659946292638779,-11.590240150690079,7.484125957769239,14.91876765545905,0.8865737391831995,0.9144285917282104,0.8888888888888888,16.028602917989097,0.9615715939495816
39007,-9.003043174743652,0.7993202656507492,0.9308578819036484,0.9292013645172119,-0.047570448368787766,-7.319334894418716,-2.7555952418415397,2.3016692247257864,0.9110724033796779,0.957722008228302,0.2,19.460683822631836,0.9667097301573829
39008,4.754211753606796,0.7958988100290298,0.9342013746500015,0.9502180814743042,-0.09201783686876297,-0.853708665817976,5.28484299619271,4.714742822739575,0.8919317718398717,0.9085264801979065,1.1578947368421053,12.109183010302091,0.9711365681079583
39010,-0.7519704289734364,0.6228503286838531,0.855379045009613,0.8756633996963501,-0.03394947201013565,-3.4180328249931335,-27.031237772179566,8.75839896148027,0.8544075464128993,0.9801238179206848,0.47058823529411764,13.566116725697237,0.9269075260208521
39011,-4.062844812870026,0.738580584526062,0.915819525718689,1.0035367012023926,-0.03307390585541725,-6.011433899402618,0.5878209692084357,-35.47048954490072,0.9495628283753281,0.9713955521583557,0.2727272727272727,21.361916715448555,0.9586093538371742
39012,-19.014135003089905,0.4743584990501404,0.7638132274150848,0.8172471523284912,-0.2567620873451233,-17.584247887134552,-4.499128323307954,29.365098272269357,0.7451285271412853,0.8433168530464172,0.3333333333333333,27.311363926640265,0.9162667580596161
39014,18.041980266571045,0.3931303024291992,0.668930321931839,1.1801245212554932,-0.1319693773984909,17.818978428840637,-9.372825234666724,-24.05327740755249,0.7641732684914219,0.9052678942680359,0.375,29.62745428085327,0.8808562537097043
39015,-16.848091781139374,0.6093446910381317,0.8353656530380249,0.8510672450065613,-0.18029211461544037,-14.941713213920593,-7.1792002527816114,22.01443640569441,0.8125584461259271,0.9062932729721069,0.6470588235294118,23.626434101777917,0.9354057284388835
39016,3.3667977899312973,0.7700232565402985,0.9193752780556679,0.9574387073516846,-0.0883813127875328,-1.7552852630615234,0.3227424036194845,-48.972668160490514,0.9208632965152652,0.9445356726646423,0.3333333333333333,12.997259034050835,0.9629208603151101
39017,-18.675772845745087,0.6219096481800079,0.7516349256038666,0.8806434869766235,0.07106363028287888,-9.389691799879074,-81.65958021289971,-97.99055072903946,0.72719412644021,1.2079952955245972,0.3333333333333333,34.12453234195709,0.8699422263482254
39019,-14.037525653839111,0.7407291233539581,0.9135226011276245,0.8994316458702087,-0.09016094356775284,-13.244172930717468,-8.733156225640899,-17.89664149906536,0.8807884506806624,0.9484387040138245,0.6666666666666666,11.130287912156847,0.9620680557449559
39020,5.512016266584396,0.7760543674230576,0.8748582452535629,0.9546486735343933,-0.1228637546300888,-1.0731671936810017,-3.0652537652080554,-16.60811717806592,0.8916939396451571,0.9195360541343689,1.3333333333333333,16.254453659057617,0.9434401793396617
39021,-8.089866489171982,0.7974756956100464,0.8894751518964767,0.9236443042755127,-0.03824327886104584,-4.939764738082886,-1.801233843306837,-2.252184509666618,0.8979898514738777,0.9618822336196899,0.42857142857142855,22.096872329711914,0.9441169612590085
39022,-5.066037550568581,0.7274041175842285,0.889668233692646,0.973213255405426,-0.07469339668750763,-3.502688556909561,3.2679720873784026,-26.238597915727446,0.9169172837138829,0.9423078894615173,0.16666666666666666,23.63759676615397,0.9465506927910194
39023,-10.680002719163895,0.537455290555954,0.7987746596336365,0.9055750966072083,0.06267105042934418,-12.231142073869705,-6.230027961798414,-28.561773998323808,0.8568593354825109,1.0274710655212402,0.15789473684210525,20.907819898504957,0.895987846782705
39025,0.44139986857771873,0.7826828211545944,0.8706898838281631,1.0135787725448608,-0.030200671404600143,1.1698244139552116,-9.696856288062108,-11.008960938522373,0.9226802676961992,0.957648515701294,0.18181818181818182,19.666225259954278,0.936751998312968
39027,-38.25153708457947,0.6091070771217346,0.6373564600944519,0.7729981541633606,-0.12858428061008453,-28.552842140197754,1.0873948096809674,-27.61749156884325,0.6855571214524756,0.8949399590492249,1.0625,32.532256841659546,0.8094563733644359
39028,22.057998180389404,0.5871791243553162,0.8148376196622849,1.1459747552871704,0.2734593451023102,19.08498853445053,-13.07875384535282,-76.26826330996062,0.7787783764546172,1.1616168022155762,0.5384615384615384,20.49720837519719,0.9611363050583568
39029,-0.22250632755458355,0.5414097607135773,0.8105054646730423,0.953602135181427,0.02778206206858158,-1.652088575065136,-21.178082380351288,-13.762836210128803,0.8909889923616537,1.0126943588256836,0.22727272727272727,12.56095604463057,0.902176223848137
39034,11.272041499614716,0.8472485393285751,0.9512976072728634,1.0120676755905151,-0.01740540936589241,8.453096449375153,1.3473685868664094,-2.049204123073311,0.9689083144259059,0.9841017127037048,0.5238095238095238,15.222308749244325,0.9761607764655624
39035,17.311662435531616,0.7537640631198883,0.8997895047068596,0.9839837551116943,-0.07943961769342422,10.378105193376541,4.240870091189844,78.97236741369767,0.9127388112679609,0.9286292791366577,1.1111111111111112,15.113370948367649,0.952416230056318
39036,-0.9353766217827797,0.12745684385299683,0.3788676857948303,0.8905611038208008,0.17288857698440552,3.779025375843048,-57.022385774122775,44.69365976681397,0.6504417126699331,1.0666557550430298,0.8181818181818182,21.695165200666946,0.6747752553020424
39037,-15.36920815706253,0.7565462738275528,0.90623389929533,0.9766068458557129,0.009473542682826519,-10.316170006990433,6.439162784277423,-15.658062706302678,0.9461988277229744,1.0085994005203247,0.6666666666666666,30.2673598130544,0.952320058848035
39042,0.16249922337010503,0.7778674960136414,0.901087298989296,0.9578530192375183,0.004687791224569082,1.9652696326375008,-7.226631403844872,34.700309615485544,0.9339219782709023,1.0044809579849243,1.4,17.640597025553387,0.9493062332847968
39049,6.341096758842468,0.7293066382408142,0.8516826927661896,1.0337172746658325,-0.013849573209881783,3.0835645273327827,0.33153423096213885,-70.99424638222386,0.9189999522956916,0.9807814359664917,0.07692307692307693,18.08444353250357,0.928902883928397
39052,1.2729724869132042,0.6773029267787933,0.8669002205133438,1.018770456314087,-0.018580550327897072,1.3330288231372833,-8.271401975155646,56.76429232372142,0.9283299902625924,0.9763001799583435,0.1111111111111111,18.106193895693178,0.9350186273189451
39054,-1.1439332738518715,0.650013267993927,0.8364578932523727,1.0287811756134033,0.09217958152294159,3.1192265450954437,-24.990201058587413,-23.15089598764373,0.7780696110736576,1.2068986892700195,0.375,37.1684193611145,0.9250488569956673
39056,-10.827495157718658,0.5578249990940094,0.840708315372467,0.8952061533927917,0.13265743851661682,-7.218465209007263,-30.008446624076097,36.67894781510576,0.7903077599003203,1.1663103103637695,0.26666666666666666,25.09309450785319,0.926993384286126
39061,34.13483202457428,0.5591983795166016,0.5698310434818268,1.1669175624847412,-0.12749402225017548,26.599153876304626,6.774821615977182,72.68658413271417,0.7498184559364833,0.914168655872345,1.5555555555555556,20.888633728027344,0.8345844242841749
39065,2.4551836773753166,0.5270152688026428,0.8134830743074417,0.9071288704872131,0.11028449982404709,1.9979489967226982,-20.544794462299407,67.94313243611722,0.849675572497008,1.0750192403793335,1.5,13.509822885195414,0.9086517631257764
39069,-3.577691689133644,0.7256509363651276,0.8808738589286804,0.9251493811607361,-0.08004563301801682,-6.1884090304374695,-0.18266200088812792,21.90895545958203,0.8395987744633282,0.8704834580421448,0.3076923076923077,30.579556359185112,0.9421086934650408
39072,-7.630341500043869,0.8138801753520966,0.9401583895087242,0.936077892780304,-0.044683076441287994,-6.770007312297821,-0.2694369418820162,-2.203200662795262,0.9203298361246312,0.9620955586433411,0.75,12.37636923789978,0.9712849769987657
39078,-12.517735362052917,0.7327342331409454,0.8867460638284683,0.8852930068969727,-0.06725694984197617,-11.715961992740631,5.537208310451125,7.533177541457568,0.8547390658470547,0.9290816187858582,0.23809523809523808,22.863265446254186,0.9460219680776153
39081,17.67735779285431,0.7702706903219223,0.9015318304300308,0.9943623542785645,-0.09033951163291931,13.697417080402374,-0.15364679393479103,14.458551851304344,0.8972684282417002,0.9080139994621277,0.45454545454545453,23.2945593920621,0.9546065148760657
39087,-2.0020052790641785,0.7405366599559784,0.8525257855653763,0.9638939499855042,-0.06824471056461334,-4.4886332005262375,1.888094948096529,-14.272890378934678,0.8917535679065368,0.929112434387207,0.48,26.28151575724284,0.9265929413829471
39088,-8.283183723688126,0.42302799224853516,0.7269831597805023,0.9203991293907166,0.2806357145309448,-9.572673588991165,-10.471231353173707,-1.2667959579107106,0.7792304392769261,1.178831934928894,0.625,24.985961616039276,0.8979116099172344
39095,-15.450604259967804,0.603431910276413,0.8320695906877518,0.8859493732452393,0.09413845837116241,-11.902406066656113,-19.15765036127455,14.815853729215709,0.8075611376997917,1.1312637329101562,0.3333333333333333,18.55285785816334,0.9175681937433373
39099,-8.999969810247421,0.7762870490550995,0.938118003308773,0.9411907196044922,-0.02798738144338131,-9.065697342157364,1.37043065506196,82.43061538447066,0.9284476134917153,0.9731006622314453,1.25,13.472065329551697,0.9693791217956325
39101,-20.046091079711914,0.7456562519073486,0.8946631923317909,0.8975481390953064,-0.06023066118359566,-14.031657576560974,-4.965648187943083,-53.70247709812639,0.866073155894949,0.9302996397018433,1.2222222222222223,21.94349898232354,0.9491878405948825
39105,-2.6047153398394585,0.7852679044008255,0.9323743581771851,0.9858185052871704,-0.029382335022091866,1.097278855741024,-1.697536085248578,-25.02802042519956,0.9487405931549762,0.9641291499137878,0.5555555555555556,21.623190244038902,0.9662406440833632
39108,-30.172085762023926,0.7231774628162384,0.8533880859613419,0.777805745601654,-0.12382251024246216,-27.448469400405884,-8.096379334897446,82.24153905662995,0.7485695420926077,0.8947644829750061,0.9333333333333333,25.045102834701538,0.947345708319584
39114,-36.226263642311096,0.557986855506897,0.6714072525501251,0.7642292380332947,-0.0649668350815773,-30.22480010986328,-5.21943043195054,-11.557252038376827,0.6966726650444109,0.9258697628974915,1.0,36.863884925842285,0.8241468570652627
39120,-21.16043269634247,0.626945823431015,0.8048382550477982,0.7166764736175537,0.0012113539269194007,-24.811065196990967,-38.39415287504012,-69.38932590339554,0.7055476656835438,1.0023224353790283,0.5,41.63642883300781,0.9198466290382267
39125,-10.11413261294365,0.2063259482383728,0.4761292338371277,0.9482642412185669,0.3422156870365143,-9.731599688529968,-51.06314211100178,33.48538894409423,0.39332462849447547,1.5656695365905762,0.7142857142857143,33.81126267569406,0.7869357068205035
39127,46.28346860408783,0.15996605157852173,0.24695271253585815,1.4711464643478394,0.3843589425086975,41.539186239242554,14.015216308805009,84.48003426730594,0.44840338969292615,1.255549669265747,0.5,48.05509150028229,0.8697149426336568
39141,-3.2019808888435364,0.6803838610649109,0.8689388036727905,0.9842650294303894,-0.016041100025177002,-4.91533949971199,7.627829287127722,-12.454678769370812,0.9303740159394969,0.9858007431030273,0.1,20.80088745463978,0.9336782881618644
39142,43.51215064525604,0.6970344185829163,0.37776362895965576,1.3802053928375244,0.15053856372833252,26.152315735816956,-0.677407165117065,-43.84311996660892,0.578397623441794,1.0775959491729736,1.0769230769230769,24.2689114350539,0.8351628323200853
39143,41.62381887435913,0.7084911465644836,0.6295196115970612,1.2675130367279053,0.10983441025018692,26.701337099075317,10.210599822572899,-30.229019536842106,0.6985041739517843,1.0808221101760864,0.5,24.213333129882812,0.8868439360361325
39144,-20.38387805223465,0.6601625084877014,0.8328641504049301,0.751012921333313,-0.13040757179260254,-19.083665311336517,-27.579676090668215,4.681406136155002,0.7175722105675393,0.8803010582923889,0.5238095238095238,29.16335832504999,0.9413224552762017
40003,-9.080099314451218,0.738965630531311,0.8956281766295433,0.9395568370819092,0.03708650544285774,-8.499637246131897,0.03819830549075457,-4.898833214172068,0.8942718190035011,1.0687761306762695,0.10526315789473684,26.749005317687992,0.9471330333527044
40004,34.14558470249176,0.743696004152298,0.8252283483743668,1.2176735401153564,0.0822034552693367,24.02116060256958,-8.861709859112452,-42.89593596917632,0.7321707516885901,1.1479767560958862,0.22727272727272727,43.83712436841882,0.9504660132833855
40005,-8.565902709960938,0.7932407110929489,0.9179235324263573,0.9170508980751038,0.005906588397920132,-8.594387769699097,-18.166102542595656,91.30622744193013,0.9061923286273555,1.0154914855957031,0.26666666666666666,19.921504749971277,0.9590202541217084
40006,-2.0823029801249504,0.2989789843559265,0.6280364096164703,1.0365334749221802,0.18092745542526245,3.709292411804199,-33.31622287299696,48.534362364958056,0.6315968852192078,1.3283590078353882,0.7333333333333333,103.82391214370728,0.8370076009021907
40007,-2.4801941588521004,0.68253293633461,0.8880587518215179,1.004706859588623,0.09367673099040985,-0.3860895521938801,-14.662833076947951,16.74345926157586,0.829470763033425,1.1625523567199707,0.4,22.36924625578381,0.9486697218203654
40009,17.63773262500763,0.5548823475837708,0.7904983162879944,1.1882762908935547,0.035433024168014526,15.997287631034851,29.40348496886735,77.43344181021618,0.7904016636351625,1.0565403699874878,0.21052631578947367,18.752000331878662,0.9272903895213904
4001,4.0823958814144135,0.645930826663971,0.8597745150327682,0.953769326210022,-0.021476946771144867,4.185721650719643,-15.084092572371697,41.334037335555976,0.912865305358407,0.9841979146003723,0.5357142857142857,28.922401155744282,0.9278510297493362
40010,0.6984982639551163,0.7211413979530334,0.9038575366139412,0.9784058928489685,0.050520703196525574,-1.104234717786312,-9.867757188528085,-3.9449665989599514,0.880573367067949,1.107385516166687,0.2,22.989906583513534,0.9524104411929379
40011,9.013105183839798,0.7879755049943924,0.9365263730287552,0.9793124794960022,-0.000886445224750787,5.115791410207748,-10.671083270427673,-8.23351203757961,0.961727954267857,0.9991709589958191,0.125,13.872890472412108,0.9678116687146832
40012,-11.323697865009308,0.574333906173706,0.8437060713768005,0.9104380011558533,-0.23492194712162018,-11.204925179481506,24.504751710775537,23.94291019446617,0.768716913173093,0.7929801940917969,0.2631578947368421,17.67427795811703,0.9488794114181619
40013,-43.8691645860672,0.6119334697723389,0.7501563280820847,0.6197879314422607,-0.0976506844162941,-40.84389507770538,-13.367420496796404,45.379217123896034,0.5878820798629992,0.8610262870788574,0.47619047619047616,39.92633819580078,0.9227583652554909
40016,-18.75208467245102,0.542648583650589,0.7719611525535583,0.7486709952354431,-0.006676362827420235,-16.499316692352295,-31.86712741778267,37.21850532123249,0.7255692393894932,0.9946819543838501,0.23076923076923078,34.0154794546274,0.8899196106286721
40017,-33.633604645729065,0.7127807438373566,0.7929774075746536,0.7477231025695801,-0.03771153837442398,-30.727115273475647,11.953112008615953,-35.3369135921174,0.7208229592675898,0.9273003935813904,0.13043478260869565,43.21334673010785,0.9050739534081058
40018,20.103880763053894,0.2166624665260315,0.5867760479450226,1.104207158088684,-0.4960649609565735,11.640045791864395,40.17263562034626,-32.98505193583627,0.6692178908923767,0.6941412091255188,0.1,24.64409828186035,0.929232267567994
40020,-18.1615948677063,0.704959899187088,0.8068663775920868,0.842758297920227,-0.023084193468093872,-18.26215386390686,-9.239967713468323,26.864276444036893,0.8095976708617989,0.9598984718322754,0.14285714285714285,36.08985814181241,0.9004009964561844
40021,6.978493183851242,0.6734922528266907,0.7604607045650482,1.0543688535690308,0.04781739413738251,2.7594050392508507,12.684168013691638,3.0628013611150915,0.8498524892124208,1.0851081609725952,0.631578947368421,40.20413850483141,0.8888923778800109
4003,-18.095895648002625,0.6982686221599579,0.8432450890541077,0.8578770756721497,-0.05273441970348358,-17.174135148525238,-5.367410352346266,17.638979907466947,0.8261790526812602,0.9372649788856506,0.34782608695652173,34.595709261686906,0.9220313317218618
40033,5.175470188260078,0.6357830166816711,0.8560064285993576,1.1435437202453613,0.057305917143821716,6.8530939519405365,34.34723675447949,-98.07797146438404,0.8433259049178508,1.0344125032424927,1.3,24.278528690338135,0.9474856965340182
4005,8.3359956741333,0.7181499898433685,0.8708932846784592,1.0028326511383057,0.004200261551886797,4.1990965604782104,-13.063614209335745,50.00556981332469,0.9353502240138569,1.0054395198822021,0.13793103448275862,21.83016744153253,0.9356417740608222
4006,6.049630418419838,0.7672633081674576,0.9112656265497208,1.008122205734253,0.0448111817240715,2.8259268030524254,-6.835697170870869,38.50633505683201,0.9297296776291387,1.054996132850647,0.17857142857142858,18.354880809783936,0.9570189186782228
41001,-41.90849959850311,0.6767942309379578,0.7055113315582275,0.6516422629356384,-0.038522426038980484,-36.45809888839722,0.355697314686343,-671.1831047300983,0.611829905037466,0.8905641436576843,0.2631578947368421,43.144933800948294,0.8682931171227418
41003,-17.680063843727112,0.7449536025524139,0.8347640186548233,0.7915197610855103,-0.05206773430109024,-22.480998933315277,-18.99902702606864,15.274413403443129,0.7464958300572884,0.8769400119781494,0.09090909090909091,39.69685927681301,0.9247896715300186
41004,23.95475059747696,-0.10465562343597412,0.24555295705795288,1.3709189891815186,0.48862165212631226,18.5597226023674,59.55345287551926,10.85076751270449,0.12545378427093756,1.7798924446105957,0.21052631578947367,40.01744671871788,0.8620943737554795
41005,0.6583071779459715,0.750715360045433,0.9178754016757011,1.0378329753875732,0.0617518313229084,2.6421822607517242,-4.816891678907573,-39.4087665475821,0.8825110288010448,1.104883074760437,0.3,17.00216474987212,0.9629613046192393
41006,-8.18457379937172,0.7303570806980133,0.8599415123462677,0.9546214938163757,0.010588728822767735,-6.779372692108154,3.339542024963581,-44.46683442493477,0.9114091949578657,1.0239430665969849,0.15789473684210525,24.81126308441162,0.9277791479108105
41009,28.965207934379578,0.755701869726181,0.9071556329727173,0.9732025861740112,0.02707057073712349,19.081328809261322,-7.219565569668266,25.082234715629646,0.9407160611895344,1.0243251323699951,0.5833333333333334,13.579057653745016,0.9530450008166974
41011,-20.023375749588013,0.7464905977249146,0.8591004759073257,0.8756194710731506,-0.036882057785987854,-14.576469361782074,16.985305614240005,3.515586097520753,0.8519018649762862,0.9620085954666138,0.3333333333333333,27.108040310087656,0.9291537241419144
41012,-7.474295794963837,0.775178849697113,0.8980411142110825,0.9370400905609131,0.0013693197397515178,-10.060637444257736,-9.90563295412608,35.76080908747075,0.9181072163479457,1.002894639968872,0.3333333333333333,25.908461484042082,0.9477113886476725
41013,-17.998962104320526,0.7016819417476654,0.8092034757137299,0.866844654083252,-0.015292331576347351,-14.302195608615875,6.6389380137275396,-685.0682509591347,0.8302263167177699,0.9660211205482483,0.2,35.38881937662761,0.9003095132913402
41014,-12.799303233623505,0.7815846651792526,0.8857025429606438,0.8029654622077942,-0.08642669767141342,-17.00047105550766,-14.718552764437378,-27.14874884427524,0.7373350229017916,0.8315450549125671,0.13636363636363635,25.96362570057745,0.9576536591119831
41016,-29.197385907173157,0.7170507311820984,0.8063371181488037,0.7942665815353394,-0.005853091366589069,-21.606412529945374,4.659241306246549,31.96837707921857,0.7729236389260539,0.987134575843811,0.18181818181818182,39.329511469060726,0.9047533982406127
41019,91.1614179611206,0.6112558841705322,0.051632821559906006,1.6605461835861206,0.17188803851604462,76.74179673194885,-11.321875246396688,-61.171695635515775,0.263586131765848,1.291336178779602,0.42857142857142855,53.277756951072,0.8547162926839427
41020,1.2365507893264294,0.7242499887943268,0.6987887024879456,1.1126623153686523,0.030327217653393745,-2.915092557668686,-7.8802163779194965,-3.0944995096845793,0.8151655924657376,1.0690523386001587,0.09523809523809523,33.23538953607733,0.8707609368721471
41022,-6.520389020442963,0.7495052516460419,0.8589468747377396,0.9550893902778625,0.021989820525050163,-3.449453040957451,-0.8473662116312795,11.742447687506967,0.9040145309372907,1.043989658355713,0.19047619047619047,26.441287994384766,0.9274661640107057
41023,-40.862736105918884,0.7361135184764862,0.8302354514598846,0.7395482063293457,-0.037611041218042374,-36.73487901687622,-73.47998573457299,-164.70665625806484,0.7182361516108882,0.9167078137397766,0.5,27.921257019042965,0.932043093502032
41025,-0.22882022894918919,0.7901419103145599,0.9087610170245171,0.9647940993309021,0.010610966943204403,-6.613044440746307,-9.19152996408316,54.96528512222568,0.9362348063118765,1.0256227254867554,0.13636363636363635,19.383706217226777,0.9534165219976879
41027,-33.992475271224976,0.6962360739707947,0.7781635373830795,0.7418513894081116,-0.051872167736291885,-28.322210907936096,8.62184473344279,-8.27517311965122,0.7103008441798428,0.91802579164505,0.45,37.92795658111572,0.8972132066023631
41028,7.006147503852844,0.5921967625617981,0.5922019183635712,1.1067488193511963,0.058124084025621414,7.705548405647278,20.86795139180097,31.077311289558736,0.7623241319390488,1.1164802312850952,0.47619047619047616,38.93221074884588,0.8224419431695
41029,0.576632795855403,0.7406812012195587,0.8580300658941269,1.0537928342819214,0.04238029569387436,1.2050051242113113,-3.04124551767955,24.515859556843818,0.8737292054004959,1.0938504934310913,0.34782608695652173,25.405967235565186,0.9348637625323002
42001,-2.093905583024025,0.5938717126846313,0.8385485708713531,1.0037990808486938,0.1479763388633728,1.1466678231954575,-19.43220052717144,41.785485272521726,0.7214847075743944,1.2696762084960938,0.28,22.66518211364746,0.9304940457888894
42003,-51.26042366027832,0.7101854383945465,0.7431901395320892,0.632624089717865,-0.06934025883674622,-46.702203154563904,-1.989304470504975,41.131961213112994,0.6012850787596968,0.8756935596466064,0.24,49.46290969848633,0.9074989845963727
42004,6.359242647886276,0.7267211675643921,0.9128273501992226,0.9182217717170715,-0.10499966889619827,2.7249734848737717,-6.976471162180308,9.568391450134609,0.8972656566134247,0.9506433606147766,0.15384615384615385,11.885057962857761,0.9621768742886972
42006,-3.1858302652835846,0.7936013340950012,0.9343665987253189,1.0361052751541138,0.03195439279079437,1.1607622727751732,8.482295487735552,4.177713480202024,0.9459473716263567,1.0261670351028442,0.6153846153846154,13.049449370457575,0.9694486986517522
42008,-42.49671697616577,0.7023021280765533,0.7796130329370499,0.6981831192970276,-0.14195780456066132,-38.38074505329132,3.04069483293464,-3.4637152844641106,0.6743204118863733,0.90584796667099,0.7777777777777778,18.87768109639486,0.9218388891033255
42010,-19.20415312051773,0.6854548752307892,0.8948148265480995,0.8610897660255432,-0.18675488233566284,-16.863928735256195,0.012801220618700315,-8.67993937648217,0.83789830798528,0.9218748807907104,0.4166666666666667,13.49013646443685,0.9703795476109647
42011,4.024539515376091,0.659796267747879,0.8502201288938522,1.007555603981018,-0.023344604298472404,2.2915013134479523,3.499146361478965,26.601009176694863,0.9217926789535699,0.9759392142295837,0.30434782608695654,24.314934274424676,0.9259704349475728
42016,-9.862096607685089,0.6294269561767578,0.8813742622733116,0.855401337146759,-0.1431255340576172,-11.488339304924011,-15.310953185314663,-16.700924288994997,0.8394272956238071,0.9467377662658691,1.1,15.44651746749878,0.9548562900351576
42017,-13.446249067783356,0.5715624094009399,0.8022963106632233,0.8682392835617065,0.07133395969867706,-11.088812351226807,-20.33355425108389,90.29995297647714,0.7957446126826906,1.119052529335022,0.038461538461538464,20.27433468745305,0.8990749183267833
42024,-3.264246881008148,0.6882987916469574,0.9113161489367485,0.953033447265625,-0.11420194059610367,-4.2448777705430984,-4.995918099484048,-10.149002340482921,0.9234938336137233,0.9534922242164612,0.7,9.667542576789856,0.9614725654754704
43005,-18.564727902412415,0.819381833076477,0.9434670209884644,0.8970728516578674,-0.03840469941496849,-13.879218697547913,0.6017995427202459,-38.180291432688314,0.8906709831227518,0.9727118015289307,0.8666666666666667,14.874575932820639,0.9752171371769566
43006,-13.716278970241547,0.7957621514797211,0.936972126364708,0.9204285740852356,-0.01843644492328167,-10.699942708015442,-2.129202140540568,-21.9548642172396,0.9134739726524771,0.9852381348609924,0.2608695652173913,22.7108561474344,0.9693858051869203
43007,-1.3950519263744354,0.8333417624235153,0.9533453583717346,0.9686480164527893,-0.012951797805726528,-0.04636589146684855,-7.694505235690816,-14.592568373771494,0.9581384697235701,0.98524409532547,0.6086956521739131,21.407533728558086,0.9765116172975645
43008,-5.242405459284782,0.8240601718425751,0.9562985971570015,1.0099492073059082,0.06198115646839142,-1.6032243147492409,-1.7279916485096463,-40.964375451707284,0.9428141342481281,1.0527613162994385,0.9230769230769231,9.169173240661621,0.980315487861626
43009,6.406895071268082,0.8063075244426727,0.9219759702682495,1.096046805381775,0.055166035890579224,6.599003821611404,2.6890881115748133,-2.0858846301689886,0.8650737453509988,1.089890480041504,0.3333333333333333,19.182793299357094,0.9700032173813496
43014,-23.54675680398941,0.655485212802887,0.8608727008104324,0.8091629147529602,-0.112801693379879,-20.838843286037445,-2.4928545191191547,4.031537141490345,0.7921587632543368,0.9392755627632141,0.30434782608695654,25.243456467338234,0.9443966789781711
43017,-14.45210725069046,0.812160924077034,0.9250129163265228,0.9051803350448608,-0.04552105441689491,-11.060523241758347,-4.0168231400687,36.53605695041456,0.8881401445156829,0.9523025155067444,0.5,22.09474802017212,0.9646898261150825
43018,-12.641753256320953,0.839389905333519,0.9597819335758686,0.9314755201339722,-0.05915336310863495,-10.570720583200455,6.636937206364454,15.940991647949943,0.910896495497048,0.9457013010978699,0.6153846153846154,13.340804210075966,0.9828104255045754
43021,22.55042940378189,0.7205665707588196,0.8447837084531784,1.2447278499603271,0.16804097592830658,24.117232859134674,3.049990186890526,-47.18279637979806,0.7214375664606454,1.1303038597106934,0.7857142857142857,20.62986578260149,0.9730516609480494
44001,19.09978538751602,0.8348874002695084,0.9478672482073307,1.0250333547592163,0.05800855904817581,12.304465472698212,-9.319709524328184,-26.547590023317024,0.9502009056797673,1.036081075668335,0.45454545454545453,13.070404529571533,0.9765173058779335
44002,23.218633234500885,0.8641090244054794,0.9572168812155724,1.0493963956832886,0.013088476844131947,15.38427472114563,-1.5090308951651665,-9.70075998834254,0.9461874518920702,1.009456753730774,0.4666666666666667,17.584457397460938,0.9808595654113148
44006,-10.205813497304916,0.7704093307256699,0.9246475026011467,0.8918860554695129,-0.05462205410003662,-12.264308333396912,-1.4402530873017203,-14.364576193172521,0.8807067592383514,0.9627839922904968,1.1875,11.07945367693901,0.965982047979903
44009,-10.68737879395485,0.7443942725658417,0.9207602962851524,0.8796979784965515,-0.16508619487285614,-11.156685650348663,4.027317113669088,-134.33909182404886,0.8284363075272915,0.8795554041862488,0.45454545454545453,15.936990217729049,0.9786780972632363
44011,-8.775607496500015,0.5421063005924225,0.7453542947769165,1.0431263446807861,0.10690619051456451,-3.6132685840129852,9.44635653463866,-94.03209817639733,0.835314934890631,1.108983039855957,0.38461538461538464,27.851455028240498,0.8843108212134514
45001,-8.244190365076065,0.8450325727462769,0.9507249742746353,0.9691247344017029,-0.011346315033733845,-6.609407067298889,-1.5473830840467193,2.665393910952182,0.958162709728996,0.9866265654563904,0.35,17.851769356500537,0.9751358072730553
45003,-12.400464713573456,0.768824115395546,0.8988761082291603,0.9380912184715271,-0.04526801034808159,-8.846297860145569,3.419019547973233,-82.70417770830001,0.9040792464725546,0.94716876745224,0.30434782608695654,22.301181157430015,0.9492362866368382
45004,-9.986428916454315,0.7426859140396118,0.8479587286710739,0.9578222036361694,-0.016715608537197113,-7.319659739732742,5.367810490829302,-50.14458325431639,0.9084181052809441,0.9781282544136047,0.4642857142857143,28.633063180106028,0.9217062985979876
45005,-10.063483566045761,0.7276669144630432,0.875740185379982,0.9149361848831177,-0.06583528965711594,-9.224054217338562,4.4595428210576955,-31.91581843089176,0.8672965324201762,0.9188714027404785,0.2916666666666667,23.280767599741615,0.9384166550748291
45009,-2.8156377375125885,0.8287482410669327,0.9495685212314129,0.9886734485626221,0.005461545195430517,-2.6829877868294716,-6.052286237812616,-26.48128821481705,0.9715081556093949,1.006089448928833,0.5454545454545454,15.364990451119162,0.9745753458025871
45012,-11.916369199752808,0.8096130639314651,0.8778008744120598,0.8992758989334106,0.0057989452034235,-9.747055917978287,-6.3275518848893295,3.253871986891421,0.8812304004668831,1.0090352296829224,0.3333333333333333,26.560769762311665,0.9377164719836674
46003,-13.08676153421402,0.7963107973337173,0.9043138772249222,0.9152124524116516,-0.017666151747107506,-10.273589938879013,0.7877275909959016,5.744636391445961,0.9003923484985475,0.9797097444534302,0.34782608695652173,30.00205357869466,0.9518226034177515
46005,-7.516910135746002,0.7483474314212799,0.8962009847164154,0.9296503663063049,-0.041372377425432205,-8.500392735004425,2.87799301479156,16.68850350715864,0.8981642998034645,0.9481160044670105,0.25,27.67914193017142,0.9477554798929657
46008,-11.774726212024689,0.8242393136024475,0.914222277700901,0.918163537979126,-0.02170034684240818,-9.062575548887253,-5.727024582308718,17.540812266001257,0.9043236659423439,0.9750155210494995,0.2,27.413238011873688,0.9571919377431046
47001,-5.625049397349358,0.8361717313528061,0.9427969120442867,0.9543277025222778,-0.04520469903945923,-4.8390306532382965,4.553625627539669,-17.07668460360707,0.9221030603542882,0.9433541297912598,0.3181818181818182,17.642037764839504,0.9721931692282513
47004,-3.4513354301452637,0.8223467022180557,0.9424633271992207,0.9967119693756104,0.01181135792285204,0.3191872499883175,7.849449205405936,2.2434982784003843,0.9683803440293509,1.0126590728759766,0.3181818181818182,15.18407626585527,0.9712121662462075
47005,-11.68283298611641,0.7941445261240005,0.8915546014904976,0.9130923748016357,-0.011678576469421387,-11.556573957204819,4.545223423322655,20.72923966725605,0.8955187398564336,0.9821299314498901,0.2727272727272727,27.46567311494247,0.9448270079333863
47008,-5.291193723678589,0.7145235538482666,0.9022108763456345,1.0123902559280396,0.04846077412366867,-1.9350888207554817,5.4689350448453276,9.587212088389002,0.9206927347871837,1.0626213550567627,0.19047619047619047,18.022865598851983,0.9529395095177651
47009,6.64268359541893,0.8268804997205734,0.9551255218684673,1.0502846240997314,0.05674905702471733,6.089600920677185,-4.849177375546796,27.315458790837795,0.9191279488905401,1.0605376958847046,0.42857142857142855,11.38378211430141,0.9813738730066923
47011,-6.600087136030197,0.7580019682645798,0.8700109273195267,0.9678752422332764,0.02113213576376438,-4.762354493141174,2.5195493337944668,-12.361632900961865,0.9220098715931756,1.0253593921661377,0.3888888888888889,30.818735925774828,0.9336120395229202
47014,-13.406284153461456,0.7878220826387405,0.8953543901443481,0.8934693336486816,-0.03706596419215202,-12.836436927318573,-1.1902908708943643,13.323297757889035,0.8752562457893318,0.960427463054657,0.041666666666666664,24.82837677001953,0.9485584247808726
47018,-7.145414501428604,0.7577261924743652,0.8911999762058258,0.9310153722763062,-0.057991135865449905,-8.25403779745102,6.71761093569873,1.6301392976541322,0.8779255244605341,0.9150303602218628,0.22727272727272727,28.816826447196632,0.9459309789987591
48003,-1.1472995392978191,0.8092983216047287,0.9244347140192986,0.9534573554992676,-0.04186472296714783,-0.08065731381066144,-3.8961916566256263,20.69958762282942,0.9283957555782179,0.9606388211250305,0.4782608695652174,24.875149519547172,0.9624281001323407
48004,-17.544710636138916,0.7867952138185501,0.9013091772794724,0.8710200190544128,-0.038996580988168716,-14.917318522930145,-2.692351119571032,27.13802860275824,0.8586695204417883,0.9653406739234924,0.4,35.21792221069336,0.9537701386185035
48005,2.0431024953722954,0.809208407998085,0.9453976266086102,1.0381152629852295,0.052259597927331924,3.651616722345352,-4.453711769033355,30.229346835205533,0.9279347425049742,1.0561331510543823,0.14285714285714285,18.480642636617027,0.9757163137457043
48011,-7.865908741950989,0.8161919862031937,0.9362003728747368,0.9595035910606384,0.022517118602991104,-5.72948195040226,-8.385065243067181,-23.099167891273396,0.9434805620868926,1.0228543281555176,0.43478260869565216,25.50203601519267,0.9678726376807942
49001,-12.736989557743073,0.8537607342004776,0.9410458542406559,0.9353219866752625,-0.03309748321771622,-8.70545506477356,-1.8896072337313052,6.569987514593004,0.9224626543484187,0.9682908058166504,0.34782608695652173,26.90181524857231,0.9713064194060674
49002,5.8813802897930145,0.8541107475757599,0.9698720052838326,1.0327742099761963,-0.008072415366768837,5.156432092189789,2.1741439418681487,8.119985543765319,0.9636939867675772,0.9931433200836182,0.4666666666666667,12.725768884023031,0.9859656244245304
49004,-13.648168742656708,0.8039581924676895,0.9210326299071312,0.8994903564453125,-0.08418277651071548,-10.520749539136887,7.705441244204929,26.237299058699055,0.8598151352004493,0.9085105657577515,0.42857142857142855,32.70289784386045,0.9656591890979368
50001,-6.20756633579731,0.8468335568904877,0.9458369389176369,0.957255482673645,-0.0004246718599461019,-4.347163811326027,-6.033431626984672,14.163550015900855,0.9492585382921034,0.9994299411773682,0.2857142857142857,17.457809231498025,0.9726636284827409
50002,-13.278043270111084,0.8260128647089005,0.9229121655225754,0.9056200385093689,-0.032999686896800995,-12.07202598452568,2.273243141155789,23.308189099325038,0.8873121740732877,0.9508178234100342,0.13043478260869565,23.06189934412638,0.9629583681921352
50006,-11.98844313621521,0.845552921295166,0.9483312964439392,0.9286300539970398,-0.028619183227419853,-9.429756551980972,-0.6383358694720062,20.743465907000058,0.9167331695129974,0.9648894667625427,0.3,19.324656895228795,0.9753637193824397
50007,-18.793809413909912,0.7868006229400635,0.8988082334399223,0.8581470847129822,-0.06335742026567459,-15.332627296447754,10.151077201217554,-4.924895862431892,0.8256334302056734,0.9090837240219116,0.09090909090909091,26.93031974460768,0.9551036543949287
50008,-7.033265382051468,0.7924834489822388,0.9062734916806221,0.9347530603408813,-0.018535498529672623,-7.034009695053101,0.2030608223904385,79.7145848809833,0.9140539195779867,0.9707286953926086,0.041666666666666664,19.93196678161621,0.9523265657665843
50011,-17.621247470378876,0.7697624266147614,0.9039981886744499,0.900824248790741,0.0032173539511859417,-15.968102216720581,3.600738805497608,-30.418088662374377,0.8898172145785743,1.0041978359222412,0.2727272727272727,22.315819367118504,0.9521795572074762
5003,-10.720319300889969,0.537967711687088,0.7780061960220337,0.850085437297821,-0.029516519978642464,-7.747109234333038,-34.867818150146334,34.27484244894943,0.8086396734318834,0.9778014421463013,0.4583333333333333,21.56190276145935,0.8831598420777912
51001,-7.348249852657318,0.8363929986953735,0.9392967261373997,0.9456775784492493,-0.02939080446958542,-7.032237201929092,1.0549548598393652,-5.847312291428806,0.9309314397173427,0.969753623008728,0.45,22.836456298828125,0.9699218149602832
52004,-19.042441248893738,0.7490851879119873,0.8687120079994202,0.8979693651199341,-0.0066826483234763145,-14.713865518569946,-4.45542311266039,-6.722625240495797,0.8774549662685079,0.9910410046577454,0.2692307692307692,28.314053095304047,0.9327187155244442
52005,-17.666032910346985,0.8032355308532715,0.9075234532356262,0.894172728061676,-0.03612792491912842,-15.665306150913239,2.1737973863350657,-39.381845162497825,0.8778783697233801,0.9585928916931152,0.36363636363636365,26.056486910039727,0.9552816315461599
52006,-3.435932472348213,0.7688790112733841,0.8703571707010269,0.9712960124015808,0.002750944811850786,-2.62958575040102,-13.302966494253532,4.103667149710624,0.9276253577756467,1.0041577816009521,0.2608695652173913,24.053523851477582,0.93369100524656
52007,-0.3473591525107622,0.7418366372585297,0.8289303481578827,0.9766355156898499,0.013052515685558319,-2.0267238840460777,3.621679281128277,-27.480612344558846,0.907022234657735,1.0221948623657227,0.2916666666666667,26.66300932566325,0.9127855871685839
52009,-4.7122858464717865,0.7329244017601013,0.9025006890296936,0.9851226806640625,0.09063717722892761,-3.9858434349298477,-8.56169992283222,-32.29308008380538,0.9106538863511827,1.0756174325942993,0.2,14.169755935668945,0.9547960479452238
52010,-18.114331364631653,0.7705223262310028,0.8840673640370369,0.8654985427856445,-0.07783626765012741,-14.770130813121796,-1.0819668434508283,-46.73326383964615,0.8253577179283755,0.902031660079956,0.3181818181818182,22.70887209021527,0.9469765234286692
52011,-4.2686279863119125,0.7953277677297592,0.8857354521751404,0.9170719385147095,-0.040699396282434464,-7.367224991321564,-5.3266874071275305,14.09918321993385,0.8796679473388135,0.9345807433128357,0.20833333333333334,24.04611508051554,0.9423540082013905
52015,-25.14840066432953,0.7248242795467377,0.8483223915100098,0.8352876901626587,-0.10927286744117737,-21.165016293525696,4.017206024591831,-10.200606077920607,0.7916129237141146,0.8915959000587463,0.35,36.844589710235596,0.9325939196588782
52016,5.661126971244812,0.7754120975732803,0.9260396882891655,1.0206348896026611,0.022555610164999962,1.8893953412771225,0.7674943149225157,16.9072698811994,0.9544762382777451,1.0191516876220703,0.43478260869565216,21.42739088638969,0.9642253291607418
53005,-13.151881098747253,0.8221530914306641,0.9279367476701736,0.9148114323616028,-0.03787916526198387,-10.528507828712463,-1.1586432911103208,-44.867970347363105,0.8998479928768713,0.960330605506897,0.45,24.53259513491676,0.9653637240012729
53006,-11.33846566081047,0.7997019588947296,0.9188791960477829,0.8765120506286621,-0.023272661492228508,-11.838888376951218,-10.9877242260924,15.015835505337161,0.8657332372526854,0.962724506855011,0.22727272727272727,28.95529788473378,0.9627330233383034
53007,-10.097819566726685,0.7865798324346542,0.9168591350317001,0.9389488101005554,-0.05524438992142677,-8.661101758480072,10.014118827922895,-71.75640636023812,0.9019520008992001,0.9349411725997925,0.4090909090909091,22.297703701516856,0.9593366096243512
53008,-15.627622604370117,0.8440361469984055,0.9430088102817535,0.9134349822998047,-0.004394446033984423,-10.806173086166382,-6.4918264831257595,-21.425132841551083,0.9091241535264745,0.9943972826004028,0.14285714285714285,25.725839251563663,0.972916301201924
53009,-0.5693051498383284,0.8259567469358444,0.9437520168721676,0.9897845983505249,-0.03540334850549698,-0.6203855387866497,1.6894897035455418,5.947845549893397,0.955027590744763,0.9660986661911011,0.43478260869565216,17.097063859303795,0.9722716259160757
53013,-11.097082495689392,0.7619015574455261,0.8874916359782219,0.9237605929374695,-0.06936133652925491,-7.342319935560226,3.503161332953819,-77.50645290145599,0.8795723104573392,0.9248387813568115,0.2608695652173913,28.76819570859273,0.9448531738772928
53017,-5.473669990897179,0.7800006866455078,0.9084501639008522,0.9970026612281799,0.051147136837244034,-3.039473108947277,-2.0959239282531206,21.479591111289338,0.9106375226112025,1.0773812532424927,0.45454545454545453,23.536775328896262,0.95540392425368
53018,-2.756277658045292,0.8413627594709396,0.9629907980561256,0.9602109789848328,-0.03168966621160507,-2.3959433659911156,0.7171669320886962,52.5629160373675,0.9420677191474656,0.961898684501648,0.30434782608695654,14.814239999522332,0.9820759176322316
53022,-0.6326073314994574,0.8341022729873657,0.9609599113464355,1.0277906656265259,-0.008579784072935581,0.5193694494664669,17.189473694476217,-8.91484876441923,0.9651252137817631,0.99006587266922,0.4583333333333333,18.332586685816445,0.9814192914026885
53023,-10.101582109928131,0.8430862426757812,0.965038537979126,0.9509824514389038,-0.020034905523061752,-7.417363673448563,-6.292581878152764,-10.9531185428278,0.9439720690105993,0.9787738919258118,0.3333333333333333,17.194170422024197,0.983092566130944
53028,-13.938799500465393,0.8474661856889725,0.9652243666350842,0.9559425711631775,0.016710003837943077,-10.914774984121323,-0.7850514173953037,-11.033210404400016,0.9496321596808206,1.0174903869628906,0.3157894736842105,13.280888607627467,0.9829721209014447
54001,4.1048314422369,0.8153669089078903,0.9456393048167229,1.074851393699646,0.05419779568910599,6.619416177272797,1.4281097994372685,4.2163175550116705,0.9041888905848017,1.0558812618255615,0.6818181818181818,12.300184640017422,0.9786851665412383
54002,-17.367270588874817,0.8092312514781952,0.9259780198335648,0.8892053365707397,0.005545889958739281,-12.667141854763031,-1.7958261751875622,-50.64729028800398,0.8836592112066227,1.0074458122253418,0.17391304347826086,18.394779122394063,0.9652972396923944
54003,-21.459569036960602,0.5650484263896942,0.7296742498874664,0.7762507200241089,-0.03882322087883949,-20.30733823776245,-27.475050878022216,91.61033215739555,0.7266382476401934,0.9306547045707703,0.6363636363636364,52.3508375341242,0.8590952897688393
54004,-19.643503427505493,0.7447925806045532,0.8791517093777657,0.8587897419929504,-0.042755164206027985,-14.01635855436325,-1.7522442837618322,-74.07781656219645,0.8416774852333387,0.9575968384742737,0.23076923076923078,29.15654365832989,0.9423141819140499
54005,-1.1952445842325687,0.8437207043170929,0.957225862890482,0.9893044829368591,0.004747378174215555,-0.3908143378794193,-5.500704149821718,-3.4706475779737094,0.9753024557113058,1.0055867433547974,0.42857142857142855,9.84258878798712,0.9784509186429746
54007,-34.25184786319733,0.7140086591243744,0.8039897382259369,0.7370067834854126,-0.03995679318904877,-28.523334860801697,16.049458135958705,-71.73277092805297,0.7148614337629244,0.9298678636550903,0.36363636363636365,41.44338260997426,0.9150291021893643
54008,-6.83445930480957,0.86104716360569,0.9623470082879066,0.9276742935180664,-0.04401761293411255,-6.156840547919273,3.2417230846287977,12.23481603138558,0.9076378130093653,0.944956362247467,0.2857142857142857,9.441990511757988,0.9835694275647472
54011,-8.92692655324936,0.7281162738800049,0.8688037991523743,0.9684839844703674,-0.04831339046359062,-9.809302538633347,12.673666362026626,-34.63131813795737,0.9031200141229953,0.9364822506904602,0.16,24.881893157958984,0.9339850929613996
54012,13.71002346277237,0.791082888841629,0.9134822562336922,1.089282751083374,0.02520548179745674,10.627833753824234,-1.9398378734135395,10.264148711263504,0.9017126653066107,1.0202492475509644,0.36363636363636365,17.795885692943227,0.964237470814631
54015,-35.906022787094116,0.7390851974487305,0.5948849320411682,0.5146084427833557,-0.028814179822802544,-27.899152040481567,-7.70868569227482,-1.8885971529976706,0.47870506441144334,0.9036514759063721,0.3,31.04259014129639,0.8361085482459252
54016,3.7878084927797318,0.8216934055089951,0.9407155998051167,0.995884358882904,0.014697748236358166,2.778320200741291,1.381886347176332,-19.754146224753676,0.9664863624361822,1.015074372291565,0.5909090909090909,14.513224905187434,0.970352256393285
54017,-17.162904143333435,0.7089989483356476,0.7462503612041473,0.7865483164787292,-0.07890789955854416,-17.05351173877716,-2.8883464779104275,-106.16746739124989,0.7068319156587548,0.845393180847168,0.4,33.33535671234131,0.8716152814790865
54018,-5.182415992021561,0.8113981187343597,0.9169328659772873,0.9618571400642395,-0.0012307246215641499,-4.872379824519157,-0.8777942531564297,-9.528527077720303,0.9429257889998498,0.9983170032501221,0.2,26.418821811676025,0.9575764768182731
54019,-3.422097861766815,0.7701168805360794,0.9077274277806282,1.0064305067062378,-0.02816273644566536,0.2223982010036707,2.0053824661111195,-7.080127133180558,0.9411301547491985,0.9631122946739197,0.5,21.04526866566051,0.9545730866211382
54020,1.369453128427267,0.8025793880224228,0.9320459067821503,0.9974795579910278,-0.00905665010213852,1.740109920501709,-6.427416486794156,12.108782230485167,0.9647523527853624,0.9911242723464966,0.13636363636363635,19.89027586850253,0.9659813953127441
54022,-14.303652942180634,0.7389425337314606,0.8957524076104164,0.8966472744941711,-0.020778542384505272,-14.199584722518921,8.372080937313022,10.770053356048386,0.8808047818540126,0.9712161421775818,0.18518518518518517,21.908108393351235,0.9480653902657858
54024,-8.883912861347198,0.7227063179016113,0.9183402508497238,0.9525128602981567,-0.016376599669456482,-4.7072820365428925,3.776665407748857,34.698128255071126,0.9351189129366037,0.9848712682723999,0.36363636363636365,16.103974255648527,0.9584590744231674
54025,2.0105140283703804,0.8013734221458435,0.9429870545864105,1.0351670980453491,0.05585816875100136,1.6054894775152206,0.7527893999256022,12.44761456092137,0.9103968906258989,1.0783908367156982,0.3333333333333333,12.888232866923014,0.9745663776943067
54027,-1.6766494140028954,0.8142510801553726,0.9433293975889683,1.0065559148788452,0.0020615719258785248,-1.3646078296005726,5.216381478348472,-24.310817537635142,0.9710887288541253,1.001318097114563,0.7777777777777778,14.681814776526558,0.9718727143263307
54028,-7.6793961226940155,0.7961220294237137,0.9386387430131435,0.9565632343292236,0.030633818358182907,-7.285747677087784,-7.586739760582698,34.00541398745654,0.9319654573108205,1.042494297027588,0.19047619047619047,16.198848542712984,0.9694029232259194
54029,-5.810130015015602,0.8277358710765839,0.9544996917247772,0.9431912302970886,-0.06688524782657623,-5.8556824922561646,-0.20862147882056747,2.660839307903304,0.8976398581372048,0.9172422885894775,0.1,9.405803680419922,0.9799619479712771
54032,3.0223164707422256,0.8390261381864548,0.9606134817004204,1.0026451349258423,0.014015331864356995,1.8353469669818878,3.621394210733117,9.86311162334564,0.9759455656996944,1.013777256011963,0.9,9.483254551887512,0.9804601359392486
54034,2.05564983189106,0.6817951202392578,0.8130616843700409,1.0246330499649048,0.08866091817617416,5.918469652533531,-8.541272020267943,5.80334014034747,0.7903242790518265,1.189136028289795,0.19047619047619047,24.48365574791318,0.91290991096959
54036,7.100129127502441,0.6754734814167023,0.6650258004665375,1.2276625633239746,-0.05860020965337753,1.9492082297801971,24.438361595658275,-775.0925308192093,0.7295880957398841,0.9088152647018433,0.36363636363636365,27.938836271112617,0.8860802946152669
54038,-2.4234965443611145,0.8442714214324951,0.9519697278738022,0.9747638702392578,-0.01657133176922798,-1.483445893973112,-4.021418289335432,-0.8854385163077131,0.9595807506331377,0.9796850681304932,0.22727272727272727,16.46450866352428,0.9758306595618153
54044,1.529834046959877,0.660552591085434,0.8788329660892487,1.0214637517929077,-0.10051511973142624,1.7442649230360985,13.988550182369655,-14.3970312189422,0.9133974929217571,0.9359046220779419,0.09523809523809523,14.747688883826845,0.9458605123755488
54048,-10.557318478822708,0.7222372591495514,0.7933107316493988,0.9042531251907349,0.0036299624480307102,-6.444171071052551,-4.947266489957201,-37.965871617331935,0.8545347103596476,1.0081031322479248,0.17391304347826086,35.358283830725625,0.8907890770015051
54049,-8.98670107126236,0.7412892580032349,0.8984370455145836,0.8682891130447388,-0.025336971506476402,-9.307705610990524,-17.214200573968743,-28.907154034355877,0.8521734192605137,0.9532142877578735,0.2727272727272727,25.076534531333227,0.951874774176289
54052,56.746578216552734,-0.04095888137817383,0.18919497728347778,1.4558683633804321,0.6922652721405029,55.63678741455078,-16.38232546248577,46.09789538710492,0.2686669022270344,1.5702855587005615,0.391304347826087,35.42333685833475,0.9574968624142083
54057,-15.001092851161957,0.8050476610660553,0.9343725144863129,0.8850950598716736,-0.04567194730043411,-9.940309077501297,-0.11868899768653714,28.843576953756045,0.8726611114505537,0.9530596137046814,1.0,15.769676728682084,0.9715632736490238
54060,20.832151174545288,0.35084068775177,0.5353640615940094,1.2722867727279663,0.21708182990550995,30.59849739074707,20.103254425445982,35.406622184466805,0.5785494222056942,1.2920119762420654,0.4117647058823529,49.76127287920784,0.8650573875614288
54063,-38.72578144073486,0.5200076103210449,0.731389194726944,0.6306180357933044,0.07439807057380676,-31.653529405593872,-22.46001599121389,21.61953067968792,0.5973830322901525,1.1248058080673218,0.038461538461538464,36.68805635892428,0.899596327361303
54080,-26.898574829101562,0.6487710177898407,0.8172425627708435,0.7517464756965637,-0.0753345638513565,-19.77544128894806,-18.8695837183872,86.28385161534187,0.7231451298731502,0.9044898152351379,0.2857142857142857,29.770340238298687,0.9232106036613131
54095,-7.753109186887741,0.8419591039419174,0.957208052277565,0.968024730682373,-0.02259080298244953,-5.023059993982315,1.341452999037168,-2.975178441384091,0.9544696060250049,0.9755778908729553,0.5238095238095238,16.243452117556618,0.978688981409369
54096,-26.189035177230835,0.7253317534923553,0.8670475780963898,0.8185176849365234,-0.05443505197763443,-24.9294713139534,13.908140987085451,2.9812154280018235,0.7937379557969672,0.92194002866745,0.19047619047619047,32.92095093500046,0.9407139048884449
55002,-4.678120464086533,0.8306246697902679,0.9488053917884827,0.9184589982032776,-0.041198719292879105,-6.890362501144409,0.5799414828851348,13.23504632246559,0.900440257857631,0.9478550553321838,0.18181818181818182,14.42572241244109,0.9766737909845533
55007,-6.654391437768936,0.8100181668996811,0.9303439110517502,0.9718928337097168,0.006598365493118763,-4.502511769533157,-7.280844065515931,57.53401131952117,0.953937876156932,1.0088368654251099,0.21739130434782608,17.602449914683465,0.9645935561581935
55008,-2.5409510359168053,0.7308031618595123,0.8693262487649918,0.939966082572937,-0.021289872005581856,-5.508217960596085,-2.7348697325892615,8.11225001198015,0.905030420934166,0.9703535437583923,0.17857142857142858,18.019897597176687,0.9326484050774094
55013,15.53112268447876,0.7837364971637726,0.9014620035886765,1.1646556854248047,0.046565573662519455,14.98725712299347,10.413662685607209,18.419519938050747,0.8239399752060008,1.0547865629196167,0.13636363636363635,19.891097328879617,0.9702666834812148
55014,-0.7905269041657448,0.8274536430835724,0.9507497698068619,1.0504276752471924,0.054410889744758606,0.41337483562529087,2.964735708010511,-0.09252411414268226,0.9198568050911147,1.0587058067321777,0.15,10.179611444473267,0.9791767073859228
55016,-9.476809203624725,0.7650748491287231,0.9112609028816223,0.9781761169433594,0.06011316180229187,-5.570006370544434,-3.497118810093918,39.024454643836044,0.900286991421043,1.0871447324752808,0.36363636363636365,18.07720877907493,0.9567310988120915
55018,3.7560775876045227,0.7362643480300903,0.7956368327140808,1.1137834787368774,0.015976756811141968,-0.4237023647874594,27.668274003074718,-38.71317136666485,0.8552094489226556,1.0255579948425293,0.2857142857142857,24.13153648376465,0.9141838444845909
55021,-13.160741329193115,0.8216121792793274,0.9468577168881893,0.894280195236206,-0.025481531396508217,-13.824447989463806,-9.885239041478597,-7.919238341785221,0.8884117770903309,0.9727671146392822,0.0,15.354865789413452,0.9768996898771186
55023,6.320519745349884,0.8134324848651886,0.9444432109594345,1.0820133686065674,0.03422952815890312,7.372564822435379,7.919430775161985,11.401971152841067,0.9067953894987111,1.0384172201156616,0.4782608695652174,12.033184714939283,0.9779767398624752
55025,-5.223161354660988,0.7880508154630661,0.8941597491502762,0.9648724794387817,-0.03376612439751625,-3.0083132907748222,-2.65593064122439,48.363621562054746,0.9221465580834788,0.9558130502700806,0.35,19.669814109802246,0.9463834988922636
55026,-8.725399523973465,0.7872790545225143,0.9230495393276215,0.9622266888618469,-0.011564777232706547,-5.754877254366875,7.279510409770627,-2.8920527117354653,0.9434907349252307,0.9847744703292847,0.375,23.17239840825399,0.960825298326637
55029,-8.05487260222435,0.778438001871109,0.8938840106129646,0.9696350693702698,0.009279699996113777,-6.924340128898621,13.210310750160895,51.32022213871865,0.9362129698229997,1.0144619941711426,0.44,24.439910888671875,0.945800305063155
55032,-4.690930992364883,0.6716411113739014,0.8150035738945007,0.940732479095459,-0.007699437905102968,-5.759963020682335,-30.96615391786004,-106.40824025721174,0.8859554167305482,0.9860246181488037,0.15789473684210525,33.34182438097502,0.9035727391188261
56001,-3.5568442195653915,0.8165275603532791,0.9442244544625282,0.9836399555206299,-0.018966618925333023,-4.621551930904388,15.20510427009979,8.826785391706474,0.9595297137283416,0.9758264422416687,0.2916666666666667,13.483965396881104,0.9719673026476645
56002,0.5989122204482555,0.8198705166578293,0.9486515484750271,0.9756774306297302,0.02837531454861164,-0.34873890690505505,-4.3772741819399865,12.89793396856361,0.9506517995060761,1.0344728231430054,0.2857142857142857,13.729203315008254,0.9744015239561417
56007,-4.086273908615112,0.7633863687515259,0.908648319542408,0.9829312562942505,0.01272190734744072,-2.210773527622223,8.920530673188535,-10.208061956085016,0.9472932647531036,1.0186724662780762,0.25,22.012650966644287,0.9537615210913251
56012,15.232035517692566,0.7709976583719254,0.8834519609808922,1.0606169700622559,-0.05294942855834961,10.034673660993576,-1.6703013970254266,-4.517320695102652,0.9046249394830094,0.9477558135986328,0.375,21.60887122154236,0.948110404739
56013,-2.7791613712906837,0.8209032118320465,0.9371941089630127,1.0049253702163696,0.01729857735335827,-2.33631394803524,-0.17732855948963472,-17.37937494435128,0.9615753628159726,1.0220391750335693,0.2916666666666667,21.787917613983154,0.9689119277729298
57004,-4.287436604499817,0.7998771816492081,0.9272442609071732,0.9880656003952026,0.013840585015714169,-2.7994398027658463,2.9721507330141357,-12.192824332660397,0.9563926241885765,1.0203980207443237,0.3,16.236969232559204,0.963351752007144
57005,-1.6426628455519676,0.815085306763649,0.9309047907590866,0.9721168875694275,-0.01891937479376793,-1.3835783116519451,-9.978535487388065,13.737022109894747,0.9486748770202926,0.9748011827468872,0.2608695652173913,20.93701984571374,0.9650454595351282
57006,-13.1559818983078,0.7926110327243805,0.9212545529007912,0.9262143969535828,0.005633906461298466,-9.493353217840195,-4.923388990356073,-12.17623534089165,0.9159095917234289,1.0079013109207153,0.25,22.997848192850746,0.9604468606437979
57007,-12.131255865097046,0.7941428869962692,0.9159127771854401,0.8853797912597656,-0.006950154434889555,-10.55881381034851,-11.797090215061688,11.987567647231574,0.8781534675943183,0.9897244572639465,0.3333333333333333,26.37302761986142,0.9599600395965049
57008,-5.285638943314552,0.8160234242677689,0.921372801065445,0.9692411422729492,-0.0009117207955569029,-2.324347384274006,-0.4568102754324737,6.928238393230868,0.9494686621801975,0.998781144618988,0.20833333333333334,21.366914113362633,0.9599272765494256
57009,-10.123979300260544,0.7803872674703598,0.8981684893369675,0.942243218421936,-0.01873014308512211,-8.745598047971725,1.7680090109642683,-0.4355769384151129,0.9188428882383746,0.9767995476722717,0.375,27.059346437454224,0.9479195815778946
58001,-8.702467381954193,0.7668698281049728,0.8994243070483208,0.9716662764549255,0.012217570096254349,-3.7422604858875275,-6.880582256252353,-4.3382112813181966,0.9396779727910921,1.0144193172454834,0.24,24.861392974853516,0.9487356813481578
58002,-15.721946954727173,0.7931678295135498,0.9092598035931587,0.8674225211143494,-0.05574639141559601,-13.481839001178741,-2.211460261383513,-6.900609275255411,0.8399787572458073,0.92000412940979,0.24,28.703510284423828,0.9596184334945325
58006,-4.046482965350151,0.8015521466732025,0.9329338520765305,0.9507443904876709,-0.035032644867897034,-3.8914911448955536,-3.296449461181831,-28.969951572828002,0.9238261052666903,0.9524164795875549,0.16,19.262451171875,0.9666510006811488
58008,-12.920016050338745,0.7713581025600433,0.8887989372014999,0.8677655458450317,-0.053516682237386703,-11.8086576461792,-9.312116735477227,-20.59382353188578,0.8406532147619644,0.9281309247016907,0.11538461538461539,27.75888442993164,0.9476522864319733
58009,16.626553237438202,0.717473566532135,0.8473345190286636,1.1777193546295166,0.11377495527267456,19.101180136203766,-0.08907032115217425,-55.59763206849288,0.7809980871054497,1.1194571256637573,0.2916666666666667,19.59791580835978,0.954090698440364
58010,-25.138357281684875,0.7039978802204132,0.855842262506485,0.7500241994857788,-0.042529892176389694,-24.643301963806152,-25.187654921646512,-13.491757552989917,0.733612180382657,0.9248988628387451,0.19230769230769232,32.140159606933594,0.9467610218463696
58012,-11.775166541337967,0.7729024887084961,0.9112399965524673,0.9499253630638123,-0.006644680164754391,-7.639855146408081,1.5478750400009271,-47.241382310497784,0.9319383618047622,0.9918820858001709,0.23076923076923078,20.366577001718376,0.9546236096789018
59001,-12.308835238218307,0.7363492548465729,0.8893685638904572,0.8655400276184082,0.006870462093502283,-11.862849444150925,-16.141182901561127,19.046886194046124,0.8550108683478548,1.0093159675598145,0.19230769230769232,28.101534109849197,0.9465624020673726
60002,-9.794168919324875,0.7882518023252487,0.9030998274683952,0.9183419942855835,-0.05707092955708504,-10.620307177305222,-3.2471351093331586,10.719561258227307,0.881330629417349,0.9280837178230286,0.43478260869565216,28.52943669194761,0.9526456129268986
60003,-8.484785258769989,0.8067969679832458,0.9213467687368393,0.9407116174697876,-0.032953329384326935,-9.506934881210327,12.151118608511297,3.4965978879318773,0.920096248781361,0.9636638760566711,0.43478260869565216,23.101584116617836,0.9606403346998935
60005,6.77325576543808,0.6832629442214966,0.8378014713525772,1.0725520849227905,-0.03559932857751846,7.841648161411285,9.892028940259442,33.93902465388356,0.8881368831817634,0.9554653167724609,0.25,28.035537401835125,0.9274313162068555
60006,-6.739377975463867,0.7982025295495987,0.9121850654482841,0.92665034532547,-0.0606268048286438,-8.260126411914825,0.41689539193183633,12.961576797548476,0.8884577189261366,0.9275048971176147,0.43478260869565216,25.831906691841453,0.9575033097246347
60010,-0.75999372638762,0.8049463033676147,0.9438668005168438,0.9556831121444702,-0.07028687000274658,-4.818792641162872,2.3302924781916694,24.88415717031878,0.9062824225030405,0.9215421676635742,0.20833333333333334,17.356707652409874,0.9742441011073518
60012,-13.078168034553528,0.7285061478614807,0.8681865781545639,0.8811299204826355,-0.08455593138933182,-12.937100231647491,-2.681606378419606,-30.633455421389495,0.8265290689257596,0.890328049659729,0.16,30.5250244140625,0.9372773451465867
6007,-2.9897263273596764,0.7299807071685791,0.9323485866189003,0.918286144733429,-0.03225302696228027,-2.74313073605299,-11.874202741977955,47.764347307670874,0.9078658084130147,0.9726759791374207,0.32,13.966731071472168,0.9673663823525107
6008,-8.941448479890823,0.7460167407989502,0.8804828524589539,0.8904021978378296,-0.012048956006765366,-9.223975241184235,-16.025135219933407,52.032130452060144,0.8736103314619135,0.9818869233131409,0.13636363636363635,25.84452007127845,0.9397124678948865
61001,-2.8385158628225327,0.7158445119857788,0.8796828612685204,0.9504780173301697,-0.13435117900371552,-3.721468150615692,8.422733909059076,1.9997713211896146,0.856387828092257,0.8758428692817688,0.34782608695652173,30.88287685228431,0.9474925143972387
61002,-1.9010452553629875,0.7591123431921005,0.9013546332716942,1.0556150674819946,0.03790774196386337,-1.245998777449131,9.33054137952893,-10.097163863481745,0.9182975735320282,1.0399376153945923,0.375,19.03097629547119,0.9554215563717042
62001,-3.0205372720956802,0.8477580547332764,0.9650088623166084,0.960407555103302,-0.04411937668919563,-4.4744085520505905,-0.5421124584931986,2.226063868102253,0.9363216443879697,0.9528955817222595,0.08695652173913043,12.311369439829951,0.9836126555150081
63001,-18.223868310451508,0.7877489328384399,0.9075279980897903,0.835852324962616,-0.06097918376326561,-16.777503490447998,-5.86820152032985,12.549862839895603,0.8135134490180209,0.9195902943611145,0.25,26.664745807647705,0.9630263104891675
63004,-4.492200538516045,0.7498274743556976,0.8896185159683228,0.9090387225151062,-0.06244456768035889,-6.4384423196315765,-2.0624349002026676,30.03407598490453,0.867388725443258,0.9200381636619568,0.2222222222222222,24.08989800347222,0.9459824022440114
64001,-0.15651056310161948,0.81401427090168,0.9357891008257866,0.9970806241035461,-0.01492063608020544,-2.061369828879833,-0.21597221485127163,-9.059500494114522,0.9625702300360857,0.9809445142745972,0.38461538461538464,17.540447528545673,0.9679164623569078
64002,-0.41260579600930214,0.6994152963161469,0.8840151652693748,0.9834789633750916,0.05284435302019119,-0.7637195289134979,-4.429428062298683,27.421647590767567,0.9152876243402281,1.0600628852844238,0.15384615384615385,18.23760179372934,0.9425918842839195
64006,-15.451517701148987,0.803369790315628,0.9271718338131905,0.878745973110199,-0.05220014974474907,-13.149625062942505,-3.187064801576636,11.912852405032243,0.8633223725236939,0.9453688859939575,0.4230769230769231,23.18577032822829,0.9684773700650138
65001,-8.36186632514,0.7353569269180298,0.884819969534874,0.9340816736221313,-0.024073513224720955,-6.231040135025978,-4.581692498618511,43.47327467222427,0.9066638714116948,0.9702799320220947,0.20689655172413793,23.979191944516938,0.9409819967570732
65004,-4.364268481731415,0.7589166760444641,0.9008950293064117,0.945490300655365,-0.027283089235424995,-4.23651821911335,-4.703898368558996,29.88556287245505,0.9201087814567273,0.9705607891082764,0.21052631578947367,18.96116106133712,0.9495556510621944
65005,-22.101859748363495,0.728541374206543,0.6261765956878662,0.7405270934104919,-0.06514708697795868,-20.362526178359985,-1.1087719144078827,-9.734931752389965,0.6596183913335436,0.9170244932174683,0.38461538461538464,38.014294550969055,0.795920320613396
65006,-8.892395347356796,0.7416259050369263,0.899514339864254,0.8651342391967773,-0.09627009183168411,-8.819381892681122,-14.559134448585908,39.281266792844214,0.8263186141414455,0.8990294933319092,0.3333333333333333,20.691684440330224,0.9577932808677924
65007,-18.594375252723694,0.7434838116168976,0.8802768290042877,0.8666414618492126,-0.07472016662359238,-16.90424084663391,3.0474308247663364,23.57736293000907,0.8326488974823477,0.9155518412590027,0.24,25.578147888183594,0.9444086310528867
65008,-20.7750603556633,0.6952338218688965,0.8495604991912842,0.8339846134185791,-0.03137633949518204,-19.321058690547943,-13.917788860463665,-608.3316155675635,0.8128767265789737,0.9540278911590576,0.07692307692307693,24.90830421447754,0.9269207547744361
66001,-2.907794713973999,0.859227180480957,0.9657943658530712,0.9775993227958679,-0.013777556829154491,-2.904069423675537,-0.04959865966677603,-5.186320330896596,0.968098648713799,0.9850972294807434,0.3181818181818182,13.84815519506281,0.9828590167863027
66004,-11.58243864774704,0.7968948185443878,0.9359852150082588,0.9332872629165649,-0.05601952224969864,-10.421419143676758,-1.5513343212848996,-29.925600765943035,0.9171453269244766,0.9612640738487244,0.4090909090909091,16.903048211877998,0.9697702863643857
66006,-21.190640330314636,0.7829287946224213,0.903501532971859,0.8318532109260559,-0.06472586840391159,-16.52429848909378,-13.011595106117044,37.393763718147646,0.8072999756518495,0.9141018390655518,0.18181818181818182,33.282507549632676,0.9615102266052402
66011,-6.755387783050537,0.7382558584213257,0.8992380574345589,0.9352229237556458,0.0035433960147202015,-6.180992349982262,-12.586392629596139,45.851735950470996,0.9170132575232335,1.005104422569275,0.07407407407407407,15.073474248250326,0.9483795128812933
67001,2.2823525592684746,0.7662430703639984,0.9347244650125504,0.9907981157302856,0.006696301978081465,2.542826160788536,-11.693661225487821,50.045470528314894,0.9652430379074155,1.006524682044983,0.28,11.675905227661133,0.9671244731752627
67005,16.292792558670044,0.8092213571071625,0.9195876196026802,1.0933188199996948,0.025107331573963165,13.672402501106262,-3.234286129671272,-10.171894599786796,0.8976193356887625,1.0267752408981323,0.3181818181818182,13.848640701987527,0.9674963889156631
67006,-9.844737499952316,0.7618844211101532,0.9251894280314445,0.8951855301856995,-0.030010385438799858,-8.709289878606796,-16.336965740377423,51.76967259074239,0.8835659377058683,0.9634541869163513,0.4583333333333333,22.822113831837974,0.9648542843874844
67008,1.889115758240223,0.8160808831453323,0.9272761642932892,0.9669235348701477,0.0031067002564668655,-1.9827604293823242,-4.188661547724579,-14.820252942219389,0.9502209268459832,1.0035083293914795,0.391304347826087,17.40635581638502,0.9629649462877736
67010,-7.172534614801407,0.725700318813324,0.8750707879662514,0.9231725931167603,0.02230347879230976,-6.838934123516083,-12.94686687368903,-564.8698268167165,0.8944074172046947,1.0335577726364136,0.21428571428571427,23.765669550214493,0.9358032789882279
67015,-5.610400810837746,0.8429504930973053,0.9628555774688721,0.9652566909790039,-0.012323916889727116,-2.8775654733181,-9.607570399049168,-5.362461218864527,0.9586925204308258,0.9875260591506958,0.08695652173913043,13.310550606769064,0.9814632487658334
67018,-2.32971478253603,0.7499628961086273,0.8842507302761078,0.9720972776412964,0.004674858413636684,-1.9146138802170753,-4.069176311554357,23.966484209458415,0.9342540240000274,1.0069502592086792,0.21428571428571427,21.106481552124023,0.9408758480644818
67025,9.982582926750183,0.7175399661064148,0.8555375635623932,1.0419483184814453,0.08419694006443024,3.606319800019264,-2.133212149567855,8.075908100129265,0.8762771515466736,1.0965021848678589,0.34615384615384615,25.295231892512394,0.9349230446185934
67033,11.545034497976303,0.8118571639060974,0.941160511225462,1.0448323488235474,0.041912127286195755,10.987468808889389,-12.679075375560448,23.34837868569383,0.930932588658014,1.0454509258270264,0.7727272727272727,13.625168800354004,0.9736450924890064
68001,3.928833454847336,0.7833182066679001,0.9378647767007351,1.041301965713501,-0.03312798961997032,3.038858436048031,19.77545359271136,-5.112386849673056,0.9395835951153685,0.9663451313972473,0.24,17.121837615966797,0.9715107138257912
68003,-6.65772408246994,0.779994785785675,0.9262893348932266,1.0200145244598389,-0.03412512317299843,-3.458879142999649,15.86779368592116,14.586262591590893,0.947524918512443,0.9667980074882507,0.04,14.177080154418945,0.964635035967472
68004,-13.830161094665527,0.6549063324928284,0.7945632338523865,0.9469179511070251,0.006409891415387392,-10.374446958303452,6.936896587926743,40.71359654365634,0.8803852651989362,1.006930947303772,0.5217391304347826,31.83474938074748,0.8930329824837349
68005,-11.537787318229675,0.752444714307785,0.8918635174632072,0.8618226647377014,-0.10682503879070282,-10.31021773815155,-15.327850835631136,-21.676355558392782,0.8115209003725778,0.8799881339073181,0.17391304347826086,26.725588674130645,0.954960605986245
68020,-14.92549180984497,0.644048810005188,0.761961355805397,0.8599170446395874,-0.08443159610033035,-18.260663747787476,11.599688942612909,-27.592337713955196,0.7811465586158791,0.8851925730705261,0.19230769230769232,32.137988163874695,0.877147042587494
69002,-5.989108979701996,0.7387439608573914,0.870707556605339,0.9795498847961426,0.049977824091911316,-3.952363505959511,-4.185482624141596,15.974954917795717,0.9143805824892994,1.052452564239502,0.17857142857142858,25.81366981778826,0.935492589978193
69007,-18.041031062602997,0.7430421113967896,0.900520384311676,0.8852837681770325,-0.10997040569782257,-14.923706650733948,5.041908263604753,-0.5060008765506147,0.8398467879169874,0.896405816078186,0.44,28.803302764892578,0.9580776604371969
69012,-3.466052934527397,0.7612291425466537,0.9040910676121712,0.9397175908088684,-0.026543326675891876,-4.512286558747292,-7.657078516488491,-4.592109756040869,0.9192236882444926,0.9772627949714661,0.2692307692307692,19.84089154463548,0.9512776930921134
69015,-14.149554073810577,0.6443800032138824,0.8314386755228043,0.8718724846839905,-0.1633765548467636,-14.293742179870605,2.5262423929877396,8.20823435075237,0.7764472400524891,0.8315269351005554,0.24,27.90081024169922,0.9280555582238441
69017,-1.8784483894705772,0.8021609783172607,0.9148365408182144,0.9846698641777039,0.011016808450222015,-2.997606433928013,-2.5933297439847443,-13.902403376292472,0.9528825440794877,1.0114262104034424,0.28,18.51784896850586,0.9569362878526754
69023,-11.310215294361115,0.7885442078113556,0.9153654724359512,0.9338420033454895,-0.0067163375206291676,-9.37698557972908,0.7521267281314392,-18.425365447922456,0.9208056054823714,0.992902398109436,0.2222222222222222,21.98577986823188,0.9570524081108307
69027,-10.602476447820663,0.720899760723114,0.8908709585666656,0.8963187336921692,0.029231570661067963,-11.358095705509186,-8.309212307913041,-1.2975655988850698,0.8791083774226074,1.030088186264038,0.32,24.978900909423828,0.9455970545508797
69030,-6.121816858649254,0.6962263286113739,0.8625596463680267,0.9789571166038513,0.0662657842040062,-3.8141440600156784,-3.0296973800206835,31.43772076016485,0.9025371986665045,1.066851019859314,0.4,23.529245376586914,0.9322716023671155
69032,-12.908071279525757,0.7157004475593567,0.8697110712528229,0.862993597984314,-0.09212253987789154,-12.459573894739151,-12.37578556290813,32.90778291538064,0.8267866676541444,0.9124289155006409,0.2222222222222222,29.393238491482204,0.940305699864408
69043,-20.52787095308304,0.6347774565219879,0.7312877178192139,0.776190996170044,-0.05331089347600937,-18.54107826948166,-5.041639620454276,23.10237494569654,0.7320146552272802,0.950960099697113,0.14814814814814814,29.945806094578337,0.8610008525354232
70002,-16.163980960845947,0.6751276552677155,0.8542595058679581,0.7963255047798157,-0.124542236328125,-15.441212058067322,-20.213673607949932,51.111995700379985,0.7561728412770944,0.8780844807624817,0.22727272727272727,27.742489901455965,0.9442775673831947
7001,-10.421092063188553,0.6231889128684998,0.7967328727245331,0.8917112350463867,0.010712310671806335,-9.792885929346085,-10.113580940297648,11.464685220239707,0.8469289794308972,1.0135352611541748,0.4074074074074074,33.062412120677806,0.8926637180242576
7002,-18.713445961475372,0.6568937003612518,0.8117740005254745,0.8448832035064697,-0.004239977337419987,-15.311333537101746,-12.277315193410233,-12.491637344102012,0.8168963497682614,0.9945952892303467,0.2962962962962963,33.89127519395616,0.9028582722241983
7003,-12.626360356807709,0.707548201084137,0.8626442700624466,0.9133456349372864,-0.033818602561950684,-12.109245359897614,10.573986846650207,-31.60308908557301,0.8792980053562527,0.9542199373245239,0.32142857142857145,23.98414441517421,0.9295430742369024
7005,-11.259788274765015,0.6690680086612701,0.8355428725481033,0.9158005714416504,0.018389852717518806,-7.963598519563675,-1.88542319135749,-48.43474774666156,0.877031932216364,1.0261033773422241,0.26666666666666666,27.77049382527669,0.9142666015124926
7006,2.822714112699032,0.5753649771213531,0.7627747803926468,1.09770667552948,0.07476368546485901,6.098543107509613,23.829298586344784,-32.979848147085235,0.8220304280878288,1.1090556383132935,0.37037037037037035,28.668421286123767,0.898839524340489
71001,-16.211821138858795,0.7512959539890289,0.884729839861393,0.8965524435043335,-0.05775870382785797,-14.341308176517487,10.648144680397708,-27.16213627655886,0.8595283415982478,0.9235569834709167,0.14814814814814814,25.653035552413378,0.9435433343780493
71004,-8.99200439453125,0.7708336561918259,0.8959987610578537,0.9199973344802856,-0.012480979785323143,-9.201754629611969,-5.194358795636094,-35.0352293829396,0.9027633855288657,0.9841938614845276,0.25,25.479463168552947,0.9470405939536855
71006,-7.485746592283249,0.7792321443557739,0.9017484560608864,0.9271611571311951,-0.043821949511766434,-6.974715739488602,1.3908165347171642,11.950327230491848,0.8927842408219456,0.9385178685188293,0.2962962962962963,23.911769301803023,0.9509116154860222
71008,-10.065779834985733,0.7584894895553589,0.8971048071980476,0.9131837487220764,-0.004439081531018019,-9.782791137695312,1.6731416954276224,-37.88771235841976,0.8984952620083166,0.9935817718505859,0.1111111111111111,20.262721732810693,0.9477988822319791
71014,-16.376471519470215,0.7381323873996735,0.8587171733379364,0.8597874045372009,-0.03520519286394119,-14.865149557590485,-2.8398088120868854,-41.519949069124564,0.8372810584077226,0.9562190175056458,0.21428571428571427,27.47800520488194,0.9299920890304139
72002,-19.196540117263794,0.7344497442245483,0.8516784608364105,0.8014240264892578,-0.06903990358114243,-20.216265320777893,-2.544905213509033,3.9589997384158573,0.7680023939252716,0.8991509079933167,0.21428571428571427,29.405736923217773,0.9350389916173293
72004,-11.944735050201416,0.772563561797142,0.8993543907999992,0.9102498292922974,-0.027063770219683647,-11.441583186388016,0.12193298912438844,5.830866502472325,0.8908259616354735,0.9636970162391663,0.52,25.445247650146484,0.9495423853039207
72005,-12.649349868297577,0.7875282466411591,0.9056613445281982,0.897094190120697,-0.018409932032227516,-8.724576979875565,-1.61567389476618,-14.04632047615711,0.8837775210701012,0.9724895358085632,0.3448275862068966,27.534618048832332,0.9535109339557442
72007,7.574547082185745,0.6753641963005066,0.8186284452676773,1.0747318267822266,0.09481129795312881,9.293454140424728,-3.8250821313874193,-13.385554481182893,0.8255484986946287,1.137210726737976,0.2962962962962963,22.555974677756982,0.9224004069499994
72009,6.903067976236343,0.7487545907497406,0.8599554598331451,1.0306257009506226,0.030062641948461533,7.041918486356735,-5.196932691343489,-9.91260329442734,0.9103527899586976,1.0510220527648926,0.24,20.843360900878906,0.9329519661650773
72014,-0.9026355110108852,0.7446830570697784,0.8792464062571526,0.9832172393798828,0.03653229400515556,-0.7644493132829666,-6.425991257453667,23.9140153979819,0.9169051967141941,1.0543367862701416,0.36,23.212568283081055,0.939414531965928
72015,-7.660296559333801,0.7893585860729218,0.9189357087016106,0.9383541345596313,0.00353002967312932,-4.253182932734489,-2.3796994215890357,-11.336793309242326,0.9256495490007135,1.0057753324508667,0.21428571428571427,23.34298746926444,0.9588366379775992
73005,-7.60263204574585,0.8121468722820282,0.9228952750563622,0.9519989490509033,0.005622762721031904,-4.794440418481827,-1.0297405787961924,-9.518366071557153,0.9375889086223361,1.006996512413025,0.27586206896551724,21.139274794479896,0.9607305175895108
73009,-13.522514700889587,0.788573294878006,0.9093926325440407,0.8971602320671082,-0.012182939797639847,-9.649142622947693,-5.476438611026122,4.978714743001804,0.8867264137510515,0.9834812879562378,0.27586206896551724,20.65447445573478,0.9554801210062046
73010,-6.002658978104591,0.8646480590105057,0.9775070752948523,0.9762663245201111,-0.03148617967963219,-4.5532964169979095,1.5168016511164866,40.666914026661885,0.9601980381841135,0.9699016213417053,0.20833333333333334,8.138780792554218,0.9892763618696584
73011,-20.209550857543945,0.8040992766618729,0.9097212702035904,0.8728585243225098,0.002748483791947365,-15.259185433387756,-2.7737509573716763,-10.617286513516488,0.8659073258704502,1.0037232637405396,0.2413793103448276,25.14139537153573,0.9575497028881752
73014,-16.340117156505585,0.7510898411273956,0.8813663050532341,0.896976888179779,-0.002597896149381995,-13.569772243499756,-0.5648196988328796,26.04023407488586,0.8806182812372455,0.9963887929916382,0.14285714285714285,25.237534727369038,0.9397904294188173
73015,-28.134942054748535,0.7058478593826294,0.818411111831665,0.7412477135658264,-0.020591074600815773,-28.359454870224,-9.017031988912747,18.18660139729201,0.7272221823716926,0.9610159397125244,0.125,39.5457665125529,0.9229595229853033
74001,-10.929469019174576,0.7584009021520615,0.8979713469743729,0.9026317596435547,-0.036624111235141754,-9.13994014263153,-7.615401655897751,25.458785662782596,0.8817207925774698,0.9557636380195618,0.1724137931034483,18.64967017338194,0.9494773223480084
74005,-1.883275993168354,0.7775334566831589,0.9158252030611038,1.0088355541229248,-0.012464554980397224,-1.8265394493937492,2.546618399008756,-24.784351709996397,0.9555630301869631,0.9871252179145813,0.21428571428571427,19.63787249156407,0.9583969080985727
74006,-5.540743097662926,0.7214174568653107,0.8737414628267288,0.9510965943336487,-0.016026949509978294,-6.6686175763607025,5.953812729716711,45.22876760492851,0.9166942879271154,0.9819579720497131,0.07692307692307693,21.348340694720928,0.9350170498850375
74007,-14.61176872253418,0.7371815741062164,0.8746066093444824,0.8920173048973083,-0.02383843995630741,-13.309711217880249,-5.134563963022145,14.733749735942563,0.8712583423729472,0.9701581597328186,0.21428571428571427,26.745818342481343,0.9365680164555099
75003,-4.781742766499519,0.864925816655159,0.9761562626808882,0.9893978238105774,0.01981973648071289,-3.0140167102217674,-0.18011352744213827,25.71714929304467,0.9742483382835164,1.0202888250350952,0.3181818181818182,7.002213868227872,0.9882056996856982
75004,4.433275014162064,0.809368222951889,0.9273907765746117,1.0588743686676025,0.02629029005765915,6.375958025455475,2.270424520185915,2.771097520668467,0.927109926194253,1.0283195972442627,0.08,13.507715225219727,0.9676770671918341
75017,-19.65542435646057,0.7928673774003983,0.9074678793549538,0.8980351090431213,-0.02292349375784397,-16.05384200811386,0.4844181272513236,-11.441806980358148,0.8846445542876642,0.9709237217903137,0.4,29.700370788574222,0.9545620212474584
76003,-5.277602002024651,0.7716381400823593,0.9232138246297836,0.9417985081672668,-0.08166943490505219,-6.220965087413788,1.8247986457844028,13.869952253299155,0.8858544464212533,0.9084206819534302,0.23809523809523808,23.315375191824778,0.9645737067086037
76005,-12.355121970176697,0.7747656553983688,0.8912075981497765,0.9237238764762878,-0.015465081669390202,-9.988490492105484,5.057849969707004,-13.90321247312561,0.9028617614856799,0.977078378200531,0.375,22.58890072504679,0.9443907416346661
76007,-10.63290387392044,0.8067798316478729,0.9275290966033936,0.9600360989570618,-0.007912078872323036,-7.627991586923599,9.180989101342425,1.0092772762981308,0.9448642577252484,0.9909036755561829,0.24,14.10623836517334,0.9631205535395272
76008,-18.67878884077072,0.7167471945285797,0.8403421342372894,0.8705490827560425,-0.0065842727199196815,-17.03874319791794,1.0016539499678987,-25.657106993381205,0.8464099109074364,0.989990770816803,0.38461538461538464,31.32564104520358,0.9179500711559241
76011,10.774212330579758,0.4138363003730774,0.6940606534481049,1.1180717945098877,0.278390496969223,10.96734032034874,-12.755013184012364,-60.27481190843383,0.4689910738961136,1.5087517499923706,0.27586206896551724,24.482630039083546,0.9040771777786017
76014,1.7399942502379417,0.7488975822925568,0.8973599597811699,0.9838498830795288,0.021093307062983513,0.1662488328292966,-9.27326324311276,32.518779773727026,0.9349384734371117,1.0358963012695312,0.2857142857142857,22.126962457384383,0.9481962210131772
77002,-7.135055214166641,0.7527960240840912,0.900098592042923,0.9754239320755005,0.04773928225040436,-3.8525868207216263,-5.506010861451778,-4.054023735362257,0.9187154437773146,1.0594136714935303,0.04,21.836875915527344,0.9502686054353172
77003,-14.737232029438019,0.7160749733448029,0.8579003512859344,0.9031391143798828,0.01943768747150898,-12.325326353311539,-4.435103255093618,-53.760462192936664,0.87512814016277,1.0290337800979614,0.2692307692307692,25.080235187823956,0.9267334330726585
77004,-9.035935252904892,0.7347497642040253,0.8617332875728607,0.9245652556419373,0.009563932195305824,-11.038974672555923,-12.722682291824356,-6.2801108496501765,0.8948972800529653,1.014928936958313,0.1111111111111111,28.075181113349068,0.9283528931135859
78003,-2.7985259890556335,0.8087931871414185,0.9346465393900871,0.9683454632759094,-0.007355214096605778,-4.426664113998413,1.5069380323752424,3.473772164216963,0.9534008347650912,0.9917988181114197,0.16,16.792709350585938,0.9668004048066251
78004,-8.616646379232407,0.7194787263870239,0.8502679914236069,0.9327050447463989,0.009937785565853119,-9.102125465869904,-7.163661342967361,29.950867603436304,0.896111692604607,1.0146065950393677,0.21428571428571427,25.964702878679546,0.92221300370723
78006,1.0107453912496567,0.767699658870697,0.9083104059100151,1.030263900756836,0.011737207882106304,1.3856563717126846,6.450496957534066,-33.45666766570892,0.944863162122779,1.0137598514556885,0.14814814814814814,20.34026781717936,0.9560132555194553
79002,0.4403437487781048,0.7741239666938782,0.9113300442695618,1.017000436782837,0.022857459262013435,0.546916713938117,1.0508043473093331,14.147130579855679,0.9464020190392579,1.026794195175171,0.2608695652173913,18.44019475190536,0.9568050950090675
79003,-0.6306133698672056,0.7164188623428345,0.8560143113136292,0.9338765144348145,0.015046595595777035,-5.562463030219078,-10.05702714173097,3.145932867991891,0.8981495487713992,1.0207806825637817,0.28,33.770362854003906,0.9253718397361718
79004,-6.155585870146751,0.7561842799186707,0.8994445577263832,0.9416344165802002,0.018093787133693695,-7.06942081451416,-9.885927003203495,25.889066313660276,0.9183662567824796,1.0247869491577148,0.12,19.13104820251465,0.9485885824429698
79005,-3.839058429002762,0.7857494503259659,0.9102086052298546,0.9834799766540527,0.03306691348552704,-4.679508879780769,-3.3180940507287913,20.621128307667544,0.9363408155248659,1.0419358015060425,0.24,20.2554931640625,0.9550448095462346
79006,0.44189924374222755,0.767377495765686,0.9069012552499771,0.9817423820495605,0.01790773682296276,-0.6398897618055344,-9.981103795526073,1.051982118697683,0.9445555264944342,1.022891879081726,0.19047619047619047,21.28040222894578,0.9529180405973496
80001,-4.816131293773651,0.7914952486753464,0.9101372957229614,1.0017389059066772,0.037793394178152084,-3.851034492254257,0.04254584183324786,20.298086077107204,0.9340438441667192,1.0489790439605713,0.2962962962962963,18.117422527737087,0.955861083483391
80002,-16.231955587863922,0.7140966653823853,0.9094623178243637,0.927909791469574,0.025640130043029785,-12.527081370353699,-13.768801681528359,15.981323521954865,0.9107762892372838,1.026108741760254,0.15,16.022329330444336,0.9543688045301802
80003,-2.6175862178206444,0.7432694435119629,0.887964591383934,0.9234787821769714,0.0004202856798656285,-5.403686687350273,-7.771223805312823,-422.93358617770957,0.9042878640126858,1.0005766153335571,0.14814814814814814,20.995182461208767,0.9425110122467629
80004,-22.668805718421936,0.6700362861156464,0.8066684305667877,0.7164871692657471,-0.07636173069477081,-26.047605276107788,-20.038589635879127,-5.7635242354351846,0.6835924575260932,0.8810629844665527,0.13333333333333333,32.97939936319987,0.9252457755078384
80005,-9.547211974859238,0.7060263454914093,0.8797449693083763,0.8911241292953491,-0.0009575291187502444,-10.962169617414474,-5.377136335465227,-554.4669225575841,0.8752807437993607,0.9987332820892334,0.06896551724137931,20.40574468415359,0.9391778570643932
80006,-4.240066185593605,0.8094955831766129,0.9489063173532486,1.0037429332733154,0.019368238747119904,-2.9437676072120667,2.5626519955990887,56.01286606789613,0.9696534962234181,1.016399621963501,0.25925925925925924,11.15215089586046,0.9747422657107202
8004,-18.72919499874115,0.6176470518112183,0.7821765542030334,0.8453524708747864,-0.04175326228141785,-17.963320016860962,-4.512403346319952,-12.219795187997889,0.8039505259266971,0.9599860906600952,0.38461538461538464,38.98750085097093,0.8863407501378672
8005,-0.2549975411966443,0.7127930223941803,0.9036156311631203,0.9628045558929443,0.03223314508795738,-2.0949263125658035,-8.69276903229219,25.25879789878836,0.9315713761886636,1.0302973985671997,0.34615384615384615,23.590414340679462,0.9512040664147868
8006,-10.13576090335846,0.7107601761817932,0.8667646944522858,0.9082781076431274,-0.036769069731235504,-10.59553399682045,-4.283535961410354,-5.841435675706943,0.8823557856299676,0.971585214138031,0.3333333333333333,28.359874089558918,0.9320304804957777
8009,-14.381061494350433,0.6822724938392639,0.8225872069597244,0.8796263933181763,-0.035032667219638824,-12.697874009609222,-4.2918349230100485,-9.222269385512465,0.8425911695908918,0.9571048021316528,0.15384615384615385,34.2530397268442,0.9080884299720196
8011,-8.85990858078003,0.6428655087947845,0.8173699527978897,0.9069345593452454,-0.0305529423058033,-8.851273357868195,-0.049034940448202086,-36.084458044867375,0.8634985252358188,0.9704850912094116,0.32142857142857145,30.16190528869629,0.9046042635773696
8013,3.9465609937906265,0.5559583008289337,0.7342256307601929,1.0981874465942383,0.0763237476348877,4.337427765130997,16.144526296508488,-34.64109465893511,0.8313981705220106,1.0761442184448242,0.25925925925925924,27.827907491613317,0.886035706328449
81002,-5.359939485788345,0.7551904022693634,0.9020498469471931,0.9922528266906738,0.053539980202913284,-3.438444435596466,-3.7387192338783883,22.64261536577184,0.917408781255496,1.0668470859527588,0.3076923076923077,18.998400981609638,0.952117249253596
81003,-11.543891578912735,0.705771803855896,0.8603184670209885,0.8780392408370972,0.011032557114958763,-9.950120747089386,-15.727077107267714,57.680938579410366,0.8578601127531296,1.0169708728790283,0.26666666666666666,23.751145998636883,0.9289978152118872
81004,-11.214849352836609,0.8181296437978745,0.9418049454689026,0.9394015669822693,0.01796726882457733,-9.489348530769348,-1.4454444785582254,20.471813777793972,0.928859662944611,1.0235915184020996,0.19230769230769232,18.345954683091907,0.9711518158000655
81006,-7.021287828683853,0.7268499135971069,0.8711923509836197,0.9528674483299255,0.03188878297805786,-4.411475732922554,-0.4769753665846196,35.89918474160312,0.9094997809295938,1.040339708328247,0.21428571428571427,23.85471935929923,0.9341097870935962
81007,0.48401360400021076,0.6981804966926575,0.8464628756046295,0.9774006009101868,0.04110203683376312,-3.8070280104875565,-0.8007626114083135,9.254412288051075,0.9013837525284858,1.0567526817321777,0.034482758620689655,23.635482788085938,0.9225818849212382
82001,-14.254970848560333,0.7284319996833801,0.8560276478528976,0.9000686407089233,-0.05436476692557335,-12.45543584227562,6.242176560901609,12.108247347960866,0.8563834260386751,0.9269166588783264,0.3333333333333333,31.80188735326131,0.9272107906546614
82003,-6.490388512611389,0.7342800199985504,0.8761462718248367,0.971956193447113,0.046934377402067184,-5.967197567224503,-7.117209443641581,25.884691258286622,0.908233109741976,1.0613911151885986,0.28,21.743192672729492,0.9378241362138595
83003,-1.1274623684585094,0.6494705080986023,0.7744462341070175,0.9806730151176453,-0.001503270585089922,-3.0939871445298195,2.455259272647317,-61.61076821107684,0.883559741049372,0.9980112314224243,0.3793103448275862,35.740378807330956,0.8851921328506126
83004,3.074175678193569,0.6435229182243347,0.7923232018947601,1.0620009899139404,0.10969901829957962,2.9222220182418823,-3.949293748707799,-30.97585938930661,0.8084888397945273,1.1570929288864136,0.19230769230769232,25.881068523113544,0.9096993165760864
83006,-8.675210177898407,0.7145514488220215,0.8475032299757004,0.8983392715454102,-0.002715849317610264,-10.985980927944183,-7.379869242547225,3.504918389792418,0.8711202302579198,0.9961264729499817,0.25,28.35641588483538,0.9208792876229838
83007,-5.372413620352745,0.7451454102993011,0.8838883265852928,0.9450611472129822,0.01174087729305029,-5.949568375945091,-5.763499792117594,38.59868148212943,0.9171584369629735,1.0165249109268188,0.20833333333333334,17.503772179285683,0.9402390232699906
83009,3.788645938038826,0.6805858910083771,0.7936132401227951,1.015931487083435,0.06157511845231056,3.8186706602573395,-8.126861943180824,0.4900539440853824,0.86223251598392,1.0938565731048584,0.14814814814814814,24.525930263378,0.9004158092042539
83010,-3.269783779978752,0.7598372846841812,0.8936931490898132,0.956941545009613,-0.011592144146561623,-3.9921145886182785,0.8952728287791343,-20.139893516631485,0.928767687651013,0.9842174649238586,0.2222222222222222,20.333786363954896,0.9454938227079276
83013,-6.280538439750671,0.7091976702213287,0.8560504764318466,0.9596302509307861,0.07260507345199585,-4.85968180000782,-9.12453907691528,13.393432595471358,0.8578899761187482,1.1160457134246826,0.07692307692307693,20.83137768965501,0.9285931750924669
84001,3.3599629998207092,0.7407547235488892,0.9028403088450432,0.9654679894447327,0.03508566692471504,0.6909199990332127,-11.801111764205702,32.68696805701891,0.9281334697669198,1.0395629405975342,0.37037037037037035,21.58410814073351,0.9509376708050962
84004,-2.938913181424141,0.7857969403266907,0.9305231496691704,0.9771414995193481,0.016335539519786835,-3.5012833774089813,4.887005070580205,12.503224398127935,0.9547679164179189,1.0169737339019775,0.2916666666666667,16.1203940709432,0.9648528422432586
84005,7.30714276432991,0.7967248857021332,0.9296848401427269,1.0124741792678833,0.04136589169502258,4.217508435249329,0.7535999652027227,7.389874329992592,0.9414662465951823,1.0461300611495972,0.4,16.583045959472656,0.9661974468777409
84008,1.3399150222539902,0.6363775730133057,0.8099547922611237,0.9634658694267273,0.01579444296658039,-2.0571360364556313,-12.575841944292259,25.398408842325537,0.8932384088775703,1.0223100185394287,0.19230769230769232,23.75602545561614,0.9021963307691462
84009,-6.045228987932205,0.6605088412761688,0.817049652338028,0.9714646935462952,-0.06459677964448929,-7.02337771654129,22.074158172158544,-16.433775341724793,0.8746374520958915,0.9193043112754822,0.25,25.864513715108234,0.9084046369957586
84012,1.372865680605173,0.7492680549621582,0.8830077648162842,1.0299854278564453,0.04833206161856651,1.7884407192468643,-2.873754883341981,-7.608124098316331,0.9106343024264867,1.0635417699813843,0.14814814814814814,18.683742593835902,0.9447773100374546
84013,10.356307029724121,0.7771223783493042,0.9218628779053688,1.0598734617233276,0.06038949638605118,7.681892067193985,7.346961106010595,-18.67172997478794,0.9058079331798967,1.064563274383545,0.34615384615384615,17.166139529301567,0.9665500727357573
84014,-2.5138868018984795,0.7459326088428497,0.872460812330246,0.9983147382736206,0.021380212157964706,-2.1051980555057526,3.3201368303864656,-16.858869038006517,0.9294578942580507,1.0303714275360107,0.25,25.135736806052073,0.9363531228979237
84016,30.42551279067993,0.6288293600082397,0.7301653921604156,1.2586661577224731,0.14790450036525726,25.326916575431824,8.649058094881777,-55.70538181623548,0.6760538641089964,1.1812738180160522,0.34615384615384615,35.036831635695236,0.9280783710578772
84017,1.1608147993683815,0.7152955830097198,0.8839085176587105,1.0427074432373047,0.07884005457162857,3.147560730576515,-1.4231924877120796,48.44819162668384,0.8917921138730063,1.084855318069458,0.2692307692307692,15.833055056058443,0.9481869137424148
84018,-14.650784432888031,0.7866073846817017,0.9186293035745621,0.899961531162262,-0.038385022431612015,-12.573114037513733,4.340075386177999,19.97892401300863,0.88490721597342,0.9583953619003296,0.20833333333333334,23.374716440836586,0.961170787077442
84019,-0.21964856423437595,0.6864320635795593,0.8437585383653641,1.0192595720291138,0.08723544329404831,1.1488350108265877,-6.917781470689829,1.1824698709779518,0.8667378112569251,1.109992265701294,0.4074074074074074,29.577083940859193,0.9272704920974556
84020,4.942034929990768,0.6809775233268738,0.8347953259944916,1.0194790363311768,0.06774341315031052,7.265692204236984,-16.46647869001161,3.440594893143888,0.8777895634863594,1.091542363166809,0.10714285714285714,23.644874777112687,0.9214127638716101
84022,-5.935176461935043,0.696578174829483,0.827168270945549,0.9412147998809814,-0.00720564927905798,-7.742329686880112,0.24493036519039074,-11.623313924024169,0.8921816942191817,0.9911611080169678,0.07692307692307693,30.662847448278356,0.910050229033503
84026,-1.382418442517519,0.7032952606678009,0.8719334155321121,0.9954284429550171,0.049827270209789276,1.7271431162953377,-3.2345768873152907,34.539292775333095,0.9041449207340087,1.072038173675537,0.20833333333333334,22.581201791763306,0.9369302083342025
84030,-6.001083925366402,0.7464806139469147,0.8870900049805641,0.933807909488678,-0.0017969447653740644,-6.433319300413132,1.3076048611619988,34.058618522319854,0.9118827966328622,0.9974333047866821,0.21428571428571427,24.141388280051096,0.9418909580300243
85001,-3.620113804936409,0.7578895539045334,0.9335461258888245,0.9919065833091736,-0.06100195646286011,-2.033870108425617,-11.873049783790622,8.559749953316684,0.9484164456513129,0.9600315093994141,0.8695652173913043,15.292311751324197,0.9684107701166444
85002,-8.0435112118721,0.7446700036525726,0.8761856853961945,0.9235466718673706,-0.01228092797100544,-9.99172031879425,5.013946977993236,-4.430278716931717,0.8989043350676739,0.9824903011322021,0.14285714285714285,31.453255244663787,0.9362141666895172
85003,-9.508919715881348,0.7336858212947845,0.8831154480576515,0.8978239893913269,-0.013435148634016514,-9.908007085323334,-10.994887762125739,31.033905714141802,0.8800542071543216,0.9789064526557922,0.03333333333333333,24.35565948486328,0.9408213016541224
85004,4.138242453336716,0.6618136465549469,0.8107508718967438,1.0364497900009155,0.0882212445139885,4.430054500699043,-5.518582600296112,-18.778535244786976,0.855780016211654,1.109174132347107,0.16129032258064516,30.13122004847373,0.9130987608888324
88001,-6.046298146247864,0.5560282170772552,0.6996395885944366,0.9645595550537109,0.09466883540153503,-6.56864121556282,-5.922990089092131,36.294244149857185,0.7986549391717044,1.1290861368179321,0.3103448275862069,25.305996270015324,0.8495986114978281
89002,19.256117939949036,0.6383191049098969,0.7804479598999023,1.1316572427749634,0.11322370916604996,17.953063547611237,-17.43791933893395,41.926465918276115,0.7709946881291603,1.1676517724990845,0.2413793103448276,20.88424090681405,0.9163179441703891
89003,-6.716307997703552,0.7094860672950745,0.8666253387928009,0.9557268619537354,0.053506482392549515,-6.246384233236313,7.089379317707166,8.313041500035633,0.8832505491961687,1.0845417976379395,0.37037037037037035,21.42078788192184,0.9327466880913787
89005,-20.99872976541519,0.6034827530384064,0.6661171615123749,0.8447241187095642,0.010193949565291405,-15.204963088035583,-6.380134841090837,18.712266875712185,0.759017190542518,1.0191013813018799,0.21428571428571427,36.77184922354562,0.8167044671142808
89007,1.6698181629180908,0.6012668311595917,0.7684033513069153,1.0431383848190308,0.1304912269115448,0.6843931972980499,-6.926440346394992,-42.42241764728081,0.7873254883468215,1.1815890073776245,0.06666666666666667,19.726568857828777,0.898044323052945
90003,-9.191025793552399,0.7099250853061676,0.8737065643072128,0.8941595554351807,0.004463961347937584,-10.665658861398697,-9.458957654776055,7.615327001413654,0.8759936434297761,1.0059126615524292,0.06666666666666667,23.61159324645996,0.9356539263240612
9002,-4.805159568786621,0.7478523552417755,0.9128490164875984,0.9450538158416748,-0.04315946623682976,-5.846146494150162,3.786065162148495,2.2419475032522334,0.9156276671850807,0.9530417323112488,0.21428571428571427,19.673636981419154,0.9564738183762634
9003,-7.466605305671692,0.6881532669067383,0.8610247373580933,0.9633390307426453,-0.023896778002381325,-7.562881708145142,13.328015008720923,-11.466979957799541,0.9133028204485231,0.9666571021080017,0.2962962962962963,21.276560536137335,0.9288619269627291
9004,-12.891106307506561,0.701785147190094,0.8828133568167686,0.8846345543861389,-0.10470518469810486,-10.672912001609802,6.3838698162390255,9.856104331696542,0.8428707907511648,0.9071425199508667,0.25925925925925924,28.053963625872573,0.9474843760733599
9005,-20.516952872276306,0.636619359254837,0.8019800931215286,0.7742687463760376,-0.08266908675432205,-22.35366702079773,4.640527959029041,-20.65884627127924,0.7345150929897142,0.8935714364051819,0.2857142857142857,40.03114700317383,0.9094428476664694
92001,12.866784632205963,0.808478444814682,0.9392915181815624,0.9984267354011536,0.017251521348953247,5.198966711759567,-2.4262168072325077,26.354581476305217,0.9671899781059288,1.0126036405563354,0.20833333333333334,15.089547634124756,0.969748212946701
93001,7.032647728919983,0.7270470559597015,0.8574889749288559,1.0230706930160522,-0.017368875443935394,2.1964551880955696,-1.7134641684725622,11.111122292403676,0.9235782346495652,0.9773350954055786,0.1724137931034483,25.411985660421436,0.9307588890704246
94001,-0.09418326080776751,0.8343510329723358,0.9678052850067616,0.991607666015625,0.029882661998271942,-0.4126656334847212,-1.581407919272892,44.22952708931439,0.9707101472171574,1.0232264995574951,0.36,7.778912544250488,0.9842521771459997
95001,0.949515774846077,0.7183620631694794,0.8879156932234764,0.9611227512359619,-0.006117359269410372,-0.985496025532484,-0.434002560507754,59.33393937990209,0.9304286915370052,0.9952991604804993,0.4,23.96248435974121,0.9424967079411607
96001,-4.154985025525093,0.699174702167511,0.837651938199997,0.9456342458724976,0.020095042884349823,-5.343084782361984,-6.827000897587242,1.0119437758706764,0.8959781200515977,1.0282500982284546,0.3333333333333333,22.60127420778628,0.9159354519655852
96002,-9.722035378217697,0.7815442234277725,0.9128159359097481,0.8892168998718262,-0.07906153053045273,-9.263484925031662,0.5030964261251984,14.574288125354157,0.8543497708714292,0.913683295249939,0.4,23.81817626953125,0.9613927409379145
96004,-7.32203796505928,0.6800876557826996,0.8426360636949539,0.9137322306632996,0.0011998008703812957,-8.473377674818039,-12.567060820407514,-84.53590820781737,0.8809403536824505,1.0017153024673462,0.07142857142857142,30.688033785138813,0.9179626359981299
97002,-14.401912689208984,0.7235753238201141,0.8627505153417587,0.8727999329566956,-0.049765996634960175,-12.793326377868652,13.889381813338735,28.140420242173615,0.8438560212249815,0.9401211142539978,0.16,25.13913726806641,0.9320617626539405
