basin,FHV_1%,mNSE,NSE,Alpha-NSE,Beta-NSE,FHV,FMS,FLV,KGE,Beta-KGE,Peak-Timing,Peak-MAPE,Pearson-r
10002,-9.38432365655899,0.7400521039962769,0.8959211334586143,0.9223807454109192,-0.07825002819299698,-9.153018146753311,9.62968177331282,-6.3921155325775985,0.8793987277500107,0.9223048686981201,0.375,20.57135502497355,0.9501664294141475
10003,-3.0198536813259125,0.7633630186319351,0.9285449534654617,0.9641920924186707,-0.08530125766992569,-4.336049407720566,5.46015650271721,12.992837599043622,0.9154854300151449,0.9307418465614319,0.28,14.359125137329102,0.9673838310549553
1001,27.58275270462036,0.7158807814121246,0.8208894580602646,1.1210908889770508,0.05496467649936676,21.2348610162735,-14.950423909039207,55.48833290019173,0.8446503117344891,1.0654767751693726,0.37037037037037035,25.132083892822266,0.9280047629050476
101002,-26.474592089653015,0.5690848231315613,0.7774207890033722,0.7555178999900818,-0.19458413124084473,-23.821181058883667,-4.433743536928884,50.68751642651197,0.6655661848192529,0.7873097062110901,0.25,37.408509254455566,0.9173119208163738
101005,-20.546939969062805,0.6774379909038544,0.8420221656560898,0.8178439736366272,-0.013985090889036655,-17.526239156723022,-0.18567697444176912,26.06571253873378,0.801672753775728,0.9812923073768616,0.2608695652173913,28.937673568725586,0.9238232260388549
102001,-15.580983459949493,0.7272777855396271,0.8191830813884735,0.9190121293067932,0.010837903246283531,-9.686026722192764,1.9607349883199277,-384.45827530072,0.8740810438407431,1.0178958177566528,0.42857142857142855,32.44825771876744,0.9052567256865273
106001,-3.1869713217020035,0.7040088772773743,0.8284690380096436,0.8930075764656067,-0.06977278739213943,-7.924745976924896,-9.252985277373243,31.55280587572486,0.8449691494556055,0.9290454983711243,0.36,36.22520065307617,0.9130940472386774
11001,3.871561214327812,0.7852867245674133,0.9440921097993851,1.0186972618103027,-0.005112755578011274,3.2229550182819366,-1.5381741724782694,-6.444685890254248,0.9666307363897507,0.9954168200492859,0.19230769230769232,13.058909086080698,0.9727435399175411
11003,-8.150219172239304,0.7036106288433075,0.8824835196137428,0.9236569404602051,-0.023506227880716324,-6.615776568651199,-0.16059206258250455,-8.192223511275088,0.9005858583378282,0.9791289567947388,0.38461538461538464,24.996150456942047,0.9398393120214388
11004,20.084616541862488,0.674074649810791,0.7771441340446472,1.2416695356369019,0.0773361548781395,19.30829882621765,15.584260938938929,-8.464616751473795,0.7428912407521395,1.0602376461029053,0.38461538461538464,19.010397104116585,0.9361863994198758
12001,-14.669197797775269,0.6919868290424347,0.8492726534605026,0.8910195231437683,-0.04925801604986191,-13.301876187324524,0.8945461460922116,19.51648527627584,0.8591668119707773,0.9542118906974792,0.43478260869565216,28.162954164587934,0.9234448462795406
12002,-12.073782086372375,0.7206873297691345,0.8809440433979034,0.8987661600112915,-0.024709787219762802,-11.31419688463211,-0.30811059326523565,21.981129803679124,0.8797015727487304,0.9754980802536011,0.44,24.965660095214844,0.9398079974663528
12005,-9.361428022384644,0.6578473150730133,0.820569634437561,0.8671345710754395,-0.049808815121650696,-12.904755771160126,-7.489782538465205,24.184136898363572,0.8293612893134163,0.9449768662452698,0.16666666666666666,29.331616560618084,0.9081479334294476
12006,-20.830121636390686,0.6717298030853271,0.8282556980848312,0.8305090665817261,-0.04159218445420265,-18.873557448387146,-8.338222313984502,-15.667198724489564,0.8058409560745057,0.9583436250686646,0.25,28.069939215977985,0.9149394083335635
12007,-18.242384493350983,0.6382043063640594,0.8083295822143555,0.853047251701355,-0.018489638343453407,-16.277091205120087,-7.394598003822107,11.601572817539116,0.8215660747119589,0.981399416923523,0.37037037037037035,33.222131375913264,0.9005134492989709
12008,-5.0856199115514755,0.7298821806907654,0.8820740506052971,0.9393706321716309,-0.022385943681001663,-7.2962261736392975,3.443383001961687,-61.068444783111566,0.9078486870638283,0.9660851955413818,0.125,25.068895022074383,0.9394547254434645
12009,-9.527955949306488,0.6817825138568878,0.8663797825574875,0.8974482417106628,0.020692728459835052,-10.701873153448105,3.872994652309434,-26.607485733466312,0.8722228738843143,1.0337470769882202,0.15384615384615385,26.535833798922027,0.9316533422550864
13001,-6.149741634726524,0.7537886500358582,0.8887317776679993,0.9583013653755188,-0.0181740615516901,-5.541183054447174,8.852955148120074,-28.293505129767965,0.9258563673333162,0.9773657321929932,0.2608695652173913,26.597292526908547,0.9430246364091737
13004,-23.243245482444763,0.7210232019424438,0.8446692079305649,0.8236339688301086,-0.06275655329227448,-19.677042961120605,-4.372495604620412,-11.267236831943535,0.7980857269942657,0.9341810941696167,0.2916666666666667,33.98026625315349,0.9269776176223602
13005,-8.72996598482132,0.7816974371671677,0.9113710224628448,0.9463239908218384,-0.0021974430419504642,-8.556770533323288,9.9416512794953,16.868701515006123,0.9296974605084444,0.9970080256462097,0.3333333333333333,22.364816211518786,0.9546967861279808
13007,-9.299277514219284,0.7340810298919678,0.8719663321971893,0.9190713167190552,0.0058729518204927444,-9.963204711675644,-2.395981281806713,8.515943512803661,0.8952719223857319,1.007280945777893,0.3333333333333333,23.838277657826744,0.9339280218869447
13008,-4.39632385969162,0.7528323382139206,0.8979838266968727,0.9556922316551208,-0.036055244505405426,-5.484118685126305,-1.5795089135061806,-15.35389423419401,0.9227421628012571,0.963445246219635,0.391304347826087,23.334810008173402,0.9483342952338703
14001,-0.3680391004309058,0.7871709316968918,0.9104664474725723,1.0291399955749512,-0.0027863529976457357,1.3254977762699127,7.364556335849771,16.823169163359918,0.9479164296451466,0.9972755908966064,0.23809523809523808,17.798574765523277,0.9569170967338766
14002,2.4462973698973656,0.7648304402828217,0.910285547375679,1.006557583808899,0.03480139002203941,0.7727246731519699,-0.7594244341936807,12.710565741002808,0.9416566553527326,1.0378159284591675,0.2608695652173913,20.37422967993695,0.956057998293316
14005,-2.7819346636533737,0.7631159573793411,0.9050128906965256,1.0068421363830566,0.03174717724323273,-0.2503195311874151,1.9888229773754655,15.18180184339002,0.9382686915168637,1.0398496389389038,0.38095238095238093,15.351282982599168,0.9533529647973765
15006,-21.194203197956085,0.7861847877502441,0.916189931333065,0.9018492102622986,-0.028338178992271423,-15.016475319862366,-6.616902446762493,-0.7465622664585551,0.8913630750244631,0.9773375391960144,0.56,23.76411878145658,0.959320560324486
15007,-15.098105370998383,0.8006521463394165,0.9326622188091278,0.8964092135429382,-0.026303069666028023,-12.375716120004654,-3.381044963014283,22.998026338936377,0.8895392590333138,0.977688193321228,0.6190476190476191,21.657386693087492,0.9688117403684352
15010,-14.47199434041977,0.7361404597759247,0.8768840059638023,0.8739790320396423,-0.030964015051722527,-13.16613256931305,-0.2246457306372864,-11.030582667892903,0.8564362482233777,0.9678655862808228,0.22727272727272727,23.72419834136963,0.9391999513697654
15011,-30.692175030708313,0.6520168483257294,0.7923043519258499,0.7443078756332397,-0.07255524396896362,-26.450955867767334,-1.6728397008095974,-26.813392683561343,0.7121658699912375,0.9051652550697327,0.34615384615384615,42.53756816570575,0.9079326600323138
15012,-11.474620550870895,0.6931982636451721,0.8790838792920113,0.906882107257843,-0.04811810329556465,-9.45659726858139,-11.595237205399595,-39.50485360589437,0.8819523611165808,0.9601140022277832,0.375,31.120089689890545,0.939391334951799
15013,-17.453014850616455,0.7249177694320679,0.8464383780956268,0.8677777051925659,-0.002493834588676691,-15.631601214408875,4.765934105903786,-5.349378246932109,0.8462438909291895,0.9966558814048767,0.23076923076923078,27.96177130479079,0.921597049141804
15014,-11.759003251791,0.6615527272224426,0.8241541236639023,0.9048086404800415,0.016821401193737984,-10.860203206539154,-2.981475808179219,-2.6625743549016545,0.8659920290969739,1.020761489868164,0.18518518518518517,29.969283512660432,0.9079907511347777
15016,-0.5452827550470829,0.8119529485702515,0.9596449621021748,0.9755058288574219,0.005723475944250822,-1.3765965588390827,-0.4505529662563938,28.1733834240719,0.9678192891444557,1.0045945644378662,0.35,9.485437273979187,0.97964014467555
15021,-13.206201791763306,0.7645798772573471,0.8949917182326317,0.967924952507019,0.010376757942140102,-8.059529215097427,8.371492592263706,42.445509355403495,0.9366856396296535,1.0100414752960205,0.5882352941176471,23.757583954755,0.9463430495526578
15023,-14.149922132492065,0.753234013915062,0.8995349556207657,0.9366574287414551,0.05170881748199463,-12.066688388586044,1.7487781657301853,18.4136932906176,0.8951758404340278,1.0668563842773438,0.125,22.284936904907227,0.9499395667574809
15024,-6.7160464823246,0.7633873820304871,0.9063059091567993,0.9270492196083069,-0.03625885769724846,-7.816948741674423,3.4229693154657173,-30.220198851231522,0.9016104300793842,0.9535887837409973,0.23333333333333334,22.306586901346844,0.9530458722286657
15025,-12.451992183923721,0.7067814469337463,0.8534053862094879,0.9318836331367493,0.021552689373493195,-8.939173072576523,-0.06345945013771272,4.0617477032644045,0.8953498042115342,1.023421049118042,0.2692307692307692,27.82678957338686,0.9240837401993122
15030,1.7576511949300766,0.7597648352384567,0.9278310537338257,1.0136100053787231,0.06452646106481552,2.0953968167304993,1.5156855809861607,1.6026438861244017,0.9206280114117842,1.0706785917282104,0.30434782608695654,12.148241374803625,0.9665452993234743
15039,-21.64246439933777,0.5981235504150391,0.7794167995452881,0.8215961456298828,0.012755312956869602,-18.25234442949295,-6.722496394693916,-15.731498851221367,0.7873333553588736,1.0150511264801025,0.20689655172413793,38.4939719890726,0.8852279211633722
16001,-6.636859476566315,0.7394096255302429,0.9064292162656784,0.9657164812088013,0.0051643988117575645,-5.216749012470245,-4.903216347148446,20.66269187721377,0.9409523202015915,1.004913091659546,0.48,25.111480859609753,0.9521760482685317
16003,-10.69338396191597,0.7625890374183655,0.907974123954773,0.916772723197937,-0.009914645925164223,-8.647531270980835,-5.605822165677049,-3.4626722766826044,0.9036713733794722,0.9857418537139893,0.07407407407407407,18.931093922367804,0.9536412902768363
16004,-3.8402538746595383,0.7757194340229034,0.9315129220485687,0.9679011106491089,-0.01418128702789545,-3.1557518988847733,-2.3749833963823743,13.879849771336842,0.950681022031941,0.9860377311706543,0.5217391304347826,21.00623448689779,0.9652569727946712
17001,-15.742594003677368,0.657889723777771,0.781801849603653,0.8504469394683838,0.013173345476388931,-12.71759420633316,-0.5739717236501996,17.037119184116648,0.8100544323134585,1.0219241380691528,0.34782608695652173,34.04272742893385,0.8849672527524707
17003,14.00858461856842,0.655141681432724,0.8123626857995987,1.1563801765441895,0.03480774909257889,12.84370869398117,27.74728849481427,-43.49405516751933,0.8246755246970201,1.0371376276016235,0.12,27.38434600830078,0.929966374930349
17004,4.441827908158302,0.7305774986743927,0.8850496336817741,1.0384852886199951,0.05504452809691429,4.4769637286663055,-6.624786858887319,19.036770529472882,0.912941986018176,1.0571889877319336,0.36363636363636365,22.84577109596946,0.9468266980478747
17005,-17.077037692070007,0.7671324014663696,0.8865120559930801,0.8616490364074707,-0.051915492862463,-14.781968295574188,-2.1664256162482816,0.1887806407721215,0.836344291161431,0.9306193590164185,0.16666666666666666,24.267510573069252,0.9468160873460738
17015,-14.492461085319519,0.6967710256576538,0.8286672532558441,0.9062294960021973,0.011644427664577961,-12.902174890041351,3.7506904122640266,10.3281540865968,0.8692316480009094,1.0166887044906616,0.25,28.0612309773763,0.9103956384600643
17018,-26.135772466659546,0.5906640887260437,0.7279837429523468,0.7703281044960022,-0.18524117767810822,-21.922264993190765,7.188779605066007,18.6866847856812,0.6679534494120878,0.7924085855484009,0.30434782608695654,43.4534736301588,0.8799519395453802
18001,-20.545770227909088,0.7166175544261932,0.8373866826295853,0.8573881983757019,-0.04547746852040291,-19.201628863811493,10.445138007072687,8.295897657537152,0.8258680619927818,0.9425678253173828,0.125,27.099208037058514,0.9182360031380139
18002,-17.884638905525208,0.7191151082515717,0.8726470619440079,0.8515285849571228,-0.04175000265240669,-18.19753497838974,-0.6675607199899373,23.815379459803015,0.8318324116541217,0.949616551399231,0.2857142857142857,22.302112125215075,0.9391881196448576
18003,-6.436493247747421,0.789846658706665,0.9367275312542915,0.9276400804519653,-0.036132365465164185,-6.55258446931839,0.09228621564577016,10.306402698480884,0.9118260255830017,0.9599541425704956,0.5833333333333334,19.003639618555702,0.9694218851099808
18008,-9.239833056926727,0.8222003281116486,0.9321934282779694,0.9446864128112793,0.0013838150771334767,-6.763163208961487,-7.502726674084492,26.487020858490112,0.934914556054091,1.001491665840149,0.25,15.109488368034363,0.9657319825643037
18010,-1.083990279585123,0.7891369163990021,0.9315552562475204,0.9702867269515991,-0.02733653225004673,-2.0449524745345116,-3.180801944529273,31.858438622597546,0.9448370039796925,0.9687809348106384,0.05,11.284648180007935,0.9655696717501847
18014,-4.75049801170826,0.7075760960578918,0.8607140779495239,0.9522395133972168,-0.021054839715361595,-5.949589237570763,7.631637627976503,6.1948314304357455,0.9099306484811234,0.9737368822097778,0.0,25.03195490155901,0.9282945424222587
18017,,,,,,,,,,,,,
18018,,,,,,,,,,,,,
19001,-1.46679962053895,0.7674970030784607,0.8962491974234581,1.0005970001220703,0.02366039715707302,-2.3192960768938065,-0.7197296552435374,20.482699380293052,0.9393396433998934,1.0319440364837646,0.32,17.660362243652344,0.9484354677435133
19006,7.147524505853653,0.6630643904209137,0.8705864250659943,1.0319619178771973,-0.014997330494225025,6.352555006742477,-4.294525129179121,30.599580495039508,0.928054742343412,0.9827286005020142,0.2916666666666667,22.37333059310913,0.9379012507028917
19010,-33.46702754497528,0.13852322101593018,0.4921691417694092,0.5889825224876404,-0.40269672870635986,-30.01139461994171,-22.32676641380119,53.178607938813926,0.40949638697363644,0.6034524440765381,0.13636363636363635,43.98095824501731,0.8499693828990391
19017,-8.993599563837051,0.6489270329475403,0.8820682764053345,0.9647237658500671,0.09707170724868774,-6.40648826956749,-0.20705787465008166,-3.217964668574517,0.8244952514615529,1.1626864671707153,0.21739130434782608,22.579197261644445,0.9444066778897463
19020,-18.06371659040451,0.7077872455120087,0.8137772679328918,0.7798750400543213,-0.0765952616930008,-21.48125320672989,-4.758779931081069,-20.12937270458216,0.7327902612229843,0.8743228912353516,0.21052631578947367,31.99132869118138,0.9154345765767531
20002,-1.4908350072801113,0.7089104950428009,0.8868086710572243,1.0267045497894287,0.050482481718063354,0.8341174572706223,9.327596928069557,87.68384213561185,0.897664001713474,1.0830271244049072,0.35,19.079246520996094,0.9464647762786422
20003,-20.323997735977173,0.720029890537262,0.8689075261354446,0.8588076233863831,-0.0613531619310379,-19.534416496753693,11.559465369513301,21.17554292199672,0.8198217035445108,0.9071580767631531,0.20833333333333334,34.0165654818217,0.9374755360719973
20007,-11.675020307302475,0.6445058882236481,0.8279613554477692,0.9382914304733276,-0.0879836305975914,-9.324046969413757,22.97869452142642,-70.72026210715477,0.8302023008845533,0.8669238686561584,0.38095238095238093,31.23848551795596,0.9144777553005754
2001,-21.87143713235855,0.6809359490871429,0.8000315725803375,0.8054276704788208,-0.08429714292287827,-20.519833266735077,-9.289657190551146,-15.29522774648687,0.7631998250228785,0.9053599238395691,0.32,33.349491119384766,0.9037753283287242
2002,-14.337174594402313,0.717780351638794,0.8552729934453964,0.8726796507835388,-0.0356534905731678,-13.175566494464874,-6.679883596470133,17.668187021995628,0.8462160788803618,0.9539143443107605,0.18518518518518517,27.293777465820312,0.9270950247923891
21003,-0.6110897287726402,0.7921065092086792,0.9141146391630173,0.9984347820281982,-0.0040121544152498245,-0.2962271450087428,-4.67587407638873,-9.162202363650582,0.9567909391720667,0.9960615038871765,0.4782608695652174,25.53954331771187,0.9569992874628563
21006,-3.430059924721718,0.741370290517807,0.877628393471241,0.9977285861968994,0.051852498203516006,-2.685108222067356,-5.249645818174858,3.5047989572189158,0.9188420369801625,1.0546300411224365,0.3333333333333333,26.324188709259033,0.9400248864292423
21008,-9.313318878412247,0.7163242101669312,0.7797618359327316,0.9295986294746399,-0.014683781191706657,-8.420657366514206,-0.12220573457690632,-5.842496372712871,0.8633529253807688,0.9816991686820984,0.42857142857142855,22.718134793368254,0.88432308093998
21009,-15.295478701591492,0.7597754746675491,0.8764365911483765,0.908556342124939,-0.007160312496125698,-10.752644389867783,-3.6547405814858283,24.921269509467756,0.8884845921009135,0.9923839569091797,0.17391304347826086,20.437136940334156,0.9366301371236515
21011,-4.966169223189354,0.6931211054325104,0.8614488244056702,1.0150035619735718,0.05504278838634491,-2.6427485048770905,5.087375446526774,30.31430117537246,0.9074818169731568,1.0623900890350342,0.4166666666666667,25.4180908203125,0.9333517884043828
21012,-14.300143718719482,0.7113911211490631,0.8037970066070557,0.9108458161354065,0.014322718605399132,-11.255695670843124,-6.502462813503613,30.18854866838036,0.862239532346124,1.019325613975525,0.25,29.19732729593913,0.8967721036147599
21013,-0.20136223174631596,0.7109240293502808,0.7755685895681381,0.9941707253456116,-0.012393421493470669,-2.95897014439106,0.8892333353900544,19.462482399402294,0.8861935434292211,0.9859020709991455,0.34782608695652173,28.323152790898863,0.8872206689499926
21015,-7.727370411157608,0.7034464776515961,0.7801428288221359,0.9973229765892029,0.013514230959117413,-8.008906990289688,4.263374728051366,23.261051347780253,0.8884870659520301,1.0173113346099854,0.6666666666666666,28.232645988464355,0.8898715036892537
21016,6.316373497247696,0.6629869937896729,0.6935020983219147,1.1272636651992798,0.10032953321933746,8.753486722707748,8.892454242824165,25.413836619814706,0.7639988990586559,1.1550812721252441,0.2608695652173913,21.39021555582682,0.8757008519675695
21017,-8.147571235895157,0.6780556738376617,0.7975158244371414,0.9364045262336731,0.008880841545760632,-7.093214243650436,-2.0924832413972685,-16.72636361074057,0.875825485835724,1.0125168561935425,0.38095238095238093,29.708380926223025,0.894083740646676
21018,-6.88934251666069,0.7300872802734375,0.8731441348791122,0.9525962471961975,0.012175843119621277,-8.488030731678009,3.4546291887777762,-7.1636012303796255,0.9182320409653506,1.0130869150161743,0.6521739130434783,30.957841873168945,0.9346730071091014
21022,-14.391349256038666,0.7023543119430542,0.7643645852804184,0.929222047328949,0.01601395569741726,-10.943388938903809,2.803771456910425,4.449541516238549,0.8551642158095943,1.0245405435562134,0.42857142857142855,26.28732862926665,0.876041750900919
21023,-41.60391688346863,0.6701537072658539,0.5323648750782013,0.631403923034668,-0.04374037683010101,-37.283191084861755,17.390914799476402,-297.3508066252705,0.5343040382553144,0.8869572877883911,0.43478260869565216,39.385065825089164,0.7387893454567402
21024,-17.346183955669403,0.6621037125587463,0.7395152151584625,0.8754211068153381,-0.026367342099547386,-16.473853588104248,10.537231028491,-16.995840988448123,0.8088121260533974,0.9603979587554932,0.4583333333333333,29.276777267456055,0.8604844781166805
21026,-21.291908621788025,0.6480952501296997,0.7499687075614929,0.8047010898590088,-0.03047761879861355,-19.7417750954628,-9.403690028681206,2.882645734283896,0.7594124844647901,0.9494166374206543,0.4444444444444444,39.07500019779912,0.8689198269786298
21027,-23.322153091430664,0.7009871304035187,0.7149962782859802,0.8565013408660889,-0.02313661389052868,-19.23058032989502,13.035359618855546,41.703483978180316,0.7857638756606689,0.9603021144866943,0.38095238095238093,25.70226306007022,0.845956727883106
22001,-8.438047766685486,0.7665198296308517,0.8931420519948006,0.96895432472229,0.014010010287165642,-8.147590607404709,1.876102285600922,7.71505997711137,0.9334645586305454,1.0220969915390015,0.3181818181818182,24.473133954134855,0.945457778100774
22006,-4.702968895435333,0.801264300942421,0.9221047088503838,0.9528288841247559,-0.0005970768397673965,-4.317236319184303,9.25663456182953,-86.35707065872418,0.9383283738294936,0.9987543821334839,0.21739130434782608,18.674398505169414,0.9602920192186811
22007,-10.997550934553146,0.7697114199399948,0.8920772150158882,0.9256697297096252,-0.011835859157145023,-11.96187287569046,-11.82665211548576,35.47900937971878,0.9044223385480115,0.9763513803482056,0.4166666666666667,27.13279326756795,0.9447655625922058
22009,-9.580590575933456,0.7522376030683517,0.88648871332407,1.0028105974197388,0.013228293508291245,-8.010334521532059,4.400297072935439,14.145390919229635,0.9399499793751612,1.0201307535171509,0.30434782608695654,20.34851364467455,0.9434946172296883
23001,-13.670353591442108,0.7154048383235931,0.8745299279689789,0.9099932909011841,0.005940048955380917,-10.75357124209404,0.5423292670598444,7.743996208457568,0.8890362732031706,1.007444977760315,0.4074074074074074,22.246830551712602,0.9355305243701257
23004,-15.464547276496887,0.7305926978588104,0.8588154166936874,0.9108461141586304,0.007800151128321886,-12.628920376300812,2.2539350119525285,40.14373560028107,0.8841521991639157,1.0113099813461304,0.25925925925925924,25.233293462682653,0.926894720300848
23006,-10.867013037204742,0.7270507514476776,0.874442994594574,0.9107910394668579,-0.020747210830450058,-10.571113228797913,0.3059176081231358,5.944055871940541,0.8864571724049742,0.9717798233032227,0.1935483870967742,24.193351499495968,0.9356777123690964
23007,-3.2603267580270767,0.6412367522716522,0.8501346111297607,0.9749444127082825,0.030571719631552696,-0.7719910237938166,16.527675711242676,-24.322107650586712,0.9048017526819391,1.0514804124832153,0.23809523809523808,35.21849458867853,0.9239428440680575
23008,-12.630359828472137,0.7456706464290619,0.8570893108844757,0.909673810005188,-0.008323483169078827,-12.33152449131012,-3.2025443983208195,11.509632043310978,0.88242145930974,0.986370861530304,0.2916666666666667,29.578018188476562,0.9259720376043884
23011,-4.679828509688377,0.6617186963558197,0.8411626666784286,0.9591254591941833,0.06156742572784424,-4.247265309095383,-7.784598684227455,-16.73431522124004,0.8735457275693999,1.0890334844589233,0.15384615384615385,24.51652196737436,0.9200438021478715
23016,-5.167262256145477,0.6846651136875153,0.8937707468867302,1.014154076576233,0.05670276656746864,-5.463461205363274,-25.618277426788733,45.88340436478032,0.8692437207489659,1.1196973323822021,0.18518518518518517,22.851120192429114,0.9493105997230866
24001,-15.130411088466644,0.7772574573755264,0.9079290553927422,0.9151783585548401,-0.0023860547225922346,-12.75433748960495,7.686714726830722,-0.40041149876674725,0.9032670497589492,0.9964597225189209,0.34782608695652173,24.542281938635785,0.9536317000501066
24003,-14.468327164649963,0.738383412361145,0.8628582656383514,0.8709180355072021,-0.04451733082532883,-15.852673351764679,2.338003053650635,1.864544231943505,0.8368188087663092,0.9269396662712097,0.125,32.621196905771896,0.9319696005409035
24004,-14.11576122045517,0.7459310591220856,0.8621177673339844,0.9350619316101074,0.011225366033613682,-11.744581162929535,1.6102872045768837,22.650841759533115,0.9020918456470387,1.0164361000061035,0.25,31.57712419827779,0.9285933575976136
24005,4.441997408866882,0.7178711295127869,0.8518808335065842,1.116882562637329,0.07311569899320602,3.513721749186516,-14.558017218956588,30.116724667393726,0.817578882538415,1.127573847770691,0.22727272727272727,24.704298106106844,0.9421999652920106
25001,-11.642570793628693,0.7085860073566437,0.8589172661304474,0.9492430090904236,-0.040751729160547256,-8.369461447000504,9.138113236207465,-2.792198030735809,0.8965007804905087,0.9457775950431824,0.18518518518518517,23.868468955711084,0.9279184689842266
25003,-13.072912395000458,0.5927867889404297,0.7383245825767517,0.8216565251350403,-0.01888594590127468,-14.752231538295746,-27.9115797887673,-427.937291356851,0.7716941749243456,0.97152179479599,0.21428571428571427,33.04377623966762,0.860335593063497
25006,-9.769541770219803,0.7100360691547394,0.8723601251840591,0.8859855532646179,0.0004516520712058991,-10.071246325969696,-19.793789575017996,24.179441375124014,0.8689063227301732,1.0007855892181396,0.08,23.914798736572266,0.935303469912749
25012,-9.006332606077194,0.6982016265392303,0.8580010235309601,0.8658720254898071,-0.037241145968437195,-12.053977698087692,-12.123646048391569,-54.81866885468275,0.8390324915237729,0.9460887908935547,0.13793103448275862,23.180320345122237,0.9291917605675835
25020,3.328937292098999,0.7136230766773224,0.8376913964748383,1.0138601064682007,-0.04164727032184601,-2.2056328132748604,15.016166278300403,-52.980460137868604,0.8941620406463348,0.9310536980628967,0.09523809523809523,27.208909534272696,0.920905255939247
25021,3.816482052206993,0.7057257890701294,0.8503604233264923,0.9906361103057861,-0.06981337815523148,-1.2303962372243404,18.240590794880713,39.800109581576876,0.8640714002175661,0.8857346177101135,0.13043478260869565,25.635889302129332,0.9269772349280461
26003,-26.055145263671875,0.45379018783569336,0.6710284650325775,0.7937430739402771,-0.3922049105167389,-25.51431655883789,0.8933339444076344,-58.28735654565429,0.6935827711423828,0.7893531322479248,0.2857142857142857,32.1235111781529,0.9164685945322654
26005,-28.294280171394348,0.47042858600616455,0.6651442050933838,0.8017346262931824,-0.22150437533855438,-27.551844716072083,39.415918095150396,9.257271101457738,0.6121227940597983,0.7041786313056946,1.3,60.535497665405266,0.8462817958057621
26008,2.8779854997992516,0.5546275675296783,0.8248802274465561,0.9746001362800598,-0.2752509117126465,-3.3149156719446182,23.518713898387222,7.355337749029394,0.8111039965142681,0.8198003172874451,0.1,27.099778652191166,0.9493579087498885
26009,0.838190596550703,0.7154082655906677,0.8797347396612167,0.9112860560417175,-0.09181497991085052,-3.8477621972560883,-3.244643092431348,-48.127287469370366,0.8790250700036766,0.9407474994659424,0.7333333333333333,16.35442892710368,0.9429569371838822
27001,-24.881511926651,0.7784968018531799,0.88414216786623,0.8370000123977661,-0.03681204468011856,-19.538353383541107,1.1580370951374217,23.632789236033748,0.8207644469139495,0.9471125602722168,0.20833333333333334,29.64406410853068,0.9474709009141207
27002,-14.202232658863068,0.7431445121765137,0.8910219892859459,0.8900023698806763,-0.05526207759976387,-12.673112750053406,-3.670618626652085,22.764345308858594,0.8592453892704457,0.9297575354576111,0.12,24.451303482055664,0.9472896785745709
27003,-5.596479773521423,0.8221403509378433,0.9536429531872272,0.9192931056022644,-0.06701838225126266,-9.256692230701447,3.8950317083398613,14.463404188745898,0.892419677907718,0.9315148591995239,0.08695652173913043,11.097163739411728,0.980772197533497
27006,-12.43191808462143,0.7682828158140182,0.9023645594716072,0.9098410606384277,-0.021281257271766663,-9.552905708551407,-0.07708783634540954,21.751003962473085,0.8932021946654017,0.9703000783920288,0.20833333333333334,21.322540442148842,0.9510607362748125
27007,-12.44850680232048,0.7692471295595169,0.9098070040345192,0.9025253057479858,-0.028350934386253357,-9.269663691520691,-9.955607764348752,14.011833007194976,0.8864638447502605,0.9621797204017639,0.12,20.25243377685547,0.9557420178896445
27009,8.309093117713928,0.8029176443815231,0.9410701543092728,0.9927172660827637,-0.04570809751749039,4.285638779401779,-1.0169894346149304,14.545791984037743,0.9411291219955205,0.949062168598175,0.17391304347826086,11.203123175579568,0.9713979127372092
27021,-16.29282236099243,0.802779033780098,0.9114299118518829,0.8734753727912903,-0.020009025931358337,-15.54364264011383,-3.1258509013746343,2.6396879272324365,0.8648122646513822,0.9763150811195374,0.2916666666666667,20.571589469909668,0.9586930137142532
27023,-9.820718318223953,0.7558112889528275,0.743251770734787,0.8165135979652405,-0.011440468952059746,-8.722776174545288,8.431117790098133,9.989580909810886,0.7701850000275228,0.977451741695404,0.38095238095238093,26.671264388344508,0.86347435944806
27025,2.6635687798261642,0.7065490782260895,0.8203634321689606,1.0812441110610962,0.08357129245996475,1.4588703401386738,14.389860508407343,14.274423520737614,0.8460496124986489,1.1058480739593506,0.4166666666666667,19.435862700144448,0.9232126216829595
27026,-7.483545690774918,0.765634223818779,0.8946652859449387,0.9337176084518433,0.025924190878868103,-6.503622978925705,-16.37325899363335,26.043710982846296,0.9054421890127403,1.040802240371704,0.0,21.040279215032403,0.9463064122077054
27029,-11.939986050128937,0.802789717912674,0.9098402112722397,0.8860154747962952,-0.05201534181833267,-9.723217785358429,-0.49032927328366055,11.797782840712195,0.864535164727004,0.9400623440742493,0.3333333333333333,27.029629548390705,0.9579794453659611
27030,-5.14918826520443,0.7829488068819046,0.876294232904911,0.9591934084892273,-0.007183919195085764,-7.321574538946152,-6.856834521157654,-8.713274214653051,0.9238612813458358,0.9906020760536194,0.36363636363636365,23.157800327647816,0.9364106487447076
27032,-16.00867509841919,0.6952114701271057,0.8501647859811783,0.8206350803375244,-0.05434536561369896,-18.02215576171875,-17.62787154007906,-26.767990171612006,0.7944417267083598,0.9279050827026367,0.125,25.69860617319743,0.9301089976248681
27034,-6.229408830404282,0.7602601498365402,0.8920945674180984,0.929105818271637,-0.025587480515241623,-6.024500727653503,-8.667660162975423,28.64363600646528,0.9033300829576054,0.9640455842018127,0.36,21.53331756591797,0.9449875664721115
27035,-9.88161712884903,0.8019288629293442,0.9093459472060204,0.8709378242492676,-0.06347706913948059,-11.285827308893204,-2.3155216973182293,9.638125264352736,0.8389508528651295,0.9124425053596497,0.48,16.99049186706543,0.9598320063276587
27038,-45.09053826332092,0.2510834336280823,0.2786521911621094,0.5433506369590759,-0.34251922369003296,-48.137274384498596,-5.896793632923937,-41.07625354658056,0.3913082019769907,0.828183114528656,0.18181818181818182,33.89330343766646,0.6360549188658687
27041,14.658264815807343,0.7586391568183899,0.9029723629355431,1.0310187339782715,-0.09455443173646927,9.219494462013245,0.39227857401590505,-13.202788267433032,0.9101096015355966,0.926973283290863,0.92,19.86115074157715,0.9577481299211752
27042,-3.7653587758541107,0.7542901337146759,0.8731455057859421,0.9462462663650513,-0.04327875003218651,-1.109900325536728,-7.23612850820775,-9.051511828185973,0.9060055583550697,0.9577690362930298,0.16666666666666666,22.87513017654419,0.935486149666713
27043,-4.669588059186935,0.7683319300413132,0.8945656269788742,0.9588354229927063,-0.020022790879011154,-4.303906485438347,5.226644467214327,-7.4281207483716205,0.9270276072805997,0.9730452299118042,0.18518518518518517,22.188285545066552,0.9461122642106994
27047,-7.951842248439789,0.7075638771057129,0.8997406139969826,0.9127853512763977,0.04622343182563782,-7.051372528076172,-22.048181229342422,-66.64280887603059,0.8737078795004697,1.076712965965271,0.07407407407407407,16.860772945262767,0.9504174869424944
27049,-22.812020778656006,0.7351735234260559,0.8609679192304611,0.8341349363327026,-0.07734768092632294,-17.939801514148712,1.6001307236653624,-12.375346830456222,0.8067855407317843,0.9237207770347595,0.36,33.14590072631836,0.9367379413173148
27051,-9.165000915527344,0.7284475564956665,0.859340250492096,0.9308571815490723,0.022832410410046577,-6.116015464067459,-15.412710180185544,-5.153128624942801,0.8910506271015509,1.042462706565857,0.125,21.74932360649109,0.9272940507060854
27062,-6.398959457874298,0.7700587958097458,0.9256998226046562,0.9003182649612427,-0.08659293502569199,-7.89555162191391,-2.7312914622285107,32.72846756755267,0.850917604825497,0.893737256526947,0.21052631578947367,15.42925715446472,0.9684192843619754
27064,-6.382140517234802,0.7092892229557037,0.8635880798101425,0.9580366015434265,0.015831077471375465,-5.051718279719353,9.14228188338269,-36.482774210849826,0.9143144838455873,1.0257089138031006,0.3181818181818182,26.19651881131259,0.9298563429832197
27065,-10.95651090145111,0.7975177466869354,0.9047494679689407,0.9106133580207825,-0.02284555323421955,-9.757581353187561,0.7663554831438308,-33.38492171554939,0.8947525183080247,0.9713857173919678,0.34782608695652173,26.050936657449476,0.9523735003489703
27071,0.25819549337029457,0.7574675977230072,0.9033350124955177,0.9141502380371094,-0.07863238453865051,-2.8528526425361633,-7.033063036610468,11.699070710799809,0.8684169219160345,0.9112449884414673,0.19230769230769232,17.822707616365875,0.9545415273880578
27073,0.49957833252847195,0.663594663143158,0.8355232328176498,0.944763720035553,-0.0465146042406559,-2.306176535785198,-13.878072038576866,12.662861192868258,0.8953712783877184,0.971859872341156,2.0625,19.33153122663498,0.9157132514730012
27077,31.978458166122437,0.6614842414855957,0.6655435264110565,1.3393350839614868,0.14263245463371277,27.606436610221863,6.093211370082499,-2.8362513519785573,0.6098447178251024,1.177639365196228,0.2,33.550960540771484,0.9257228101332194
27079,-16.932976245880127,0.7659548372030258,0.9033749476075172,0.8625380992889404,-0.0933903157711029,-15.161707997322083,1.0907697803898966,11.172218698737693,0.8276503574190133,0.9040395021438599,0.25,22.622038069225493,0.9599974000607658
27080,-1.0909931734204292,0.8104666620492935,0.9329733327031136,0.9469892382621765,-0.060489118099212646,-1.4841558411717415,-3.1347934142078855,-12.018165850201383,0.9131574339326248,0.9390970468521118,0.4,13.747451782226564,0.9680262495317133
27084,-10.193157941102982,0.7635018825531006,0.887321412563324,0.9017750024795532,-0.020421210676431656,-10.655611008405685,-4.236495567196174,20.77607906422541,0.881975541751251,0.9676804542541504,0.2608695652173913,22.783202710358992,0.9431047491454617
27087,19.240882992744446,0.5290017127990723,0.7428803145885468,0.9929534792900085,-0.2961369752883911,9.801638126373291,10.013799958518248,-11.749532237832838,0.8111075539083235,0.8316053748130798,0.9047619047619048,30.043329511369976,0.9147125276225326
27089,-3.611218184232712,0.7630956470966339,0.9130826964974403,0.9527965188026428,-0.0440668985247612,-5.2230920642614365,0.6912891294369524,29.568929447111742,0.916042876132209,0.9458239674568176,0.125,18.58536799748739,0.9565766478852404
27090,-8.231960982084274,0.7217696011066437,0.8727254271507263,0.9307887554168701,5.6740980653557926e-05,-7.446768134832382,-0.6503697834275544,40.29100881353839,0.904504877105426,1.000082015991211,0.25925925925925924,24.358788243046515,0.9342039864940045
28001,-24.979043006896973,0.5553779602050781,0.7213173806667328,0.7691274881362915,-0.05388711765408516,-27.050885558128357,8.638578128705001,-153.7228689093157,0.7141819938151313,0.9135581254959106,0.6,46.6082763671875,0.8553707558705548
28003,-15.165185928344727,0.6383500695228577,0.8483382314443588,0.8688638210296631,0.03663211315870285,-14.922316372394562,-1.9197939893370188,-48.46604997353693,0.8433475605659764,1.0384000539779663,0.19230769230769232,22.725371214059685,0.9233923946322594
28008,-11.124258488416672,0.7836194038391113,0.9158523827791214,0.9220854640007019,0.002466853940859437,-9.447377920150757,-5.223317859093026,-0.9744084003500196,0.911298945003947,1.002246618270874,0.20833333333333334,20.65629760424296,0.9576661489612406
28009,-7.578864693641663,0.852365642786026,0.9583058506250381,0.947360098361969,-0.022616926580667496,-5.286043137311935,0.7899030837001768,-19.65555331689435,0.9403100844528973,0.9804825186729431,0.44,12.50871467590332,0.9797269958761248
28012,13.902737200260162,0.6165406107902527,0.7574075013399124,1.0573878288269043,0.01602228358387947,12.01011911034584,-12.005319356398061,31.154568277474738,0.8726714590609063,1.0119338035583496,0.5555555555555556,23.56795009813811,0.8869655858915386
28015,23.657310009002686,0.3192487955093384,0.5957421064376831,1.2251698970794678,0.3916098177433014,22.87510484457016,-1.5445036597632154,5.103661083888138,0.6531963391628192,1.2507908344268799,0.20833333333333334,12.975664933522543,0.918297772449207
28018,9.460553526878357,0.7862867414951324,0.9196629151701927,1.0940523147583008,0.002886819886043668,7.673259079456329,14.871505918770268,-18.177615319416585,0.9003996307546293,1.0026721954345703,0.17391304347826086,15.548171167788299,0.9673311308126654
28022,-10.53033247590065,0.8364869952201843,0.9397481419146061,0.9340304732322693,-0.03391697630286217,-8.66442620754242,5.130804952237658,-17.256996788655453,0.9222484755194948,0.9711148738861084,0.625,14.307638009389242,0.9706918000131561
28023,-11.73338070511818,0.784937858581543,0.9406618662178516,0.8944330811500549,-0.11521533131599426,-10.87772622704506,-1.6573046152467303,5.157945940509864,0.8649162129936951,0.9180108904838562,0.2857142857142857,19.47223118373326,0.980479726506946
28024,0.8953502401709557,0.805208683013916,0.9191578105092049,0.91837477684021,-0.03744063898921013,-4.306621104478836,6.60954628514942,32.00606620556892,0.8922821693139846,0.9419443011283875,0.13043478260869565,18.249298178631328,0.9603769029435583
28026,-2.679911069571972,0.757805123925209,0.9018062725663185,1.0072098970413208,0.004255257546901703,0.21619603503495455,2.6740242529692484,0.5545010276597461,0.9504469629718213,1.005549430847168,0.18181818181818182,20.653345368125223,0.9512893781538143
28031,-6.991121172904968,0.7557612061500549,0.8937708213925362,0.9635414481163025,0.007176345679908991,-7.2938136756420135,5.987439366194349,0.6667959689268583,0.9340199740863717,1.0079951286315918,0.34782608695652173,20.748779048090395,0.9455921353821793
28033,-21.728868782520294,0.6987192034721375,0.8373288214206696,0.8362365365028381,-0.09418588131666183,-20.70484757423401,-0.27072946351457067,-68.61255846358743,0.7932870766681446,0.8992665410041809,0.21739130434782608,23.460068910018258,0.9240754918715117
28039,-13.120929896831512,0.6531186103820801,0.8813541159033775,0.8978531956672668,0.07236368954181671,-9.922385960817337,-10.342626769412128,2.993975249287734,0.8284475555500204,1.1253306865692139,0.038461538461538464,27.22625182225154,0.9426546378033658
28040,-8.847509324550629,0.7477434873580933,0.869709312915802,0.9298500418663025,-0.011590421199798584,-9.089849889278412,1.5075393305207334,24.262392640900224,0.9013226263891218,0.9832278490066528,0.23076923076923078,20.40839562049279,0.9326583161211593
28043,-23.43229204416275,0.7453319132328033,0.880439780652523,0.8034849166870117,-0.0499323308467865,-21.12770527601242,-4.992505804856765,12.153134496391514,0.7885563188120884,0.9391142725944519,0.22727272727272727,32.445422085848726,0.951182169824113
28044,-3.3049069344997406,0.4931631088256836,0.7848697006702423,1.0365139245986938,0.11450046300888062,-1.4608186669647694,0.4108027381799947,8.39416257774437,0.8884980197402239,1.0415637493133545,0.5238095238095238,14.865943363734655,0.9031915310767233
28046,-6.052176281809807,0.8049337714910507,0.9370857551693916,0.9392890930175781,-0.03941423445940018,-7.062045484781265,-5.14118219638897,-32.30115442364786,0.9269116516555825,0.9732882380485535,0.2727272727272727,18.159119649366897,0.9692986285235352
28048,-18.547911942005157,0.7151163816452026,0.8354424983263016,0.8846343755722046,-0.018831433728337288,-16.13713800907135,7.3683753484010515,8.53992925721969,0.8537720529164804,0.9717209339141846,0.22727272727272727,26.105260848999023,0.9147141299513246
28050,7.5775280594825745,0.634050577878952,0.6881865561008453,1.064888834953308,0.0027760372031480074,5.5256035178899765,-5.207799123200565,30.010258976812032,0.841649760098587,1.0023200511932373,0.4166666666666667,23.394020398457847,0.8555740503313268
28052,-17.421922087669373,0.6984135210514069,0.8135553151369095,0.8176709413528442,-0.0900152176618576,-19.946107268333435,6.580109763372288,-6.458441571255968,0.7777850445280101,0.9090977311134338,0.25,27.42624282836914,0.9112735759791093
28055,-10.640464723110199,0.7812944650650024,0.895398698747158,0.9493495225906372,0.00505111925303936,-8.64536464214325,5.195034882284007,-27.230898795853154,0.9258614084749008,1.0066730976104736,0.30434782608695654,25.37752234417459,0.9462735664704027
28056,8.1713005900383,0.7113208472728729,0.8803806826472282,1.061711072921753,0.09060503542423248,8.693119883537292,-19.72510454284278,-15.509596594771399,0.848633427087887,1.1285914182662964,0.22727272727272727,18.24493408203125,0.9493262393119818
28060,-30.48177659511566,0.5846655964851379,0.697874903678894,0.7481246590614319,-0.12370859831571579,-26.362821459770203,9.76101735839308,15.612107374292611,0.6776912204692203,0.8652660250663757,0.23809523809523808,45.49942924862817,0.8507066043380138
28066,9.75344255566597,0.5759806334972382,0.7909084260463715,1.100675106048584,0.16574278473854065,10.49140840768814,-11.08381197004934,19.553085482051006,0.7348632331265625,1.232580304145813,0.2222222222222222,19.579156239827476,0.9220998697456351
28067,-23.19483458995819,0.8014179915189743,0.9257693365216255,0.8509746193885803,-0.00620313873514533,-17.791356146335602,-3.610765979366929,23.899825028777112,0.8477440166613479,0.9936431050300598,0.21739130434782608,24.241918066273566,0.9694564199481698
28072,-10.818063467741013,0.6159429848194122,0.8201310932636261,0.926356315612793,-0.004631499294191599,-8.026640862226486,31.418067377814,-41.65692660324422,0.8803616230274913,0.9948399662971497,0.5,23.760953816500578,0.9058547768249552
28074,-7.622931152582169,0.8009968996047974,0.9435048773884773,0.9286993145942688,-0.020017288625240326,-5.939317494630814,2.2782622789657445,3.485833063411265,0.9206483050546113,0.9785836338996887,0.43478260869565216,19.713864119156547,0.9725365148891038
28080,-2.3155033588409424,0.7098885774612427,0.8382091373205185,0.9823129773139954,0.04148321598768234,0.12966236099600792,-2.7930945645193104,-28.199723821691475,0.9114354299585873,1.0303055047988892,0.17857142857142858,16.561276572091238,0.9186831587307428
28081,-10.848865658044815,0.4836556315422058,0.8141915798187256,0.8850477337837219,0.15922367572784424,-8.813508599996567,-12.904903840818447,30.49923342116163,0.7905290160520948,1.1540929079055786,0.14285714285714285,26.71097842129794,0.916816796520882
28082,-6.871514022350311,0.7662903666496277,0.9146096184849739,0.9488615393638611,0.03278207406401634,-5.1051463931798935,-10.093198823237916,21.586179358419844,0.91962175635605,1.0446324348449707,0.13636363636363635,20.02091191031716,0.9569481050955745
28085,-12.26724311709404,0.8143740445375443,0.9441130980849266,0.8952004909515381,-0.05046311765909195,-11.150375753641129,-2.227180843156625,1.2175454481946755,0.8822982321733656,0.9519264698028564,0.17391304347826086,20.652872583140496,0.976341920046195
28091,-10.745780169963837,0.6554834842681885,0.8637856990098953,0.952690839767456,-0.08230873197317123,-7.153331488370895,19.303560390842726,-8.663463084021348,0.8926425355232829,0.9304967522621155,0.32,23.208351135253906,0.9332409774573706
28093,-9.084932506084442,0.806710496544838,0.9418647177517414,0.9066194295883179,-0.00769457034766674,-8.120395988225937,-4.645118306286188,-25.758022602377523,0.9023281509881127,0.9911153316497803,0.34782608695652173,21.054390202397887,0.972780120733251
28115,11.620483547449112,0.6196302175521851,0.8101955503225327,1.1112984418869019,-0.09462124109268188,6.13442100584507,0.7395842263273816,-54.22712090419384,0.8577814933970827,0.9542427062988281,0.037037037037037035,15.045097139146593,0.9242040203766936
28116,5.119795724749565,0.4300287961959839,0.6984599530696869,1.0708348751068115,0.05894272401928902,6.822292506694794,13.032350234992801,12.811149395274828,0.8417813471192923,1.0359536409378052,0.4230769230769231,28.15488851987399,0.8631683578579002
28117,-12.755271792411804,0.7971417754888535,0.9385371208190918,0.921229898929596,-0.057136766612529755,-10.353129357099533,9.052260522024726,2.02772152408628,0.901518680669487,0.9480625987052917,0.2,21.429424285888672,0.9717803653250218
29002,10.200639069080353,0.6663647890090942,0.8367964327335358,1.07082200050354,-0.0676698088645935,7.753846049308777,-2.9246288881227303,-54.876950496121026,0.8931134540539156,0.9644393920898438,0.3181818181818182,22.96588939169179,0.9282753800008595
29003,-17.758841812610626,0.6695396304130554,0.8492207378149033,0.8629820942878723,-0.12425905466079712,-16.78553968667984,2.376478792034298,-29.973371205881527,0.825706274224787,0.9160758852958679,0.5882352941176471,35.65957125495462,0.932463792451787
29005,-42.449361085891724,0.6710901260375977,0.7208552956581116,0.6526979207992554,-0.1023128554224968,-40.01496732234955,6.674512796928295,-15.290161120505918,0.5911474954217304,0.8164856433868408,0.17647058823529413,51.24795171949599,0.8865799083071176
29009,-2.9637813568115234,0.7248045206069946,0.8494170606136322,0.9015584588050842,-0.044522564858198166,-2.8285253793001175,-1.4535697200875866,-0.8547247391010337,0.8577222499725136,0.9320496916770935,0.15,34.93928909301758,0.9229611999128
30001,-5.650104582309723,0.6709390878677368,0.869836613535881,0.9082537889480591,-0.1642467975616455,-6.898785382509232,8.970786535084367,12.722451959777148,0.8114810748576302,0.8437943458557129,0.09090909090909091,21.33100758428159,0.9478290166107397
30004,-10.272551327943802,0.6936343908309937,0.8450290709733963,0.9111536741256714,-0.06925269961357117,-7.669602334499359,5.4707688706856095,22.456247098841402,0.8619739792666828,0.9288564324378967,0.56,30.463587320767914,0.9219224387378605
30005,9.212592989206314,0.5887877345085144,0.7809381037950516,0.9574329853057861,-0.2368585765361786,2.8861885890364647,15.53517050581201,-1111.572060432714,0.785921738266655,0.8078144788742065,0.2,35.114336013793945,0.9158437353704412
30011,-2.1400107070803642,0.712476372718811,0.9073985889554024,0.9623982906341553,0.01026842650026083,-2.7888743206858635,2.7626555201064678,-12.591144348132985,0.9387858924771426,1.009698510169983,0.4090909090909091,22.94792045246471,0.9526796310974943
30012,33.16667079925537,0.6188690662384033,0.6519836187362671,1.279836654663086,0.1365652233362198,31.177586317062378,-18.105931243360825,73.48429054279771,0.6300100632905609,1.2212779521942139,0.45,42.29990641276042,0.9019180554538054
30014,-14.459462463855743,0.6319953799247742,0.7422959506511688,0.8917637467384338,-0.029190409928560257,-11.053655296564102,6.170323739621456,-3.8673264763915403,0.8172627077950753,0.9472106695175171,0.22727272727272727,35.611687535824984,0.8625550363618318
30015,-11.564566940069199,0.7531328648328781,0.8629166930913925,0.8962022066116333,-0.054539989680051804,-11.722677201032639,-0.47444160155312937,-874.0058443880715,0.8693769501240687,0.9605838656425476,0.23529411764705882,26.652880275950714,0.9311903524285204
3003,-10.660834610462189,0.7133243381977081,0.8690045028924942,0.8960729241371155,-0.016448408365249634,-10.398424416780472,-15.68397915522897,17.049084521425755,0.8744029742295336,0.977729856967926,0.1,25.03727595011393,0.9330835108937386
31002,-2.9904738068580627,0.7707691639661789,0.9165341034531593,0.9694066047668457,-0.015227136202156544,-2.548370882868767,-13.233660337317849,47.77126853744475,0.9424397656898869,0.9760120511054993,0.1875,23.9722341299057,0.9575523493020173
31006,-12.45870292186737,0.601996660232544,0.8385877162218094,0.9461658000946045,0.12156573683023453,-7.9934000968933105,-6.147950096322887,24.38790552889463,0.8821724093480352,1.0722200870513916,0.5384615384615384,18.95275849562425,0.9240429129989681
31010,-2.428077533841133,0.7640340775251389,0.9036527127027512,1.0181151628494263,-0.008771100081503391,1.30563173443079,9.19269907865689,-42.51243919279769,0.9481920731603342,0.9883450269699097,0.2727272727272727,22.695638916709207,0.9528824474104309
31021,0.08130641072057188,0.7820206433534622,0.8783202841877937,0.9444668292999268,0.0015506962081417441,-6.1699029058218,-0.3144613019743474,-3.013779614506041,0.9161382987054504,1.0026675462722778,0.15789473684210525,34.673761066637546,0.9372167530873239
31023,-9.717322885990143,0.49862921237945557,0.6704160869121552,0.9237087965011597,0.03743872791528702,-8.614344894886017,-72.60916800539815,-287.31765565324025,0.7757916632794493,1.1183264255523682,0.20833333333333334,38.93328507741292,0.8255067693585385
31025,-2.5403613224625587,0.6750971972942352,0.8401466906070709,0.984262228012085,0.06486722826957703,-1.1076392605900764,-35.041746479591815,-48.78161695868383,0.8375783486874668,1.1410722732543945,0.23809523809523808,38.282884870256694,0.9210586985996309
32003,-9.62473675608635,0.7009619772434235,0.8711183071136475,0.9197269082069397,-0.04029567167162895,-3.212914988398552,15.739141446605325,-37.767592242359754,0.8659382304418881,0.9150587916374207,0.3333333333333333,26.61481433444553,0.9343206279495602
32004,-8.673208951950073,0.7321648895740509,0.874340295791626,0.8909831643104553,0.012499474920332432,-10.150522738695145,-15.370171548513452,91.76646163734384,0.8725322407893232,1.0172619819641113,0.5789473684210527,27.423572540283203,0.9362396427778155
32006,12.476346641778946,0.7708577811717987,0.797253429889679,1.0897216796875,-0.0037308239843696356,6.97699636220932,9.849648105050628,-1.0054498660354707,0.8733188542567861,0.9956578612327576,0.36363636363636365,20.27245397153108,0.9106731915280017
32008,-2.945433184504509,0.7566134482622147,0.8593685328960419,0.9790232181549072,-0.027181476354599,-5.421672388911247,-1.8029868417427244,-4.916306322081809,0.9176080045104872,0.9642776250839233,0.38095238095238093,26.662817455473398,0.9287797256778483
33006,-3.8653913885354996,0.6966367065906525,0.8701846748590469,0.874641478061676,-0.09938733279705048,-7.511778175830841,-9.707979695792256,-23.600536481410625,0.8465949818668371,0.9346659779548645,0.8421052631578947,24.71832978098016,0.940419750510085
33007,-2.977380156517029,0.6745092570781708,0.8719174265861511,0.9495849013328552,-0.022208716720342636,-3.5337571054697037,-15.250402454756717,14.728116633829025,0.9163280855016359,0.9888661503791809,0.47058823529411764,20.403647422790527,0.934156667043469
33012,9.288880228996277,0.7263464629650116,0.8494065701961517,1.062856674194336,0.06031936779618263,3.391939029097557,-21.911564060955723,-106.17842714086632,0.8322153816045582,1.1402676105499268,0.16666666666666666,28.682282235887314,0.9327265720366117
33013,-4.799983650445938,0.6703529059886932,0.8509297370910645,0.9124644994735718,-0.12302660942077637,-6.641709804534912,-5.828161599471099,11.874342268086979,0.8330903423463507,0.8758682012557983,0.95,24.746367931365967,0.9308070342724415
33014,-10.592297464609146,0.6707687973976135,0.8932666182518005,0.907372772693634,-0.06594500690698624,-9.330237656831741,-3.8254078613735936,10.622971483251217,0.8830523975001835,0.95075523853302,0.0,13.190965218977494,0.9483096531250742
33018,-11.306154727935791,0.7411102652549744,0.8333674967288971,0.9623111486434937,-0.03496561199426651,-9.115996211767197,9.507877584572581,5.960753185473558,0.8947276086128518,0.9509922862052917,0.36363636363636365,28.389703143726695,0.9147939505644579
33019,-0.9079118259251118,0.7397275269031525,0.9163971692323685,0.9300870299339294,-0.08832494914531708,-1.8585748970508575,-9.355929768980713,7.11764876238248,0.8972688449315253,0.9350956678390503,1.0,15.231537818908691,0.9618779000449237
33020,-44.9715256690979,0.7043702900409698,0.6623386144638062,0.6166775226593018,-0.04287763684988022,-41.196370124816895,-4.709294649932912,-1.896979693756832,0.5675162115431438,0.8709590435028076,0.0625,45.370420813560486,0.8468512579559522
33021,-7.77154266834259,0.6901764273643494,0.878152072429657,0.9497495889663696,0.05774971842765808,-7.578828185796738,-11.013294841292499,-14.490201392458927,0.8968519882388912,1.0662254095077515,0.3333333333333333,24.413989384969074,0.9389377067516159
33022,3.9881985634565353,0.6867484450340271,0.9018516466021538,1.0373399257659912,0.12317551672458649,3.3882223069667816,-7.305710133795891,14.801612423799268,0.8764973604434144,1.1109610795974731,0.14285714285714285,16.788836887904576,0.9606773508547888
33023,1.5407194383442402,0.6326107084751129,0.8400757312774658,0.9827495813369751,0.032301321625709534,-0.45530255883932114,-12.742939975372414,-53.7355131283534,0.9079833187535754,1.0407390594482422,0.058823529411764705,18.75601656296674,0.9193165337951507
33024,6.350092589855194,0.6000431776046753,0.8559911102056503,1.0144703388214111,0.1511983871459961,4.559591040015221,-23.334124032182952,-23.80344476298695,0.8347586970377713,1.1534351110458374,0.25,12.46991902589798,0.9403932537593256
33026,0.41594160720705986,0.7754660993814468,0.9293796718120575,1.0480464696884155,0.05721328407526016,4.724778980016708,-1.0435995124368644,20.219978526313128,0.9066344007812656,1.0737963914871216,0.8235294117647058,19.744204150305855,0.9689715538346986
33028,-11.68557032942772,0.6973612010478973,0.7891850769519806,0.8635862469673157,-0.06544183194637299,-8.4510937333107,4.974687677820041,-3.3491644039498474,0.8177117437517826,0.9472558498382568,0.13043478260869565,20.99215673363727,0.8911958136225031
33029,-9.652449935674667,0.7368658185005188,0.9053014814853668,0.9393919706344604,-0.08172274380922318,-8.9105024933815,16.511709575863396,34.091506545895776,0.902774939526928,0.9386494755744934,0.3684210526315789,29.80150172584935,0.955105765257288
33031,-42.63662397861481,0.6677083075046539,0.7065931856632233,0.644147515296936,-0.08794599771499634,-38.99620473384857,16.61352217701345,-73.24960962799003,0.5700473370422418,0.7926641702651978,0.19047619047619047,47.108741033644904,0.8765489764185636
33032,-12.44737058877945,0.5183854699134827,0.7375669181346893,0.918404221534729,-0.17362554371356964,-12.119939923286438,3.872955196520352,15.300515306649414,0.8253174203990425,0.9063675999641418,0.9,23.1632399559021,0.8771622769007164
33033,6.473405659198761,0.5473280549049377,0.7954513877630234,1.0589358806610107,0.14069142937660217,7.003716379404068,-8.767135392155428,-30.620047274527728,0.8663886604687274,1.0839755535125732,0.391304347826087,23.170245212057363,0.9144040980285326
33034,-12.356272339820862,0.704140305519104,0.8559213727712631,0.8339145183563232,-0.10941601544618607,-15.430110692977905,-0.44224096441972205,7.926595909110135,0.803250939233685,0.9151571393013,0.8888888888888888,17.120271258884006,0.9373302729535541
33035,13.363693654537201,0.6364440321922302,0.8241782933473587,1.0702435970306396,-0.004587966948747635,8.51876586675644,4.784855910966173,82.14717145133939,0.8936058836913393,0.9963452219963074,0.625,31.071839729944866,0.9201740163916431
33039,0.8447780273854733,0.812335878610611,0.9408616796135902,1.042252540588379,-0.004934336524456739,3.6450669169425964,9.652505954401372,-12.906665854386986,0.9492527943136646,0.9942013025283813,0.5789473684210527,17.663513986687914,0.9724976945251627
33053,-5.277851969003677,0.6831258535385132,0.876830518245697,0.9391186237335205,0.024134768173098564,-6.299658864736557,-16.8593979216462,84.78559697053697,0.9040689489008735,1.038602352142334,0.2222222222222222,22.24946273000617,0.9367063747446728
33054,-11.130671203136444,0.3354101777076721,0.6118112206459045,0.8891129493713379,-0.4795946776866913,-13.153479993343353,5.947915653261355,-53.80582648392591,0.768760227809681,0.8144044876098633,0.46153846153846156,21.401955531193657,0.9179622036732473
33058,-34.38352048397064,0.7092370092868805,0.8175523579120636,0.7683519721031189,-0.0368354469537735,-29.67459261417389,8.87254813149082,16.024325616539976,0.748551359880321,0.9481426477432251,0.16666666666666666,39.30039405822754,0.9170757887801251
34002,-0.17781753558665514,0.6169898808002472,0.8491243720054626,0.9245889782905579,-0.2136339694261551,-5.28174564242363,-3.511552385643629,29.544258822266034,0.7541925312708138,0.7723240256309509,0.19047619047619047,24.990102222987584,0.946165622666441
34003,-1.5703119337558746,0.6170240938663483,0.8602302670478821,0.9704184532165527,-0.13606655597686768,-3.419104963541031,-2.6791032380091377,-7.73640038140762,0.906814387798422,0.937060534954071,0.5416666666666666,18.89101266860962,0.9379748909633051
34004,44.175177812576294,0.4482730031013489,0.4894261956214905,1.3243118524551392,0.07482302933931351,37.63038516044617,17.900063650032052,36.0291163684547,0.64002150733753,1.04027259349823,0.9523809523809523,31.137752532958984,0.8490547922271585
34005,5.77404610812664,0.39669090509414673,0.7016191780567169,1.0743598937988281,0.21382206678390503,7.547411322593689,-15.503572083306707,25.771111747379212,0.7415176443763625,1.219215989112854,0.36363636363636365,30.022085796702992,0.884986589998189
34006,-14.21777606010437,0.7808352261781693,0.8829105570912361,0.8299002051353455,-0.04113256186246872,-13.24036717414856,-6.376320331701855,8.400313156918598,0.8106338797328607,0.9351006150245667,0.23809523809523808,25.230437233334495,0.9479072258192983
34007,-10.848695039749146,0.7361936569213867,0.9030174389481544,0.9302805662155151,-0.058923374861478806,-8.85600820183754,10.63272456987508,-105.76703504656935,0.8662360642741639,0.8962610363960266,0.15,22.779362201690674,0.9523531902011275
34008,-11.964593082666397,0.1444692611694336,0.4518702030181885,0.8188112378120422,-0.5641246438026428,-16.511620581150055,-0.35074497761976525,54.67223151192181,0.7081606207662892,0.805422842502594,0.2222222222222222,28.76759811683937,0.8796646955023462
34010,17.733363807201385,0.7195689082145691,0.8212673962116241,1.0622273683547974,-0.03144717961549759,11.491259932518005,-2.8036764076339464,24.349227618719055,0.8869700712710263,0.9530397057533264,0.1875,22.75463581085205,0.9181571617037931
34011,-6.795696914196014,0.6761868298053741,0.8586025089025497,0.8895472884178162,-0.05225548893213272,-7.505239546298981,-21.374969527985947,-9.07426083649294,0.864383286635436,0.9662508368492126,0.42857142857142855,18.076554934183754,0.9289149422552757
34012,-14.552263915538788,0.4720698595046997,0.7103932797908783,0.914364755153656,-0.22811709344387054,-14.186595380306244,3.306178271355776,-32.87989100527704,0.8152968321500699,0.8954476118087769,0.6666666666666666,25.75952212015788,0.8741005830934155
35003,-30.283159017562866,0.6746246218681335,0.7168002724647522,0.7456051111221313,-0.07312901318073273,-25.646227598190308,-12.172627002164194,-230.62640150028614,0.6718827774881473,0.8499472141265869,0.2857142857142857,44.79214212168818,0.8570723481150789
35008,-13.753744959831238,0.7395941019058228,0.8632197827100754,0.8674086928367615,-0.03163619711995125,-12.972210347652435,-8.275058373477764,-28.395908332072846,0.8399561279359926,0.9417639970779419,0.36363636363636365,32.56566420845363,0.9318666438985564
36003,-19.475162029266357,0.6610163152217865,0.8497756570577621,0.8216333389282227,-0.09718037396669388,-16.136541962623596,-2.3795143466801796,20.78956806225237,0.7634942815748018,0.8595606088638306,0.3888888888888889,32.41952260335286,0.9336896200943858
36006,3.088497743010521,0.7272118628025055,0.9230502769351006,0.9718444347381592,0.0391136035323143,-0.08595608524046838,-9.378775817815248,62.47045236408011,0.930516848967135,1.050606608390808,0.22727272727272727,18.57620802792636,0.9616054221351303
36009,-18.6929389834404,0.7263877093791962,0.8392479568719864,0.8251069188117981,-0.028060881420969963,-15.688592195510864,-14.305762711002206,-11.069064106932288,0.7982395218414464,0.9369673728942871,0.35,29.195103645324703,0.9215998174784182
36010,-15.583029389381409,0.6780417561531067,0.8225674033164978,0.8530831336975098,0.013724868185818195,-9.236681461334229,-36.366106421045544,-5.978686993947747,0.8225917062588106,1.039567232131958,0.17647058823529413,36.052703857421875,0.9087663920178969
36011,-20.551028847694397,0.688171923160553,0.8495573401451111,0.8437651991844177,-0.020791267976164818,-16.55012220144272,2.6092258230793504,-53.59511817241119,0.8228830200796806,0.9622979164123535,0.20833333333333334,30.120837688446045,0.9255710776420869
36012,1.5460147522389889,0.44970083236694336,0.6220681667327881,0.934151828289032,-0.021782400086522102,3.947916626930237,-38.03523171791522,-419.3522081821857,0.7875851297275767,0.9700085520744324,0.24,34.08894348144531,0.8002886872345453
37001,-1.3931029476225376,0.7831626534461975,0.9342546835541725,0.9358066916465759,0.031194552779197693,-2.050771564245224,-16.851158076314324,38.60889563894528,0.9096947946246065,1.0546269416809082,0.3157894736842105,20.16444959138569,0.9675940356859285
37003,-17.668162286281586,0.6841253042221069,0.8358625918626785,0.7848294377326965,-0.06156514957547188,-20.111708343029022,-15.488264234585603,19.024153298542963,0.7488876514221844,0.8928561210632324,0.3,31.19111299514771,0.9273416904392751
37005,-6.088703870773315,0.7607950568199158,0.9241700991988182,0.9315463900566101,0.02561115100979805,-5.457860603928566,-11.961953270384424,43.57098903190311,0.9124942468949216,1.0392422676086426,0.25,26.22329791386922,0.96216609265306
37008,-3.7828240543603897,0.7639798223972321,0.9187876209616661,0.9675149321556091,0.013272371143102646,-2.856583148241043,-3.700049855215205,10.568031426796333,0.9438521690344779,1.0197197198867798,0.29411764705882354,16.388842638801126,0.9586668179683066
37009,-18.00331622362137,0.6733445823192596,0.8456051051616669,0.8305217027664185,-0.004316645674407482,-11.508287489414215,-1.995725133387501,13.65577472810344,0.8143215847881947,0.994425892829895,0.28,22.59279441833496,0.9243527266080955
37010,-6.1695776879787445,0.6511826515197754,0.8677824884653091,0.9049418568611145,-0.03281235322356224,-9.331125766038895,-10.622742038313573,32.25612271949286,0.8749294026417791,0.954667866230011,0.21052631578947367,24.80196475982666,0.9325344429031435
37011,-12.59978860616684,0.7503676116466522,0.8832384124398232,0.9068991541862488,0.008257056586444378,-9.209699928760529,-12.441335254895934,28.041547389483767,0.8883666496897531,1.015720009803772,0.1111111111111111,30.76364278793335,0.9404423077846049
37018,-3.8666982203722,0.6801621615886688,0.8188000023365021,0.9723381400108337,0.02036026120185852,0.05580703145824373,0.36708590823519016,20.452635520193542,0.8989166360509963,1.0297205448150635,0.3333333333333333,24.153444502088757,0.90742917746351
37019,-1.097717136144638,0.6848005950450897,0.8252483755350113,0.9803751707077026,-0.02263225056231022,-1.4687406830489635,-3.3004063306587548,-3.8998222978183064,0.9027242486598226,0.9651350975036621,0.18518518518518517,31.58426991215459,0.9113327769242486
37020,-11.9741290807724,0.7610406130552292,0.9088071584701538,0.898470401763916,-0.05236118659377098,-10.440927743911743,7.766287792367647,-26.096511743077194,0.8580424769383204,0.9108226895332336,0.058823529411764705,22.973280482821995,0.9565133775312378
37031,-24.874185025691986,0.6012548208236694,0.7247757613658905,0.7237091660499573,0.01756688393652439,-18.578043580055237,-16.646773051640135,17.56579359679643,0.6885783767173194,1.0427111387252808,0.25,37.19338008335659,0.8628046606039418
37033,-13.367299735546112,0.5750726759433746,0.8179895579814911,0.8489600419998169,0.08518865704536438,-13.235470652580261,-45.43705991991225,84.66693729281188,0.7696665243669447,1.1491062641143799,0.27586206896551724,31.13517103524044,0.91051389445082
38001,-13.175612688064575,0.6659647524356842,0.8999099880456924,0.8831406831741333,-0.06706660240888596,-11.669368296861649,2.312409989943756,42.58418125924116,0.8505800654355324,0.9192641377449036,0.047619047619047616,22.073541368756974,0.9536110200352759
38003,-3.0746325850486755,0.5082522630691528,0.8002739697694778,0.8860328197479248,0.10883280634880066,-4.292486235499382,-23.228046481160163,3.5947209092491383,0.8361555761440178,1.0641552209854126,0.7619047619047619,23.78021421886626,0.9013055995792941
38004,-5.4093461483716965,0.6155559420585632,0.8613199591636658,0.9829081296920776,0.017897585406899452,-3.8943275809288025,-2.9016300531248778,13.942534996022582,0.9214495770364716,1.030743956565857,0.23529411764705882,19.439020421769886,0.9297657772036803
38007,2.0675402134656906,0.6336626410484314,0.8031618297100067,1.0421079397201538,0.10966744273900986,2.3728085681796074,-11.156045779635555,43.107989828553634,0.8014671880686924,1.1730018854141235,0.14285714285714285,25.076121943337576,0.9121788950819092
38012,-32.0966362953186,0.540747344493866,0.5710834860801697,0.6596388816833496,0.030744759365916252,-26.326096057891846,-34.371906795971455,-100.20617356401023,0.5802088287460062,1.0663697719573975,0.17857142857142858,40.47037533351353,0.7634117712747269
38014,-20.955084264278412,0.6531073749065399,0.8418000638484955,0.7789579629898071,0.012773138470947742,-21.456050872802734,-34.76177475060238,57.70057186145971,0.7669534359343397,1.023239016532898,0.15384615384615385,31.796803841224087,0.9299209945291877
38017,24.66989755630493,0.31044185161590576,0.5693649649620056,1.11956787109375,0.20542842149734497,24.392390251159668,-13.779234638406942,94.35836349166705,0.7405210142635088,1.1584731340408325,0.75,23.73461425304413,0.832909802716548
38018,-6.982993334531784,0.6102362275123596,0.8630247116088867,0.9070524573326111,-0.031123241409659386,-7.163973897695541,-8.615682335798,-77.52817301007012,0.8820702133081936,0.9815930128097534,0.38461538461538464,17.01039717747615,0.9297905154281347
38021,-20.454008877277374,0.6991043388843536,0.8137325644493103,0.8098989129066467,-0.024711012840270996,-19.934864342212677,3.6864654625197746,-762.2872822090822,0.7811183448211656,0.9429894089698792,0.21739130434782608,36.611420175303586,0.9076931845953519
38026,-4.417918249964714,0.7513204514980316,0.9024311378598213,0.9210689663887024,-0.04252444952726364,-4.885286837816238,-5.768277786754662,14.195029668132426,0.8849276244543695,0.93181312084198,0.21739130434782608,25.522625964620836,0.9513986311154057
38029,-6.924847513437271,0.5141810476779938,0.794738158583641,0.9380565285682678,0.08303456753492355,-3.17080095410347,47.09652837766561,-43.02235944645042,0.7419975254409497,1.22798490524292,0.23529411764705882,24.672622150844997,0.8963121694365418
38030,-13.135284185409546,0.5766453444957733,0.839181512594223,0.8680797815322876,0.037604257464408875,-10.24494394659996,-21.126463963496057,-0.6537265232083341,0.8397649526671966,1.0397822856903076,0.30434782608695654,31.732509447180707,0.9182094375955789
39001,-0.7657932583242655,0.8092884123325348,0.9528962261974812,0.9762841463088989,-0.010048087686300278,1.5547560527920723,-7.578493467703417,17.620915115970643,0.9647378693333303,0.9892628788948059,0.6818181818181818,14.150280302221125,0.9762157536754268
39002,-7.1334294974803925,0.8202564120292664,0.9430009610950947,0.9531099200248718,-0.0669308453798294,-4.830494523048401,7.274796987041192,23.6101394491776,0.9127751906898833,0.9313514232635498,0.8888888888888888,14.012183083428276,0.9736018812948344
39004,-17.82166361808777,0.13079476356506348,0.5060102641582489,0.6938480138778687,0.2826204299926758,-23.813442885875702,-33.06439157492771,2.7418701768873763,0.5392846561798976,1.255393147468567,0.16666666666666666,29.86063559850057,0.7691235619409198
39005,10.024622827768326,0.477450430393219,0.7486635446548462,1.139164686203003,0.1925608068704605,13.989479839801788,2.59491918283847,75.31009072745735,0.7817111405918525,1.144796371459961,0.13793103448275862,17.362984295549065,0.9144592081650006
39006,-21.521297097206116,0.759645864367485,0.8336903750896454,0.8861199617385864,-0.13024406135082245,-17.589740455150604,1.7145238858561154,17.093869191083837,0.8325880084694499,0.9044149518013,1.2777777777777777,18.857924143473305,0.9230479996708587
39007,-12.458013743162155,0.7807542085647583,0.9218205139040947,0.8940901160240173,-0.05940011143684387,-11.104550212621689,-2.9454256165952217,9.06472266602255,0.8764594290496392,0.9472084045410156,0.24,18.892702102661133,0.964525831992421
39008,8.44416618347168,0.8130811154842377,0.9308706969022751,0.9537911415100098,-0.05594521388411522,1.8238339573144913,1.7491114097082952,37.6909353829639,0.9203190119796235,0.9443857073783875,1.3157894736842106,16.108293282358268,0.9665208765772895
39010,2.3846928030252457,0.5635102093219757,0.8246572464704514,0.8647430539131165,-0.006180944386869669,-1.5194795094430447,-29.70857362792741,11.108415042599924,0.8370603870472223,0.9963812828063965,0.4117647058823529,13.87151129105512,0.9092157453611939
39011,-1.9745923578739166,0.708247184753418,0.9050167873501778,0.994472086429596,-0.05219535529613495,-4.808963090181351,-1.8759768993884292,-11.555730909560435,0.9350494492834271,0.9548580646514893,0.22727272727272727,20.14183347875422,0.9536295149590268
39012,-20.36532461643219,0.4687591791152954,0.7479342818260193,0.7949175834655762,-0.25829997658729553,-18.97987872362137,-8.820318326279216,30.611300961503407,0.726090570562482,0.8423783779144287,0.2962962962962963,26.986404701515482,0.9098723005158734
39014,-0.2382282167673111,0.43431180715560913,0.7381557524204254,0.9986469149589539,-0.18492993712425232,1.0147200897336006,-3.8940013216517584,-3.7474197723699048,0.8250296696199624,0.8672510385513306,0.5,32.944732904434204,0.8860241301482157
39015,-5.855494737625122,0.5871915221214294,0.8255613893270493,0.8824460506439209,-0.17490682005882263,-5.698200687766075,-9.06073721689058,5.605653109905298,0.8341354469948166,0.9090923070907593,0.4117647058823529,23.37468371671789,0.9263256469026236
39016,-0.6239867769181728,0.7954451888799667,0.9419157803058624,0.9491183161735535,-0.07603086531162262,-2.7888476848602295,-4.069378335834659,-25.351834050470334,0.9254918977706609,0.9522862434387207,0.3333333333333333,11.785811848110622,0.9738101358610978
39017,-16.15162491798401,0.6131670773029327,0.7619860023260117,0.9060215950012207,0.07660530507564545,-6.271088868379593,-82.43097342012071,-103.51554896567394,0.7274340764038062,1.2242152690887451,0.4,35.073599219322205,0.8767613891380092
39019,-11.81102842092514,0.7346142828464508,0.91349046677351,0.8686316013336182,-0.08949810266494751,-11.323580145835876,-12.381625271001633,-42.36129729354618,0.8546728665432632,0.948817789554596,1.0,10.160631603664822,0.9647480371538674
39020,-6.98709562420845,0.7915649116039276,0.9202224463224411,0.9099489450454712,-0.10708784312009811,-7.808014005422592,-7.1485472340633835,-13.916942980425864,0.8811641826867275,0.9298677444458008,1.7333333333333334,17.530781428019207,0.9669209173499261
39021,-7.29193314909935,0.7853295207023621,0.9020896330475807,0.9179510474205017,-0.021794229745864868,-5.185602977871895,1.1648309717079977,25.2031301590148,0.9017920897276701,0.9782772660255432,0.47619047619047616,20.33163933526902,0.950594677924942
39022,-6.5760016441345215,0.7096245586872101,0.8894563168287277,0.9521514773368835,-0.08630368113517761,-4.880739748477936,8.967000107486703,13.319710286861962,0.9023516149135054,0.9333402514457703,0.16666666666666666,22.168664137522377,0.9470641528674145
39023,-12.732475996017456,0.5270518362522125,0.8014734536409378,0.8468126058578491,0.03240662068128586,-14.381816983222961,-12.719096552018645,-44.36784200224193,0.8150013376563751,1.014204978942871,0.10526315789473684,18.611983249061986,0.8972559202771252
39025,-6.06488436460495,0.7823503166437149,0.9001997411251068,0.9710403680801392,-0.014276511035859585,-3.7418685853481293,-9.105478563162926,36.55125006036321,0.9381505140137549,0.9799795150756836,0.18181818181818182,17.954467643391002,0.9491484629610458
39027,-42.35137104988098,0.5580310523509979,0.6170053482055664,0.7421706318855286,-0.17952671647071838,-31.713253259658813,3.7556411281415367,-2.515379265524654,0.6469083950270389,0.853317379951477,1.0625,34.67131853103638,0.808474786475058
39028,19.950081408023834,0.6344099640846252,0.8368324339389801,1.1610926389694214,0.23849084973335266,19.147229194641113,-9.57760859213237,-30.147316319430722,0.7831712799310308,1.1409502029418945,0.3076923076923077,17.023546879108135,0.9654038180249057
39029,3.2926492393016815,0.5158795118331909,0.7773110419511795,0.9335041046142578,-0.05630892142653465,-0.9660434909164906,-25.67724287273649,4.756321410019548,0.8645125372803728,0.9742709398269653,0.22727272727272727,13.360473242673008,0.8847907819935265
39034,5.623972788453102,0.8392360508441925,0.9557378105819225,0.9992520809173584,-0.012966308742761612,4.276794195175171,7.258570006945388,24.752907296555815,0.9749477229900426,0.9881564378738403,0.6666666666666666,13.519078209286645,0.9779367446510435
39035,10.73705181479454,0.7772029489278793,0.9175214692950249,0.9489045739173889,-0.0778266116976738,4.909912124276161,-0.12572684683758456,84.51705662399367,0.905066322840072,0.9300784468650818,1.1111111111111112,17.594456672668457,0.9611073670248123
39036,-4.9615103751420975,0.16989529132843018,0.4260425567626953,0.8237236142158508,0.07598084956407547,-3.43901589512825,-59.61831683391087,27.453317149289514,0.628214319109921,1.0292937755584717,0.6363636363636364,25.094190510836516,0.673973769393769
39037,-12.807106971740723,0.7848479598760605,0.9270139113068581,0.974955141544342,0.013246036134660244,-8.208892494440079,1.990331184750959,-32.1191730992623,0.9537159851682372,1.0120238065719604,0.4166666666666667,25.338290135065716,0.962981178173759
39042,1.204210426658392,0.7811843454837799,0.9220046252012253,0.9516433477401733,0.031677041202783585,3.2463818788528442,-10.548912712438668,52.63490822762055,0.9307635129946032,1.0302793979644775,1.2666666666666666,15.001101493835451,0.9607764946240208
39049,-2.4512043222784996,0.7227921187877655,0.8606736212968826,0.9635332226753235,-0.034885916858911514,-4.888604953885078,5.2057308154553334,-33.69525563321984,0.9066659810793275,0.9515900611877441,0.07692307692307693,20.391016740065353,0.9290218972947956
39052,-4.72932755947113,0.6688827276229858,0.867561936378479,0.9448174238204956,-0.026791904121637344,-4.500109329819679,-17.247787484890836,66.32795665116541,0.9059260398805096,0.9658264517784119,0.1111111111111111,19.289880328708225,0.9319047588982647
39054,-2.4458106607198715,0.6550854444503784,0.838586300611496,0.9975872039794922,0.07604245841503143,0.657691853120923,-30.338989858265368,-16.653613306979164,0.812327003535265,1.1706786155700684,0.375,37.81828582286835,0.9219990884380145
39056,-11.635518819093704,0.5657406747341156,0.8442428708076477,0.877124547958374,0.12492630630731583,-8.993496745824814,-31.284995300062384,36.99171676597024,0.7885546544478046,1.1566178798675537,0.3,25.092002550760906,0.9287146778989817
39061,-3.3755268901586533,0.5751958191394806,0.42557215690612793,1.0466699600219727,-0.23685842752456665,-5.318478494882584,4.40229768641699,1.7402420699684642,0.7026788320279029,0.8405425548553467,1.0,23.79394292831421,0.7534333458397521
39065,27.631691098213196,0.5007986426353455,0.7686071842908859,1.0681798458099365,0.01812543347477913,25.606244802474976,-16.159304200332194,-3.246921326535664,0.8733796579142458,1.0123295783996582,1.5,22.694567839304604,0.8940179206104476
39069,-0.4066019784659147,0.746135950088501,0.879832312464714,0.957757294178009,-0.04137013480067253,-2.9671717435121536,-5.72196994429067,11.983194874811366,0.9001247571497648,0.9330617189407349,0.2692307692307692,29.26449069270381,0.9390911790619699
39072,-5.072823166847229,0.8142339885234833,0.9446174018085003,0.9509820938110352,-0.023731691762804985,-5.059744790196419,1.7830178741473177,-8.656840085596373,0.9402711001908758,0.9798685312271118,1.15,10.077465772628784,0.9724407853830254
39078,-5.3413718938827515,0.7494153678417206,0.9037595763802528,0.9365123510360718,-0.060636069625616074,-6.003483757376671,6.209132837065239,32.68775226725948,0.8982511071222542,0.9360629320144653,0.23809523809523808,21.054588045392716,0.952732601422406
39081,7.177658379077911,0.7553261667490005,0.8818100243806839,0.9438000321388245,-0.10675250738859177,5.985785275697708,1.9754118571634325,23.833682744299292,0.8658803147154264,0.8913018703460693,0.5,24.227465282786977,0.9450967195609117
39087,-0.8169266395270824,0.7395110726356506,0.8606900572776794,0.9588370323181152,-0.06274980306625366,-3.720340132713318,1.0303751545967033,5.26741072661991,0.8960669864584563,0.9348201155662537,0.36,22.49878247578939,0.9302915782659635
39088,-3.9795231074094772,0.4724864363670349,0.7638855278491974,0.9538532495498657,0.22282099723815918,-3.7785395979881287,-5.755999643163621,0.899289011497427,0.8221588429551918,1.1419901847839355,0.625,21.087464690208435,0.9033731818439985
39095,-20.5904483795166,0.6212299168109894,0.8304328471422195,0.8297182321548462,0.05058186128735542,-17.32141673564911,-21.3542915438863,42.95982134596233,0.797793849300327,1.070529818534851,0.3333333333333333,22.00160026550293,0.91683154673947
39099,-9.779276698827744,0.7803858369588852,0.945654071867466,0.9004170298576355,-0.05977081507444382,-10.556158423423767,0.7258855427865529,87.037838733438,0.8828177661991446,0.9425528049468994,1.0,16.069726645946503,0.9773123875933524
39101,-13.508370518684387,0.7490202188491821,0.8987745195627213,0.9350638389587402,-0.026635343208909035,-7.696183770895004,-7.90889561416301,-704.7240507584593,0.9115786146884731,0.9691769480705261,1.0,21.672266059451633,0.9485065456646572
39105,1.8410328775644302,0.7728622704744339,0.9267939999699593,0.992868959903717,0.0050321356393396854,3.873255103826523,-0.9633302095457829,15.986817135966414,0.9619886966587493,1.00614333152771,0.6111111111111112,21.31064467959934,0.9631724705337648
39108,-30.65485954284668,0.7249171733856201,0.8683701157569885,0.8052312135696411,-0.15566159784793854,-25.770339369773865,-3.425607036774904,86.66598185990317,0.7606312625197809,0.8677047491073608,0.7333333333333333,22.260235249996185,0.9568667308615147
39114,-17.36508458852768,0.5237883925437927,0.671526312828064,0.8033183813095093,-0.13552215695381165,-9.950066357851028,-15.1783753279179,-11.200478616453651,0.6981113652530597,0.8453627824783325,0.4,54.83420372009278,0.8310608996832988
39120,-28.3439964056015,0.6550591886043549,0.7818310856819153,0.6755457520484924,-0.06697908043861389,-31.420153379440308,-21.39503743047418,-50.114037891858196,0.6419505563420554,0.8715853691101074,0.2,44.54113006591797,0.9197595634147102
39125,18.313993513584137,0.33716392517089844,0.6124071478843689,1.0407530069351196,0.23343835771083832,19.15750354528427,-57.00598756210291,78.97989906440034,0.5805877413872822,1.3858647346496582,0.7142857142857143,47.26931367601667,0.8407698469066985
39127,90.45137166976929,0.12120920419692993,-0.12755775451660156,1.815721869468689,0.24829725921154022,88.51240277290344,31.846572861072215,83.59481167092406,0.16046502419131847,1.165086030960083,0.25,32.86023437976837,0.8897121509030248
39141,-11.474157869815826,0.6905295848846436,0.8936339318752289,0.9223498106002808,-0.10236386209726334,-12.373977899551392,14.887070856918893,-13.485877907841015,0.871110217770232,0.9093897938728333,0.1,23.147879947315563,0.9512884552183254
39142,-12.288567423820496,0.7319148480892181,0.8534139692783356,0.9803860187530518,-0.05498849228024483,-12.099240720272064,7.6653486880683905,-22.921991495390802,0.9192524333290306,0.9716558456420898,2.3076923076923075,15.660029191237228,0.926978974420637
39143,18.804137408733368,0.7303535044193268,0.8211992532014847,1.1501468420028687,0.06627871841192245,13.953608274459839,12.443437170531828,-11.216508501334213,0.828882256059768,1.0487715005874634,0.55,22.831120491027832,0.9339806932919809
39144,-29.416623711586,0.6497277319431305,0.8116568475961685,0.6737667322158813,-0.09924676269292831,-28.599262237548828,-27.032800129949237,12.74740029840811,0.6570906237594478,0.9089030027389526,0.38095238095238093,38.8058344523112,0.9465207293000288
40003,-3.8687285035848618,0.7389762699604034,0.903923861682415,0.9761642217636108,0.0352531373500824,-3.889971226453781,8.355439224346908,-12.866465659195924,0.9153035917776309,1.0653761625289917,0.10526315789473684,24.974594116210938,0.9517165182011619
40004,32.48206079006195,0.7303887009620667,0.8091459572315216,1.2035808563232422,0.08411142975091934,22.45277911424637,-12.770849460148238,24.06414458876951,0.7394873594940687,1.1514112949371338,0.22727272727272727,37.75464348171068,0.9408705609063618
40005,-10.670792311429977,0.7906186282634735,0.9113810732960701,0.9025000333786011,0.010647730901837349,-9.846878796815872,-6.3915634276643125,89.7273606237502,0.8895388475728379,1.0279263257980347,0.26666666666666666,19.31009292602539,0.9562330829074647
40006,-8.233698457479477,0.2857401967048645,0.6466318368911743,0.9908539652824402,0.2047017216682434,-0.741311302408576,-34.3711305990456,49.01532522468652,0.5965280363764247,1.3715060949325562,0.7333333333333333,91.61584973335266,0.8428720365206388
40007,-4.645758494734764,0.6810001730918884,0.8811344727873802,0.9904456734657288,0.08460313081741333,-2.080046385526657,-4.991544112765918,36.076534615394465,0.8424607531253044,1.146807312965393,0.25,25.707267579578218,0.9436533762306566
40009,-4.284187778830528,0.5722215175628662,0.8308339416980743,0.9874311685562134,0.0005242303013801575,-1.1060155928134918,50.293570877933945,80.31053319169354,0.9134983645154117,1.0008364915847778,0.42105263157894735,17.587438821792603,0.9144204598079958
4001,1.9959159195423126,0.640422135591507,0.8586762249469757,0.9249708652496338,-0.02607012540102005,2.03567948192358,-16.808220911604934,48.35685612495572,0.8935863717324146,0.9808183908462524,0.2857142857142857,29.819471495492117,0.9270167478803794
40010,-1.644396223127842,0.700695812702179,0.9006810337305069,0.9644184708595276,0.06432608515024185,-2.4135012179613113,-17.267529928836968,46.57755813741946,0.8505616880877692,1.1367298364639282,0.2,23.68378412155878,0.951310004397717
40011,5.6080881506204605,0.7766486406326294,0.9385384730994701,0.9934051632881165,-0.02465003728866577,2.377081848680973,4.97532102922705,-19.495681338867694,0.9611188208952681,0.9769465327262878,0.125,15.005278587341309,0.9693929442125233
40012,-8.068820089101791,0.5393352210521698,0.8194170296192169,0.8985405564308167,-0.2630647122859955,-9.645336866378784,24.569363799118527,6.860399047690778,0.7407730838222945,0.7681800127029419,0.42105263157894735,20.484864084344164,0.9437499433669023
40013,-31.125488877296448,0.59849613904953,0.8142892420291901,0.723091721534729,-0.1519271433353424,-31.05013072490692,-8.128950557036239,43.676964922351786,0.6436842938093343,0.7837815284729004,0.5238095238095238,33.43180474780855,0.9405671777042556
40016,-13.838887214660645,0.5298588871955872,0.7747665792703629,0.7819836139678955,-0.0011689105303958058,-11.490543186664581,-31.713333353453777,27.534343261953616,0.7541505648101844,0.9990689158439636,0.3076923076923077,30.736363851107086,0.8863781126413308
40017,-37.036097049713135,0.7073880434036255,0.7828923761844635,0.7231544256210327,-0.04188835248351097,-33.70594084262848,10.429864582355766,-147.855151141843,0.6960884449184923,0.9192484021186829,0.391304347826087,44.61352306863536,0.904094104985908
40018,3.0124634504318237,0.25834745168685913,0.6303801536560059,0.9633390307426453,-0.49794623255729675,-3.792829066514969,26.085219826219074,-31.825312792442382,0.6845561858143778,0.6929813027381897,0.3,22.55983591079712,0.9375476760020455
40020,-13.788025081157684,0.690546840429306,0.7853609770536423,0.9069488644599915,-0.005560500081628561,-15.252497792243958,-9.91997250330163,24.885558382782932,0.8528840401086439,0.9903403520584106,0.19047619047619047,37.08506497469815,0.8864602138846713
40021,4.367339611053467,0.6674003601074219,0.7695774883031845,1.0317751169204712,0.05561278387904167,0.9289651177823544,-2.5665737063565817,13.919433969114536,0.8488845447716733,1.098982810974121,0.42105263157894735,37.565329200343086,0.8903249076352511
4003,-20.523707568645477,0.7036847174167633,0.8386809825897217,0.8147661685943604,-0.057434581220149994,-20.00664919614792,-8.89031309362913,22.911386290049744,0.7884735677184057,0.9316734671592712,0.4782608695652174,37.25022855012313,0.9240833077213465
40033,15.908853709697723,0.5993921160697937,0.8220244944095612,1.2114626169204712,0.05933872610330582,19.629131257534027,34.0651826138764,-67.58903845561454,0.7789720854576189,1.0356332063674927,0.9,20.781688690185547,0.9464539893542773
4005,4.525793716311455,0.7296609580516815,0.8851310908794403,0.9606419801712036,-0.01440617348998785,-0.10044925147667527,-14.114751565566586,31.70857753287834,0.9267662250503228,0.9813434481620789,0.13793103448275862,19.97069654793575,0.941126702639864
4006,2.995729073882103,0.7679240256547928,0.9123139306902885,0.9977287650108337,0.03952900692820549,1.0013398714363575,-7.160680647662769,10.651704026778114,0.9350289150843595,1.0485132932662964,0.25,18.48196472440447,0.9568428019538144
41001,-42.594823241233826,0.6757287681102753,0.6943934857845306,0.6417511701583862,-0.035638533532619476,-36.80470883846283,-11.958167328259309,-126.06632369815284,0.6032704150238308,0.8987568020820618,0.3157894736842105,44.92339585956774,0.8628797812580977
41003,-33.86178016662598,0.7315579354763031,0.8028649538755417,0.6776944994926453,-0.06770279258489609,-35.36321818828583,-9.602640305204266,-33.925779292470104,0.6342612706410461,0.8399871587753296,0.09090909090909091,42.900972780974016,0.9345792606353754
41004,10.66405475139618,0.005899369716644287,0.36493033170700073,1.2785673141479492,0.42577120661735535,7.26543590426445,60.36112216458034,25.0806318669061,0.2509564924043205,1.6795763969421387,0.21052631578947367,36.229949248464486,0.8528866135296406
41005,-3.7216249853372574,0.7298619747161865,0.9089212939143181,1.0252737998962402,0.04874832183122635,-0.7575878407806158,19.102895044387967,-33.13132980745613,0.9033639545223168,1.0827971696853638,0.3,20.20606540498279,0.9570536495559546
41006,-17.17805117368698,0.6984003782272339,0.8319865763187408,0.9089854955673218,0.021007705479860306,-12.827709317207336,12.779021779980932,-40.36874479189631,0.865029032001606,1.0475022792816162,0.2631578947368421,32.82827138900757,0.912381191240985
41009,22.804473340511322,0.756653904914856,0.9164342880249023,0.9586889743804932,0.016022974625229836,14.823417365550995,-7.167554358632719,-3.313081294908482,0.9389655658933901,1.0143979787826538,0.5416666666666666,9.82930560906728,0.9574406353906357
41011,-15.656065940856934,0.7348590791225433,0.8690578639507294,0.8926379680633545,-0.036102574318647385,-12.117992341518402,13.414378191506593,-6.530982980155256,0.8685214541355065,0.9628115296363831,0.3333333333333333,25.971196946643648,0.9338409507845615
41012,-7.351095229387283,0.7557584196329117,0.8883288130164146,0.950937807559967,0.0026848267298191786,-10.317651927471161,8.541037235692533,-10.366418590160217,0.924240790198053,1.0056755542755127,0.2857142857142857,24.57322207364169,0.9425530921070743
41013,-19.8407381772995,0.6967864632606506,0.8004119545221329,0.8494433760643005,-0.007159286178648472,-15.811114013195038,-0.2863403380064014,-690.482486266798,0.8162636523266613,0.9840923547744751,0.3,34.50922511872791,0.8958909453082914
41014,-12.294792383909225,0.7783388793468475,0.8929168283939362,0.8074410557746887,-0.07993754744529724,-15.79795777797699,-21.67520943838642,35.97280078259191,0.7491883088813989,0.8441931009292603,0.13636363636363635,22.970226536626402,0.9606075184512789
41016,-29.219183325767517,0.7229031622409821,0.8152864426374435,0.7868677973747253,-0.0005478078965097666,-21.66498452425003,-4.776412381655995,38.85046858824955,0.7692178061321397,0.9987958669662476,0.18181818181818182,39.209335500543766,0.9114921739381284
41019,96.39169573783875,0.6000331938266754,-0.09364461898803711,1.7106342315673828,0.16229602694511414,83.11859369277954,-12.651684022113566,-44.388319855449716,0.22046048455305156,1.275078535079956,0.5714285714285714,54.789109663529835,0.8356447609409309
41020,6.669028848409653,0.71463942527771,0.3842201828956604,1.2715126276016235,0.033491477370262146,0.9173142723739147,-4.818638613381198,-465.9497102837137,0.6467552826609337,1.0762571096420288,0.14285714285714285,30.84291544827548,0.7872852223989539
41022,-5.842133611440659,0.7460332810878754,0.8572795242071152,0.9776642322540283,0.025258289650082588,-2.0281121134757996,-7.338365172120353,-50.98316532665257,0.9089228338134016,1.0505280494689941,0.19047619047619047,23.62757379358465,0.9275908852654712
41023,-14.301803708076477,0.7979463785886765,0.9375265687704086,0.8828811645507812,-0.01284843124449253,-11.686386913061142,-78.99004166834722,-225.53428365685275,0.8763726779049716,0.9715462923049927,1.0,25.170223712921143,0.9724812850987952
41025,-0.269534345716238,0.7787772715091705,0.8945815190672874,0.9629783630371094,0.0019267657771706581,-6.780073791742325,-10.332937619557555,15.418541160023706,0.9343445932642562,1.0046526193618774,0.13636363636363635,19.305952735569164,0.9459779307754935
41027,-33.159491419792175,0.6965456604957581,0.7782154977321625,0.7424944639205933,-0.04852281138300896,-27.29763388633728,-4.918981610414336,-3.534199288004368,0.7122130987718656,0.9233188033103943,0.35,36.83785915374756,0.8968874717544013
41028,10.810386389493942,0.5646877884864807,0.5362979769706726,1.1398473978042603,0.08714459091424942,10.467895865440369,19.33037412542543,-8.907878690507472,0.7055075590893098,1.1746370792388916,0.5238095238095238,37.01643943786621,0.8085048469651975
41029,-0.7209522183984518,0.7382513880729675,0.856039434671402,1.035852313041687,0.04344935715198517,1.7284708097577095,-3.7909864686917136,-25.82589282649213,0.8768680503212861,1.0962179899215698,0.34782608695652173,25.595756371815998,0.9320427553774074
42001,-2.5856245309114456,0.5542523860931396,0.8252127319574356,1.0152373313903809,0.18743033707141876,0.708981417119503,-24.25412971044799,18.50906621693606,0.6512552245621044,1.3415782451629639,0.24,15.444273948669435,0.9313338179398466
42003,-53.502827882766724,0.7062905430793762,0.7206755578517914,0.6136195063591003,-0.09017686545848846,-49.07197952270508,0.06891643574048442,-18.430772432122883,0.5695460912674912,0.8383396863937378,0.24,51.56994628906249,0.9006691151673628
42004,19.473987817764282,0.711759477853775,0.9039581269025803,1.0148223638534546,-0.06750840693712234,15.593317151069641,-4.828912732326489,4.791683319828928,0.9430031748983131,0.9682666659355164,0.07692307692307693,11.70774606557993,0.9550341116998677
42006,-0.28313754592090845,0.7917785495519638,0.9341531917452812,1.0703727006912231,0.057416897267103195,4.207192733883858,8.24051026329614,9.34755825128958,0.9111917988606884,1.0470178127288818,0.9230769230769231,14.516798349527212,0.9730945196434676
42008,-25.84696114063263,0.7400461137294769,0.8880922049283981,0.8073987364768982,-0.1118992492556572,-23.562870919704437,-1.1741592629313446,-6.94251009327642,0.7900207025824477,0.9257839918136597,1.2222222222222223,14.488524860805935,0.9614248426813491
42010,-16.690564155578613,0.6914708912372589,0.9072060883045197,0.8655907511711121,-0.17903782427310944,-14.685434103012085,0.9435064717045913,-0.8700442367234236,0.844169946441989,0.9251031279563904,0.5833333333333334,12.341536084810894,0.9753500916993623
42011,7.233428210020065,0.647109866142273,0.8521411269903183,1.0211535692214966,-0.025085698813199997,4.342888668179512,6.813217943918468,-6.861918802987346,0.920744895825994,0.974144697189331,0.2608695652173913,22.177532444829527,0.9281292732512567
42016,-10.516773164272308,0.6188422739505768,0.8726083487272263,0.8240622878074646,-0.1443806141614914,-12.119710445404053,-15.259255258441904,-6.500900129016124,0.8104095424157042,0.9462707042694092,1.5,15.094326734542845,0.9541346992185381
42017,-8.03375095129013,0.5662623941898346,0.790657103061676,0.8946007490158081,0.07182881236076355,-6.508200615644455,-24.348286788693677,91.53750070538014,0.8073225020158,1.1198784112930298,0.038461538461538464,19.873331143305855,0.8920890059943757
42024,2.5542564690113068,0.697895884513855,0.9026972129940987,0.932917594909668,-0.08293338119983673,0.2857852727174759,-11.14272044316318,0.3960165100370931,0.9119007450440706,0.9662261009216309,0.0,8.477811813354492,0.9539483616781055
43005,-16.165807843208313,0.8235947042703629,0.9554306194186211,0.9257842302322388,-0.012410330586135387,-11.249487847089767,3.825446551761817,6.399016405174088,0.9223643518601644,0.9911819100379944,0.4,12.19218889872233,0.9789867977382555
43006,-11.772045493125916,0.7783359587192535,0.9378967024385929,0.9284023642539978,-0.01643008552491665,-9.870509058237076,4.035636324472762,-0.5215867974138254,0.9210570700822531,0.9868446588516235,0.391304347826087,20.243563859359078,0.969459834007476
43007,-1.6426127403974533,0.8344806283712387,0.9542830139398575,0.9690114259719849,0.01264356542378664,-0.5987438373267651,-10.28995486149947,10.943515669378156,0.9588014672503972,1.0144047737121582,0.5217391304347826,18.987106240313985,0.9769884838671625
43008,-5.171632021665573,0.8219834864139557,0.9566259682178497,0.999615490436554,0.04023704305291176,-2.258129231631756,5.993173658314988,-1.4750402357284056,0.9598810699399608,1.0342516899108887,0.46153846153846156,13.05549694941594,0.9791145399905518
43009,7.484739273786545,0.801978662610054,0.9207432046532631,1.0986008644104004,0.05669095367193222,8.037351816892624,-3.27757308983413,34.45246344141372,0.861557197439046,1.0923752784729004,0.20833333333333334,24.497997760772705,0.969815781515712
43014,-22.627519071102142,0.6296733617782593,0.8560586124658585,0.8217112421989441,-0.12620896100997925,-19.69553381204605,-1.483046779244768,19.49209550879212,0.80042209952237,0.9320580363273621,0.30434782608695654,26.25577553458836,0.9414479140156291
43017,-12.30858564376831,0.8188153654336929,0.9413073100149632,0.9427629709243774,-0.01896628923714161,-9.107566624879837,1.0356365187398342,14.385518523312541,0.9327419705836638,0.9801269173622131,0.55,19.0343976020813,0.9708002464045196
43018,-1.2451618909835815,0.8661411553621292,0.9761190358549356,0.9949982762336731,-0.0319131538271904,-2.4061063304543495,9.11216353842051,-14.147722623270392,0.9681431025016476,0.9707059264183044,0.9230769230769231,15.273434382218582,0.9885238538447744
43021,30.50524890422821,0.7076433897018433,0.8016034513711929,1.3163255453109741,0.18739718198776245,31.223535537719727,0.9092467635337341,-5.676062429156093,0.6510668141033568,1.1453131437301636,0.9285714285714286,24.36960084097726,0.9759873395278017
44001,15.966586768627167,0.8228310495615005,0.9486329965293407,1.0266972780227661,0.05030875280499458,10.546060651540756,-6.9914005988529535,3.7213730931730806,0.9526590124163082,1.0312918424606323,0.4090909090909091,11.199490590529008,0.9765640223802514
44002,25.25973916053772,0.8410412967205048,0.9482889696955681,1.054386019706726,0.03718293085694313,17.448659241199493,0.05848031975502308,-0.4419954082682768,0.9353145545069117,1.0268654823303223,0.3333333333333333,19.086742401123047,0.9775363943620344
44006,15.972575545310974,0.7794978469610214,0.9030344262719154,1.014420509338379,-0.0023489973973482847,8.780952543020248,-11.083442451057438,-66.02967223384046,0.9501533158625515,0.998399555683136,1.375,15.56583046913147,0.9523116428474527
44009,-8.235891163349152,0.7237554788589478,0.9057617262005806,0.8744188547134399,-0.17109884321689606,-8.942443132400513,3.2837529784771475,-39.29731857283787,0.8207104851894589,0.8751686215400696,0.2727272727272727,15.396338159387762,0.9718711354422408
44011,15.959388017654419,0.6167167127132416,0.7112467885017395,1.1901308298110962,0.06182768940925598,17.295317351818085,-0.17354527947375506,-19.190214278148606,0.7740654134605737,1.0630288124084473,0.19230769230769232,18.972380344684307,0.8954817061157891
45001,-10.547541081905365,0.8378864377737045,0.9447111897170544,0.9295344352722168,-0.015840794891119003,-9.105724841356277,-7.160382801811382,17.850829373499014,0.9222861107596532,0.981329083442688,0.35,19.143981025332497,0.9730658275908579
45003,-12.554150819778442,0.7566244751214981,0.8950232341885567,0.9336587190628052,-0.058684322983026505,-9.450408071279526,11.214327460258266,-11.254518776528553,0.8913829723060893,0.9315109252929688,0.34782608695652173,24.3945320447286,0.947983273897268
45004,-11.478602141141891,0.7444760799407959,0.8332457989454269,0.9379291534423828,-0.020046530291438103,-9.580239653587341,3.888909337939145,4.710410535432839,0.8902502626940023,0.9737699031829834,0.42857142857142855,27.399143150874544,0.9133732323855601
45005,-8.334874361753464,0.7325173914432526,0.8739513009786606,0.9276021718978882,-0.061446040868759155,-8.14126655459404,12.596016034284743,-3.9256946303287514,0.8777119428479642,0.9242802858352661,0.25,24.217347304026283,0.9369171315258442
45009,-8.060736209154129,0.8372392952442169,0.9538715779781342,0.9569270610809326,-0.008952734991908073,-7.58298933506012,-3.119684536669874,-26.13013247484901,0.9501189472651015,0.9900178909301758,0.5,16.188393939625133,0.9769089009933666
45012,-8.210992813110352,0.8112508803606033,0.8866561129689217,0.916290283203125,-0.0040822415612638,-7.4539631605148315,1.4969712137719209,32.27520154070137,0.8979525260746355,0.9936395287513733,0.2857142857142857,22.8050050281343,0.94198349671145
46003,-14.148412644863129,0.8016284555196762,0.9120500758290291,0.905750036239624,-0.0386631079018116,-11.617858707904816,0.8168713267654102,-9.590192114151677,0.8873559534569493,0.9555938839912415,0.30434782608695654,29.7108252843221,0.9571780148314273
46005,-6.542313098907471,0.7586122751235962,0.9084457382559776,0.9286425113677979,-0.027335815131664276,-8.355505764484406,-4.157203149067332,5.835457290385612,0.90836495891707,0.9657188653945923,0.21428571428571427,24.526020458766393,0.9538492320698635
46008,-14.248490333557129,0.8164933174848557,0.9080927148461342,0.912519633769989,-0.038429033011198044,-11.276724934577942,-3.889379323566676,6.602242091402169,0.8919831025086262,0.9557551145553589,0.2,28.34506401648888,0.9546433491104591
47001,-4.858351871371269,0.8454950153827667,0.9441360607743263,0.9458476305007935,-0.0377073660492897,-5.194460973143578,-2.066688218421952,0.2195160876824149,0.9231457762370268,0.9527490139007568,0.36363636363636365,18.27252429464589,0.9727706610348378
47004,-5.355609208345413,0.8300776332616806,0.9460386112332344,0.9933516383171082,0.00625308882445097,-1.4817378483712673,4.257436371594374,0.2245604946638094,0.9712846034664694,1.0067018270492554,0.13636363636363635,15.722034194252707,0.9728806563646311
47005,-12.496281415224075,0.7958634942770004,0.8921759724617004,0.911494791507721,-0.03129776939749718,-11.369314789772034,13.242028114316016,23.310437952027865,0.8856473441901243,0.9521095156669617,0.2727272727272727,29.989847929581355,0.9456873912350259
47008,-4.254051297903061,0.7163754999637604,0.8984679132699966,1.0257834196090698,0.05623786151409149,-1.284037809818983,12.457421842866447,8.8418152448079,0.9093691631003337,1.0726710557937622,0.2857142857142857,16.46392128684304,0.9523756205267044
47009,1.0499614290893078,0.8322048783302307,0.9567159824073315,1.0421552658081055,0.035771701484918594,2.052769437432289,1.0815715799262653,22.082073777037376,0.9399522458983476,1.0381598472595215,0.2857142857142857,13.318376314072383,0.9806999379682219
47011,0.5186381749808788,0.7355431318283081,0.8735844194889069,0.9907822012901306,0.06750109791755676,0.1745395245961845,-14.69058248342725,-10.4706169939373,0.8979062077635083,1.0810039043426514,0.2222222222222222,26.9520734485827,0.9385464233634945
47014,-18.12150478363037,0.7839718014001846,0.8992644548416138,0.8654617667198181,-0.04470614343881607,-15.988032519817352,-7.957194054827718,-13.040705155702595,0.8498372177584255,0.9522706270217896,0.041666666666666664,25.613332748413086,0.953414252056184
47018,-7.169449329376221,0.7638209909200668,0.90443404763937,0.9538936018943787,-0.03149842098355293,-6.785375624895096,14.804206011310523,78.44228687110993,0.918734921667989,0.9538479447364807,0.13636363636363635,23.245336698449176,0.9515417622587561
48003,-8.316933363676071,0.8004687577486038,0.9157661274075508,0.916821300983429,-0.06572981923818588,-5.021422728896141,-3.8421167357558024,36.61718870170383,0.8889930144585669,0.9382008910179138,0.30434782608695654,27.672647393268086,0.9601913954285403
48004,-23.316214978694916,0.7781443893909454,0.8869743123650551,0.8345189094543457,-0.0525323785841465,-19.603565335273743,-4.3103586935252896,21.773988145294933,0.8210310279049444,0.9533103108406067,0.36,37.10059356689453,0.9503414199681364
48005,0.39496468380093575,0.8219435214996338,0.9508488401770592,1.0092979669570923,0.025638185441493988,1.484077051281929,2.5284659234487554,-0.25112721796244697,0.9623184615217165,1.027538537979126,0.09523809523809523,17.10662387666248,0.97601927693902
48011,-9.95827540755272,0.8229221552610397,0.9318385794758797,0.9211850166320801,-0.004577015992254019,-7.983432710170746,-11.582508304727309,4.194888356589766,0.9141905802033217,0.995354413986206,0.30434782608695654,26.527140537897747,0.9663864096956972
49001,-14.509913325309753,0.841988667845726,0.9358673095703125,0.9312551021575928,-0.02891615591943264,-9.807770699262619,-2.9002690187964855,11.016398244589668,0.9194875292177462,0.9722967147827148,0.391304347826087,25.896688129590906,0.9685528226978953
49002,8.7396040558815,0.8436290621757507,0.9631858132779598,1.0399147272109985,-0.003140981076285243,7.522749900817871,-0.7614186914565804,-15.462683254053614,0.956561282992822,0.9973320364952087,0.6666666666666666,14.540840784708658,0.9830701843589963
49004,-11.660046130418777,0.796319305896759,0.9166572242975235,0.9003117084503174,-0.0767953097820282,-9.32631641626358,8.278032774930187,-8.097090618734825,0.8646890973158501,0.9165392518043518,0.23809523809523808,33.48781948997861,0.962508822054681
50001,-6.715711206197739,0.8427298963069916,0.9435819052159786,0.9599205255508423,0.002225634176284075,-4.8192620277404785,-2.686407288619294,28.2639180086856,0.9507024063608345,1.0029875040054321,0.3333333333333333,15.720131180503152,0.9714524381722512
50002,-13.121068477630615,0.8225010484457016,0.9285005927085876,0.9031486511230469,-0.01940152421593666,-11.845628172159195,-4.43857547624457,31.789462904325177,0.8933008467910378,0.9710842967033386,0.17391304347826086,22.73298899332682,0.9658180220132928
50006,-14.92689847946167,0.8444989323616028,0.9445334151387215,0.9124632477760315,-0.02362300083041191,-12.21226304769516,-0.7992730336676221,36.1739344338276,0.9042250569087329,0.9710188508033752,0.3,20.20350637890044,0.9741108183702542
50007,-17.803624272346497,0.7991111129522324,0.9049828127026558,0.862073540687561,-0.0403534434735775,-14.692194759845734,4.830042075924001,-4.960229354614124,0.8443171267932026,0.9420938491821289,0.09090909090909091,27.988520912502125,0.9568684972564617
50008,-13.371428847312927,0.7953478991985321,0.9075194150209427,0.8909762501716614,-0.031522177159786224,-12.427321076393127,3.2359184962395426,76.51596435861022,0.8720950696615326,0.9502201080322266,0.041666666666666664,19.75908088684082,0.9553294780203674
50011,-13.421130180358887,0.7760932892560959,0.9123501405119896,0.930971622467041,-0.004259126260876656,-12.071313709020615,7.3368155324410615,-37.6915491828057,0.917680246971925,0.9944429397583008,0.3181818181818182,21.67898261028787,0.9554944507365579
5003,-11.504346132278442,0.5323004126548767,0.7746058702468872,0.8407992720603943,-0.023910269141197205,-8.866707235574722,-36.51086670054632,30.72334023226216,0.8006514833359013,0.9820177555084229,0.5416666666666666,25.670158863067627,0.8813762325555237
51001,-10.412289202213287,0.8181245774030685,0.9315625578165054,0.935718297958374,-0.058823976665735245,-9.183630347251892,9.959959806045214,-25.081384883292547,0.9059051288957306,0.9394636750221252,0.3,24.716172218322754,0.9674875268714631
52004,-18.61661672592163,0.7459200620651245,0.8675250113010406,0.9134248495101929,0.01208725105971098,-13.743433356285095,4.93399759657445,-9.07380992993162,0.888522620995369,1.016204595565796,0.2692307692307692,28.401015355036808,0.9316672814095739
52005,-15.475142002105713,0.811034694314003,0.9089957997202873,0.9116334915161133,-0.0350249782204628,-13.396814465522766,4.282756761297529,6.432032516001956,0.893036257237528,0.9598569869995117,0.5,26.643137498335406,0.9550428987659781
52006,-5.193686857819557,0.7723258882761002,0.8639767169952393,0.9730003476142883,-0.01956246793270111,-4.251185432076454,2.3644960184279338,34.27363107935849,0.9199406066864841,0.9704330563545227,0.34782608695652173,23.0600004610808,0.9306723642964501
52007,2.0187554880976677,0.7373785674571991,0.814347118139267,0.9892935156822205,-0.00897762831300497,-0.9498203173279762,13.173485202914526,-15.981273704777857,0.9044310049978133,0.9847341775894165,0.4166666666666667,30.960285663604736,0.9062676221073547
52009,-2.9905585572123528,0.7288098037242889,0.9002346396446228,0.9703860878944397,0.09689028561115265,-3.204962983727455,-13.01661454231659,-18.693823254657964,0.9023380008213671,1.0808343887329102,0.28,15.704165458679197,0.9538840169621396
52010,-13.786078989505768,0.7656653523445129,0.8870063573122025,0.9014860391616821,-0.05998765304684639,-11.414721608161926,6.48595648622133,-12.41108458108831,0.8641215426123072,0.9244967699050903,0.18181818181818182,20.245775969132133,0.9447078943497307
52011,-5.128432437777519,0.7780403643846512,0.8688384890556335,0.915483295917511,-0.044418513774871826,-8.304734528064728,10.347781352813474,-42.4465511829807,0.8708345726244892,0.9286026954650879,0.4166666666666667,28.422423203786213,0.9333437229866506
52015,-25.80869495868683,0.7195542752742767,0.8480612933635712,0.8023982644081116,-0.11708110570907593,-22.152328491210938,-3.9494164173132305,5.484795624891914,0.7626033382492583,0.8838497400283813,0.25,38.10274124145508,0.9381950955829969
52016,-0.8952186442911625,0.7885411083698273,0.9336282685399055,0.9763006567955017,-0.025815919041633606,-2.1772973239421844,0.5249875994976574,-5.098228044433058,0.9535758805255037,0.9780800342559814,0.391304347826087,21.79215265356976,0.9666375195400767
53005,-10.434097051620483,0.8334164619445801,0.9342908263206482,0.9348351955413818,-0.018668435513973236,-7.869188487529755,-0.9592998911612971,22.66519801135651,0.9245206412896818,0.9804492592811584,0.35,23.57412519909087,0.9673128406169094
53006,-8.709464222192764,0.7998127341270447,0.9159589856863022,0.8971262574195862,-0.01815992407500744,-9.626701474189758,-3.76025289425722,23.422855479760766,0.885587777802846,0.9709135293960571,0.2727272727272727,31.071144601573113,0.9592430753933071
53007,-8.456282317638397,0.7953404039144516,0.9190798550844193,0.9381956458091736,-0.03636765480041504,-7.8271083533763885,7.382190560195413,7.658307717266977,0.9146477918560625,0.9571714401245117,0.36363636363636365,21.55112183612326,0.9596151551062454
53008,-7.489056885242462,0.8333753198385239,0.9435015060007572,0.9686750173568726,-0.00541122630238533,-3.216833993792534,3.061364813247822,13.504057176056387,0.9569980473077013,0.9931009411811829,0.19047619047619047,23.043623424711683,0.9713588340814666
53009,-3.0822260305285454,0.8515085726976395,0.9539335668087006,0.9735544919967651,-0.028427010402083397,-3.0477235093712807,1.2931214787393919,-14.328303505479672,0.9556823471824802,0.9727790355682373,0.391304347826087,18.836524089177452,0.9771153205591652
53013,-11.98381707072258,0.7885027676820755,0.8975109159946442,0.910302460193634,-0.03620240092277527,-7.820745557546616,-1.187435412552833,-6.675983818651171,0.8895399202967266,0.9607704281806946,0.17391304347826086,28.110774358113606,0.9488451248108954
53017,-8.98943692445755,0.7743108123540878,0.9078830108046532,0.9817364811897278,0.06318383663892746,-5.341621860861778,-1.6807299819260366,20.508852633600682,0.892899449997154,1.0955917835235596,0.45454545454545453,20.348093726418234,0.9552877800331511
53018,-2.346663735806942,0.8446967452764511,0.9638325236737728,0.960568368434906,-0.027093108743429184,-2.460581250488758,3.407468398882216,56.94143093408071,0.9458987000684697,0.9674252271652222,0.30434782608695654,17.090312294338062,0.9823653392105571
53022,3.837648406624794,0.8337879478931427,0.9579114392399788,1.0594899654388428,0.01699913665652275,4.11548912525177,19.047540221289115,8.184897184574636,0.9347889513514962,1.01968252658844,0.5416666666666666,17.06936756769816,0.9819438923070839
53023,-4.117588698863983,0.8537131994962692,0.9714333955198526,0.9628150463104248,-0.03435826674103737,-3.3765606582164764,-4.035516510229362,-69.09826447554963,0.9462402613178964,0.9635989665985107,0.5555555555555556,14.426151911417643,0.9864961675967201
53028,-14.90078717470169,0.8306319117546082,0.9587789364159107,0.9289153814315796,0.01587272435426712,-12.27683201432228,0.015443911744923773,-16.160320223866307,0.9244831982710147,1.0166140794754028,0.3157894736842105,14.823131812246224,0.9806677288053872
54001,-1.2205840088427067,0.8200669437646866,0.951392937451601,1.0475212335586548,0.04966935142874718,1.6114121302962303,2.376602222441764,6.030798638100788,0.9270639276446728,1.051212191581726,0.6363636363636364,12.578641284595838,0.9790544886650648
54002,-9.00280699133873,0.8048691004514694,0.9434449747204781,0.9493909478187561,0.022301118820905685,-6.91915825009346,5.3789901113847876,-9.559067966595673,0.9347963534327457,1.0299409627914429,0.13043478260869565,15.348871894504711,0.9718259319567625
54003,-17.118941247463226,0.5616533160209656,0.7609429955482483,0.8061738610267639,-0.0188396368175745,-16.490694880485535,-29.177747101263435,89.76338822835905,0.7670569600468979,0.9663490056991577,0.5454545454545454,48.390163074840196,0.8752542654200757
54004,-17.54215508699417,0.7352652251720428,0.8753499165177345,0.8682407736778259,-0.009275415912270546,-11.891993135213852,-10.305754776440853,-84.38934276746207,0.8542040464831748,0.9908009171485901,0.19230769230769232,25.946967418377216,0.9382639229011492
54005,2.8789732605218887,0.8329748809337616,0.9482597075402737,1.0163077116012573,0.025468241423368454,3.4935716539621353,-2.547250657398561,10.325330103412346,0.9576977780778573,1.0299713611602783,0.47619047619047616,13.133118266151063,0.9749949198745418
54007,-34.60344970226288,0.7153242826461792,0.8000348806381226,0.719066321849823,-0.047694507986307144,-29.313895106315613,15.873532580189842,-45.89091883080525,0.6954482688558884,0.9162866473197937,0.36363636363636365,39.54174301841042,0.917416103222678
54008,-3.1623195856809616,0.8679775893688202,0.967184592038393,0.9544942378997803,-0.011171587742865086,-4.150403663516045,0.9251354799642392,24.201680312056645,0.9497684374450226,0.9860300421714783,0.3333333333333333,10.698592095147996,0.9839601817135561
54011,-11.868815869092941,0.7200519144535065,0.8452073037624359,0.9437091946601868,-0.030987346544861794,-12.548801302909851,9.130312132857187,-39.813620518496165,0.8941679578581186,0.9592608213424683,0.2,24.228078842163086,0.9201746550246983
54012,12.214041501283646,0.768016129732132,0.9158597961068153,1.104361653327942,0.02249683067202568,10.715842992067337,3.4001931075918006,0.10461020033596408,0.8890826275651563,1.0180732011795044,0.3181818181818182,18.22677959095348,0.9670656984037393
54015,-36.111387610435486,0.731358528137207,0.5522578358650208,0.536526620388031,-0.04034222662448883,-29.8425555229187,-1.4924485464923571,13.21091989913414,0.4713503119771222,0.8651041388511658,0.25,32.302184104919434,0.7844402039278657
54016,-1.0567773133516312,0.8306850790977478,0.9501050151884556,0.9827556610107422,0.01367728877812624,0.39917444810271263,4.214533988826664,4.1662349412640465,0.9664425030226267,1.0140278339385986,0.7272727272727273,13.834257559342818,0.9748612201727872
54017,-24.813902378082275,0.7112454771995544,0.7418688535690308,0.7321889400482178,-0.0761275365948677,-22.678738832473755,0.6243718227802147,-11.402831098779545,0.6695708903628453,0.8508408665657043,0.5,34.399592876434326,0.8766623108038923
54018,-0.8912235498428345,0.7994722723960876,0.9098863825201988,1.002616047859192,-0.004898646846413612,-1.7283687368035316,10.371612809506178,3.2473305177698286,0.9545041399218063,0.9933010339736938,0.25,24.773695468902588,0.9550761373874486
54019,1.0243576020002365,0.7733307927846909,0.9046695381402969,1.0288379192352295,-0.005387513432651758,3.1746651977300644,1.7962352701522157,21.563321348627095,0.9453261091212146,0.9929434061050415,0.5,18.060972473838113,0.9540890727537622
54020,0.1592639833688736,0.815427303314209,0.9457442089915276,1.0094804763793945,-0.00791800394654274,1.6140345484018326,0.1288333113461286,16.071398188151882,0.9705347119732542,0.9922401905059814,0.09090909090909091,14.980284734205766,0.973202441851255
54022,-10.676883161067963,0.7457598149776459,0.8939999639987946,0.9098618030548096,-0.02061261609196663,-11.021385341882706,-1.4854541859355852,-37.29814324661847,0.8913350634032261,0.9714459776878357,0.18518518518518517,21.169342818083585,0.9464477665559374
54024,-1.628749817609787,0.7157495319843292,0.9103738889098167,0.9928395748138428,-0.027483761310577393,0.9422335773706436,4.770500406288834,38.02086282307415,0.948070458641157,0.974610447883606,0.22727272727272727,18.037357113578103,0.955269962885974
54025,0.4808768630027771,0.7855259776115417,0.9419473968446255,1.0297352075576782,0.07186559587717056,0.691367732360959,-2.1560426549926826,40.42195574020499,0.8918629421592107,1.1008554697036743,0.3333333333333333,13.427465302603586,0.9747489615893676
54027,-2.0479926839470863,0.8222905844449997,0.9620653726160526,0.9987080693244934,0.033258482813835144,-0.10721987346187234,3.0001867550859505,-7.509849104088681,0.9718256795022163,1.0212647914886475,0.5,12.419782744513617,0.9815627579723576
54028,-6.586272269487381,0.8037174940109253,0.9344763234257698,0.9659819006919861,0.012080964632332325,-7.181931287050247,-2.7997347930433003,25.691463562902893,0.9495714405197961,1.0167583227157593,0.19047619047619047,17.91424524216425,0.9667589538300457
54029,3.3666636794805527,0.8397808223962784,0.9498055577278137,1.0137344598770142,-0.025505907833576202,0.8964138105511665,3.607292565006283,20.145054180131684,0.957843362918288,0.9684413075447083,0.3,12.690460681915283,0.9756567136064545
54032,3.1027421355247498,0.8349335789680481,0.9615138582885265,1.004571795463562,0.024269163608551025,2.351316250860691,5.779399337771953,9.577322590180072,0.9692518695184635,1.0238568782806396,0.9,9.118423461914062,0.9811480618224097
54034,19.46316361427307,0.6921487152576447,0.5245766639709473,1.292232871055603,0.08263031393289566,15.406124293804169,2.0906599404893167,9.812848858581381,0.6279042963489183,1.1762712001800537,0.2857142857142857,27.138144629342214,0.8517312381609791
54036,1.8854795023798943,0.6839644014835358,0.6409622430801392,1.2523893117904663,-0.04988006129860878,-0.7923012599349022,18.257935086935063,-10.89519664555155,0.7112198287109647,0.9223842024803162,0.4090909090909091,31.034989790482953,0.8830837453600108
54038,1.1556326411664486,0.8342785686254501,0.9484470188617706,0.9922982454299927,-0.0005761050269939005,1.5028245747089386,-3.3427946773339148,28.687157233883898,0.9729253501796353,0.9992937445640564,0.2727272727272727,15.649028257890182,0.9740535003767764
54044,-7.477197051048279,0.6699767708778381,0.8886835426092148,0.963084876537323,-0.10189888626337051,-3.8656603544950485,12.066422730735617,-32.132440272882334,0.909131709945571,0.935022234916687,0.14285714285714285,15.633824893406459,0.948306578349572
54048,-14.773362874984741,0.7324302792549133,0.8091204315423965,0.8534770011901855,-0.01105636265128851,-8.816071599721909,2.354476039273941,-9.038365291464586,0.821355232182307,0.9753190279006958,0.17391304347826086,36.95504561714504,0.9008243300771306
54049,-10.885551571846008,0.747414231300354,0.8964687213301659,0.8640264272689819,-0.021396055817604065,-9.981146454811096,-6.054541252006007,15.462584487135262,0.8501812827058537,0.9604913592338562,0.22727272727272727,22.882377017628063,0.9510520391105238
54052,39.993906021118164,-0.05495178699493408,0.2958306670188904,1.3158175945281982,0.6998329162597656,43.0740624666214,-24.616442336493265,42.56582513911859,0.3412024846225755,1.5765197277069092,0.4782608695652174,26.078124668287195,0.9564291746848679
54057,-15.110518038272858,0.8046863228082657,0.9343754276633263,0.8892356753349304,-0.040204860270023346,-9.333351999521255,1.8249295060520605,12.559205990719827,0.8782521170973658,0.9586785435676575,0.5909090909090909,15.261570973829789,0.9709079287249153
54060,16.62665754556656,0.40678954124450684,0.6104376316070557,1.2419586181640625,0.1736043095588684,24.69746172428131,19.99607666908603,53.82801282640669,0.6425762311494454,1.2335273027420044,0.35294117647058826,42.61700125301586,0.8788687632791756
54063,-43.445003032684326,0.504300981760025,0.6855726540088654,0.5824234485626221,0.07277198880910873,-36.117249727249146,-24.121755155591458,-7.327510886933783,0.5498251134320311,1.1220779418945312,0.07692307692307693,37.86110511192909,0.88430977444509
54080,-22.625473141670227,0.6580227315425873,0.8305795192718506,0.7704137563705444,-0.05971827730536461,-16.79016351699829,-21.213376318965775,87.42039142370058,0.7473457009798326,0.9242883324623108,0.19047619047619047,29.945353099278044,0.9265691144806839
54095,-8.468399941921234,0.8404320329427719,0.9577409625053406,0.9709363579750061,-0.0016465425724163651,-5.8975715190172195,-0.2681263972247741,-3.5046695793597045,0.9639078180265523,0.9982199668884277,0.47619047619047616,16.644373394194105,0.978674386433934
54096,-25.814932584762573,0.6874883472919464,0.854016974568367,0.7805484533309937,-0.10811945050954819,-24.549531936645508,6.810846228897678,19.857922068969923,0.7256975891641508,0.8449564576148987,0.2857142857142857,35.115196591331845,0.9448245415096607
55002,-11.211544275283813,0.828764945268631,0.9458444491028786,0.8829969763755798,-0.04768671840429306,-12.335752695798874,1.682344947915401,17.375611264328978,0.8665820935496393,0.9396432638168335,0.18181818181818182,18.482678869496223,0.978373751558437
55007,-9.89370048046112,0.8126925677061081,0.9303576797246933,0.9467192888259888,0.018344266340136528,-6.957864761352539,-8.587086211394555,54.957953784849266,0.9316283585237616,1.0245676040649414,0.2608695652173913,16.50094467660655,0.9648961539791556
55008,-4.034233093261719,0.7261013984680176,0.8664748519659042,0.9422826170921326,-0.0047744037583470345,-5.856645852327347,-6.521294217427877,-26.0175425066437,0.9097422260604047,0.9933515787124634,0.21428571428571427,17.982985292162216,0.9309278061649904
55013,13.789685070514679,0.7873819172382355,0.9036897495388985,1.1560168266296387,0.07746470719575882,13.696125149726868,8.50234824671117,7.9386674394791275,0.8170737473126951,1.091140866279602,0.18181818181818182,17.838003418662332,0.9714674532429949
55014,-2.8977369889616966,0.8208838850259781,0.9504170641303062,1.054443359375,0.05890490859746933,-0.3736205864697695,9.897272940627639,14.893618127789452,0.9138495935326146,1.0635545253753662,0.2,9.437004923820496,0.9795394169493572
55016,-11.286845058202744,0.778145968914032,0.9167002066969872,0.9683163166046143,0.03656591475009918,-7.8523337841033936,6.519850011308821,44.31362292229268,0.9254254923645701,1.053008794784546,0.2727272727272727,18.61705780029297,0.9581960639286483
55018,2.216835133731365,0.7390680909156799,0.7343797981739044,1.1255813837051392,0.02972332201898098,-1.9872937351465225,18.8037024565494,-11.186892635460293,0.8260383669746065,1.0475482940673828,0.23809523809523808,25.66102799915132,0.8894055807789291
55021,-13.961245119571686,0.8232012093067169,0.9505289159715176,0.9072496891021729,-0.026760289445519447,-13.629402220249176,-5.694243716300729,22.85286952167995,0.9004498600253745,0.9714004397392273,0.15,15.444564819335938,0.9778713906850347
55023,7.960522919893265,0.8123166412115097,0.9458715170621872,1.0647506713867188,0.05307759717106819,7.017363607883453,6.388283913214949,27.48316271640226,0.9092753773940178,1.0595711469650269,0.6521739130434783,13.675403594970703,0.9778734062441091
55025,-4.437470808625221,0.791842132806778,0.8977254778146744,0.972838819026947,-0.02108073979616165,-1.0869993828237057,-4.0983266014070665,50.21708363832003,0.9352055040465281,0.9724133610725403,0.45,17.991033792495728,0.9480425721700976
55026,-8.971098065376282,0.7871699929237366,0.9253108873963356,0.9523460268974304,-0.008290925994515419,-6.455271691083908,7.076167328204211,37.43205393939332,0.9380896040895382,0.9890846014022827,0.4166666666666667,23.67067734400431,0.962015134029687
55029,-4.719265550374985,0.7598521113395691,0.8779379948973656,0.9963357448577881,0.02830897644162178,-4.68713641166687,9.863355015358994,60.10229475196237,0.9247527245968642,1.0441182851791382,0.48,24.665447235107422,0.9391534503632262
55032,-9.584885835647583,0.6665666997432709,0.8300150334835052,0.9359142780303955,0.0005771129508502781,-7.596751302480698,-26.391806724663798,-77.5421923125341,0.8906326252263099,1.0010474920272827,0.2631578947368421,33.158382616545026,0.9113820240302448
56001,-5.334382131695747,0.8210336118936539,0.9425160586833954,0.9614030122756958,0.0052126203663647175,-6.108976900577545,7.303391322054033,6.673783983529363,0.9512036801251816,1.0066436529159546,0.3333333333333333,14.820623397827148,0.9708930378110695
56002,-3.6903373897075653,0.8217694610357285,0.948858056217432,0.9485780000686646,0.017820101231336594,-3.1157447025179863,-4.565253507005057,13.293141398710945,0.9386984618829186,1.0216494798660278,0.2857142857142857,13.91282422201974,0.9746040058254816
56007,-0.2558469073846936,0.7642446458339691,0.9087667614221573,1.0077749490737915,0.012241900898516178,1.0539052076637745,6.3109993100938455,1.8689142162717838,0.9507785291522091,1.017967939376831,0.20833333333333334,22.1968412399292,0.9548396577308098
56012,9.53027531504631,0.7883201092481613,0.9108728170394897,1.021793246269226,-0.03386009857058525,6.1147816479206085,-1.6233723666738304,6.816508865701608,0.9414795708235113,0.9665908813476562,0.5416666666666666,18.900819619496666,0.9571803101491508
56013,-2.731870673596859,0.8111523389816284,0.9351163059473038,1.0183274745941162,0.03181092441082001,-1.4745533466339111,3.3939407410094833,9.231415268941003,0.9456708086002454,1.0405285358428955,0.2916666666666667,21.768196423848472,0.9688038063926971
57004,-3.9403121918439865,0.7988607436418533,0.9223358258605003,0.9782338738441467,0.014847543090581894,-2.3896299302577972,-2.571830148961882,-8.256270468155101,0.949996745524694,1.0218820571899414,0.35,18.876439332962036,0.9606587140089978
57005,-3.431645780801773,0.8155729174613953,0.922430232167244,0.9560927748680115,-0.03262539207935333,-2.8842736035585403,-3.5567066806172076,-7.773305349737507,0.9269440184117235,0.9565461277961731,0.43478260869565216,24.189745861551035,0.9609988074858095
57006,-9.324529767036438,0.7901082634925842,0.9244106858968735,0.9524985551834106,0.023433472961187363,-5.742993950843811,-5.766635841714911,12.432003814871189,0.9307452186113396,1.0328645706176758,0.2916666666666667,21.693907181421913,0.9617932272542752
57007,-15.377996861934662,0.7990439981222153,0.910150982439518,0.8891911506652832,-0.018230149522423744,-12.565213441848755,3.009286706668698,-26.00939815636329,0.8779698639884668,0.9730473756790161,0.3333333333333333,28.556299209594727,0.9565683405069385
57008,-4.892531037330627,0.8136018365621567,0.9260777458548546,0.9468571543693542,-0.0020685482304543257,-3.495938703417778,-7.814249908001063,-1.3915670597492409,0.9348754153317149,0.997234582901001,0.3333333333333333,22.31163581212362,0.9624579974593449
57009,-9.521903097629547,0.7701004296541214,0.8987615406513214,0.9240918755531311,0.0012376403901726007,-8.992858976125717,-10.306101965036655,10.832201145755082,0.9081685170703321,1.001533031463623,0.25,27.385624249776203,0.9483412377756484
58001,-9.755219519138336,0.7547913491725922,0.8997456878423691,0.9620077610015869,0.02833792008459568,-4.492096230387688,-12.347201590438377,-16.008751697452723,0.9281894269113877,1.0334446430206299,0.28,25.816650390625,0.9490607809598044
58002,-12.508700788021088,0.7880220860242844,0.9069201424717903,0.9007156491279602,-0.05293581262230873,-9.382286667823792,2.7671005509250883,-44.49542483522819,0.8672571479197135,0.9240372776985168,0.2,27.721824645996097,0.9553575619967474
58006,-3.7217117846012115,0.7900863885879517,0.9238884747028351,0.9505098462104797,-0.01860348880290985,-3.0955983325839043,-9.395796648522913,-14.119660280343085,0.9323600436542495,0.9747315645217896,0.2,22.05077362060547,0.9614332456534365
58008,-16.702546179294586,0.7642634063959122,0.8845716267824173,0.8427454233169556,-0.06827107816934586,-14.959551393985748,-9.377331830803115,-37.1558557257772,0.8109482644153096,0.9083167910575867,0.23076923076923078,27.646585611196667,0.9489534914235853
58009,27.258118987083435,0.696413516998291,0.805899053812027,1.240234136581421,0.11982858180999756,27.43864357471466,0.03919582298703808,-28.642131869769333,0.7243886431933465,1.1258130073547363,0.2916666666666667,24.52441851298014,0.9508037928073644
58010,-19.58315819501877,0.7208205461502075,0.8777556791901588,0.8104915618896484,-0.02064192108809948,-19.208119809627533,-19.099128639034948,-3.4130927419434207,0.7998735429891445,0.9635496139526367,0.15384615384615385,27.046750142024113,0.9470045281397454
58012,-15.559661388397217,0.7784601151943207,0.9102291315793991,0.9126768708229065,-0.02547372505068779,-11.698812246322632,1.3780583788155345,-26.777426227414015,0.8971056810173487,0.9688783884048462,0.3076923076923077,23.412093749413124,0.9553529700725275
59001,-13.962972164154053,0.7492203712463379,0.8832273781299591,0.8631088137626648,-0.01261147577315569,-13.273295760154724,-11.321715483707694,-7.799318030373303,0.8508478258749397,0.98289954662323,0.23076923076923078,30.182616527263935,0.9433012463005012
60002,-10.881198197603226,0.7858528345823288,0.8960192203521729,0.9026998281478882,-0.047182194888591766,-11.418956518173218,-7.253455199131774,34.59946972475612,0.8750390482474688,0.9405447244644165,0.5652173913043478,30.730145910511848,0.94888262299926
60003,-10.543535649776459,0.7988516390323639,0.9195416867733002,0.9311071038246155,-0.04698485508561134,-10.990449041128159,9.807266493500736,10.839026913108041,0.9051932994575329,0.9481919407844543,0.34782608695652173,23.925687869389854,0.9605284365063249
60005,0.40890173986554146,0.6917848587036133,0.8568144738674164,1.0274429321289062,-0.05111323297023773,2.3062333464622498,12.59028415647077,38.93449587125724,0.9026780368012128,0.936057448387146,0.20833333333333334,27.55397955576579,0.931957365642769
60006,-7.626273483037949,0.7969836592674255,0.9074857831001282,0.9294575452804565,-0.06168818473815918,-8.500663191080093,1.8393751643719343,9.72205006677089,0.8884368055703905,0.9262357354164124,0.5217391304347826,28.25366103130838,0.9549562245818306
60010,-1.5216350555419922,0.8076120615005493,0.9428257681429386,0.9347394108772278,-0.07455376535654068,-6.92601278424263,-0.9521085138840497,28.90796222912592,0.8912510424119355,0.9167792201042175,0.20833333333333334,18.751194079717003,0.9746683384402628
60012,-14.927427470684052,0.7312294542789459,0.8725205808877945,0.8810629844665527,-0.07629130780696869,-13.937614858150482,-4.4271313440067015,14.730644004151259,0.8336863728460359,0.9010475277900696,0.16,29.320430755615234,0.9389867460575387
6007,-1.8580902367830276,0.7194854617118835,0.9255582094192505,0.9300152063369751,-0.03039374202489853,-1.30772041156888,-9.970791433473577,58.12389651499906,0.9168021029611619,0.9742511510848999,0.36,12.643494606018066,0.9631080563377817
6008,-14.215297996997833,0.7417482733726501,0.8700278699398041,0.8512930274009705,-0.036786194890737534,-14.065589010715485,-10.216086453231954,42.5595779935576,0.8294567339276248,0.9446997046470642,0.3181818181818182,30.64656464949898,0.9374450702426856
61001,-1.1872830800712109,0.7301208972930908,0.8892353028059006,0.9441105127334595,-0.11415516585111618,-2.779262885451317,3.404113925368756,23.053669555742314,0.8705278418118401,0.8945065140724182,0.391304347826087,28.89010595238727,0.9498948167768021
61002,-3.9563361555337906,0.7515204846858978,0.9029445871710777,1.0528695583343506,0.03037969022989273,-2.5153033435344696,10.0423199462772,-20.11567687074661,0.9239452227014509,1.0320065021514893,0.375,20.79770565032959,0.9556748065826067
62001,-2.9923509806394577,0.845080241560936,0.9606625288724899,0.9550935626029968,-0.047352682799100876,-5.118995904922485,2.2223835757030415,16.74130918879584,0.9299301701123219,0.949443519115448,0.08695652173913043,14.311095942621646,0.9816360357937861
63001,-16.806672513484955,0.7883205860853195,0.9123891070485115,0.8475649952888489,-0.03449425473809242,-15.808865427970886,-7.317976757636195,32.69046145785774,0.836614772395972,0.9545144438743591,0.2916666666666667,25.487524271011353,0.9627257981725625
63004,-9.938793629407883,0.7537685483694077,0.8895280659198761,0.8750743865966797,-0.05660441890358925,-10.555852204561234,-1.6481939610400496,29.138931223728186,0.8463665686294614,0.9275166392326355,0.25925925925925924,24.620291038795752,0.9476264879699838
64001,1.6248352825641632,0.8163296282291412,0.9365982338786125,0.9887679815292358,-0.002335437573492527,-1.8599078059196472,-2.024347761699662,27.09458127823372,0.9659603342602552,0.9970173835754395,0.2692307692307692,17.11613214932955,0.9680055535442491
64002,-0.4291859455406666,0.6960982978343964,0.8825153261423111,0.9785764813423157,0.05172858387231827,-1.0583769530057907,-4.018870569493132,37.743773818797834,0.9143877378184417,1.0587947368621826,0.3076923076923077,19.42135554093581,0.9415733690730466
64006,-15.951119363307953,0.7975397258996964,0.9212332218885422,0.8708572387695312,-0.06952781230211258,-13.666005432605743,-3.158410024094753,22.763447011416044,0.8481667951433888,0.9272342324256897,0.3076923076923077,24.687917415912334,0.9671273306815334
65001,-10.452590137720108,0.7408990263938904,0.8878533840179443,0.9087072014808655,-0.03531409427523613,-8.648019284009933,-5.2262623920003675,35.1128864160837,0.8841554568904114,0.9564028382301331,0.2413793103448276,24.86412771816911,0.9435653422759905
65004,-6.543394178152084,0.7643299400806427,0.9105164259672165,0.9210450053215027,-0.034247808158397675,-6.499912589788437,-8.33953047165336,24.6528029644619,0.902098102814174,0.9630456566810608,0.3157894736842105,18.39202454215602,0.955443667141825
65005,-27.258199453353882,0.7283071577548981,0.6218916475772858,0.7128305435180664,-0.07283452898263931,-24.53317493200302,-3.2244335168652403,-41.34264320573867,0.6359317880713065,0.9072332978248596,0.38461538461538464,38.75007629394531,0.7963490604775519
65006,-6.67647123336792,0.7453473210334778,0.9037811756134033,0.8785980939865112,-0.0961412861943245,-7.005502283573151,-11.821876485921482,46.327922551137114,0.8369166488341939,0.899164617061615,0.25925925925925924,19.568116576583297,0.9588906070169978
65007,-17.776338756084442,0.7475757598876953,0.8788952007889748,0.8628722429275513,-0.0696072056889534,-16.612757742404938,0.39115144011901737,21.6752290168248,0.8321251721977547,0.9213305115699768,0.32,25.905134201049805,0.9435283465792664
65008,-24.276438355445862,0.6882238686084747,0.842867448925972,0.815764844417572,-0.02547585219144821,-21.768225729465485,-12.22102789837117,-11.93172732270604,0.7975719943570553,0.9626731872558594,0.11538461538461539,27.455344566932094,0.9248919846723236
66001,-2.9493365436792374,0.8499791920185089,0.9610560424625874,0.9818278551101685,-0.02497234009206295,-3.367682546377182,1.9232393375375163,19.644669424010647,0.962129694506208,0.9729881286621094,0.2727272727272727,15.807297013022684,0.9806533725129846
66004,-7.955031096935272,0.7940341234207153,0.9383619464933872,0.9512798190116882,-0.05318222939968109,-7.379720360040665,-3.484751818083927,-14.488525004629931,0.9321332672559107,0.9632259607315063,0.5,18.31319982355291,0.9703367666343827
66006,-20.905013382434845,0.7785771191120148,0.904960885643959,0.8409030437469482,-0.08433634787797928,-16.683876514434814,-5.731776057375823,48.17356620057651,0.8019474665581089,0.8880766034126282,0.22727272727272727,33.32573067058217,0.9627693968607567
66011,-7.785827666521072,0.7496048510074615,0.9007460251450539,0.9365323781967163,-0.017809372395277023,-7.271599769592285,-4.915226728420984,24.129753015196897,0.9148306628967717,0.9743445515632629,0.14814814814814814,15.992537251225226,0.9493297431351626
67001,-1.7831210047006607,0.7632051557302475,0.9355634823441505,0.973249077796936,0.016537358984351158,-0.52053052932024,-15.024007495731817,56.74533981659808,0.9548587163401662,1.016113519668579,0.44,11.891945838928223,0.9674043233597841
67005,12.210334092378616,0.8201633244752884,0.9263400062918663,1.069198489189148,0.020055357366800308,8.33514928817749,5.0878421860368634,12.319197826146882,0.9208098432482738,1.0213876962661743,0.22727272727272727,15.88149287483909,0.9679809983177455
67006,-9.11533236503601,0.7579329758882523,0.9247023388743401,0.8976131081581116,-0.02655346505343914,-8.65316316485405,-13.808222680062393,62.626854567116176,0.8868453345371079,0.9676639437675476,0.375,23.24033578236898,0.9642889070132523
67008,3.9174161851406097,0.8212413042783737,0.9301055148243904,1.0016117095947266,0.002716459333896637,0.7996955886483192,2.4386894127273777,-16.53355455146434,0.964942294372564,1.0030676126480103,0.34782608695652173,15.352442990178647,0.96511397315996
67010,-2.920776791870594,0.7242884039878845,0.8701120913028717,0.9508268237113953,0.038152214139699936,-2.970529720187187,-11.045858204964278,-5.604452182652187,0.8994796885483695,1.057403802871704,0.2857142857142857,22.13341338293893,0.9337343590999895
67015,-5.570352450013161,0.8465263843536377,0.9655014537274837,0.9724901914596558,0.012178181670606136,-3.1921666115522385,-9.902569165563294,-3.1205526566112964,0.965257388245908,1.0123264789581299,0.21739130434782608,13.498052306797192,0.9827281320621087
67018,-1.022105012089014,0.7513744831085205,0.8827962800860405,0.9939194917678833,0.0016222632257267833,0.821264460682869,-2.0511269386494027,-8.438875883284336,0.9406976771060513,1.0024118423461914,0.21428571428571427,23.095078127724783,0.9410595560183466
67025,8.011290431022644,0.7222149968147278,0.8494236022233963,1.029882550239563,0.07532738894224167,2.550317905843258,-4.9099115738762205,-2.6967165011003487,0.8849561212283252,1.086336374282837,0.2692307692307692,26.00386142730713,0.9300846389574816
67033,10.428201407194138,0.8114940375089645,0.9444478824734688,1.0490182638168335,0.07292139530181885,9.541910886764526,-9.584704981317358,21.540349009151953,0.9042088969515366,1.0790783166885376,1.0909090909090908,10.890523953871293,0.9772016433633474
68001,2.54709180444479,0.7696133702993393,0.9313716888427734,1.0507851839065552,-0.022170471027493477,2.948659285902977,21.85021374606912,0.3450437205332083,0.9362855736400997,0.9774768948554993,0.24,19.671640396118164,0.9688054018041857
68003,-10.743488371372223,0.7939393371343613,0.9340241625905037,0.9864843487739563,-0.03401778265833855,-7.170280069112778,9.92148637531436,25.196254490225158,0.951508874650412,0.9669024348258972,0.12,14.311516761779785,0.9672392370486977
68004,-16.773128509521484,0.6559045314788818,0.8107882589101791,0.9273281693458557,0.015986135229468346,-11.657257378101349,-2.996546939720166,38.077815581608355,0.8759523213419852,1.017285704612732,0.4782608695652174,32.56522218386333,0.9009654806349884
68005,-15.160064399242401,0.7528995275497437,0.895105317234993,0.8403477668762207,-0.08986303955316544,-13.15685361623764,-20.243899389591054,8.7140436535242,0.8063968034170227,0.8990439772605896,0.17391304347826086,26.18260798246964,0.9575589390050503
68020,-19.337154924869537,0.6616756319999695,0.7828367650508881,0.8256953954696655,-0.10177400708198547,-22.074508666992188,12.555614158364033,-26.26032656535512,0.7531256421453122,0.8616108894348145,0.11538461538461539,30.9418458205003,0.893166917658129
69002,-8.527760952711105,0.7521007061004639,0.87883660197258,0.954026997089386,0.02353590354323387,-6.455685943365097,-3.6890192041160126,25.877769862415494,0.9188799559015185,1.0247013568878174,0.2857142857142857,25.632715225219727,0.9378969604139947
69007,-18.64623725414276,0.7155504822731018,0.8922673463821411,0.8683346509933472,-0.1394023597240448,-15.972664952278137,2.953636364217147,22.46570483502557,0.8096048319572546,0.8686803579330444,0.32,28.54827117919922,0.9591379455681897
69012,-10.021703690290451,0.7635448127985001,0.9022049382328987,0.896597146987915,-0.03290968015789986,-10.01044511795044,-7.522519935074012,0.6861730833639638,0.8825776747044052,0.9718093276023865,0.34615384615384615,20.650406984182503,0.9520298170051846
69015,-11.111705750226974,0.6408289670944214,0.8369498401880264,0.8949772119522095,-0.16480684280395508,-11.53775230050087,4.204909432922356,7.453838294623852,0.78839204491907,0.8300520181655884,0.32,27.3482666015625,0.9302445406107004
69017,-1.4735754579305649,0.799382284283638,0.9187783673405647,1.0056157112121582,-0.013322713784873486,-1.105071697384119,6.193603993192457,-0.0630086939766267,0.9570470505549796,0.9861821532249451,0.28,17.5388126373291,0.9597198961755407
69023,-11.134236305952072,0.7897794842720032,0.914582222700119,0.9221680760383606,-0.015828348696231842,-10.275182873010635,0.028447162296138834,3.5838612179246208,0.9095708978751641,0.9832730889320374,0.2222222222222222,20.717412454110605,0.9571068237401559
69027,-11.301221698522568,0.7291853725910187,0.8912162780761719,0.8946521282196045,0.017513403668999672,-11.726918071508408,-6.2589103913645205,10.993255526007584,0.8800626529885902,1.01802659034729,0.28,23.55428695678711,0.9455772551231779
69030,-8.661910891532898,0.7159498035907745,0.8707112818956375,0.9635710716247559,0.041834354400634766,-5.836588144302368,-1.4224446847466574,27.921155588032757,0.9139920405349273,1.0422037839889526,0.4,22.573162078857422,0.9345084517987952
69032,-9.538351744413376,0.7115946412086487,0.8651522248983383,0.880118727684021,-0.10621548444032669,-10.149501264095306,-10.596756109651961,35.57983718741515,0.8314348111270564,0.8990322351455688,0.25925925925925924,28.943054764359083,0.9379660261794109
69043,-21.066220104694366,0.6391591429710388,0.73710498213768,0.7734091281890869,-0.10363589227199554,-20.67265957593918,3.918565246919308,26.642844300970147,0.7219971138783361,0.9046668410301208,0.18518518518518517,28.422161511012483,0.8701779282834814
70002,-14.666293561458588,0.6727720201015472,0.854684978723526,0.796956479549408,-0.10554496943950653,-14.088113605976105,-23.00983624143324,59.310912290052755,0.7648360544322412,0.8966810703277588,0.2727272727272727,25.94471411271529,0.9416852602731666
7001,-17.14959591627121,0.6233587861061096,0.7964129149913788,0.8618881702423096,0.002102451864629984,-15.614131093025208,-6.99219357387533,-0.182640674035899,0.8252463269994796,1.0026564598083496,0.3333333333333333,35.83715580127858,0.8929630347522776
7002,-22.03601896762848,0.6615209877490997,0.8053761273622513,0.8267070651054382,-0.009145568124949932,-17.584779858589172,-11.817328929884832,-15.226823112018858,0.7998350481465686,0.9883421659469604,0.25925925925925924,34.85453923543294,0.9005029569720412
7003,-12.410292029380798,0.6803151667118073,0.8877530470490456,0.9144790768623352,-0.02355574257671833,-9.984926879405975,24.97720464021531,-49.827173345257066,0.8923543396635453,0.9681127071380615,0.2857142857142857,25.372380869729177,0.9429302142207457
7005,-9.86519381403923,0.6925104558467865,0.8516197800636292,0.9248737096786499,-0.00669419951736927,-7.600673288106918,3.6237260785941423,-32.3727446355279,0.8919028798332289,0.9904979467391968,0.3333333333333333,27.070016860961914,0.9228589676324562
7006,0.3731372766196728,0.5389969348907471,0.762891948223114,1.0449187755584717,0.08294523507356644,4.580912739038467,23.753037281382515,-92.29419680980634,0.8309411629047918,1.1209897994995117,0.4074074074074074,26.947932773166233,0.8907998973472105
71001,-14.289268851280212,0.7576326280832291,0.8847429677844048,0.9028078317642212,-0.046789295971393585,-12.996713817119598,5.12044205346393,-26.021651633353127,0.8712581167823668,0.9380748867988586,0.2222222222222222,25.363378171567565,0.9426115405061557
71004,-8.134739100933075,0.7587065249681473,0.8924057185649872,0.9125310182571411,0.0005623227334581316,-8.45504105091095,-11.354803780692144,-1.2336796102546923,0.8968004284063927,1.0007121562957764,0.25,26.13260916301182,0.9452385021809859
71006,-6.41656368970871,0.780868411064148,0.9023375362157822,0.9376783967018127,-0.028884805738925934,-6.327298283576965,4.022943487832996,22.152153620991914,0.9106548518991274,0.9594746828079224,0.18518518518518517,24.03071368182147,0.9504392098732101
71008,-6.832391023635864,0.7693740278482437,0.9028302356600761,0.907923698425293,-0.02755943313241005,-8.480633795261383,0.14468132027525513,-30.795246707380063,0.8885962986754705,0.9601531624794006,0.1111111111111111,19.38088028519242,0.9515751210973581
71014,-17.553456127643585,0.7363797426223755,0.8555690050125122,0.8465908765792847,-0.038952767848968506,-16.79125726222992,-4.963420305778282,-30.16414194173888,0.8243525745516225,0.951558530330658,0.21428571428571427,28.404673508235383,0.9294940929126837
72002,-18.27312856912613,0.7413153946399689,0.8557371646165848,0.8119589686393738,-0.05767201632261276,-19.723743200302124,-1.079248859283793,-19.838085741711847,0.7839369720862073,0.9157564043998718,0.17857142857142858,28.06855951036726,0.9349860079946598
72004,-13.955913484096527,0.761756181716919,0.8944819569587708,0.9109143614768982,-0.02005075477063656,-12.190650403499603,1.2006613349287285,-7.955118840492672,0.8927386737120029,0.9731041789054871,0.32,26.110073089599613,0.9466581221398855
72005,-16.443099081516266,0.7771348506212234,0.8997767046093941,0.8708629012107849,-0.027335578575730324,-12.366899847984314,1.389148284432676,-19.095575526082563,0.8564558796163563,0.9591517448425293,0.27586206896551724,26.19304163702603,0.9524611289194971
72007,4.53643724322319,0.6922339200973511,0.8260873556137085,1.055077075958252,0.07247119396924973,6.183877214789391,-1.0619867763641,-7.485730512307849,0.8578940357418244,1.1048802137374878,0.2962962962962963,22.06533043472855,0.9215094811584629
72009,1.0180865414440632,0.7627626210451126,0.8753413110971451,1.0095449686050415,0.018330272287130356,2.0964913070201874,4.652116946437767,10.256982671228448,0.9303961847005591,1.0311099290847778,0.32,21.041732788085938,0.9384714944850149
72014,-0.7416117936372757,0.7439981997013092,0.8765517473220825,0.9937968850135803,0.04150674119591713,0.35626853350549936,-5.084945956138178,19.77900770392745,0.9128331797927293,1.0617356300354004,0.32,22.323116302490234,0.9387767373162448
72015,-11.740405112504959,0.7819809317588806,0.9126802161335945,0.9133303165435791,-0.002428804524242878,-7.558364421129227,2.7854513336563973,-25.69577117045431,0.9028608069444599,0.996026337146759,0.21428571428571427,22.99734013421195,0.9563124869033032
73005,-12.646368145942688,0.8025112003087997,0.9166272133588791,0.9253624081611633,-0.024427149444818497,-9.433632344007492,6.061564365047195,-10.918500601227207,0.909253646056704,0.9696045517921448,0.1724137931034483,21.915452233676252,0.9582837277942436
73009,-12.52022385597229,0.7916758507490158,0.919156938791275,0.9006798267364502,-0.007740659639239311,-9.822959452867508,-4.573332687040556,20.79578670655668,0.8926472615858745,0.9895045161247253,0.20689655172413793,19.15280243446087,0.9606304883681045
73010,-5.669884383678436,0.8641844391822815,0.9748473446816206,0.9660398364067078,-0.0328187420964241,-4.871104657649994,2.202903166547087,31.958518878675683,0.9522688118403483,0.9686277508735657,0.20833333333333334,8.516170581181843,0.9881359536161626
73011,-18.09321939945221,0.8017547130584717,0.9118894189596176,0.8733298182487488,-0.0056456890888512135,-14.51147198677063,-4.714223415189274,-8.758470867750356,0.8665660537936961,0.9923520088195801,0.27586206896551724,22.878245649666624,0.9587593491055728
73014,-19.621922075748444,0.7444466054439545,0.8789925649762154,0.8615051507949829,0.003334845183417201,-17.131315171718597,-4.668600115091427,35.073403875614964,0.8493542831753712,1.0046355724334717,0.10714285714285714,27.166598183768137,0.9409083744554285
73015,-27.88509428501129,0.7210907936096191,0.8277176320552826,0.7606155872344971,-0.02697916515171528,-27.243196964263916,4.651761946202523,5.700775116049973,0.743964040402886,0.9489216208457947,0.125,37.40388949712117,0.9248966397908218
74001,-11.957208812236786,0.7597356885671616,0.9001180753111839,0.8901305198669434,-0.05263688042759895,-10.78045666217804,-8.545024973780553,26.16865453135399,0.864371131338321,0.9364226460456848,0.1724137931034483,20.08293414938039,0.9522317321445862
74005,-5.492815375328064,0.7780335396528244,0.9171664863824844,0.9965252876281738,-0.004129419568926096,-3.7703707814216614,4.45689276361845,-13.858182934138672,0.9580907760263202,0.995734691619873,0.2857142857142857,19.156748907906668,0.9584534409074403
74006,-9.32418406009674,0.726576417684555,0.8836968690156937,0.9292039275169373,-0.014053212478756905,-9.391482174396515,1.5845824551871817,40.954496077198755,0.9060006570233213,0.9841798543930054,0.038461538461538464,20.864774630619927,0.9402211107999346
74007,-19.844914972782135,0.7372547388076782,0.8740845024585724,0.8604709506034851,-0.03832065686583519,-17.140650749206543,-6.993356507362808,18.269389566621378,0.8403420091897846,0.9520288109779358,0.17857142857142858,27.700320311955046,0.9389993161688402
75003,-5.448579043149948,0.8666882067918777,0.9734794609248638,0.9823824167251587,0.007013033144176006,-3.7851840257644653,2.7050733965273492,39.888109236368315,0.9767791327437396,1.0071790218353271,0.5454545454545454,8.832610737193715,0.9866849302977868
75004,3.4826379269361496,0.8181065022945404,0.9387553296983242,1.0481879711151123,0.0200137160718441,4.102155566215515,2.954272331653925,9.388969297422122,0.940282762181003,1.0215586423873901,0.12,13.467089653015138,0.9720841824237159
75017,-18.50287765264511,0.786162868142128,0.9013254195451736,0.9056670069694519,-0.024158820509910583,-15.907743573188782,5.939088667767017,-10.18413787208594,0.8892642297194804,0.9693568348884583,0.28,29.71919059753418,0.950758821323354
76003,-10.546157509088516,0.7705589979887009,0.9216730073094368,0.9205679893493652,-0.08645718544721603,-10.433299094438553,8.607118925701519,24.588288078041618,0.8698567335178793,0.903052031993866,0.2857142857142857,22.618514015561058,0.964944087601157
76005,-12.492936849594116,0.7584274560213089,0.8855926394462585,0.919111967086792,-0.04102670028805733,-9.420107305049896,8.784342046819612,-17.5649504285435,0.8834794928034839,0.9391921758651733,0.2916666666666667,21.347006162007652,0.9422370079310886
76007,-9.683604538440704,0.8090324699878693,0.9297106191515923,0.9592874050140381,-0.0031738535035401583,-6.159533187747002,1.74995866212313,-16.844441819224482,0.945685057366583,0.9963511228561401,0.24,14.837936401367188,0.9642329299722577
76008,-17.632465064525604,0.713622510433197,0.8429251462221146,0.8708605170249939,-0.010851044207811356,-17.020325362682343,2.559649194780717,-10.71487265224392,0.8469118822502708,0.983504593372345,0.38461538461538464,31.34908309349647,0.9194589092866792
76011,10.398358851671219,0.47261202335357666,0.7104074954986572,1.130223274230957,0.2271415740251541,9.018239378929138,-12.429064273382883,-50.26855815608281,0.554102443200515,1.415095567703247,0.20689655172413793,26.89228057861328,0.9022134994928345
76014,-5.097004026174545,0.7544999718666077,0.8972655758261681,0.9198386669158936,-0.006666694767773151,-5.4883211851119995,-7.683702122411558,27.224820094590875,0.9036016963474351,0.9886547327041626,0.17857142857142858,23.22228636060442,0.9476733477541602
77002,-10.30900850892067,0.7703184336423874,0.9121740758419037,0.9572254419326782,0.03201558440923691,-6.771290302276611,-2.4775403557766174,-9.344670538201921,0.926602252927385,1.0398448705673218,0.12,22.51702308654785,0.9556158502733886
77003,-14.530184864997864,0.723633736371994,0.8640928566455841,0.9072273969650269,0.008341801352798939,-11.89311221241951,-1.679322803567183,-1.807029604264887,0.8830430931811953,1.0124599933624268,0.34615384615384615,22.585256283099834,0.9298793130085984
77004,-9.60952490568161,0.7305508255958557,0.8681181818246841,0.9188467264175415,0.015989594161510468,-11.999168246984482,-11.856974871547074,-13.959785490939428,0.8911950344909358,1.0249590873718262,0.1111111111111111,29.8192059552228,0.9319580227811917
78003,-5.478938668966293,0.8069676160812378,0.9314152970910072,0.953423023223877,-0.019747134298086166,-6.822866201400757,3.169074761815871,-12.028263321748312,0.9379263078035707,0.9779816269874573,0.2,15.617236137390137,0.965374579465744
78004,-8.051890134811401,0.7179555594921112,0.8540041148662567,0.9357341527938843,0.01272130012512207,-8.231456577777863,-3.1334329700191392,29.368683953869763,0.8989409445402133,1.0186978578567505,0.17857142857142858,25.389429501124788,0.9242819461101042
78006,0.8905560709536076,0.7750550657510757,0.9118574857711792,1.0228989124298096,0.04177146777510643,0.897431280463934,3.472257847488204,15.103309229856347,0.9315578017071705,1.0489697456359863,0.14814814814814814,19.52365062854908,0.9580245508775225
79002,0.2750585088506341,0.7754779160022736,0.9114520624279976,1.0187872648239136,0.021487819030880928,-0.1225111074745655,2.6789922718728447,8.879212457825252,0.9466952544244539,1.025188684463501,0.2608695652173913,17.11512752201246,0.9569423089761188
79003,0.5452249199151993,0.7298139333724976,0.8673192113637924,0.9698126912117004,0.011873741634190083,-3.3601880073547363,0.33930381922523073,-10.849315569994816,0.9239371409274767,1.0163986682891846,0.36,32.46711349487305,0.9321371338893818
79004,-8.10358002781868,0.7623971849679947,0.9016144126653671,0.9408523440361023,-0.004678606521338224,-7.496273517608643,1.4041692355368105,12.411458707574136,0.9220182779007778,0.9935907125473022,0.08,21.080345153808594,0.94958547025028
79005,-1.2307707220315933,0.7855655550956726,0.9094876423478127,0.9975030422210693,0.02113252691924572,-3.669561445713043,3.690168553591929,23.63352276081121,0.9474419692070305,1.026800513267517,0.32,20.126554489135742,0.9548575112418178
79006,3.3688317984342575,0.7624853700399399,0.8981114253401756,1.0107426643371582,0.029636753723025322,1.7633838579058647,-5.850923017392286,4.504126271623501,0.9364245275750191,1.0378854274749756,0.14285714285714285,22.18874976748512,0.9500887763921079
80001,-4.259815439581871,0.7843049466609955,0.905532643198967,0.9953445792198181,0.03501494228839874,-4.408319294452667,5.365897759730111,27.99934380529748,0.9346263781540163,1.04537832736969,0.25925925925925924,18.421690552322953,0.9531721781869968
80002,-15.230229496955872,0.712512731552124,0.9071630984544754,0.9425755739212036,0.026643555611371994,-10.871479660272598,-12.531045122551701,20.142855578553924,0.9209178946329653,1.0271304845809937,0.2,17.97918200492859,0.9528793942610656
80003,-0.9777696803212166,0.7380701005458832,0.884409986436367,0.9184774160385132,0.004497419577091932,-5.629220604896545,-8.102228714693608,-427.0357143952683,0.8990049562558324,1.0061697959899902,0.1111111111111111,20.947440465291344,0.9407041250796436
80004,-21.45272195339203,0.6718625128269196,0.8098703175783157,0.7272708415985107,-0.06924035400152206,-24.784496426582336,-20.797348239584355,61.42706300807338,0.6969643723985166,0.89215487241745,0.13333333333333333,33.076225916544594,0.9237187689523574
80005,-7.199841737747192,0.6864377558231354,0.8730382174253464,0.8968793749809265,0.040555190294981,-10.666066408157349,-5.983878498553399,-563.5697732936463,0.867335786721713,1.0536497831344604,0.06896551724137931,19.529666571781554,0.9360654166350649
80006,0.2941831247881055,0.7988859564065933,0.9415346495807171,1.0372340679168701,0.03259402886033058,0.08351209689863026,6.159292368434893,51.52342514765329,0.9463605714068288,1.0275981426239014,0.14814814814814814,9.831289008811668,0.9729971295993443
8004,-16.07406586408615,0.6254140436649323,0.7991747409105301,0.868815541267395,-0.048523250967264175,-16.31523370742798,-2.054982953756058,-8.444966402519754,0.8260647940463945,0.953498125076294,0.5384615384615384,36.84829198397123,0.895684760050429
8005,-7.562284171581268,0.7207146286964417,0.9022334143519402,0.9125607013702393,0.0035359032917767763,-8.268378674983978,-12.479143565607673,29.990696350392774,0.8995301375996257,1.0033235549926758,0.2692307692307692,24.69772192148062,0.9506287908989833
8006,-8.008389174938202,0.710178017616272,0.8685128092765808,0.9309483766555786,-0.044051870703697205,-7.426243275403976,-1.389290256824271,-3.174738389544449,0.8979298939486854,0.9659571051597595,0.2962962962962963,30.274334660282843,0.9329831276936688
8009,-16.23885929584503,0.688000500202179,0.8279683142900467,0.8652220964431763,-0.008706053718924522,-13.990555703639984,-5.866567359323578,3.698060110417974,0.8382062011868263,0.9893400073051453,0.23076923076923078,34.14188531728891,0.9111264122307934
8011,-7.583406567573547,0.6540137231349945,0.8411458134651184,0.912402331829071,-0.037205781787633896,-8.447246253490448,-1.856510044776849,-3.8590418570146903,0.8746852870142016,0.9640582799911499,0.2857142857142857,26.479796000889372,0.9179109106851935
8013,-1.3950210995972157,0.574809730052948,0.7434714436531067,1.0463130474090576,0.04460617154836655,0.7133133709430695,9.779780493965804,-4.292372702616437,0.8633534023031965,1.0445011854171753,0.37037037037037035,31.440137933801722,0.879388894382546
81002,-7.04953595995903,0.7524180561304092,0.898252047598362,0.9867123961448669,0.04809853807091713,-4.590789973735809,-0.7563981492659139,17.425855594737687,0.920547163417492,1.0600531101226807,0.23076923076923078,18.141220166133003,0.9497027158845632
81003,-13.701432943344116,0.7165974676609039,0.8532432019710541,0.8791274428367615,-0.0005841000820510089,-11.63850799202919,-7.538461900388577,63.35319562525022,0.8576635939902083,0.9991015195846558,0.26666666666666666,25.118993123372395,0.9248423647687931
81004,-12.494289875030518,0.8143418580293655,0.9407944306731224,0.9237844347953796,0.009798974730074406,-10.912838578224182,3.929171826072595,17.1664376910016,0.9174977097500152,1.0128663778305054,0.11538461538461539,15.87511875011303,0.971150878027994
81006,-11.095337569713593,0.7211408317089081,0.8643219619989395,0.9323744773864746,0.002773208310827613,-7.700883597135544,5.262747689464564,16.586064206522064,0.9023884929614949,1.0035080909729004,0.21428571428571427,24.858875932364626,0.929697167231316
81007,-6.45514577627182,0.6916415989398956,0.849521815776825,0.9501935839653015,0.01939639076590538,-8.972316980361938,7.409991526260433,-38.60654312169683,0.9039163191436987,1.0267820358276367,0.10344827586206896,22.71165518925108,0.9223204196355229
82001,-15.132395923137665,0.7305766046047211,0.863465815782547,0.888321042060852,-0.03090067207813263,-13.584327697753906,0.19132236446175327,41.247000729075204,0.8621625397839623,0.9584597945213318,0.3333333333333333,30.883498986562092,0.9307079577352217
82003,-9.188345074653625,0.714955747127533,0.8653782457113266,0.9638200998306274,0.06529723852872849,-7.250280678272247,-8.566347161365991,38.72908748768943,0.8856070516030344,1.085410237312317,0.28,22.688865661621094,0.9330533583445833
83003,-5.733052641153336,0.6555988490581512,0.7881921529769897,0.9514287710189819,0.003407636657357216,-6.696560233831406,0.2911707389135135,-39.73851891806876,0.8796102833928859,1.0045082569122314,0.27586206896551724,35.35596255598397,0.8899354952783229
83004,4.918020591139793,0.6516622304916382,0.7975017875432968,1.0569357872009277,0.09590962529182434,3.8119878619909286,-3.3231060529250662,17.221162939580097,0.8262490274814733,1.1373460292816162,0.23076923076923078,24.210583246671234,0.9100901294210813
83006,-8.805256336927414,0.7151305377483368,0.8460969924926758,0.9034750461578369,-0.009207425639033318,-10.698629170656204,-3.1207281981369994,12.471151647936193,0.8739656110928659,0.9868677854537964,0.25,30.793574878147673,0.9200303469178746
83007,-5.471494048833847,0.743067592382431,0.8760204538702965,0.9374851584434509,0.002260466804727912,-6.806375086307526,-6.17934504729421,24.896405826002148,0.9104517590341379,1.0031815767288208,0.25,19.658360878626503,0.9359636071069092
83009,3.1627491116523743,0.6912250518798828,0.8121754080057144,1.012576699256897,0.04817619174718857,2.128392644226551,-3.9561658352749802,42.37797744943624,0.8819880404211379,1.0734331607818604,0.07407407407407407,20.975480256257235,0.9084783078334431
83010,-6.305453181266785,0.7577249705791473,0.8907330259680748,0.934230387210846,-0.020067738369107246,-7.121198624372482,5.208466198695349,0.6340561590817915,0.909432764094936,0.9726781249046326,0.2222222222222222,22.489099149350768,0.9440509392900881
83013,-6.8319253623485565,0.7037102282047272,0.8558647483587265,0.953180193901062,0.07954542338848114,-5.611402913928032,-10.611270462161182,44.541221327743614,0.8469738166933212,1.127138614654541,0.15384615384615385,20.922018931462212,0.9288614647466561
84001,1.2087331153452396,0.7544886916875839,0.9068314135074615,0.9479259252548218,0.014676058664917946,-1.589384488761425,-12.730923674498932,33.496254028361264,0.9275342754819127,1.0165488719940186,0.4074074074074074,24.421328085440177,0.9524005587733374
84004,-5.930161103606224,0.7847383320331573,0.9288954138755798,0.9707347750663757,0.029700247570872307,-5.4610274732112885,2.5617587637258894,-2.431770304976573,0.9444539756573771,1.0308605432510376,0.041666666666666664,16.171538829803467,0.9642713798180441
84005,4.070642590522766,0.8043491244316101,0.9367254376411438,1.0095394849777222,0.03763163089752197,1.938723400235176,-0.8339506680667627,-0.08703716066292103,0.9471986126002779,1.0419657230377197,0.32,18.848758697509766,0.969408124810389
84008,1.2690724804997444,0.6316974461078644,0.8062949478626251,0.9561750888824463,0.009434331208467484,-2.710338495671749,-13.18062759697247,35.051286653931875,0.8897892160539538,1.0133261680603027,0.23076923076923078,24.202934900919594,0.8997592532531348
84009,-10.094577819108963,0.6714842319488525,0.8264676928520203,0.945024311542511,-0.0466911606490612,-10.398945957422256,19.13380984737292,-6.045894016857381,0.8801821097824374,0.9416723847389221,0.2916666666666667,26.643097400665283,0.9109388424015908
84012,1.986645720899105,0.7385799884796143,0.8813919946551323,1.0266278982162476,0.06272732466459274,1.8383072689175606,-5.49121163631296,37.41172437959943,0.8970894780245204,1.0824670791625977,0.18518518518518517,20.05875198929398,0.9444958431805268
84013,6.041018292307854,0.7835240364074707,0.9304668977856636,1.040382742881775,0.05131974443793297,4.30009625852108,3.5075380788171664,-18.451459920584277,0.924999708266948,1.0548666715621948,0.3076923076923077,18.79429267002986,0.9686324022425431
84014,-4.925097152590752,0.7499083280563354,0.8751544058322906,0.965141236782074,0.005720288027077913,-4.8683930188417435,5.03036586578965,20.94808150779486,0.9266438728697884,1.008125901222229,0.35714285714285715,25.93761852809361,0.9359690875921098
84016,28.511905670166016,0.6544020473957062,0.7539975196123123,1.222801923751831,0.12528350949287415,22.818587720394135,1.8994398653852267,2.0719293521344784,0.719508687298035,1.1535491943359375,0.4230769230769231,35.79939695504996,0.926126295662534
84017,4.171815142035484,0.71551513671875,0.8831915408372879,1.04513418674469,0.06088244915008545,5.279449373483658,-1.2538789520067848,62.13852255785568,0.9043224314213516,1.0655275583267212,0.4230769230769231,15.237905428959772,0.9468658168806974
84018,-16.055911779403687,0.786911740899086,0.9158669635653496,0.9074901938438416,-0.016060711815953255,-13.425391912460327,2.4713233811482933,7.778748821370048,0.8971256391971422,0.9825921654701233,0.20833333333333334,22.673334678014122,0.9585025642656443
84019,-1.710074208676815,0.662345677614212,0.8417322188615799,1.0203006267547607,0.11833572387695312,1.2602140195667744,-9.032750821646301,11.156238828938505,0.833735237541029,1.1492055654525757,0.3333333333333333,23.93585311041938,0.9295049290596916
84020,6.331761181354523,0.6904663145542145,0.832851842045784,1.0235562324523926,0.049458906054496765,8.295977115631104,-15.551136984874226,21.605212245655483,0.8929892183639045,1.0668343305587769,0.03571428571428571,21.367905821119034,0.9198153159401554
84022,-11.754395067691803,0.6974455118179321,0.827416256070137,0.8994305729866028,-0.04238690435886383,-12.131068855524063,7.205679493645068,-4.814090539899951,0.8557933813270002,0.9480056166648865,0.11538461538461539,32.17529367517542,0.9106807785474021
84026,-3.227194771170616,0.7001188099384308,0.8679942041635513,0.9784334301948547,0.058900777250528336,-0.13535288162529469,-7.720531424890299,58.78752168911122,0.890455278661137,1.0851563215255737,0.20833333333333334,24.622593323389687,0.9345528461712654
84030,-3.1603507697582245,0.7331392467021942,0.8853143900632858,0.9478187561035156,0.03467567265033722,-4.609380289912224,-3.0384759452889107,56.13858608134073,0.9073179195934226,1.0495290756225586,0.25,24.50639009475708,0.9415709277680898
85001,-5.1970262080430984,0.7698573917150497,0.9354539588093758,0.9801946878433228,-0.053270094096660614,-3.8764577358961105,-11.613696420175115,21.04158488500626,0.9491205105102812,0.9650974273681641,0.6956521739130435,15.253160310828168,0.9687224923500866
85002,-9.309310466051102,0.7274684011936188,0.8689084947109222,0.902065634727478,0.011376055888831615,-11.69285997748375,-1.8648250449058392,11.13841689396718,0.8800833821377477,1.0162196159362793,0.25,32.05653599330357,0.9327260868012773
85003,-13.460293412208557,0.7202048897743225,0.8753097429871559,0.8561754822731018,-0.01322517916560173,-13.723072409629822,-14.64641227931079,-314.86978819090683,0.8425409941500844,0.9792360663414001,0.03333333333333333,24.267900784810383,0.9393641551317198
85004,2.4147076532244682,0.6604558825492859,0.8157116919755936,1.0100507736206055,0.07927553355693817,1.969165913760662,-8.342047374305404,-26.17145558216376,0.8677841835249911,1.0981037616729736,0.25806451612903225,29.747446121708037,0.9119337975078239
88001,-6.7084550857543945,0.5545162260532379,0.6977467238903046,0.9293423891067505,0.08674132078886032,-7.957485318183899,-11.90549962595277,0.18865971595605296,0.791958521019483,1.118276596069336,0.27586206896551724,27.394490406431,0.8441173331588462
89002,13.15581500530243,0.6519018113613129,0.7939644008874893,1.10380220413208,0.09232279658317566,13.101239502429962,-13.576560356621492,35.96910215838192,0.8086419671802108,1.1367034912109375,0.2413793103448276,19.506322926488416,0.9154118528827906
89003,-7.91899636387825,0.7079435586929321,0.8718675225973129,0.9449448585510254,0.01991112530231476,-7.785355299711227,18.32124919151709,-68.20978255170537,0.9084856747524392,1.031460165977478,0.2962962962962963,23.760484766077113,0.9340146904059754
89005,-18.348701298236847,0.6181069910526276,0.6831983029842377,0.8478423357009888,-0.01474906224757433,-13.955919444561005,-6.1517524045856735,17.259728481680536,0.7679206687555769,0.972363293170929,0.17857142857142858,36.05149473462786,0.8269535506819857
89007,-4.0855515748262405,0.5698026716709137,0.765680581331253,1.0067452192306519,0.15869344770908356,-3.065239079296589,-15.41146483460304,-15.654452490601656,0.7558747361003292,1.2208346128463745,0.03333333333333333,20.373484293619793,0.8961553070176128
90003,-12.201795727014542,0.7098813056945801,0.8734634220600128,0.8579103350639343,-0.028921086341142654,-14.001491665840149,-10.188691316004883,27.082781958665546,0.8405062016779035,0.9616929292678833,0.16666666666666666,24.94828224182129,0.9385071780327915
9002,-7.909826189279556,0.7400105893611908,0.9092972353100777,0.9344990849494934,-0.05351670831441879,-8.291397243738174,9.717907736313022,-15.068443825040589,0.9016178081487473,0.9417728781700134,0.17857142857142858,20.761881555829728,0.9552977843457516
9003,-5.892409011721611,0.7052100002765656,0.8683631420135498,0.9699799418449402,-0.014523124322295189,-6.248649582266808,5.913596935654241,-12.652662965892194,0.9235884545842616,0.9797360301017761,0.25925925925925924,24.93636519820602,0.9327178188139523
9004,-6.89132958650589,0.7028165757656097,0.8834940195083618,0.9233580827713013,-0.09558767080307007,-5.938241630792618,6.766934499961471,11.35977103358295,0.8731899327575712,0.9152283072471619,0.3333333333333333,24.984338548448353,0.945040289435287
9005,-13.105529546737671,0.6552779972553253,0.8224879503250122,0.8260205984115601,-0.07163006067276001,-18.03567260503769,-0.030107737449938946,-17.031846334875446,0.7851218629457395,0.9077831506729126,0.25,34.78638104030064,0.9139777104058303
92001,-1.6052987426519394,0.8130678832530975,0.9514462240040302,0.9383558034896851,-0.038562752306461334,-3.6971017718315125,-8.494753730629267,16.417286323713228,0.9284091421744954,0.9718267321586609,0.20833333333333334,10.927135745684307,0.9769454789698538
93001,4.098409041762352,0.7318032085895538,0.8693756014108658,0.9972303509712219,-0.020631093531847,-0.5925723817199469,-0.17158344109330942,-5.272828985310735,0.9293356197798126,0.973078191280365,0.10344827586206896,23.192484625454608,0.9347236651501941
94001,6.541582942008972,0.8130905330181122,0.9587535113096237,1.0076054334640503,0.056942157447338104,3.281521052122116,-9.589890050110073,13.521522580307574,0.9513045998110522,1.044258713722229,0.2,10.76714038848877,0.9811700865365913
95001,-1.2189759872853756,0.7205868661403656,0.8903204649686813,0.9441198706626892,-0.010613391175866127,-2.5290707126259804,-0.7262512292495179,43.58185252996369,0.92020692162215,0.9918441772460938,0.48,20.90757942199707,0.9436277634161461
96001,-3.7506960332393646,0.7143770158290863,0.8490144312381744,0.9596728086471558,0.023695487529039383,-4.83621321618557,-3.408755551955498,-23.498419079042364,0.9064792938010576,1.0333117246627808,0.18518518518518517,20.394966337415905,0.9224747194424228
96002,-9.233999252319336,0.7873238772153854,0.9153946340084076,0.8957435488700867,-0.06512191891670227,-8.089203387498856,0.059782126794797774,29.853161433402203,0.8679805781342278,0.9289020895957947,0.2,21.251649856567383,0.9612081544171416
96004,-7.259482145309448,0.6726481020450592,0.8452045768499374,0.8941871523857117,0.006490766070783138,-8.473193645477295,-20.907463926046923,12.345211869982116,0.86686057073305,1.0092793703079224,0.03571428571428571,30.00619411468506,0.9197276997216784
97002,-11.382146179676056,0.7262740135192871,0.8657444417476654,0.8952344655990601,-0.03860627859830856,-10.186075419187546,16.11041634610551,47.8354207855949,0.8667318859945569,0.9535486102104187,0.12,24.915939331054688,0.931979110569843
