basin,NSE,Alpha-NSE,Beta-NSE,FHV,FMS,FLV,KGE,Beta-KGE,Peak-Timing,Peak-MAPE,Pearson-r
10002,0.9060122966766357,0.9239566326141357,-0.07761219143867493,-7.752853631973267,1.9448244851233882,-24.902119789770268,0.8829576098225559,0.9229382276535034,0.4166666666666667,21.425493558247886,0.9555274172339376
10003,0.9268431290984154,0.9672816395759583,-0.09053008258342743,-1.577071100473404,3.3881677912926915,9.753676749311959,0.9130289009229094,0.9264964461326599,0.2,18.340612411499023,0.9669741232559886
1001,0.856488898396492,1.098104476928711,0.06810738146305084,13.865843415260315,-5.2258239285301045,45.77093166979809,0.8597486821953519,1.0811330080032349,0.25925925925925924,24.744012620713978,0.9411495219659903
101002,0.759912446141243,0.7599958181381226,-0.21420851349830627,-24.87489879131317,2.406509035729738,57.25336502425073,0.6528683961746686,0.7658592462539673,0.25,38.80431652069092,0.9101309257953696
101005,0.8348482400178909,0.8248844146728516,-0.013934466056525707,-18.424691259860992,10.460584063807225,28.25189515050759,0.8059923510608529,0.9813600182533264,0.21739130434782608,26.972654591435973,0.9185994428587296
102001,0.8270002603530884,0.8726551532745361,0.013545511290431023,-14.459824562072754,-4.138391424005982,-389.83793561439006,0.8426223816694334,1.0223666429519653,0.23809523809523808,34.466947828020366,0.9102740948949029
106001,0.818463921546936,0.94081050157547,-0.09997662156820297,0.022855862334836274,-4.185503276359807,45.52536044305737,0.8522993795627254,0.8983300924301147,0.4,28.999177932739258,0.9106954287366016
11001,0.9482646770775318,1.0052998065948486,0.007128859870135784,2.043362520635128,2.519198232471575,0.7887602600096987,0.9729998714125373,1.0063904523849487,0.2692307692307692,11.561805468339188,0.9743079562488224
11003,0.8883717954158783,0.9317876100540161,0.003544919192790985,-6.655411422252655,0.14598484042142248,-23.943689314870877,0.9107968843370686,1.0031474828720093,0.4230769230769231,25.442420519315277,0.9426034926724477
11004,0.8141389489173889,1.2010470628738403,0.060015350580215454,18.196748197078705,11.790332156866667,-7.6795030309140495,0.7853099163983156,1.0467463731765747,0.46153846153846156,18.195161452660194,0.9409518238932247
12001,0.859412357211113,0.9236563444137573,-0.018012743443250656,-10.158369690179825,1.0663684095309314,10.020161440746762,0.8932074524032156,0.9832561016082764,0.43478260869565216,26.660570891007136,0.9272268157863884
12002,0.883671410381794,0.922176718711853,0.001220393693074584,-10.228276997804642,-1.2238444682747847,18.610997209952075,0.9018543957999519,1.00121009349823,0.28,25.310281753540036,0.9402117721698996
12005,0.8388962000608444,0.8530120849609375,-0.05637797713279724,-15.018801391124725,-6.148604329659196,-1.5114678116077795,0.8214809444415557,0.937720000743866,0.125,26.651501655578613,0.9200950081496518
12006,0.8280309289693832,0.853065013885498,-0.02684810198843479,-16.114327311515808,-8.011439451816443,-25.54285437632898,0.826773591588493,0.9731104969978333,0.20833333333333334,25.407954057057697,0.9122819684729655
12007,0.8261993825435638,0.8651043772697449,-0.01980472542345524,-14.30344432592392,-5.892154705551345,13.468523811303456,0.8367789937024777,0.9800764322280884,0.3333333333333333,27.7652934745506,0.9102931479081418
12008,0.8602412343025208,0.9176152944564819,-0.013965465128421783,-9.791482985019684,6.512806881759775,-1.392779602558526,0.8883343380014767,0.9788422584533691,0.08333333333333333,26.173418760299683,0.9276513280376049
12009,0.8500930517911911,0.9210968017578125,0.028973478823900223,-9.663521498441696,7.62202276159193,3.107569012330264,0.8797055639041972,1.0472519397735596,0.15384615384615385,26.4030071405264,0.9224610365661421
13001,0.893122024834156,0.9219548106193542,-0.034363847225904465,-9.596700221300125,13.138771016623613,-12.510948146845994,0.8958812762688766,0.957202672958374,0.30434782608695654,27.895643400109332,0.9459810603211313
13004,0.8449112474918365,0.8669158816337585,-0.07064712047576904,-14.832322299480438,2.2508314024482368,-24.06733024940545,0.829613890525349,0.9259055256843567,0.375,33.95622571309407,0.9236452187713403
13005,0.9058700650930405,0.9326135516166687,-0.019982075318694115,-10.241243243217468,8.850787504186632,8.778371552489546,0.9130079375091619,0.9727931618690491,0.23809523809523808,24.318595159621463,0.9521829165506015
13007,0.8737116605043411,0.9468696713447571,-0.008003984577953815,-6.909254938364029,-0.48725679844842584,-6.276535913133705,0.9153389616748872,0.9900771379470825,0.2916666666666667,22.53583868344625,0.9348371547893213
13008,0.893334336578846,0.9643550515174866,-0.014290368184447289,-3.97733673453331,-3.737615079111398,-6.00079602615315,0.9332539742380734,0.9855116605758667,0.30434782608695654,22.663016941236414,0.9454604948370282
14001,0.9202146306633949,0.9875959753990173,-0.008237800560891628,-1.3677597977221012,-1.5286033642513313,0.46950401942173065,0.9570892429910778,0.9919454455375671,0.23809523809523808,17.14585054488409,0.9597185229517501
14002,0.9063309878110886,1.006247878074646,0.011509325355291367,0.9147049859166145,1.2072654341647293,19.742160714649295,0.9514836863185213,1.0125062465667725,0.2608695652173913,21.52098158131475,0.9535415184318828
14005,0.9214357510209084,0.9602990746498108,-0.007259184494614601,-5.13555034995079,1.1117791911554438,27.187724607592738,0.9428700079222699,0.9908881187438965,0.23809523809523808,17.829860959734237,0.9599419653363415
15006,0.9333712756633759,0.9273600578308105,-0.014531315304338932,-9.195935726165771,-7.390342055882139,-16.312031437027848,0.9193879398565898,0.9883790612220764,0.48,21.484558398907,0.9670349150745621
15007,0.9453086107969284,0.9204480648040771,-0.02008778788149357,-9.243714809417725,-0.8608907208335018,20.521980938467294,0.9145741448647338,0.9829603433609009,0.5238095238095238,20.838080752979625,0.9739478132626687
15010,0.8783456385135651,0.9083426594734192,-0.03285951912403107,-8.128510415554047,0.04142706439508893,-6.972839596652082,0.884342814065701,0.9658984541893005,0.2727272727272727,20.82881494001909,0.9382537356663889
15011,0.8026484251022339,0.7788594365119934,-0.06215668469667435,-22.854100167751312,0.7547603011800346,-24.50654397706348,0.7467830125873021,0.918756902217865,0.38461538461538464,38.78069290748009,0.9071816130428255
15012,0.8830725848674774,0.9314712882041931,-0.022766323760151863,-5.196433141827583,-14.77199654223445,-43.912368726468756,0.9070042081261114,0.9811285734176636,0.5833333333333334,29.685099919637043,0.9400341578512705
15013,0.862197533249855,0.8919130563735962,0.006361052859574556,-13.888151943683624,3.2394552331294624,1.145841012682269,0.8705740317897368,1.0085299015045166,0.23076923076923078,27.435605342571552,0.9293209037622161
15014,0.8296995013952255,0.9192818403244019,0.04237218573689461,-9.180393069982529,-5.993944859516852,3.3316844231520903,0.869565473749356,1.0522968769073486,0.2222222222222222,28.405662945338655,0.9118933543791832
15016,0.9660149291157722,0.9833934903144836,0.003611768363043666,0.4809540696442127,0.7826327771154495,30.420045603863947,0.9759644018726926,1.002899408340454,0.35,8.730143904685974,0.9828673631720748
15021,0.8950886875391006,0.9643527269363403,0.025624752044677734,-6.2374550849199295,-0.20209012762078724,29.666298776837486,0.9311764705518795,1.0247968435287476,0.5294117647058824,25.396299362182617,0.9466046193024902
15023,0.9039023146033287,0.9747447371482849,0.05552814528346062,-8.015257865190506,6.263337621524006,11.53058558382015,0.9103471599197194,1.0717946290969849,0.16666666666666666,20.10706329345703,0.952615037558551
15024,0.9017719775438309,0.9526487588882446,-0.020345767959952354,-4.66911643743515,-3.539972526428428,22.489263412177387,0.9262674109453403,0.9739574790000916,0.13333333333333333,23.707911173502605,0.9498388421799391
15025,0.8535193055868149,0.9437721967697144,0.016294382512569427,-7.471276074647903,1.8645763191307345,5.103804094325682,0.9039846287068738,1.0177068710327148,0.3076923076923077,28.023670337818285,0.924211792561877
15030,0.9235145226120949,1.0283712148666382,0.033157143741846085,4.786553978919983,2.05236529031513,-0.518010036955635,0.9413581146634704,1.0363184213638306,0.43478260869565216,14.130098923392916,0.9637382136064289
15039,0.7916493564844131,0.8387575149536133,-0.004744500853121281,-16.817200183868408,-2.451093460454511,-20.084416801613187,0.8054646956756142,0.9944015145301819,0.3103448275862069,36.77858484202417,0.8913100620798254
16001,0.9076660871505737,0.9778363108634949,0.018070844933390617,-3.5251379013061523,-9.265027596529276,15.67817066221235,0.9454420834188474,1.0171914100646973,0.44,23.293229249807503,0.9532047805270261
16003,0.9070408120751381,0.9783214330673218,0.004303580150008202,-2.2033866494894028,-3.9492415859424534,12.8630617771389,0.9476381816795203,1.006188988685608,0.07407407407407407,19.878452795523184,0.9527401208992053
16004,0.9296640977263451,0.9666268229484558,-0.005166397895663977,-3.497403860092163,-6.080316278387135,16.063682683261444,0.9507991311297521,0.9949133992195129,0.6086956521739131,23.326808214187622,0.9642077795663142
17001,0.7817713767290115,0.8659613728523254,-0.011055856011807919,-12.451573461294174,8.816518801584888,4.033998050213316,0.8220705148792682,0.9815999269485474,0.2608695652173913,29.87355771272079,0.8844405546076106
17003,0.8049506545066833,1.1779440641403198,0.058450911194086075,15.332341194152832,26.92124189705097,-35.86379997887605,0.7995906544469877,1.0623632669448853,0.12,26.545248031616207,0.9320983154982634
17004,0.8875601515173912,1.0261118412017822,0.021833518519997597,1.4507659710943699,-1.3198696939532537,-4.3732177256573666,0.9356826565071995,1.022684097290039,0.5454545454545454,21.07722975990989,0.9457752440931281
17005,0.8905369490385056,0.9001824855804443,-0.02182663418352604,-10.78626811504364,-1.216308901779491,-21.508636674587386,0.8823582642524086,0.9708305597305298,0.16666666666666666,21.159698565800987,0.9449983131242892
17015,0.8456282019615173,0.9628978967666626,0.04456546902656555,-6.52247741818428,3.231504130685466,21.979193698981348,0.8922745029406335,1.0638707876205444,0.20833333333333334,23.03981383641561,0.9215861036481309
17018,0.7542674690485001,0.8162901401519775,-0.11386395245790482,-17.35798418521881,9.143498413794287,29.185770323240877,0.7452604684239004,0.8723978400230408,0.43478260869565216,37.81793843144956,0.8780959183971058
18001,0.8490248322486877,0.8632587790489197,-0.03651994839310646,-17.48773753643036,3.9696318716414125,25.247253857130215,0.8369745748853995,0.9538800120353699,0.20833333333333334,25.94974637031555,0.9241575683621205
18002,0.8725342303514481,0.8675519824028015,-0.04689422994852066,-16.23096913099289,-0.9855569928343832,43.30383124902802,0.843157304538756,0.9434086084365845,0.2857142857142857,23.770897729056223,0.9379148314406983
18003,0.9393248930573463,0.9539815783500671,-0.02946024388074875,-4.891493171453476,2.9605410965200267,7.205838427311477,0.9359842421790481,0.9673488736152649,0.5833333333333334,17.828917503356934,0.9697638285484453
18008,0.9325285479426384,0.9436085820198059,-0.003738223807886243,-8.014553040266037,-2.3679277947490904,28.957637022751292,0.9339979309275156,0.9959703087806702,0.25,14.720386266708374,0.9659406005820875
18010,0.9296434298157692,0.991926908493042,-0.02904275432229042,0.0793744286056608,3.20386844725355,29.444598079490508,0.9511049253829342,0.9668323397636414,0.2,13.269524574279783,0.9649934316195634
18014,0.8633677661418915,0.97898268699646,0.0014643671456724405,-4.036279395222664,8.747045562266052,1.5431702079909333,0.9273149977072763,1.0018266439437866,0.09523809523809523,23.249909991309757,0.9304439399886171
18017,,,,,,,,,,,
18018,,,,,,,,,,,
19001,0.894410140812397,1.0189814567565918,0.023578917607665062,-1.0253624059259892,5.0486276993126,-11.921521810480455,0.9366616841890208,1.0318340063095093,0.28,17.180635452270508,0.9486381212234688
19006,0.8599381893873215,1.031946063041687,-0.011480842716991901,7.458152621984482,-5.9896292233927815,22.98102317657997,0.9243344591108597,0.9867783188819885,0.375,25.11222759882609,0.932695391817526
19010,0.5263517498970032,0.5939950942993164,-0.3628411591053009,-28.577935695648193,-26.670174543962005,45.83508602743612,0.4389823306413242,0.6426994204521179,0.09090909090909091,43.902024355801665,0.850878781743284
19017,0.8949477821588516,0.9878799915313721,0.06574521213769913,-4.897773638367653,7.613930076647045,15.532331142495458,0.878019133535712,1.110185146331787,0.2608695652173913,24.836996327275816,0.9490915458303683
19020,0.8143195956945419,0.8057578206062317,-0.07659256458282471,-19.22164112329483,7.5254572858648245,13.763742691967321,0.7524172189623509,0.8743273019790649,0.21052631578947367,31.402640593679326,0.9118320796273696
20002,0.8704048693180084,1.0514521598815918,0.03062678501009941,3.88820581138134,12.883211983825296,78.97104769241895,0.9063240203388125,1.0503710508346558,0.3,18.87660503387451,0.9400782039086374
20003,0.8727610856294632,0.8185989260673523,-0.06887352466583252,-20.47269493341446,13.461039830939784,24.667705112103977,0.78375255891259,0.8957780003547668,0.16666666666666666,33.77290566762288,0.9452790630299157
20007,0.8591829091310501,0.9318900108337402,-0.07515508681535721,-8.947864174842834,7.783212949926267,-4.1268204388463765,0.8501154139203994,0.8863271474838257,0.47619047619047616,33.37563105991909,0.9299650007434763
2001,0.8053399175405502,0.8206725716590881,-0.10441283136606216,-19.307973980903625,-2.666682669994187,-24.11678692866142,0.7666961169135501,0.882776141166687,0.36,31.24599075317383,0.9076369000732515
2002,0.8436175137758255,0.8448985815048218,-0.039667483419179916,-16.664357483386993,-9.337207444052844,28.526696900089586,0.8192438274075017,0.9487258195877075,0.18518518518518517,31.67331836841725,0.9226223395667695
21003,0.9096564948558807,1.0138719081878662,0.00542171485722065,0.8056740276515484,0.3828306715925107,-12.806014623721559,0.9531379350058127,1.0053222179412842,0.5217391304347826,23.128117685732636,0.9555556832099725
21006,0.8794218674302101,1.0048969984054565,0.039527975022792816,-2.871442772448063,-1.034521357489877,9.874570354572068,0.9274489688757424,1.0416452884674072,0.3333333333333333,22.596069176991783,0.9407940756995011
21008,0.7878549993038177,0.8924616575241089,-0.02185779996216297,-11.63710206747055,-4.0973165450610125,2.570260827427078,0.8422830123764995,0.9727579355239868,0.38095238095238093,22.594881057739258,0.8878928057364108
21009,0.8755263686180115,0.9293369650840759,-0.011076330207288265,-8.809000998735428,-2.2663120830589256,32.350146273455564,0.9037927567694155,0.9882186651229858,0.17391304347826086,18.425425239231274,0.9357834188467232
21011,0.8582731783390045,1.0340468883514404,0.09905531257390976,2.7054253965616226,-6.656408954218135,17.52543301196851,0.8667226302273106,1.1122775077819824,0.2916666666666667,21.68832619984945,0.9367747840385054
21012,0.8125757128000259,0.8919680118560791,0.008375401608645916,-12.653577327728271,-6.457132181060035,34.04818876618981,0.8533812173169965,1.0113009214401245,0.3333333333333333,27.769815921783447,0.9015193107877403
21013,0.8127271831035614,0.9702629446983337,-0.015141190029680729,-5.719388276338577,-0.720793802232959,17.39422564688104,0.8980982470132503,0.982776403427124,0.30434782608695654,25.886742965034813,0.9040676148276662
21015,0.7983400821685791,0.9567107558250427,-0.013008827343583107,-9.677551686763763,3.549130383258877,14.011780906447138,0.8858280038809934,0.9833360314369202,0.5833333333333334,25.678197542826336,0.8956755149148193
21016,0.621193140745163,1.11208975315094,0.06828071177005768,4.823745414614677,3.065737570884617,35.508133311621016,0.7760988038747121,1.105542778968811,0.21739130434782608,23.947993914286293,0.8374319998510265
21017,0.8001712262630463,0.9421283006668091,0.03405504673719406,-8.374544233083725,-4.196069189872498,13.566181456571488,0.8719449011069735,1.047998070716858,0.38095238095238093,29.55240067981538,0.8963411365282686
21018,0.8714137524366379,0.906870424747467,0.010453552007675171,-11.79526001214981,-6.516069492809627,0.943164331201928,0.8852724055882771,1.0112358331680298,0.4782608695652174,30.508109797602113,0.9339465429685638
21022,0.7746740728616714,0.9124982357025146,0.0050571211613714695,-11.077861487865448,3.249677648819036,-0.007831610101817767,0.8518822321292313,1.0077497959136963,0.47619047619047616,27.477593649001346,0.880742903493577
21023,0.5114358961582184,0.6575294137001038,-0.048002324998378754,-34.510573744773865,24.46680052382272,-42.97943496741418,0.5402183795581033,0.8759427070617676,0.2608695652173913,42.88662620212721,0.719424120629696
21024,0.7608680874109268,0.8645324110984802,-0.039431728422641754,-17.89563149213791,14.94368915568377,-3.452962962362706,0.8052327686402103,0.9407760500907898,0.5416666666666666,29.926546096801758,0.8732114732086611
21026,0.7488013803958893,0.8067219853401184,-0.044962216168642044,-20.355503261089325,-1.447487244384868,24.738499176248297,0.7547231697596783,0.9253766536712646,0.4444444444444444,40.986417841028285,0.8687152381859351
21027,0.7237759530544281,0.8169920444488525,-0.03301497921347618,-20.60772478580475,19.73392626352234,32.12159715063688,0.7579858369611523,0.9433528184890747,0.2857142857142857,26.539452870686848,0.852114773749196
22001,0.8965601027011871,0.9592845439910889,0.02027497999370098,-6.550899147987366,-1.2661972539274224,0.02410369957628872,0.9260264000710662,1.0319783687591553,0.36363636363636365,27.038240432739258,0.9471631846158773
22006,0.9113497957587242,1.0452195405960083,0.005848757456988096,0.74486518278718,-8.00556660835955,32.305914727495754,0.9374802150958158,1.0122019052505493,0.2608695652173913,17.499421990436055,0.9585870773669857
22007,0.9006922170519829,0.8984432816505432,-0.0224170982837677,-11.719006299972534,-7.5876921385012235,15.153456916333525,0.8785700424113025,0.955209493637085,0.3333333333333333,25.91310739517212,0.9507528874162592
22009,0.8917613327503204,0.9457207322120667,-0.006714269053190947,-10.388711094856262,2.4040267526110823,11.146783840394761,0.9215978648808446,0.9897822737693787,0.391304347826087,22.464795734571375,0.9443560070598435
23001,0.8833950534462929,0.9217552542686462,0.00682782894000411,-8.584544062614441,-2.748749502432412,-0.9004376686279347,0.901085286617887,1.008557677268982,0.2222222222222222,22.263772399337203,0.9400946876424027
23004,0.8699406534433365,0.901969313621521,0.017440592870116234,-12.727069854736328,-4.639403625111649,39.076786376805224,0.87881711740287,1.025288462638855,0.25925925925925924,24.563270144992405,0.9333984292972206
23006,0.8848633840680122,0.908249020576477,-0.029949676245450974,-10.999518632888794,0.9900017209612583,13.460446883673471,0.883933224997889,0.9592627286911011,0.16129032258064516,22.90151503778273,0.9417442813062948
23007,0.8530731350183487,1.0327244997024536,0.0021792955230921507,-1.0570134967565536,6.718604210751636,-16.505863196950266,0.9220846158529943,1.0036697387695312,0.19047619047619047,31.28367987546054,0.9293852195120386
23008,0.8620103746652603,0.8663316965103149,0.005131669342517853,-15.766823291778564,-11.335676832996866,10.949561242001126,0.8491951161093463,1.0084028244018555,0.2916666666666667,29.81573740641276,0.930687012836449
23011,0.8389516919851303,0.9343813061714172,0.025153018534183502,-6.182154640555382,-5.641394486292152,-10.0843044114572,0.8877180830253159,1.0363740921020508,0.15384615384615385,25.80067561222957,0.9164635329721678
23016,0.861580029129982,1.025995135307312,-0.002519636182114482,-8.219724148511887,-23.586422273770392,56.210127491079454,0.9278219307618888,0.9946811199188232,0.2222222222222222,25.269518227412785,0.9328759645583031
24001,0.9078258201479912,0.8995965123176575,-0.0015743214171379805,-13.711272180080414,0.3094200930649594,7.988985216505956,0.8896909252592876,0.9976640939712524,0.2608695652173913,25.22810438404913,0.9543735255098685
24003,0.8750900253653526,0.8470084071159363,-0.048058442771434784,-16.49651974439621,1.685331475228856,-38.76860123925352,0.8181870793390492,0.9211281538009644,0.125,27.646795908610027,0.9414445348134116
24004,0.8761232644319534,0.8996968865394592,0.0005620447918772697,-13.444873690605164,-1.0262763981369651,29.051957729358293,0.8814156925832746,1.000822901725769,0.3333333333333333,26.64218346277873,0.9367477571277029
24005,0.8983607143163681,0.9729534983634949,0.04605286195874214,-6.649085879325867,-14.578525787035352,21.030510615048982,0.9011792921090293,1.08035409450531,0.2727272727272727,24.753533710132945,0.9492334898429013
25001,0.868511751294136,0.9524217844009399,-0.04040607064962387,-7.783862948417664,7.113662390999444,-25.796605987925204,0.9018124246463436,0.9462375044822693,0.14814814814814814,21.200503243340385,0.9330171109167028
25003,0.730694591999054,0.806978166103363,-0.0295643862336874,-16.58582240343094,-29.025998931450854,-432.12332593375794,0.7555395924051738,0.9554197788238525,0.07142857142857142,34.7517660685948,0.8567656940516922
25006,0.8699458241462708,0.8925095200538635,-0.017559804022312164,-11.62477359175682,-11.884448716825787,32.103285791026885,0.8701104319364982,0.9694561958312988,0.04,23.395986557006836,0.9337869148915688
25012,0.8512765765190125,0.8688977360725403,-0.05838404968380928,-10.210152715444565,-11.160253691156866,-11.595285155714189,0.827468323434316,0.9154818058013916,0.034482758620689655,24.014703158674568,0.9262704220745378
25020,0.8131372034549713,1.0382227897644043,-0.04437108710408211,1.6647633165121078,4.294941794684444,-15.715548118442118,0.8789189064173486,0.9265444874763489,0.23809523809523808,27.178328377859934,0.9116601038845717
25021,0.8236924558877945,0.9829796552658081,-0.08168517053127289,-2.8395019471645355,25.098182964512127,0.9379155724597132,0.8400491466836242,0.8663037419319153,0.30434782608695654,29.31732924088188,0.9138611938766381
26003,0.7060789167881012,0.9182844758033752,-0.3880771994590759,-16.759181022644043,22.662541782487512,-40.058128206786634,0.7640852978811608,0.7915700674057007,0.2857142857142857,32.2641168321882,0.925600517610488
26005,0.65703085064888,0.6485641598701477,-0.2838209271430969,-44.22009885311127,15.319381996279377,6.347919932692313,0.4721261325075272,0.6209542155265808,1.1,51.31855010986328,0.8929114220534429
26008,0.7354670763015747,0.9967836141586304,-0.30004075169563293,-1.2279060669243336,0.7450621631230635,15.318479091383091,0.7849272376413197,0.8035710453987122,0.45,34.1684627532959,0.9124693552808044
26009,0.8789392709732056,0.9793564081192017,-0.1598019152879715,1.641949824988842,14.294986689437819,-32.751656576216305,0.8841609785655671,0.8968724012374878,1.0666666666666667,14.505128860473631,0.9514487963627642
27001,0.8790363296866417,0.8493449091911316,-0.03223686292767525,-19.990462064743042,1.259441777180266,19.593398700767022,0.8323157035519757,0.9536856412887573,0.3333333333333333,29.645852247873943,0.9427632367633629
27002,0.8984963223338127,0.8965309858322144,-0.07119075953960419,-12.957613170146942,5.318686653310118,23.537910637045155,0.8544661862959457,0.9095109105110168,0.12,21.834505081176758,0.9521880901673262
27003,0.951022744178772,0.9325383305549622,-0.04931630194187164,-7.053697109222412,2.8311724302129084,15.569278168911326,0.9128348435568856,0.9496043920516968,0.08695652173913043,11.304740283800207,0.9774839978468207
27006,0.9076502025127411,0.9053765535354614,-0.031105926260352135,-10.054303705692291,-0.9814649691769626,-8.855501249762568,0.8863762511569717,0.9565888047218323,0.16666666666666666,21.807050704956055,0.9544782710693349
27007,0.919055849313736,0.8995100855827332,-0.03133503347635269,-9.364073723554611,-10.869251182149881,20.60748484234793,0.8844419080768152,0.9581989049911499,0.12,17.01396942138672,0.9611655028949944
27009,0.9248365312814713,1.0365568399429321,-0.03213461861014366,9.844908863306046,-1.858260037964236,14.179826005781132,0.9379370035679084,0.9641886949539185,0.4782608695652174,13.946232588394828,0.9648864212816018
27021,0.9269238710403442,0.9079686403274536,-0.016240319237113,-10.17717570066452,-7.4811450717995065,-0.47250841887817846,0.899527279135144,0.9807761311531067,0.25,15.594712893168131,0.9645678205388502
27023,0.828855499625206,0.8355059027671814,-0.029989294707775116,-7.500720024108887,3.185858331416759,25.296083787115244,0.8053350509922121,0.9408934712409973,0.5714285714285714,27.455694025213067,0.91431130409543
27025,0.7850355058908463,1.07427978515625,0.06203380227088928,0.761177996173501,8.509112172636064,8.39621905894841,0.8556133127497138,1.0785695314407349,0.4166666666666667,20.099510749181114,0.9043085285856849
27026,0.9038283973932266,0.9331007599830627,0.034048713743686676,-7.886015623807907,-20.750957078291503,24.506830931771564,0.9015066459051164,1.0535894632339478,0.09090909090909091,21.191690184853293,0.9514860647203949
27029,0.909933976829052,0.8800051808357239,-0.04204674810171127,-12.048128992319107,1.2933837764408282,-2.665968755207397,0.8639513801788511,0.951549232006073,0.2916666666666667,28.06435426076253,0.9580119849269957
27030,0.8380618989467621,1.0159140825271606,-0.021852456033229828,-3.957347199320793,-13.114082035990366,3.990284334125734,0.9141776207288572,0.9714128375053406,0.36363636363636365,23.60697876323353,0.9206589834853212
27032,0.84347964823246,0.8063928484916687,-0.04773283749818802,-18.792544305324554,-18.363395745545542,-5.766004181350942,0.7838181915483116,0.9366773366928101,0.125,25.54856340090434,0.9276046582855165
27034,0.9044786468148232,0.9303280115127563,-0.002296718070283532,-7.761690020561218,-7.449179587617206,16.715096210102633,0.9149188512941558,0.9967727661132812,0.24,21.472932815551758,0.9512742281048338
27035,0.9113621935248375,0.8655965328216553,-0.05005834251642227,-12.493132799863815,-3.8857005478129847,-2.5754229377577627,0.8438657925457592,0.930951714515686,0.48,19.253128051757812,0.9606816452597494
27038,0.22794479131698608,0.5471000671386719,-0.3521931767463684,-47.13870286941528,-0.37616534364773146,-32.803639475787854,0.3674122622753787,0.8233303427696228,0.18181818181818182,32.260775566101074,0.5952325001338921
27041,0.929026648402214,0.953308641910553,-0.11594922095537186,-2.324565313756466,4.680803362384859,-13.433610027224315,0.8949185900810208,0.9104495644569397,0.6,18.242111206054688,0.9709700278268861
27042,0.8736781477928162,0.8999587893486023,-0.0347062386572361,-4.126011952757835,-10.339883652003758,3.422469172832644,0.8765291052121423,0.9661340117454529,0.2916666666666667,26.607775688171387,0.936047573379427
27043,0.899837464094162,0.9641915559768677,0.005196911748498678,-5.244787782430649,3.0889248992520395,-28.44357787325936,0.9370793290538829,1.0069961547851562,0.2222222222222222,19.18715371025933,0.9487377333004687
27047,0.8937175795435905,0.9760113954544067,0.03917206451296806,-1.0957260616123676,-17.44433060168635,-34.10280376285073,0.9125369417663541,1.06501042842865,0.07407407407407407,19.011734150074147,0.9466335535841044
27049,0.852215439081192,0.820052981376648,-0.10949976742267609,-20.554353296756744,9.16629755126875,-10.3430778480841,0.7808702764910858,0.8920127749443054,0.52,36.95841979980469,0.9369471218862221
27051,0.8333391100168228,1.050249695777893,0.019770469516515732,5.126286298036575,-10.271769800518177,-2.403504891482627,0.9002304913990665,1.0367681980133057,0.08333333333333333,21.99594577153524,0.9220447401674827
27062,0.9249876737594604,0.9104182720184326,-0.09273558855056763,-8.477074652910233,-1.0319950541322804,22.009008041133374,0.8516634340591822,0.8861992955207825,0.3157894736842105,16.234610080718994,0.9679336552288095
27064,0.8618571162223816,0.9921139478683472,-0.007712944410741329,-3.033285215497017,2.271128120443784,-2.8989744509321955,0.9288835336936772,0.9874745607376099,0.4090909090909091,26.28386237404563,0.9304408501133072
27065,0.9107246324419975,0.9083982706069946,-0.031149426475167274,-9.593867510557175,0.20358470665443698,-22.430103320839244,0.8911522219075914,0.9609850645065308,0.34782608695652173,25.25328760561736,0.9560136751216327
27071,0.8845831751823425,0.9364308714866638,-0.08268997073173523,0.7005664054304361,-3.384289419556472,-2.2232125633074005,0.8740316426373077,0.906665027141571,0.34615384615384615,18.823904257554275,0.9441826568329679
27073,0.7985762506723404,0.9789153337478638,-0.07404660433530807,2.5544147938489914,-4.463485287609294,41.71814571430444,0.8885459861242123,0.9552037119865417,2.1875,23.31121861934662,0.9001464740819054
27077,0.7565163820981979,1.2618286609649658,0.13940934836864471,23.927560448646545,-0.7180132698587085,24.70983494426546,0.6798495102139528,1.1736252307891846,0.2,29.67583847045898,0.9383853293367458
27079,0.9150734320282936,0.8851103186607361,-0.07159886509180069,-12.742418050765991,-0.1878688624407238,-12.823908511078407,0.8584812724098851,0.9264307022094727,0.25,21.737423397245863,0.9623772701270065
27080,0.9350534081459045,0.9539448618888855,-0.05377489700913429,-1.8218474462628365,-2.868223425956856,-11.021913121670694,0.9222868557990311,0.9458572268486023,0.2,13.959932327270508,0.9685863540695602
27084,0.8970723301172256,0.9186181426048279,-0.01493627019226551,-8.93392488360405,3.1714128554285224,-4.34475520786028,0.9004170842013359,0.9763611555099487,0.21739130434782608,23.70852802110755,0.9477031985963686
27087,0.7758369445800781,0.8540506958961487,-0.2969265580177307,-9.056633710861206,2.9739064673399396,-20.267058646198624,0.7669371360263203,0.8311563730239868,0.9047619047619048,29.660088675362722,0.9328514421241947
27089,0.9227537661790848,0.93915855884552,-0.041739340871572495,-7.2426073253154755,3.969700117788079,27.580722567714457,0.9117041453443863,0.9486855268478394,0.041666666666666664,18.30275058746338,0.9617730221868457
27090,0.8816070407629013,0.9087944030761719,-0.024740252643823624,-10.966012626886368,-1.1206519773845944,29.998855456494294,0.8850021664356451,0.9642353057861328,0.37037037037037035,25.135054411711515,0.939776022532119
28001,0.7198472321033478,0.8356682062149048,-0.027759166434407234,-20.599211752414703,7.590190338773499,-119.1170437487193,0.7724263203863115,0.9554707407951355,0.95,45.899600982666016,0.8489967342109693
28003,0.8618721812963486,0.8813542127609253,0.060891225934028625,-14.009378850460052,1.7154249118949039,-21.63008016610077,0.8489631975069599,1.0638298988342285,0.23076923076923078,21.09680725977971,0.9317282130558019
28008,0.9185743778944016,0.9601274728775024,-0.004983235616236925,-6.578617542982101,-1.5745879963896516,-56.74245738071361,0.9422256729634071,0.995461642742157,0.3333333333333333,20.14650901158651,0.9584373032780948
28009,0.9543042331933975,0.9363504648208618,-0.016338616609573364,-5.868764594197273,-4.229699510021689,-27.743567818325904,0.9311650189618053,0.9859004616737366,0.6,11.799688339233398,0.9779048805164013
28012,0.7434436976909637,1.094621181488037,0.01998281665146351,16.75199568271637,-12.243693074441914,31.713382980304814,0.8519288651987604,1.0148837566375732,0.5555555555555556,22.360603432906302,0.8870824780492934
28015,0.6706975400447845,1.1628485918045044,0.37239235639572144,17.473872005939484,-6.924589197853752,29.313492610609547,0.7027236558689192,1.2384837865829468,0.20833333333333334,14.346182346343994,0.9294376554790718
28018,0.9138675332069397,1.1038974523544312,0.02131589874625206,9.291667491197586,9.163952347906342,-13.235621885415897,0.8889395341938294,1.0197315216064453,0.17391304347826086,15.30425859534222,0.9660822536946119
28022,0.9400577023625374,0.9343404173851013,-0.007778456900268793,-8.370837569236755,0.7805182424740342,-27.400542320199445,0.927616258491417,0.9933755397796631,0.4583333333333333,12.28836675484975,0.9702621155357712
28023,0.944022960960865,0.9169518351554871,-0.11478009819984436,-6.659139692783356,-4.106331159216245,-8.01312977323285,0.8818820472720978,0.9183205962181091,0.47619047619047616,15.513856070382253,0.9804212341955792
28024,0.8998766988515854,0.9176579117774963,-0.07192482054233551,-2.4896465241909027,-3.1230229162346648,26.867760058159813,0.853281148279228,0.8884729146957397,0.13043478260869565,19.793547754702363,0.9519592755991796
28026,0.9085690155625343,1.0124037265777588,0.0015622676583006978,2.627800963819027,-3.648886500979099,-28.91992258365762,0.953202044936287,1.0020374059677124,0.2727272727272727,19.124395197088067,0.9549217886107686
28031,0.8893911093473434,0.967292070388794,0.0016120137879624963,-6.080253049731255,2.7126789983783874,-30.589103798968605,0.9345868668957003,1.0017958879470825,0.34782608695652173,20.76030399488366,0.9433798259491306
28033,0.8565106838941574,0.8895816802978516,-0.05932871252298355,-11.43527403473854,-6.171846908333459,5.684793197054456,0.8537932047913128,0.9365469217300415,0.17391304347826086,24.90227326102879,0.9281812803134472
28039,0.8610750287771225,0.8117688298225403,0.04155537113547325,-17.206740379333496,-10.77425997404508,8.252835243578104,0.7889549285134664,1.0719720125198364,0.038461538461538464,29.595712515024037,0.9373176405499537
28040,0.8618738353252411,0.9100906848907471,-0.03441917151212692,-10.895312577486038,-1.6106259187280112,21.460409998296107,0.8751953365717722,0.9501929879188538,0.19230769230769232,23.00293995783879,0.9292060693451278
28043,0.8926669582724571,0.8428546786308289,-0.038616422563791275,-17.43873357772827,-0.26293087796381714,8.31751274642948,0.8290345734999183,0.9529125094413757,0.2727272727272727,27.87924679842862,0.9518617276688677
28044,0.8078075647354126,1.025636076927185,0.01595565304160118,-3.8820981979370117,5.662666200728396,15.512232850154007,0.9031172177008514,1.0057919025421143,0.42857142857142855,18.599405742826917,0.9067502336155724
28046,0.9275783151388168,0.8929294347763062,-0.06570852547883987,-11.228631436824799,-6.3120971239904025,-6.688701490196282,0.8797790315139481,0.9554681777954102,0.2727272727272727,19.128205559470437,0.9682841973530261
28048,0.8254600018262863,0.8549249768257141,-0.0351472906768322,-17.90771484375,2.8672068172578764,10.099952822034075,0.8217810221731527,0.9472194910049438,0.2727272727272727,28.42549193989147,0.9109524869586495
28050,0.6585811078548431,1.0595215559005737,-0.04323485866189003,2.4754535406827927,3.9871798204348856,20.47543746936723,0.8268197417951109,0.9638667702674866,0.4166666666666667,23.824195067087807,0.8414346320151075
28052,0.8069593608379364,0.8268112540245056,-0.12288547307252884,-16.821183264255524,-1.3997745284810839,11.281381302840831,0.7689184124887322,0.8759035468101501,0.3333333333333333,26.174920797348022,0.9105325273640592
28055,0.896055705845356,0.9543308019638062,-0.024655763059854507,-8.254425972700119,11.646662436136266,-74.7175182811644,0.9227938467139725,0.9674266576766968,0.17391304347826086,26.61816140879755,0.9469519856559608
28056,0.8893938288092613,1.0302330255508423,0.05055041238665581,5.072293803095818,-10.256828306672912,15.923877736448903,0.906379362359105,1.0717437267303467,0.18181818181818182,18.70610930702903,0.9480035998056479
28060,0.6600485444068909,0.6684784293174744,-0.15430134534835815,-32.610368728637695,-4.041763498153818,-10.437428954914113,0.5975774331504624,0.8319467306137085,0.23809523809523808,46.05442682902019,0.845742199125813
28066,0.8002946525812149,1.0731279850006104,0.15645581483840942,6.7634522914886475,-5.760720235561366,5.232231597937304,0.7554307265365235,1.2195483446121216,0.18518518518518517,20.9695922003852,0.9208485520645369
28067,0.9294153526425362,0.8496035933494568,-0.02883048541843891,-17.245060205459595,-5.005613043513798,15.358199538953412,0.8442391424323726,0.9704549312591553,0.21739130434782608,24.382976863695227,0.9722609565791123
28072,0.7919392287731171,0.8260578513145447,-0.06099579110741615,-16.848626732826233,22.359446418280797,-52.49069354776618,0.7855776403787206,0.9320432543754578,0.36363636363636365,27.292982014742766,0.8946294256428035
28074,0.9396231435239315,0.9161648154258728,-0.06142410263419151,-7.040779292583466,2.674263900715548,15.985661763910652,0.8900949101192002,0.9342827200889587,0.6521739130434783,19.13317182789678,0.9729439520583185
28080,0.861600786447525,1.010470986366272,0.04260032996535301,2.9838040471076965,-3.266191086295566,-19.24222599095002,0.9249098019166623,1.0311216115951538,0.14285714285714285,14.957312175205775,0.9324696987683853
28081,0.8109179735183716,0.8363300561904907,0.1608986109495163,-12.97900527715683,-20.299427447079406,42.82141461541069,0.7598227349361679,1.1557139158248901,0.14285714285714285,24.810051918029785,0.9184497420886155
28082,0.9153812900185585,0.9530304074287415,0.01599802076816559,-4.314066469669342,-4.282901163930586,35.427141895575595,0.9326322543020261,1.021781086921692,0.09090909090909091,18.91337741505016,0.9568971603414977
28085,0.949384443461895,0.925445556640625,-0.049684878438711166,-7.694699615240097,-2.5897947162630013,-18.67250619753502,0.9087413366395773,0.9526678919792175,0.17391304347826086,19.04831554578698,0.9769902159068434
28091,0.8507698178291321,0.8944149017333984,-0.12358541041612625,-10.00097244977951,14.198632847082962,-8.111368722048574,0.8364393940640833,0.8956418633460999,0.28,22.34067726135254,0.9313469727376699
28093,0.943740364164114,0.89643794298172,-0.03888121247291565,-8.442211896181107,-6.820105745355742,10.754444473401419,0.884485685864021,0.955105185508728,0.34782608695652173,20.019614178201426,0.9754457183317768
28115,0.881132610142231,0.9802298545837402,-0.07705370336771011,-2.150118164718151,-3.8462275058629745,-7.49267393396645,0.9287638676297834,0.9627380967140198,0.07407407407407407,12.29771684717249,0.9425954838989716
28116,0.6492323577404022,0.5801234245300293,-0.18429560959339142,-33.21518301963806,-32.04157724360461,36.66302262560006,0.5487805387795628,0.8875839710235596,0.2692307692307692,42.17332326448881,0.8788996284694396
28117,0.9446898251771927,0.9761788845062256,-0.040533341467380524,-3.9073627442121506,7.852505829591981,-0.3751960767672238,0.9483791974176762,0.9631551504135132,0.15,17.23753333091736,0.9728022284952484
29002,0.8606734871864319,1.0301952362060547,-0.11526764184236526,2.6188062503933907,4.723088959371558,-64.13892505804169,0.9090656347302141,0.939426600933075,0.2727272727272727,20.166745393172555,0.9392696960080187
29003,0.8525155782699585,0.895655632019043,-0.14845283329486847,-13.072894513607025,2.813932833823872,-18.799924157335855,0.841789309596569,0.8997354507446289,0.47058823529411764,39.276305366964905,0.9360477084757535
29005,0.6927617192268372,0.6422297358512878,-0.11770473420619965,-41.27950966358185,0.9380150044364335,16.47866815164334,0.5650854117715448,0.7888779044151306,0.4117647058823529,54.08200687832303,0.8712420957737321
29009,0.8815194666385651,0.9246100187301636,-0.07676443457603455,-1.5254595316946507,4.551988468622533,1.8214032749882192,0.8491635666407102,0.8828422427177429,0.05,30.82833766937256,0.9421896180493772
30001,0.8570218086242676,0.8753560781478882,-0.1883285641670227,-12.305015325546265,9.118700196490254,4.864585706936576,0.7755542562591384,0.8208916187286377,0.18181818181818182,24.212482701177183,0.9474645606560156
30004,0.8211047649383545,0.9404020309448242,-0.04760828614234924,-5.343421176075935,-6.3895328191657015,2.5390854094055415,0.8799495362470136,0.9510918259620667,0.52,31.21337157029372,0.9079772503992593
30005,0.696615993976593,0.8490925431251526,-0.33028557896614075,-10.381350666284561,7.894099672326414,-49.91289084222729,0.6762806182004778,0.7320083975791931,0.2,30.509860515594482,0.8989966404313249
30011,0.9086117595434189,0.9351327419281006,-0.004116211086511612,-7.035661488771439,0.9823265825552289,-28.52336834304485,0.9200319246129358,0.9961122274398804,0.36363636363636365,20.71752981706099,0.9533950953668441
30012,0.6405225098133087,1.2473132610321045,0.13558658957481384,28.975653648376465,-12.754267538377126,-5.442941738508726,0.6506858539786015,1.219692349433899,0.45,38.141668410528276,0.887786831750731
30014,0.7565103024244308,0.8786560893058777,-0.06534071266651154,-13.95142674446106,23.848880382090314,0.8294526764977892,0.7878506806364096,0.8818347454071045,0.3181818181818182,36.97301201198412,0.872250394713378
30015,0.8467716425657272,0.8480462431907654,-0.14424718916416168,-17.809805274009705,4.155594432242193,-9.46318965913644,0.8047752664870932,0.8957523107528687,0.29411764705882354,27.666521072387695,0.9355393790490737
3003,0.8733106702566147,0.8889318108558655,-0.031152164563536644,-10.916566103696823,-14.100052878338767,-5.943109417424664,0.8651580571318063,0.9578219056129456,0.06666666666666667,24.298111597696938,0.9362252771814044
31002,0.9029301106929779,0.9826798439025879,-0.046231791377067566,-2.5150543078780174,-13.553801180658168,35.81580052710942,0.9109899831836755,0.9271690249443054,0.1875,27.294746041297913,0.9518497730136146
31006,0.8981601595878601,0.9399178624153137,0.08303167670965195,-3.758322075009346,-10.798565034886765,15.082063947574332,0.9083278513089735,1.0493276119232178,0.9230769230769231,14.891919722923866,0.9514128999544436
31010,0.9060224816203117,0.986937403678894,-0.02020823024213314,-2.3824555799365044,21.720502684735653,-68.85558533920846,0.94404803545392,0.973147451877594,0.18181818181818182,23.367519812150437,0.9526826503991243
31021,0.8757391348481178,0.8907947540283203,-0.0393361933529377,-10.569117963314056,-5.729437867805852,13.101127838776675,0.8572709576698652,0.9323328137397766,0.15789473684210525,33.28648366426167,0.9378152295142406
31023,0.756443053483963,0.9596714377403259,0.08799022436141968,-3.4747254103422165,-82.14540140793063,-397.4844449628298,0.6936480707753223,1.2780961990356445,0.20833333333333334,39.60332075754802,0.8779851825077107
31025,0.8572633415460587,0.9756671786308289,0.031165383756160736,-1.9043192267417908,-30.560024777501653,-908.0012609457252,0.8979214186400756,1.0677779912948608,0.2857142857142857,30.732175282069612,0.927652958092922
32003,0.8516342639923096,0.9544064998626709,-0.05136837437748909,-5.387062579393387,15.461509367191043,-103.48155631113369,0.8604754635862648,0.8917180895805359,0.3333333333333333,27.36549907260471,0.924744721895363
32004,0.8611681163311005,0.9050869941711426,-0.02136116288602352,-6.937801092863083,-9.36062003797458,92.07433035162667,0.877581790194915,0.9704999327659607,0.631578947368421,30.383458890412985,0.9285333263009937
32006,0.7873069196939468,1.0755852460861206,-0.05083668231964111,5.070345103740692,12.8561261522183,-7.117932211301015,0.8649375962568014,0.9408333897590637,0.2727272727272727,21.41952307327934,0.9049840239139306
32008,0.8289376497268677,0.9701060056686401,-0.0652361735701561,-7.981342077255249,9.011409848721847,6.40515732587918,0.8752743338398575,0.914265513420105,0.3333333333333333,27.74420011611212,0.9144872014673258
33006,0.8719829171895981,0.8347955942153931,-0.10244912654161453,-12.450158596038818,-14.866704622047683,-18.095267731659018,0.8135900806682128,0.9326533079147339,0.7894736842105263,26.578930804603978,0.9459575592722654
33007,0.8591895252466202,0.935450553894043,-0.020351672545075417,-5.551484599709511,-15.141548865487623,22.368433272707712,0.9021595553857998,0.9897971749305725,0.47058823529411764,24.550760493558997,0.9271850017488074
33012,0.8233953714370728,1.059272050857544,0.0421469584107399,3.408597782254219,-38.75042277296542,53.827294743118905,0.8597928882112562,1.0980091094970703,0.2222222222222222,36.790545781453446,0.9191354673613129
33013,0.8559666574001312,0.9256879091262817,-0.1621706336736679,-5.720140412449837,-0.7845402150894231,-23.445317118264562,0.8103429669803637,0.8363725543022156,0.75,27.25697994232178,0.9393900805296173
33014,0.9006689041852951,0.9269090890884399,-0.06349697709083557,-6.283377110958099,-8.117341683765353,20.65615070488713,0.9002737672241515,0.9525833129882812,0.13636363636363635,15.214225378903476,0.951474769051412
33018,0.7942714691162109,0.9128206968307495,-0.053714871406555176,-15.9616157412529,8.489732390668738,2.3998636726110183,0.8428200913557794,0.9247133135795593,0.5,35.962824387983844,0.8930551187379233
33019,0.9148110076785088,0.9012936353683472,-0.12920251488685608,-7.013065367937088,-6.020471220997998,5.184303906601936,0.8592186055853384,0.9050573110580444,0.8888888888888888,18.30815209282769,0.9674064360492627
33020,0.6416867077350616,0.6384444832801819,-0.05248608440160751,-39.64149057865143,-25.873943403463112,87.83169097320918,0.5679379507409125,0.8420422673225403,0.0625,51.16473436355591,0.8239188328445552
33021,0.870570108294487,0.9767575263977051,0.04353776574134827,-4.000992327928543,-14.134148804237379,-33.5753500001932,0.9148001273319101,1.0499275922775269,0.3333333333333333,21.719069480895996,0.9349919908559383
33022,0.9264368116855621,0.9929319620132446,0.09487494081258774,0.9735384956002235,-17.790821667292327,22.15273114256136,0.90829473165173,1.0854668617248535,0.19047619047619047,15.714125406174434,0.9675143935141922
33023,0.8473137617111206,0.9513309001922607,0.026680855080485344,-3.4100715070962906,-21.17960909596846,-782.7496326380134,0.9015944296851799,1.0336503982543945,0.11764705882352941,25.506894728716684,0.9213703256384083
33024,0.8678195923566818,0.9951431751251221,0.13294152915477753,3.3399946987628937,-26.527297236263458,-20.19094286426242,0.853260497214142,1.1349081993103027,0.3125,16.3212388753891,0.9424789543833978
33026,0.9293074235320091,1.0091360807418823,0.026471834629774094,1.582355797290802,-1.6557961598360396,23.749498088341646,0.9505116543635129,1.034144639968872,0.7647058823529411,21.886999077267117,0.9653622757111511
33028,0.7881942689418793,0.8923928737640381,-0.06580360233783722,-5.8133915066719055,6.448005121123973,-17.773975173095067,0.8373988800179766,0.9469642639160156,0.13043478260869565,24.799369729083516,0.8902409853329756
33029,0.9058303907513618,0.9902989864349365,-0.0678417980670929,-2.161620557308197,14.045850944859758,15.522959870364186,0.9312342972377592,0.9490700960159302,0.47368421052631576,24.412009590550472,0.9548252604615285
33031,0.6958917379379272,0.656653881072998,-0.10770081728696823,-38.01897466182709,6.214507152896048,-60.49432604062641,0.552746792722326,0.7460914850234985,0.2857142857142857,46.48715882074265,0.8670363205218852
33032,0.7457422614097595,0.9294292330741882,-0.2252550572156906,-6.475246697664261,4.297208828143625,-62.38020146649611,0.8235234136593665,0.8785249590873718,0.9,21.85856580734253,0.8931937884895212
33033,0.8157700449228287,1.0483074188232422,0.11906617879867554,7.992277294397354,-11.060740541890064,-21.039897680243655,0.88259673737194,1.0710679292678833,0.34782608695652173,24.90457244541334,0.9200045701810146
33034,0.8531474620103836,0.8349112868309021,-0.13172906637191772,-16.08840525150299,-1.3057930320203164,16.352437440260825,0.7964389034686326,0.897855281829834,0.7777777777777778,17.69569582409329,0.9387685264332027
33035,0.8247612416744232,1.059876799583435,-0.0393407978117466,9.208550304174423,6.947326978915225,86.20239197417473,0.8950852829667401,0.9686609506607056,0.7083333333333334,31.91085457801819,0.919752067264487
33039,0.9324598088860512,1.0304168462753296,-0.03086462989449501,4.719648137688637,8.128122815388737,3.5257542856810513,0.9429387637884378,0.963728666305542,0.8421052631578947,16.954177304318076,0.9681379458810335
33053,0.8761618286371231,0.9545688033103943,0.034558817744255066,-6.80842399597168,-14.171134608787916,80.42055964909738,0.9045618395844021,1.0552752017974854,0.1111111111111111,25.523441716244342,0.9368406705457457
33054,0.6315687298774719,0.9039384126663208,-0.47934243083000183,-10.436851531267166,10.91742524277047,-63.2863794441047,0.7791763625381269,0.8145021200180054,0.5384615384615384,20.53369925572322,0.9284053994842334
33058,0.8364541530609131,0.7814164757728577,-0.04479287564754486,-27.44922935962677,1.682911881473522,13.815668435862277,0.7611404419768485,0.93694007396698,0.16666666666666666,35.15000078413222,0.9272086741145099
34002,0.8627421408891678,0.8491570353507996,-0.17535549402236938,-11.549276858568192,-18.527275003400998,28.793773689933293,0.7548257849366815,0.8131185173988342,0.19047619047619047,26.4370668502081,0.9506836010180735
34003,0.8348230272531509,0.9168638586997986,-0.21419450640678406,-8.191344141960144,-4.53947701485778,13.064465536412165,0.856876112709984,0.9009214043617249,0.2916666666666667,20.975399017333984,0.9387116568255813
34004,0.4917799234390259,1.3126343488693237,0.037333108484745026,35.4446142911911,19.482269250430782,27.139806182577157,0.6501059407730114,1.0200940370559692,0.9047619047619048,30.87968145098005,0.8441736663327192
34005,0.7194595038890839,1.0452309846878052,0.17969629168510437,5.465995892882347,-13.501005014703575,12.158429777979721,0.7767126923932031,1.1842293739318848,0.36363636363636365,30.884985490278765,0.8822251404452985
34006,0.8633811920881271,0.8575454354286194,-0.07730814069509506,-9.950670599937439,-5.882838035754262,1.681298860026505,0.801728805293908,0.8780224323272705,0.38095238095238093,27.674604597545805,0.9356599917034192
34007,0.868633359670639,0.8843414783477783,-0.11289641261100769,-13.193100690841675,11.561096051272521,-112.1144397423037,0.762462221229208,0.8012374639511108,0.25,33.71256351470947,0.9404957398500045
34008,0.4200877547264099,0.779991865158081,-0.5902238488197327,-20.06380558013916,-0.3410413885069684,41.064434508328986,0.6780819662923837,0.7964207530021667,0.2222222222222222,28.53627558107729,0.8825984189997717
34010,0.8131630718708038,1.0078086853027344,-0.035062845796346664,5.6261032819747925,-10.586887894254048,39.21719573401521,0.8938090397062106,0.9476404190063477,0.375,21.737635135650635,0.9079455663200888
34011,0.8429204672574997,0.888522207736969,-0.06350266188383102,-6.187073141336441,-24.40008089960116,-42.74743007399725,0.8572725556599735,0.9589868187904358,0.47619047619047616,15.592601185753233,0.9208688167214257
34012,0.7129323184490204,0.8641065955162048,-0.30388787388801575,-18.18801462650299,4.687608314233284,-38.45707028903947,0.780302298495877,0.8607197403907776,1.0833333333333333,25.102792183558147,0.8980143542100851
35003,0.7071970105171204,0.7042810916900635,-0.0832548588514328,-28.299224376678467,-15.734528685437214,-35.3138252325752,0.630572815666264,0.8291701078414917,0.38095238095238093,44.96477790500807,0.8591315516595577
35008,0.8623919636011124,0.8761662244796753,-0.08032801002264023,-12.142082303762436,-11.533668839635627,-9.760675105473565,0.7961169179969618,0.8521320223808289,0.2727272727272727,32.52506670744523,0.9339048537163603
36003,0.8622361123561859,0.8157081604003906,-0.07929099351167679,-15.872025489807129,-17.994586533160113,27.49659535547229,0.7749082130165057,0.8854132890701294,0.3888888888888889,32.79616038004558,0.9402277982445946
36006,0.921904593706131,0.9333083033561707,0.010537514463067055,-2.306118980050087,-17.40345039908195,58.85882622786905,0.9213508889579931,1.0136338472366333,0.45454545454545453,18.79715919494629,0.960604334299399
36009,0.8312558978796005,0.8095368146896362,-0.05372299253940582,-17.086298763751984,-15.540116756763645,-4.931765153268789,0.7607414467254014,0.8793231248855591,0.3,30.000133514404297,0.9199654938848402
36010,0.8314859867095947,0.8225318193435669,-0.0006390604539774358,-14.21843022108078,-39.36567624616582,-5.306634762094838,0.80394973152051,0.9981576800346375,0.35294117647058826,37.783845265706375,0.9167091932892895
36011,0.8513734340667725,0.8270871639251709,-0.032857052981853485,-19.244849681854248,5.687764585487289,-165.69126680776793,0.8037675981652159,0.9404183626174927,0.25,33.25542608896892,0.9288780263404703
36012,0.6537900865077972,0.9169856309890747,0.1123475581407547,0.4184847231954336,-50.755574783323944,-29.855644622800938,0.7498957556564004,1.1546876430511475,0.52,33.44219207763672,0.8218638704145572
37001,0.9295989498496056,0.939052164554596,0.016927776858210564,-0.2196436282247305,-22.57629286319084,27.651651602034942,0.9235583414322066,1.0296434164047241,0.2631578947368421,22.857841692472757,0.9646452777839907
37003,0.833775669336319,0.775273323059082,-0.06673192977905273,-20.303985476493835,-16.52214212817337,18.84520503738216,0.7370565277252646,0.8838642239570618,0.25,34.46080923080444,0.928238786201101
37005,0.9040842279791832,0.9250609278678894,-0.014097444713115692,-7.194362580776215,-11.481864516712031,40.039338133380014,0.9080535313655871,0.978399395942688,0.3333333333333333,26.850396394729614,0.9512998720055416
37008,0.9141196608543396,0.9186517000198364,-0.009218242950737476,-6.587091088294983,-13.129592537516995,-6.622761765817168,0.9069286564286634,0.9863038063049316,0.23529411764705882,16.199818779440488,0.956905413764856
37009,0.8027571588754654,0.8145482540130615,-0.02012675441801548,-12.673312425613403,-3.309716954926656,-9.227874511927805,0.7878422590919856,0.9740102887153625,0.28,25.176933288574222,0.9002849467486006
37010,0.8493344038724899,0.8617411851882935,-0.031403787434101105,-13.340161740779877,-17.153139915163816,32.72375927424418,0.8364860747992272,0.9566138982772827,0.3684210526315789,23.000614643096924,0.9242441418850517
37011,0.8901049271225929,0.9734424352645874,-0.001654433785006404,-1.3330841436982155,-14.673236003553678,35.22720492480461,0.9378669103441408,0.9968502521514893,0.2222222222222222,31.82415246963501,0.943917064324358
37018,0.828074038028717,0.932492196559906,0.011269294656813145,-4.18158620595932,-2.4306447469203527,23.424253045589545,0.8865564566036153,1.0164501667022705,0.25925925925925924,22.107949080290616,0.9103254438065703
37019,0.8363656103610992,0.9580034613609314,-0.03750326856970787,-5.417478457093239,9.675848033324534,-49.383555890031204,0.8899297866482525,0.9422262907028198,0.18518518518518517,30.1473511589898,0.9162507246378732
37020,0.9067903235554695,0.8773590922355652,-0.06773487478494644,-12.849543988704681,0.8251698646397915,3.6509188875865455,0.8264856605236204,0.8846395015716553,0.0,25.470678011576336,0.9580668490451338
37031,0.709308922290802,0.6597608327865601,0.007448173593729734,-25.729480385780334,-24.75877430265444,34.73556301915294,0.6344125670782836,1.0181090831756592,0.25,39.17843614305769,0.8674724884760436
37033,0.8174369931221008,0.8839827179908752,0.07227101922035217,-9.121441841125488,-46.39464129456325,65.88902592658589,0.804926815970556,1.126496434211731,0.3448275862068966,28.643631112986593,0.907305935819397
38001,0.9130440875887871,0.9096969366073608,-0.0702599436044693,-10.31540185213089,9.473886452454899,20.629254362750203,0.8697822395592315,0.9154199957847595,0.14285714285714285,20.110573087419784,0.9594014191988898
38003,0.8247428685426712,0.8200240135192871,-0.027968505397439003,-11.529577523469925,-24.571096157683126,-1.8307178997091789,0.7995789725648302,0.9835129976272583,0.6190476190476191,28.93826166788737,0.9133662232081244
38004,0.8692207485437393,0.9810472130775452,-0.0016718879342079163,-5.2167873829603195,13.262858564233973,0.9036732667031158,0.9308226795023086,0.9971280694007874,0.23529411764705882,19.649459256066216,0.9335316198952791
38007,0.8009086549282074,1.0121374130249023,0.05573578551411629,-3.8186751306056976,3.085551982692449,-155.55676579040804,0.8687085139304442,1.0879240036010742,0.10714285714285714,27.766479764665874,0.9032554543647365
38012,0.5910259783267975,0.6805515885353088,0.0006750225438736379,-25.289639830589294,-21.908276587170946,-1288.2779057699809,0.608977161735796,1.0014572143554688,0.17857142857142858,40.15719549996512,0.7745017760974569
38014,0.842731311917305,0.8049541115760803,-0.030091654509305954,-21.894311904907227,-13.520189735411957,-586.2042688185157,0.7844965418447825,0.9452522397041321,0.15384615384615385,34.19570189255934,0.9265049346665527
38017,0.6722193956375122,1.1215440034866333,0.19117094576358795,23.685847222805023,-13.393027815646025,91.70038834417777,0.7725965893038702,1.1474745273590088,0.5,17.90057122707367,0.8767497253840345
38018,0.8642642796039581,0.8860931396484375,-0.06932280212640762,-5.830811709165573,-11.340096968602396,11.293647311113727,0.861848535707192,0.9590008854866028,0.4230769230769231,18.827889515803413,0.933440801836155
38021,0.8030567020177841,0.797566294670105,-0.03233867883682251,-22.17051237821579,5.631374620584907,-754.8742902687934,0.7634033860363645,0.925391674041748,0.21739130434782608,41.03437091993249,0.9028807414403609
38026,0.8960472419857979,0.9030593633651733,-0.0699276402592659,-6.209724023938179,-0.9001716700258995,-418.0907248581543,0.8436841228316998,0.8878728151321411,0.21739130434782608,25.76321726259978,0.9503546493885014
38029,0.8226082175970078,0.9638990759849548,0.05209025368094444,-0.498944241553545,28.735883411228873,-682.363188237486,0.8272376584622608,1.1430222988128662,0.23529411764705882,24.24985567728678,0.9100657352220769
38030,0.852862149477005,0.9162384271621704,0.03773898631334305,-6.672090291976929,-22.650366684538447,-8.527098148838846,0.8802554278319893,1.0399248600006104,0.34782608695652173,29.16032956994098,0.92431138108431
39001,0.9490403793752193,0.9615216255187988,-0.007171847391873598,-3.4519724547863007,-5.612182325397685,-19.918611726906857,0.9530963635348135,0.9923363327980042,0.6363636363636364,13.496818325736307,0.9742971982857925
39002,0.925279013812542,0.9529464840888977,-0.0828324556350708,-4.457925260066986,5.017186401118024,24.273028845485225,0.8969548291391243,0.9150416851043701,1.0,14.12399344974094,0.9655564431533891
39004,0.6561710834503174,0.7169086337089539,0.15695561468601227,-25.759917497634888,-18.873091218443264,-735.3563502413995,0.6421522362445076,1.1418347358703613,0.2916666666666667,27.29407548904419,0.8332750526859873
39005,0.7623042166233063,1.1205499172210693,0.18271759152412415,12.097105383872986,5.28507941501751,76.79179801857343,0.7985541683515902,1.1373947858810425,0.13793103448275862,17.6742487940295,0.9153193448347541
39006,0.8378011882305145,0.9068324565887451,-0.11242733150720596,-17.523251473903656,2.418543668714846,10.89763573450288,0.85329753342567,0.9174904823303223,1.0555555555555556,19.997693432701958,0.9223237356226405
39007,0.9250476285815239,0.9273353815078735,-0.038603294640779495,-7.2453573346138,-5.201747087764199,-0.8780286816114437,0.9116332212495047,0.9656915068626404,0.28,20.259916305541992,0.9632376809113401
39008,0.9328965991735458,0.9317973256111145,-0.06322923302650452,-3.3142145723104477,0.10305527205090446,40.08581679287911,0.9020907728143082,0.9371448159217834,1.1578947368421053,14.201904598035311,0.9686338110571814
39010,0.8254138231277466,0.8283259868621826,-0.06244675815105438,-8.459411561489105,-25.302724864424754,-3.823453375328116,0.8048727508862588,0.9634397029876709,0.29411764705882354,15.742501090554631,0.9147590401143746
39011,0.894217848777771,1.049847960472107,-0.038334064185619354,1.0514791123569012,1.704922447167553,-62.48388402593209,0.9229552179652222,0.966846227645874,0.2727272727272727,18.65429228002375,0.9515035397760984
39012,0.7395462989807129,0.7938809990882874,-0.2838688790798187,-19.5810928940773,-5.741186665012739,27.915360777244373,0.7171944268623488,0.8267755508422852,0.37037037037037035,27.882491217719185,0.9134711615998514
39014,0.6761553883552551,0.9780822992324829,-0.25694364309310913,0.10503826197236776,-8.123419203026627,-38.09528009091844,0.7723897841961893,0.8155571222305298,0.1875,43.661290407180786,0.8684445000334874
39015,0.8052017390727997,0.8348942995071411,-0.22799913585186005,-13.554002344608307,-10.179655451980958,8.09087855717379,0.785310004283309,0.8814976215362549,0.5882352941176471,24.69794890459846,0.9307967614628441
39016,0.9441860504448414,0.9845426082611084,-0.05582161247730255,-1.0123553685843945,-1.9418597174472232,-13.693921983635235,0.9533536966842026,0.964968740940094,0.3888888888888889,12.671114338768852,0.9733587248364953
39017,0.7809548228979111,0.9014807939529419,0.03576265275478363,-6.855154782533646,-80.6662967320454,-78.45013280051297,0.8156647495738119,1.1046732664108276,0.3333333333333333,33.2181453704834,0.8846008757033628
39019,0.9132624641060829,0.8913658261299133,-0.08980567008256912,-11.846088618040085,-7.951432067565258,-16.645407293607036,0.874118816133443,0.9486418962478638,1.0,14.205525981055366,0.9624895494802514
39020,0.9131593927741051,0.8966320157051086,-0.13921013474464417,-8.425279706716537,-0.3771461152439255,5.710429063517221,0.8585815493042734,0.9088307619094849,1.2666666666666666,16.33395512898763,0.9683391717419508
39021,0.8902360126376152,0.9219241738319397,-0.0423147939145565,-3.721548616886139,-2.403562132400635,15.758955920668335,0.8954652851430206,0.9578240513801575,0.3333333333333333,22.27521850949242,0.9447472956641828
39022,0.8886462971568108,0.9658574461936951,-0.07637841254472733,-3.553297743201256,0.13699755091326257,5.347097809712982,0.9130270684443154,0.9410064220428467,0.16666666666666666,24.70997174580892,0.9459783876324794
39023,0.8320884257555008,0.852353036403656,-0.009688531048595905,-12.833185493946075,-19.32931423148242,-53.332956349425984,0.8292528523686045,0.9957531690597534,0.10526315789473684,20.517408220391527,0.9143441362660885
39025,0.8665907680988312,1.0055019855499268,-0.026762740686535835,1.045387890189886,-12.79636288594325,-9.928086884931092,0.9239038050503677,0.9624696373939514,0.09090909090909091,22.226973013444383,0.934031591473802
39027,0.5931359231472015,0.679394006729126,-0.1870138943195343,-37.37715184688568,-4.5466419467396975,-24.19992766308327,0.5933576292223086,0.8471999168395996,1.1875,37.536466121673584,0.8019546784782018
39028,0.8296789526939392,1.1791738271713257,0.25195080041885376,20.955677330493927,-13.834782551713273,-71.06673643738259,0.7648823099961073,1.1489051580429077,0.38461538461538464,15.120416421156662,0.9683089647098243
39029,0.7588840425014496,1.0007212162017822,-0.04654359817504883,5.628558620810509,-22.98494348644577,-17.529808490839073,0.8787299928451408,0.9787330031394958,0.2727272727272727,14.307535778392444,0.8806115192865526
39034,0.9506913460791111,0.9969015121459961,-0.04727388918399811,5.934653803706169,5.163623346976686,12.776294870638836,0.9506911601391655,0.9568195343017578,0.6666666666666666,13.788427625383651,0.9763947369528968
39035,0.9024734646081924,0.9054731130599976,-0.1276637762784958,-1.7183439806103706,-0.060496857433734307,-2.154359662491699,0.8461031262151102,0.8853034377098083,1.1666666666666667,21.206829282972546,0.9600799047470265
39036,0.5099672079086304,0.8275543451309204,0.07344906777143478,-5.433584004640579,-51.854389543638334,16.696838068945315,0.6743009123015793,1.0283176898956299,0.7272727272727273,21.42199602994052,0.7251536787887952
39037,0.9150748997926712,1.0038223266601562,0.036169279366731644,-5.608876794576645,6.287855279128997,-22.886734780313216,0.9468341683123708,1.0328320264816284,1.0,30.593425035476685,0.9583580318062411
39042,0.910439744591713,0.9358062148094177,-0.05390963703393936,-2.2913793101906776,-4.162093794072698,10.503608323939304,0.9066144311160386,0.9484689831733704,1.7333333333333334,18.408803939819336,0.9559026449375917
39049,0.8646202683448792,0.9277685284614563,-0.06260132789611816,-8.33677276968956,-1.8962167531495797,-78.38623778881545,0.8681188890280596,0.9131303429603577,0.11538461538461539,19.682897054232086,0.9319639460551632
39052,0.8656710088253021,0.9482934474945068,-0.06414575129747391,-4.569469764828682,-8.795194909748503,55.95028389522029,0.8821434997944142,0.9181809425354004,0.07407407407407407,19.822943652117694,0.932752480311089
39054,0.8525517135858536,0.9730266332626343,0.04585251584649086,-2.3318329825997353,-25.89072648728392,-131.954593925514,0.8702235459001093,1.1029167175292969,0.375,37.45291829109192,0.9256863755520731
39056,0.8488995730876923,0.8715201616287231,0.10856954008340836,-10.129528492689133,-28.217770008501557,55.8863515197462,0.8000065220477034,1.1361117362976074,0.26666666666666666,25.777824719746906,0.9295449249691912
39061,0.7387268543243408,0.9800284504890442,-0.23601055145263672,6.081986427307129,6.385908223713517,1.9659950778490964,0.8086857042664581,0.8411133289337158,1.3333333333333333,26.443924903869632,0.8953227688576595
39065,0.7891406267881393,1.0603967905044556,-0.02141711674630642,15.796229243278503,-10.459421850828406,-2.670942222298786,0.8843971705531269,0.9854313731193542,1.6666666666666667,17.58145491282145,0.9025115546144249
39069,0.8713318705558777,0.9778953790664673,-0.05207335948944092,-0.18759641097858548,-7.067356907884925,34.34967907893828,0.8918184620853795,0.9157435297966003,0.3076923076923077,29.951275719536675,0.9358480077642096
39072,0.9393856301903725,0.9421637058258057,-0.005125801078975201,-5.926666408777237,-5.067122766215859,3.858076272632322,0.9345263593903391,0.9956517815589905,0.95,10.871337652206421,0.96962149300462
39078,0.8799666464328766,1.0179309844970703,-0.018398219719529152,3.8968250155448914,1.2362244175137342,-376.79090218021923,0.935688498180979,0.9806001782417297,0.38095238095238093,20.725770223708377,0.9413647207141373
39081,0.8962904885411263,0.9411388635635376,-0.11403290927410126,8.16352441906929,-3.291049232474858,28.862120748291815,0.86181656629892,0.8838887810707092,0.5,24.45812008597634,0.9536511833421474
39087,0.8354873955249786,0.9980596303939819,-0.07691852003335953,-1.0209166444838047,1.9904491012716117,-6.508339658284679,0.8873070531752197,0.9201027154922485,0.56,24.774208775273078,0.9205496434360915
39088,0.8219383805990219,0.8750038743019104,0.1454121470451355,-8.709507435560226,-12.742484169708721,1.2586541589564688,0.8247030692220626,1.0926622152328491,1.0,12.666882574558258,0.9192615558189687
39095,0.8330377340316772,0.8344402313232422,0.021914074197411537,-15.314865112304688,-28.50774972179203,16.52695083636545,0.8121488982867728,1.030556321144104,0.2962962962962963,21.178317953039098,0.9166674694449397
39099,0.9420164711773396,0.9049516916275024,-0.0601203516125679,-12.70243227481842,-2.1433883329967784,81.03945471291235,0.8859803003997954,0.9422168135643005,0.625,15.340185165405273,0.9749517597866694
39101,0.8961992785334587,0.9299790859222412,-0.05495402216911316,-12.073934078216553,0.30892294335580417,-113.49580062573254,0.8922763945007084,0.9364058971405029,1.3333333333333333,18.815901544358997,0.9484516066692876
39105,0.9204140976071358,0.9979807734489441,-0.008130593225359917,5.557781457901001,-15.881414743623418,10.597724373403633,0.958894104979283,0.9900739192962646,0.5555555555555556,20.263771216074623,0.9601616986876618
39108,0.8585824519395828,0.7968721985816956,-0.1486496478319168,-24.816066026687622,-6.9524331110742885,83.26821408564791,0.7558267152811393,0.873664140701294,1.6,24.15415644645691,0.951021025770018
39114,0.7183435559272766,0.7582893967628479,-0.15040330588817596,-28.24675142765045,1.3369754201233193,-9.546886434985822,0.6753860818217747,0.8283827304840088,0.4,26.40970706939697,0.8677211545196013
39120,0.8397605270147324,0.7686911225318909,-0.0419691801071167,-17.469482123851776,-33.490659480576404,-63.64479422242285,0.7457546516248619,0.919535219669342,0.35,39.660069942474365,0.9317188203003374
39125,0.623255729675293,0.9211373329162598,0.22449232637882233,-7.7834539115428925,-48.633252978272324,-67.08405283993586,0.5827315661739906,1.371077299118042,0.5714285714285714,34.7311122076852,0.8262321557729706
39127,0.4857221245765686,1.433956265449524,0.20565563440322876,36.46986782550812,22.278887141522855,81.0531142595772,0.5343846652662272,1.1367347240447998,0.375,24.37271922826767,0.9010898647420903
39141,0.913880467414856,0.8897924423217773,-0.010653483681380749,-15.078987181186676,4.816359836959817,-25.17761049373003,0.8818592436955164,0.9905697703361511,0.05,18.718806180087004,0.9584957436004008
39142,0.784250020980835,1.2478281259536743,0.23526009917259216,17.127111554145813,19.68940215446876,-23.036761776924934,0.7212574745869875,1.12126624584198,1.4615384615384615,18.392500510582558,0.960337510424759
39143,0.8441862761974335,1.0634337663650513,-0.0007118627545423806,7.177980989217758,6.624183093890847,-29.802122142841007,0.9045146760070766,0.9994761943817139,0.4,22.455878257751465,0.9286324302609938
39144,0.8620880395174026,0.8005951046943665,-0.09193753451108932,-19.368870556354523,-10.614216545460591,4.524476808249274,0.7763445228088595,0.9156120419502258,0.5238095238095238,33.69836580185663,0.9439809608977835
40003,0.8949945345520973,0.9487236142158508,0.03348340094089508,-7.821252197027206,9.603466727381003,-2.8135879360979623,0.9033943197698305,1.0620942115783691,0.21052631578947367,28.655300140380856,0.9466361676590821
40004,0.8383346349000931,1.172545075416565,0.08013058453798294,19.93076056241989,-17.295320290659408,10.483854304471828,0.7688264246391455,1.1442452669143677,0.18181818181818182,37.09532696267833,0.9464955902058959
40005,0.9157183617353439,0.8917250037193298,-0.001176713965833187,-10.913633555173874,-15.54993408188424,88.0358602539199,0.8842928849680793,0.9969137907028198,0.2,21.47051727070528,0.959316625488967
40006,0.6398335993289948,1.0207912921905518,0.17444191873073578,3.320183604955673,-42.441723111042265,49.78704200721766,0.6440816857451237,1.3165886402130127,0.7333333333333333,99.00146126747131,0.8387015143308667
40007,0.8820095881819725,1.050532579421997,0.08506672084331512,3.748450055718422,-9.406245772895602,29.818288600280646,0.8356989420856313,1.1476118564605713,0.35,24.040635426839195,0.9485020788671622
40009,0.8311780095100403,1.0375462770462036,-0.004148694686591625,2.1678971126675606,46.16791303697785,54.686272843299264,0.9107756047825526,0.9933799505233765,0.15789473684210525,17.4783456325531,0.9193312654938977
4001,0.8695859163999557,0.9403687715530396,-0.007720614317804575,3.473697602748871,-14.550277447797935,42.30938958148945,0.9098137630480674,0.9943193793296814,0.5714285714285714,27.153711659567698,0.9325803850629766
40010,0.8944536373019218,0.9793655872344971,0.04242426156997681,-1.1627564206719398,-10.715161273883368,24.4473877188002,0.8935110134420081,1.0901758670806885,0.25,22.75222369602748,0.9472511776035044
40011,0.9360256269574165,0.9909417033195496,-0.009374460205435753,3.129827231168747,-0.5788202246359028,-30.10145640038091,0.965426010829631,0.9912327527999878,0.2916666666666667,15.677862167358397,0.9678061595186965
40012,0.8309548944234848,0.8970472812652588,-0.24251288175582886,-9.499843418598175,15.578352608101817,10.493040429272137,0.7563713756628087,0.7862908244132996,0.5263157894736842,23.172712326049805,0.9444659332336411
40013,0.7471841275691986,0.6209951043128967,-0.1353532373905182,-41.760244965553284,-1.8045023669352935,5.108853525090952,0.5686043366948661,0.8073690533638,0.42857142857142855,38.14419337681362,0.9268506612352105
40016,0.7734276205301285,0.7055492401123047,0.005607446655631065,-22.778119146823883,-35.577425459687426,29.021320021286357,0.6892879431293271,1.0044666528701782,0.3076923076923077,33.11727963961088,0.9009001448109006
40017,0.7917910665273666,0.7973611354827881,-0.017614400014281273,-25.824731588363647,13.097734470190517,-124.29416464545142,0.7694345496934887,0.9660432934761047,0.17391304347826086,41.76450812298319,0.8953823172486152
40018,0.6295807361602783,1.0299371480941772,-0.47548431158065796,4.7387950122356415,27.528644770290324,-65.45493171063632,0.6971907380018253,0.706830620765686,0.3,24.235363006591797,0.9303657311718324
40020,0.807914063334465,0.8943623304367065,-0.02233918011188507,-14.337010681629181,-9.113412333045364,-81.02705075572696,0.8488710427189408,0.9611926674842834,0.14285714285714285,34.639716148376465,0.8991306020583484
40021,0.7260091304779053,1.1114178895950317,0.05194136127829552,8.381661027669907,4.138469314796976,10.35398398658329,0.8141927150625412,1.0924482345581055,0.47368421052631576,39.18791068227668,0.8835365939828788
4003,0.8466615676879883,0.8450706005096436,-0.047234829515218735,-17.01900213956833,-8.601195114199644,19.016878380960534,0.8188474352905064,0.9438074827194214,0.21739130434782608,31.539958456288215,0.9247967163213155
40033,0.8484822809696198,1.0989048480987549,-0.00801110453903675,5.278506129980087,37.09959026411056,-58.74343965730493,0.8818457262301966,0.9951893091201782,1.4,27.21454381942749,0.9355397743884597
4005,0.885053388774395,0.9899992346763611,0.02074415050446987,1.3933546841144562,-12.05052270969768,41.10279245596132,0.9354946536584106,1.0268644094467163,0.13793103448275862,20.528668370740167,0.9422139471440635
4006,0.9103327840566635,1.0075113773345947,0.027207715436816216,3.0369896441698074,-7.010102007285317,30.314535044811187,0.9441736545471784,1.0333915948867798,0.32142857142857145,19.59249973297119,0.9558960155079805
41001,0.7064067125320435,0.6820198893547058,-0.04029131680727005,-32.332637906074524,-15.24743324914915,-677.1404280694729,0.6342258852076521,0.8855389952659607,0.15789473684210525,43.62499839381167,0.8600784838511016
41003,0.8056071400642395,0.7292580008506775,-0.058554455637931824,-30.778446793556213,-20.57520649953305,18.696613980262395,0.6854185504561545,0.8616088628768921,0.045454545454545456,41.237466231636375,0.9193268851505759
41004,0.34960681200027466,1.29949951171875,0.4316443204879761,10.83306223154068,64.22015160414138,32.19089697406672,0.23508029987530832,1.688950538635254,0.15789473684210525,25.811684759039625,0.8559536691433199
41005,0.9174019619822502,1.021214246749878,0.06339879333972931,0.15301862731575966,4.393864132676799,-82.76801690317743,0.8837743675833973,1.1076804399490356,0.25,19.01092529296875,0.9617472064045426
41006,0.805570662021637,1.0757125616073608,0.040650106966495514,1.1357013136148453,-12.131290978034745,-77.03106741388518,0.8525560137779842,1.0919173955917358,0.21052631578947367,26.157450675964355,0.9130601962532586
41009,0.9161010980606079,0.9255395531654358,0.0005004300619475543,12.590476870536804,-8.426595698505283,15.14125092274226,0.9143477797284861,1.0004496574401855,0.3333333333333333,11.994505921999615,0.9576710205317509
41011,0.8867836445569992,0.9233437776565552,-0.048796191811561584,-8.108136057853699,8.46504148867159,-23.060752123882246,0.8921435507043863,0.9497361183166504,0.3333333333333333,23.221193041120255,0.9431635730467524
41012,0.8879452645778656,0.9736759662628174,-0.0086918780580163,-7.9176560044288635,4.888011389094394,22.876067534348408,0.9344531496366678,0.981626033782959,0.3333333333333333,25.742370432073418,0.9428525398131136
41013,0.7770145237445831,0.8739300966262817,-0.03212015703320503,-11.918582767248154,-10.44139887910375,-690.8891888895713,0.8132221579006851,0.9286303520202637,0.3,40.635558537074495,0.8821071880483526
41014,0.8930591195821762,0.834780216217041,-0.08236175775527954,-14.01612013578415,-14.371461222680823,22.820031711055375,0.765537759882541,0.8394680619239807,0.18181818181818182,23.158664288728133,0.9563598585569846
41016,0.8223945200443268,0.8272642493247986,0.001870310865342617,-18.069878220558167,6.039220885197043,44.479361702285125,0.8054989914657404,1.0041110515594482,0.13636363636363635,38.54035897688432,0.9106909746184949
41019,-0.26356959342956543,1.8044370412826538,0.1619102507829666,92.09875464439392,-1.0093996497840934,-21.937300126226432,0.134449975478231,1.27442467212677,0.42857142857142855,65.17473567615856,0.8364488126299303
41020,0.41387152671813965,1.3351160287857056,0.06236511096358299,13.225245475769043,-17.856341158361506,-10.09830139267617,0.5957235321750847,1.1419998407363892,0.09523809523809523,35.362278331409804,0.8240092192223467
41022,0.8656875938177109,0.932537317276001,0.008234298788011074,-5.864308401942253,-14.056005684229786,3.063556888489476,0.9017245111385171,1.016472339630127,0.23809523809523808,24.985896457325328,0.9304620953885276
41023,0.9126967638731003,0.9019998908042908,0.004649460781365633,-11.968620121479034,-79.36343367122477,-193.79950470201177,0.8924635937441479,1.0102965831756592,1.1,19.966694116592407,0.9569414626007865
41025,0.8504250943660736,1.026511311531067,0.005644920747727156,-2.7085183188319206,-6.7154085396346055,-4.512436747837025,0.9216123436262095,1.013630986213684,0.13636363636363635,23.019763697748598,0.9275019224563814
41027,0.8022037446498871,0.7574394941329956,-0.04671652615070343,-26.92226469516754,7.283158405359008,-39.40635599724707,0.7308564734905079,0.9261733293533325,0.45,35.2741813659668,0.9097101248381796
41028,0.5184434354305267,1.1567150354385376,0.0798034518957138,12.63069361448288,8.59123783616739,3.9844997745522823,0.7032204037809808,1.1599255800247192,0.5238095238095238,34.59062576293945,0.8052120762131822
41029,0.8504503667354584,1.069792628288269,0.04955580458045006,4.172266274690628,-17.895189179357477,-3.0969135651525366,0.8539432937809788,1.1097406148910522,0.21739130434782608,24.343430995941162,0.9335278410799022
42001,0.8365909904241562,1.0100973844528198,0.15796804428100586,0.6585856899619102,-24.14898503092642,27.701968555835165,0.7039086111906865,1.287885308265686,0.28,18.013864517211914,0.9315149458713002
42003,0.7422012686729431,0.6285387873649597,-0.07709804177284241,-47.045910358428955,-5.115074081248999,43.52816409398941,0.5934388271205371,0.8617861270904541,0.32,49.21293640136719,0.9094158946824898
42004,0.9204606860876083,0.9757943153381348,-0.054372549057006836,7.570168375968933,-10.218617201467465,7.0711312035355425,0.9475065057483509,0.974441409111023,0.07692307692307693,13.220331302055946,0.9610588880414522
42006,0.9257971942424774,1.08626127243042,0.07005874067544937,6.417469680309296,9.07116958717521,3.6449765604915134,0.8925620140752865,1.0573700666427612,0.8461538461538461,12.445289355057938,0.9715291526004411
42008,0.875427283346653,0.8385791182518005,-0.12224692851305008,-19.922006130218506,4.210868132135563,-20.539676926321924,0.8126141197078058,0.9189209938049316,1.0,12.0188487900628,0.9501706730636025
42010,0.8950579836964607,0.8872786164283752,-0.1815091371536255,-14.493291079998016,-0.602443624472002,-4.96024670263135,0.8600432498211228,0.924069344997406,0.5833333333333334,13.099329670270285,0.9665886660366824
42011,0.8570803254842758,0.9611605405807495,-0.062265511602163315,-2.537595108151436,2.975611687202224,8.0091935618889,0.8963378117528915,0.9358242154121399,0.391304347826087,26.302111667135485,0.9284541102736716
42016,0.8946723192930222,0.8550944328308105,-0.147343710064888,-11.412607878446579,-16.072014031226935,7.845299912738334,0.8407992499687323,0.9451680779457092,1.0,12.933579683303833,0.9633842146373195
42017,0.805023729801178,0.9071033596992493,0.05679607763886452,-6.377725303173065,-16.76504381916903,87.70390733372382,0.8332572426696837,1.0947896242141724,0.038461538461538464,20.008175189678486,0.899062947911653
42024,0.9170401990413666,0.9717137813568115,-0.07404961436986923,1.2304005213081837,-12.064824066480726,2.4150343859238705,0.9428499246007992,0.9698439240455627,0.1,6.784854531288147,0.9605458235919911
43005,0.9482205919921398,0.9491578340530396,-0.02180236019194126,-9.844765067100525,3.858931685286473,-0.07518262362394271,0.9409781939043387,0.9845085144042969,0.6,15.921287536621092,0.9743355960393836
43006,0.9389855675399303,0.9212434887886047,-0.04192538186907768,-9.912922233343124,1.2332819501376333,-5.1120005365956604,0.9096749288175907,0.9664308428764343,0.21739130434782608,18.904360480930492,0.9712051720628505
43007,0.9503064304590225,0.9785565733909607,0.017253663390874863,3.8753148168325424,-14.890331645186162,11.068822299123793,0.9616407892069756,1.019657015800476,0.391304347826087,19.150941268257473,0.9749957955986147
43008,0.9632616899907589,1.0621658563613892,0.08244015276432037,4.558561369776726,5.5637564708173874,9.36309339356995,0.905447960306841,1.0701769590377808,0.5384615384615384,8.96675311602079,0.9877244579263698
43009,0.9221330285072327,1.0999749898910522,0.05165458098053932,8.30083116889,0.7940068068802932,25.53377412908862,0.865993133771122,1.084168791770935,0.3333333333333333,20.88829676310221,0.9703612401644504
43014,0.8460783362388611,0.8682945370674133,-0.12280160933732986,-14.242663979530334,-1.9960555548522763,5.105358018310515,0.8368705206792338,0.9338923096656799,0.43478260869565216,27.70660856495733,0.9300380722404038
43017,0.9268205910921097,0.916210412979126,-0.05277974158525467,-8.393943309783936,-10.3287613493984,0.8845723948426502,0.8938151529800104,0.9446967244148254,0.3,22.310221195220947,0.965415689206228
43018,0.9743605926632881,0.9779036641120911,-0.05498847737908363,-5.018983781337738,4.25716317113229,11.849101715517731,0.9437502548416933,0.9495244026184082,0.38461538461538464,19.53771664546086,0.9886862985864661
43021,0.8405208140611649,1.2517435550689697,0.17899708449840546,21.645542979240417,0.6174267147880357,-26.440857864389155,0.7113913567251747,1.1387994289398193,0.5,20.12613160269601,0.9744099632639579
44001,0.9601154662668705,1.0315560102462769,0.0495728962123394,8.526094257831573,-7.204866375204588,-4.2037577903573125,0.9524779833612503,1.0308340787887573,0.3181818181818182,10.204699906435879,0.9823415779867175
44002,0.963969461619854,1.011838674545288,-0.00656155264005065,9.950628131628036,-0.9864703365047294,1.9251517622218453,0.9781730757246183,0.9952591061592102,0.4,16.509068806966145,0.9822860412689779
44006,0.8812917619943619,0.8797098994255066,-0.15381364524364471,-2.660169266164303,-4.268435794556373,-30.857668106330205,0.8340179142273575,0.8952012062072754,0.9375,14.53036367893219,0.9542009026201925
44009,0.9033586606383324,0.8818020224571228,-0.21329770982265472,-12.537555396556854,3.276593571901697,-70.49349312429058,0.8034487916582318,0.8443809151649475,0.7272727272727273,18.748166344382547,0.9789211945195324
44011,0.7055399417877197,1.1773593425750732,0.08490245044231415,17.5168514251709,-0.9425985649389629,-35.80735284847424,0.7747263189325931,1.0865517854690552,0.23076923076923078,26.68613653916579,0.8913690494604958
45001,0.9497598148882389,0.9616907238960266,-0.011442155577242374,-6.200840324163437,-5.877487671986591,-8.791893918154853,0.9521559640529792,0.9865135550498962,0.4,17.71131470089867,0.9747103392134814
45003,0.9001322314143181,0.9134117364883423,-0.02667085826396942,-11.623243987560272,5.818908377237973,-35.74987656237775,0.8951962092792494,0.9688730835914612,0.30434782608695654,24.722727139790855,0.949826080017897
45004,0.8478535860776901,0.9400804042816162,-0.01566609926521778,-8.859807252883911,6.851290926568559,-29.567922125498676,0.8988422104316635,0.979501485824585,0.39285714285714285,28.079884392874582,0.9211181176955214
45005,0.8690062463283539,0.955578088760376,-0.049916304647922516,-4.235800728201866,10.838640907361237,-45.40014607493987,0.899301704312264,0.9384883046150208,0.2916666666666667,24.12079175313314,0.9337946234275554
45009,0.9551771618425846,0.9720285534858704,-0.016588997095823288,-5.044946447014809,-3.881901411850813,-34.17299123288159,0.9596103564555255,0.9815036058425903,0.5909090909090909,13.971248540011318,0.9774876725163604
45012,0.8993288651108742,0.9299046993255615,-0.003539174562320113,-5.930119752883911,-4.387525469956243,19.910014529687867,0.9128560093057617,0.9944856762886047,0.2857142857142857,22.770754496256508,0.9485187784577377
46003,0.9066127017140388,0.9037370681762695,-0.03567081689834595,-11.57347857952118,-1.3332917693090827,6.570824685926616,0.8857808076134106,0.9590306878089905,0.30434782608695654,28.85135014851888,0.9541634717202521
46005,0.9128469377756119,0.9094997048377991,-0.022728022187948227,-10.318906605243683,-5.183374206876431,-3.104938991537865,0.8957764210413289,0.9714974164962769,0.21428571428571427,25.631492478506907,0.9568739786193748
46008,0.9128148630261421,0.9108019471168518,-0.034202691167593,-9.594877809286118,-7.747287318765352,-3.930214816338806,0.8934952323314235,0.9606211185455322,0.36,28.665489416856033,0.9571482019818592
47001,0.9471529237926006,0.9487432837486267,-0.032873138785362244,-5.437583476305008,-4.8466483770603075,0.14736110018349943,0.9293261841348412,0.9588067531585693,0.36363636363636365,18.052072110383406,0.9741030174976014
47004,0.9456341862678528,0.9986435174942017,0.008055190555751324,1.3140230439603329,3.8660270325676525,-20.982183009375383,0.9714434453624219,1.0086333751678467,0.36363636363636365,16.194214604117654,0.9728135768959641
47005,0.8957542255520821,0.912660539150238,-0.038791149854660034,-9.853692352771759,6.621033163218079,37.569177148230246,0.8822435918707158,0.9406434297561646,0.22727272727272727,28.41549126998238,0.9478925360157291
47008,0.8930845186114311,1.031191349029541,0.02624533511698246,-0.1809781650081277,17.169058879428846,3.6230978812392287,0.9312419923519889,1.0339144468307495,0.2857142857142857,16.956289248033006,0.9489649761672871
47009,0.9626797698438168,1.0371289253234863,0.023646129295229912,2.4868112057447433,1.3994036768554228,12.841774454809482,0.9519810392136288,1.0252248048782349,0.38095238095238093,11.76418803987049,0.982942077553787
47011,0.877466194331646,0.9405938386917114,-0.012567774392664433,-7.27582573890686,1.6470213407490286,-27.31888614024689,0.9119783100628045,0.9849181771278381,0.2777777777777778,31.966907099673627,0.9368235446003329
47014,0.9012315422296524,0.8755196332931519,-0.039552345871925354,-13.682235777378082,-7.515266167034801,-12.24892761890885,0.8605155298645495,0.957772970199585,0.041666666666666664,24.26345443725586,0.953337020372346
47018,0.896564781665802,0.935539960861206,-0.06067844480276108,-8.10459703207016,13.107247181396072,87.2002989192947,0.8788801330462009,0.9110928773880005,0.22727272727272727,24.305049232814625,0.9489074460025141
48003,0.9253571555018425,0.9495997428894043,-0.07940535992383957,-3.5874079912900925,4.987399178171841,24.753229211399955,0.9034904406937757,0.9253431558609009,0.43478260869565216,25.505159212195355,0.9653551628109218
48004,0.9004835560917854,0.8574508428573608,-0.03204953297972679,-15.92266857624054,-6.464878280759358,-3.3181178581752726,0.8476537064266908,0.9715150594711304,0.36,35.41464614868164,0.9544177762004217
48005,0.9424593821167946,1.0494307279586792,0.022051207721233368,5.493767932057381,-2.7647064527455747,26.29559518573335,0.9393253388975242,1.0236856937408447,0.2857142857142857,17.963971410478866,0.9739806697743727
48011,0.9455853924155235,0.9485360383987427,0.014176830649375916,-5.709102749824524,-8.83259564320596,-4.386492496091164,0.940046553419864,1.014389157295227,0.34782608695652173,23.72691035270691,0.9728185989052303
49001,0.9441129602491856,0.9391883611679077,-0.02454626001417637,-9.220297634601593,0.8287723930745755,3.7381096663024436,0.929251693496793,0.9764833450317383,0.391304347826087,25.020841930223547,0.97253667181985
49002,0.9663245938718319,1.0274653434753418,-0.014548985287547112,5.953880026936531,-1.0633595274145116,-2.0829122289335964,0.9659349399655671,0.9876421689987183,0.3333333333333333,12.284714380900065,0.9840824865046459
49004,0.912653885781765,0.8827806711196899,-0.08162032067775726,-11.209090799093246,-0.859222144936265,20.500108293308873,0.848189149503527,0.9112954139709473,0.23809523809523808,34.3829041435605,0.9620835170047829
50001,0.947370819747448,0.9685975909233093,0.0041293250396847725,-4.777701944112778,-1.6987753468170792,31.535925137079424,0.9584422143296915,1.0055427551269531,0.2857142857142857,14.978674325076016,0.9733501197075463
50002,0.9283631667494774,0.9008103609085083,-0.029562609270215034,-12.119966745376587,-1.613223533865646,42.07012131843845,0.8863189365549305,0.9559403657913208,0.13043478260869565,21.982238690058388,0.966183608762925
50006,0.9477660842239857,0.9291805624961853,-0.028324395418167114,-10.60662567615509,0.8401239713721481,13.84450935031564,0.917255036072321,0.965251088142395,0.35,21.036581766037717,0.9750230215648773
50007,0.9048729538917542,0.8617419600486755,-0.048995181918144226,-13.851897418498993,1.078301821778486,20.95936515173768,0.8391194797047117,0.9296931624412537,0.09090909090909091,26.274210473765496,0.9572892894956231
50008,0.9064784348011017,0.8941099643707275,-0.02914963662624359,-11.872043460607529,3.2711403486629314,87.97818884746724,0.8758756892690887,0.9539668560028076,0.041666666666666664,19.223695755004883,0.9544467945958903
50011,0.9139234274625778,0.9209327697753906,-0.016795219853520393,-12.236437946557999,4.568987756986219,-2.5035630750449145,0.9072807565527623,0.9780865907669067,0.2727272727272727,21.28534109696098,0.9568139639950629
5003,0.7790626734495163,0.8585264086723328,-0.0245373472571373,-5.3942278027534485,-34.024726173014734,35.52948959951766,0.8157010164170665,0.9815461039543152,0.4583333333333333,20.23348410924276,0.88333470084344
51001,0.9358436837792397,0.9503434300422668,-0.05510656535625458,-6.218552589416504,2.847781592488356,-19.044540457327873,0.9185495944923184,0.9432893395423889,0.45,26.14563465118408,0.9691407289804171
52004,0.8801317363977432,0.9254553914070129,-0.021562403067946434,-11.21598556637764,10.229471334492953,-14.352791284348454,0.8991248125252587,0.971092700958252,0.34615384615384615,27.533193734975963,0.9384916847906437
52005,0.9217618703842163,0.9192025065422058,-0.043748002499341965,-13.44418078660965,5.438822741849545,-19.63330639396195,0.8976100451189942,0.9498593211174011,0.4090909090909091,24.20215823433616,0.9620344862715621
52006,0.8739334642887115,1.0021833181381226,0.005540836602449417,-1.2634694576263428,-4.168893524096546,11.935793221545282,0.9365289657185046,1.0083744525909424,0.17391304347826086,17.602369059687074,0.9371217536943613
52007,0.8098848164081573,0.9806385636329651,-0.025686107575893402,-1.1985721066594124,10.090271806242871,3.725197272504207,0.8924041619414164,0.9563225507736206,0.2916666666666667,28.221384684244793,0.9035931559565854
52009,0.8977805823087692,0.970531165599823,0.09639045596122742,-3.8312189280986786,-14.087344558561288,-32.09704335258859,0.9020983951520509,1.080417275428772,0.24,15.473007202148438,0.9525724358256515
52010,0.8840254917740822,0.8836924433708191,-0.06577461957931519,-12.082984298467636,4.792599114183265,-20.794811478580595,0.8468225814733417,0.9172130227088928,0.2727272727272727,23.17153267238451,0.9444825233962977
52011,0.8745819330215454,0.9306532740592957,-0.05582715570926666,-4.957663640379906,-0.40894574926643507,-10.2219168623764,0.8702079371802995,0.9102647304534912,0.25,24.003269275029503,0.9368763707339849
52015,0.8159031420946121,0.783965528011322,-0.16560421884059906,-26.834645867347717,8.06390205403435,0.641851072321432,0.7196728833320215,0.8357124328613281,0.3,40.703721046447754,0.9298430720768652
52016,0.93036337941885,0.9449294209480286,-0.02359999530017376,-6.348992139101028,-2.6637818536752187,15.021462032322638,0.9317674821509819,0.9799615144729614,0.43478260869565216,24.825848703799043,0.9650519397865948
53005,0.933345153927803,0.9294379949569702,-0.025803688913583755,-9.621092677116394,0.08619316468203238,-33.23041991094673,0.9176200105894474,0.972976803779602,0.25,21.97591917855399,0.9671790773191237
53006,0.9154509976506233,0.8812217712402344,-0.029656460508704185,-11.390619724988937,-6.689787577627509,35.94563520865226,0.8661257313923452,0.9524996876716614,0.2727272727272727,29.293377503104836,0.9605313732613155
53007,0.9098382219672203,0.9299354553222656,-0.04918420687317848,-10.682342201471329,12.51877893028191,-36.742362570101285,0.8987696769880893,0.9420779347419739,0.4090909090909091,24.255053893379543,0.9554626871888019
53008,0.9440429545938969,0.9505453109741211,0.013734893873333931,-6.2438443303108215,-2.4474104383981343,19.125493723179964,0.9405094163696606,1.0175113677978516,0.23809523809523808,22.64563696725028,0.9719515549115395
53009,0.950279638171196,0.9470720887184143,-0.03341790661215782,-5.178208276629448,-3.9924448184251933,-6.92116903564328,0.9335914861504067,0.9679998755455017,0.17391304347826086,17.705043156941734,0.9758190373645539
53013,0.895018495619297,0.8909932374954224,-0.058674104511737823,-11.010972410440445,-1.3777152113191027,-41.90602793168562,0.8641460662651019,0.936419665813446,0.13043478260869565,28.62407962481181,0.9496873957716082
53017,0.916761226952076,0.9561481475830078,0.023996902629733086,-9.181604534387589,3.1889457866349806,3.584399947163117,0.9291218523322445,1.03630530834198,0.45454545454545453,22.30192097750577,0.957778542864981
53018,0.9631185568869114,0.9605153203010559,-0.013293128460645676,-1.8478568643331528,-3.9703386724048815,55.835420630625734,0.9536405160975645,0.9840173125267029,0.30434782608695654,16.89618463101594,0.9817047678915275
53022,0.9562875665724277,1.0591455698013306,0.02508368156850338,4.27602045238018,10.914824846062261,3.490493439338934,0.9315097175596497,1.029043197631836,0.5416666666666666,16.667813062667847,0.9813127574812921
53023,0.964134618639946,0.9420239925384521,-0.06090717017650604,-4.6964131295681,-6.875689324138076,-5.690056934316717,0.9119164499447809,0.9354715943336487,0.7222222222222222,18.01659001244439,0.9847167015566789
53028,0.9603243917226791,0.9359717965126038,0.006043973378837109,-11.03643849492073,-3.1481898167264553,9.611695642744312,0.9329174062103268,1.0063261985778809,0.5789473684210527,13.994152922379344,0.9810146698927804
54001,0.9502475894987583,1.0458341836929321,0.0456424243748188,1.9523639231920242,3.182930551512886,-3.3225346848781943,0.9307898545849685,1.0470601320266724,0.5454545454545454,11.442200704054398,0.9782143210524775
54002,0.9409715235233307,0.8989617824554443,0.0012231607688590884,-11.554298549890518,0.5350544445510711,-13.052918680211503,0.8953640560115939,1.0016422271728516,0.13043478260869565,17.619226289832074,0.9728474225960654
54003,0.7546830922365189,0.7939846515655518,-0.045470595359802246,-19.189676642417908,-25.990146922233514,92.72746292354665,0.7449907225142042,0.9187812805175781,0.4090909090909091,52.17548283663663,0.8735447612042263
54004,0.8719226866960526,0.8539839386940002,-0.05375613644719124,-14.575822651386261,-4.375623268262134,-56.90428147448869,0.8330830578517351,0.9466864466667175,0.23076923076923078,26.646892841045673,0.9391868398470447
54005,0.9575473219156265,0.981044352054596,0.008702305145561695,-2.1138908341526985,-2.4726160832179054,2.2815827798636708,0.9696225947169774,1.0102410316467285,0.38095238095238093,11.234864734468006,0.9785852519625
54007,0.8269326239824295,0.7685431241989136,-0.03623764589428902,-24.284008145332336,3.534761318021231,-58.690616409121766,0.747949619394362,0.9363957047462463,0.4090909090909091,37.55595033819025,0.9231130529080471
54008,0.9656435251235962,0.9356434941291809,-0.025862406939268112,-5.5274177342653275,0.46974757955802904,33.0028933849755,0.9262641519445343,0.9676592946052551,0.2857142857142857,8.635309764317103,0.9842109463510863
54011,0.8753694370388985,0.9907010793685913,-0.028494954109191895,-5.729885399341583,3.5979047250729748,-13.995081240490922,0.9265867930884086,0.9625375866889954,0.16,22.031307220458984,0.9375532497799097
54012,0.8918293565511703,1.1396434307098389,0.03677963837981224,16.695722937583923,1.640769208249127,6.240433079711486,0.8522131917493657,1.0295475721359253,0.36363636363636365,19.334318421103738,0.961690811371572
54015,0.6386341452598572,0.5526188611984253,-0.02538059465587139,-25.307783484458923,-11.756083713530446,28.70794162035209,0.522025741964218,0.9151327013969421,0.25,29.38664436340332,0.8547173457797459
54016,0.9364950656890869,1.0284684896469116,0.017727559432387352,7.4371956288814545,4.711234944634567,-0.21151744478843992,0.9546045736527242,1.0181818008422852,0.5909090909090909,16.15018302744085,0.9696732469821429
54017,0.7489920258522034,0.7574616074562073,-0.08955278992652893,-20.715023577213287,6.202426524814073,-6.334919308304783,0.6769044867162471,0.8245363235473633,0.5,32.44621515274048,0.8784338160009567
54018,0.9080706611275673,0.9953691363334656,0.016840238124132156,-1.2151898816227913,-3.2967670905260738,-3.079605551297829,0.9483268307116589,1.0230292081832886,0.15,23.603782653808594,0.9539747124239915
54019,0.9013056755065918,0.9930495023727417,-0.03618612885475159,-1.8792308866977692,7.6259075214780685,-3.7468051188454172,0.9314679344271831,0.9526031613349915,0.5,20.58255455710671,0.9509910795979599
54020,0.9265035092830658,1.0253430604934692,-0.011252908036112785,2.4631401523947716,4.209343619621076,5.2680420994524635,0.9550371767479662,0.9889719486236572,0.09090909090909091,18.080233443867076,0.9645349912948166
54022,0.8905368596315384,0.9641060829162598,-0.013163327239453793,-5.337902903556824,3.824056450239583,18.534871780478124,0.9310207679031997,0.9817652702331543,0.2222222222222222,21.617726926450377,0.9439887885563976
54024,0.9076687470078468,0.8996486067771912,-0.04759572446346283,-10.338027775287628,3.8773118893277307,42.111834502883056,0.8817616436680382,0.9560309648513794,0.18181818181818182,15.792596340179443,0.955540684503419
54025,0.9446290209889412,1.0220046043395996,0.047993335872888565,0.7374166045337915,1.922627490760348,54.05941361658437,0.9246177291345985,1.067353367805481,0.3333333333333333,12.953681037539527,0.974274370873737
54027,0.9388098567724228,1.0264936685562134,0.0179069172590971,6.83484822511673,3.563939459989016,-7.157259138618066,0.9588670305569859,1.0114493370056152,0.4444444444444444,14.122218555874294,0.9706926735479796
54028,0.9403913617134094,0.9649869203567505,0.030577005818486214,-6.032907217741013,-7.727114479947087,29.41832708566387,0.9374619300170552,1.0424154996871948,0.23809523809523808,15.534411157880509,0.9702339146448054
54029,0.9580675475299358,0.9582334160804749,-0.05010571703314781,-4.478733241558075,0.9383481393922499,28.638535216019978,0.9227051878846032,0.9380037784576416,0.15,9.401533603668213,0.9803401688176483
54032,0.9587224125862122,1.008515477180481,0.014620166271924973,4.93219718337059,2.008761680962177,9.92249070110267,0.9736927947633099,1.0143717527389526,0.85,9.644278287887573,0.9796773914330752
54034,0.8764578625559807,0.9586279988288879,0.0654740184545517,-0.4863834008574486,-6.0624011497417865,1.1297197010416289,0.8419533033547458,1.1396725177764893,0.23809523809523808,20.066704068865096,0.9386917328776062
54036,0.4491046667098999,1.3565011024475098,-0.05956520885229111,0.938950851559639,11.070806751776589,-2.837755906119847,0.6004014904133144,0.9073136448860168,0.4090909090909091,33.45602642406117,0.8450962479689558
54038,0.9473781175911427,0.9683701395988464,-0.015236835926771164,-3.0902890488505363,0.41994204078868264,22.95014644558793,0.9546855467001736,0.9813210368156433,0.36363636363636365,18.75475970181552,0.9734660982284337
54044,0.8855244293808937,0.9449164867401123,-0.09514794498682022,-3.795386105775833,5.32131174745349,-22.293975118902196,0.9017620410694553,0.9393271207809448,0.09523809523809523,16.525796481541224,0.9458215460809641
54048,0.8359955698251724,0.8861715197563171,-0.029988564550876617,-7.8090600669384,-4.2596857927185265,22.886862442222746,0.8431072706393943,0.9330568909645081,0.13043478260869565,40.3810044993525,0.9152826714048654
54049,0.8803439438343048,0.8755592703819275,-0.013195780105888844,-7.988846302032471,-18.22022328490105,15.625093664373708,0.8599777724772699,0.9756335020065308,0.09090909090909091,21.243769472295586,0.9406114254415615
54052,0.40525591373443604,1.224295973777771,0.6081513166427612,30.544835329055786,-30.021316402991673,28.936165089727485,0.44647825486389936,1.500992774963379,0.391304347826087,21.5041678884755,0.9286986821994921
54057,0.9360523223876953,0.8876883387565613,-0.04384167492389679,-9.552504867315292,1.461438927135659,10.266162829148325,0.8758273258089709,0.954940676689148,0.5909090909090909,13.741505146026611,0.9721683427144802
54060,0.44254040718078613,1.369707703590393,0.20287978649139404,41.08459651470184,8.344730111490671,14.671432079615288,0.5200358022016625,1.2729078531265259,0.35294117647058826,47.55555882173426,0.861424573693637
54063,0.6792718768119812,0.5998920202255249,0.09104563295841217,-34.458887577056885,-20.618687753458754,2.811430584673245,0.5533027522144538,1.1527327299118042,0.038461538461538464,40.0641551384559,0.873016737663353
54080,0.8314352184534073,0.7635015845298767,-0.07420407980680466,-19.026072323322296,-14.78325967180291,85.83216198272518,0.7359853887718575,0.9059230089187622,0.19047619047619047,28.459094819568453,0.929844927687523
54095,0.9544885046780109,0.9582833051681519,-0.00449097715318203,-7.8412167727947235,-0.09630481472982425,2.2303836811107813,0.9521987085445415,0.9951449632644653,0.42857142857142855,17.48243967692057,0.977172178040541
54096,0.8679531812667847,0.7843942642211914,-0.10647334903478622,-26.16935670375824,22.16579610421887,-26.507762622398772,0.7316038798671648,0.8473169803619385,0.2857142857142857,31.834286735171364,0.9526867934309965
55002,0.9503923840820789,0.9026793241500854,-0.04043402522802353,-8.786208182573318,-0.7465073198276723,13.10233350657645,0.8879945829854038,0.9488229155540466,0.18181818181818182,14.530391278474228,0.9786738301530439
55007,0.9346588104963303,0.9775769710540771,0.017322029918432236,-4.59890216588974,-5.253744296594167,52.10993403762938,0.9538418093755002,1.0231984853744507,0.2608695652173913,18.164352748704992,0.9669906587319685
55008,0.862934872508049,0.959153413772583,-0.008913838304579258,-2.6949314400553703,-6.013760923463286,13.776059767173765,0.9175475907501661,0.9875873327255249,0.17857142857142858,16.856362138475692,0.9294600689268734
55013,0.9153859168291092,1.1376084089279175,0.0565250888466835,10.892242938280106,10.234540384027834,-0.3396387887581407,0.8447161052725363,1.0665043592453003,0.2727272727272727,19.209660183299672,0.9725375901379884
55014,0.9526375308632851,1.0700029134750366,0.05579120293259621,4.636333137750626,5.371394770896836,26.999391859411876,0.9058620289117116,1.0601950883865356,0.3,9.199779629707336,0.9816124759751862
55016,0.9113217517733574,0.9807649850845337,0.04648923501372337,-5.915696173906326,6.239437861810582,37.24701210089876,0.9172907615973088,1.067394495010376,0.36363636363636365,18.733674829656426,0.9560817309010088
55018,0.6775696277618408,1.1847162246704102,0.02149207890033722,1.960289105772972,21.017785179469108,-20.927938290464088,0.7762579446648656,1.0343807935714722,0.2857142857142857,27.463897069295246,0.878515907615455
55021,0.9480018988251686,0.8939406871795654,-0.0252897497266531,-13.580788671970367,-10.611107179487865,11.539280074128753,0.888275403337928,0.9729720950126648,0.15,14.869427680969238,0.9775656509932769
55023,0.9503403082489967,1.0419737100601196,0.03277259320020676,6.417606025934219,1.8219137826573646,31.439499994883352,0.9398372377136004,1.0367820262908936,0.43478260869565216,13.01499553348707,0.977531173336045
55025,0.8956742957234383,0.9567727446556091,-0.0406360886991024,-2.314499206840992,-1.3470339403679956,49.347510865773195,0.9135616355716573,0.9468229413032532,0.45,20.509471893310547,0.9473198740624079
55026,0.9239677339792252,0.9660797119140625,0.00017885102715808898,-5.417487025260925,9.699534385704393,32.7125696702414,0.9484963684748832,1.0002354383468628,0.4583333333333333,22.51922289530436,0.9612445786343788
55029,0.8876225352287292,0.9667463302612305,0.0056410785764455795,-7.894054800271988,5.473823568587105,42.48142561040443,0.9329690185038483,1.0087913274765015,0.44,23.671184539794922,0.942466892223319
55032,0.8140044808387756,0.93144690990448,-0.01746654324233532,-8.336429297924042,-26.73196353121556,-85.73115885437153,0.8769394168112776,0.9682961702346802,0.3684210526315789,35.82689636632016,0.9028442068051751
56001,0.9448826238512993,0.9737029671669006,0.006628415547311306,-5.599642917513847,7.580821993042079,4.902366651369943,0.9607224301056059,1.0084481239318848,0.2916666666666667,14.187488953272501,0.9720746931437553
56002,0.9508824869990349,0.970232367515564,-0.012059238739311695,-3.0454054474830627,4.943102171894241,-5.546066634224134,0.9585894468273923,0.9853493571281433,0.14285714285714285,12.671489942641484,0.9752193496095395
56007,0.906326100230217,0.9930546283721924,0.014075027778744698,-0.497665349394083,7.038074050746658,22.659130493365804,0.9481558132815266,1.0206584930419922,0.20833333333333334,22.98725446065267,0.9529595049485495
56012,0.9157088026404381,1.0012251138687134,-0.04477720335125923,4.608406499028206,-4.070537583285686,16.12939025501037,0.9396510300720088,0.9558191895484924,0.3333333333333333,18.15486947695414,0.9589079903725038
56013,0.9367332756519318,1.0080997943878174,0.0015401365235447884,-1.6533568501472473,3.9761126227062267,15.565186096604924,0.9675655050783062,1.0019621849060059,0.125,21.047969659169517,0.9686545119340102
57004,0.929326206445694,0.9610556960105896,0.012182019650936127,-4.568136110901833,-7.858485237348729,-6.660806142475146,0.944071598395204,1.017953634262085,0.4,17.75802254676819,0.9640974331052635
57005,0.92713263630867,0.9440544843673706,-0.0373983271420002,-6.433391571044922,-5.409091254269259,-18.885953288321776,0.9168070536339908,0.9501889944076538,0.4782608695652174,21.924642894579016,0.9638056727160711
57006,0.9220046028494835,0.9112673401832581,0.0017288883682340384,-9.89733338356018,-9.10630083075539,19.04459067797647,0.9032551911077589,1.002424716949463,0.16666666666666666,22.545325756072998,0.9615267121608043
57007,0.9029066786170006,0.8562129735946655,-0.035743314772844315,-15.03835916519165,-4.45238821397878,-8.678780717754929,0.8406489045626174,0.9471547603607178,0.2857142857142857,30.011606216430664,0.9561201264578817
57008,0.9285406917333603,0.9555425643920898,-0.021020138636231422,-4.162640497088432,-3.842868877826337,-20.554207389948516,0.9361932421803538,0.9718982577323914,0.25,19.96889511744181,0.9638734053065003
57009,0.9010631144046783,0.9095101356506348,-0.0038877162151038647,-11.259319633245468,-7.213112568121469,0.7473464276653145,0.8965608704922551,0.9951844215393066,0.125,27.458500862121582,0.9501196615143561
58001,0.8995240926742554,0.9502027630805969,0.021391525864601135,-7.321517169475555,-7.029470741751584,2.371402483044102,0.9241619325585917,1.0252463817596436,0.2,24.554100036621094,0.9486748806481
58002,0.9004962667822838,0.8500002026557922,-0.06980591267347336,-14.4855335354805,-8.19171751269536,-10.059828050493081,0.8147042619373388,0.8998287916183472,0.2,32.54560089111328,0.9575700535913322
58006,0.9299816489219666,0.9503805041313171,-0.02370515652000904,-3.5573389381170273,-6.846253950161069,-21.402787723844625,0.9311445064909674,0.9678021669387817,0.16,19.564828872680664,0.9647539482739965
58008,0.8778736293315887,0.8351092338562012,-0.07263226062059402,-15.228120982646942,-9.303206258839587,-20.794662423285818,0.8010405858831298,0.9024600386619568,0.11538461538461539,29.413122397202713,0.9463172313641299
58009,0.8371559828519821,1.1831873655319214,0.10350412875413895,19.151626527309418,-1.64594997095102,-70.29457615835204,0.7811889551795989,1.108673334121704,0.2916666666666667,22.469258308410645,0.9498924267625911
58010,0.8560408055782318,0.7661230564117432,-0.04572943225502968,-23.244230449199677,-14.679790736897369,7.965456386429526,0.7461188713406453,0.9192489981651306,0.15384615384615385,31.024888845590443,0.9431099441920818
58012,0.9170281514525414,0.9506912231445312,-0.01727479137480259,-6.732667237520218,0.9927537900573984,1.2855853254484353,0.9317521156223734,0.9788951873779297,0.23076923076923078,18.235830160287712,0.9577980435142305
59001,0.8829862922430038,0.8531520962715149,-0.005730200093239546,-15.58140218257904,-11.856026744832281,9.61655314264239,0.8426731875047219,0.9922301769256592,0.19230769230769232,29.970667912409855,0.9440799772007609
60002,0.8985895738005638,0.8997073769569397,-0.05900045856833458,-11.927490681409836,-6.196093632730896,20.520645572767428,0.8659446192582178,0.9256523251533508,0.6086956521739131,30.0293839496115,0.9511670386535515
60003,0.920290969312191,0.9191201329231262,-0.057067643851041794,-11.375364661216736,7.705359948313793,11.360981655965857,0.8906949120897008,0.9370741248130798,0.43478260869565216,24.981151024500527,0.9619686500809447
60005,0.8639929741621017,1.001432180404663,-0.04437047615647316,0.789855420589447,-0.7968765455243155,51.38338980253446,0.9130419100595677,0.9444926381111145,0.25,26.892344156901043,0.9330777238767755
60006,0.9092346727848053,0.9276272654533386,-0.0726105347275734,-8.225817233324051,-0.6873663347310314,7.717483192836935,0.8789725729225212,0.9131752252578735,0.391304347826087,27.663114796514098,0.9567416610326757
60010,0.94407694414258,0.9507234692573547,-0.08276540786027908,-4.5577626675367355,4.271472998280709,32.02472910599132,0.8924577837331313,0.9076129198074341,0.25,17.364792029062905,0.9754688114627222
60012,0.87222820520401,0.8934128284454346,-0.0464143268764019,-12.475775182247162,-13.58651884808079,42.78429924602162,0.8618920294494834,0.9397990107536316,0.32,28.94312858581543,0.9360560614026736
6007,0.9252563789486885,0.918496310710907,-0.048921070992946625,-3.553454205393791,-10.091606762037328,37.16212302439506,0.9018167709605552,0.9585552215576172,0.32,15.531455993652344,0.9642309430269561
6008,0.8800391554832458,0.8734092712402344,-0.03513391688466072,-12.18787208199501,-13.76180905923127,58.10113991784773,0.8507637985095752,0.9471835494041443,0.22727272727272727,28.34906578063965,0.94120668597691
61001,0.8832490220665932,0.9595769047737122,-0.12989415228366852,-2.604491077363491,8.953311511380118,20.461207550499466,0.8633845288984262,0.8799617290496826,0.2608695652173913,31.536054611206055,0.9488084594499288
61002,0.8981724083423615,1.0611587762832642,0.03381907939910889,-0.969682727009058,9.958996187287688,-26.447875296315278,0.9157599756120394,1.0356299877166748,0.375,20.350662867228188,0.9543218896217515
62001,0.9610597901046276,0.9847520589828491,-0.045530080795288086,-2.31005921959877,2.0672098018266083,9.866178950444926,0.9457645514348882,0.9513894319534302,0.17391304347826086,13.481181600819465,0.9813990094353507
63001,0.9140269905328751,0.8498489856719971,-0.04794241860508919,-15.416786074638367,-5.917668956079988,35.394099516142674,0.8331605020178323,0.936781108379364,0.2916666666666667,23.740818103154503,0.9640352571888541
63004,0.887429490685463,0.9203023314476013,-0.048317424952983856,-3.5585589706897736,-6.026774661446463,36.21249348783488,0.8843915146307324,0.9381283521652222,0.25925925925925924,24.37453446564851,0.9435597421081601
64001,0.936332181096077,0.9713656902313232,-0.01918298751115799,-4.937412589788437,-0.12326636712294209,2.5398517975601878,0.9504576407212932,0.9755010008811951,0.3076923076923077,17.21956363091102,0.9678391432149465
64002,0.882428914308548,0.9956642985343933,0.04288611188530922,1.148245669901371,-4.98017489003104,25.40429053302084,0.9240302538874059,1.0487443208694458,0.3076923076923077,18.100925592275765,0.941891522131537
64006,0.9257221668958664,0.8790112733840942,-0.062453530728816986,-13.856212794780731,-5.620296730656514,7.143881224268493,0.8588769650886194,0.9346379637718201,0.23076923076923078,23.133839093721832,0.9682944289664035
65001,0.891040250658989,0.9450780153274536,-0.017270585522055626,-7.021830976009369,-3.398360427596768,21.57629640432031,0.9187905626050642,0.9786785244941711,0.20689655172413793,21.511137074437634,0.9441077554227341
65004,0.9082717746496201,0.9249638915061951,-0.03458365052938461,-7.136131078004837,-4.963126258438912,17.382561050768025,0.9044527846871654,0.9626833200454712,0.3157894736842105,19.268831453825296,0.9541053579018817
65005,0.6195074617862701,0.7056256532669067,-0.0767185389995575,-24.741069972515106,-3.9528839246587557,-3.292789678189483,0.6287370341507188,0.9022863507270813,0.2692307692307692,39.63967470022348,0.7959608455652737
65006,0.9086612537503242,0.8835084438323975,-0.08356069773435593,-8.502507954835892,-10.700155368460996,28.66596548177259,0.848818223322986,0.9123594164848328,0.3333333333333333,19.750789359763818,0.9599403561924243
65007,0.8752036690711975,0.8510761857032776,-0.07393327355384827,-18.99232268333435,2.2923198337959723,3.8640327803941243,0.8199499032153209,0.9164412021636963,0.32,27.315092086791992,0.9429240664409301
65008,0.8446054607629776,0.8550358414649963,-0.03009248897433281,-17.74221956729889,-8.498440891715164,-56.831199293772464,0.8295572701574183,0.955909013748169,0.038461538461538464,24.20686391683725,0.9219480824849865
66001,0.9691495578736067,0.9886242747306824,-0.01395414862781763,-1.1136879213154316,-0.2407245292447836,17.084944387187406,0.9755953651148475,0.9849061965942383,0.3181818181818182,11.50533069263805,0.9845612119250626
66004,0.9193776920437813,0.93722003698349,-0.03356395661830902,-7.38246887922287,-10.562264188886449,-12.125056572288509,0.9218675775625323,0.9767914414405823,0.45454545454545453,18.23159998113459,0.9596922527398689
66006,0.8992487117648125,0.8343150615692139,-0.06677420437335968,-18.13308149576187,-5.398323424608492,41.31334361424722,0.8076294241717624,0.9113835096359253,0.36363636363636365,34.98748432506215,0.9587440033785611
66011,0.9016933590173721,0.9248999357223511,-0.015839288011193275,-9.092973172664642,-2.530072948980987,23.770207748133252,0.9069589200627266,0.9771825671195984,0.18518518518518517,17.993554362544305,0.9500401395304645
67001,0.9217955619096756,1.0073034763336182,0.015489306300878525,5.674250051379204,-13.237666224764567,52.78327041690416,0.9578486979235408,1.015092372894287,0.4,13.156998634338379,0.9613268597007564
67005,0.9268686473369598,1.0765186548233032,0.026802489534020424,10.349825024604797,1.8365369277344599,6.2486362033316585,0.9126630721185145,1.02858304977417,0.45454545454545453,12.59983019395308,0.9690865126293506
67006,0.9281514659523964,0.88675856590271,-0.028928805142641068,-10.315591096878052,-14.46960158238236,43.468943196109755,0.8769506674942138,0.9647713303565979,0.375,22.648201386133827,0.967190600906681
67008,0.9302839785814285,0.9614007472991943,0.0017644150648266077,-3.517390415072441,-1.9509717845866976,-6.295892085112052,0.9475330894790812,1.0019924640655518,0.5217391304347826,16.203598354173742,0.9645189560821988
67010,0.8750203773379326,0.9775513410568237,0.04854467883706093,1.4483952894806862,-20.606661343363772,-30.07037450210169,0.9013071035349329,1.073040246963501,0.14285714285714285,21.14283357347761,0.9375382689334646
67015,0.9610237814486027,1.0240404605865479,0.020030850544571877,4.81952540576458,-9.187509012605425,-5.168508961958057,0.9634869153439338,1.0202747583389282,0.21739130434782608,12.743957146354342,0.9814474858796508
67018,0.891417846083641,0.9638836979866028,0.0051691471599042416,-2.2237055003643036,-7.333087728282621,11.630759915929675,0.9332266126414923,1.0076851844787598,0.17857142857142858,20.96685000828334,0.9443651554533149
67025,0.8452088981866837,1.0660218000411987,0.06375031918287277,4.8243198543787,1.4953571251809117,4.153042389446581,0.8799552326303576,1.073067307472229,0.3076923076923077,24.06586500314566,0.9313484401421914
67033,0.9533361941576004,1.0348848104476929,0.043645378202199936,8.730200678110123,-9.560193973785761,23.087666014090182,0.9375525403351227,1.0473304986953735,0.8181818181818182,13.312785191969438,0.9789629110409197
68001,0.9294593185186386,1.0629658699035645,-0.025164389982819557,5.983166769146919,15.310538972508539,-18.995027446414444,0.9252980337934912,0.9744353890419006,0.28,17.103187561035156,0.968981720728467
68003,0.9339535906910896,1.0209689140319824,-0.022256892174482346,-3.3971715718507767,10.017739032116154,21.011346258865473,0.9561205242895168,0.9783452153205872,0.04,11.672697067260742,0.9681129597887403
68004,0.7985670417547226,0.9652261137962341,-0.004008956719189882,-7.423987984657288,7.442219541856732,30.279276485081734,0.8905293327283224,0.9956651329994202,0.391304347826087,30.50683339436849,0.8962897654072599
68005,0.8737346231937408,0.9038926959037781,-0.12392512708902359,-4.568563401699066,-14.167752414980622,-16.210104242848992,0.8217231581534434,0.8607771992683411,0.21739130434782608,25.614520777826723,0.943759176796821
68020,0.7754990756511688,0.84345543384552,-0.07833734899759293,-19.3769171833992,10.513995403844925,-36.502098400254816,0.778506870506601,0.8934793472290039,0.11538461538461539,33.69285143338717,0.8850810905310785
69002,0.8741721957921982,0.965293288230896,0.030020497739315033,-6.432173401117325,-2.447756869575922,10.36261206623954,0.9206012627513044,1.0315070152282715,0.17857142857142858,24.161197457994735,0.9359148096182183
69007,0.9001306295394897,0.8753122687339783,-0.11801218241453171,-15.903428196907043,5.6585790016358,8.87480458519599,0.8281782681638574,0.888830304145813,0.32,28.262454986572266,0.9597883608069606
69012,0.901958629488945,0.897676408290863,-0.023021144792437553,-10.00281423330307,-6.885299625040983,-2.878635106921453,0.885067632680051,0.9802799224853516,0.19230769230769232,20.483127007117638,0.9515185583926614
69015,0.8339679539203644,0.8754528164863586,-0.15557797253131866,-13.279734551906586,-2.6189937683116877,17.28867114314534,0.7844662874169362,0.8395687937736511,0.24,28.531932830810547,0.9278570280109227
69017,0.915288433432579,0.9910907745361328,0.028749676421284676,-3.5619929432868958,-0.24303559047804593,-5.697757553981816,0.9475018625227647,1.0298181772232056,0.24,17.20318603515625,0.957720496132308
69023,0.9124313667416573,0.9146890640258789,-0.0033135125413537025,-11.611302196979523,-0.4935780208118255,0.07671502919044935,0.9040000649686935,0.9964984059333801,0.2222222222222222,22.257615901805735,0.9561163975017194
69027,0.8960396125912666,0.9047590494155884,0.02083922177553177,-11.565931886434555,-2.9247313917843107,8.597394025143265,0.8892945871573338,1.0214499235153198,0.32,23.958881378173828,0.9478008568496592
69030,0.8639337569475174,0.9986485838890076,0.06433508545160294,-2.517218515276909,-3.1931291064753093,32.57333598021391,0.9073872435812878,1.0649032592773438,0.32,21.581148147583008,0.9339480260617098
69032,0.8680158704519272,0.8829566240310669,-0.10179457813501358,-9.954705089330673,-9.464318373352846,32.09054608590789,0.8363001259068075,0.9032347202301025,0.25925925925925924,26.773541061966505,0.9388855373010975
69043,0.7281730473041534,0.7416738867759705,-0.11885891109704971,-24.49542135000229,1.5328953549785902,34.66292532662991,0.6913561767797136,0.8906634449958801,0.18518518518518517,29.909372329711914,0.871259382561554
70002,0.838189572095871,0.7975705862045288,-0.12545771896839142,-14.45658802986145,-21.340610568162965,49.579712789044116,0.7542338622513531,0.8771882653236389,0.18181818181818182,29.82154759493741,0.9341167341421824
7001,0.8064096570014954,0.8798555135726929,0.01215180940926075,-12.778909504413605,-8.094995533801194,5.911710380395337,0.8418273656211961,1.0153541564941406,0.2962962962962963,33.38274779143157,0.8982742189717727
7002,0.8209346383810043,0.8390042185783386,0.007268746383488178,-16.645608842372894,-11.265400202459656,-24.85943107000089,0.8147183386077334,1.009265422821045,0.3333333333333333,31.475865399395982,0.908765114387892
7003,0.8893433809280396,0.9277442693710327,-0.015060817822813988,-7.868676632642746,12.921473581491396,-45.9310349442413,0.9059170228137682,0.9796122312545776,0.35714285714285715,25.384245600019185,0.9432985461113887
7005,0.8457648158073425,0.9533318281173706,0.009889849461615086,-5.965333059430122,6.630553800386135,-20.617343869113405,0.9065819196634073,1.0140380859375,0.3,28.03434054056803,0.9203008681972079
7006,0.7249763607978821,1.1815603971481323,0.09278023988008499,12.954895198345184,15.723996084126634,-17.594733968653497,0.7529385943062676,1.135335922241211,0.25925925925925924,26.616601590757018,0.9012105849703707
71001,0.891420029103756,0.9010036587715149,-0.029854323714971542,-14.210647344589233,3.6463728781280103,-15.818647725320947,0.8803658528338079,0.9604881405830383,0.18518518518518517,22.076838104813188,0.9456781208262296
71004,0.8952075093984604,0.9331806898117065,-0.011468848213553429,-7.264254242181778,-3.341653028707172,-10.924780815345581,0.9130638983164364,0.9854756593704224,0.25,25.468088899339946,0.9463147218394882
71006,0.9052914753556252,0.9006833434104919,-0.0487164668738842,-10.322873294353485,3.6465240589828376,9.748046061138435,0.8710369926614652,0.9316508769989014,0.25925925925925924,21.366493790237993,0.9542172917941564
71008,0.8973343670368195,0.8893178701400757,-0.03125854581594467,-12.345130741596222,7.1523305582426655,-51.728157366591944,0.8703015903250421,0.9548048377037048,0.1111111111111111,20.75094293665003,0.9497154008975351
71014,0.8622006326913834,0.851463258266449,-0.023821674287319183,-15.955789387226105,-8.926017723514425,-24.240903855275306,0.8341248162851373,0.9703754782676697,0.17857142857142858,27.645438058035715,0.9323701202148748
72002,0.8592330813407898,0.817291796207428,-0.06194465607404709,-18.82888823747635,0.9042467707374481,-11.771257295457,0.7864988345337252,0.9095152020454407,0.2857142857142857,27.17477764402117,0.9366520619003883
72004,0.900493748486042,0.9106115102767944,-0.024371685460209846,-11.1417256295681,-1.410261524823455,6.24238860202048,0.8925224587175346,0.9673081636428833,0.44,21.77828598022461,0.9500764221962413
72005,0.9087438657879829,0.8932754993438721,-0.028775783255696297,-10.215309262275696,2.3933971100279807,-26.004650127648876,0.876726406060698,0.9569995999336243,0.27586206896551724,25.99490099939807,0.9557594584510576
72007,0.8258063942193985,1.0487090349197388,0.046041104942560196,7.277047634124756,2.0219968316701094,-2.1508316605688647,0.8844207215053533,1.0666306018829346,0.2962962962962963,24.83524039939598,0.9190904058393033
72009,0.8803474456071854,1.0267316102981567,0.020740214735269547,4.934585094451904,-0.6229815343907311,17.679568676728866,0.9273074291484332,1.0352001190185547,0.32,20.658489227294922,0.9422888010091878
72014,0.8818566799163818,0.9872015118598938,0.012220947071909904,-1.1705282144248486,2.702188991568679,11.873732595488603,0.9363150350132015,1.0181770324707031,0.32,22.27178382873535,0.9403211179959249
72015,0.9213777333498001,0.9258977174758911,-0.004501405172049999,-7.231498509645462,4.515539273024529,-15.879659839731428,0.9157139423033436,0.9926354289054871,0.17857142857142858,22.697160925183976,0.9605189369525704
73005,0.9236561954021454,0.9471562504768372,-0.025991644710302353,-7.90540874004364,11.999153504470671,8.339326614172043,0.9270720575000825,0.9676578044891357,0.13793103448275862,20.369740190177126,0.9615291626924818
73009,0.9205470904707909,0.8991910815238953,-0.014035096392035484,-9.848456084728241,-6.121892088595246,12.449274180651578,0.8904524694075913,0.9809699654579163,0.2413793103448276,20.074643759891906,0.9615801978154509
73010,0.9746620915830135,0.9686986207962036,-0.0197979174554348,-5.041156709194183,1.9229452187583478,49.1098655111226,0.9613869474120693,0.9810746908187866,0.4166666666666667,8.350456754366558,0.9876297064507779
73011,0.9181930124759674,0.8702729940414429,-0.027783172205090523,-15.876154601573944,-1.1669686756766469,9.778065026414563,0.8599772594509718,0.9623633623123169,0.2413793103448276,24.26358913553172,0.9631115831262034
73014,0.8802101165056229,0.8968401551246643,0.01338142529129982,-15.569770336151123,-1.8990659717006597,21.3226244604106,0.8788443303645754,1.0186008214950562,0.07142857142857142,25.970910276685444,0.9392484392808392
73015,0.8106353878974915,0.7256750464439392,-0.04924146831035614,-31.29163384437561,8.952462598055916,-15.253495103801171,0.7002215506818995,0.9067735075950623,0.16666666666666666,41.46278301874797,0.9230470296486086
74001,0.8997406959533691,0.9116465449333191,-0.031229425221681595,-8.669931441545486,-8.457659647975442,14.696634167406856,0.8916193814811141,0.9622796177864075,0.1724137931034483,17.7342151773387,0.949828312625777
74005,0.9226116836071014,0.9789313673973083,-0.0143358763307333,-4.380718618631363,-2.7123465694215443,-33.34080573968048,0.9531020162443207,0.9851923584938049,0.2857142857142857,18.97325345448085,0.960804753430744
74006,0.8849915042519569,0.9491174817085266,0.0019333550008013844,-5.985747277736664,-0.5368266927540782,40.49210717775868,0.9218916371966283,1.0021764039993286,0.038461538461538464,19.19411695920504,0.9407788134383249
74007,0.8774171322584152,0.8883945941925049,-0.025204451754689217,-13.993072509765625,-5.774412828524998,12.09400618568401,0.8686655754226603,0.9684481620788574,0.21428571428571427,26.398924418858122,0.9383765791488072
75003,0.9696899931877851,0.9614332914352417,0.005870718974620104,-8.11692625284195,7.422767031251168,45.200120630095924,0.9581950652358197,1.0060096979141235,0.4090909090909091,11.94705746390603,0.9850285240507372
75004,0.9407779388129711,1.0355209112167358,0.03857054188847542,4.021690413355827,-3.843164569171946,14.77090112746279,0.9389141371415277,1.0415477752685547,0.28,14.661149978637694,0.9727322557271318
75017,0.9079395085573196,0.8838606476783752,-0.01813366450369358,-16.922688484191895,1.5103844145131988,9.24754811539774,0.8736016849687398,0.9769991636276245,0.36,30.845064163208008,0.9557377541100045
76003,0.9274647980928421,0.9194875955581665,-0.09007084369659424,-10.240565240383148,8.832109872023736,33.14397530966416,0.8670490674253806,0.8989998698234558,0.14285714285714285,20.787023362659273,0.9684932244147904
76005,0.8987400084733963,0.9306096434593201,-0.022898592054843903,-7.929868996143341,4.4603343105137485,-22.70601956511165,0.9071404570589618,0.9660608172416687,0.16666666666666666,21.797096729278564,0.9484635565053969
76007,0.9302906170487404,0.9635773301124573,-0.0048110876232385635,-7.562590390443802,4.455185580478234,-6.476469391766574,0.9488584975474157,0.9944688081741333,0.24,11.837357521057129,0.9645282040438288
76008,0.8551734834909439,0.8576594591140747,-0.012629268690943718,-18.576541543006897,2.5878727022964294,-17.643322955667085,0.8390977979334352,0.9808014035224915,0.38461538461538464,31.205302018385666,0.9274734328437801
76011,0.7199564576148987,1.0587916374206543,0.31804579496383667,5.790635943412781,-19.322053425716717,50.78512675216006,0.4099681986910735,1.5812207460403442,0.27586206896551724,21.52667210019868,0.917153670584868
76014,0.9057917073369026,0.9418949484825134,0.01269235648214817,-4.321417957544327,-8.5169636478533,26.70838125121493,0.9215178173941242,1.0215996503829956,0.14285714285714285,18.701635088239396,0.95186777505595
77002,0.9089731574058533,0.979646623134613,0.037739723920822144,-3.4055840224027634,-2.975944187961553,-7.273626822126636,0.9314984715481285,1.0469688177108765,0.12,22.160533905029297,0.95447934959537
77003,0.8635102957487106,0.8866118788719177,0.009645316749811172,-13.820573687553406,-4.307384349808841,-17.28214971512525,0.8661408077847456,1.0144070386886597,0.2692307692307692,24.783833210284893,0.9303303899552521
77004,0.8795846626162529,0.907309353351593,0.002176978625357151,-11.57996580004692,-9.752524802535437,24.210898217136126,0.8886434563657826,1.0033981800079346,0.1111111111111111,26.822093681052877,0.9383787682150607
78003,0.9334293380379677,0.9583598971366882,-0.008783436380326748,-5.530985444784164,-0.735698294784513,-6.8111745983921095,0.9454898602275581,0.9902063012123108,0.12,15.480669975280762,0.9662133068265036
78004,0.8492367714643478,0.9346420764923096,-0.005662857089191675,-7.790981233119965,-4.822241460924297,27.68783895653273,0.8976293534051424,0.9916766881942749,0.25,28.46522331237793,0.921649418639063
78006,0.9106585755944252,1.0358964204788208,0.04392526298761368,3.5171866416931152,-0.3038499397414599,3.9431160880139267,0.9247119934706509,1.0514947175979614,0.14814814814814814,20.43324046664768,0.9584304801149063
79002,0.9092002362012863,1.0358471870422363,0.016110068187117577,2.1211501210927963,3.4228789046501027,5.79332379372692,0.9408576936104643,1.0188846588134766,0.2608695652173913,17.675746005514394,0.9569168101490707
79003,0.8712679743766785,0.9688156843185425,0.014790762215852737,-1.6477907076478004,-6.256368352219832,25.205420314808592,0.9243533807840101,1.0204273462295532,0.28,31.22519302368164,0.9341769570719636
79004,0.899447962641716,0.9268277287483215,-0.0010314328828826547,-8.107878267765045,-6.99034097416213,39.23535247507453,0.9105928303974561,0.9985870122909546,0.08,20.417606353759766,0.9486437524546143
79005,0.9105900004506111,0.9873034954071045,0.01619703136384487,-3.9790574461221695,0.3472784109372441,22.141829734102714,0.9488723993342844,1.0205411911010742,0.28,21.082284927368164,0.9549346054149681
79006,0.9041735827922821,0.9894121885299683,0.010233958251774311,-0.8674731478095055,-5.744364807810543,6.412768162244649,0.9488363339079762,1.0130823850631714,0.09523809523809523,21.18307068234398,0.9516836448258968
80001,0.9048911929130554,1.010754108428955,0.036120764911174774,-2.5648532435297966,3.799331070516537,25.177694461011846,0.9332549713340317,1.0468114614486694,0.2962962962962963,18.515666325887047,0.9536541794704319
80002,0.9129739925265312,0.9506970047950745,0.03852737694978714,-8.500025421380997,-14.84013671145606,16.746587858180575,0.9233155420371755,1.039231538772583,0.15,13.327341079711912,0.956289507868126
80003,0.8905609026551247,0.9077377915382385,0.02927727811038494,-7.9283542931079865,-14.097667724438768,25.200806434615785,0.8852668170292949,1.0401638746261597,0.14814814814814814,21.943562119095414,0.9448796649197241
80004,0.8065188825130463,0.7199555039405823,-0.0755513459444046,-26.17681324481964,-22.33802731397779,87.02069085762166,0.6868877098067162,0.8823251724243164,0.13333333333333333,32.888387044270836,0.9240590923681902
80005,0.8825898692011833,0.8836784362792969,0.01358797401189804,-14.144803583621979,0.1632940311415059,2.301968470802973,0.8684847870464617,1.0179753303527832,0.06896551724137931,21.199418758523876,0.9413277531494383
80006,0.9433525875210762,1.0254920721054077,0.029981132596731186,-2.721315249800682,4.325680488489289,54.49150015243771,0.9551002946442473,1.0253857374191284,0.2962962962962963,11.05773890459979,0.973135485552626
8004,0.8040703982114792,0.8813804388046265,-0.04030955955386162,-13.98673802614212,-2.7043774191683925,-24.351524508211895,0.8387020727725915,0.9613696336746216,0.5,36.60802107590895,0.8977546293114329
8005,0.8885536342859268,0.9706496596336365,0.027438877150416374,-0.18992865225300193,-11.01595444942025,30.03721765034482,0.9312429812641134,1.025791049003601,0.15384615384615385,23.140674370985764,0.9434234418056425
8006,0.8612818419933319,0.9320731163024902,-0.04386076331138611,-6.671915948390961,-1.8879072506618868,-10.981786866297025,0.8961217164500825,0.9661048054695129,0.4074074074074074,28.06740513554326,0.9290933567839904
8009,0.8239879459142685,0.8793375492095947,-0.010406754910945892,-11.322028934955597,-9.207241343738557,-4.125660852429019,0.8478869378845714,0.9872575998306274,0.4230769230769231,34.921066577617935,0.9082580364647189
8011,0.8340810388326645,0.8585770726203918,-0.022906232625246048,-12.977562844753265,-5.232841024515085,-24.619480052599936,0.8336890442341323,0.9778720140457153,0.35714285714285715,28.744333130972727,0.9153286243365241
8013,0.7600537836551666,1.0061856508255005,-0.0500214509665966,-5.360007286071777,21.862006531805264,-32.30891088689341,0.8717568260130194,0.9500962495803833,0.3333333333333333,29.26997078789605,0.88202684588358
81002,0.9005038365721703,0.9963309168815613,0.028666771948337555,-4.039635509252548,3.6384405316775905,30.881549995441603,0.938795739913634,1.0357917547225952,0.2692307692307692,18.660849791306717,0.9504878845567359
81003,0.8572352081537247,0.8658697009086609,0.002782009541988373,-12.774671614170074,-11.240898265974705,61.2465587832317,0.8476846041219467,1.0042794942855835,0.23333333333333334,24.680554072062176,0.9279532886537097
81004,0.9419786594808102,0.9236695766448975,0.015041072852909565,-10.751792043447495,-2.0410815644136893,18.117334046399918,0.9162876076823713,1.019749402999878,0.07692307692307693,16.259723239474827,0.9718683065010331
81006,0.8684923201799393,0.9256841540336609,0.013250789605081081,-7.5117312371730804,-1.3859035858130915,51.73693077025882,0.8979134222090933,1.016762375831604,0.21428571428571427,22.4583362710887,0.932045256531672
81007,0.8490007966756821,0.931121826171875,0.024245912209153175,-11.37550100684166,-0.01667147263318661,18.967138220450902,0.8905305474599459,1.0334781408309937,0.1724137931034483,23.63329426995639,0.9217786966611914
82001,0.8554464131593704,0.8773517608642578,-0.04971538484096527,-15.353113412857056,1.648130183613785,21.82603319512279,0.842675733699084,0.9331668615341187,0.375,31.67661428451538,0.9276006505082838
82003,0.8684713691473007,0.9712870121002197,0.040904730558395386,-7.489343732595444,-0.3493665601202788,25.425403023988245,0.9100049298965808,1.053504228591919,0.24,19.556827545166016,0.9335773043939792
83003,0.7868109941482544,0.9451332092285156,-0.006314676720649004,-6.976251304149628,-2.979960785484509,-35.90092707474754,0.8757475436551315,0.9916458129882812,0.3793103448275862,33.290941961880385,0.8888311386334067
83004,0.8009529858827591,1.0321093797683716,0.07470832765102386,-0.13995065819472075,-0.6568775221825108,-8.03581089658853,0.8545094320106836,1.1069849729537964,0.23076923076923078,24.484005341163048,0.9067760295480833
83006,0.8467266261577606,0.9143399000167847,0.006352436728775501,-10.427097976207733,-6.6183561826684585,-11.051649765644909,0.8825909804252621,1.009060263633728,0.25,29.53929901123047,0.9202181927300837
83007,0.8812711909413338,0.9373496770858765,-0.011111323721706867,-6.457094848155975,-1.5258808405341822,44.66735112841482,0.911052111058359,0.9843611717224121,0.20833333333333334,17.96067555745443,0.938827366935576
83009,0.7983262240886688,1.034286618232727,0.043977364897727966,4.7827549278736115,-2.150492285524762,4.0763928722366165,0.8780030656765305,1.067033052444458,0.07407407407407407,24.00501569112142,0.9040091167117069
83010,0.8921732679009438,0.95072340965271,-0.025692416355013847,-4.953913018107414,6.6831796366988145,-38.1072639768178,0.9182322287948911,0.9650201797485352,0.2222222222222222,20.841006879453307,0.9449164432269337
83013,0.8546920567750931,0.9582662582397461,0.06626860797405243,-5.812011659145355,-7.366163956126341,32.09355336958227,0.8649677529575122,1.105918049812317,0.15384615384615385,20.651762302105244,0.9273820320858023
84001,0.9100778996944427,0.9756401777267456,0.018838340416550636,1.3495423831045628,-9.585720836999014,23.20742778344533,0.9441092013270442,1.0212422609329224,0.3333333333333333,22.20788531833225,0.954402337937412
84004,0.9301785677671432,0.9655709862709045,0.01393165998160839,-4.7569457441568375,3.92397301735131,-6.288713734014349,0.9485122491086836,1.01447594165802,0.08333333333333333,16.54460827509562,0.9645588005479271
84005,0.9306649342179298,1.0091724395751953,0.05016936734318733,2.3150188848376274,-4.109229863799055,-11.19015901727645,0.934368781845107,1.0559474229812622,0.44,15.612034797668455,0.9669362886159119
84008,0.8082422167062759,0.9276864528656006,-0.014259541407227516,-5.282670632004738,-11.316844705630876,32.058925730577556,0.8746203503746418,0.9798581004142761,0.23076923076923078,24.365988484135382,0.8995753450486526
84009,0.826521709561348,0.9479503035545349,-0.05787161365151405,-7.703235000371933,16.17985547496082,-10.627239203366532,0.8745660856324633,0.9277055263519287,0.2916666666666667,23.89671802520752,0.9116936862198076
84012,0.8755641728639603,1.0218266248703003,0.07355718314647675,3.211543709039688,-11.298057807213803,32.982084373298186,0.8851382039150893,1.0967050790786743,0.18518518518518517,21.60014576382107,0.9419917391485477
84013,0.9230167344212532,1.0574265718460083,0.08240115642547607,7.044040411710739,-0.6543731975320405,-30.847523317845376,0.890185157614111,1.088096261024475,0.38461538461538464,15.456065764793983,0.9683687299059863
84014,0.8681514263153076,0.9608072638511658,-0.0003875201509799808,-6.110329553484917,4.512748518643534,6.589556812767047,0.9216730464362614,0.9994494915008545,0.39285714285714285,26.50573934827532,0.932186004186921
84016,0.7652833759784698,1.2047983407974243,0.14427542686462402,20.999188721179962,5.993143338247206,-13.402790347965887,0.7201739831885743,1.1768258810043335,0.34615384615384615,33.88008337754469,0.9286358136162707
84017,0.8814662843942642,1.0429661273956299,0.09144219756126404,6.2274012714624405,-7.612196579400791,56.62666648399642,0.880713468307555,1.098418951034546,0.38461538461538464,14.696918084071234,0.9480683274186664
84018,0.9165388122200966,0.9251563549041748,-0.013021041639149189,-10.85573360323906,5.331216045500299,1.133607518596771,0.9130304284164759,0.985886812210083,0.3333333333333333,20.593982934951782,0.9580124649378123
84019,0.8492223471403122,1.0172815322875977,0.09576364606618881,2.0368224009871483,-8.178005746198766,-3.0149579854504935,0.8596365557763841,1.1207451820373535,0.25925925925925924,23.597584830390083,0.9305460862810798
84020,0.8386007249355316,1.0392526388168335,0.04096686467528343,9.677356481552124,-11.682329193871817,17.82303065778778,0.8980342061053377,1.05535888671875,0.03571428571428571,22.430997235434397,0.9238971279665178
84022,0.8299540132284164,0.9006817936897278,-0.015534844249486923,-12.024606764316559,1.7447176013683607,-3.284561191738296,0.8654241839884951,0.980944037437439,0.07692307692307693,32.77703744393808,0.9112114059054491
84026,0.8848347067832947,0.9733190536499023,0.035491976886987686,-1.1116326786577702,-2.00903819341794,52.980302237610424,0.9179871745673862,1.051312804222107,0.25,22.73303667704264,0.9418516830839677
84030,0.8791994750499725,0.9268224239349365,0.005274753086268902,-6.317305564880371,-4.074361320505838,44.04193486622167,0.9036221567531406,1.007534146308899,0.25,24.955400398799352,0.9377346993137097
85001,0.9439227879047394,0.9876030683517456,-0.03546386584639549,-1.8196623772382736,-13.447716026467123,7.637564816215211,0.9617958936114575,0.9767640829086304,0.4782608695652174,11.419523280599844,0.9723239817246305
85002,0.8798002600669861,0.9397343397140503,0.01349709928035736,-7.980161160230637,4.354587606473633,6.564265821956604,0.911473481683402,1.0192437171936035,0.10714285714285714,30.744092805044993,0.9380752554778781
85003,0.8813752979040146,0.8788394331932068,-0.021437032148241997,-12.445683777332306,-12.607482672603965,23.103385538025282,0.8611509625454457,0.9663432240486145,0.06666666666666667,23.058702150980633,0.9411239124459592
85004,0.8150507807731628,1.0092626810073853,0.0886969193816185,0.4291478544473648,-9.397963112655972,-4.230535614355882,0.8592076331116044,1.1097627878189087,0.2903225806451613,30.563588296213457,0.9123140619893176
88001,0.7023184597492218,0.9138736724853516,0.10070272535085678,-9.011034667491913,-17.51689416208377,56.76352331563817,0.776926457622258,1.137313723564148,0.3103448275862069,26.900393387366982,0.8467387774460137
89002,0.7847632616758347,1.1338807344436646,0.11122746765613556,15.687036514282227,-11.143052993789565,42.3969239401595,0.7726246457210132,1.1646958589553833,0.2413793103448276,19.004540607847016,0.9184477178659711
89003,0.869038924574852,0.9584472179412842,0.04111061990261078,-5.6060802191495895,8.026345358068854,19.250897213886294,0.8981516907818209,1.0649559497833252,0.3333333333333333,20.81027207551179,0.9334630254555497
89005,0.6973840892314911,0.8567571640014648,-0.006305764429271221,-13.41528594493866,-4.2496255710274395,29.901522495569722,0.7814735387561583,0.9881843328475952,0.17857142857142858,36.757166045052664,0.8353923020979985
89007,0.7622649818658829,1.0229419469833374,0.13631916046142578,-0.02667366061359644,-16.130669665623785,3.7960319356571577,0.7810676009453753,1.1896990537643433,0.1,21.348514556884766,0.8931387281315631
90003,0.8732568025588989,0.8909243941307068,-0.007116631139069796,-10.78372672200203,-10.448170453865762,9.68097210047809,0.8729689694053335,0.9905737638473511,0.16666666666666666,25.585896174112953,0.9355753074498279
9002,0.9155489280819893,0.9370194673538208,-0.04767683893442154,-8.271246403455734,10.071333033208948,6.582387442812669,0.908353263444161,0.9481267333030701,0.14285714285714285,19.768428802490234,0.95826582897519
9003,0.8636088371276855,0.9764826893806458,-0.028841622173786163,-6.101205199956894,16.233590123791465,-0.9929998118542126,0.9166254761801071,0.9597576260566711,0.25925925925925924,24.283681092438876,0.930871144499334
9004,0.8947328254580498,0.9301151633262634,-0.07816963642835617,-5.8481186628341675,8.148887740425996,0.5567635230862947,0.8892839414289595,0.9306754469871521,0.25925925925925924,24.743606426097728,0.9493219813118144
9005,0.8048380464315414,0.7675797343254089,-0.07810288667678833,-22.984294593334198,2.705980064556136,-15.761771567988914,0.7319186696475466,0.8994500041007996,0.25,38.138675689697266,0.9120334261667279
92001,0.9438087157905102,0.9209120869636536,-0.0001712957746349275,-3.2226569950580597,-13.84745461148545,15.551862654755503,0.9163937912521363,0.9998748302459717,0.375,10.72511076927185,0.9728875584780834
93001,0.8720528483390808,0.989380955696106,-0.017809346318244934,-1.2554601766169071,-1.4415220356757437,0.46189315996058083,0.9306765744879825,0.9767603278160095,0.13793103448275862,23.52515089100805,0.9355570728506779
94001,0.9667817875742912,1.0000396966934204,0.0397583469748497,0.1672763261012733,-3.809582917542732,18.86578451234219,0.9652844123300802,1.03090238571167,0.24,8.672185897827148,0.9841818772046872
95001,0.8854191303253174,0.9714034199714661,0.0013280670391395688,1.6539350152015686,-1.871830150675346,51.31502576148452,0.9348270610257756,1.0010205507278442,0.52,20.47711181640625,0.9414448459875518
96001,0.8426478505134583,0.9518105983734131,0.03164046257734299,-5.390496551990509,-11.373448518300584,33.709709395159805,0.8958473275127813,1.0444809198379517,0.25925925925925924,23.971792503639502,0.9190864132084663
96002,0.9150128066539764,0.8948033452033997,-0.07985774427652359,-6.831527501344681,-0.9143962929878111,26.560463706494495,0.8582530394132601,0.9128140211105347,0.24,21.86786651611328,0.9622578519388548
96004,0.8288746029138565,0.9080856442451477,0.02010968141257763,-9.108051657676697,-20.74427577334893,12.122251408264153,0.8686303880124412,1.0287492275238037,0.03571428571428571,29.90062917981829,0.9106511999145105
97002,0.8688654452562332,0.8911488056182861,-0.030864404514431953,-10.913200676441193,11.018557342944963,31.831069583149784,0.8672000941928734,0.9628636837005615,0.24,24.529903411865234,0.9336062768345975
