basin,NSE,Alpha-NSE,Beta-NSE,FHV,FMS,FLV,KGE,Beta-KGE,Peak-Timing,Peak-MAPE,Pearson-r
10002,0.9012637436389923,0.9397286176681519,-0.07849188894033432,-5.529151111841202,4.142982606892614,-24.24052088764405,0.8907019295224107,0.9220647215843201,0.4166666666666667,20.87592681248983,0.9526764217307828
10003,0.9259211272001266,0.9705043435096741,-0.061521198600530624,-1.1017059907317162,1.4340604561401198,14.122861064199405,0.9318507036518787,0.9500494599342346,0.2,16.908132553100586,0.9642330265735677
1001,0.8381846845149994,1.0935301780700684,0.050668977200984955,15.719255805015564,-19.200187261543746,47.52072391871886,0.8691317171437173,1.0603594779968262,0.37037037037037035,23.527869471797235,0.9311861448261762
101002,0.7585100084543228,0.7582146525382996,-0.22570963203907013,-23.82669299840927,-1.5104280672272496,60.918357899686804,0.6437503109544194,0.7532879710197449,0.3,40.700578689575195,0.9128974084521969
101005,0.8320820033550262,0.8580284714698792,-0.019053593277931213,-14.261852204799652,8.201115914054936,24.234349979068057,0.8321210975834104,0.9745122194290161,0.2608695652173913,27.006767107092816,0.9141059722391288
102001,0.8298134952783585,0.8652262687683105,0.016244815662503242,-15.725736320018768,2.421577120173793,-8.188481700008735,0.8369829355483467,1.026823878288269,0.19047619047619047,32.328639711652485,0.9123011731783204
106001,0.7687061578035355,0.7911217212677002,-0.13546039164066315,-24.276724457740784,-7.927835617575633,-27.62546923480924,0.7278651409681998,0.8622453808784485,0.48,41.678707122802734,0.8929910700699905
11001,0.9486605934798717,0.9672368168830872,-0.01193184033036232,-3.0065465718507767,4.913684433761606,-2.0328535915023647,0.9568816332678112,0.9893041253089905,0.23076923076923078,14.925268063178429,0.9740892754579618
11003,0.8721232414245605,0.9266935586929321,-0.006644604727625847,-7.39867240190506,3.855199822126623,-3.608907952441304,0.9011350513584844,0.9941002726554871,0.46153846153846156,24.680715340834396,0.9339270331372705
11004,0.7501847147941589,1.2553929090499878,0.08622139692306519,23.548926413059235,7.759774378201881,-7.784674136209113,0.7266610413813552,1.0671583414077759,0.5,19.724622139563927,0.9294421833879019
12001,0.8412197083234787,0.877028226852417,-0.06764598190784454,-14.860963821411133,4.539348208790449,11.636579781447534,0.8407415902547788,0.93711918592453,0.6956521739130435,30.427501512610394,0.9207082141409191
12002,0.8641313165426254,0.8843863606452942,-0.035963211208581924,-14.077484607696533,1.3821645081302447,13.011455230089874,0.8609526884890779,0.9643393158912659,0.4,25.96589088439941,0.9314729480973207
12005,0.8294946849346161,0.8690227270126343,-0.07346479594707489,-15.369836986064911,4.370337736888997,27.252076781288626,0.8239666679116395,0.91884446144104,0.20833333333333334,29.174546400705974,0.9148738199604304
12006,0.8255518078804016,0.8512943387031555,-0.035931531339883804,-17.161335051059723,-1.3072407649731341,-25.04415561229737,0.8231423198189538,0.9640130400657654,0.20833333333333334,28.810981909434002,0.9112858294747609
12007,0.794180303812027,0.8579254150390625,-0.03058156929910183,-15.273463726043701,-6.11333008783244,-14.410804018459158,0.8191169223726655,0.9692349433898926,0.5185185185185185,32.39808965612341,0.8923570189381095
12008,0.8711269795894623,0.967512845993042,0.004592063836753368,-4.179565608501434,1.3378562680446362,-2.3649244591341456,0.9260702694797392,1.0069570541381836,0.125,26.029306650161743,0.9339561564031518
12009,0.8489065319299698,0.9134762287139893,0.024877965450286865,-8.263484388589859,3.0823144609159154,-36.212985044806665,0.8764764622003862,1.0405726432800293,0.15384615384615385,28.82034411797157,0.9217340303180865
13001,0.8927689716219902,0.9517617225646973,-0.005690456368029118,-6.573275476694107,8.153467651388349,-19.18828581563496,0.9264306663424051,0.992913007736206,0.34782608695652173,25.953180893607765,0.9449065340938673
13004,0.8373080492019653,0.8667322993278503,-0.07178262621164322,-14.007917046546936,-3.309686564185564,20.31838844154804,0.8269963468320678,0.9247146248817444,0.2916666666666667,33.33888053894043,0.9193644231104408
13005,0.903918631374836,0.948871910572052,0.00016607997531536967,-7.327699661254883,0.3354728942125027,3.4028121840603625,0.9290079567019373,1.0002261400222778,0.14285714285714285,20.455022085280643,0.9507482229379275
13007,0.8667309135198593,0.9119842052459717,-0.012757066637277603,-12.069061398506165,4.208177307837128,-13.278361327476897,0.8872144222560351,0.9841845631599426,0.2916666666666667,23.713845014572144,0.9312709786304587
13008,0.8948718756437302,0.9721029996871948,-0.007732117548584938,-5.2544232457876205,-0.7790312874408017,-7.477113849716393,0.9390319264624162,0.9921607375144958,0.391304347826087,20.9378429081129,0.9463585111307027
14001,0.9013734236359596,1.0369236469268799,-0.01590961590409279,1.1320257559418678,11.642271724238707,-3.633494965779512,0.9384085719676412,0.984444260597229,0.3333333333333333,18.281169164748416,0.9532221497253515
14002,0.8949634656310081,1.0355421304702759,0.044569745659828186,1.2811142019927502,8.500312111196152,1.5739087118286272,0.9223846507099716,1.0484304428100586,0.17391304347826086,24.143627415532652,0.9508533661756102
14005,0.8796947151422501,1.035788655281067,0.010490166023373604,0.2959697274491191,15.49483068424244,11.008011379765167,0.9310848604298037,1.0131675004959106,0.14285714285714285,15.845089867001489,0.9425971643048638
15006,0.9276004433631897,0.9172877669334412,-0.027281509712338448,-11.420165002346039,-7.1334523543410775,-6.5564813281109915,0.9074502173612998,0.9781825542449951,0.56,21.913073613093452,0.9646708643136955
15007,0.937876183539629,0.8966298699378967,-0.03756042942404747,-13.081702589988708,-3.879619385083044,21.738215360620302,0.8882915385212777,0.9681390523910522,0.6190476190476191,22.349808432839133,0.9721023908847564
15010,0.877660721540451,0.8906204700469971,-0.014673124998807907,-11.856529116630554,-0.3029061115274808,-2.9798227441442005,0.8734278176793592,0.984772264957428,0.2727272727272727,22.315697236494582,0.9381554218209639
15011,0.7908709049224854,0.7527529001235962,-0.07350840419530869,-25.145074725151062,-3.393403379876047,-5.77803542988637,0.7183377878102143,0.9039193987846375,0.34615384615384615,41.89371695885292,0.9052846820812709
15012,0.8727307170629501,0.9186263680458069,-0.06639651954174042,-7.044912129640579,-10.227843280720455,-35.598130107723414,0.8831513717075058,0.9449626803398132,0.5416666666666666,35.21656195322673,0.9367320981773268
15013,0.8583288192749023,0.9066839814186096,0.023783812299370766,-12.13337779045105,-0.27137091013167053,1.2078236501677568,0.8772979067656628,1.0318931341171265,0.23076923076923078,25.868014188913197,0.9269879985454954
15014,0.8208211064338684,0.9351030588150024,0.0268162302672863,-7.634007930755615,-0.8033314060951704,-27.057577953329943,0.8817299801325599,1.033097267150879,0.3333333333333333,30.21951402936663,0.9068294277605906
15016,0.9568355530500412,0.9555146098136902,-0.03297072649002075,-1.3991137966513634,-0.878076880958024,27.229304630972756,0.9441452254867729,0.9735323786735535,0.4,10.842691659927368,0.9790173662945986
15021,0.8881315737962723,1.0099999904632568,0.037393465638160706,-1.6719279810786247,7.617495564502752,21.683299001903038,0.9337069453392346,1.036185383796692,0.47058823529411764,22.74646198048311,0.9453613022988641
15023,0.8954515308141708,0.9675127863883972,0.06824331730604172,-8.297782391309738,0.9353572665940555,26.99329698782768,0.8929969837087283,1.088234543800354,0.20833333333333334,20.015424728393555,0.9489226887206494
15024,0.8985885456204414,0.9127019643783569,-0.02705206163227558,-9.376119822263718,-4.618819354167672,14.111744606995034,0.8931408287302913,0.9653734564781189,0.2,24.186619122823082,0.9490202202360725
15025,0.8527163714170456,0.9108583927154541,0.01224050484597683,-11.40516772866249,-1.8003348492971212,-1.442708291837946,0.881844066810477,1.0133016109466553,0.23076923076923078,28.053423210426615,0.9235953826994818
15030,0.9176811799407005,1.0757123231887817,0.03752788156270981,10.858318954706192,3.0077970165504198,1.1426189545963834,0.9070317782598276,1.04110586643219,0.391304347826087,15.456505443738855,0.9650565869476623
15039,0.7704881280660629,0.8711026310920715,0.0026177403051406145,-14.816617965698242,2.0051956199702703,-129.47351709461134,0.8223600972934544,1.0030889511108398,0.27586206896551724,37.98029011693494,0.8778040029164652
16001,0.9108017161488533,0.9745797514915466,0.011989024467766285,-4.101106896996498,-4.88506513222476,14.905563215167883,0.9467689071597795,1.01140558719635,0.32,21.634840965270996,0.9546428308705326
16003,0.9026504456996918,0.9337888956069946,-0.007509151473641396,-6.474108248949051,-8.50806053740073,12.64746955793502,0.9164808944614516,0.9892011880874634,0.07407407407407407,19.97346701445403,0.9502514693051606
16004,0.9325645789504051,0.987489640712738,0.011160092428326607,-0.28541998472064734,-7.5490912095872496,12.905320024000744,0.9621395387519064,1.0109877586364746,0.43478260869565216,18.975398937861122,0.965997432500345
17001,0.7769948989152908,0.837934672832489,0.01659809798002243,-15.605920553207397,-1.0509941075196956,-10.89792911067509,0.7980806129384542,1.0276238918304443,0.2608695652173913,32.213478503019914,0.8827686509437946
17003,0.8225734531879425,1.153404951095581,0.037370942533016205,12.508706748485565,26.636985204269514,-94.63222361363536,0.828264595484493,1.0398722887039185,0.16,25.30457305908203,0.93389273310007
17004,0.8858602941036224,1.021844744682312,0.03644153103232384,1.1507556773722172,-1.3432206207329145,-29.258368531098867,0.9297718988513567,1.0378612279891968,0.45454545454545453,20.14195268804377,0.9450334580325565
17005,0.8957465291023254,0.898679256439209,-0.04545163735747337,-11.125470697879791,-1.877397141173131,-42.31263446727242,0.8712712612239967,0.9392577409744263,0.20833333333333334,20.58654626210531,0.9488573262370941
17015,0.8335995674133301,0.9830018877983093,0.04593654349446297,-6.024006754159927,10.915238973575565,-34.575021922102,0.8923804967316669,1.0658358335494995,0.25,23.32026561101278,0.9165813888503046
17018,0.7336626350879669,0.7751816511154175,-0.14932028949260712,-22.903162240982056,8.310620762297347,32.631101398785404,0.6932072341940899,0.8326634764671326,0.5217391304347826,42.67703346584154,0.8751921514984565
18001,0.8496809154748917,0.8751338124275208,-0.06622736155986786,-17.224372923374176,13.61326901223807,9.07614056169216,0.8322730217417423,0.9163634181022644,0.125,24.634136756261192,0.9255305659668086
18002,0.8661472201347351,0.8616445660591125,-0.042704761028289795,-16.170373558998108,-7.259402066245095,24.23473483021113,0.8384782975339768,0.9484643936157227,0.23809523809523808,23.45623742966425,0.9344933931488123
18003,0.9408695809543133,0.9183111786842346,-0.03857992962002754,-7.641708105802536,-3.412240301352829,-13.147655934181424,0.9037113809926494,0.9572414755821228,0.3333333333333333,19.819778203964233,0.9722485457680237
18008,0.930018238723278,0.9423683285713196,-0.0037706305738538504,-8.123373240232468,-4.335090569092874,30.52037130598249,0.9322627912275375,0.9959353804588318,0.16666666666666666,16.424238681793213,0.9646390219506538
18010,0.9280221685767174,0.9632254242897034,-0.03078855574131012,-0.7819940336048603,-2.6158321716858843,39.846708336779095,0.9375750206463144,0.9648386240005493,0.2,15.345870256423948,0.9638311423119144
18014,0.8540157973766327,1.0013185739517212,-0.0047707571648061275,-1.9171850755810738,16.968184067480163,-3.8857310610310156,0.9268618391679336,0.9940491318702698,0.14285714285714285,22.614928654262,0.927116263123152
18017,,,,,,,,,,,
18018,,,,,,,,,,,
19001,0.8958689197897911,1.004195213317871,0.020739560946822166,-1.6564222052693367,-2.9484274558330004,-39.538039359938196,0.9411205951728228,1.0280005931854248,0.36,19.20924186706543,0.9483748968109068
19006,0.860947459936142,1.0657451152801514,0.0001332774554612115,11.209262907505035,-7.501347488761155,18.789442624626705,0.9087976634323047,1.0001535415649414,0.25,20.52393158276876,0.9367906459675894
19010,0.45197802782058716,0.5569462180137634,-0.4185609519481659,-33.94964337348938,-26.129297599677393,50.21021197461255,0.3744626505404347,0.5878304839134216,0.09090909090909091,42.19646453857422,0.8415177869742271
19017,0.8784518018364906,0.99495929479599,0.08811245858669281,-3.9373528212308884,10.113637014783642,-46.985691477883826,0.8415690218318352,1.1476713418960571,0.34782608695652173,25.481414794921875,0.9428323437861444
19020,0.8229784071445465,0.817656397819519,-0.07909033447504044,-18.920592963695526,5.742304896737591,-4.668254403888179,0.7609159016551967,0.8702290058135986,0.21052631578947367,29.73290995547646,0.9159077536685631
20002,0.8452716022729874,1.078018069267273,0.021891577169299126,4.4237058609724045,15.36196453693233,0.595986541151966,0.8899747929081001,1.0360044240951538,0.35,20.124900341033936,0.9312802174843462
20003,0.867657020688057,0.857466459274292,-0.06824029982089996,-18.70427280664444,21.53194680731971,-26.706703383139203,0.8131869294279254,0.896736204624176,0.2916666666666667,31.974021593729656,0.9373908818993604
20007,0.8579964339733124,0.9295111894607544,-0.05549473315477371,-8.241850137710571,2.032003391368822,-23.658418167882854,0.8688277223592136,0.916063666343689,0.42857142857142855,29.85600289844331,0.927943175877851
2001,0.7990137189626694,0.8108935952186584,-0.10026679933071136,-20.155754685401917,-9.264257625569282,-21.13488294625986,0.760025847635363,0.8874308466911316,0.24,32.57054138183594,0.9043206020236023
2002,0.8042210042476654,0.7685162425041199,-0.058730900287628174,-24.495363235473633,-16.749594832867555,32.55504975883693,0.7401996537619056,0.924084484577179,0.18518518518518517,37.863791430438006,0.909731930124159
21003,0.912313736975193,1.0012457370758057,-0.009292319416999817,-0.4853861406445503,-0.5723289735135818,-7.6398066562149864,0.9552970113858422,0.9908782243728638,0.4782608695652174,23.336804431417715,0.956255302726117
21006,0.8862497434020042,0.9644590616226196,0.03121563419699669,-7.215717434883118,-3.5513170902517674,4.658181017450692,0.924588653802159,1.0328876972198486,0.375,26.602413256963093,0.9421889958035545
21008,0.7929192036390305,0.9002090096473694,-0.0022265384905040264,-11.987969279289246,-1.005728018475237,9.701341285868176,0.8518353381192427,0.9972249865531921,0.42857142857142855,23.048951409079812,0.8905156423270869
21009,0.8799637109041214,0.9273813962936401,-0.012017633765935898,-9.436309337615967,0.8682514142729381,24.154562703957158,0.9037934507880607,0.9872174263000488,0.17391304347826086,19.862544018289316,0.9382032014048198
21011,0.8486580401659012,1.0547990798950195,0.0964648500084877,3.3325470983982086,-3.8036008059456803,23.208347709534145,0.8610685474803876,1.1093412637710571,0.3333333333333333,19.10778284072876,0.9340947848890797
21012,0.8017968386411667,0.9056470394134521,0.02345968410372734,-11.831403523683548,-9.525498684663548,26.926890879319977,0.8559039920097326,1.0316541194915771,0.2916666666666667,27.690237760543823,0.8957925383357913
21013,0.8046533614397049,0.9581929445266724,-0.010432983748614788,-4.647267609834671,-5.1696344122825995,8.719988887857088,0.8900780943272703,0.988132119178772,0.43478260869565216,23.707180437834367,0.8990339222105378
21015,0.7910418808460236,0.9687562584877014,0.0147323627024889,-9.474463015794754,5.022337026982615,-17.31891008296263,0.8867251589006521,1.018871784210205,0.625,28.659061590830486,0.89276719716841
21016,0.6117686331272125,1.1561826467514038,0.08361725509166718,10.37987396121025,6.709991760333139,14.79425717910157,0.7452192103399216,1.129248857498169,0.30434782608695654,24.86262321472168,0.845679021293418
21017,0.8014212846755981,0.9645533561706543,0.03429577127099037,-3.8836415857076645,-9.2009593593123,35.168862036679315,0.8819694776096609,1.0483373403549194,0.2857142857142857,28.413209461030508,0.8983228581027942
21018,0.8717103898525238,0.9417071342468262,0.03960701823234558,-8.593802154064178,-6.571132580428501,-6.272233856844872,0.902543667771783,1.04257071018219,0.6086956521739131,29.175076277359675,0.9345216590906348
21022,0.7761684060096741,0.8947234749794006,0.015755604952573776,-13.985839486122131,2.1131946474330547,6.179770570209599,0.8394754713226273,1.0241446495056152,0.47619047619047616,28.575690587361652,0.881248101122842
21023,0.5304820239543915,0.6213526129722595,-0.03609892353415489,-37.163880467414856,12.447469604426978,-299.50673295654894,0.5305250711064721,0.906705915927887,0.4782608695652174,43.01929059235946,0.7386016850976405
21024,0.7453368306159973,0.8919382095336914,-0.03446463868021965,-15.146985650062561,13.304862918542495,-25.445981411556197,0.8190866212035425,0.948236346244812,0.5833333333333334,31.803070068359375,0.8644536086106341
21026,0.7419454455375671,0.8370082378387451,-0.03548182174563408,-17.084097862243652,-8.142236732133904,14.558615149510654,0.7787557947287236,0.9411112070083618,0.48148148148148145,40.83165769223814,0.8624689348049845
21027,0.7107148766517639,0.8714905977249146,-0.017074530944228172,-16.42322689294815,8.039900257805165,15.386265374447591,0.7955207196358336,0.9707034826278687,0.2857142857142857,23.760888690040225,0.8436707842563904
22001,0.8837925046682358,1.0232139825820923,0.006898398976773024,-4.515140131115913,6.737768833321724,8.35406893221864,0.9379564518333579,1.0108803510665894,0.22727272727272727,26.548134196888316,0.943501054501411
22006,0.9221576452255249,0.9730443954467773,-0.0021901766303926706,-1.8277732655405998,-9.201888825893583,-7.079520722217339,0.9518594921407989,0.9954307675361633,0.21739130434782608,18.080810878587805,0.9603764464642114
22007,0.894542433321476,0.959829568862915,-0.005705600138753653,-8.123508095741272,-15.622505200495576,24.905240580166133,0.9316768275628613,0.988599956035614,0.4583333333333333,24.111926555633545,0.9459219882785455
22009,0.8871575519442558,0.9787418246269226,-0.004750975873321295,-8.803354948759079,10.47100584545725,0.6840844066440889,0.9383604406050284,0.9927700161933899,0.30434782608695654,22.060983077339504,0.9425957092512253
23001,0.8781949952244759,0.9208504557609558,0.018868686631321907,-10.13929545879364,0.6264204976356287,23.345668694195563,0.8963878828881068,1.023648977279663,0.2222222222222222,20.046783376623083,0.9374576436901659
23004,0.8618238866329193,0.9127148389816284,0.015343348495662212,-13.251934945583344,1.86990849293856,45.45037742091913,0.8850628998141902,1.0222474336624146,0.2222222222222222,22.632016075981987,0.9286074978687797
23006,0.8851432055234909,0.9110487699508667,-0.029604382812976837,-9.125925600528717,-0.7976788755548071,29.370762869834078,0.8863230691902999,0.9597324132919312,0.12903225806451613,21.08935233085386,0.94178793310861
23007,0.8698961585760117,0.9678073525428772,0.013175828382372856,-4.161887988448143,16.09287734930449,-2.231150335864569,0.9227798503475702,1.0221871137619019,0.19047619047619047,25.78482844612815,0.9334093328989603
23008,0.8534789532423019,0.8847514986991882,0.011419556103646755,-13.864867389202118,-11.367284178565026,-1.3939550724618652,0.8611099082693884,1.018698811531067,0.3333333333333333,29.656771818796795,0.924776366903877
23011,0.8429858684539795,0.9378259778022766,0.044622693210840225,-5.763820558786392,-14.706034927087117,-11.371577963886514,0.879483291655714,1.0645294189453125,0.11538461538461539,24.683411304767315,0.919410782082967
23016,0.8635832369327545,0.9319658875465393,0.03286157548427582,-10.891363024711609,-24.825600601836598,44.7453490888242,0.8801739768714796,1.0693694353103638,0.18518518518518517,26.96487656955061,0.9298749915779839
24001,0.9073006734251976,0.9307060241699219,0.019998352974653244,-11.467264592647552,0.7052403936011482,1.9776230524868716,0.9111648759514618,1.029672384262085,0.30434782608695654,23.809802013894785,0.9529938962412019
24003,0.8679987043142319,0.870556116104126,-0.04766136407852173,-15.25970995426178,1.1073822981675838,-10.587314996871825,0.835426845965862,0.9217798113822937,0.16666666666666666,32.016634941101074,0.9351138994598532
24004,0.85132697224617,0.9260386824607849,0.028266454115509987,-13.077662885189056,4.936701512070879,11.475396900287363,0.8855663343417125,1.0413874387741089,0.5,31.23076359430949,0.9231113320730843
24005,0.8608904927968979,1.0891306400299072,0.08962859958410263,2.020646631717682,-18.33151552817984,22.930921646373655,0.8113304610592041,1.156385898590088,0.3181818181818182,26.500732248479668,0.943472354956514
25001,0.863916739821434,0.9161180853843689,-0.05097060650587082,-12.416894733905792,7.993148575155383,-8.550951285708566,0.8719434281187792,0.9321808218955994,0.14814814814814814,23.11321364508735,0.9309864572447566
25003,0.72365802526474,0.8470693826675415,-0.05062653124332428,-10.69571003317833,-23.94210938483628,-412.5352999644897,0.7740355264439613,0.9236600995063782,0.07142857142857142,35.49941267286028,0.8522015250944898
25006,0.869281455874443,0.879767894744873,-0.015247920528054237,-11.408506333827972,-19.743914236631227,27.649597063521973,0.86032978150377,0.9734775424003601,0.12,24.309978485107422,0.9340563115713112
25012,0.8538525104522705,0.8602316379547119,-0.04223812744021416,-10.987263917922974,-13.643043634874132,10.493162041502014,0.8310676794327334,0.9388550519943237,0.10344827586206896,26.091113583794957,0.9274449916490797
25020,0.8175741285085678,1.0847567319869995,-0.014099577441811562,6.395363807678223,-0.9082162178508072,-22.409533827874977,0.8806755767194588,0.9766584038734436,0.19047619047619047,28.544269289289204,0.9193167659028072
25021,0.8408029675483704,0.9761308431625366,-0.06586810201406479,-1.5699246898293495,10.735323830792371,28.33922040647424,0.8642127737951777,0.8921919465065002,0.30434782608695654,26.855414846669074,0.9209692607005928
26003,0.6548353731632233,0.8971623182296753,-0.393575519323349,-17.93292611837387,17.50663924099331,-56.79933765954277,0.7444871967959159,0.7886170148849487,0.42857142857142855,34.942766598292756,0.89985791387651
26005,0.6121169924736023,0.6030188798904419,-0.3407441973686218,-45.4196572303772,19.282487560309246,7.107249307422729,0.3887358898408838,0.5449326038360596,1.0,57.69337177276611,0.9053244086696682
26008,0.5867426693439484,1.144690752029419,-0.28237980604171753,9.608493000268936,27.93391492247672,-17.083891514084478,0.7284244060708152,0.8151332139968872,0.55,31.51461839675903,0.8634637010607434
26009,0.762158215045929,1.042286992073059,-0.04534875601530075,17.058198153972626,3.4623746914327485,-131.6661775640069,0.8765288806055145,0.9707343578338623,1.0,19.238297144571938,0.8877482747814364
27001,0.8747809678316116,0.8358052968978882,-0.047087859362363815,-20.35343497991562,1.9534363782646256,7.297690414618861,0.8133518039995769,0.9323493838310242,0.4166666666666667,31.225194533665974,0.9425452989270711
27002,0.89336808770895,0.8940173387527466,-0.06734704971313477,-11.450574547052383,-1.918006351382262,18.403389434647348,0.8545946107346358,0.9143965244293213,0.04,22.69108772277832,0.9491822106680917
27003,0.9454253800213337,0.9192979335784912,-0.06264854222536087,-8.155083656311035,-0.09432932223636063,18.214337265599266,0.8942284862186051,0.9359803795814514,0.08695652173913043,14.260336627130924,0.9759942131066035
27006,0.9086707457900047,0.8970865607261658,-0.01208733394742012,-9.394899010658264,-5.617897189553359,23.260743517778934,0.8864507547118796,0.9831309914588928,0.16666666666666666,21.244104703267418,0.9550812770309237
27007,0.910541757941246,0.8978976607322693,-0.04003389552235603,-10.92527061700821,-3.0224454289191893,21.769329187348475,0.8769708810821812,0.9465945959091187,0.12,19.78800392150879,0.9568822631433225
27009,0.9440803192555904,0.986451268196106,-0.044247135519981384,3.4884847700595856,-2.7404220066460763,16.70821893768441,0.9420513882759703,0.9506902694702148,0.21739130434782608,12.53545387931492,0.9727415344832386
27021,0.9074939042329788,0.8799620270729065,-0.010504813864827156,-14.269721508026123,-7.7896063962273745,8.645811424338577,0.8714413230752526,0.9875653386116028,0.25,18.136111895243324,0.9556874999085827
27023,0.8061524033546448,0.8168213963508606,-0.013852149248123169,-5.610835179686546,3.0646227162681887,16.018033703151815,0.7904665013098662,0.9726985096931458,0.42857142857142855,24.572062492370605,0.9019973731703861
27025,0.8142677247524261,1.1013599634170532,0.07412812113761902,3.462117910385132,12.900413224486657,4.199723072820432,0.8417517346862669,1.0938876867294312,0.5,15.639176964759827,0.9228393003434033
27026,0.9065841734409332,0.9519820809364319,0.03669874742627144,-4.214825853705406,-22.48503877867037,20.312972043482375,0.9113169899677878,1.0577603578567505,0.045454545454545456,20.444768125360664,0.9528545147714205
27029,0.9145094230771065,0.9010233879089355,-0.048303402960300446,-9.13233757019043,2.982134034280233,-11.150056500996676,0.8793694256968632,0.9443396329879761,0.4166666666666667,25.425102313359577,0.9592901822680774
27030,0.8859630599617958,0.9821522235870361,-0.019132940098643303,-4.7800954431295395,-6.985783778392203,-6.310844339817935,0.9346164138954127,0.9749704599380493,0.2727272727272727,19.111785021695223,0.9422939142438509
27032,0.8446696996688843,0.8379623293876648,-0.08883222192525864,-15.257568657398224,-16.555168230217024,-92.79221623650025,0.786992499907727,0.882154643535614,0.16666666666666666,26.048147678375244,0.9276919066917829
27034,0.9013966470956802,0.9131239652633667,-0.026894165202975273,-8.855141699314117,-5.187219023948764,25.120342816578905,0.8931252896374842,0.9622095227241516,0.2,21.6179256439209,0.9505364969823759
27035,0.9111070781946182,0.896709680557251,-0.06357172131538391,-8.372852951288223,5.898103833910375,-19.529569643902565,0.858334704941936,0.9123119115829468,0.36,14.339988708496094,0.9586361887265418
27038,0.17074358463287354,0.629732072353363,-0.3789327144622803,-39.28095102310181,-3.501078042091018,-45.22690887988136,0.39755543717848096,0.8099170923233032,0.36363636363636365,32.08811283111572,0.564443343250676
27041,0.9363762810826302,0.989818811416626,-0.07517460733652115,2.9915908351540565,-0.16725528012368313,-24.59123963703456,0.9342046028607607,0.9419408440589905,0.52,16.70022964477539,0.9707679611529142
27042,0.8751677200198174,0.9261693954467773,-0.02973920665681362,-1.3171108439564705,-7.203996895180544,-7.961691647908406,0.8980910793415675,0.9709807634353638,0.16666666666666666,23.954047759373985,0.9360284918867936
27043,0.8940708711743355,0.9730430245399475,-0.01870488002896309,-2.443898655474186,2.333743511287976,-14.1601486993773,0.9347033390724335,0.9748194217681885,0.2962962962962963,20.258686277601452,0.9461213040038334
27047,0.8968820124864578,0.9067047238349915,0.015877123922109604,-8.654798567295074,-23.903320249386006,-419.9752723869603,0.8900246991348342,1.0263499021530151,0.07407407407407407,16.215924863462096,0.9480746603072732
27049,0.8520700484514236,0.8319960236549377,-0.07308182120323181,-19.018656015396118,1.772698642746506,-22.229376906320464,0.8046967457186649,0.9279276728630066,0.36,32.48250961303711,0.9312715144486232
27051,0.8332922458648682,1.020696997642517,0.0033849782776087523,3.1181272119283676,-9.560831545895493,1.9155822342925832,0.915727768923064,1.0062952041625977,0.16666666666666666,24.648630619049072,0.918551773353735
27062,0.9285381361842155,0.9490454792976379,-0.07679488509893417,-2.668265253305435,-2.435047380897009,18.737540337670218,0.8878487440617489,0.9057609438896179,0.21052631578947367,13.381916284561157,0.966825592214119
27064,0.8610449880361557,1.0617092847824097,0.0472404845058918,4.0984854102134705,-0.27567831881220217,-4.678382175991127,0.8833315002754837,1.0767161846160889,0.2727272727272727,25.7348970933394,0.9374050320108469
27065,0.9131491258740425,0.9319857358932495,-0.028803272172808647,-6.3234008848667145,-2.3324048469174308,-0.48509310994830207,0.9114883567106888,0.9639236330986023,0.5652173913043478,24.286676489788555,0.9563323159878246
27071,0.9073227718472481,0.9297781586647034,-0.07966381311416626,-0.13613260816782713,-8.392980685935132,4.631612492513231,0.8778005125598628,0.9100807905197144,0.2692307692307692,17.873057952293983,0.9562262236429938
27073,0.6606914401054382,1.0915826559066772,-0.07405620813369751,22.262822091579437,-7.207537807873692,25.407767421031924,0.819402564616986,0.9551979303359985,1.625,18.194422125816345,0.8509334867992713
27077,0.7371686100959778,1.293499231338501,0.13517214357852936,25.490111112594604,7.893414986812475,2.08495780342073,0.6561501084707633,1.1683480739593506,0.2,29.486904144287106,0.9387637762222882
27079,0.9067773595452309,0.8859015703201294,-0.09782696515321732,-12.581560015678406,1.9219142880638762,8.53467069187209,0.842800003077885,0.8994807600975037,0.2,21.51808284577869,0.9601343533060739
27080,0.9400695189833641,0.9689503908157349,-0.06564299017190933,-1.2331475503742695,0.9451098694172806,-11.748106482807671,0.9217201768791446,0.9339079260826111,0.28,11.135250091552734,0.9717955634228373
27084,0.8809758648276329,0.8467613458633423,0.013696577399969101,-16.5499746799469,-8.867107522616969,15.793291313311887,0.8353115951071405,1.0216768980026245,0.2608695652173913,26.951269481493078,0.9436946034777833
27087,0.7075714766979218,1.0775750875473022,-0.20913437008857727,22.520017623901367,2.1854995115141986,-12.77475898562096,0.8187835589311072,0.88107830286026,1.0,31.508890787760418,0.8873983381334545
27089,0.9149536117911339,0.9448986053466797,-0.04222185164690018,-5.0602987408638,-0.41343204221014923,28.145820273199114,0.9132081174925151,0.9480922818183899,0.08333333333333333,18.509449561436973,0.9575470145969608
27090,0.8791747018694878,0.9236420392990112,-0.022606516256928444,-9.514334797859192,3.994188067525671,38.051225597415325,0.8963693249237712,0.9673198461532593,0.3333333333333333,25.48431467126917,0.9380259231702923
28001,0.7163608968257904,0.7870285511016846,-0.05361200124025345,-25.359350442886353,9.569128751712345,-177.48333141670082,0.7259204264513929,0.9139994382858276,0.5,45.381035804748535,0.8504450670302535
28003,0.8596059083938599,0.9116407632827759,0.06118684634566307,-10.796258598566055,3.172774820064561,-27.045279288568146,0.8699428159427202,1.0641398429870605,0.2692307692307692,22.758386685298042,0.9293346127637162
28008,0.9145105630159378,0.956852912902832,-0.0008483650162816048,-5.012623593211174,-7.59463845948132,-33.23731352333899,0.9385844384754313,0.9992273449897766,0.4166666666666667,19.559776782989502,0.9563009945577401
28009,0.9579328261315823,0.9356130957603455,-0.04646507650613785,-5.062079429626465,-4.24604091186337,-18.585500351690534,0.921777613253648,0.9599025249481201,0.36,11.158283233642578,0.9808882014139618
28012,0.7348102927207947,1.1067888736724854,0.03541017323732376,17.860792577266693,-8.93059695665148,30.902881840799303,0.8415246289452587,1.0263744592666626,0.7777777777777778,23.38852129484478,0.8859168391519104
28015,0.5810594856739044,1.264765739440918,0.3940998911857605,25.951331853866577,-1.5171529966497217,13.734751660561754,0.6262988628745377,1.2523854970932007,0.16666666666666666,19.042078653971352,0.9234937651940348
28018,0.8904780596494675,1.1276990175247192,-0.0013231824850663543,9.980780631303787,9.246733471541372,-34.71612515406498,0.865774006209473,0.9987751841545105,0.17391304347826086,18.651792277460512,0.9586710977835041
28022,0.943550955504179,0.9163292050361633,-0.032384444028139114,-9.152071177959442,-1.6903987857779017,-17.715793130424043,0.9080276406514374,0.9724200367927551,0.5416666666666666,11.63785954316457,0.9735905588141711
28023,0.9314780086278915,0.9111353158950806,-0.13819356262683868,-6.026848405599594,-4.97541171278774,-7.704770346167675,0.8655114061344165,0.9016591906547546,0.38095238095238093,17.143593515668595,0.9772110768969475
28024,0.9045258685946465,0.8941791653633118,-0.06750266999006271,-5.702125281095505,3.095501831209721,-0.1558843169727083,0.8446263593174804,0.8953299522399902,0.21739130434782608,23.3908922775932,0.9554230970383466
28026,0.9284563809633255,0.990748405456543,-0.021106163039803505,-1.0090602561831474,9.61171631044017,-30.26872779948098,0.9538744266728917,0.972474992275238,0.2727272727272727,16.40723943710327,0.9641621643662774
28031,0.8857405483722687,0.9900674819946289,0.00022995185281615704,-4.042132198810577,4.818799866405906,-79.46878686552847,0.9414970927026256,1.0002561807632446,0.34782608695652173,19.354426342508066,0.9423469894998128
28033,0.8129614144563675,0.862955629825592,-0.10787153244018555,-14.297236502170563,-7.853456194216969,-23.51318092436371,0.7991853977421312,0.8846295475959778,0.17391304347826086,23.969832710597828,0.9092530783134924
28039,0.8685859441757202,0.8851352334022522,0.05626888573169708,-12.096410989761353,-5.769587448216273,-12.939330413357874,0.8359407318427339,1.0974552631378174,0.07692307692307693,28.455050175006573,0.9350076885356318
28040,0.8666340708732605,0.8862824440002441,-0.02140534669160843,-13.513500988483429,-2.2763683317089707,20.600839052803014,0.8640867975971022,0.9690248966217041,0.2692307692307692,24.478831657996544,0.9323150015471866
28043,0.8798459768295288,0.8307831287384033,-0.013822495937347412,-18.91748309135437,-4.172958534070372,-7.083545809330949,0.821283412506705,0.9831453561782837,0.2727272727272727,31.33197697726163,0.9450346463003481
28044,0.7981283068656921,1.0432488918304443,-0.06398511677980423,-4.720086231827736,15.213708863230496,-0.620086800908371,0.8940481061257287,0.9767733216285706,0.47619047619047616,18.582205545334592,0.9061071963204126
28046,0.9198687970638275,0.9259374141693115,-0.06443963199853897,-5.102239549160004,-6.206550934072776,-4.330009605817639,0.9059706256660912,0.9563280940055847,0.18181818181818182,21.75428867340088,0.9619339883293088
28048,0.8288613110780716,0.8474475145339966,-0.004651595372706652,-17.616669833660126,-7.48703707305859,16.662351132881593,0.8241306326367649,0.9930146932601929,0.36363636363636365,29.499422420154918,0.9127705379780423
28050,0.6786480247974396,1.071367859840393,-0.013567233458161354,4.403267428278923,0.8610126987348934,18.865563608595796,0.8357408210792732,0.9886612892150879,0.4583333333333333,23.909674088160195,0.8524902034465186
28052,0.8066053986549377,0.840481162071228,-0.08961939066648483,-16.821277141571045,1.2819861553801877,15.121680411964721,0.7933905664063629,0.9094974398612976,0.3333333333333333,25.31636953353882,0.9048659629571083
28055,0.8835157603025436,0.9169458150863647,0.02987811528146267,-10.676386952400208,-9.87702894092053,-29.242143542765596,0.8905973223817947,1.0394726991653442,0.13043478260869565,25.742688386336614,0.940730663417186
28056,0.8839060068130493,1.051464557647705,0.05493801459670067,6.3096389174461365,-3.1006508949615204,-9.108357382477763,0.892829683962934,1.0779708623886108,0.18181818181818182,17.788400433280252,0.9474888529549492
28060,0.6776049733161926,0.6853170990943909,-0.17254632711410522,-31.051334738731384,-1.9242798873910112,24.318236436157402,0.607200439168158,0.812075674533844,0.23809523809523808,48.60321680704753,0.8587533548525531
28066,0.7814272493124008,1.0790737867355347,0.18956032395362854,9.146038442850113,-12.188882601730723,29.89886623358216,0.7107078799869826,1.2660025358200073,0.2962962962962963,22.224011244597257,0.9182692353501145
28067,0.9320578798651695,0.8807641863822937,-0.022603578865528107,-15.636928379535675,-2.4115884078811773,5.861499266939731,0.8748348077704645,0.9768362045288086,0.21739130434782608,22.68988153208857,0.9697909835289364
28072,0.8079610764980316,0.9076522588729858,-0.058575522154569626,-9.258817881345749,32.429871655187746,-37.34238295321571,0.8495745526233311,0.9347397089004517,0.45454545454545453,26.248238303444605,0.9007991717130791
28074,0.9459081403911114,0.9755836129188538,-0.02684059552848339,-1.8705928698182106,7.993016289634534,-10.010508668186029,0.953606015636574,0.9712833762168884,0.391304347826087,17.230652726214863,0.97295194377563
28080,0.8687413036823273,1.0190800428390503,0.029126081615686417,3.215644508600235,-0.9247696703165612,-5.997997019142938,0.9300859288483107,1.0212780237197876,0.14285714285714285,16.66459356035505,0.9361942399399267
28081,0.8266611993312836,0.8968733549118042,0.16294604539871216,-6.770540773868561,-17.835580073827057,53.67649987252363,0.7968638169674814,1.1576952934265137,0.09523809523809523,23.134491660378195,0.9240961242030427
28082,0.921081967651844,0.9699157476425171,0.019609656184911728,-1.436932198703289,-8.88420780429907,19.547623348767775,0.9432609889102159,1.026698350906372,0.13636363636363635,17.4546404318376,0.959981864131145
28085,0.952884566038847,0.9491578340530396,-0.01877521350979805,-5.206189677119255,-4.46405610503723,-14.354276675358077,0.9412936418871952,0.9821138381958008,0.13043478260869565,17.01415829036547,0.9767277878016588
28091,0.8896098360419273,1.010758876800537,-0.07826554030179977,-2.0217327401041985,17.42716804357864,-9.007533058163512,0.9155142113726334,0.9339109063148499,0.2,19.32744598388672,0.9484798413642352
28093,0.9451124295592308,0.9345555901527405,-0.013051021844148636,-5.174321681261063,-4.225769197648921,-27.451586728321736,0.9276249545034998,0.9849303960800171,0.30434782608695654,18.986241713814113,0.9730169781518224
28115,0.8664966523647308,1.0304880142211914,-0.054320916533470154,2.595194987952709,-6.286869007780424,-21.594124906514036,0.9253325893969777,0.973731279373169,0.07407407407407407,11.585491674917716,0.9371059819089426
28116,0.7352664172649384,1.0991133451461792,0.0915350690484047,11.284495145082474,-5.505665238033464,-2.008625985400435,0.8402546391457667,1.0558342933654785,0.5,21.880665192237267,0.8878498470230145
28117,0.9458296224474907,0.962763786315918,-0.07025651633739471,-4.748722165822983,10.127141432867832,-12.426165299507124,0.9220093738945221,0.9361367225646973,0.2,16.814104318618774,0.9751507757461247
29002,0.7841952741146088,1.0773707628250122,-0.15420658886432648,8.310644328594208,-1.678549501986298,-74.41052145327511,0.8585520762106408,0.918964147567749,0.36363636363636365,24.298634736434273,0.9136607225836669
29003,0.8517567813396454,0.8930988907814026,-0.13801565766334534,-13.773716986179352,-1.7904112117465953,-60.40751658056804,0.8435905186281669,0.90678471326828,0.5294117647058824,36.61578683292164,0.9340683002618426
29005,0.6875441074371338,0.6187261343002319,-0.11925654113292694,-42.62264966964722,-2.0074060956906274,-9.451491691992866,0.5457035000918293,0.7860944867134094,0.35294117647058826,53.8834359910753,0.8764687061964864
29009,0.8722320795059204,0.874138593673706,-0.09449722617864609,-5.640344321727753,0.743241533756068,3.82154401766135,0.7997208309972667,0.8557784557342529,0.15,29.316256046295162,0.9410865201876845
30001,0.8689326047897339,0.8825479745864868,-0.1796095222234726,-12.072842568159103,11.68434581470686,21.158328075885755,0.7871787852077156,0.8291837573051453,0.045454545454545456,22.32180471005647,0.9518367108313852
30004,0.8266735970973969,0.8967645764350891,-0.07583655416965485,-6.9766707718372345,-7.400528667542986,8.303388936837006,0.843853398532436,0.9220927953720093,0.56,31.365258877093975,0.9125089951006614
30005,0.7762672603130341,0.9279744625091553,-0.2642016112804413,-1.279542874544859,11.88616070303657,-12.058805749859033,0.760071190646499,0.7856284976005554,0.3,33.66356372833252,0.919856288668739
30011,0.8902099058032036,0.9677969813346863,0.014162460342049599,-2.5016112253069878,-0.25295484715099514,-46.12304169130007,0.9339607366256547,1.0133764743804932,0.6818181818181818,20.624518394470215,0.9439177405143515
30012,0.5788736343383789,1.2928667068481445,0.13579505681991577,33.53924751281738,-21.684717881504284,76.62982514480458,0.6137283045761572,1.2200300693511963,0.4,37.46114458356585,0.8774370231805676
30014,0.7496734261512756,0.8781076073646545,-0.06232283636927605,-13.024993240833282,-0.8887493150489092,0.7680427645568655,0.7879874374434913,0.8872924447059631,0.4090909090909091,39.85882634701936,0.8681342414458936
30015,0.8752143010497093,0.8841132521629333,-0.12186510860919952,-14.153841137886047,4.476375731664213,-5.310573324846826,0.8445487020404434,0.9119278788566589,0.29411764705882354,28.67278772241929,0.9454228143784271
3003,0.86891970038414,0.8864280581474304,-0.04490792378783226,-11.163286864757538,-12.929535954612865,11.055862172229817,0.855469886608787,0.9391974806785583,0.1,23.9293114344279,0.9344757957325756
31002,0.914616160094738,0.9629049897193909,-0.041299499571323395,-4.038532450795174,-10.070117050655554,-7.85670861101692,0.9137714622122882,0.9349390864372253,0.1875,24.59481507539749,0.9572636165818221
31006,0.851073294878006,0.9892190098762512,0.10836956650018692,-2.4405701085925102,-0.7225351549946833,12.802765737233477,0.9048117209560674,1.064380407333374,0.6923076923076923,14.091331225175125,0.9307198306087084
31010,0.8981068134307861,1.0206321477890015,-0.05358174070715904,1.0819786228239536,24.921281863163927,-92.94623575005096,0.9115238642175093,0.9288010597229004,0.2727272727272727,22.470929405905984,0.9516983231757681
31021,0.8858792707324028,0.9408771991729736,-0.022239727899432182,-4.76549006998539,-1.030792560294557,12.212288113640174,0.9084337953160185,0.9617425799369812,0.21052631578947367,32.523511585436374,0.9414745006623755
31023,0.48166507482528687,0.92695552110672,0.04880751296877861,-11.028166860342026,-83.4455559104523,-376.15398142989704,0.6759767914099322,1.154257893562317,0.125,50.772714614868164,0.7245729750334425
31025,0.8599880337715149,0.9566859602928162,0.0496535561978817,-3.887714445590973,-24.933282776073167,-908.7640383049682,0.8637474861009561,1.1079857349395752,0.2857142857142857,30.432178860618954,0.9290935647658587
32003,0.8600108027458191,0.9225250482559204,-0.04368915036320686,-0.3712552599608898,8.975351290115084,-38.630582821414485,0.8599707663171327,0.9079055190086365,0.3333333333333333,25.462794303894043,0.9284149128030497
32004,0.8716563731431961,0.9106991291046143,-0.013188935816287994,-7.996141165494919,-6.143604656362191,92.80860764181882,0.8874782267214851,0.9817858934402466,0.3684210526315789,29.021862933510228,0.9340094685481539
32006,0.80314502120018,1.0566710233688354,-0.05233953893184662,4.2967092245817184,4.55115600234033,-3.0873354298463096,0.8771898151242454,0.9390842318534851,0.13636363636363635,22.492562169614043,0.9096672495123393
32008,0.8529665619134903,0.9547370672225952,-0.06450527161359787,-8.235956728458405,4.16052153376153,-17.240061864555013,0.878861955354308,0.9152260422706604,0.38095238095238093,26.719277245657786,0.9262499568279858
33006,0.8733740895986557,0.8441422581672668,-0.08742934465408325,-11.05499416589737,-16.790198638595093,-16.959967990381088,0.8246702441297235,0.9425268173217773,0.8947368421052632,25.007270511827972,0.9439132736098146
33007,0.8533028066158295,0.9327349662780762,-0.06345520168542862,-3.6347921937704086,-19.949297718728587,18.90215576271168,0.8950208837123129,0.9681881666183472,0.6470588235294118,24.495764339671418,0.925945713481054
33012,0.8669339418411255,1.0042088031768799,0.05207294225692749,-0.7142364513128996,-29.548427729798693,3.4954033013811663,0.8625511087039861,1.1210912466049194,0.2222222222222222,28.80818049112956,0.9351047483247942
33013,0.8403747230768204,0.8839771151542664,-0.15185663104057312,-7.669651508331299,-13.18396234866973,-20.292669807023664,0.7955829745495031,0.8467792272567749,0.8,26.812820434570312,0.9303695089341478
33014,0.8884988278150558,0.890438973903656,-0.06841900199651718,-9.630919247865677,-5.375437928915954,31.71899667485274,0.8679065320095203,0.948907732963562,0.13636363636363635,17.38451827656139,0.9467586054320004
33018,0.8278726786375046,0.9239193797111511,-0.0452025830745697,-13.134266436100006,11.244362776412347,-53.005175899198186,0.8669299355453578,0.9366441369056702,0.36363636363636365,31.53348619287664,0.9110875943301546
33019,0.8983376026153564,0.9109312295913696,-0.12071818113327026,-6.97084441781044,-5.570128890825113,14.619597077830928,0.8669958944432051,0.9112919569015503,1.0555555555555556,17.16323826048109,0.9565519928822814
33020,0.6670379340648651,0.6368810534477234,-0.04555197432637215,-39.31826651096344,3.756034708352555,0.3600735675219277,0.581592912765286,0.8629106283187866,0.0625,45.83606421947479,0.843744998559878
33021,0.8727830648422241,0.9660197496414185,0.048115987330675125,-4.776007682085037,-11.632127743248692,2.6680116193210575,0.9088866137414758,1.0551778078079224,0.3333333333333333,28.679793675740562,0.9359500096286102
33022,0.9159083515405655,1.0468441247940063,0.10372861474752426,6.249645352363586,-10.96316066594447,28.160004036286896,0.8900894261317995,1.0934425592422485,0.19047619047619047,13.832847277323404,0.9660227967222199
33023,0.8336534053087234,0.9663772583007812,0.035178184509277344,0.09781980188563466,-21.057417671725762,-792.4412313922196,0.8985253855958112,1.0443673133850098,0.058823529411764705,20.509975096758673,0.9151580875268435
33024,0.8687406182289124,0.9607381820678711,0.10735663771629333,-2.7379993349313736,-15.684088308730114,-37.40685320584613,0.8688737686561963,1.1089447736740112,0.25,18.121078610420227,0.938488745028153
33026,0.9262033104896545,1.0211007595062256,0.05864720791578293,3.4156199544668198,-8.508453708835892,5.132323005220319,0.9143291850472322,1.075645923614502,0.8823529411764706,23.88225661383735,0.9657663802170914
33028,0.7915999293327332,0.8577684760093689,-0.09340435266494751,-9.011676907539368,4.295977963996601,23.885599502894536,0.8080669486877692,0.9247189164161682,0.13043478260869565,24.38494640847911,0.8953995782811078
33029,0.8840044885873795,0.9399646520614624,-0.12069626897573471,-7.926997542381287,17.784965572051263,13.487703556688363,0.8794932559558942,0.909391462802887,0.3684210526315789,30.65969567549856,0.94796419170408
33031,0.7044711112976074,0.6361010074615479,-0.10353588312864304,-38.89592885971069,17.878433170578592,-22.215136226370078,0.5457424925497751,0.7559104561805725,0.09523809523809523,46.49411156063989,0.8802181111252019
33032,0.7549618184566498,0.9155506491661072,-0.22222118079662323,-11.354365944862366,3.55339697387889,0.7339670651568235,0.8208543950750453,0.8801611065864563,1.2,23.28181743621826,0.8970432394979362
33033,0.7973378598690033,1.0497539043426514,0.13535518944263458,7.958345115184784,-8.731208169581677,-13.034083678383453,0.87152398984726,1.080790400505066,0.391304347826087,21.12473197605299,0.9133769928156481
33034,0.8509344905614853,0.840510368347168,-0.12904222309589386,-13.398244976997375,-6.005503135063531,21.794280776874274,0.8012564685077789,0.899938702583313,0.8888888888888888,18.03686353895399,0.9363620752653518
33035,0.8313456475734711,1.061187744140625,0.018246402963995934,9.672342985868454,3.2708654385700306,91.37984302528722,0.9001587119035744,1.0145351886749268,1.0,27.575008074442547,0.92245600561024
33039,0.927248626947403,1.0422906875610352,0.002678351476788521,4.27631177008152,10.077943422622903,-36.33797322074002,0.9456215243957838,1.0031474828720093,0.6842105263157895,21.020768818102383,0.9659616436027876
33053,0.8430472314357758,0.9738692045211792,0.0525214746594429,-2.5224389508366585,-26.160848459299714,-5.196365461203398,0.8818831210186143,1.08400559425354,0.16666666666666666,28.54768853438528,0.9211847808982494
33054,0.6200948655605316,0.9146520495414734,-0.47353628277778625,-10.882000625133514,7.790231840245225,-72.3875664557298,0.7821815984026765,0.8167490363121033,0.8461538461538461,21.2864508995643,0.9188848489220482
33058,0.838832676410675,0.8171218037605286,-0.03467364236712456,-25.24244487285614,11.193463514504286,28.74519171175578,0.7954985254340932,0.9511860609054565,0.2222222222222222,36.0876480738322,0.9225815410260457
34002,0.857538640499115,0.7910884618759155,-0.17370383441448212,-18.571564555168152,-18.35641059609265,20.63360091791206,0.7175177015629017,0.8148787617683411,0.14285714285714285,30.74955031985328,0.9566139962140741
34003,0.8423968553543091,0.9752452969551086,-0.15409980714321136,-4.717103764414787,1.8445736161559756,7.6422764720335365,0.8982138559381793,0.9287190437316895,0.4583333333333333,20.112019777297974,0.931687123661727
34004,0.4538061022758484,1.341280221939087,0.01622980274260044,41.0177618265152,19.818641255011674,32.58427263882247,0.62293481112468,1.0087355375289917,0.8571428571428571,30.881961186726887,0.8399073482046476
34005,0.697757214307785,1.054775595664978,0.15239547193050385,3.196524828672409,-4.5771284468061495,12.662874558965564,0.7889765113190764,1.1562398672103882,0.3181818181818182,30.416659875349566,0.8691579165990736
34006,0.8714370727539062,0.8467040061950684,-0.055755410343408585,-10.883524268865585,-9.943275571861825,-34.31112134584987,0.8132823227457187,0.9120285511016846,0.2857142857142857,26.002204985845655,0.9397932440558089
34007,0.8861889615654945,0.8883110284805298,-0.08813014626502991,-12.05083355307579,-13.577743242502361,10.430318890876377,0.8017002846488867,0.8448403477668762,0.3,32.240843772888184,0.9473328084273365
34008,0.4535064101219177,0.8068428635597229,-0.5458911061286926,-18.25871914625168,4.5493130039724505,49.038177138470616,0.7001839539443084,0.8117119669914246,0.2962962962962963,29.433283982453524,0.8691275478168826
34010,0.8138817250728607,1.002866268157959,-0.04276154190301895,6.448163092136383,-12.101742718474135,16.70289527567225,0.8880746793959783,0.9361438751220703,0.1875,22.28017568588257,0.9081225968219935
34011,0.8435811698436737,0.8914597034454346,-0.07980842888355255,-6.104450672864914,-19.251048566650407,-4.619674116433452,0.8569892526502428,0.9484557509422302,0.38095238095238093,18.9075197492327,0.9224482864763539
34012,0.6357325315475464,0.8826308250427246,-0.3370397686958313,-17.168135941028595,13.577537671580659,-39.873946319855676,0.7641031908066037,0.845525324344635,1.0,31.38074477513631,0.8658010583549786
35003,0.6881120204925537,0.7245612144470215,-0.09211346507072449,-26.998010277748108,-2.4154425367844823,-1024.8469481391803,0.6308870239390687,0.8109931945800781,0.38095238095238093,50.03697768501614,0.8429831473547705
35008,0.8571034371852875,0.9125454425811768,-0.052224066108465195,-8.592064678668976,-5.01640707643977,-30.275704226232254,0.8511296599198038,0.9038658142089844,0.36363636363636365,31.57604051672894,0.9273894163047184
36003,0.8397821635007858,0.8135451674461365,-0.10604962706565857,-17.27178543806076,7.1359177981956154,5.7817526708998495,0.7486442805663045,0.8467432856559753,0.3333333333333333,32.89858235253228,0.9298097398650252
36006,0.9228010922670364,0.9451696872711182,0.005761995911598206,-2.578665316104889,-6.964338807315927,60.36230442471062,0.9321693996037074,1.0074551105499268,0.2727272727272727,20.03039446744052,0.9607692915834685
36009,0.8387600928544998,0.837520956993103,-0.024073036387562752,-13.514341413974762,-25.41969881754848,-7.418480033627447,0.8109281760135122,0.945925235748291,0.3,26.644048690795895,0.919846178629697
36010,0.8060230165719986,0.8256179094314575,0.02310875989496708,-13.15380483865738,-42.02023046804497,-6.869047867809409,0.7888227860204511,1.066619873046875,0.23529411764705882,39.35650719536675,0.9012655343442469
36011,0.8509713709354401,0.8375693559646606,-0.04188548028469086,-18.583720922470093,9.888510088983002,9.447776838411254,0.8067106054149418,0.924046516418457,0.20833333333333334,31.945582230885822,0.9278325262382596
36012,0.6414465308189392,0.9159776568412781,0.07346270978450775,1.744738407433033,-46.418220080939975,53.837548429665674,0.7698210984003914,1.1011483669281006,0.68,30.83987808227539,0.8110778455037668
37001,0.9301976934075356,0.9449916481971741,0.03260735794901848,-1.60404983907938,-18.177986571033266,40.62689690269265,0.9134243741888657,1.0571010112762451,0.3157894736842105,20.846635416934365,0.9652308365393096
37003,0.8185377717018127,0.7537495493888855,-0.06541358679533005,-21.808014810085297,-31.177581043128217,37.122386545610354,0.7179079707078548,0.8861585855484009,0.35,32.10022449493408,0.9226904862281313
37005,0.9093805551528931,0.9174332618713379,-0.028400864452123642,-7.202060520648956,-6.270483161781802,49.315584313824814,0.8962842741575392,0.9564832448959351,0.25,28.807977835337322,0.954767516461792
37008,0.9172112345695496,0.9472306966781616,-0.007205173373222351,-4.194989800453186,-8.124797961134435,34.6799877263478,0.9315872242116339,0.9892947673797607,0.23529411764705882,17.907264653374167,0.9577968423865744
37009,0.8369309604167938,0.8461567163467407,-0.026226835325360298,-9.192196279764175,-9.23953934788334,21.399872085500576,0.8224239118236274,0.9661332368850708,0.36,22.421552658081055,0.9180332169539214
37010,0.8612426966428757,0.8636325001716614,-0.04359626770019531,-11.78564503788948,-22.64041327678223,35.4032210033231,0.8359525727143788,0.9397692680358887,0.47368421052631576,26.006014347076416,0.9315330567597281
37011,0.8757030293345451,0.9446306824684143,-0.011446809396147728,-4.256477952003479,-8.190632153634052,41.624856216899076,0.9125391600553906,0.9782071709632874,0.2222222222222222,32.1954607963562,0.9359007815766867
37018,0.8209994435310364,0.9594632983207703,-0.016033316031098366,-0.3618209157139063,-1.5984567611006237,37.24900947276727,0.8965172839311334,0.9765956401824951,0.3333333333333333,26.859168653134947,0.9077086987658557
37019,0.818588376045227,0.9578768610954285,-0.04393300041556358,-4.091918841004372,3.385850962833567,-8.461093751541474,0.8776915323774049,0.932321310043335,0.2222222222222222,34.15619885479963,0.9072390311242753
37020,0.8988500609993935,0.8852528929710388,-0.050862785428762436,-10.232382267713547,-4.277820982340816,16.826083229566617,0.8483516322459548,0.913374662399292,0.0,21.35251760482788,0.9517674409085145
37031,0.730544239282608,0.7080225944519043,0.015791015699505806,-19.919580221176147,-20.68972921765494,31.232117141819867,0.6781289805940033,1.0383933782577515,0.17857142857142858,38.18196569170271,0.8700919698832456
37033,0.8120259195566177,0.8792920708656311,0.007620094809681177,-11.41405776143074,-36.44089127647391,-3.5146298013502033,0.8435884996193294,1.01333749294281,0.27586206896551724,31.74226366240403,0.901428885684369
38001,0.9049518704414368,0.902495265007019,-0.0668024867773056,-10.600800812244415,2.824857108326443,33.304431232466456,0.8658660178059838,0.9195821285247803,0.047619047619047616,18.130369413466678,0.9550809864248084
38003,0.8040360510349274,0.8199501037597656,-0.02646217867732048,-13.286291062831879,-21.01655576453047,-11.97001260128317,0.7937908171201857,0.9844009876251221,0.6666666666666666,25.761785961332773,0.9006977705146055
38004,0.8597487658262253,1.0270581245422363,0.02327992394566536,0.19654841162264347,5.7945403589825375,-0.013111865988758143,0.916880230400808,1.0399895906448364,0.11764705882352941,19.29713487625122,0.9323421354568592
38007,0.8151401877403259,0.9799057245254517,0.05048428475856781,-5.3595080971717834,-3.802559762482664,5.8229459086475135,0.87605812861588,1.0796396732330322,0.14285714285714285,27.027390684400288,0.9071811979031912
38012,0.5861824154853821,0.652249813079834,-0.025503525510430336,-28.082388639450073,-25.112943316078418,-204.3575614713615,0.5826904608478349,0.9449446797370911,0.17857142857142858,42.73151329585484,0.7759777451342602
38014,0.8166232705116272,0.7164223194122314,-0.03536051884293556,-29.48877513408661,-27.928587891835132,33.90812182110999,0.7006774893146255,0.9356662631034851,0.11538461538461539,38.44272173368014,0.9290152497194809
38017,0.6852772235870361,0.9976247549057007,0.07558409124612808,6.074376776814461,-9.753556245605646,83.04633041146164,0.8345003933104546,1.0583076477050781,0.875,33.267778158187866,0.8451300666874402
38018,0.8569412976503372,0.8915458917617798,-0.08449576795101166,-6.873642653226852,-11.737204456393533,-27.35929254515643,0.8617685905166742,0.9500272274017334,0.5,19.573602309593788,0.9303698989456339
38021,0.7936134934425354,0.7802492380142212,-0.031208576634526253,-22.92494624853134,-4.041352653483711,-801.8718329001631,0.7477849042276046,0.9279989004135132,0.34782608695652173,41.11124950906505,0.8993128667580359
38026,0.8905059397220612,0.9071695804595947,-0.06857085973024368,-5.124489963054657,-9.354643895983328,42.38319616104455,0.8466484444156858,0.8900483846664429,0.21739130434782608,25.405255607936695,0.9469919336928534
38029,0.7943325787782669,0.9059897661209106,0.06024107709527016,-5.294715240597725,31.559219124107134,-674.1641258170307,0.7819075302557944,1.1654016971588135,0.29411764705882354,22.736729515923393,0.8933759883416953
38030,0.8408722281455994,0.8582742214202881,0.03827179595828056,-11.402573436498642,-22.671828933762857,16.502676091237362,0.8322230148291965,1.0404884815216064,0.30434782608695654,29.42535980888035,0.9198526151203108
39001,0.9459501169621944,0.9561200737953186,0.002903648652136326,-2.3014817386865616,-11.909273426111234,49.40263022030956,0.9482520524942855,1.0031027793884277,0.6818181818181818,17.418373714793812,0.972746102895317
39002,0.9369111284613609,0.9642690420150757,-0.0540522076189518,-2.2496383637189865,-0.6193902925919385,2.5792929530378585,0.9273178225005774,0.9445605874061584,1.0,14.500762356652153,0.9694636430007286
39004,0.6259580850601196,0.6977244019508362,0.06761342287063599,-27.91944146156311,-13.47211637110506,5.531499734165021,0.632820985721559,1.061099648475647,0.125,28.638911247253418,0.8007094475228184
39005,0.750366747379303,1.1069217920303345,0.18574878573417664,11.665190756320953,0.1692653495996789,74.11561929447873,0.8014875766475758,1.1396740674972534,0.13793103448275862,15.420249412799702,0.9079887643651781
39006,0.8880410343408585,0.9047227501869202,-0.11542287468910217,-14.476598799228668,0.7021380018490104,15.554112392918423,0.863241256769891,0.9152920842170715,1.0,18.602262602912056,0.9505048636566467
39007,0.921913668513298,0.9070706367492676,-0.05819428339600563,-8.273275196552277,-6.915054838164607,14.117738504500482,0.8875858351862917,0.9482800960540771,0.28,19.616106033325195,0.963583939911057
39008,0.9395625740289688,0.9812237024307251,-0.047126587480306625,-0.4999621771275997,-0.7560674562670752,24.106808112265867,0.9415477221168633,0.9531521797180176,1.0,15.785016511615954,0.9705143903887923
39010,0.8343877345323563,0.8984009027481079,-0.03923666477203369,0.5647203885018826,-25.432083235130264,24.218374700306143,0.8651960339223521,0.9770283699035645,0.4117647058823529,16.449594497680664,0.9144310984143378
39011,0.9114557728171349,0.9842937588691711,-0.0516054593026638,-7.103787362575531,3.0937844006143735,-38.78656626313462,0.9357274243873538,0.9553682804107666,0.22727272727272727,20.093215595592152,0.9564995681408607
39012,0.7382250726222992,0.7755327224731445,-0.2627355456352234,-20.76372653245926,-8.171706049242337,29.10524600423991,0.7092860216720313,0.8396716713905334,0.3333333333333333,27.223046620686848,0.9082182721874815
39014,0.6569145321846008,0.888983964920044,-0.30673953890800476,-18.189838528633118,10.872107268646559,-9.744641102051945,0.7197740959090629,0.7798119783401489,0.5625,31.812995672225952,0.8668863928960304
39015,0.8036392778158188,0.8162194490432739,-0.21819892525672913,-16.093797981739044,-6.833159923242488,11.996264377836868,0.7728494093562897,0.8865912556648254,0.7647058823529411,25.385511622709387,0.9295687808699317
39016,0.9311860650777817,0.9619052410125732,-0.08117663860321045,-2.5504639372229576,-6.075205536978082,-41.2708951280344,0.9289765828248191,0.9490569829940796,0.2777777777777778,11.38103273179796,0.9684100626264603
39017,0.7708373665809631,0.914840817451477,0.05213901773095131,-5.05201481282711,-81.85823525236938,-85.83169968518976,0.7881228371169564,1.1526050567626953,0.26666666666666666,32.54208862781525,0.8802020766895783
39019,0.8955741673707962,0.8615545034408569,-0.1491837054491043,-13.729630410671234,-11.963413771182637,3.8824070484726962,0.833318441631095,0.9146847128868103,0.7777777777777778,19.366627269321018,0.9634365186617441
39020,0.9033319279551506,0.9175018668174744,-0.1363198608160019,-5.745519325137138,-0.9595269714842659,11.024356791364777,0.8723870109419838,0.9107236266136169,1.7333333333333334,19.707350730895996,0.9611559251275728
39021,0.8766660913825035,0.9151649475097656,-0.0292741060256958,-8.170083910226822,-0.5835366071671465,-12.962611092896356,0.8903860376798255,0.9708219766616821,0.7142857142857143,23.24186506725493,0.937016847025761
39022,0.886753186583519,0.9501815438270569,-0.08490906655788422,-5.7992588728666306,2.7448578701048056,32.76417476321048,0.9012459135432415,0.9344174861907959,0.16666666666666666,23.689297835032143,0.9455075702604568
39023,0.7779364138841629,0.8670510053634644,-0.029539771378040314,-12.359612435102463,-4.304017625854656,-35.85638196258654,0.822189304415167,0.9870516061782837,0.2631578947368421,18.475867572583653,0.8826392425598135
39025,0.8713609576225281,1.0171515941619873,-0.02539246901869774,2.9618849977850914,-14.200486967712564,8.854718005123253,0.9258200919985601,0.9643912315368652,0.13636363636363635,17.418850551952016,0.9372266204721824
39027,0.6394018232822418,0.7240632772445679,-0.19264549016952515,-31.8072646856308,1.4123134600220044,0.9706601372909428,0.6393200480808696,0.8425986170768738,1.0625,36.9947224855423,0.8291967289386254
39028,0.8892853558063507,1.0796259641647339,0.18324150145053864,7.011512666940689,-8.41820693818131,-36.4159667685305,0.8616394510953107,1.108297348022461,0.6923076923076923,15.609411092904898,0.9672123234225812
39029,0.7410992085933685,0.9212241768836975,-0.07474621385335922,0.41257734410464764,-25.66180532058372,-19.80835449757537,0.8407513654084318,0.9658464193344116,0.2727272727272727,15.529606559059836,0.8658805374326791
39034,0.9499468766152859,1.0007805824279785,-0.03802616521716118,4.662910103797913,4.415957900292705,19.654504536766346,0.957611902029899,0.9652665257453918,0.38095238095238093,15.93924363454183,0.9757156983464527
39035,0.8825375065207481,0.9321885108947754,-0.11040706932544708,3.181489184498787,0.29364803055552,77.46515592752739,0.8682674299061823,0.9008073210716248,1.5555555555555556,16.812343067593044,0.9460010702340607
39036,0.4744812846183777,0.7607073187828064,-0.08655127137899399,-10.033054649829865,-51.99193759990579,28.91747976846392,0.6125789189954152,0.9666308760643005,0.5909090909090909,22.999421032992277,0.6971458960317499
39037,0.9186736717820168,0.9970972537994385,0.0005048286984674633,-5.632808431982994,11.740058860393042,-6.479381858748144,0.9591170546331454,1.0004582405090332,0.25,24.15060599644979,0.9592228090472109
39042,0.918630987405777,0.9443753957748413,-0.006779595278203487,0.14483281411230564,-5.580437004261764,40.41877553565989,0.9303467666300732,0.9935195446014404,1.2666666666666666,15.104629198710123,0.9585816463206561
39049,0.8549880832433701,0.9121973514556885,-0.06142008677124977,-9.273243695497513,-0.9921011108307598,-36.99903017052314,0.8574148226712358,0.9147695302963257,0.11538461538461539,22.022735155545746,0.9268085063919973
39052,0.8573127239942551,0.9523611664772034,-0.04018257185816765,-4.5775700360536575,-10.627882212603529,57.84475418816623,0.8989708598138282,0.9487464427947998,0.18518518518518517,19.47737799750434,0.927126811644078
39054,0.8436282575130463,1.024375081062317,0.07681004703044891,2.6838090270757675,-28.29580502627529,-231.57914003433868,0.8111397383834185,1.1724015474319458,0.4375,36.78800165653229,0.9268442737432013
39056,0.8179061710834503,0.8596290349960327,0.1318020224571228,-12.062394618988037,-31.02435425972157,30.045542102527616,0.7673578701073951,1.1652379035949707,0.26666666666666666,27.589956919352215,0.9156507972748895
39061,0.6991141438484192,0.9931334257125854,-0.28956010937690735,2.402716688811779,15.854759474931257,3.3271684127136867,0.7764321733730895,0.8050627708435059,1.6666666666666667,21.967735290527344,0.890753032311994
39065,0.740321010351181,0.8127208948135376,-0.15792055428028107,-14.74500447511673,-14.050665980989246,-0.9628259135336943,0.7516003507463384,0.8925771713256836,1.3333333333333333,21.424861749013267,0.8771616574944592
39069,0.871756449341774,0.9842855334281921,-0.044564079493284225,0.3547646338120103,-12.16612232166322,34.75082784910677,0.9023082283086041,0.9278938174247742,0.23076923076923078,27.8452025519477,0.9359887804287752
39072,0.9415655992925167,0.9515211582183838,-0.015488574281334877,-4.987494647502899,-0.7712379743559846,-7.730690976716431,0.9418283328132127,0.9868611097335815,0.85,12.013981342315674,0.9706552504633217
39078,0.8942393064498901,0.9992222189903259,-0.03294231742620468,-0.7927739061415195,11.134332471547333,5.658207252587237,0.9371458292755015,0.9652643203735352,0.38095238095238093,21.13402003333682,0.9476218137479638
39081,0.8790983259677887,0.9511321187019348,-0.09791969507932663,8.28688070178032,-5.088180246666212,20.868730672636257,0.8750686979114564,0.9002956748008728,0.45454545454545453,26.142135533419523,0.942739123691967
39087,0.8679096847772598,0.9735130071640015,-0.0718560740351677,-3.8556311279535294,4.54919028851385,24.176629549971963,0.8976504893062953,0.9253612160682678,0.44,23.917051597877784,0.9351701189038671
39088,0.8097231388092041,0.8504413366317749,0.10763151198625565,-16.195939481258392,-12.109868106307216,-3.589074211184883,0.8115351027783427,1.0685869455337524,0.625,15.338212251663208,0.908092140713485
39095,0.8225901126861572,0.8146770596504211,0.01660774089396,-16.787856817245483,-28.95255712688006,51.78669517542408,0.7936971614006211,1.0231573581695557,0.2962962962962963,21.950200751975732,0.9123643579532007
39099,0.9405992850661278,0.9245191216468811,-0.054029639810323715,-10.786763578653336,8.075928402680285,81.81832009123583,0.9043530237941617,0.948070764541626,1.4375,16.785016655921936,0.9725348299646516
39101,0.9085415005683899,0.8693792819976807,-0.10312937200069427,-19.38401758670807,2.830694979291156,-691.6686551338752,0.819308438604136,0.8806561827659607,1.8888888888888888,24.443904558817543,0.9633295530945962
39105,0.9211107790470123,0.9979539513587952,0.014371946454048157,5.0629619508981705,-12.678820372688659,22.96083295282663,0.9568031745863388,1.0175457000732422,0.7777777777777778,25.854473643832737,0.9605801088317588
39108,0.847089022397995,0.7829291820526123,-0.15741251409053802,-29.912447929382324,1.3844585062256327,87.60540719334354,0.7398184783658301,0.8662166595458984,1.5333333333333334,25.649094581604004,0.9482631464769449
39114,0.6361639201641083,0.6963419318199158,-0.22931386530399323,-29.81146275997162,-2.476758912129612,-8.40607090218191,0.5694067722324381,0.7383419871330261,0.8,33.16869258880615,0.8427187559467647
39120,0.7553524076938629,0.7000125646591187,-0.08131619542837143,-24.992164969444275,-38.53071733928392,-48.25991106708401,0.6457690608311177,0.8440977334976196,0.35,39.37074422836304,0.8942570087358521
39125,0.6323509216308594,0.8835147023200989,0.15732865035533905,-8.860686421394348,-54.49759617081295,-67.77023619002433,0.6595087276439097,1.2600582838058472,0.8571428571428571,44.93990625653948,0.8136262598994924
39127,0.3803655505180359,1.495483160018921,0.022183695808053017,43.511566519737244,21.692332551699455,77.32693945573989,0.48879872756769593,1.01474928855896,0.625,25.66934823989868,0.8750774737644338
39141,0.8575131148099899,0.843385636806488,-0.06504586338996887,-16.695022583007812,0.6565670273574811,-10.177085588899242,0.820030275778575,0.9424228668212891,0.2,27.72898890755393,0.9325765870579998
39142,0.6666878461837769,1.3227888345718384,0.06204046308994293,13.762600719928741,25.93385141067253,-23.939797598688227,0.664640802912239,1.0319790840148926,1.8461538461538463,17.61299830216628,0.9148501466080503
39143,0.8565997183322906,0.9217483401298523,-0.06819150596857071,-10.692029446363449,5.8655705056143415,2.0034158623935268,0.8824539876538582,0.9498209953308105,0.65,31.446936130523685,0.9280568958380617
39144,0.80451700091362,0.6930387020111084,-0.18717451393604279,-28.287437558174133,-18.066367275426785,-35.9318572702817,0.6450004206471276,0.8281955718994141,0.3333333333333333,36.37648764110747,0.9522223759200833
40003,0.8912485390901566,0.9326276779174805,0.03696805238723755,-9.682552516460419,1.6242071108670793,-6.275947370792595,0.8891885661306187,1.0685564279556274,0.10526315789473684,27.66281127929687,0.944862351524912
40004,0.7441142797470093,1.2482836246490479,0.09149868041276932,25.94504952430725,-18.274356228985425,15.854457430289711,0.6928897690936349,1.1647093296051025,0.13636363636363635,42.40131792814835,0.9255502021525289
40005,0.9167241528630257,0.9306108355522156,0.0064782025292515755,-7.380295544862747,3.9186704330015587,88.48441694480975,0.9170618554443349,1.0169906616210938,0.26666666666666666,17.803251042085535,0.9578669120850106
40006,0.6346497237682343,0.9701253771781921,0.17508314549922943,-1.8573137000203133,-40.39553671356341,50.7513397029118,0.6374295237073317,1.3177523612976074,0.7333333333333333,97.27367162704468,0.827958452459466
40007,0.8699437379837036,1.0751851797103882,0.0860888883471489,5.396618694067001,-1.3485979397893026,38.60533195797385,0.8241340672417949,1.1493855714797974,0.3,23.993925821213498,0.9455944296005963
40009,0.820719763636589,1.08965003490448,0.02073405683040619,7.998237758874893,77.06831199999606,75.30688035356187,0.8764072556913168,1.0330852270126343,0.15789473684210525,18.88443350791931,0.9216201209435769
4001,0.8581735044717789,0.9175286889076233,-0.040593814104795456,0.4193420987576246,-15.82724816486005,37.60939555275968,0.8860860456733081,0.9701322913169861,0.5,28.01209347588675,0.9273171834951707
40010,0.89818474650383,1.0047975778579712,0.051851943135261536,1.7846152186393738,-9.921928399807344,30.042724099753748,0.8791597413944263,1.1102150678634644,0.2,22.493798392159597,0.9506847877180826
40011,0.9338851347565651,0.9545074105262756,-0.03193177655339241,-1.0363314300775528,-3.029793313026995,-38.28018762093607,0.9363495451417144,0.9701364636421204,0.20833333333333334,14.038223266601562,0.9669852471939675
40012,0.814937561750412,0.9501814842224121,-0.2272161841392517,-2.6867397129535675,21.10749036489822,13.589602488240878,0.7824633576605478,0.799770712852478,0.5263157894736842,22.78607017115543,0.9310903576091399
40013,0.7201099097728729,0.5956154465675354,-0.1340571939945221,-42.99541711807251,-11.719236868678957,26.674393465297292,0.5453038489135931,0.8092135190963745,0.47619047619047616,40.557502564929784,0.9174031389069214
40016,0.7350491583347321,0.6706759929656982,-0.028108974918723106,-27.086016535758972,-32.35841590253353,29.860505245944257,0.6500991897841695,0.9776098728179932,0.34615384615384615,35.49777544461764,0.8839183150305812
40017,0.7722459584474564,0.7048850059509277,-0.03661281615495682,-35.07612347602844,0.26499601376103216,-51.200204602383046,0.6808746177126088,0.9294185042381287,0.2608695652173913,45.94856345135233,0.9011748900152067
40018,0.5661613047122955,1.0906553268432617,-0.4961358308792114,13.02255392074585,37.37850172301337,-54.91064286440231,0.6705093766237982,0.6940975189208984,0.3,29.38279390335083,0.917723911873319
40020,0.8245642632246017,0.8555021286010742,-0.010963664390146732,-17.181560397148132,-12.159163129895207,11.509313401641688,0.8285668752667552,0.9809540510177612,0.19047619047619047,34.466151757673785,0.9097396363604171
40021,0.7923891395330429,0.9546454548835754,0.06703229248523712,-8.03878828883171,-3.784079014395978,32.792990682822335,0.834528445801443,1.1193078756332397,0.42105263157894735,38.182685249730156,0.8946936312559797
4003,0.8359830379486084,0.8370504379272461,-0.062194012105464935,-19.580964744091034,-6.577612160046684,7.68907135259721,0.8040530767988582,0.9260114431381226,0.21739130434782608,34.821406654689625,0.9201981805609131
40033,0.8152644485235214,1.1619654893875122,-0.05593179166316986,14.615991711616516,30.02105242916623,-73.94908384395714,0.8215876177649688,0.9664126634597778,0.3,19.858297109603882,0.9331415734078611
4005,0.877465158700943,0.9604899883270264,0.004297291394323111,-2.159424126148224,-12.839324507221464,37.00920389702502,0.925457002410986,1.0055651664733887,0.13793103448275862,21.89165970374798,0.9370345619464083
4006,0.9147050455212593,1.0121132135391235,0.018561124801635742,-0.3073850879445672,-0.9692658396174291,10.018139422913617,0.9507984835876303,1.0227798223495483,0.2857142857142857,22.162815502711705,0.9581056212749813
41001,0.7113826274871826,0.6330901384353638,-0.056958362460136414,-38.22947442531586,-12.470541278664422,-669.2976750027577,0.5816936994851793,0.8381906747817993,0.2631578947368421,40.97015481246145,0.8809409524250869
41003,0.8239869028329849,0.7647808194160461,-0.06036647409200668,-26.69292390346527,-7.999967942683433,1.676646881901615,0.7144495573994339,0.8573262691497803,0.09090909090909091,38.92002520353898,0.9234807287013818
41004,0.4154926538467407,1.218636155128479,0.44551604986190796,3.956311196088791,35.96159190606923,26.84882413704533,0.24322409241872134,1.7110912799835205,0.10526315789473684,32.8788581647371,0.8612296951884079
41005,0.914850652217865,1.0685404539108276,0.05823514983057976,3.2108355313539505,8.020315697842854,-39.45776913542414,0.8743765594706856,1.0989102125167847,0.3,17.471608661469958,0.9639413692993704
41006,0.8549829125404358,0.9279290437698364,0.03608303889632225,-10.813508182764053,0.8775994928066546,-33.583759679598444,0.8680063678581036,1.0815904140472412,0.10526315789473684,29.584023952484127,0.9253601947371254
41009,0.9110818579792976,0.91434645652771,-0.0160113126039505,9.44887399673462,-10.71564309411826,22.11421793048809,0.9024230064298518,0.9856125116348267,0.4583333333333333,14.022165536880493,0.9555282073290129
41011,0.8665343821048737,0.8668820261955261,-0.06653803586959839,-15.401582419872284,17.552935446778214,14.78216965804234,0.8370876466598288,0.9314606785774231,0.3333333333333333,27.171679905482698,0.9357940708348762
41012,0.8947451338171959,0.9715793132781982,-0.007652807515114546,-7.758663594722748,-4.981901241569208,-11.79714426237722,0.9371080358216927,0.9838225245475769,0.38095238095238093,26.32047479802912,0.9462789332528388
41013,0.8056990951299667,0.8700296878814697,-0.024084188044071198,-13.725891709327698,-6.554757459299592,-683.9692399391688,0.8265551971427822,0.9464859366416931,0.2,36.84796832856678,0.898377843809167
41014,0.8925274312496185,0.8106958270072937,-0.08000941574573517,-15.488210320472717,-20.181069257065175,4.763310485842656,0.7514556421142692,0.8440530300140381,0.09090909090909091,23.921491788781207,0.9597660531817315
41016,0.8181067854166031,0.79047030210495,-0.007293630391359329,-20.851272344589233,-5.1597795551576,24.545124441232545,0.7724647230568374,0.983968198299408,0.18181818181818182,39.98501084067605,0.9127498464881371
41019,-0.025961756706237793,1.7052388191223145,0.18239150941371918,81.98237419128418,-2.5501125067579227,-107.68282648526744,0.21640390537044008,1.3091387748718262,0.38095238095238093,57.23217183893377,0.8547613502114261
41020,0.7598346769809723,1.0597721338272095,0.024378562346100807,-6.442742049694061,-12.525126838080059,8.183488960741055,0.8619736066605366,1.055507779121399,0.09523809523809523,32.236190275712445,0.8886561015005652
41022,0.849437952041626,0.9833669662475586,0.028670860454440117,0.46902094036340714,-11.228468006607676,-39.40257859359796,0.9033481432706998,1.0573548078536987,0.2857142857142857,24.82105168429288,0.9240042789791647
41023,0.6461075246334076,0.629429817199707,-0.10602632164955139,-44.800204038619995,-69.97714837486151,-134.48188288805522,0.5319633762514031,0.7651975750923157,0.5,27.469012737274166,0.8368931575720554
41025,0.8891823440790176,0.9719193577766418,0.021672943606972694,-6.281144171953201,-12.183643728387462,-27.906212151055744,0.9181212144588363,1.0523344278335571,0.09090909090909091,22.768845765487008,0.9436375948228446
41027,0.7877759039402008,0.7283660173416138,-0.07207787781953812,-29.664796590805054,1.4627234949448293,-11.346433180752735,0.6915752514978764,0.8860944509506226,0.35,38.55963468551636,0.908532350803677
41028,0.5806598663330078,1.100396752357483,0.0710839256644249,7.142031937837601,11.55499503565152,14.161786135344686,0.7468110786153691,1.1424516439437866,0.42857142857142855,39.848457683216445,0.8163354929070517
41029,0.8626029193401337,1.0745675563812256,0.03478122875094414,4.445356130599976,6.07849149986276,-627.7023087715725,0.8767638562525234,1.0770225524902344,0.30434782608695654,25.453333059946697,0.939218809908241
42001,0.8297612965106964,0.9662641882896423,0.13848558068275452,-3.798484429717064,-19.932203899094386,32.999350085743906,0.7338192775786694,1.2523800134658813,0.28,21.74696922302246,0.922421647349623
42003,0.727543294429779,0.6267571449279785,-0.07944588363170624,-47.56782352924347,-2.826004983588882,-2.512114730443413,0.5878925184001514,0.8575771450996399,0.2,48.004451751708984,0.8988166123798651
42004,0.9030362144112587,1.0331650972366333,-0.08060163259506226,15.074160695075989,-6.592231496426704,13.68351457368375,0.9336228888635423,0.9621120095252991,0.07692307692307693,14.348604128910944,0.9567507527707674
42006,0.9261754006147385,1.013697624206543,-0.0006264515104703605,-4.883965849876404,16.591375417580522,25.77083189673461,0.961178775626978,0.9994869828224182,1.0769230769230769,15.120895092303938,0.9636792157808735
42008,0.8157007843255997,0.7570423483848572,-0.16570842266082764,-27.95056700706482,0.5421967193879437,-6.170366852467681,0.7256267199783211,0.890095591545105,0.7777777777777778,14.495982064141167,0.935398937209291
42010,0.9128978103399277,0.9114803671836853,-0.18854528665542603,-11.7924265563488,-2.013329786404842,-12.14753318428309,0.879037364360854,0.9211258888244629,0.8333333333333334,12.64017124970754,0.9760185819205236
42011,0.8460397571325302,0.9808913469314575,-0.04518817737698555,-3.277280181646347,12.678092943782973,19.449850057471888,0.9077919829342354,0.9534254670143127,0.30434782608695654,26.37090061021888,0.9227472287469792
42016,0.8868009895086288,0.8776097893714905,-0.17150947451591492,-6.227992847561836,-18.97637362411845,5.584070708001175,0.856509247676658,0.9361751079559326,0.9,12.177685499191284,0.9608003124988107
42017,0.7325843572616577,0.9853647351264954,0.03461682051420212,1.3362412340939045,-12.96774024669675,86.58005290293312,0.8524508133531635,1.0577735900878906,0.038461538461538464,22.991220767681416,0.8650230249613596
42024,0.8752958849072456,0.9801183938980103,-0.11062191426753998,5.671080574393272,-11.72461897887344,-2.216539928799265,0.9245449729490735,0.9549501538276672,0.4,11.544137001037598,0.9428275048129737
43005,0.9592294283211231,0.9530110955238342,-0.01277847308665514,-9.276629984378815,5.257955307060126,-14.04052224243974,0.9480743704867576,0.99092036485672,0.6,12.469202677408854,0.9798536831618978
43006,0.9378481321036816,0.907329261302948,-0.0370105542242527,-12.662507593631744,2.430785052924509,-0.8409596742274252,0.8985440138896374,0.9703661203384399,0.34782608695652173,19.52274985935377,0.9712374465116018
43007,0.9526892192661762,0.967380702495575,-0.005447413306683302,-0.9073877707123756,-9.149016663492713,-8.564868607530375,0.9590957187749554,0.993793785572052,0.4782608695652174,19.533889190010402,0.9761122509363129
43008,0.9401380382478237,1.091609001159668,0.08160651475191116,7.027056068181992,1.4363010559525222,-12.49489473878462,0.883213085862191,1.069467306137085,0.7692307692307693,7.121643653282753,0.9794751955328088
43009,0.9155196473002434,1.1092318296432495,0.04563885182142258,9.556183218955994,-1.0478995744055597,0.6043984694156656,0.8640924127277766,1.0743664503097534,0.4166666666666667,18.44071944554647,0.968236644710105
43014,0.8498551398515701,0.8077346086502075,-0.16905830800533295,-19.958530366420746,-1.6162337519362782,-0.25013458238672054,0.7809315336212139,0.9089909195899963,0.5217391304347826,30.479329565297004,0.9476324572507939
43017,0.9327041655778885,0.9160588383674622,-0.0495644174516201,-9.398993104696274,-1.7222564298790808,5.0316348045583625,0.8963740940837165,0.9480658173561096,0.45,27.29919910430908,0.9684555799885044
43018,0.9761646594852209,0.9792638421058655,-0.0305679589509964,-7.65087753534317,1.3167690682922293,5.671106129128567,0.963271971553172,0.9719407558441162,0.9230769230769231,15.671482452979454,0.9885266113645084
43021,0.86980040371418,1.2218234539031982,0.14514470100402832,20.612752437591553,0.8083734000138199,-17.712358631450766,0.7500511617571444,1.1125494241714478,0.5,22.82341548374721,0.9754764571057845
44001,0.9679441042244434,1.0159227848052979,0.032705653458833694,4.1350942105054855,-0.9775340816132079,-1.5969983132852548,0.970064372166545,1.0203427076339722,0.3181818181818182,8.181616934863003,0.9848744922747685
44002,0.9602643847465515,1.032633900642395,0.017307566478848457,12.501542270183563,-1.3186867688419777,7.228367382040371,0.9604205130949314,1.012505054473877,0.4,10.803070068359375,0.9814207662930852
44006,0.9190814346075058,0.9310406446456909,-0.11398667097091675,-3.7017151713371277,-3.9458622262922356,-13.554385547215894,0.8907395542797709,0.922336757183075,0.75,11.112812161445618,0.9660754805006674
44009,0.9004473760724068,0.8821814060211182,-0.22459761798381805,-14.899927377700806,12.506734749018458,-46.22855380669136,0.7971920544703177,0.8361366391181946,0.6363636363636364,21.45471139387651,0.9800340128385999
44011,0.7533443868160248,1.0896323919296265,-0.08584614843130112,4.122648760676384,18.250977816618562,-14.806877086254769,0.8358263752982059,0.9124861359596252,0.19230769230769232,19.344769991361176,0.8938852650881031
45001,0.9473410174250603,0.96727454662323,-0.025162389501929283,-5.374147370457649,-4.723607775172395,-24.351214411633066,0.948577136111838,0.9703420996665955,0.4,16.85687473842076,0.9736605888532198
45003,0.8936365321278572,0.9156804084777832,-0.030755164101719856,-11.591195315122604,1.0372070296317795,-41.43015757425862,0.8937940329768818,0.9641063809394836,0.43478260869565216,24.304898579915367,0.9463198171800735
45004,0.8312072604894638,0.9678983092308044,-0.025746624916791916,-5.638013780117035,5.938728953911736,-15.63265853287177,0.9019352433417236,0.966311514377594,0.35714285714285715,29.600879124232698,0.9136792963149926
45005,0.8660649657249451,0.922836184501648,-0.055224571377038956,-9.034854918718338,7.523780045051163,-16.019839566875383,0.8768447513343794,0.9319469928741455,0.3333333333333333,25.603461265563965,0.9323113815124321
45009,0.9519970640540123,0.9668106436729431,-0.029863905161619186,-6.8020738661289215,0.9500842964496548,-57.97330798890352,0.9473080500431473,0.966702401638031,0.6363636363636364,16.52848720550537,0.9762055014724808
45012,0.8817078992724419,0.8963938355445862,-0.0003478432772681117,-9.608764201402664,-8.271669072919833,22.231706939357785,0.8802757525211455,0.9994580149650574,0.38095238095238093,29.47611581711542,0.940005297121849
46003,0.9084409847855568,0.8960097432136536,-0.046609580516815186,-11.953461915254593,-1.9671976121557035,16.300230287528105,0.8750912018207143,0.9464670419692993,0.391304347826087,31.534214814503986,0.9561541705451193
46005,0.9109757393598557,0.9196165800094604,-0.03997064754366875,-8.76363068819046,1.2778086590815307,-6.513681244694798,0.8955395597007804,0.9498738646507263,0.10714285714285714,24.21431200844901,0.9559788694707001
46008,0.9095888808369637,0.8796379566192627,-0.02869194746017456,-13.218681514263153,-10.583831089987267,15.956852394727477,0.8680887247649047,0.9669658541679382,0.24,30.164175767164963,0.9573114973733133
47001,0.9485362209379673,0.9487571120262146,-0.02296663448214531,-6.106013059616089,-3.3126284252269955,-35.720746804671904,0.935950836089577,0.9712205529212952,0.3181818181818182,17.93473077856976,0.9745401245962526
47004,0.9449296109378338,0.9832093119621277,0.01598816178739071,-1.569574512541294,1.8708997586312115,0.06809837389258197,0.9633308847160762,1.0171356201171875,0.3181818181818182,17.44499531659213,0.9722679367136163
47005,0.895176850259304,0.862040638923645,-0.014957092702388763,-16.31307601928711,-3.594219283266558,10.30384387441177,0.851609460221437,0.9771133065223694,0.3181818181818182,33.27013098675272,0.950369704324494
47008,0.9070619568228722,1.0266836881637573,0.03098418191075325,0.8804904296994209,3.059304633009552,-27.145056701958175,0.934497371023438,1.040037989616394,0.23809523809523808,15.859269012104383,0.955553013867102
47009,0.9582417719066143,1.0376856327056885,0.02963205613195896,2.8967954218387604,1.6231343002995766,9.076980016673494,0.9472655148672757,1.0316102504730225,0.3333333333333333,13.633995964413598,0.9809865554194344
47011,0.8585926443338394,0.9846296310424805,0.08785158395767212,-0.5863954778760672,-13.205906973852727,16.426110306482702,0.8737333761867176,1.105425238609314,0.2777777777777778,28.570697182103206,0.9322317839139622
47014,0.9010644778609276,0.8741613626480103,-0.045180514454841614,-14.397607743740082,-7.99644673115537,-2.3535587828641966,0.8574810152595702,0.9517641663551331,0.041666666666666664,25.72844696044922,0.9536361917717926
47018,0.9057165905833244,0.9488377571105957,-0.015105603262782097,-7.016722857952118,-0.06484817038719147,85.91267046822566,0.9263172670788358,0.9778670072555542,0.22727272727272727,21.985474876735523,0.9518159708468508
48003,0.9190686047077179,0.9440851211547852,-0.055704306811094284,-2.248929440975189,-4.7427776460405155,15.502837007111783,0.913775496074593,0.9476268291473389,0.30434782608695654,25.11844842330269,0.9604368558410048
48004,0.8926975205540657,0.8472432494163513,-0.059415437281131744,-17.18277484178543,-5.949622721534676,17.385189844993114,0.8315462943698093,0.9471927881240845,0.28,36.54304504394531,0.9525297517853545
48005,0.9312536790966988,1.071183204650879,0.021000705659389496,7.892484962940216,0.6903794240445003,12.508726418883265,0.9197056204156985,1.022557258605957,0.3333333333333333,16.85656479426793,0.9704820588007401
48011,0.9410398788750172,0.92633455991745,0.0019721921999007463,-9.617622196674347,-8.217649250649645,-18.609351113268943,0.9208455704224073,1.0020017623901367,0.30434782608695654,27.72216002146403,0.9711067550017007
49001,0.9416935816407204,0.9425791501998901,-0.033902861177921295,-6.804882735013962,-1.1075523452860299,-11.570784644939405,0.9281082019642859,0.9675191640853882,0.4782608695652174,26.30476951599121,0.971429526932002
49002,0.9627991542220116,1.000189185142517,-0.004967480432242155,1.9923370331525803,-1.9397014234444276,-12.85191264085283,0.9809415578190147,0.9957806468009949,0.5333333333333333,12.62163480122884,0.9814154503436361
49004,0.8945066705346107,0.8699865937232971,-0.07695333659648895,-14.87983912229538,0.389328756008338,13.117931382730458,0.8382743380412658,0.9163674712181091,0.38095238095238093,38.658155713762554,0.9524889059916953
50001,0.945927444845438,0.972498893737793,0.010691328905522823,-3.841497004032135,-4.032878399844626,10.737181550538763,0.9586422866049032,1.0143510103225708,0.23809523809523808,13.359922712499445,0.972646789688462
50002,0.9254369735717773,0.9068701267242432,-0.00858211237937212,-11.925318092107773,-4.232887401650673,-547.6242054389045,0.8992351232783813,0.9872093796730042,0.08695652173913043,21.72205845514933,0.9637124385496195
50006,0.9492491222918034,0.9432821869850159,-0.03240635246038437,-9.337157011032104,4.074755422818824,0.546582933714637,0.9264839724009689,0.960243284702301,0.3,18.915202504112607,0.9753606089873043
50007,0.8962974697351456,0.8439733386039734,-0.05276155099272728,-15.847915410995483,1.856170404384666,5.815567576917795,0.8207388207379963,0.9242885112762451,0.13636363636363635,28.7548189577849,0.9546345748477255
50008,0.9046953618526459,0.9001935124397278,-0.04084351286292076,-11.929703503847122,8.769925414826915,74.78923369894076,0.8724004727333174,0.9354998469352722,0.08333333333333333,21.596439361572266,0.953523827027295
50011,0.9156627878546715,0.908935546875,0.003490832168608904,-11.510918289422989,-8.28395182929166,25.178055246633164,0.8996864814604738,1.0045546293258667,0.22727272727272727,19.38336828480596,0.9581750943751395
5003,0.7827083617448807,0.8473061323165894,-0.038245368748903275,-7.895845174789429,-35.10207041530234,39.61076599717628,0.8075202545568733,0.9712367057800293,0.4166666666666667,23.347389698028564,0.886396707427349
51001,0.9307821989059448,0.9205973148345947,-0.04982944205403328,-11.297712475061417,4.80642034440871,4.3103112223935485,0.8999417905222589,0.9487200379371643,0.3,25.263931751251224,0.9671789036860561
52004,0.8735684454441071,0.9267562627792358,0.0025869421660900116,-11.39490082859993,-0.7171936873874739,-54.34149125902218,0.901803343443495,1.0034681558609009,0.23076923076923078,28.093136273897613,0.934686064184308
52005,0.9102749451994896,0.9525680541992188,-0.039691466838121414,-9.540750086307526,4.086884711790011,-25.62599846530624,0.9202990871590305,0.9545086026191711,0.3181818181818182,24.093888022682883,0.9549114339374706
52006,0.8850441351532936,0.9647862911224365,-0.002508885692805052,-5.616075173020363,-6.892058369868896,16.27900422486112,0.9312459493026152,0.9962080717086792,0.2608695652173913,22.326199904732082,0.9410700799744455
52007,0.8253432363271713,0.9483742117881775,0.0008255038992501795,-3.195568174123764,-4.540259493941445,-26.846608496204777,0.8956474493295554,1.0014036893844604,0.3333333333333333,28.818442424138386,0.9093233079614849
52009,0.9030931666493416,0.9568530917167664,0.07835496962070465,-4.999788478016853,-14.082976640044025,-3.3587190146594934,0.9089327194753861,1.0653705596923828,0.28,15.755750656127928,0.9535426667440805
52010,0.8806069940328598,0.8968873620033264,-0.07210489362478256,-11.805474758148193,6.368816802289635,-50.98248234739226,0.8509972675325214,0.9092454314231873,0.2727272727272727,21.74384490303371,0.9422660719283839
52011,0.8792054429650307,0.918402373790741,-0.029141521081328392,-7.038307934999466,-3.6417651059107263,-18.198955878346975,0.8875000360800098,0.9531586170196533,0.20833333333333334,23.30050071080526,0.9383237961649583
52015,0.8315548300743103,0.8070270419120789,-0.1157713457942009,-24.4430273771286,2.8363459104639017,-28.239621831091654,0.7638723479080662,0.8851491212844849,0.35,41.155548095703125,0.9270138287925668
52016,0.9301664605736732,0.9659237861633301,-0.05292399972677231,-4.799295961856842,3.5116863539959633,-2.378393477458087,0.9340971756364693,0.9550628662109375,0.43478260869565216,26.082484618477196,0.9659023766741461
53005,0.9336584657430649,0.9562593102455139,-0.02785150706768036,-8.244296908378601,6.585880995272038,-6.189960041697703,0.9377769620764642,0.9708321690559387,0.35,22.74716468084426,0.9667179305593202
53006,0.9140263050794601,0.892701268196106,-0.010536962188780308,-9.34903398156166,-12.261283825457003,23.797304849220037,0.8836729095926146,0.9831231236457825,0.2727272727272727,28.86064570883046,0.958356931423723
53007,0.9130413606762886,0.9482122659683228,-0.058370281010866165,-7.718835026025772,9.909691826309405,-54.853605118836356,0.9039499719027502,0.9312599301338196,0.36363636363636365,23.51316783739173,0.9573568141886728
53008,0.9446512386202812,0.9620210528373718,-0.005359210539609194,-4.788485914468765,1.8395411032602609,-0.2672968118512893,0.9523217407575308,0.9931672811508179,0.23809523809523808,22.197012674240842,0.9719976799186492
53009,0.9492680355906487,0.9505636096000671,-0.037272434681653976,-4.398799315094948,-2.5280339657171966,14.957081850315902,0.9342248508543477,0.9643088579177856,0.34782608695652173,19.285142421722412,0.9753310736710044
53013,0.8795579522848129,0.8641837239265442,-0.06742669641971588,-14.816994965076447,2.254354960395879,-14.914300589068716,0.8357943049360113,0.9269351959228516,0.2608695652173913,33.33227435747783,0.9436175217806594
53017,0.9033652693033218,0.9757874011993408,0.05812584236264229,-5.876614153385162,-2.2621718655524052,26.47808754540687,0.8971681053687978,1.0879395008087158,0.5,25.246429443359375,0.9525153413166434
53018,0.9628341011703014,0.9702654480934143,-0.017626704648137093,-1.3557001017034054,-4.806421342208817,40.14365529981177,0.959050059440704,0.9788069725036621,0.21739130434782608,16.964799424876336,0.9814632893893253
53022,0.953171294182539,1.073395848274231,0.010389510542154312,5.3070321679115295,12.062341732676366,-34.30746415022305,0.9231731351610135,1.0120295286178589,0.4583333333333333,18.430066108703613,0.9807462456044002
53023,0.9665720835328102,0.9764868021011353,-0.023431019857525826,-3.212912008166313,-8.828588573164545,-61.58505593027689,0.9620120524797853,0.9751758575439453,0.8333333333333334,19.004456202189125,0.9834477907006673
53028,0.9689893834292889,0.9463874101638794,0.0027538498397916555,-7.570254057645798,-5.348727338020279,-3.9043288047989892,0.9442911959636404,1.002882480621338,0.42105263157894735,12.687809843766063,0.9851388976286068
54001,0.9491005390882492,1.0366562604904175,0.03849881514906883,3.4899916499853134,-1.044787941540528,-11.420961778578734,0.9412039222986818,1.0396946668624878,0.5454545454545454,11.829026178880172,0.9768131342654032
54002,0.9236167222261429,0.9084736704826355,-0.007900476455688477,-12.382785975933075,7.612770013108247,-71.76764205862953,0.900561956849318,0.9893929958343506,0.17391304347826086,17.878432895826258,0.9626055232240693
54003,0.743125319480896,0.7720552086830139,-0.020220410078763962,-21.04339450597763,-32.525588395451905,92.27971607054714,0.7339088517546697,0.9638826847076416,0.5454545454545454,51.116496866399594,0.8675567637738854
54004,0.8657717704772949,0.861629843711853,-0.0338609479367733,-14.450855553150177,-2.7951953908309237,-10.335685980904572,0.8430114107196278,0.9664177894592285,0.2692307692307692,28.79538902869591,0.9338837981412238
54005,0.9488460496068001,0.9978320002555847,0.021818621084094048,1.2916669249534607,-3.59578770908137,-7.746179730925111,0.9638237904938428,1.0256764888763428,0.5714285714285714,12.589968953813827,0.9746083511696338
54007,0.8054586052894592,0.7411614060401917,-0.048602357506752014,-26.33962631225586,20.683693968126157,-17.683029683130417,0.7146818862830742,0.9146931767463684,0.45454545454545453,40.70099917325107,0.9155502859787689
54008,0.9666299037635326,0.9435434937477112,-0.016493504866957664,-4.536017403006554,-1.7295365990773723,23.037801693845832,0.9378392673523399,0.9793750047683716,0.2857142857142857,12.16588815053304,0.9841497900085059
54011,0.8800905421376228,0.9613577723503113,-0.03523955121636391,-9.276154637336731,4.846549190591098,15.573050958855324,0.9142468934358435,0.9536704421043396,0.12,26.582759857177734,0.9390578504410465
54012,0.8769363835453987,1.1372349262237549,0.014198271557688713,17.701295018196106,2.7452796467318956,14.703931805666096,0.8548950356360752,1.011406421661377,0.5454545454545454,20.418730649081144,0.9542624962170069
54015,0.5112088918685913,0.47298189997673035,-0.045324381440877914,-32.71734416484833,6.4297803588217155,5.03050767212655,0.4087930323352329,0.8484448790550232,0.3,34.0711236000061,0.7790732108172815
54016,0.9397884756326675,0.991338849067688,-0.006499352399259806,2.598194405436516,3.493005914977597,-24.482638277095052,0.9677800607302032,0.9933341145515442,0.5909090909090909,14.858302203091709,0.969690349354287
54017,0.7195272445678711,0.788649320602417,-0.07496599853038788,-18.272922933101654,3.424459774641385,12.199207581703513,0.7041267711645961,0.8531166911125183,0.3,31.38952493667603,0.8540645641732892
54018,0.9021545276045799,1.0190099477767944,0.01417800784111023,1.6023660078644753,-8.241532760494104,1.6398453583655745,0.9450833364985529,1.0193885564804077,0.2,20.439798831939697,0.9522658854354586
54019,0.8982296735048294,1.0347493886947632,-0.02090941183269024,4.250722751021385,4.830860894311799,4.9704958644123405,0.9344381360692541,0.972612738609314,0.4090909090909091,15.81259098919955,0.9516184342860615
54020,0.9299047589302063,0.9944000244140625,-0.015797575935721397,0.8472729474306107,-3.7755371462727907,-17.957011125100575,0.9612272904952069,0.9845180511474609,0.13636363636363635,17.700254917144775,0.9648962603771715
54022,0.890462726354599,0.9293056726455688,-0.04454975575208664,-9.931943565607071,7.6383925173948,22.025874612269313,0.8911383001694265,0.9382866024971008,0.2222222222222222,23.36387281064634,0.944821758468074
54024,0.9162788689136505,0.9845325946807861,-0.0270598903298378,-0.5296598188579082,-3.002396001534746,24.406148664714173,0.9487142779992433,0.9750020503997803,0.22727272727272727,16.494315320795234,0.9579751600881702
54025,0.9417638070881367,1.0188639163970947,0.04581646993756294,-0.42665996588766575,3.0307163600281184,30.88498819468115,0.9276157621909712,1.064298391342163,0.2857142857142857,13.766417049226307,0.9726257892868578
54027,0.9449854455888271,0.9862701296806335,0.0066782389767467976,-2.0521992817521095,7.3475343088764635,-1.6273517879269588,0.9687265687610935,1.0042699575424194,0.7777777777777778,15.408907996283638,0.9722279704548996
54028,0.9393796846270561,0.9449014663696289,0.026377389207482338,-8.838647603988647,-6.949258099830112,19.899300154753362,0.9273305021111391,1.0365898609161377,0.23809523809523808,18.443658238365536,0.9698970168697564
54029,0.9539084993302822,0.9713550209999084,-0.04891020432114601,-4.052497074007988,3.6434521778376623,17.201304130876025,0.9295017726139219,0.9394829869270325,0.25,13.731176853179933,0.9779283808616185
54032,0.9617745764553547,0.9804458618164062,0.007132630795240402,1.8718218430876732,0.1583885905148523,8.390053174445738,0.9716632534810312,1.0070114135742188,0.9,9.402069449424744,0.9807270406302387
54034,0.8455208241939545,0.9886559844017029,0.06374794989824295,3.918459266424179,-2.561660885287753,-442.7412016195043,0.843798487060987,1.1359903812408447,0.23809523809523808,24.08376648312523,0.9239944596459447
54036,0.6768489181995392,1.1220413446426392,-0.061832722276449203,-0.43900497257709503,11.841024456295191,-6.3621430536234165,0.7937109721644945,0.9037852883338928,0.36363636363636365,26.89771218733354,0.8643393850001321
54038,0.9496635533869267,0.9815869927406311,-0.007046111393719912,-1.343005895614624,-3.2877615227639163,4.358345444656391,0.9674275340878284,0.9913620948791504,0.2727272727272727,19.003493135625664,0.9745576476246947
54044,0.8973627239465714,0.9588421583175659,-0.0970054492354393,-3.0982308089733124,6.913781984800904,-31.542881436270786,0.9116905476462187,0.9381426572799683,0.09523809523809523,13.855522019522532,0.952268871847766
54048,0.7969592660665512,0.7977686524391174,-0.015678638592362404,-13.670334219932556,-0.07522201790907067,-3.6391122957518585,0.7710493413183213,0.9650007486343384,0.17391304347826086,41.513857634171195,0.8985310955103619
54049,0.8891656622290611,0.8631840348243713,-0.013261595740914345,-9.445016831159592,-9.354767896098979,10.799206317792516,0.8511561269381374,0.9755119681358337,0.18181818181818182,23.34556362845681,0.9467437654679135
54052,0.5040997862815857,1.12679922580719,0.5814149379730225,22.88854569196701,-31.642004353187236,47.66701561484312,0.5005545119548986,1.4789674282073975,0.391304347826087,21.02193417756454,0.9370877231400873
54057,0.9299980700016022,0.8712749481201172,-0.06496589630842209,-12.928076088428497,2.4126477282523653,18.165822889780646,0.852263923382918,0.9332298040390015,0.5,15.196167338978162,0.9717590672239804
54060,0.6833801567554474,1.1081492900848389,0.13143321871757507,13.210481405258179,7.943521243098223,28.226765599782222,0.7554607766428996,1.176800012588501,0.4117647058823529,40.89828659506405,0.8702120253530969
54063,0.6491551995277405,0.5663499236106873,0.0496351420879364,-39.4006222486496,-22.642048147997635,9.584263000111468,0.5362968264804131,1.083264946937561,0.15384615384615385,43.56858546917255,0.8584542724376167
54080,0.8154690116643906,0.7595282793045044,-0.07990381121635437,-18.89675110578537,-17.970875656555446,85.93694540265977,0.7273047351697974,0.8986968398094177,0.19047619047619047,29.256057739257812,0.9207931269272476
54095,0.9515268467366695,0.9348779320716858,-0.03776625171303749,-8.421963453292847,0.25989984783353076,-7.6389439759440885,0.9198007530962771,0.959172248840332,0.5238095238095238,18.114998227074032,0.977106109812691
54096,0.834565132856369,0.7505205869674683,-0.1096421480178833,-29.525166749954224,-0.08913361636327602,19.831833791031027,0.698919108438188,0.842772901058197,0.3333333333333333,39.566089993431454,0.9392598559851599
55002,0.9441170282661915,0.8875921368598938,-0.05828116461634636,-12.109364569187164,4.435709332442741,7.44607065009692,0.8636882010813136,0.9262339472770691,0.13636363636363635,16.969018397123918,0.9775512072841028
55007,0.9313041567802429,0.9489036202430725,0.022739948704838753,-8.305410295724869,-11.051680860716127,55.099752908358354,0.9312106759224547,1.0304545164108276,0.30434782608695654,19.638801657635234,0.965450708936882
55008,0.8663886487483978,0.9401447176933289,-0.04212629050016403,-6.702864915132523,6.37535572755714,21.360020850844762,0.8919426381162519,0.9413385391235352,0.21428571428571427,19.361891065325057,0.9317902379046592
55013,0.9166999757289886,1.137058973312378,0.031979288905858994,11.79381012916565,12.453229852243307,-17.707765676481383,0.8551542026443454,1.0376250743865967,0.2727272727272727,17.450995878739793,0.9720805332508783
55014,0.9443095438182354,1.0712003707885742,0.08282361179590225,3.8285933434963226,1.1490256106221426,-3.5330338200947713,0.8839303310058457,1.089361310005188,0.15,12.856656312942505,0.9795737537922709
55016,0.9138011783361435,0.9836099743843079,0.060351721942424774,-5.98849281668663,2.340910923715268,-5.9394581447061245,0.9016487944997236,1.0874906778335571,0.4090909090909091,19.365152445706453,0.9581704891745162
55018,0.7572730630636215,1.163522481918335,0.04016363248229027,3.9054788649082184,15.059681583055617,13.425892299479608,0.801620941777333,1.0642496347427368,0.3333333333333333,32.82165981474377,0.9078770762296104
55021,0.9579792954027653,0.9459797739982605,-0.008680367842316628,-8.179967850446701,-9.538668494742677,-6.000009772093453,0.9414358648952764,0.9907230138778687,0.0,14.037818908691408,0.9793720909499997
55023,0.9476567171514034,1.0637571811676025,0.032444264739751816,7.740044593811035,7.528197424912743,8.147432078118925,0.9232949988702328,1.036413550376892,0.43478260869565216,11.37428905652917,0.977802423627147
55025,0.9026167318224907,0.9803025126457214,-0.03504487872123718,-1.33662773296237,-2.089873801067277,35.9066647150096,0.9301640120974055,0.9541396498680115,0.25,15.690975189208983,0.9511542992267407
55026,0.9190093129873276,0.9475789666175842,-0.008694102987647057,-7.534002512693405,6.4428197909356655,16.487732087167405,0.9323229076239122,0.9885538220405579,0.2916666666666667,24.226510524749756,0.9587542838379312
55029,0.8833236619830132,0.9926183223724365,0.0375661626458168,-3.7956591695547104,-4.535254527193556,23.67529250896544,0.9172356996887681,1.0585451126098633,0.28,24.73995590209961,0.9419663026258972
55032,0.8389880210161209,0.9691235423088074,-0.011063218116760254,-4.654140770435333,-5.280318917669109,-121.46082409446537,0.9096369486909711,0.9799189567565918,0.47368421052631576,34.96533193086323,0.917484079690168
56001,0.9461791440844536,0.956187903881073,-0.007247426547110081,-8.667190372943878,9.174620726257217,-8.759286226999325,0.9476559697267948,0.9907629489898682,0.375,17.33170747756958,0.9728877402722615
56002,0.9492953158915043,0.9509170055389404,0.001656783395446837,-2.812386676669121,-3.0503295341737866,23.537748695208506,0.9447009598923778,1.002012848854065,0.19047619047619047,14.367980048769995,0.9746072464854498
56007,0.9092593640089035,0.9640920162200928,-0.0014712463598698378,-2.977892756462097,-0.5093359588904883,2.7326288416024322,0.9412964321279881,0.9978405833244324,0.16666666666666666,23.786465326944985,0.9536096723293841
56012,0.9220815971493721,0.9981533885002136,-0.030871355906128883,1.4603501185774803,-5.197085468080679,-16.924171496468578,0.9508319016509994,0.9695398211479187,0.3333333333333333,18.994088967641197,0.9614478350085878
56013,0.9302252903580666,1.0255681276321411,0.021208100020885468,0.06718956283293664,6.0735963207528885,-32.74659315729271,0.9499530413969846,1.0270200967788696,0.2916666666666667,22.271539767583214,0.9665204049478043
57004,0.9247964397072792,0.9646985530853271,0.015260901302099228,-3.7943143397569656,-7.308393663242146,22.618418456237343,0.9433242697562492,1.022491216659546,0.3,18.162922859191895,0.9617888574161108
57005,0.9260843396186829,0.9315100312232971,-0.023642223328351974,-6.638059765100479,-6.7365182463616256,16.792321174885775,0.9160899090447168,0.9685108065605164,0.34782608695652173,21.593508513077445,0.9631427315496528
57006,0.9253097698092461,0.9298192858695984,-0.015524429269134998,-9.73912701010704,1.8072667979999988,19.567936087102755,0.9175557023635331,0.9782275557518005,0.20833333333333334,22.936697800954185,0.9626143042277365
57007,0.8998400717973709,0.8520421981811523,-0.03063203953206539,-16.363871097564697,-1.0640268889304336,14.679385130143535,0.8387491778800791,0.9547116160392761,0.3333333333333333,29.742924372355144,0.9546207228626215
57008,0.9196781143546104,0.949155330657959,-0.0008124533924274147,-4.4090088456869125,-4.871619097324829,29.19530796586063,0.9347062574663649,0.9989138245582581,0.2916666666666667,21.021089951197304,0.9590498762339246
57009,0.8921950161457062,0.8948363065719604,-0.030357684940099716,-13.993450999259949,-2.750255552734487,12.566688037277668,0.8761443607053736,0.9623969197273254,0.125,30.675909916559856,0.946457257040186
58001,0.890537217259407,0.9868540167808533,0.008890366181731224,-1.103277038782835,-7.336524958806991,7.645064455909652,0.9421671843447235,1.0104924440383911,0.2,24.855911254882812,0.944667131739622
58002,0.9046221077442169,0.8534826040267944,-0.07157012820243835,-15.646421909332275,1.7755976557108903,-13.744632756247979,0.8165900811360053,0.8972971439361572,0.24,29.7595157623291,0.959701434625317
58006,0.9265171363949776,0.9162416458129883,-0.032878149300813675,-7.945007830858231,-7.918211718255354,1.289092974975458,0.8985952915994033,0.9553428888320923,0.16,21.259681701660156,0.9643181360936641
58008,0.879003144800663,0.8418673276901245,-0.06982605904340744,-13.140511512756348,-12.477719821396414,-2.9377813829120596,0.8083559410707126,0.9062286019325256,0.11538461538461539,27.645692458519566,0.9458850466552822
58009,0.836761474609375,1.1840760707855225,0.11342520266771317,20.000584423542023,0.08536838042376692,1.0464113578877445,0.7753090134042858,1.1190898418426514,0.2916666666666667,20.319644610087074,0.950810070223561
58010,0.8508274555206299,0.7684080600738525,-0.07730048894882202,-24.075742065906525,-8.521004882723986,-513.147055765104,0.7249299551379896,0.8634994626045227,0.15384615384615385,31.72308848454402,0.9417221634548949
58012,0.9124318808317184,0.9475143551826477,-0.021418524906039238,-7.832541316747665,2.266343151702022,-13.987243623508094,0.9263730175637532,0.9738327264785767,0.23076923076923078,20.238239948566143,0.9554863680741602
59001,0.8846935257315636,0.857014000415802,-0.007974574342370033,-12.61199414730072,-15.37833065549461,31.268620510529143,0.8463094273495743,0.9891869425773621,0.19230769230769232,29.019999504089355,0.9446929133501116
60002,0.8979369774460793,0.8984240889549255,-0.06085674837231636,-13.269960880279541,-0.5981387038720145,14.779952100768451,0.8636206201787666,0.9233131408691406,0.4782608695652174,31.044472818789277,0.9510020901218116
60003,0.9182512983679771,0.9233160018920898,-0.06183319166302681,-11.579935252666473,12.29604971675379,12.775894102215377,0.8902223071122642,0.9318193793296814,0.4782608695652174,25.912121931711834,0.9609857813746041
60005,0.8561793118715286,0.9988733530044556,-0.05630279332399368,-0.01185792061733082,4.366299048971782,44.20286599053434,0.9004056166346048,0.9295653104782104,0.2916666666666667,26.83131694793701,0.9295959775549021
60006,0.907612718641758,0.8908923864364624,-0.07074401527643204,-13.051097095012665,-2.9553137369892295,17.610633324816376,0.8555878223993311,0.915407121181488,0.391304347826087,29.396484209143598,0.9576390444508928
60010,0.9466133788228035,0.939912736415863,-0.08096601814031601,-5.9234559535980225,1.0433688346101504,29.466059371363258,0.8890614106155024,0.90962153673172,0.2916666666666667,16.717829306920372,0.9770081591242289
60012,0.8663008362054825,0.8428306579589844,-0.06895573437213898,-18.409612774848938,-6.357371691827433,43.10114596513357,0.8088833002331431,0.9105620384216309,0.32,30.887407302856445,0.9381595449493189
6007,0.9260945245623589,0.9392254948616028,-0.0377945639193058,-0.8111303672194481,-8.72362800080605,40.47975164645934,0.9221568837122123,0.9679813385009766,0.36,14.949110984802246,0.9633828510887599
6008,0.8784516379237175,0.8385069966316223,-0.02783059887588024,-16.41242504119873,-21.098867657977173,40.057961896684176,0.8238786152829369,0.9581625461578369,0.22727272727272727,27.372449377308723,0.9435342628338054
61001,0.8815343230962753,0.9394741654396057,-0.12789024412631989,-3.177204728126526,8.161838588018687,22.585391874881726,0.8572534461850628,0.8818135857582092,0.34782608695652173,29.641729852427606,0.9476055970023862
61002,0.9069860354065895,1.0401297807693481,0.039160534739494324,-3.1692147254943848,6.390585630275824,-33.0877803867168,0.928035165539484,1.0412575006484985,0.4583333333333333,19.46357488632202,0.9567986489265362
62001,0.9629992581903934,0.9775857329368591,-0.03585698455572128,-2.016945742070675,-1.3191729632102032,10.366969525018563,0.9521215446439751,0.9617170095443726,0.08695652173913043,14.150686885999598,0.9819900094093473
63001,0.9111878946423531,0.8631094694137573,-0.06845054030418396,-13.708879053592682,-3.7777916248372803,4.54628754320661,0.8317114721851067,0.9097382426261902,0.3333333333333333,24.036590258280434,0.9621208977705041
63004,0.8879341557621956,0.8984034657478333,-0.07557369023561478,-7.239580899477005,-1.0817935030790105,38.49765150714657,0.8498548694176432,0.9032260179519653,0.25925925925925924,22.450717290242515,0.9465537572498501
64001,0.9412987567484379,0.9810565710067749,-0.0029393292497843504,-3.74356210231781,-0.918634842372624,19.398987790719914,0.9645483159844331,0.9962460994720459,0.3076923076923077,15.740275382995605,0.9702699372966611
64002,0.8846705630421638,0.9857392907142639,0.023272188380360603,-1.231206115335226,-3.4157604150110608,29.060823763667827,0.9345699130780025,1.0264512300491333,0.19230769230769232,18.578514685997597,0.9418789119666906
64006,0.923896849155426,0.8648719191551208,-0.05765561759471893,-14.853830635547638,-8.243669580163902,23.821728080213873,0.8486922905114208,0.9396593570709229,0.19230769230769232,25.46239266028771,0.9684812511548173
65001,0.8933083340525627,0.9322048425674438,-0.014945127069950104,-7.92030468583107,-3.270712012719601,37.36761289720944,0.9109933595001077,0.9815494418144226,0.10344827586206896,19.808517653366614,0.945359579207215
65004,0.9032261148095131,0.9219747185707092,-0.029044264927506447,-5.755394324660301,-10.737907810652606,24.626334455500533,0.9028196274320401,0.9686604142189026,0.3157894736842105,18.67355798420153,0.951277206223404
65005,0.6225773692131042,0.7228176593780518,-0.08672764152288437,-23.69706779718399,4.8496390386748285,-6.713024865330816,0.6392638564806482,0.8895381093025208,0.2692307692307692,37.118313862727234,0.7972718914602842
65006,0.8980408012866974,0.8568624258041382,-0.09593237936496735,-9.256940335035324,-16.485249784825623,31.891784498826347,0.8200269169697885,0.8993837237358093,0.2962962962962963,19.669128347326208,0.9578299819842148
65007,0.8705443143844604,0.835401177406311,-0.08901405334472656,-19.694554805755615,-0.4730859075919135,8.442198307230335,0.7989810268791245,0.8993970155715942,0.28,27.481252670288086,0.9434766006025778
65008,0.8496381193399429,0.8337388038635254,-0.03290490433573723,-18.333914875984192,-15.029631297512374,6.986759683250159,0.8121481484727124,0.9517883062362671,0.038461538461538464,25.038007589486927,0.9270536816149652
66001,0.9662810750305653,0.979565441608429,-0.01137753389775753,-1.2989867478609085,-7.328928842675067,3.1731410806565203,0.9707473374914852,0.9876932501792908,0.22727272727272727,13.006963513114236,0.983068048073863
66004,0.9299119636416435,0.9479725360870361,-0.06626995652914047,-7.039343565702438,0.1580905973154883,-107.34575988688316,0.9231204584275182,0.9541761875152588,0.5454545454545454,18.49043369293213,0.9667767382615211
66006,0.9085281416773796,0.8435137271881104,-0.06732852011919022,-15.710781514644623,-8.82582670975339,20.687323554259727,0.8160377578576475,0.9106478691101074,0.3181818181818182,30.173290859569203,0.9629817658319595
66011,0.8995289653539658,0.9216565489768982,-0.023847071453928947,-9.359610825777054,-1.960504564478624,27.18342946043134,0.9004744581506758,0.9656468629837036,0.14814814814814814,17.519413983380353,0.9491325335864661
67001,0.9343922883272171,0.9775670766830444,0.00318549363873899,-0.006383414438460022,-7.529630473361997,59.48177629723914,0.9597338409565892,1.0031038522720337,0.32,14.55999183654785,0.9667059522340969
67005,0.9076898247003555,1.1030755043029785,0.04029720276594162,13.75647634267807,-2.6707499455567674,-17.385964864548313,0.8825762920087963,1.0429742336273193,0.2727272727272727,15.127066048708828,0.9637097415931671
67006,0.9268099963665009,0.8955637812614441,-0.012658119201660156,-8.038060367107391,-22.5734445436337,46.856545086298055,0.8888807243322104,0.9845852851867676,0.4583333333333333,23.189018170038857,0.9653163409116998
67008,0.9293378666043282,1.029673457145691,0.008035614155232906,4.104709252715111,-2.043441581813557,-20.854309087624102,0.954076690704536,1.0090744495391846,0.5652173913043478,17.723073130068574,0.9661460394749671
67010,0.8690655827522278,0.9246163368225098,0.025036528706550598,-5.02854622900486,-16.231219804618608,-8.651151102498808,0.8920949427211962,1.0376698970794678,0.14285714285714285,21.296983105795725,0.9326072439626709
67015,0.9667531251907349,0.9906337261199951,-0.005956233479082584,-0.4944917280226946,-7.672614489729714,-21.318484356019336,0.9799107274193178,0.9939712285995483,0.2608695652173913,10.073670097019361,0.9832815759765825
67018,0.8895493373274803,0.9600855708122253,0.013351062312722206,-3.598282113671303,-7.890439744475103,3.2149933389396756,0.9279543046991268,1.0198495388031006,0.17857142857142858,20.33916371209281,0.9434012688896245
67025,0.8465758264064789,1.0514559745788574,0.08587849140167236,3.9915237575769424,-1.7054924315411162,14.034315367908444,0.8696688999783717,1.0984294414520264,0.19230769230769232,25.03986908839299,0.931808186939855
67033,0.9302346929907799,1.0525426864624023,0.07349511981010437,14.589744806289673,-16.815959036148868,11.435005413567554,0.9001537407096691,1.0797004699707031,0.9090909090909091,11.873114109039307,0.970736085702102
68001,0.9337292611598969,1.0596381425857544,-0.013364927843213081,3.529951721429825,22.054705437804873,-5.658465805961073,0.9320899572638788,0.9864224791526794,0.24,19.054821014404297,0.9704920895185101
68003,0.930532231926918,1.0020191669464111,-0.0458630807697773,-5.489568039774895,11.102009028007947,25.99792114796254,0.9440981032947326,0.9553775787353516,0.08,14.39187240600586,0.9663877322905884
68004,0.8099936693906784,0.9508579969406128,0.011564907617866993,-10.553573817014694,8.398770445727658,34.772482230703105,0.8891490715695303,1.012505054473877,0.4782608695652174,29.99974290529887,0.9014271057449683
68005,0.8854992240667343,0.8440852165222168,-0.1023910716176033,-12.607651948928833,-17.830755925042414,8.097059026447646,0.8005740100423951,0.8849694728851318,0.21739130434782608,24.0593785824983,0.9527847101531477
68020,0.7744526863098145,0.856259822845459,-0.10299350321292877,-18.289968371391296,12.078873249970375,-10.755114062400265,0.7694691623151235,0.8599526882171631,0.19230769230769232,29.72133159637451,0.8865540698937466
69002,0.8835346102714539,0.9620312452316284,0.038115546107292175,-6.419384479522705,-4.539180118799842,8.002157600192996,0.9192163487526692,1.0400028228759766,0.25,24.50833831514631,0.9409733438847933
69007,0.8998622074723244,0.8937140703201294,-0.12019951641559601,-13.534174859523773,3.5168739507903495,1.301437563034983,0.8392205615916863,0.8867697715759277,0.32,26.621625900268555,0.958379760476293
69012,0.9025193154811859,0.9548149108886719,-0.021843841299414635,-2.341272123157978,-8.79902237027153,15.882014711123743,0.9302527637113227,0.9812884330749512,0.23076923076923078,18.150461637056793,0.950272120946904
69015,0.8373383581638336,0.8827205300331116,-0.14875519275665283,-12.265340238809586,-3.828698045414747,5.021224235058865,0.7939864586246917,0.8466044068336487,0.36,28.43673324584961,0.9281884608755335
69017,0.9199608713388443,0.9667617082595825,0.00013092695735394955,-4.198844358325005,-6.519159166225341,-19.432771039825695,0.9473558330325806,1.0001357793807983,0.24,16.590280532836914,0.9591759159094515
69023,0.9146749675273895,0.9227197170257568,-0.0049971300177276134,-11.473528295755386,2.2382056084828954,-19.043867059584098,0.9114115483231539,0.9947192072868347,0.25925925925925924,21.94429503546821,0.9570141318310029
69027,0.8864824622869492,0.8969060182571411,0.022335248067975044,-11.700715124607086,-7.597126940084712,-10.153064049118287,0.8799375424108014,1.0229897499084473,0.28,23.9683780670166,0.9429202658563632
69030,0.8654200285673141,0.9901349544525146,0.05014588311314583,-1.9386734813451767,-5.760395153401608,31.41669635673749,0.9157526299360625,1.0505887269973755,0.4,24.024206161499023,0.9333585643925563
69032,0.8674335032701492,0.8764205574989319,-0.11281386762857437,-11.721985787153244,-8.211472687500988,42.13423775483814,0.8258415243364241,0.8927598595619202,0.2222222222222222,28.12785572475857,0.9403439163587948
69043,0.7399553656578064,0.8241374492645264,-0.09476684778928757,-15.959763526916504,5.752464120837124,41.5818652407525,0.7625886778054973,0.912825345993042,0.1111111111111111,26.219838006155832,0.8664444727698548
70002,0.8396452963352203,0.7937685251235962,-0.14282628893852234,-15.328016877174377,-19.436929572697387,54.90990332260333,0.7433964275927032,0.8601860404014587,0.2727272727272727,29.328493638472125,0.9386320210218103
7001,0.7923190891742706,0.8657138347625732,0.019165223464369774,-14.132869243621826,-10.028732454137188,-18.142439880487395,0.8251566730644986,1.024215817451477,0.3333333333333333,34.65088031910084,0.8906793295627131
7002,0.814637616276741,0.8230357766151428,0.0002813361643347889,-17.343248426914215,-17.548939946188963,-11.746291265552621,0.7998140067698694,1.0003585815429688,0.37037037037037035,33.76002488312898,0.9064159898988864
7003,0.8897963985800743,0.9044557809829712,-0.01862596720457077,-11.011621356010437,9.25085660314685,-39.5673193768188,0.8865752254100071,0.974786102771759,0.32142857142857145,24.87740686961583,0.9443157015867091
7005,0.8558019697666168,0.9469181299209595,0.03281711786985397,-4.912847280502319,-7.4652696263692375,-66.01415821862396,0.8976474884422475,1.0465819835662842,0.3,22.798926035563152,0.925915787794415
7006,0.6733932197093964,1.231383204460144,0.08289285749197006,15.282341837882996,19.813748076877218,-66.71499845081887,0.71743772754266,1.1209135055541992,0.3333333333333333,25.27659734090169,0.8919112647654445
71001,0.8944908306002617,0.9010318517684937,-0.04088814556598663,-13.962553441524506,7.607173873468903,-15.71021427335936,0.8757159644396433,0.9458849430084229,0.14814814814814814,22.836056462040656,0.9478139124134318
71004,0.8972900733351707,0.9406803250312805,-0.018922999501228333,-7.527682185173035,-0.8989816446602144,-26.487636907893574,0.9172183177498963,0.9760355353355408,0.25,24.54859869820731,0.9474672720001283
71006,0.9016538485884666,0.9178767204284668,-0.04046904668211937,-8.737728744745255,1.9278818862962874,16.18996023992199,0.8887811587325207,0.9432219862937927,0.2962962962962963,22.965945137871635,0.9509933191812149
71008,0.9010446146130562,0.9193374514579773,-0.02151590958237648,-8.168351650238037,0.9365367675704249,-53.54255275477093,0.9001148312949698,0.9688912034034729,0.1111111111111111,17.703625007911963,0.9499715784353128
71014,0.864042729139328,0.8422785997390747,-0.033123694360256195,-16.860514879226685,-6.490534551531306,-3.298471585339909,0.824399356754924,0.9588075876235962,0.21428571428571427,27.724087238311768,0.9347104068749872
72002,0.8574072271585464,0.8045032024383545,-0.0684157982468605,-20.287227630615234,-2.4003524348083825,-10.725747976938207,0.7718652643664753,0.9000625610351562,0.2857142857142857,27.246834550585064,0.9380405936207639
72004,0.8959021717309952,0.9122892618179321,-0.025307465344667435,-12.132002413272858,5.094803292298271,10.74450167158654,0.8922952030932702,0.9660528898239136,0.48,24.24475860595703,0.9475143505806654
72005,0.901482842862606,0.8687535524368286,-0.028003504499793053,-11.94426715373993,-3.6457093804241802,5.181909554300146,0.8546601404860658,0.9581536650657654,0.3448275862068966,26.816996212663323,0.9536650346050664
72007,0.8311930894851685,1.0325045585632324,0.06270849704742432,4.302038997411728,0.24868482389003962,13.391890616717198,0.8751572174219108,1.0907516479492188,0.2962962962962963,23.46590360005697,0.9206695995916413
72009,0.8932780921459198,0.964076817035675,0.029363127425312996,-3.355886787176132,-1.1723394926187105,-10.421079467596632,0.9180537500123718,1.0498348474502563,0.28,20.398500442504883,0.9457671613101788
72014,0.8709319829940796,0.9949528574943542,0.0010518941562622786,-1.155539508908987,11.530637766128798,12.298630947493377,0.9349370602072768,1.0015645027160645,0.32,24.301715850830078,0.9351519867825494
72015,0.9167104884982109,0.9233776926994324,0.012730712071061134,-6.863067299127579,-0.8629099952936872,6.344292151614715,0.9102512073935781,1.0208282470703125,0.25,22.11205789021083,0.9581663780886004
73005,0.9196415320038795,0.9276467561721802,-0.03407515212893486,-8.725927770137787,6.294161108295803,-11.896662525703869,0.9071448543170719,0.9575992822647095,0.20689655172413793,21.21918612513049,0.9601344092866784
73009,0.9196694269776344,0.8912531733512878,-0.020149724557995796,-10.027507692575455,-8.322181777105387,18.549700866306825,0.8815439602286363,0.9726792573928833,0.2413793103448276,20.053087431808997,0.961796098686842
73010,0.9730608481913805,0.9481772184371948,-0.03686889261007309,-7.318132370710373,3.2679140611351354,45.42414801535285,0.9361761606783666,0.9647561311721802,0.3333333333333333,9.82365111509959,0.9879272419516132
73011,0.9199895188212395,0.8885056376457214,-0.0068276249803602695,-13.580229878425598,1.4215782880399548,11.642109631034185,0.8818441103045468,0.9907509088516235,0.2413793103448276,22.1693334908321,0.9619963719381168
73014,0.8879510909318924,0.9071789979934692,0.018511904403567314,-11.37128546833992,-6.922441355743773,18.655706781581376,0.888168324802871,1.025732398033142,0.03571428571428571,24.263548851013184,0.94318073517403
73015,0.7944184094667435,0.7094838619232178,-0.05428066477179527,-32.34336972236633,4.9319465617880445,-4.726794424471112,0.6807763381497821,0.8972330093383789,0.125,42.155496279398605,0.9166749411499245
74001,0.902509406208992,0.907504141330719,-0.03225892037153244,-10.473698377609253,-4.170880420959726,6.879464845167171,0.8885603739809924,0.9610361456871033,0.1724137931034483,19.3112850189209,0.9515735151660579
74005,0.9186213314533234,0.9828327894210815,-0.019370587542653084,-4.839611798524857,1.185449823688519,-50.044940076492864,0.9512055525702338,0.9799919128417969,0.25,18.76819814954485,0.9589407570797386
74006,0.8797609359025955,0.9243695735931396,-0.015253870747983456,-9.926779568195343,2.147324919315595,42.709970986318254,0.9008215418852066,0.9828282594680786,0.07692307692307693,21.092717464153584,0.938181422835456
74007,0.8770558759570122,0.8900620341300964,-0.03090064600110054,-14.40584808588028,-3.3803337673637386,6.690944758467852,0.8681122224626532,0.9613174796104431,0.21428571428571427,26.952476160866873,0.9382610970259423
75003,0.970486007630825,0.9622071981430054,-0.0033461563289165497,-7.321155071258545,4.66683388188101,36.899389254817905,0.9593446675361408,0.9965746402740479,0.36363636363636365,9.465200250799006,0.9854114052666924
75004,0.9346505776047707,1.075882911682129,0.022621940821409225,7.210753113031387,4.361554379453681,2.4314289619546,0.915703673221495,1.024368166923523,0.08,16.127897262573242,0.9725437281522412
75017,0.9019506573677063,0.9070941805839539,-0.03661414608359337,-15.894763171672821,15.003026948134934,-44.80459021110327,0.8853469271312061,0.9535584449768066,0.24,30.360055923461914,0.9514508722640901
76003,0.918748565018177,0.8901224136352539,-0.1063968613743782,-12.079161405563354,2.643031436318061,28.88189587232153,0.8345807276736982,0.8806928396224976,0.23809523809523808,23.291962487357004,0.9674999514726844
76005,0.891819030046463,0.9253812432289124,-0.022277096286416054,-9.796705842018127,6.6980513302764875,-18.824580553791794,0.9014987960469361,0.9669819474220276,0.20833333333333334,21.921888987223305,0.9448244934586132
76007,0.9337692111730576,0.9505806565284729,-0.022709887474775314,-9.773063659667969,10.08050894128371,5.8898257874137805,0.9349493753977722,0.973891019821167,0.12,12.36938762664795,0.9667188731259818
76008,0.8515644073486328,0.8821274638175964,0.0023511212784796953,-15.769122540950775,-2.5187319334817424,-9.69494280796585,0.859565735674664,1.0035741329193115,0.38461538461538464,28.27014739696796,0.9237433715379352
76011,0.766815721988678,1.0526072978973389,0.1640252321958542,2.145027555525303,0.18173621086616074,-49.92996792681024,0.6806819722699322,1.2997519969940186,0.27586206896551724,24.465089008725922,0.9033293460275619
76014,0.9025605097413063,0.9449740648269653,0.020268311724066734,-4.092284664511681,-14.29654160396743,35.99222767114537,0.9181991914728451,1.0344923734664917,0.2857142857142857,21.341167177472794,0.9502627412629394
77002,0.9087915793061256,0.9716702103614807,0.033866096287965775,-5.905483663082123,-3.5705198055711227,-22.602673078428374,0.9315263019695571,1.0421478748321533,0.08,23.01348304748535,0.9540693241054015
77003,0.8697347939014435,0.8871868252754211,-0.0005261534242890775,-13.01472783088684,-4.778730955637237,-19.447550546492103,0.8691740231908852,0.9992141127586365,0.2692307692307692,25.771937003502476,0.9337579725713008
77004,0.8748447000980377,0.9182919263839722,0.0009295530035160482,-10.031960159540176,-9.433524711806664,4.661251495450812,0.8958853061031316,1.001451015472412,0.1111111111111111,27.39912845470287,0.9354898864882784
78003,0.928828202188015,0.9426056742668152,-0.020437100902199745,-7.510335743427277,-0.9448631951772911,6.846819371683659,0.9286286650861755,0.9772123098373413,0.24,18.7269287109375,0.9642162048118836
78004,0.8452645689249039,0.9325929880142212,0.014569774270057678,-6.961487978696823,-13.757196485164949,33.29873924505408,0.8929110198795216,1.0214147567749023,0.21428571428571427,26.877384526388987,0.9195900964391508
78006,0.9135134741663933,1.0156434774398804,0.04508533328771591,-0.018329302838537842,-2.211343292360867,-3.946494800401724,0.9310293617158736,1.0528547763824463,0.1111111111111111,21.206991760819047,0.9585439609650253
79002,0.9163826033473015,0.9936331510543823,0.011506883427500725,-3.2243043184280396,2.1439847539054733,3.252565421406762,0.9554398461420864,1.01348876953125,0.2608695652173913,18.167700974837594,0.958010434118969
79003,0.8715965151786804,0.9651177525520325,0.01827692613005638,-2.505040355026722,-5.871450921246665,6.824250720867317,0.9214323068592856,1.0252419710159302,0.32,30.420942306518555,0.9342812498775032
79004,0.9057408273220062,0.9559264183044434,0.01708156056702137,-5.627298355102539,-6.26140040474049,33.12389983641363,0.9306680010112298,1.0234003067016602,0.08,18.45712661743164,0.9518661124926299
79005,0.9084384068846703,0.9880328178405762,0.025137953460216522,-4.591481760144234,1.1683660675361485,16.464359814773058,0.9428132240012087,1.031880259513855,0.4,21.09961700439453,0.9540569596823593
79006,0.9123922064900398,0.9809678792953491,0.018716679885983467,-1.2222876772284508,-8.938039816894388,-2.362218158589568,0.9461824310866633,1.023926019668579,0.09523809523809523,18.796736853463308,0.955709428903613
80001,0.9032710418105125,1.0124655961990356,0.03166302293539047,-1.1650058440864086,-1.570553910629726,24.30278213492451,0.9362286829598869,1.0410343408584595,0.2962962962962963,20.981015099419487,0.9528028320897857
80002,0.9126359075307846,0.9352895021438599,0.021072786301374435,-8.572783321142197,-16.5836003491118,9.938769490894506,0.9187347844649365,1.0214579105377197,0.15,14.421746730804443,0.9557716742513801
80003,0.8851467221975327,0.8836902976036072,-0.003007556078955531,-9.059284627437592,-12.854888912103629,18.891077166381706,0.8702648787917108,0.9958741068840027,0.1111111111111111,23.04069024545175,0.9426743355085404
80004,0.7988792508840561,0.7041958570480347,-0.09805671125650406,-28.182196617126465,-16.92797103227955,-3.849099705878693,0.6590024630689181,0.8472719788551331,0.13333333333333333,33.93988927205404,0.9261529908344899
80005,0.8641290962696075,0.8760867714881897,-0.03580297529697418,-12.41525113582611,-2.1209452872479186,-112.90418184986126,0.8509077675983967,0.9526368379592896,0.10344827586206896,23.54330194407496,0.9319504853523628
80006,0.934915617108345,1.0116722583770752,0.0465267039835453,-0.948491133749485,2.0472367416963206,50.46709564551987,0.9485115079281474,1.0393953323364258,0.25925925925925924,9.97630136984366,0.9689704819516225
8004,0.7947651743888855,0.8623195290565491,-0.06083757430315018,-15.467672049999237,1.3601891843094682,-13.326159202442037,0.8167994815458893,0.9416967630386353,0.5,37.193984251755936,0.8941356979786318
8005,0.8972051218152046,0.9480096101760864,-0.00801034178584814,-5.47589547932148,-5.76701630231822,22.321887468792603,0.925548937462868,0.9924706816673279,0.15384615384615385,25.67165448115422,0.9472432995316166
8006,0.8632440716028214,0.904265820980072,-0.06332449615001678,-10.401195287704468,-2.243391776512272,-8.689693707182045,0.8726064749332201,0.9510633945465088,0.48148148148148145,30.239507887098526,0.9316678271748219
8009,0.8185781389474869,0.8666718602180481,0.007624512072652578,-14.32751715183258,-9.212523649987252,-1.40776252284876,0.8363830154020042,1.0093357563018799,0.3076923076923077,35.719842177170975,0.905623263218646
8011,0.8354776203632355,0.8623255491256714,-0.031341809779405594,-12.828071415424347,-5.659398389715264,-17.972142212054003,0.8359901531788569,0.9697229862213135,0.39285714285714285,28.46149035862514,0.9161651750917786
8013,0.7466042637825012,0.979849636554718,0.012974841520190239,-3.989129513502121,5.152175136123133,-33.99387654562938,0.8687854942254101,1.0129443407058716,0.4074074074074074,32.89013615360967,0.870989715827058
81002,0.8975787982344627,1.0027495622634888,0.04161831736564636,-2.668135054409504,5.341960425563187,3.627975808665666,0.9276953433603798,1.0519623756408691,0.3076923076923077,17.756025607769306,0.9497972630537957
81003,0.8556131720542908,0.8610188961029053,-0.0046119424514472485,-13.918311893939972,-11.59960769296525,61.44874350021934,0.843030713206605,0.9929056167602539,0.26666666666666666,25.910123189290363,0.9273826502657964
81004,0.9361656755208969,0.9133635759353638,0.02707633003592491,-11.906233429908752,-5.801276741134045,33.01269985417586,0.9015313836304433,1.0355520248413086,0.15384615384615385,19.178609494809752,0.969565612135112
81006,0.8711640387773514,0.9208184480667114,0.013318155892193317,-7.616529613733292,-3.6461368087129813,31.39387007611201,0.8952620633844799,1.0168476104736328,0.25,22.306044348354998,0.9335434335731874
81007,0.8421696126461029,0.9582801461219788,0.04859268665313721,-7.238656282424927,-2.4460942158693313,13.090166436544276,0.887411712601872,1.0670956373214722,0.1724137931034483,21.294914442917396,0.9197893292381526
82001,0.8629904389381409,0.8778383731842041,-0.04634528607130051,-14.353878796100616,-1.875707574153869,22.5423220666742,0.8467943993055562,0.9376973509788513,0.3333333333333333,30.533065398534138,0.931685485123503
82003,0.8707623332738876,0.9682304859161377,0.04781106486916542,-6.402355432510376,-5.874608216843642,19.578803420894253,0.9043435286864917,1.0625379085540771,0.28,20.205791473388672,0.9349625609920779
83003,0.7956677675247192,0.960780680179596,0.00039130632649175823,-4.65780608355999,0.8696309752194329,-36.097111063671186,0.8874110496399022,1.000517725944519,0.27586206896551724,33.42503185929923,0.8944639935573655
83004,0.8103082478046417,1.0215853452682495,0.09613258391618729,-1.2320312671363354,-5.476826513051307,-7.675329100907556,0.8351436164190317,1.1376652717590332,0.19230769230769232,22.12684154510498,0.9119092909067172
83006,0.8465110808610916,0.8901486992835999,0.002931016031652689,-12.313425540924072,-7.316547486091332,-1.6088562795401797,0.8643745349816446,1.0041804313659668,0.25,29.414016859872,0.920567749081657
83007,0.8800636529922485,0.9471392631530762,0.0032467555720359087,-4.382408410310745,-7.665816955502589,34.6347515509551,0.9185222053930913,1.00456964969635,0.20833333333333334,15.50517479578654,0.9381656097656125
83009,0.8099803328514099,1.0068395137786865,0.04205461964011192,2.141754701733589,-3.3417586562683685,9.949778776383067,0.8864606576740707,1.0641021728515625,0.14814814814814814,22.881642094364874,0.9065370942952011
83010,0.8981457576155663,0.9454250335693359,-0.007441667839884758,-5.473662912845612,0.3937232009963284,-20.034556477460324,0.9237606305501896,0.9898682832717896,0.18518518518518517,20.781451684457284,0.9477375583297539
83013,0.8644085079431534,0.9557424187660217,0.06434345245361328,-5.09294681251049,-9.787301718368218,26.82672280469874,0.869139935783943,1.1028411388397217,0.07692307692307693,18.6460018157959,0.9322554572522814
84001,0.9052374511957169,0.9545322060585022,0.02476700209081173,-1.1037955060601234,-13.234477617088647,22.61758590114914,0.9280709655120171,1.0279275178909302,0.2962962962962963,22.833050621880425,0.9517659926927203
84004,0.9323673024773598,0.95328289270401,-3.681831367430277e-05,-6.846817582845688,6.601310811572389,3.199482300581024,0.9420262169630278,0.9999617338180542,0.041666666666666664,17.61138836542765,0.9656711500161715
84005,0.938164483755827,0.9941266179084778,0.031814102083444595,-0.11849564034491777,2.2656120080867512,0.17417778918207472,0.952798688491617,1.035478115081787,0.32,19.111007690429688,0.9694259825805984
84008,0.8054526448249817,0.9529780745506287,0.023292265832424164,-2.2370118647813797,-14.477662054227885,29.495024966263454,0.8841567982369385,1.0329008102416992,0.23076923076923078,21.947783010977286,0.8993713628871441
84009,0.8357037603855133,0.9597440361976624,-0.03147006779909134,-8.039937913417816,14.95826312409787,-1.4487433186027325,0.898701651150794,0.9606869220733643,0.2916666666666667,23.025012016296387,0.9157664273471998
84012,0.8775578439235687,1.0472033023834229,0.05801861360669136,5.627358704805374,-6.867301086911931,16.819636219691272,0.8943645324904952,1.0762766599655151,0.14814814814814814,16.842646068996853,0.9442095762289263
84013,0.9300277605652809,1.0469058752059937,0.056060176342725754,4.432787001132965,7.865324718267175,-16.9372035559921,0.9178714742152521,1.0599347352981567,0.3076923076923077,18.555210186884956,0.9691331711464289
84014,0.876743957400322,0.9644088745117188,0.015850475057959557,-4.749368131160736,-0.16608006110330323,-2.048408360877995,0.9241234181583371,1.022516131401062,0.25,25.498156888144358,0.9368846192661243
84016,0.734902948141098,1.2568609714508057,0.12630309164524078,25.804203748703003,13.62352715299713,-10.358252123937175,0.6913743510198422,1.1547987461090088,0.34615384615384615,31.80788847116324,0.9271331299090557
84017,0.8884787261486053,1.0288779735565186,0.06907713413238525,3.3417191356420517,-4.2016090981025105,53.53824410233048,0.9050747737478988,1.0743474960327148,0.4230769230769231,17.796131280752327,0.948528541346227
84018,0.917290098965168,0.8938325047492981,-0.0349600687623024,-13.700009882450104,3.5232176674860094,9.410101221221204,0.8806260350596107,0.9621075987815857,0.20833333333333334,23.15845092137655,0.9607218586528817
84019,0.8508700281381607,1.0215765237808228,0.08656671643257141,1.832466572523117,-9.637147404243988,-18.387999226966777,0.8690300713465722,1.1091490983963013,0.37037037037037035,25.3051687169958,0.9309054983931853
84020,0.8352325707674026,1.0511456727981567,0.05573273450136185,10.581303387880325,-12.11743998158616,9.701040507946237,0.8816309543480344,1.0753121376037598,0.07142857142857142,20.769034113202775,0.9243466256394774
84022,0.8363924324512482,0.9138652682304382,-0.0337054617702961,-10.820446908473969,6.5098784562079475,-3.3869443122895313,0.872229515626791,0.9586548209190369,0.07692307692307693,31.229174578631362,0.915166746928382
84026,0.874827578663826,0.9784515500068665,0.04581190273165703,-0.901556946337223,-2.198439484083909,48.77588508843566,0.9063156477992952,1.0662329196929932,0.16666666666666666,19.375934203465782,0.9373452116825804
84030,0.8866788297891617,0.9415441155433655,0.007647188380360603,-5.04160076379776,-2.128322632281023,41.33178687866015,0.9166987171043812,1.010922908782959,0.17857142857142858,22.28512934276036,0.9416673044668116
85001,0.9387827031314373,0.9722959399223328,-0.054117921739816666,-4.810639470815659,-10.339538307088231,12.834309760705631,0.9461505088221837,0.9645419120788574,0.5217391304347826,14.054654992145041,0.9704199939773629
85002,0.8677687346935272,0.9139606952667236,0.004804397467523813,-10.102394223213196,0.4913059727882998,1.7753219274757204,0.8899479022300822,1.0068498849868774,0.21428571428571427,32.95929091317313,0.9317227611847074
85003,0.8768269196152687,0.8749443888664246,-0.028904588893055916,-13.450933992862701,-9.785758106741655,35.687612484239956,0.8536571181311285,0.9546189904212952,0.06666666666666667,24.406054814656574,0.9390254383590013
85004,0.8135380446910858,1.0109306573867798,0.07966826856136322,0.6086583714932203,-4.425234961712192,-3.635603555740773,0.8667153103901168,1.0985897779464722,0.25806451612903225,28.398775285290135,0.9109753691500996
88001,0.7110950350761414,0.9184144735336304,0.07080679386854172,-10.97591295838356,-8.352050207797559,8.891027887025741,0.8031289607630068,1.0965490341186523,0.20689655172413793,27.154460446587926,0.8490685852043574
89002,0.7991255074739456,1.0958725214004517,0.10605663806200027,10.89012324810028,-13.308373616220493,24.89007238820705,0.7984304404837211,1.1570394039154053,0.2413793103448276,19.928563874343347,0.9176752006877587
89003,0.86346735060215,0.9543160200119019,0.03972112759947777,-8.142529428005219,14.058920540242479,0.8112975520524355,0.8957309356234461,1.0627604722976685,0.3333333333333333,23.536463137026185,0.9303858141225326
89005,0.678846538066864,0.8648977875709534,-0.012166201137006283,-13.654300570487976,-4.01066180174398,26.160742321719884,0.7777273656124726,0.9772030711174011,0.07142857142857142,35.02892426082066,0.8249776693451093
89007,0.7611564993858337,1.0105829238891602,0.13928981125354767,-1.6671696677803993,-21.085683570696652,14.349955533445568,0.7776061718610179,1.1938328742980957,0.03333333333333333,23.851787249247234,0.8914834880877294
90003,0.874949723482132,0.8821672797203064,-0.017472755163908005,-11.616040766239166,-7.822001842553678,14.0330083470238,0.8644703233248512,0.9768566489219666,0.13333333333333333,24.598185221354164,0.9371658644363055
9002,0.91245948523283,0.9348776936531067,-0.02528003230690956,-8.107376098632812,4.296839771296527,-1.2038805835902262,0.9166219146345886,0.972494900226593,0.10714285714285714,20.798819405691965,0.9557907269713907
9003,0.8697727024555206,1.0010124444961548,-0.008259931579232216,-3.265150263905525,9.046657853110776,-54.3917848513505,0.9339654099070008,0.9884750247001648,0.2962962962962963,21.886583610817237,0.934986793732113
9004,0.8863045051693916,0.9214230179786682,-0.06673675030469894,-6.71817883849144,3.5486823027651533,-7.416735423822339,0.8868398148090108,0.9408146739006042,0.37037037037037035,25.351077538949475,0.9440716298879857
9005,0.8126306086778641,0.771204948425293,-0.07192132622003555,-22.675278782844543,6.137941437397641,-18.242712199811702,0.7392170855903202,0.9074081778526306,0.2857142857142857,40.03962789263044,0.9158138533108714
92001,0.9496358931064606,0.965446949005127,-0.007169986143708229,-1.843959093093872,-2.2356807163724275,15.598526365891521,0.9567742714074129,0.9947617053985596,0.375,10.00507374604543,0.9745616323445425
93001,0.8576228469610214,0.9954533576965332,-0.034239545464515686,-2.9618382453918457,2.2690959914507594,-19.861848748190315,0.9160606609493972,0.9553202986717224,0.13793103448275862,24.87875017626532,0.9290855094269705
94001,0.9622849524021149,1.0164767503738403,0.04506982862949371,2.5816183537244797,-2.7210663716490546,26.112674122897822,0.9575492124353814,1.0350308418273926,0.2,7.254083633422852,0.982580867333913
95001,0.891710489988327,0.9732216000556946,-0.0029925296548753977,0.3159120213240385,1.9039547715318155,52.468995614675215,0.938549123344823,0.9977003931999207,0.48,20.31963348388672,0.9447384460345384
96001,0.8412903994321823,0.9472380876541138,0.03433040529489517,-4.901264980435371,-11.016440915617856,15.575729660070103,0.8914400060609644,1.048262596130371,0.14814814814814814,22.43301956741898,0.9183166191664109
96002,0.9160236418247223,0.8861227035522461,-0.07348837703466415,-9.62555855512619,-1.1737168381193817,17.776314275784042,0.8558623025630818,0.9197679162025452,0.12,21.93094253540039,0.9629804118649988
96004,0.8378071635961533,0.902897298336029,0.007874401286244392,-10.791118443012238,-12.277890866674444,-521.5606102254297,0.8707466748487024,1.0112574100494385,0.14285714285714285,28.01478590284075,0.9154378446868593
97002,0.8767735511064529,0.8846142292022705,-0.04166645556688309,-10.750658810138702,11.076217542127933,32.5205362484272,0.8601223932716763,0.949866533279419,0.16,25.694643020629883,0.9388566906682847
