basin,NSE,Alpha-NSE,Beta-NSE,FHV,FMS,FLV,KGE,Beta-KGE,Peak-Timing,Peak-MAPE,Pearson-r
10002,0.9068602323532104,0.9294719696044922,-0.06623636931180954,-7.085344195365906,5.087602823427414,-2.7839782376695483,0.893554945398545,0.9342333674430847,0.4166666666666667,20.570258299509682,0.9549323106897996
10003,0.9210374280810356,0.9911444783210754,-0.06781882792711258,0.19527305848896503,2.8727504097195196,-0.17468189637250162,0.9328080935664548,0.9449362754821777,0.2,16.388486862182617,0.9625257652754087
1001,0.860798716545105,1.0703115463256836,0.06453106552362442,10.372569411993027,-9.105493456974168,34.33202812672484,0.8793909098067685,1.076872706413269,0.3333333333333333,26.029844637270326,0.9392264358521761
101002,0.7623875588178635,0.7695709466934204,-0.23195205628871918,-22.907540202140808,-4.313682260816799,55.811923774734254,0.6470267267383298,0.7464646697044373,0.3,38.90552520751953,0.9150740362361955
101005,0.8465322852134705,0.8722943067550659,-0.030973168089985847,-12.518319487571716,5.344391712162378,25.508674912005496,0.8446929466126933,0.9585675597190857,0.21739130434782608,25.472303058790125,0.9219302258422187
102001,0.8194703310728073,0.8609406352043152,0.014350416138768196,-15.738998353481293,-3.647322430351388,-389.2566425246895,0.8307658511785301,1.0236958265304565,0.23809523809523808,35.19703547159831,0.906505625864512
106001,0.8160349279642105,0.8542130589485168,-0.11570387333631516,-12.867139279842377,-0.7004973651686052,50.50040321656334,0.7932681627825471,0.8823364973068237,0.48,34.58146286010742,0.9125956495812266
11001,0.945140078663826,0.9611808657646179,-0.015871848911046982,-2.7195241302251816,3.841672786614109,0.525428231477782,0.9502769987831962,0.9857721924781799,0.2692307692307692,13.800809933589056,0.9723771623408509
11003,0.8802516534924507,0.9254012107849121,-0.004690523725003004,-5.94334676861763,-6.532297321722266,-12.596591684789749,0.903113448053781,0.9958353042602539,0.38461538461538464,28.767358339749848,0.9383179126077464
11004,0.8141392320394516,1.230035424232483,0.07487720996141434,20.71586400270462,14.778837469175773,-34.982100221623405,0.7571068597894904,1.0583223104476929,0.5384615384615384,16.58992950732891,0.9482381485691751
12001,0.8506082445383072,0.8962434530258179,-0.04048652946949005,-13.003169000148773,4.314520328882012,3.625430501712275,0.8657530219348499,0.962365448474884,0.5217391304347826,27.0691208217455,0.9235770282498605
12002,0.879083164036274,0.9019345045089722,-0.008206591941416264,-12.16936931014061,-1.939454697399623,7.345769364064858,0.8838732059512158,0.991862416267395,0.44,24.550859451293945,0.9383366346917167
12005,0.8322496116161346,0.9112949967384338,-0.037405699491500854,-9.57653596997261,2.6984720212993665,13.822330957848205,0.8690910426203763,0.9586784243583679,0.20833333333333334,27.191996574401855,0.9130453859471589
12006,0.8115134239196777,0.839324414730072,-0.03336021676659584,-17.101065814495087,-9.836141073372787,-6.948450440070669,0.8097486861114751,0.9665883183479309,0.25,28.830230236053467,0.9037577106275162
12007,0.8058028817176819,0.8531875014305115,-0.005901327822357416,-15.356321632862091,-7.0059991511905135,20.256313126022864,0.8216141993559435,0.9940632581710815,0.4444444444444444,33.02404968826859,0.8988449742639458
12008,0.871881514787674,0.932029664516449,-0.0070566595532000065,-8.38674008846283,2.7485629349442586,5.103477156290083,0.9045007277606737,0.9893091320991516,0.125,26.1286993821462,0.9337742509591541
12009,0.862257570028305,0.9483091235160828,0.05866469442844391,-5.261645466089249,-1.373020896854492,-42.4485600976589,0.8709954926222067,1.0956743955612183,0.23076923076923078,24.37892510340764,0.9305980818268897
13001,0.8957749977707863,0.9655807018280029,-0.01688874140381813,-3.5763822495937347,6.288679899773592,-117.35542003577768,0.9332295651489491,0.978966474533081,0.391304347826087,26.838263221409008,0.9467910375032733
13004,0.8496742099523544,0.8857530355453491,-0.06676322966814041,-14.258083701133728,4.195774417618194,-4.110672311376132,0.8464540640320113,0.9299789071083069,0.20833333333333334,32.82500902811687,0.925026457230325
13005,0.9102721810340881,0.912081778049469,-0.01140583399683237,-11.383439600467682,1.8516985916372533,17.492983227851916,0.9000751064284169,0.9844702482223511,0.2857142857142857,22.471673148018972,0.9551201892375427
13007,0.8813484981656075,0.9205474257469177,-0.02333529107272625,-11.112568527460098,4.918604176330511,-18.431662394056517,0.8959002804401567,0.9710703492164612,0.25,23.831804593404136,0.9392783781298707
13008,0.897967979311943,0.9728801250457764,-0.011099225841462612,-3.0615372583270073,-2.7538377940656877,0.23243402454215206,0.9402857843876782,0.9887470006942749,0.30434782608695654,22.289908450582754,0.9480031737960144
14001,0.9171100333333015,1.0097686052322388,-0.03339311480522156,-0.7725652307271957,7.656322220876224,-3.177540363147008,0.9471110244339139,0.9673495888710022,0.2857142857142857,17.23853065854027,0.9595553620197418
14002,0.8984059542417526,1.045798659324646,0.035957302898168564,3.4178756177425385,6.147536704689291,-1.2500292312442394,0.9236548444129355,1.039072036743164,0.21739130434782608,22.532838323841926,0.953048519401206
14005,0.891743578016758,0.9684277772903442,-0.0025805674958974123,-3.1620435416698456,3.4545550850260396,-0.8093834725815338,0.9361747365510571,0.9967608451843262,0.3333333333333333,20.7643191019694,0.9446252143699051
15006,0.9217617511749268,0.9158704876899719,-0.01658342219889164,-12.007933109998703,-6.86066421930494,-5.592238178474336,0.9064520245875937,0.9867379665374756,0.56,22.801986107459435,0.9613015849074422
15007,0.9393218532204628,0.9055583477020264,-0.029389502480626106,-11.592894792556763,-1.3146195939242242,25.13662829128012,0.8983613182427428,0.9750701189041138,0.6666666666666666,19.732011448253285,0.9718984525492522
15010,0.8827166110277176,0.8737731575965881,-0.022691572085022926,-12.390341609716415,-3.7185712167342304,-1.1542235208479552,0.8592264408262832,0.9764507412910461,0.3181818181818182,24.260817874561656,0.9422989459926516
15011,0.7892156839370728,0.7433538436889648,-0.08542591333389282,-27.235808968544006,-1.8391306596186892,-24.564285629716355,0.7052064311887538,0.8883423805236816,0.46153846153846156,41.485823117769684,0.9074334041021042
15012,0.8780938684940338,0.9280431866645813,-0.04413897544145584,-6.385453045368195,-10.219524226169733,-31.09945097429415,0.8983112534965473,0.9634124040603638,0.5416666666666666,30.631017684936523,0.9381601584460868
15013,0.850973516702652,0.8700198531150818,0.022600384429097176,-16.88328981399536,-1.7937277596000083,-3.6506347608886207,0.8465885082192615,1.0303062200546265,0.15384615384615385,27.46085020212027,0.9243575499328106
15014,0.8317667096853256,0.9049720764160156,0.010874150320887566,-10.627193748950958,-5.8560926416168755,-3.9196959525741377,0.8698618580806612,1.0134211778640747,0.18518518518518517,32.69845758165632,0.9121051667828235
15016,0.9615709446370602,0.9689816236495972,-0.013097749091684818,-0.9965535253286362,0.6280630254949898,29.069533597152443,0.9620125397907754,0.9894856214523315,0.5,11.26335620880127,0.9807553824281042
15021,0.9051274582743645,1.000615119934082,0.009956544265151024,-1.660672388970852,10.345586513175267,21.559668388098828,0.9516685358415552,1.0096348524093628,0.8235294117647058,26.589250564575195,0.9526426175320518
15023,0.906067319214344,0.9784908294677734,0.05953033268451691,-7.1991391479969025,2.1814574625784178,9.190636038223595,0.9078130667527124,1.0769691467285156,0.16666666666666666,19.102611541748047,0.9540485397790268
15024,0.8938302546739578,0.8976256847381592,-0.06248754262924194,-10.98400130867958,-0.9097727013701687,6.451822134289648,0.860386922620319,0.9200161695480347,0.16666666666666666,23.05759112040202,0.9488737071916488
15025,0.8552404493093491,0.9269903302192688,0.012878108769655228,-9.81447696685791,0.5480896066207136,-8.154481882342786,0.8943181916410184,1.0139944553375244,0.19230769230769232,26.617952629371928,0.9248841697354071
15030,0.9320218041539192,1.0263005495071411,0.0341082327067852,5.2763354033231735,-0.42104961786971085,-22.670894985651373,0.9440959377861587,1.0373601913452148,0.43478260869565216,13.670481806216033,0.9677856961850736
15039,0.7947381287813187,0.8565810918807983,0.0020229369401931763,-14.252278208732605,-7.6334608734274365,3.559516718206548,0.8205654091427154,1.0023870468139648,0.20689655172413793,38.026283527242725,0.892194196828162
16001,0.9135496392846107,0.9630036950111389,0.001977946376428008,-5.356211215257645,-6.264221332815229,23.237569606954477,0.9423499345504373,1.001881718635559,0.4,23.120612364548904,0.955826901869049
16003,0.9090801998972893,0.9269421100616455,-0.0030988126527518034,-7.769050449132919,-6.745077758131278,20.36030168434755,0.9134671571984911,0.9955435991287231,0.07407407407407407,18.91288404111509,0.953841381169489
16004,0.9350862428545952,0.9645189046859741,-0.010928826406598091,-2.8920751065015793,-6.242345911350227,22.627292264149595,0.9504067713437899,0.9892399311065674,0.4782608695652174,23.05802901585897,0.9670636808177853
17001,0.7703085988759995,0.8443281650543213,0.002921094885095954,-14.8997962474823,5.2031049972511,-20.400745623330817,0.8023651115588273,1.0048614740371704,0.30434782608695654,33.72920077780019,0.8783357283176935
17003,0.8184605091810226,1.1547843217849731,0.040263839066028595,11.557775735855103,25.694330491099432,-60.830582822461984,0.8257482931222768,1.0429588556289673,0.08,26.92155456542969,0.9324721701635882
17004,0.8944830223917961,1.0134145021438599,0.03640999644994736,2.7974339202046394,-7.78595825160229,9.56229085784892,0.934850844887789,1.0378285646438599,0.5454545454545454,20.738941972905938,0.9486827198591681
17005,0.8877480775117874,0.8965543508529663,-0.05326089262962341,-11.69772744178772,3.743491723434645,-25.51229702503636,0.8628937678317419,0.9288213849067688,0.16666666666666666,22.011437018712364,0.9449480125214835
17015,0.843114972114563,0.9596964716911316,0.05947568640112877,-6.431316584348679,-7.74231805302919,27.36444211626817,0.8769604699285469,1.0852398872375488,0.20833333333333334,26.376978556315105,0.9209524624685234
17018,0.735930472612381,0.8802739977836609,-0.08683278411626816,-9.368330985307693,0.7604413323530177,10.533030396301687,0.7932913714513021,0.9026904106140137,0.391304347826087,45.214109835417375,0.8624318884213806
18001,0.8433181494474411,0.8623886108398438,-0.07307691872119904,-18.390566110610962,8.295169543090045,17.045415107604665,0.8173889657894945,0.9077132940292358,0.125,27.380257844924927,0.9232337359909434
18002,0.8694996684789658,0.855701744556427,-0.043326664716005325,-17.081698775291443,-5.35362826410731,26.485767702887692,0.8340977543901069,0.9477138519287109,0.14285714285714285,23.36966423761277,0.93701010164944
18003,0.9321664720773697,0.9249845147132874,-0.056684479117393494,-7.2895728051662445,1.167947551874941,5.404445297593471,0.8970870884594832,0.937175989151001,0.375,20.71895202000936,0.9681113187825193
18008,0.9310092404484749,0.9392181038856506,-0.0016841504257172346,-6.555940210819244,-6.916616272950181,15.635177294849397,0.9299574666331695,0.9981845617294312,0.20833333333333334,14.715242385864258,0.9652405154083987
18010,0.9307466819882393,0.965584397315979,-0.02257806621491909,-1.2076311744749546,-5.066327225627538,35.59823865649685,0.944564116078294,0.9742152094841003,0.25,14.623438119888304,0.9650164596398874
18014,0.8589206039905548,0.9760012030601501,0.004617897793650627,-5.420291423797607,11.228424157017457,-1.5138469670740369,0.923917512183137,1.0057601928710938,0.047619047619047616,24.320974804106214,0.9280317926030476
18017,,,,,,,,,,,
18018,,,,,,,,,,,
19001,0.8903570026159286,1.0093626976013184,0.028208106756210327,-2.136382833123207,3.5476314811825373,-17.521274185578566,0.9333621504646654,1.0380839109420776,0.36,19.37632942199707,0.9461246010532074
19006,0.8452519625425339,1.0545899868011475,-0.0015306363347917795,10.99870353937149,-3.797500540983817,15.325822711749343,0.9096635900365009,0.9982372522354126,0.375,23.2835590839386,0.9280452015049562
19010,0.5148684680461884,0.591888964176178,-0.37590864300727844,-28.984490036964417,-26.855124431871513,57.83951101173484,0.4290323040683022,0.6298314929008484,0.09090909090909091,43.846386129205875,0.8502509813443032
19017,0.8785772547125816,1.0404034852981567,0.09310608357191086,1.208819169551134,12.987936578706622,9.670558663788928,0.8301973223243558,1.1560404300689697,0.21739130434782608,21.141394324924633,0.9465968923612933
19020,0.8055917769670486,0.8012808561325073,-0.07871761918067932,-19.937247037887573,5.406773695021045,-74.60433062641611,0.7454732834021298,0.8708405494689941,0.2631578947368421,34.09728000038548,0.9071970492861788
20002,0.8823890537023544,1.0341910123825073,0.0455084927380085,2.05388180911541,3.5434825463592086,85.11686742616521,0.9008609749366889,1.0748465061187744,0.4,19.56292152404785,0.944705140523053
20003,0.8688307106494904,0.8289465308189392,-0.06712999939918518,-21.338436007499695,15.336298977803567,-7.750447451569347,0.7925626435571975,0.8984163403511047,0.25,35.5868657430013,0.9412485947279592
20007,0.8605999499559402,0.9063161611557007,-0.08486782014369965,-10.832788050174713,16.596551535578055,-15.751237176998384,0.8271128019861167,0.8716365694999695,0.42857142857142855,33.922308967227025,0.9319107109249122
2001,0.7866378277540207,0.78404301404953,-0.11537089198827744,-23.791971802711487,-7.532485083672837,-17.011800717265196,0.7298402687577745,0.8704735636711121,0.24,36.68442153930664,0.9021646132731181
2002,0.8280582129955292,0.8251566290855408,-0.044869475066661835,-18.53124350309372,-12.656677532048855,22.587800875342563,0.797355696400681,0.9420017600059509,0.2222222222222222,33.40824974907769,0.9155564473383877
21003,0.9133327454328537,1.0075664520263672,0.005372402258217335,0.4010711796581745,-1.929529360236053,-21.079240314880884,0.9560557555627316,1.0052738189697266,0.6086956521739131,21.854381975920305,0.9570345225050433
21006,0.8791760206222534,0.9704970121383667,0.020795535296201706,-6.659629195928574,1.1472495818654724,7.243018699481732,0.9282907891254446,1.021909475326538,0.375,26.894275347391766,0.9384227353449052
21008,0.7807749509811401,0.8923433423042297,-0.005657280329614878,-11.338842660188675,-4.242903523769619,8.649392241626524,0.841345971025631,0.9929491281509399,0.6666666666666666,22.33585444363681,0.8836753243299437
21009,0.8703176081180573,0.9102894067764282,-0.018084023147821426,-12.359081953763962,-0.21850867624118203,27.588002650404093,0.886608213475678,0.9807649254798889,0.13043478260869565,20.19340059031611,0.9333687864221427
21011,0.861025333404541,1.0166908502578735,0.07952600717544556,0.10871953563764691,-4.379939074708858,13.41314486306027,0.8875635578493923,1.0901412963867188,0.4166666666666667,23.081390062967934,0.9349007240679443
21012,0.8014253973960876,0.9061366319656372,-0.00273698172532022,-11.091890186071396,-2.4925869652595942,25.518960483160342,0.8593322365137489,0.9963070154190063,0.2916666666666667,30.04359006881714,0.8952935069331697
21013,0.8095771223306656,0.960995078086853,0.005409011151641607,-5.400187522172928,-7.681014281732391,16.814181167750068,0.8940941174842326,1.006152868270874,0.391304347826087,22.63315242269765,0.901730909081064
21015,0.8045412600040436,0.9884771108627319,-0.0016614346532151103,-8.241498470306396,3.9113285741863923,-8.796223519899367,0.9005074915325234,0.9978717565536499,0.5416666666666666,28.84945074717204,0.9011999349852734
21016,0.6128923892974854,1.1535652875900269,0.07373347878456116,9.511817246675491,1.650437676576718,12.675380369620731,0.7537039677918174,1.11397123336792,0.30434782608695654,21.71489397684733,0.844790477439425
21017,0.7956011295318604,0.9490280151367188,0.046275366097688675,-6.167624890804291,-11.080397375370419,30.2780146318952,0.8661445931011338,1.0652217864990234,0.47619047619047616,28.866692951747346,0.8948085303789596
21018,0.8727535307407379,0.9093266129493713,0.002329703187569976,-12.499895691871643,-3.745577867653464,-6.93225710232516,0.8881482664092881,1.0025039911270142,0.43478260869565216,30.971185020778492,0.9345563049908525
21022,0.7693382650613785,0.9656952619552612,0.019948458299040794,-7.817721366882324,1.4594193752465772,-10.059758241793451,0.8727983816124986,1.0305700302124023,0.38095238095238093,28.042709259759814,0.8813875642232476
21023,0.5072818994522095,0.6516131162643433,-0.03941850736737251,-34.51676070690155,-3.028273976646703,58.64271177275824,0.5392768228790823,0.8981267213821411,0.30434782608695654,42.41476888241975,0.7162496514874412
21024,0.7641053348779678,0.8869195580482483,-0.04033992812037468,-14.321906864643097,12.223972949894318,-2.77613827663828,0.8209806802554565,0.939411997795105,0.5416666666666666,27.865684509277344,0.8751407813631077
21026,0.7483969926834106,0.8296515941619873,-0.03070812299847603,-17.300023138523102,-3.9360312839427722,-470.81623227683895,0.7776075711854256,0.9490340352058411,0.4444444444444444,37.64896039609556,0.8664249894063495
21027,0.6818581223487854,0.918896496295929,-0.058998506516218185,-15.803402662277222,17.720800111914624,-7.957877615408757,0.7880386424374902,0.8987702131271362,0.3333333333333333,29.629030681791757,0.8323623877635439
22001,0.898313358426094,0.9721885323524475,0.0035828372929245234,-6.637216359376907,1.486036583425735,-15.259667039538666,0.9408532666000038,1.0056509971618652,0.2727272727272727,22.937230630354446,0.9481066037895384
22006,0.9202573373913765,0.9566177129745483,-0.004132851492613554,-5.281325057148933,2.9209466989164765,0.7294084575706249,0.9399018745678485,0.9913778901100159,0.21739130434782608,19.268013083416484,0.9593131338888704
22007,0.8942622989416122,0.9871022701263428,-0.01889413222670555,-8.24820101261139,-19.733208494976214,-39.22215000276309,0.9334279936378466,0.9622485637664795,0.375,27.470648288726807,0.9467054443916154
22009,0.8947953954339027,0.9949305057525635,-0.0074159796349704266,-7.766471058130264,4.888093656487138,-9.949982814815979,0.9457408977188826,0.9887143969535828,0.34782608695652173,20.282258158144746,0.9471702207812046
23001,0.8728072345256805,0.9131805300712585,0.006184721365571022,-11.006028950214386,2.6981764237790116,17.931556246830297,0.8909713031114518,1.0077515840530396,0.37037037037037035,23.737391719111688,0.9345053488353748
23004,0.8574311137199402,0.9169477224349976,0.026936987414956093,-11.774319410324097,-5.014318260582314,35.213608072559786,0.8823656917180962,1.039057970046997,0.18518518518518517,23.25951611554181,0.9264158668459317
23006,0.8752896264195442,0.888279914855957,-0.014962323941290379,-12.665319442749023,-5.036231045609315,14.349764009406632,0.8701140009544306,0.9796484112739563,0.16129032258064516,24.431597801946825,0.9369539203455169
23007,0.8609994351863861,0.9938705563545227,0.02437235787510872,-2.778637409210205,11.75903721598233,-37.54327321806198,0.9189589064174482,1.0410411357879639,0.19047619047619047,29.151064699346367,0.9303888375123159
23008,0.8665863126516342,0.8836324214935303,-0.0032532191835343838,-13.87937068939209,-13.299423781415928,-11.030743491309616,0.8652046459442692,0.9946730732917786,0.2916666666666667,29.259228706359863,0.9321767149173996
23011,0.8531531095504761,0.9241596460342407,0.018845565617084503,-8.321314305067062,-3.275021506722589,-24.930492446710335,0.8891284014946746,1.0272527933120728,0.07692307692307693,23.723420730003944,0.9238551556429205
23016,0.8702052682638168,1.0641850233078003,0.014218426309525967,-2.599080465734005,-20.579488484053666,57.56262647974698,0.907826295226605,1.0300145149230957,0.07407407407407407,25.873243397679822,0.9410474468020139
24001,0.9038509055972099,0.9171435236930847,0.01363644003868103,-11.79879903793335,-1.2598543723626288,-9.232384941739536,0.901847228167235,1.0202330350875854,0.17391304347826086,27.19057539234991,0.951426393549573
24003,0.859760120511055,0.8448616862297058,-0.03518500551581383,-17.359310388565063,1.7180617320223226,-1.8348481089469941,0.821033636142787,0.9422555565834045,0.125,30.818601449330647,0.9319805744857419
24004,0.8673794716596603,0.891839325428009,0.011453216895461082,-15.052852034568787,-4.5043062451430815,-10.468118995329194,0.8712912459920906,1.0167696475982666,0.375,31.940778096516926,0.9322800564543181
24005,0.8973349556326866,0.9837703704833984,0.05827048420906067,-4.640199244022369,-13.230255602986087,24.6341085830463,0.8854024899719263,1.101671576499939,0.3181818181818182,21.28414890982888,0.9496802328860181
25001,0.8559882342815399,0.9491140842437744,-0.0390474759042263,-6.886205077171326,4.0373021432499945,-1.61355159012309,0.8964614348267984,0.9480451941490173,0.2962962962962963,21.864338274355287,0.9263009077073379
25003,0.7346101403236389,0.8515893816947937,-0.03580983355641365,-12.738524377346039,-21.56675449980491,-412.97171340096133,0.7875290412770859,0.9460022449493408,0.03571428571428571,33.473362241472515,0.8578647154138367
25006,0.8649212121963501,0.8993477821350098,-0.022519290447235107,-9.918148070573807,-11.981545976645222,-448.6371924646269,0.8717361985322297,0.9608296155929565,0.08,25.15264129638672,0.9308160799663203
25012,0.8538032323122025,0.875106930732727,-0.05445493385195732,-9.422898292541504,-11.729410250755183,-22.560108137922718,0.8352867616743754,0.9211696982383728,0.13793103448275862,24.294843344852843,0.9270756854479595
25020,0.8480728566646576,1.011796236038208,-0.062490008771419525,-1.5488134697079659,8.949807496017476,-34.56868840440147,0.8727919880473732,0.8965489268302917,0.23809523809523808,24.05597141810826,0.9269205734812719
25021,0.8382168114185333,0.9030515551567078,-0.0858924612402916,-10.24562492966652,23.798496599116966,28.40131049159203,0.8112980327266857,0.8594175577163696,0.21739130434782608,25.419141935265582,0.9197129623360294
26003,0.6763491034507751,0.8601926565170288,-0.4406907856464386,-20.746366679668427,17.11935215731513,-83.27086779991508,0.717780666221477,0.7633121609687805,0.35714285714285715,29.2841979435512,0.9361210056328415
26005,0.5564590990543365,0.821132242679596,-0.19523923099040985,-20.616133511066437,39.40644395288508,9.261876952106311,0.6105314151480521,0.739255964756012,1.3,68.44409942626953,0.7726134303384874
26008,0.7420060336589813,1.0835269689559937,-0.2741158604621887,5.055214464664459,22.84598753365979,-36.154491990808054,0.7860646296357381,0.8205434083938599,0.45,30.7874059677124,0.9188401584585986
26009,0.8649620413780212,0.9371269345283508,-0.1356821209192276,0.3146067261695862,2.063108962225307,-54.585839070192335,0.8765730011761323,0.9124380350112915,1.0666666666666667,17.229695320129395,0.9398825818569947
27001,0.8770965859293938,0.8334965109825134,-0.03645302727818489,-20.7186222076416,1.3643118481582175,-3.5734506977501863,0.8165991995094612,0.947628378868103,0.4583333333333333,31.87709053357442,0.9437003102531534
27002,0.8875516578555107,0.878425121307373,-0.06920279562473297,-13.931860029697418,-2.905016725411615,23.651487956314174,0.8409003508175985,0.91203773021698,0.08,23.28185272216797,0.9471333154486166
27003,0.9500322043895721,0.9336644411087036,-0.05890129506587982,-8.016197383403778,4.654010818034489,9.602334855744427,0.9076336482398324,0.9398096203804016,0.08695652173913043,10.440581777821416,0.9774554936778156
27006,0.9138229787349701,0.8833203911781311,-0.012766886502504349,-11.134438961744308,-4.282047150701515,17.395736691709736,0.8750556644541925,0.9821826219558716,0.20833333333333334,21.713570753733315,0.9590183344678183
27007,0.9067933186888695,0.8835919499397278,-0.061963316053152084,-11.860623955726624,-2.5916519596813843,22.497621451387833,0.8509227749492366,0.9173406362533569,0.04,20.883596420288086,0.9570976166745802
27009,0.9409645795822144,0.9485338926315308,-0.054720766842365265,-1.5393776819109917,-2.659763381243136,16.493902877418222,0.9153852982785482,0.9390183091163635,0.5652173913043478,12.232001968052076,0.9718553572287716
27021,0.9157869815826416,0.8623208403587341,-0.02988465689122677,-15.353967249393463,-3.8476011343083436,-10.796377606859012,0.853031485316738,0.9646251797676086,0.2916666666666667,17.058865229288735,0.9626795578508909
27023,0.7969250679016113,0.7910420894622803,-0.022712724283337593,-10.003162920475006,5.657520583189831,20.504522561590154,0.7638763479301394,0.9552350044250488,0.5238095238095238,26.255514404990453,0.8995656141468794
27025,0.8438964188098907,1.0191993713378906,0.0542423352599144,-2.6680946350097656,10.50244163004586,18.06522186843836,0.8965251280592669,1.068701148033142,0.4583333333333333,18.854049841562905,0.9250427753828279
27026,0.91035395860672,0.9209017753601074,0.018737349659204483,-7.042650133371353,-16.833374765820952,18.821588299989873,0.904297699702696,1.0294908285140991,0.0,21.634268760681152,0.9549146124052987
27029,0.9150299802422523,0.8951863646507263,-0.03221031278371811,-9.831050038337708,-1.60775313823354,-21.88166647221206,0.8815788552034215,0.9628838300704956,0.3333333333333333,24.774070580800377,0.9592561745835538
27030,0.880746603012085,0.9427802562713623,-0.03223880007863045,-9.29100438952446,-5.880541067825751,-6.459155045761227,0.9063588837484555,0.9578255414962769,0.4090909090909091,22.788656841624867,0.9390420257030958
27032,0.8110129535198212,0.7992653846740723,-0.06444521248340607,-20.85963785648346,-17.03076016565201,-98.0344467123327,0.7638235299131523,0.9145065546035767,0.25,28.20163567860921,0.9095798140519261
27034,0.891825720667839,0.9082487225532532,-0.04570193961262703,-8.677621185779572,-2.917941241272228,31.651874504375694,0.8757697091796283,0.9357816576957703,0.24,23.68872833251953,0.9462331630472741
27035,0.910047248005867,0.8778887391090393,-0.053986556828022,-10.203737765550613,0.7197644745866032,3.807018279860012,0.8511913904774516,0.9255332946777344,0.48,17.46376609802246,0.9589201749017737
27038,0.2031172513961792,0.6023468375205994,-0.36378219723701477,-42.56773889064789,1.4654183010030675,-49.107467199926916,0.3932554322689503,0.8175169825553894,0.45454545454545453,33.73039419000799,0.5796300662683168
27041,0.922628328204155,0.9846999049186707,-0.10308847576379776,5.569622665643692,-2.1841889069473917,-31.238883260792633,0.9121727931511372,0.9203822612762451,0.72,19.35079002380371,0.9662281028976588
27042,0.866403803229332,0.9430282115936279,-0.04615607485175133,1.0549849830567837,-5.593241117559536,-19.380421234875765,0.9005215017039883,0.954961359500885,0.08333333333333333,20.16371488571167,0.9320168564201341
27043,0.8959072455763817,0.963458240032196,-0.0006136090378277004,-3.7254881113767624,-2.5938319335540845,-6.966694806755183,0.9353488299544394,0.9991739392280579,0.18518518518518517,19.716771443684898,0.9466727912757806
27047,0.9058630391955376,0.9459825754165649,0.025167856365442276,-5.230475217103958,-16.8153034635476,17.10276681558951,0.916603742247287,1.0417689085006714,0.07407407407407407,16.82383749220106,0.9521208612108322
27049,0.8654734194278717,0.8282394409179688,-0.09182523190975189,-19.69417631626129,8.269452816517132,-20.21519866344866,0.7972623795171416,0.909443199634552,0.48,33.48301315307617,0.9416877456236517
27051,0.8671736419200897,0.944965660572052,0.014922232367098331,-5.319742858409882,-17.78641306527938,-4.127913899599064,0.9078072851123717,1.0277516841888428,0.125,27.38747000694275,0.9314393539502167
27062,0.9240318313241005,0.9043287038803101,-0.07975699007511139,-8.433736860752106,-5.7109188669783535,9.232318165073396,0.8591116399796934,0.9021260142326355,0.2631578947368421,14.576026201248169,0.9665752188040092
27064,0.906514510512352,1.0339292287826538,-0.012186693958938122,-4.489716142416,22.277372249563687,-18.68679509153027,0.9405839710345751,0.9802094101905823,0.2727272727272727,26.567461273886938,0.9554196849805892
27065,0.9032557532191277,0.8998684883117676,-0.027694541960954666,-11.413929611444473,-0.2157302231843768,-41.13394744210569,0.883766050506242,0.9653123617172241,0.34782608695652173,24.657108472741168,0.9522424965862939
27071,0.8995633125305176,0.8878067135810852,-0.08496495336294174,-6.1368487775325775,-8.44111246292154,4.79520533786216,0.8455761230534387,0.9040971994400024,0.34615384615384615,18.43240994673509,0.954590165178902
27073,0.6667950451374054,1.114734172821045,-0.11534751951694489,20.42067050933838,6.87090082842247,41.998340645646465,0.8077437557979659,0.9302177429199219,2.25,24.927717447280884,0.8624174080104876
27077,0.7731346040964127,1.2885478734970093,0.12464691698551178,26.408591866493225,2.3808231034669087,9.63163804063346,0.6685957323468397,1.1552395820617676,0.2,27.3936767578125,0.9503050759094135
27079,0.9222458824515343,0.8798372149467468,-0.07674277573823929,-13.700760900974274,0.4752110094469331,-11.230046225611805,0.8526155858763855,0.9211452007293701,0.25,20.415054048810685,0.9673657963664586
27080,0.9367475658655167,0.9463407397270203,-0.05174343287944794,-2.1833397448062897,-6.845816027855394,-14.354849738288818,0.919236713689918,0.9479025602340698,0.24,11.62342643737793,0.9695164147056786
27084,0.892794780433178,0.9042010307312012,0.013220105320215225,-10.127979516983032,-8.174208765492725,23.62620160008794,0.8880039276178968,1.0209227800369263,0.30434782608695654,22.29868640070376,0.9458897884722353
27087,0.7610352486371994,1.058876395225525,-0.22234071791172028,16.77718460559845,7.7760803475494775,-13.356452210737812,0.8351653762713092,0.8735687136650085,0.9047619047619048,29.372660319010418,0.9121412889879081
27089,0.9088098704814911,0.9224119782447815,-0.046155430376529694,-8.441518992185593,-0.6742839812372314,32.88809351164152,0.8938592722067803,0.9432563781738281,0.125,18.04043253262838,0.9549876199403488
27090,0.8746049702167511,0.9295960664749146,-0.016372712329030037,-8.485984802246094,2.0187217814764735,35.45899156888465,0.901538372855043,0.9763314723968506,0.37037037037037035,26.365656322903103,0.9353642593813081
28001,0.71723273396492,0.7733296751976013,-0.058797650039196014,-24.104809761047363,-6.266041583511803,-170.56493245106816,0.71365524438631,0.9056810140609741,0.6,45.26758670806885,0.8526303565422213
28003,0.8667233139276505,0.8956942558288574,0.05337125062942505,-11.993367969989777,-3.339608005316999,-71.94778053589506,0.8641201379241362,1.0559470653533936,0.2692307692307692,20.396579228914703,0.9332648928299128
28008,0.9155365973711014,0.9586841464042664,-0.029912201687693596,-5.7336632162332535,-0.8578582897805285,-19.257953717148514,0.9346397481369464,0.9727581739425659,0.2916666666666667,17.344973484675087,0.9573052031470554
28009,0.9554199725389481,0.9328866600990295,-0.05218299850821495,-5.089284852147102,-5.060662082382896,-30.766701419889042,0.916736189187288,0.9549682140350342,0.48,11.356575012207031,0.9799800087113555
28012,0.7198958694934845,1.1328762769699097,0.04262427240610123,21.577957272529602,-9.684581481928175,29.202046949507544,0.8214052300482102,1.0317476987838745,0.6666666666666666,27.231530139320775,0.8849692628265082
28015,0.7064307630062103,1.072526454925537,0.36976975202560425,6.0301147401332855,-7.341942467450649,13.184711001555124,0.742454199407667,1.2368042469024658,0.20833333333333334,17.571608225504555,0.92933528895102
28018,0.9123243093490601,1.0862196683883667,0.007446352392435074,7.480786740779877,6.425360753953813,-27.87244790116311,0.9059587984371019,1.0068929195404053,0.2608695652173913,16.419856444649074,0.9630892422916679
28022,0.9401444643735886,0.9321034550666809,-0.05483170971274376,-7.728829234838486,-1.439950458899281,-16.07509420995153,0.9129610007989039,0.9533030390739441,0.7083333333333334,12.73383100827535,0.9719778586057987
28023,0.9242904484272003,1.0264434814453125,-0.07944381237030029,7.530009001493454,-4.152595520292624,-17.29860457702582,0.9291821090506197,0.9434664845466614,0.5714285714285714,13.591428030104863,0.9665354277174076
28024,0.9063922986388206,0.9237022399902344,-0.06178989261388779,-1.3184133917093277,2.0646078546503617,19.630319435903914,0.8693587476897905,0.9041882157325745,0.13043478260869565,16.829184863878332,0.9545479305403556
28026,0.9114862680435181,1.0312050580978394,0.0025243235286325216,3.3817220479249954,-0.4345625680371952,-10.004329450998087,0.9472179013471373,1.0032920837402344,0.22727272727272727,18.367841026999734,0.9575576099641139
28031,0.8799120411276817,0.9681267738342285,-0.007904144003987312,-6.050321087241173,4.8998867502478305,3.1386231564014837,0.9302056407837914,0.9911940097808838,0.391304347826087,21.015598462975543,0.9385361523458906
28033,0.8195917755365372,0.7973834276199341,-0.07970878481864929,-24.883154034614563,-5.438182231309217,-17.86846564203598,0.7648907856683831,0.9147500991821289,0.2608695652173913,25.088838908983313,0.9166014288424146
28039,0.8907500058412552,0.8889840841293335,0.056690990924835205,-11.516256630420685,-16.923761396674212,-59.109264685957186,0.8427005551802843,1.0981862545013428,0.038461538461538464,26.13811126122108,0.9472928734326616
28040,0.8559061586856842,0.8978914022445679,-0.007312684319913387,-11.759069561958313,-5.412178953069959,10.882006225375035,0.8732160842007468,0.9894180297851562,0.3076923076923077,24.35268805577205,0.925595581608458
28043,0.8715927004814148,0.8050516247749329,-0.06401316076517105,-22.030270099639893,2.018913382551922,-5.849372936495251,0.7832727685819164,0.9219445586204529,0.2727272727272727,32.51546729694713,0.946398023298594
28044,0.758345827460289,1.0837997198104858,-0.0753655880689621,-1.6256406903266907,21.75805357223792,-47.138057311403806,0.8624231224149206,0.972642183303833,0.3333333333333333,19.840583347138903,0.8943754097221536
28046,0.9258207157254219,0.9572223424911499,-0.06388802081346512,-3.538789227604866,-0.09206354976697154,-7.660506957141903,0.9294575819571067,0.956701934337616,0.3181818181818182,19.97525691986084,0.9643407477463461
28048,0.8408821672201157,0.9101095199584961,-0.04432480037212372,-14.139237999916077,7.367713106406515,11.97681520324333,0.8613703694520383,0.9334376454353333,0.22727272727272727,26.395414092324,0.9181017154112497
28050,0.6325559914112091,1.0622923374176025,-0.03212634474039078,1.3338493183255196,2.8107255985726742,36.57767162701276,0.8163753617846106,0.9731506705284119,0.375,23.08628956476847,0.8293635854639746
28052,0.8052515387535095,0.7876217365264893,-0.10715837776660919,-23.89729470014572,6.601003946789527,-32.9177462556688,0.7460166915953061,0.8917856216430664,0.2916666666666667,28.900094827016193,0.9122922895693185
28055,0.893960140645504,0.9929971694946289,-0.0006743434350937605,-4.153585433959961,0.8293560978224065,-48.57394124479782,0.9461662327077752,0.9991090893745422,0.043478260869565216,24.62560404901919,0.946631084477536
28056,0.9011733159422874,1.0288819074630737,0.05806325376033783,4.367656260728836,-11.315556943442408,1.6726350743588712,0.9013117407396167,1.0824064016342163,0.18181818181818182,15.853846073150635,0.9540174717219756
28060,0.6923838555812836,0.7310912013053894,-0.16724981367588043,-27.60205864906311,7.0952382117646415,-12.1621761457693,0.6456008145087331,0.8178442716598511,0.23809523809523808,44.48493321736653,0.8582039094531706
28066,0.8129537850618362,1.0938352346420288,0.17122282087802887,9.668854624032974,-8.050161739179309,-1.6307075862199765,0.7332249110297732,1.2402702569961548,0.14814814814814814,20.262928362245912,0.9319257725879347
28067,0.9176302254199982,0.8477054238319397,-0.020429566502571106,-18.28341633081436,-3.344881827826528,14.81783120135787,0.842414794846603,0.9790640473365784,0.2608695652173913,24.85426612522291,0.9653424634588077
28072,0.8063048720359802,0.8899195194244385,-0.045993510633707047,-11.133114248514175,32.721188202965344,-65.59368713020613,0.8421701207330001,0.9487576484680176,0.36363636363636365,24.19127117503773,0.899169548274532
28074,0.941376868635416,0.9036626815795898,-0.0418328158557415,-8.913152664899826,3.905238550204764,-0.3226209347587787,0.8905583824829323,0.9552432894706726,0.43478260869565216,19.026750067005988,0.9736670247235402
28080,0.8547136634588242,0.9740120768547058,0.034753721207380295,-1.8061168491840363,-0.31390054029247344,-35.92463470214736,0.9179079165753485,1.025389313697815,0.17857142857142858,16.614399637494767,0.9263853223769324
28081,0.8173109591007233,0.8556714057922363,0.17568233609199524,-11.108949780464172,-20.02566922947531,34.41441551054835,0.76420979676137,1.1700211763381958,0.09523809523809523,23.77581379630349,0.9234553957884604
28082,0.9212649539113045,0.9620725512504578,0.00829408224672079,-3.4025978296995163,-3.320890605458784,20.122556414933122,0.9436358423836925,1.0112923383712769,0.09090909090909091,19.754372943531383,0.9598638568213712
28085,0.9421716630458832,0.899627685546875,-0.05101258307695389,-10.889998078346252,-0.5521983518008079,-7.9653491312558184,0.885693383782632,0.951403021812439,0.17391304347826086,19.44521821063498,0.9749054843954825
28091,0.8785764947533607,0.9132282733917236,-0.10261118412017822,-10.135115683078766,20.3657752707883,-30.40560284588652,0.8649450612981571,0.9133529663085938,0.28,19.099605560302734,0.9434067540985905
28093,0.9441591799259186,0.9267731308937073,-0.01603768579661846,-6.750737130641937,0.7783112080795096,-20.717730628747848,0.9197552277747933,0.9814818501472473,0.34782608695652173,17.614126205444336,0.9729052175429261
28115,0.8310983777046204,1.0732232332229614,-0.09651324152946472,2.9012391343712807,-4.617323626309874,-16.47028079144738,0.8872943516749724,0.9533277750015259,0.037037037037037035,14.329402535050004,0.9281485929544007
28116,0.7512015253305435,0.9611291289329529,-0.1544250100851059,-0.9952135384082794,-17.169493047921613,43.29427236042069,0.84541942335735,0.9058043360710144,0.2692307692307692,22.626632910508377,0.8837615082916128
28117,0.931571364402771,0.915821373462677,-0.01542530208826065,-10.826776176691055,5.336424295423417,-31.145251648484784,0.9083726258351252,0.985978364944458,0.3,22.814390659332275,0.9666394202537029
29002,0.7796660661697388,1.0963801145553589,-0.17112047970294952,7.601866126060486,5.730510949341858,-65.66176131070462,0.8442868446308884,0.910075843334198,0.2727272727272727,28.666083709053368,0.9171078633328511
29003,0.8580473065376282,0.9207532405853271,-0.15041565895080566,-12.013522535562515,6.258246867657011,-93.98719286908643,0.8572792972868778,0.8984097838401794,0.4117647058823529,35.896304074455706,0.9386112544044001
29005,0.6826792359352112,0.60169517993927,-0.1408536583185196,-44.16390657424927,8.574459271418181,-13.010318540865267,0.5144225094795195,0.7473565936088562,0.23529411764705882,53.878837161593964,0.8846306850863879
29009,0.8619447350502014,0.8312767148017883,-0.07089903950691223,-10.870292782783508,-9.525583145643342,64.6945507571455,0.7899250708867593,0.891793966293335,0.35,35.18415451049805,0.9371081631423592
30001,0.8730064481496811,0.8783549666404724,-0.18428745865821838,-12.626877427101135,11.823888611668618,-6.570487089371555,0.7820580331153335,0.8247348666191101,0.09090909090909091,22.905281315679137,0.9554655211157089
30004,0.8337208777666092,0.9298760890960693,-0.0736646056175232,-4.593291133642197,-5.482994943750338,15.724086153832639,0.8670542118739606,0.924324095249176,0.64,31.34252108060397,0.9161526557359413
30005,0.7079952955245972,0.872080385684967,-0.2950643301010132,-5.116720870137215,18.707357174434794,-45.232402128513385,0.7078150111543281,0.760586678981781,0.3,32.12763547897339,0.8918801512243666
30011,0.9075185433030128,0.9607403874397278,0.007099143695086241,-3.466847538948059,-0.1838013054661563,-14.39361276334672,0.9381635356068209,1.0067051649093628,0.5,21.04941714893688,0.9526980770601821
30012,0.6156931519508362,1.2904846668243408,0.11296091228723526,33.34597647190094,-17.779440723536762,-4.2516167713509505,0.6390826817751837,1.183031678199768,0.45,48.49816276913598,0.8887373660660437
30014,0.7344543933868408,0.9051148295402527,-0.07708540558815002,-9.274876862764359,22.280737788896943,-1.0768742766195385,0.7818226958112426,0.8605951070785522,0.36363636363636365,36.94311639536982,0.8615643964889885
30015,0.8467022329568863,0.917621910572052,-0.10405357927083969,-8.396781980991364,0.7954264880015864,-868.8785237642895,0.866182261104135,0.9248002767562866,0.47058823529411764,25.679851980770334,0.9260673330017656
3003,0.8729865103960037,0.9042806029319763,-0.032286353409290314,-9.05940979719162,-11.206855754691162,28.02319972226738,0.8765312705644891,0.9562862515449524,0.1,25.311148961385094,0.9354133731383792
31002,0.9097002446651459,0.9808076620101929,-0.030217496678233147,-2.092956565320492,-6.211738956214219,25.03471497348682,0.9314891177173384,0.9523970484733582,0.1875,22.572366893291473,0.9546198924683303
31006,0.8828713148832321,0.9537841081619263,0.09612198919057846,-5.356575176119804,-2.454902708894699,33.413944877175204,0.9079658752715073,1.0571043491363525,0.46153846153846156,14.938406760875994,0.9445611619361952
31010,0.8915625587105751,0.9838680028915405,-0.03018842451274395,-2.2626185789704323,13.82441025481759,-147.33429052413206,0.9304228820345248,0.9598858952522278,0.09090909090909091,25.12789422815496,0.9454876838323755
31021,0.8794243112206459,0.9103631377220154,-0.018361413851380348,-8.736325800418854,-6.1316923388108195,0.08449981484731736,0.8867296444670982,0.9684141874313354,0.21052631578947367,32.46453184830515,0.9383741709355178
31023,0.025172829627990723,1.1122115850448608,0.0397484228014946,-6.780118495225906,-78.46266551064613,-345.27196662051625,0.5364455245760653,1.1256263256072998,0.125,56.63769642512003,0.5681327308284547
31025,0.8499442487955093,0.9684498906135559,0.03817180171608925,-2.3895347490906715,-29.898938856678864,-900.4886235584655,0.8829772853493131,1.0830154418945312,0.42857142857142855,35.93941188993908,0.923794076680515
32003,0.8774850890040398,0.8949183821678162,-0.05327135697007179,-5.497729405760765,36.97314978735226,-115.18757699530818,0.8346643776171132,0.8877066969871521,0.2777777777777778,26.20863649580214,0.9393045658968311
32004,0.8602629452943802,0.8991913795471191,-0.010135455057024956,-7.223513722419739,-14.801469369537411,91.69901592495422,0.8753349698619354,0.9860028028488159,0.6842105263157895,26.98373041654888,0.9280064568615874
32006,0.7960925847291946,1.0544891357421875,-0.03892502561211586,2.9134955257177353,6.261991175272799,-11.953411832538453,0.8818353791667572,0.9546968340873718,0.36363636363636365,22.18155446259872,0.9054408393595502
32008,0.8666442334651947,0.9480162858963013,-0.04721348360180855,-8.773360401391983,3.5099907003485655,0.3445670048877689,0.8944531098926548,0.9379512071609497,0.38095238095238093,27.47869264511835,0.9322667970155439
33006,0.8552480936050415,0.8301827311515808,-0.15114690363407135,-11.815723031759262,-12.961861658525994,1.6640195657318446,0.7954222148374199,0.9006409645080566,0.8947368421052632,28.693286996138724,0.9439469229301262
33007,0.8653345704078674,0.9062564969062805,-0.08001045882701874,-8.297307789325714,-17.490011121888983,18.509596620327923,0.8785839388249912,0.9598885774612427,0.5882352941176471,27.16992322136374,0.9340827084833687
33012,0.8599310964345932,1.0154367685317993,0.0370141863822937,-0.7233090698719025,-19.670736740586623,-53.79823996736871,0.88911654110918,1.086073398590088,0.2222222222222222,27.486321661207413,0.9318221613129334
33013,0.849005401134491,0.8926342725753784,-0.16783840954303741,-9.467539936304092,-1.54564833101457,-14.447523150060071,0.7900188955468068,0.8306538462638855,0.75,24.910736083984375,0.937657839171641
33014,0.8997016549110413,0.9149770736694336,-0.0910453200340271,-7.114776968955994,-1.8446999767099288,9.075687802614244,0.8816879841714812,0.9320114254951477,0.13636363636363635,13.483611020174893,0.9536708641954881
33018,0.765373557806015,0.9774895906448364,-0.049737315624952316,-9.798457473516464,9.521633194503965,-7.04974011051957,0.8606932073347682,0.9302882552146912,0.3181818181818182,28.22583805431019,0.8815097616158832
33019,0.9144086241722107,0.9210298657417297,-0.12718476355075836,-5.30242957174778,-4.956270296723546,2.4407085838380036,0.872927559665984,0.906540036201477,0.8333333333333334,16.747156778971352,0.9657019220006193
33020,0.6347989141941071,0.5948001742362976,-0.06399492174386978,-43.28427314758301,-1.9709391199113981,2.4412008036834147,0.5217943632625259,0.8074062466621399,0.0625,50.52638053894043,0.8344663829193787
33021,0.8949247300624847,0.9426708817481995,0.016694677993655205,-8.075148612260818,-9.069530735052119,-39.171994137469895,0.9190550917635434,1.019144892692566,0.26666666666666666,22.61501471201579,0.9461583483382096
33022,0.9210686087608337,1.0386672019958496,0.10058337450027466,4.497325420379639,-9.947697797393392,8.286749015071885,0.8962919347971702,1.0906091928482056,0.23809523809523808,16.74531754993257,0.9675934505180934
33023,0.8529152274131775,0.975969135761261,0.001881054718978703,0.8781702257692814,-23.38928688701672,-769.7144998629213,0.9211555828400388,1.00237238407135,0.11764705882352941,19.47496077593635,0.9249444773847302
33024,0.8610242456197739,1.0021990537643433,0.12641531229019165,1.5751110389828682,-19.340758440559522,-70.21422508090822,0.8577781880894833,1.1282854080200195,0.3125,13.14629316329956,0.9386398986735759
33026,0.935842752456665,1.0090351104736328,0.019404014572501183,2.8758712112903595,-8.333663375251607,13.91013856088551,0.958716174718855,1.0250282287597656,0.5882352941176471,18.375753031836616,0.968435640768072
33028,0.807839035987854,0.8521315455436707,-0.07144732028245926,-9.268464148044586,-1.3552020155049984,-22.989581616566042,0.8140534427115145,0.9424155950546265,0.13043478260869565,24.331652599832285,0.9030717860928835
33029,0.8890454992651939,0.9199572205543518,-0.14024360477924347,-10.215052217245102,19.380397472888266,-500.04070003675656,0.8599302092857336,0.8947169780731201,0.3684210526315789,29.35112401058799,0.9538677442205798
33031,0.6937574744224548,0.6297163367271423,-0.11256678402423859,-40.48684239387512,26.433671309265584,-104.88102215648121,0.5278028785290005,0.7346197962760925,0.19047619047619047,45.634678431919646,0.8757684512284093
33032,0.7365423738956451,0.9154652953147888,-0.2569849193096161,-12.776167690753937,6.237553197928885,-354.56675392808614,0.8072524506388333,0.8614137768745422,1.2,29.226219654083252,0.8960800295980587
33033,0.8316685706377029,1.045939326286316,0.12945300340652466,6.942489743232727,-8.38769111332193,-17.119448561012295,0.8851711072308333,1.0772675275802612,0.30434782608695654,20.679104846456777,0.9285508425760964
33034,0.8480233997106552,0.8364592790603638,-0.14925415813922882,-14.361578226089478,-4.0103580516995585,2.457219714730306,0.7904116196134472,0.8842660784721375,0.7222222222222222,18.06165244844225,0.9384582971036313
33035,0.8249102085828781,1.055594801902771,-0.021685056388378143,9.756488353013992,-0.006687109112060008,85.53512780626325,0.9000483413613107,0.9827256202697754,1.0,32.19730854034424,0.9187525516034336
33039,0.9400557912886143,1.0149317979812622,-0.030901022255420685,1.2108700349926949,11.34099500783808,-18.139166192619452,0.9512165065867995,0.9636858701705933,0.7368421052631579,18.056062648170872,0.9710490999556913
33053,0.8556003719568253,0.9994508028030396,0.03849691525101662,-3.2884474843740463,-10.784489117070821,-2.439149424164188,0.905641061357191,1.0615739822387695,0.2222222222222222,25.046064979151677,0.9285020811806669
33054,0.5828062295913696,0.8363768458366394,-0.5269575715065002,-17.790760099887848,1.474685174481283,-74.39778787217327,0.7300003082739669,0.7960758209228516,0.6923076923076923,25.145591222322906,0.9326039604910116
33058,0.8303187936544418,0.8056934475898743,-0.07157164812088013,-26.216405630111694,15.70492526086657,-8.074815047246812,0.7674060174123162,0.8992406129837036,0.16666666666666666,33.66966777377659,0.9213077490816851
34002,0.857427179813385,0.8576352000236511,-0.18157050013542175,-10.683847218751907,-9.93990431605379,16.826381625204586,0.754185828292874,0.8064950108528137,0.19047619047619047,30.611299333118257,0.9479165101505098
34003,0.8217229694128036,0.9400972723960876,-0.21998383104801178,-6.688784062862396,-0.14490846677224922,-11.15911742988867,0.8641517022195565,0.8982434868812561,0.2916666666666667,21.22180461883545,0.9328283149431963
34004,0.5077082216739655,1.2554994821548462,-0.028329424560070038,29.33717668056488,18.766426832903267,35.75472135609493,0.6928793320858264,0.9847520589828491,0.9047619047619048,32.63994171505883,0.8302630871808049
34005,0.7106233239173889,0.9801337718963623,0.14717164635658264,-2.1996190771460533,-16.62634458108058,20.71638026423199,0.7956531653843413,1.1508842706680298,0.3181818181818182,31.000295552340422,0.863629553555947
34006,0.8623038083314896,0.8054131269454956,-0.076433464884758,-14.570052921772003,-11.906253533891228,-7.123565236721871,0.7637535063568976,0.8794025182723999,0.19047619047619047,32.14039348420643,0.9416510326184624
34007,0.8864140510559082,0.8966242671012878,-0.09743798524141312,-11.097990721464157,-2.2474542695770245,-2.6274801317363377,0.7930509069070628,0.8284531831741333,0.3,29.4112491607666,0.9479128171566573
34008,0.36902719736099243,0.8024434447288513,-0.6279897689819336,-16.602231562137604,3.0695633868403447,49.32503497769085,0.6820347316730383,0.7833945751190186,0.14814814814814814,26.424351444950812,0.8768926921593854
34010,0.8071556091308594,1.018337607383728,-0.07625050842761993,7.783814519643784,-10.640744615342914,23.972438469335827,0.8526763007633803,0.8861345648765564,0.25,25.074763298034668,0.9083339365067361
34011,0.8378681838512421,0.8692444562911987,-0.12119048833847046,-10.257478058338165,-15.707874434084577,-12.836615008633675,0.8301619215819075,0.9217291474342346,0.42857142857142855,18.76765773409889,0.9250224412987852
34012,0.7156818509101868,0.9302394390106201,-0.31937718391418457,-16.979777812957764,12.32171006989856,-80.47382769551695,0.8118762353439941,0.8536205887794495,0.4166666666666667,23.60422213872274,0.9046213706875578
35003,0.7177608907222748,0.7138922214508057,-0.09928998351097107,-28.09542715549469,-15.364724962634272,-62.21941703025639,0.6242732112131476,0.7962677478790283,0.38095238095238093,46.16092598956564,0.8665603945170626
35008,0.8496884256601334,0.8687567114830017,-0.07395398616790771,-11.140590906143188,-16.891694279848902,-38.87118275696565,0.7971401417492856,0.863865315914154,0.2727272727272727,31.117095117983613,0.9265515888695283
36003,0.843142107129097,0.869390070438385,-0.1281036138534546,-11.139155924320221,5.870867230275412,18.714728013778213,0.762582711909171,0.814872145652771,0.3888888888888889,32.12642139858669,0.9290373863988592
36006,0.9302761033177376,0.9605872631072998,0.009148119948804379,1.8326770514249802,-18.183960492788245,55.09590018420963,0.9456909940173235,1.0118361711502075,0.45454545454545453,20.541303808038887,0.9645597777383355
36009,0.8168940395116806,0.8144316077232361,-0.06508318334817886,-16.64040833711624,0.5360536142416118,-2.308626865543286,0.7476681869132316,0.8538049459457397,0.35,32.69097566604614,0.9113280097576195
36010,0.8206163793802261,0.8333917260169983,0.023560917004942894,-12.55870908498764,-38.68561134497751,-8.453199031565727,0.7985384574535992,1.0679234266281128,0.23529411764705882,36.515773667229546,0.9093642218509949
36011,0.8491945713758469,0.8269248604774475,-0.0501619353890419,-19.1290482878685,16.587195796264332,-14.982329426928114,0.7917968941334482,0.9090383648872375,0.2916666666666667,34.27647749582927,0.9284492466193388
36012,0.6494135856628418,0.8201953768730164,-0.022757256403565407,-8.476905524730682,-49.65871346533109,39.00159563399846,0.7338608629691393,0.9686663150787354,0.48,35.710697174072266,0.8063029738200673
37001,0.926914855837822,0.9318284392356873,0.022761216387152672,-1.7328040674328804,-18.26356881721268,33.44415005168372,0.9130272099923811,1.0398586988449097,0.3684210526315789,23.506694090993783,0.9635556776567626
37003,0.838590994477272,0.7912675142288208,-0.08172187954187393,-19.02833878993988,-16.275693456131354,-18.250585336001837,0.7378345310640491,0.8577767014503479,0.2,33.49869251251221,0.9297574499619494
37005,0.9158212468028069,0.9230109453201294,-0.007073421962559223,-7.347574084997177,-6.472749245815837,40.32499062938979,0.9114600130042168,0.9891618490219116,0.3333333333333333,23.860724767049156,0.95763787965541
37008,0.9246988669037819,0.9423673748970032,-0.012862777337431908,-5.363648384809494,-1.5801212951770554,23.232706777605948,0.9283159928518738,0.9808889031410217,0.23529411764705882,15.958638752208037,0.9618969373751037
37009,0.8136937022209167,0.8526780605316162,-0.00762994633987546,-9.491536021232605,2.5553055737796084,-22.947181057326024,0.8236182242240178,0.9901474118232727,0.28,21.72276496887207,0.9035131952887724
37010,0.8584854602813721,0.8436404466629028,-0.04307727888226509,-14.379721879959106,-20.926433370973797,34.475911530570094,0.819299715755056,0.9404863119125366,0.2631578947368421,25.902740955352783,0.931718203475193
37011,0.8903099447488785,0.9479063153266907,-0.0025956586468964815,-6.5518103539943695,14.005637122423131,21.3136739955857,0.9230464164630872,0.9950582981109619,0.16666666666666666,24.03350830078125,0.9435758773327373
37018,0.8260615319013596,0.960343599319458,-0.0020854452159255743,-0.9058487601578236,-3.1435813543332025,28.84832950157415,0.9018415959995129,0.9969558119773865,0.25925925925925924,27.790731853908962,0.9102605154891664
37019,0.8187677562236786,0.942365825176239,-0.05704303830862045,-5.038701742887497,-2.197191717115278,-14.461847856003962,0.8598884703528462,0.9121253490447998,0.25925925925925924,30.023490058051216,0.9073307583286065
37020,0.907860517501831,0.888454020023346,-0.08276566863059998,-11.790870875120163,11.353666354746936,-27.58402123248464,0.8156284798151772,0.8590402603149414,0.0,21.937674946255154,0.9590036148638572
37031,0.7377594113349915,0.7325564622879028,0.0020880273077636957,-17.70412027835846,-21.92418647748444,22.68007227791721,0.7025182106112295,1.0050767660140991,0.35714285714285715,38.34228515625,0.8698324326077307
37033,0.8152920752763748,0.8591591715812683,0.05421195551753044,-13.918404281139374,-35.76646604234363,-4.570142090367452,0.805781592658506,1.0948874950408936,0.2413793103448276,29.47008856411638,0.9057608675472005
38001,0.9039156511425972,0.8858619928359985,-0.09286447614431381,-13.044731318950653,15.63997814292088,25.536347751679127,0.834803587726246,0.888208270072937,0.09523809523809523,20.33445948646182,0.9579883460374973
38003,0.8097483217716217,0.8272667527198792,-0.012408294714987278,-16.02352410554886,-12.486861161672861,-14.426994634789539,0.80182717387678,0.9926854968070984,0.5238095238095238,28.698167346772696,0.9031382823775583
38004,0.8771962374448776,0.9453510046005249,-0.013344798237085342,-8.499390631914139,20.108150827242653,6.524621671941723,0.9133048463903221,0.9770767092704773,0.29411764705882354,20.279037952423096,0.9367223601628223
38007,0.7891397625207901,1.0049700736999512,0.07767900079488754,-2.1004004403948784,-12.563692393636867,3.4268758937838864,0.8405537176411944,1.1225396394729614,0.14285714285714285,27.754039423806326,0.8981056817908984
38012,0.566022664308548,0.6818314790725708,0.010884147137403488,-24.568933248519897,-24.775216463757936,-143.17282825469238,0.5984015183457101,1.0234960317611694,0.17857142857142858,40.527548108782085,0.7560777393320546
38014,0.8407879173755646,0.7712349891662598,-0.00846059899777174,-23.067480325698853,-28.486688336569944,39.78881039015189,0.7604898086471823,0.9846071004867554,0.11538461538461539,35.208639731773964,0.9307557928438976
38017,0.6559761464595795,1.0840847492218018,0.1458149254322052,12.930373847484589,4.056519046175926,-4.60288652788261,0.7977045602717135,1.112485647201538,0.625,25.438839197158813,0.8543971873320484
38018,0.8685924857854843,0.8937798738479614,-0.07628275454044342,-8.256731927394867,-3.4746177412114303,-2.4681570338360395,0.8680640554295074,0.9548845887184143,0.5,19.47658612177922,0.9360548834167418
38021,0.8065039664506912,0.814696729183197,-0.04704375937581062,-19.593192636966705,1.1639794202920872,-787.5139700733347,0.764638958024099,0.8914657235145569,0.2608695652173913,39.34602737426758,0.9036785136516373
38026,0.897908978164196,0.9054675698280334,-0.05993711203336716,-7.11185559630394,4.893564073255242,42.85199994946993,0.8564068955779234,0.9038923978805542,0.21739130434782608,23.95699749822202,0.9505436748413112
38029,0.8074995428323746,0.9451936483383179,0.08595257997512817,-0.8110693655908108,39.998171023919134,-59.73247494208537,0.7392731026433561,1.2359968423843384,0.17647058823529413,21.78030014038086,0.9036658461012932
38030,0.8610101491212845,0.9089261293411255,0.04917943477630615,-6.686531752347946,-14.292806319408255,-19.013478955820187,0.8735848911584067,1.052027940750122,0.30434782608695654,26.620271931523863,0.929434971778194
39001,0.9421368576586246,0.9263749122619629,-0.018094738945364952,-4.202430695295334,-12.953395278147873,10.031809563282955,0.9188474890117573,0.9806644320487976,0.45454545454545453,13.954851844094016,0.9718715036436777
39002,0.9358704909682274,0.9711776971817017,-0.06433556973934174,-0.7055008318275213,0.8842478888298055,7.702994455858966,0.9218166154717335,0.934013307094574,0.8888888888888888,15.57475725809733,0.9695422778929531
39004,0.5778496563434601,0.6733613014221191,0.15326042473316193,-30.756092071533203,-14.110336295536852,-37.15119412679306,0.5842165500255192,1.1384955644607544,0.125,27.154088020324707,0.7832005154786411
39005,0.7652763575315475,1.0856159925460815,0.17445430159568787,9.516595304012299,-1.1689022814728391,73.74438767173417,0.8189820738069956,1.131181240081787,0.13793103448275862,19.342433995214,0.9092868605208163
39006,0.8293999284505844,0.8773357272148132,-0.15222586691379547,-19.67703551054001,8.821297404676196,6.76291083522278,0.8177386377326349,0.8882826566696167,0.7777777777777778,19.106373522016735,0.9245552151779974
39007,0.9168500527739525,0.9064490795135498,-0.051430393010377884,-9.33135598897934,-5.142596208125223,11.862292302818709,0.8886107790243255,0.9542914628982544,0.28,19.608827590942383,0.9604207950847435
39008,0.9193636178970337,0.9354695081710815,-0.06441543251276016,-1.7336832359433174,-1.2287896532784872,19.68706291049183,0.9012130172940308,0.9359655976295471,1.2105263157894737,19.762149610017477,0.9613440963172987
39010,0.8409190028905869,0.8615751266479492,-0.014994516037404537,-5.213530361652374,-20.79762128460139,6.193074196294609,0.8393427373415231,0.9912212491035461,0.35294117647058826,15.493364895091338,0.9189306222110867
39011,0.9187972992658615,0.9656975865364075,-0.08055812865495682,-7.900705933570862,1.224315576631815,-46.451649113688276,0.9135102719479289,0.9303281307220459,0.13636363636363635,18.930586901578035,0.96192575515641
39012,0.7437605261802673,0.7895402312278748,-0.27274438738822937,-20.45426517724991,-2.2829919345603322,15.75315175257935,0.717895866614902,0.8335639834403992,0.3333333333333333,27.56382977520978,0.9128881168088246
39014,0.7433422207832336,0.9679840207099915,-0.23066942393779755,-13.652440905570984,11.071042730692062,-84.61674164836572,0.8015679388330165,0.8344176411628723,0.375,30.967724323272705,0.8954402447831293
39015,0.8339242041110992,0.870619535446167,-0.19944366812705994,-11.235809326171875,-5.425479268409062,12.398882990446037,0.8226760978997119,0.8963392972946167,0.47058823529411764,21.60047222586239,0.9370800479773461
39016,0.9284819662570953,0.940398633480072,-0.08958953619003296,-3.573620691895485,-4.117823660134176,-53.59234813438808,0.9120855984118714,0.9437774419784546,0.2777777777777778,17.84636312060886,0.9681308442993869
39017,0.7685268223285675,0.9000486731529236,0.028555843979120255,-8.851904422044754,-70.157923930743,-33.800343179480244,0.821105409135652,1.0835797786712646,0.3333333333333333,31.04504644870758,0.8774135917024495
39019,0.8496085703372955,0.8632023334503174,-0.16480009257793427,-15.024921298027039,-9.455293560567767,-42.108746390758334,0.8231917776289464,0.905754029750824,0.8888888888888888,19.157795111338295,0.9394587494648053
39020,0.8576426208019257,0.9124953746795654,-0.16792431473731995,-7.632530480623245,-3.181126086052153,-27.79458929811094,0.8478257983398041,0.8900257349014282,1.2,18.383596738179524,0.9416425736133146
39021,0.8875570669770241,0.9096392393112183,-0.053269803524017334,-8.365286141633987,2.765060428954671,4.92573554407287,0.8812854194369725,0.9469050168991089,0.42857142857142855,22.369502839587984,0.9442415267827718
39022,0.8940904438495636,0.9345009326934814,-0.09267731755971909,-8.135868608951569,8.183191861765945,24.289237568986373,0.8909505117288979,0.9284173846244812,0.16666666666666666,21.627438068389893,0.9502245818684973
39023,0.7430503964424133,0.8578493595123291,-0.0010174220660701394,-22.818052768707275,-7.864851946804506,-65.81293682366551,0.8018913649369457,0.9995540380477905,0.10526315789473684,20.922462563765677,0.8620143927308773
39025,0.8931117653846741,0.9395686984062195,-0.029059559106826782,-3.639175370335579,-16.658699147974474,16.912624182440123,0.9089965227791623,0.9592487215995789,0.18181818181818182,20.737635005604137,0.9455112492096173
39027,0.5878317356109619,0.7233788371086121,-0.21856367588043213,-32.95941650867462,2.6732080904121824,-24.898035006635684,0.6152881910584985,0.8214221596717834,1.1875,37.25806176662445,0.8010179326588234
39028,0.8547398000955582,1.1318058967590332,0.1994306892156601,14.081723988056183,-5.710211343033039,-61.0175093494295,0.8189467366733152,1.1178652048110962,0.6153846153846154,18.79469064565805,0.9610733608485491
39029,0.7715615779161453,0.9376418590545654,-0.06642661988735199,-0.3219909267500043,-27.09188456711939,-16.676736924369763,0.8636550879188016,0.9696478843688965,0.22727272727272727,16.8332425030795,0.8826111317672107
39034,0.9382049404084682,0.9633805155754089,-0.05724979564547539,1.9042739644646645,7.026738770198647,11.145744800318093,0.929600402489835,0.9477074146270752,0.5238095238095238,15.240920157659621,0.9703250576228741
39035,0.8786449283361435,0.9092861413955688,-0.14174780249595642,1.3913406990468502,2.5091495664034533,83.83618530770606,0.8354882247040897,0.8726499676704407,0.8333333333333334,20.379523436228432,0.9488425046179199
39036,0.406497597694397,0.7586064338684082,-0.04755010828375816,-10.433285683393478,-54.28458526251152,-12.19521181150788,0.5733778541137318,0.9816674590110779,0.7272727272727273,26.345281167463824,0.6487173224712516
39037,0.9060600101947784,0.9228783249855042,-0.015899455174803734,-18.34004521369934,4.431238932202992,-88.3294453598069,0.9082628932952742,0.985567569732666,0.8333333333333334,34.10682678222656,0.9524642350846094
39042,0.9106509014964104,0.9384060502052307,0.004684875253587961,-2.00735405087471,-7.234941735395066,25.659343591505362,0.9232482281069094,1.0044782161712646,1.5333333333333334,16.399003664652508,0.9544262639524487
39049,0.8580890744924545,0.9144241213798523,-0.06190596893429756,-11.102943867444992,11.129266463708893,-279.4933744336688,0.8592359062910379,0.9140952825546265,0.07692307692307693,21.1168307524461,0.9285039959387535
39052,0.8689364641904831,0.9498299360275269,-0.02084285020828247,-3.335971012711525,-12.59086712853548,52.37845018632926,0.9118416040187082,0.9734145998954773,0.1111111111111111,21.301742836281104,0.9325605162810787
39054,0.8500754833221436,0.9758945107460022,0.04844564199447632,-2.163803204894066,-22.99555785116626,-11.041556104739374,0.8655493090779773,1.1087371110916138,0.375,39.75135087966919,0.9246862937528321
39056,0.8222605288028717,0.8620858192443848,0.13450993597507477,-10.93682274222374,-30.617910843878498,23.43492480863719,0.7673852469873809,1.1686327457427979,0.26666666666666666,25.62564373016357,0.9184383722031358
39061,0.6808870732784271,0.9415275454521179,-0.3129406273365021,-4.097820818424225,12.379778195520435,3.5841742913284627,0.7526595806504784,0.7893226146697998,1.4444444444444444,26.322765350341797,0.8843570390660401
39065,0.8084118515253067,0.9856783747673035,-0.12155763804912567,5.728801339864731,5.085246260187323,0.7590480990116523,0.8772479476468155,0.9173124432563782,1.5,16.32125973701477,0.9104135871497052
39069,0.8760406002402306,0.8939732313156128,-0.05291314050555229,-8.804814517498016,-8.377811023299088,52.88690398211278,0.8504972044816983,0.9143847823143005,0.34615384615384615,28.65531886065448,0.938522811622807
39072,0.9374627992510796,0.9420819282531738,-0.029096422716975212,-4.511263221502304,-4.274486124019654,-3.7015272957214096,0.9298407470251314,0.975317656993866,1.05,10.565643310546875,0.969038738933166
39078,0.9052571058273315,1.0326064825057983,-0.018816500902175903,4.247067496180534,6.150515103637471,-22.09276794096045,0.9408483372452519,0.9801591634750366,0.23809523809523808,23.807387124924436,0.9548106460409069
39081,0.8797809332609177,0.9263794422149658,-0.13613669574260712,5.665585026144981,1.5577975422113068,23.40140765502989,0.8346684204966016,0.8613821864128113,0.5,23.10065572912043,0.9480418783170871
39087,0.8254232406616211,0.9848388433456421,-0.08778489381074905,-3.4563012421131134,6.104690559858772,-13.742420068006151,0.8746917892612831,0.9088155031204224,0.4,27.725832550613966,0.9153969590602146
39088,0.735666036605835,0.8192835450172424,0.1637982577085495,-25.432032346725464,-10.644060022474534,10.882646958500057,0.756726277248147,1.104378581047058,0.5,17.62806475162506,0.8749848853193618
39095,0.8298982232809067,0.8380144238471985,0.015842324122786522,-13.783442974090576,-26.542115857945003,40.9618262968388,0.8154212512137864,1.0220900774002075,0.2962962962962963,19.761166749177157,0.9143144346906555
39099,0.9387186467647552,0.9166965484619141,-0.06014149636030197,-9.579227864742279,3.8344077890714217,83.92113274093622,0.8948991946220731,0.9421965479850769,0.9375,16.521859169006348,0.972332777730876
39101,0.8523644953966141,0.8621200323104858,-0.12421007454395294,-16.287758946418762,-7.410394510156228,-692.6806538631919,0.7902819069535646,0.856261134147644,1.4444444444444444,28.616955545213486,0.9343499314208257
39105,0.9267007037997246,0.9822538495063782,-0.007722910959273577,2.516390196979046,-11.314230347855137,17.076057263988584,0.9577886539695206,0.9905716180801392,0.5555555555555556,22.473788261413574,0.9628788807989868
39108,0.8453605771064758,0.8542097210884094,-0.20699137449264526,-20.758354663848877,12.408490438489293,69.98787005075165,0.7654553783653568,0.8240801095962524,1.4666666666666666,27.065014839172363,0.9470040919225646
39114,0.5960455238819122,0.8978753685951233,-0.18662068247795105,1.520182378590107,8.040123853416917,-3.1903090254930135,0.6906886994295122,0.7870569229125977,0.8,34.66180086135864,0.800251943084361
39120,0.7904756963253021,0.6979547739028931,-0.03097088262438774,-26.701346039772034,-34.49984410128249,-52.20080224948245,0.6809037101849273,0.940621554851532,0.25,43.61338138580322,0.91594451940865
39125,0.581808865070343,0.9243365526199341,0.2853905260562897,-7.932279258966446,-52.36751771817821,-69.51727742313332,0.48977969783040365,1.471739649772644,0.5714285714285714,32.42026056562151,0.8209427401388557
39127,0.6357928514480591,1.1985442638397217,0.20649278163909912,5.507764965295792,19.703506618354744,-0.8636224838755306,0.7314426118911188,1.1372913122177124,0.375,29.155540466308594,0.8822955328216222
39141,0.8202180862426758,0.7336320281028748,-0.20216238498687744,-26.22615396976471,-10.372040066212033,-23.778482944535504,0.6757775302361833,0.8210503458976746,0.3,29.178775440562855,0.9536822415933212
39142,0.8100923746824265,1.0764185190200806,-0.039466507732868195,-6.109311804175377,16.288791856160653,-41.63350683265955,0.8840659131483348,0.9796567559242249,2.0,19.545742181631233,0.9152233825552089
39143,0.6799653768539429,1.2944141626358032,-0.02164669707417488,29.046398401260376,36.325835181200894,-47.586053523010406,0.6917372795892873,0.9840711951255798,0.55,27.266387939453125,0.9100417940944536
39144,0.8210934102535248,0.9639387130737305,-0.14377129077911377,4.502809047698975,-20.7949901501526,20.840687966618912,0.8408089754782577,0.8680347204208374,0.42857142857142855,26.72725177946545,0.9185964935700147
40003,0.9016712531447411,0.9463474154472351,0.0296519435942173,-6.569161266088486,-0.5254604387508783,-15.32379317464742,0.9083539216938228,1.0549888610839844,0.15789473684210525,27.0009446144104,0.9500337214073666
40004,0.8327832370996475,1.1885462999343872,0.06449975818395615,21.333397924900055,-6.77132884099654,-13.861004822438272,0.7721668082093192,1.1161078214645386,0.13636363636363635,38.28161073767621,0.9463601840295838
40005,0.9032568782567978,0.9063440561294556,0.008054452948272228,-9.24360677599907,-2.8225949336668816,70.96850952837322,0.8924384566339478,1.0211248397827148,0.26666666666666666,21.22026050792021,0.9515047328787727
40006,0.651923269033432,0.9894239902496338,0.11753038316965103,-1.2441417202353477,-31.88227963319765,43.58911277702847,0.7277431364584844,1.2133018970489502,0.6,97.41386771202087,0.8311383747604488
40007,0.8849262222647667,0.985438883304596,0.06825245171785355,-2.029937505722046,-13.926422999287139,35.71812059820314,0.8682220138521073,1.1184349060058594,0.3,24.57069442385719,0.9440841296843169
40009,0.8309719115495682,1.0228705406188965,-0.03082665614783764,2.4090295657515526,75.47740091686256,61.995991005410374,0.9017604409198878,0.9508100152015686,0.21052631578947367,21.459755897521973,0.918095819791757
4001,0.8586461097002029,0.9204347729682922,-0.03145148977637291,0.8602281101047993,-14.481029183956354,49.361100171967045,0.8896937916657225,0.976858913898468,0.4642857142857143,28.75243936266218,0.9271898058063343
40010,0.9066399708390236,0.9625791907310486,0.04080891236662865,-2.2397635504603386,-16.92210749452353,31.560105392625232,0.8945277952941648,1.0867424011230469,0.25,25.49383072626023,0.9530977095807166
40011,0.9330636635422707,0.9842246770858765,-0.023403888568282127,2.8671173378825188,-2.9892901209458262,-12.120069261678564,0.9569082354272659,0.978111982345581,0.16666666666666666,15.68586540222168,0.9664000886294782
40012,0.8318564593791962,0.832660973072052,-0.23731772601604462,-15.868471562862396,4.672955300782873,25.35699322080734,0.7274718149471116,0.7908689379692078,0.3157894736842105,23.73793501602976,0.9496665060928432
40013,0.7531431615352631,0.6220208406448364,-0.14076822996139526,-40.67375659942627,-4.63532077908436,34.577473005049534,0.566893384367955,0.7996625304222107,0.42857142857142855,39.1865230741955,0.9323391259251245
40016,0.7423947155475616,0.6858988404273987,-0.03799111768603325,-24.36726838350296,-33.48209191966989,26.39650307577448,0.6642058649873526,0.9697383046150208,0.38461538461538464,34.658982203556945,0.8851853996372147
40017,0.7755492329597473,0.7061809301376343,-0.06695518642663956,-36.63495481014252,20.558677888923558,-1058.00292482928,0.6654211584219593,0.8709250092506409,0.17391304347826086,45.5795080765434,0.9053796946740776
40018,0.5776252150535583,0.9993601441383362,-0.5153422951698303,2.628123201429844,33.97783355262056,-43.30132046679161,0.6727138413825042,0.6822553873062134,0.15,24.58486795425415,0.9215514097567811
40020,0.8027027547359467,0.8965238928794861,-0.01795310340821743,-14.980405569076538,-3.472209663728175,9.431838088706645,0.8500943125771769,0.968812108039856,0.19047619047619047,36.58265200528232,0.8961167685717495
40021,0.7599532008171082,1.023016095161438,0.048765890300273895,-1.559438556432724,3.5483174363167684,6.588858244166524,0.8533828858864358,1.0867962837219238,0.631578947368421,40.84997428090949,0.8840981335500898
4003,0.8443602472543716,0.8283413052558899,-0.055194538086652756,-18.135707080364227,-8.668163155194977,12.617495948217448,0.8017531674304044,0.9343382716178894,0.21739130434782608,31.5401844356371,0.9256788282620649
40033,0.8430330753326416,1.0467307567596436,-0.041601087898015976,-12.885843217372894,42.76853868623417,-105.46070277707796,0.9097066608653752,0.975018322467804,0.9,31.189408302307132,0.9268902246452039
4005,0.8845463395118713,0.9275453090667725,-0.028150232508778572,-4.656017944216728,-9.606002743255734,18.237017622094882,0.8997142652913056,0.9635443687438965,0.13793103448275862,23.212396687474744,0.9410209079626338
4006,0.9196512401103973,0.9803261160850525,0.024624627083539963,-3.1001225113868713,-3.5704072145425765,-21.101684138631036,0.9457917115464866,1.0302214622497559,0.21428571428571427,17.828658648899623,0.959526057169494
41001,0.7088937163352966,0.6514250040054321,-0.060948777943849564,-36.412134766578674,4.489859223524959,-636.0282707730196,0.5904931879545162,0.8268545866012573,0.2631578947368421,42.02421087967722,0.872673776864227
41003,0.8165555596351624,0.7370386123657227,-0.06351439654827118,-27.782201766967773,-20.37859562790413,1.5107319751717556,0.6881059057914922,0.8498862981796265,0.09090909090909091,41.93534021792205,0.9251995244574956
41004,0.2877175211906433,1.3328574895858765,0.4463406503200531,13.42032104730606,68.31456714930991,-6.2035246464131255,0.19931873100193787,1.7124073505401611,0.21052631578947367,38.79254993639494,0.8490955499420801
41005,0.9251126050949097,1.014912724494934,0.053336501121520996,-0.2893446944653988,-1.189866215842866,-31.79102676533425,0.9016086568430978,1.090590000152588,0.35,19.739498410906112,0.9646175335976758
41006,0.8354135453701019,0.9035196900367737,0.01223301887512207,-12.459646910429,2.8731986744701272,-52.5113968638833,0.867927138121555,1.0276610851287842,0.3157894736842105,33.23354721069336,0.9141533052257647
41009,0.9005881547927856,0.9454383850097656,-0.027247605845332146,15.565989911556244,-3.771535960649447,2.342360617838108,0.921657418814082,0.9755157828330994,0.5416666666666666,14.280845721562704,0.9493925568097574
41011,0.870235338807106,0.8793243169784546,-0.06872241199016571,-14.508742094039917,19.81530833605474,-46.20076037505188,0.8466370924450092,0.9292106032371521,0.3333333333333333,26.9618102482387,0.9371794440731678
41012,0.890370212495327,0.9242046475410461,-0.03472679853439331,-10.845717787742615,3.989462647545692,27.62679098354231,0.8807534899185598,0.9265901446342468,0.2857142857142857,26.91285176710649,0.9444501318866987
41013,0.7971771210432053,0.8728474378585815,-0.02567998692393303,-14.337126910686493,16.890829276834012,-655.1655123532762,0.8245705102260329,0.9429401755332947,0.15,38.844467344738185,0.8934546657283581
41014,0.893161952495575,0.816324770450592,-0.07809475809335709,-14.721551537513733,-20.42861658236113,3.128549478353692,0.7579458048445892,0.8477849364280701,0.13636363636363635,27.787813932999324,0.9589607765168571
41016,0.7881022989749908,0.7989184260368347,-0.017529692500829697,-20.354776084423065,0.42345320976140377,23.016406402408727,0.7689314827501439,0.9614687561988831,0.18181818181818182,41.17024161598899,0.8928822912507832
41019,-0.0034760236740112305,1.68645441532135,0.12244106084108353,81.86962604522705,-2.5725418177131925,-43.081308151329445,0.26664725042198356,1.2075276374816895,0.38095238095238093,58.42817479913885,0.8466413658096524
41020,0.739719808101654,1.1156502962112427,0.03283073380589485,2.4377865716814995,-12.559609883085082,-12.049755558718996,0.8236455921890702,1.074752688407898,0.14285714285714285,33.139315518465914,0.8898277634048065
41022,0.8493528217077255,0.989376962184906,0.01651771366596222,0.851777009665966,-11.68672810056588,-87.41958194759034,0.9165064339274089,1.0330429077148438,0.2857142857142857,26.92746249112216,0.9240625725162781
41023,0.8960104957222939,1.0831795930862427,0.028995297849178314,10.887812077999115,-77.6193114298828,-177.1319414229759,0.88591589427558,1.0642120838165283,1.5,23.908276557922363,0.955579883331008
41025,0.8881364166736603,0.931105375289917,-0.013604261912405491,-8.101879060268402,-9.361282784596808,-326.880840799947,0.9044859520679847,0.9671493172645569,0.18181818181818182,24.35525603916334,0.9425779077163553
41027,0.7661204040050507,0.7142161130905151,-0.06431272625923157,-30.783188343048096,3.6854481981665224,-28.01539878664176,0.6794578012525658,0.8983657956123352,0.35,38.567681312561035,0.8963401733590454
41028,0.6073719561100006,1.0955268144607544,0.0838170051574707,6.851399689912796,20.72982488944031,9.505259990043474,0.7414219772875865,1.1679686307907104,0.5714285714285714,37.13603453202681,0.8281752037128052
41029,0.8272709250450134,1.0765243768692017,0.06488875299692154,5.927493795752525,-9.573913569112364,-89.43212407201527,0.8205227488078614,1.1436952352523804,0.34782608695652173,28.510040044784546,0.924450130337442
42001,0.8336532413959503,1.0971653461456299,0.13844917714595795,9.877040982246399,-15.939641171204219,30.707084608484873,0.7224332549447814,1.2523136138916016,0.36,21.839218139648438,0.9372303121410622
42003,0.7515653520822525,0.6396817564964294,-0.09306207299232483,-45.60178518295288,2.9998081107868018,-154.1074298144786,0.593739543409352,0.8331673741340637,0.16,47.559242248535156,0.9140628314731045
42004,0.9015168398618698,0.9798486828804016,-0.09203099459409714,9.906667470932007,-4.561420270459738,-3.8851301537452607,0.9339066395346907,0.9567394852638245,0.07692307692307693,14.046533291156477,0.9542749020700465
42006,0.8982386365532875,1.15122652053833,0.06517255306243896,19.376201927661896,4.34933869326515,-10.803011828592156,0.8363885202725642,1.0533688068389893,0.38461538461538464,21.527504920959473,0.9675804651320561
42008,0.8661791533231735,0.8043802976608276,-0.10773231089115143,-25.580179691314697,5.3171795690628265,-30.9369977778153,0.7853015662143971,0.9285476207733154,1.1111111111111112,17.566801442040337,0.9478185183271826
42010,0.8800017312169075,0.8671053647994995,-0.20630431175231934,-14.952705800533295,-0.574384135131204,-11.096260796713123,0.8378355318388861,0.9136967658996582,0.6666666666666666,10.822239518165588,0.9655314280434423
42011,0.833517774939537,1.0527116060256958,-0.03664109483361244,5.827216804027557,11.908713200934724,2.9873060045002275,0.8992450813815835,0.9622347950935364,0.30434782608695654,23.453378677368164,0.9228843108416428
42016,0.8565907031297684,0.8274824619293213,-0.1650915890932083,-11.751551926136017,-12.152006697109723,1.3041085242311266,0.8095748154256093,0.9385634064674377,0.9,16.71554684638977,0.9477985157937302
42017,0.8054379522800446,0.9573981761932373,0.08631689101457596,-1.9643640145659447,-17.57471825401339,91.55021268351761,0.82130391146663,1.1440582275390625,0.038461538461538464,22.426137557396522,0.9032291172729768
42024,0.8970295190811157,0.9306269884109497,-0.1360687017440796,-2.4624163284897804,-10.949210548240636,-7.784846231321945,0.9014394223806825,0.9445871710777283,0.4,11.481475830078125,0.9572099180352498
43005,0.9556329362094402,0.9479005336761475,-0.02757440134882927,-9.768975526094437,8.036236340870492,-12.813494004929913,0.9403049911241387,0.9804072380065918,0.4666666666666667,13.537433942159016,0.9784300354444292
43006,0.9378733597695827,0.9239317178726196,-0.03072543628513813,-7.944902777671814,-1.060593374706644,-22.675590767415432,0.914616589237719,0.9753985404968262,0.21739130434782608,23.359877130259637,0.9700214830603088
43007,0.9538699425756931,0.9850301742553711,0.013820099644362926,2.6849964633584023,-11.311896604677447,-1.3980093089229932,0.9682120901028359,1.0157451629638672,0.2608695652173913,19.577341494352922,0.9767951432659684
43008,0.9525777213275433,1.066024899482727,0.058199115097522736,4.11713644862175,2.160871789184629,-10.691865093921162,0.9153833092419926,1.0495418310165405,0.7692307692307693,11.191705557016226,0.9813907554516422
43009,0.9174901843070984,1.1246992349624634,0.03998347371816635,9.371577203273773,10.619623176016653,-151.7631536319736,0.8563375430857715,1.0651512145996094,0.375,21.25767469406128,0.9709427881137133
43014,0.8364852666854858,0.8174461126327515,-0.1596778929233551,-20.878060162067413,1.4963935860133535,-8.087790796262945,0.7883032283003844,0.9140406847000122,0.30434782608695654,27.324854809304945,0.9359640923520062
43017,0.9381082318723202,0.9322082996368408,-0.03385233134031296,-8.3727166056633,-1.5367344735434574,15.233824180864945,0.9177752161328006,0.9645290970802307,0.45,23.061237335205078,0.9698833021409117
43018,0.9719659555703402,0.9691494703292847,-0.04901086911559105,-6.11511617898941,6.5875522267746955,-10.549994033971181,0.9439834468894581,0.9550114274024963,0.6153846153846154,10.743186107048622,0.9872670750783016
43021,0.7951847016811371,1.3223060369491577,0.18943250179290771,33.742743730545044,-2.071126937609506,-63.33899528999676,0.6449461132004812,1.1468913555145264,0.8571428571428571,22.969423021589005,0.9754030336691953
44001,0.9531470835208893,0.9943963885307312,0.04076539725065231,7.414569705724716,-9.750113876511666,-5.32209712811417,0.9655045477781248,1.0253559350967407,0.5454545454545454,11.612904071807861,0.9772929015974514
44002,0.9465050101280212,1.018507957458496,-0.015787459909915924,13.639482855796814,-1.4946756386606543,-4.018444099435835,0.9661304189404445,0.9885932207107544,0.26666666666666666,20.698585510253906,0.9740290658983791
44006,0.9275750443339348,0.959868311882019,-0.08743833750486374,-2.5483645498752594,0.06453632933776375,-91.98930898295193,0.9209907570853358,0.9404250979423523,0.8125,12.175253033638,0.9670949985629662
44009,0.9102374091744423,0.8825665712356567,-0.20520563423633575,-11.27304807305336,8.93160720343859,-70.64886514200668,0.8087585887301344,0.8502848148345947,0.6363636363636364,17.12078614668413,0.9808158783357643
44011,0.7672533094882965,1.0300968885421753,0.05917314812541008,-1.4840318821370602,4.249188614079491,-20.757923441540644,0.8702740974879699,1.060322642326355,0.4230769230769231,24.098691573509804,0.8891660435362553
45001,0.9466902017593384,0.931339681148529,-0.017648939043283463,-9.920769184827805,-6.027160888083809,1.5953828945500113,0.9237182184052711,0.9791978597640991,0.25,19.35448192414783,0.9740781601716587
45003,0.9003532379865646,0.9476471543312073,-0.05378362536430359,-7.91446715593338,12.797038882839907,-43.00112223918319,0.9043895874517857,0.9372304081916809,0.34782608695652173,23.70802561442057,0.9503964831666512
45004,0.8360992968082428,0.9300633072853088,-0.0067861201241612434,-10.118227452039719,0.03135047488998373,-64.18377822993514,0.8892158441928437,0.9911206364631653,0.39285714285714285,30.29496669769287,0.9145415592629033
45005,0.8615213632583618,0.94381183385849,-0.0742025300860405,-5.862140282988548,9.748676567211726,-56.45697835139829,0.8725328786290265,0.9085605144500732,0.3333333333333333,25.895553827285767,0.9312280762329473
45009,0.9521572031080723,0.9538573026657104,0.022987928241491318,-6.963608413934708,-10.492428577568752,-33.12147065532458,0.942145838873077,1.025631070137024,0.7272727272727273,17.534505237232555,0.9763144836229589
45012,0.8835511282086372,0.9262698292732239,-0.0158965103328228,-7.488344609737396,6.188913137146763,-7.729402483882166,0.9018968524565059,0.9752318859100342,0.38095238095238093,24.835239137922013,0.9402117904017233
46003,0.9094741493463516,0.9065288305282593,-0.03151831403374672,-12.888070940971375,5.208197718544586,-8.651979576063177,0.8903041549819409,0.9637999534606934,0.391304347826087,30.16631007194519,0.9554368367105386
46005,0.909536823630333,0.9041966795921326,-0.037023697048425674,-10.825707018375397,2.6860364156219316,-22.651103043013425,0.8847312855728502,0.9535695910453796,0.21428571428571427,25.266715458461213,0.9558093058572055
46008,0.9096743240952492,0.908903181552887,-0.002565178321674466,-11.280909925699234,-3.9187804877702073,-5.476616487025114,0.8982983847941337,0.9970465898513794,0.28,28.15839694096492,0.954879432929208
47001,0.9448395557701588,0.9304288029670715,-0.0334257073700428,-7.741864025592804,-3.8318387306794772,-5.497689897177809,0.9145968984480863,0.9581143260002136,0.4090909090909091,19.84611179517663,0.9735589597089006
47004,0.941174816340208,1.0244598388671875,0.012571658007800579,2.346758358180523,9.261740773118158,-24.809340055697525,0.9602123627244449,1.0134739875793457,0.2727272727272727,16.813154654069383,0.9716587928754966
47005,0.8942261710762978,0.8893200755119324,0.0004285933100618422,-12.923683226108551,-3.569164869826205,46.748258465963445,0.8774630998116028,1.0006557703018188,0.18181818181818182,30.896537200264305,0.9474184805429879
47008,0.9047401174902916,1.0125449895858765,0.015108962543308735,-2.068044990301132,14.822813047921995,8.393896666015305,0.947717809538907,1.0195239782333374,0.23809523809523808,18.626314943486992,0.9531506142020579
47009,0.9617214687168598,1.0227487087249756,0.01519030798226595,0.044830431579612195,0.6851175034453366,5.524431394102644,0.9665825094534864,1.0162044763565063,0.38095238095238093,12.531450816563197,0.9816522515881656
47011,0.8741766512393951,0.9647076725959778,0.005529200658202171,-3.4087982028722763,-0.6212517862484903,-11.7104360873269,0.9261317972346939,1.006635308265686,0.2777777777777778,28.51632519772178,0.9354481937479439
47014,0.9017031639814377,0.8757555484771729,-0.03679269552230835,-15.640076994895935,-3.1961506712288266,-11.673997842046779,0.8616339549320495,0.9607192277908325,0.041666666666666664,24.153818130493164,0.9534650708801503
47018,0.9009702876210213,0.9473421573638916,-0.03971833735704422,-7.456283271312714,12.389452098728828,81.61783973015794,0.9069584631277718,0.9418039917945862,0.13636363636363635,23.72810114984927,0.9500289701785881
48003,0.9198834002017975,0.9393802285194397,-0.05718642845749855,-2.916191704571247,-1.672556459480454,19.884084871719715,0.9100975434706623,0.9462333917617798,0.34782608695652173,26.292015158611797,0.9610532821124571
48004,0.8952928557991982,0.8532527089118958,-0.046179331839084625,-16.99218899011612,-4.004895575992331,21.96933556013489,0.840392673424776,0.958956778049469,0.36,37.242130279541016,0.9525112098836697
48005,0.938307199627161,1.037935495376587,-0.005443696863949299,3.4601636230945587,3.3155346242701382,-9.483252435303491,0.9518860001761437,0.9941527843475342,0.09523809523809523,18.593621253967285,0.9709885326345502
48011,0.9371049776673317,0.9554660320281982,0.021036716178059578,-5.731748417019844,-8.431722743643471,-16.77643737573171,0.9413442183484246,1.02135169506073,0.5217391304347826,29.573072989781696,0.9683561769712095
49001,0.9416040182113647,0.961110532283783,-0.04708503559231758,-6.918642669916153,5.494306725223308,9.9800369358569,0.9339992414055264,0.9548899531364441,0.391304347826087,27.262967565785285,0.9715607118977445
49002,0.9543977566063404,1.0497803688049316,-0.021511396393179893,6.935767084360123,3.959798932104762,3.0446371908821837,0.943212591443245,0.9817283153533936,0.6,16.61906401316325,0.9796807925250081
49004,0.8998955860733986,0.8705455660820007,-0.10203354060649872,-15.284644067287445,8.503026087376135,13.188695098365521,0.8244729205305873,0.8891104459762573,0.38095238095238093,37.71314848036993,0.9581095240603865
50001,0.9440040849149227,0.9484108090400696,-0.0007677807006984949,-7.1197569370269775,-1.4357230003096446,5.110703466269862,0.9412369134727496,0.9989694356918335,0.23809523809523808,16.97648005052046,0.9718825027515662
50002,0.924047514796257,0.8863579034805298,-0.007991380989551544,-13.721641898155212,-7.957444850735464,16.197674180848736,0.880340735536896,0.9880897998809814,0.13043478260869565,22.788806756337486,0.9644759151611838
50006,0.9426963962614536,0.9105176329612732,-0.028323175385594368,-13.281047344207764,0.33645307339759944,-8.650442940206156,0.9003825620686337,0.9652526378631592,0.2,22.105023974464054,0.9733699276439692
50007,0.8956152498722076,0.8552612662315369,-0.049604468047618866,-15.6621053814888,10.611801348540556,-10.395768297550646,0.8319016480992661,0.9288188815116882,0.13636363636363635,29.572420534880266,0.9526607643745927
50008,0.9070056676864624,0.8897919654846191,-0.013182579539716244,-11.600088328123093,-5.787139856320992,82.31637762741953,0.8790275997215695,0.9791820645332336,0.041666666666666664,19.656570434570312,0.9546665209775053
50011,0.911186583340168,0.9305440783500671,0.0063055395148694515,-12.243477255105972,5.869302712482912,-15.794507826471396,0.9167742751448049,1.0082271099090576,0.22727272727272727,21.26160082609757,0.9548922302926058
5003,0.7692457884550095,0.820158064365387,-0.06935099512338638,-10.54123267531395,-37.29539060728174,34.41061111520936,0.7786544872096361,0.9478430151939392,0.375,25.960538784662884,0.881973040556129
51001,0.9268939644098282,0.9237100481987,-0.0457066148519516,-11.600389331579208,5.776603075528535,-21.78713196356483,0.9036771969813184,0.9529628753662109,0.7,26.860098838806152,0.9647092853328748
52004,0.859500452876091,0.9265943169593811,-0.021514642983675003,-14.077256619930267,18.82924984172178,-51.61296193424282,0.8927644793217732,0.9711567163467407,0.3076923076923077,28.66198649773231,0.9273423948882965
52005,0.9094360172748566,0.9110753536224365,-0.0475115142762661,-13.767866790294647,3.86761819858314,-11.683649891545738,0.886775886291539,0.9455458521842957,0.4090909090909091,23.146603324196555,0.9558768430712714
52006,0.8642815202474594,1.0119084119796753,-0.0024084565229713917,-0.8997965604066849,-3.258190709745634,17.417518634364964,0.9318647375956819,0.9963598251342773,0.21739130434782608,21.876420145449433,0.9330122934115925
52007,0.8114506751298904,0.9330959916114807,0.0034305246081203222,-6.086139008402824,1.1474105652781408,-0.2012366032507372,0.8806771930918256,1.005833387374878,0.2916666666666667,30.477933088938396,0.9013706052855994
52009,0.9063043966889381,0.9581519365310669,0.0907733216881752,-5.50449900329113,-10.752376667524423,-27.38401758803991,0.9030752343115458,1.0757310390472412,0.24,14.752830505371096,0.9563198041157422
52010,0.8804331198334694,0.8838810324668884,-0.07772324979305267,-12.747043371200562,3.4508129130021845,-69.15362019078559,0.8379620930885865,0.9021739363670349,0.3181818181818182,23.361492156982422,0.9434073332546068
52011,0.8856893852353096,0.9218349456787109,-0.04617473483085632,-6.440688669681549,-2.985692871966883,-36.595314603366916,0.8778187356270264,0.9257798194885254,0.25,23.355873425801597,0.9424687002443667
52015,0.8206294625997543,0.7966956496238708,-0.1563974767923355,-27.58370339870453,12.943316681728973,-0.6374061823928677,0.7345073850659045,0.8448460102081299,0.3,41.54104232788086,0.9287195036889594
52016,0.9233414009213448,0.9701039791107178,-0.05128799006342888,-3.132370114326477,-1.5077274379090841,-6.190583195137496,0.9351074433817124,0.9564520120620728,0.391304347826087,23.438248427017875,0.9623059078103291
53005,0.9330913126468658,0.937933087348938,-0.04236690700054169,-8.39790627360344,7.876868282782029,3.2883969330940834,0.9170093184298708,0.9556307792663574,0.3,20.71359044029599,0.9673423235221897
53006,0.9079705253243446,0.8654277324676514,-0.03649292141199112,-14.319293200969696,-3.9352378832467068,39.524014169176304,0.8474061220023001,0.9415497779846191,0.18181818181818182,28.958405619082246,0.9580623324452637
53007,0.9112657085061073,0.9258535504341125,-0.044963762164115906,-10.992972552776337,12.16302735622853,-43.8866011501511,0.89888006106011,0.9470481872558594,0.36363636363636365,22.947910557622496,0.9561405472550116
53008,0.9343597441911697,0.9346526861190796,-0.008331825025379658,-8.653271943330765,-0.3283308237141557,10.209863820604152,0.926118276727555,0.9893773198127747,0.23809523809523808,26.315194084530784,0.967206764906546
53009,0.9470732249319553,0.9610210061073303,-0.037509966641664505,-3.518914058804512,1.7620391535615616,10.294662745085166,0.9409555517371657,0.9640814065933228,0.21739130434782608,17.794760068257652,0.9739857817056993
53013,0.8912943080067635,0.9116625189781189,-0.07844938337802887,-10.702819377183914,13.174157401332442,-14.10916046610285,0.8668446021113316,0.9149908423423767,0.17391304347826086,27.611172199249268,0.9480356608053204
53017,0.9053919985890388,1.008504033088684,0.029966926202178,-1.4291657134890556,4.16762728377429,-10.610094930640496,0.9345554190234121,1.045337438583374,0.45454545454545453,21.322976459156383,0.953575962442647
53018,0.9600896500051022,0.9603182077407837,-0.021867549046874046,-2.0098067820072174,-1.2446415947373815,47.341816028439865,0.9484788440964118,0.9737080931663513,0.30434782608695654,14.900628380153492,0.9802890765363724
53022,0.9500812888145447,1.068124532699585,0.030721722170710564,5.088141560554504,13.199227998906185,-23.95054039275463,0.9203949936869058,1.0355712175369263,0.4583333333333333,16.352047522862755,0.9792468422279497
53023,0.9680818505585194,0.9595898985862732,-0.0480818897485733,-5.1079485565423965,-2.7816052458008396,-27.33477090269813,0.9333638676613409,0.9490593671798706,0.5555555555555556,16.333134969075523,0.9854243434222553
53028,0.9598298966884613,0.9245074391365051,0.009503627195954323,-11.977022141218185,-3.7556277912721425,9.769064555282727,0.9216175007565182,1.009947419166565,0.5263157894736842,13.20164956544575,0.9814059607978627
54001,0.9485819116234779,1.0365639925003052,0.04344268515706062,0.8461733348667622,-0.995534107747037,-25.820528611531625,0.9376808698268818,1.0447920560836792,0.7272727272727273,12.214915318922563,0.976753061496872
54002,0.9264019280672073,0.8878735899925232,0.0015382979763671756,-13.496127724647522,5.431310758575609,-41.1678681315173,0.8827074437404825,1.0020653009414673,0.13043478260869565,18.58684498330821,0.9656350983596859
54003,0.7608146071434021,0.809583842754364,-0.02367563359439373,-17.446333169937134,-32.8876353468702,88.2078138932148,0.7683383394433888,0.9577110409736633,0.6363636363636364,44.491754878651015,0.8750181774171917
54004,0.8810022547841072,0.8721341490745544,-0.03941689804196358,-12.467139214277267,-3.126384067328448,-50.52118874525925,0.8542706994068054,0.9609075784683228,0.2692307692307692,27.256694206824672,0.942041947951272
54005,0.9564034678041935,0.9892495274543762,0.018722567707300186,1.1982292868196964,-6.2912070255229935,12.535534916080676,0.9671938136312335,1.0220329761505127,0.5714285714285714,10.147473925635927,0.9782004319754044
54007,0.7749230116605759,0.6863425374031067,-0.049760133028030396,-32.07160532474518,12.479496495985593,-39.201322894255455,0.662067651980967,0.912661075592041,0.5,43.21585135026412,0.9095059102582044
54008,0.9627609550952911,0.9670901298522949,-0.02522393688559532,-2.124277874827385,4.202471196978302,-3.363693749870282,0.9508550971347653,0.9684576988220215,0.2857142857142857,10.360769998459588,0.9816357640809036
54011,0.8781122863292694,0.9169601798057556,-0.05932753533124924,-13.21938931941986,14.174173180393307,-24.62665789811679,0.8708722903451699,0.9220018982887268,0.2,24.79956817626953,0.9392163690435693
54012,0.8968172371387482,1.134709119796753,0.02722344733774662,17.011776566505432,0.7198137202461558,-10.367060913327851,0.8585626023803818,1.021870493888855,0.5454545454545454,16.794133186340332,0.962856063939701
54015,0.5708938241004944,0.5204054713249207,-0.037469811737537384,-29.334282875061035,0.04787146964915157,-12.497061195635407,0.46916491823184137,0.874708890914917,0.4,32.220449447631836,0.8100602461700922
54016,0.9388204216957092,0.9948568940162659,-0.0029001603834331036,2.4591058492660522,2.6721720965054754,-52.262429455969304,0.968700530199232,0.9970255494117737,0.6363636363636364,14.18446735902266,0.9692695930006212
54017,0.7187492549419403,0.7415871620178223,-0.08130713552236557,-20.576211810112,-5.513229805760165,1.6122862025897486,0.6656388560829494,0.8406922817230225,0.35,31.75771713256836,0.8598528251269452
54018,0.9119020774960518,0.9566879272460938,-0.00253039738163352,-5.963134765625,-1.2358285070044257,-18.91829082822166,0.9374039979545091,0.9965396523475647,0.15,25.73822498321533,0.95494059676423
54019,0.9108134433627129,1.0123372077941895,-0.027055364102125168,1.5066532418131828,2.1844193237225964,16.579898831935793,0.9424664363934957,0.964562714099884,0.45454545454545453,17.672457478263162,0.956386894020947
54020,0.9310500249266624,1.0109577178955078,-0.005943238269537687,0.20647970959544182,2.4400810893850844,-13.018700600286845,0.9637831434903906,0.9941754937171936,0.13636363636363635,18.294997648759324,0.9659755346769174
54022,0.8946131467819214,0.8934833407402039,-0.033178213983774185,-13.22977989912033,6.654283931283309,1.9781951890980833,0.8728652906407863,0.9540392756462097,0.18518518518518517,25.28791074399595,0.9479899294284353
54024,0.8964048698544502,0.8778971433639526,-0.06769231706857681,-14.147113263607025,11.224239006306497,-1.2282919710048494,0.8546930159894425,0.9374657273292542,0.2727272727272727,18.765191598372024,0.9520993032921014
54025,0.9426979757845402,1.000231146812439,0.062286376953125,-1.548971515148878,-8.347146714224893,59.636961774926945,0.9085992887567831,1.0874121189117432,0.23809523809523808,13.070465269542876,0.973294980728779
54027,0.941640168428421,0.986617386341095,-0.013379287905991077,-1.6965525224804878,5.177281304042117,-18.362003408820378,0.9665890088636031,0.9914455413818359,0.7777777777777778,16.898761855231392,0.970605762161216
54028,0.9331215843558311,0.9392479062080383,0.025846797972917557,-9.721091389656067,-5.648708281807469,21.203788155115987,0.922000074319624,1.0358538627624512,0.23809523809523808,17.61331217629569,0.9667182928465474
54029,0.945612695068121,0.9868879318237305,-0.05248648673295975,-1.3372080400586128,3.8411391629577225,-26.703052450254418,0.9288020640841712,0.9350579977035522,0.1,11.754977703094482,0.973927867664046
54032,0.9570365436375141,0.9811745882034302,-0.009498185478150845,1.3949966989457607,1.699918037212793,-12.445019906438405,0.9698164739721924,0.9906631708145142,1.0,10.883525609970093,0.9783326804859953
54034,0.8118902295827866,0.9184099435806274,0.060975998640060425,-1.9816236570477486,-8.529569595026793,-0.7123484799962763,0.8185064085724406,1.1300771236419678,0.3333333333333333,22.459706806001208,0.9032377742722415
54036,0.6517719626426697,1.2057067155838013,-0.07850926369428635,0.337902270257473,19.10540071601861,-43.29742899427712,0.7303874790432285,0.877835750579834,0.45454545454545453,28.66160436110063,0.8756957169523187
54038,0.9496020451188087,0.9556190371513367,-0.015903642401099205,-4.676763713359833,-0.7787024788082966,20.585331996411004,0.9453635697159114,0.9805036187171936,0.22727272727272727,20.319916985251687,0.9747936363652138
54044,0.8647580295801163,0.9220068454742432,-0.10774356871843338,-8.878032118082047,14.574697332782726,-31.018191049091342,0.878069896518327,0.9312952756881714,0.09523809523809523,16.923911230904714,0.9362530091736988
54048,0.7891188710927963,0.92417973279953,-0.01686401665210724,-5.00590056180954,0.6076741024103057,-11.116536239158188,0.8605421453101598,0.9623546600341797,0.17391304347826086,38.74832236248514,0.8891730687278596
54049,0.8804387450218201,0.8558545708656311,-0.01817493699491024,-9.988018125295639,-12.658609805380058,8.558989268103561,0.8412156232127755,0.9664392471313477,0.18181818181818182,22.799264300953258,0.9424826162080963
54052,0.35503214597702026,1.3529144525527954,0.619968831539154,42.163145542144775,-14.563199051089622,39.204070312561456,0.37716767147168584,1.5107280015945435,0.34782608695652173,25.974771250849184,0.9497167321407352
54057,0.9275039955973625,0.8609822988510132,-0.06367611140012741,-12.573966383934021,-1.1465021347635491,22.647396255080615,0.8437230920652607,0.9345554113388062,0.45454545454545453,15.488996288993143,0.9714770875284255
54060,0.6352637708187103,1.1817854642868042,0.22152623534202576,18.16132664680481,30.490782767902953,2.0570676049216545,0.6310261852817416,1.2979904413223267,0.23529411764705882,41.2751225864186,0.880428189767405
54063,0.6589636504650116,0.5554009079933167,0.08618021756410599,-38.03420066833496,-28.373900144145185,-6.000217922365525,0.5167338355887511,1.1445708274841309,0.07692307692307693,39.076522680429306,0.8776190010984276
54080,0.820197731256485,0.7617066502571106,-0.07356361299753189,-20.019741356372833,-13.58336256559923,84.23020506142068,0.7327138948017988,0.9067350029945374,0.19047619047619047,28.948976880028134,0.9228003767243139
54095,0.9491613805294037,0.9453070759773254,-0.029225224629044533,-9.571974724531174,1.277643875415668,-12.956576029190703,0.9321225754372184,0.9684056043624878,0.7142857142857143,20.294014612833656,0.975143954630183
54096,0.8672612607479095,0.8345661163330078,-0.08292258530855179,-24.049171805381775,16.100097130434364,-63.77885629214911,0.7878907494618386,0.8810887932777405,0.19047619047619047,28.496038346063525,0.9409907700899874
55002,0.9440832547843456,0.8870725631713867,-0.04813534766435623,-11.46794855594635,1.4426707429621637,23.442955381523564,0.8696370619917223,0.9390754103660583,0.18181818181818182,16.926293787748918,0.9769764469421983
55007,0.9295966476202011,0.9544541239738464,0.005455153528600931,-7.834815979003906,-4.292468465603673,60.051355602430455,0.941622331167255,1.0073058605194092,0.30434782608695654,17.72155347077743,0.9642208189385666
55008,0.866700291633606,0.9252411723136902,-0.022943587973713875,-7.308779656887054,-2.4078009065378283,14.558161994193567,0.8935410430429587,0.9680507183074951,0.25,20.22125210080828,0.9312695802523892
55013,0.9196138232946396,1.118014931678772,0.030699921771883965,8.977773785591125,13.065088915822404,-0.05313097460560482,0.8731509692882904,1.0361199378967285,0.18181818181818182,16.775469346479934,0.970699785330283
55014,0.9518974311649799,1.0498104095458984,0.03498329967260361,0.2669423818588257,10.725660990352095,2.00076355821482,0.9340236528442175,1.0377447605133057,0.3,10.466870069503784,0.9788544439968252
55016,0.9133351147174835,0.9470807909965515,0.04499135911464691,-8.382131904363632,-2.1865237202063845,44.35405322707509,0.9055474337865856,1.065222978591919,0.36363636363636365,20.4773642800071,0.9567934305186485
55018,0.7623400241136551,1.135246992111206,0.029892820864915848,0.643885275349021,22.73295282458145,-13.744133763290165,0.8272649908601147,1.0478193759918213,0.3333333333333333,23.653806958879745,0.9037766047825143
55021,0.9406902268528938,0.9010252952575684,-0.05169836804270744,-14.054211974143982,-7.838750625043997,6.3324219440450955,0.8837056140279604,0.9447483420372009,0.15,13.804354667663574,0.9740068023874698
55023,0.949554018676281,1.041712999343872,0.023165561258792877,4.570680484175682,4.797499601557004,10.701034745306359,0.9456814613734267,1.025999665260315,0.5217391304347826,10.489375694938328,0.9768797333359618
55025,0.8961254134774208,0.9749541878700256,-0.03511924669146538,-0.48430697061121464,-2.16923619311305,36.9861825928296,0.9259966496123906,0.954042375087738,0.35,18.454521894454956,0.9476827000336872
55026,0.9181771948933601,0.9577122330665588,-0.0018824177095666528,-5.117645487189293,2.0614411556053662,55.58162035916384,0.9405007131225743,0.997521698474884,0.375,22.076590855916344,0.958217612224099
55029,0.8906583115458488,0.9241844415664673,-0.0066856215707957745,-12.077993899583817,10.666094824134987,47.750262844853395,0.9051580052231413,0.9895807504653931,0.4,25.013753890991207,0.9439781800384807
55032,0.8104588836431503,0.9214119911193848,-1.9429776330071036e-06,-7.765740901231766,-25.095304017890307,-202.3288116179473,0.8732058278715229,0.9999964833259583,0.5263157894736842,34.40957822297749,0.9004978043781987
56001,0.9447303265333176,0.96882563829422,-0.0006367552559822798,-5.795398727059364,8.895482242225576,8.725567992948141,0.9580744932550798,0.9991884231567383,0.2916666666666667,16.147415836652122,0.9719777118870884
56002,0.9506751038134098,0.9821615219116211,0.005831841379404068,0.35556501243263483,-0.5268994716774672,26.72882552991625,0.9685362442609082,1.0070850849151611,0.23809523809523808,14.183627991449265,0.9750689311010415
56007,0.9088839516043663,0.9758161306381226,-0.009016063995659351,-3.2256867736577988,11.610915780030103,32.095667734665724,0.9460749559015779,0.9867666959762573,0.25,22.965542475382485,0.9536542287978761
56012,0.915288008749485,1.0040920972824097,-0.051011890172958374,2.7775369584560394,5.263865152697944,3.8671495594578595,0.9350291092698257,0.9496675133705139,0.4166666666666667,18.951586882273354,0.9591207611152538
56013,0.9353110119700432,1.0136637687683105,-0.005422267131507397,-1.9964661449193954,9.83864219834245,9.236686144465326,0.9647043343867768,0.9930917620658875,0.2916666666666667,22.21931219100952,0.9681980868064153
57004,0.925705723464489,0.968643307685852,0.012052224017679691,-4.102786257863045,0.355665583101293,10.894016302461045,0.9477974822408164,1.0177624225616455,0.35,18.29080581665039,0.9622328575047664
57005,0.9272652938961983,0.9416983723640442,-0.02600083313882351,-6.753075867891312,-5.215362694191734,-10.603426470233535,0.9230107862828925,0.9653694033622742,0.391304347826087,23.988072768501613,0.963544808047523
57006,0.9174317866563797,0.9630420207977295,0.027448177337646484,-5.695827677845955,-6.646377548355254,2.2473225124116922,0.9322332059168872,1.0384950637817383,0.25,22.293557723363243,0.9582318755744592
57007,0.9119657352566719,0.889737069606781,-0.013417980633676052,-12.77872920036316,0.46354219743747715,-21.039842381519946,0.8801626494503034,0.9801620244979858,0.3333333333333333,27.815850575764973,0.9574614116847715
57008,0.9309127181768417,0.9535038471221924,-0.004752925131469965,-3.9761677384376526,-7.462951648749237,31.591568248980067,0.9414077060468318,0.9936458468437195,0.25,21.388471126556396,0.9649173915461728
57009,0.8930666297674179,0.9141696691513062,0.0064894636161625385,-9.453589469194412,-13.106095186998129,1.8590130498229742,0.8980463115825825,1.0080382823944092,0.25,32.16572403907776,0.9455656826582042
58001,0.8973657637834549,0.9581047296524048,0.013279587030410767,-4.9569617956876755,-10.958430539778705,-3.7473971657508383,0.9309878965011615,1.0156726837158203,0.2,27.08542823791504,0.9474469436000135
58002,0.9009005203843117,0.8440925478935242,-0.0525837205350399,-15.455852448940277,-7.425472086872399,18.914703029632445,0.8216147225341932,0.9245425462722778,0.2,30.347402572631836,0.9573344838171567
58006,0.930769294500351,0.9404186010360718,-0.020040234550833702,-4.6146247535943985,-9.046129461993488,-8.914760280022275,0.9258685214051655,0.9727801084518433,0.16,20.511648178100586,0.9652925005184153
58008,0.8813597187399864,0.8509308099746704,-0.07682251185178757,-14.093835651874542,-1.3065476954908564,-7.598694989945132,0.8110715773481375,0.8968328237533569,0.23076923076923078,26.520439294668346,0.9468129788744748
58009,0.8337910026311874,1.2059931755065918,0.0935877114534378,20.28629034757614,7.252681586459635,-41.97121205314379,0.7668423815017282,1.0982617139816284,0.25,23.520525296529136,0.9523143389068707
58010,0.8592534959316254,0.7581528425216675,-0.03467569127678871,-23.827823996543884,-20.659439098111047,7.649055265158706,0.744859219006341,0.9387681484222412,0.19230769230769232,30.344365193293644,0.9465450573093169
58012,0.906980350613594,0.9373536109924316,-0.022417526692152023,-8.665162324905396,2.2039678777135294,13.037149957391367,0.916886466381793,0.972612202167511,0.23076923076923078,22.88837983058049,0.9527432761958263
59001,0.8827104195952415,0.857230544090271,-0.023386137560009956,-13.660329580307007,-11.13228583074891,19.783420031058586,0.8433234174878816,0.9682896733283997,0.19230769230769232,30.053916344275844,0.9437960041518667
60002,0.8964895009994507,0.903343141078949,-0.0691882073879242,-13.489887118339539,3.988559127169078,-7.035961685795726,0.8607471038313936,0.9128144979476929,0.391304347826087,31.401422749394957,0.95052769515428
60003,0.9201759248971939,0.9269853234291077,-0.06079782918095589,-12.711848318576813,15.034006554396747,4.670931268554757,0.8937758542886118,0.9329610466957092,0.43478260869565216,23.809506495793663,0.9618135511309661
60005,0.8476798236370087,1.0441761016845703,-0.03209948167204857,6.041411310434341,4.276577501116898,55.63768157417396,0.9068455089372058,0.9598435759544373,0.375,27.95242468516032,0.9284899108307391
60006,0.9035180360078812,0.91446453332901,-0.07459457218647003,-10.15343964099884,2.562347881424274,9.811116362508992,0.8682353928593997,0.9108027815818787,0.34782608695652173,28.945817118105683,0.9542894775487891
60010,0.9405005052685738,0.9382082223892212,-0.0816345065832138,-5.9972163289785385,-0.8449541977026316,13.185305636969183,0.886843767165174,0.9088752865791321,0.3333333333333333,15.72535534699758,0.9738772923870034
60012,0.8717869371175766,0.8667281866073608,-0.07695046067237854,-16.315804421901703,-3.5577315306863047,26.747409942446087,0.8229147640085142,0.9001926183700562,0.32,29.92099952697754,0.9396983322504878
6007,0.8978227153420448,0.8837081789970398,-0.06108274310827255,-9.359142929315567,-9.564303120815689,34.12074323515394,0.863947343575332,0.9482521414756775,0.6,17.730575561523438,0.9519510996361944
6008,0.8811800554394722,0.8481078743934631,-0.030731968581676483,-15.242929756641388,-11.865247040698721,55.036024610742075,0.831686455964727,0.9538009166717529,0.2727272727272727,27.31880934342094,0.9441083549707877
61001,0.8826531320810318,0.9400872588157654,-0.13350127637386322,-4.13973368704319,7.780876056897375,24.949521325627046,0.853666115848035,0.8766282796859741,0.34782608695652173,31.172752380371094,0.9489756164020633
61002,0.9045166149735451,1.0269215106964111,0.018843404948711395,-5.634727329015732,11.325557331575864,-19.165986431703104,0.9431527805737903,1.0198523998260498,0.375,21.888347466786705,0.9540356568690325
62001,0.9588067568838596,0.9525178074836731,-0.05165525898337364,-6.253151595592499,1.3990125306444168,-7.434880599001289,0.9247764001157216,0.9448498487472534,0.08695652173913043,14.755314329396125,0.9809607723320599
63001,0.9101638942956924,0.8397403955459595,-0.050050217658281326,-16.22091382741928,-5.380442447475912,38.306827042364624,0.8228382392264799,0.9340016841888428,0.2916666666666667,24.883409341176353,0.9632934478505651
63004,0.8765409886837006,0.9097249507904053,-0.07618343085050583,-5.46112135052681,-0.26010643387306975,40.37110713706739,0.8540928916094327,0.9024451971054077,0.2222222222222222,25.267390851621276,0.9398139534335469
64001,0.9366753324866295,0.9896520972251892,0.014093044213950634,-1.253699790686369,-6.2089221727324615,10.681969979702728,0.9619901739378062,1.0179985761642456,0.3076923076923077,15.400154774005598,0.9681610452197132
64002,0.8828283101320267,0.9694265127182007,0.037608638405799866,-2.6504501700401306,-6.373778152297153,39.52379475210377,0.9208218069036148,1.0427459478378296,0.23076923076923078,18.290367493262657,0.9407781114714866
64006,0.9194935858249664,0.8673319816589355,-0.06352483481168747,-15.67029058933258,-1.9047923682728156,12.320100936970613,0.8477745919880044,0.933516800403595,0.34615384615384615,25.284385681152344,0.9660624702534484
65001,0.8789018094539642,0.9124476313591003,-0.03583350405097008,-8.87017548084259,-5.015095742005514,38.89832547240164,0.8842452531840974,0.9557615518569946,0.20689655172413793,24.028242045435412,0.9385451070973161
65004,0.909737840294838,0.9431230425834656,-0.0159157682210207,-4.595175385475159,-4.697674129294625,11.793434732783831,0.9248585541622697,0.9828264713287354,0.3684210526315789,17.60733629527845,0.953996538058538
65005,0.6203515231609344,0.7170113325119019,-0.09269095957279205,-24.28523302078247,0.6212449947095996,-56.156195273148,0.6323158614123899,0.881942868232727,0.23076923076923078,38.75783039973332,0.7970922537676094
65006,0.8956733196973801,0.8540344834327698,-0.09694641083478928,-9.612870216369629,-15.170667961766563,44.84070740587949,0.8169629654597583,0.8983201384544373,0.3333333333333333,19.488150985152632,0.9568974508570264
65007,0.8738998174667358,0.852552592754364,-0.07033876329660416,-17.371642589569092,0.05259832303520192,14.152603271326644,0.8226314942404078,0.9205036759376526,0.28,25.475522994995114,0.9416974838235579
65008,0.8408526629209518,0.8099727630615234,-0.046964142471551895,-21.516430377960205,-9.619653419194538,28.120413921981,0.7845726383578691,0.9311889410018921,0.07692307692307693,27.107491860022915,0.9254102183595068
66001,0.9664428792893887,0.9736831784248352,-0.015982450917363167,-2.850024215877056,-1.9408468617192216,-8.922200159033961,0.964337053029703,0.9827122092247009,0.22727272727272727,14.271947470578281,0.9832547625010379
66004,0.9321836680173874,0.9321048259735107,-0.09401848912239075,-6.913622468709946,-6.025565580106853,-13.546778650373541,0.9015788229248083,0.934988796710968,0.36363636363636365,18.59579953280362,0.9708363773222335
66006,0.9059684127569199,0.8440757989883423,-0.06880068778991699,-15.624196827411652,-6.561131354459543,53.02117436315938,0.8152542468924349,0.9086941480636597,0.22727272727272727,31.225388700311836,0.9615048284542504
66011,0.8989319801330566,0.9308363199234009,-0.007443180773407221,-8.080293983221054,-7.988417018011409,39.16991914841444,0.9129919987040086,0.9892776608467102,0.14814814814814814,18.30966031109845,0.9483104547237363
67001,0.9267206713557243,0.9910144805908203,0.01977914199233055,4.332017153501511,-14.503304871439054,48.33577466785769,0.9575556079668501,1.0192722082138062,0.24,12.46771240234375,0.9632662437725915
67005,0.9272751659154892,1.0315057039260864,0.03740428388118744,6.17622546851635,-5.224245864992125,17.971143005737193,0.9387949735577321,1.0398892164230347,0.2727272727272727,17.012919079173695,0.9659075331623422
67006,0.9248734340071678,0.8777239322662354,-0.02758258581161499,-11.457053571939468,-14.415692514562645,50.22662640269869,0.8687551583446498,0.9664106965065002,0.4166666666666667,24.501427014668785,0.9661543147280582
67008,0.9319391250610352,0.9416168332099915,-0.010250779800117016,-5.234931409358978,-5.801595755609456,-10.56144213797109,0.9313170318667556,0.9884240031242371,0.4782608695652174,19.838762283325195,0.9657253410885733
67010,0.8695655763149261,0.9594494700431824,0.02487827278673649,-3.1038640066981316,-9.400058787054322,-39.245720400516454,0.913357395295981,1.0374318361282349,0.21428571428571427,23.11063323702131,0.9332058901235514
67015,0.9628352075815201,0.9688161611557007,-0.01598183996975422,-3.1298041343688965,-10.119452258704479,-2.3258423355050564,0.960274783434293,0.9838235974311829,0.21739130434782608,11.817105956699537,0.9814531666838606
67018,0.8856688514351845,0.9581333994865417,-0.004918897058814764,-2.4829084053635597,-5.5549252060468595,11.29821816867356,0.9275001454866356,0.992686927318573,0.17857142857142858,23.97338322230748,0.9412638473011582
67025,0.8684534877538681,1.0168898105621338,0.06494992971420288,-0.12264114338904619,2.4514717003816346,10.876675853153433,0.9013645064834792,1.0744422674179077,0.3076923076923077,25.202956566443813,0.9375336594468383
67033,0.9468172676861286,1.0183666944503784,0.03422391414642334,5.171223729848862,-8.186183761237684,24.63681355904119,0.9514362040141999,1.0371135473251343,0.9090909090909091,12.41709969260476,0.9746289255162129
68001,0.9220839962363243,1.0907870531082153,-0.022916607558727264,6.8530939519405365,25.553726304764503,-32.372439385873605,0.901060747974167,0.9767189025878906,0.2,20.508075714111328,0.968303358495808
68003,0.9264677911996841,1.0319379568099976,-0.046904534101486206,-1.7691323533654213,11.784765879714655,11.549800446820155,0.934706206787606,0.9543642997741699,0.16,13.18272876739502,0.9659319913736687
68004,0.8107213079929352,0.95051509141922,-0.004155751317739487,-10.671889781951904,13.495188738212367,42.18617829358324,0.8898828829026851,0.9955064058303833,0.43478260869565216,30.58171073595683,0.9017308242020196
68005,0.8730103075504303,0.8580322861671448,-0.11935882270336151,-11.025853455066681,-9.723608543778118,-1.0752343018682595,0.7974000616525313,0.8659071922302246,0.2608695652173913,27.471312232639477,0.9460461108733699
68020,0.7567171603441238,0.7997921109199524,-0.08489607274532318,-24.0227609872818,6.895609581413059,-12.379645366923747,0.7384235694454618,0.8845610022544861,0.15384615384615385,34.41165410555326,0.8774729908498713
69002,0.8856452777981758,0.9511416554450989,0.03314591571688652,-7.231248170137405,-6.22686099897461,11.244785013244194,0.9163693799778692,1.0347871780395508,0.21428571428571427,24.833439077649796,0.9417179700363381
69007,0.9003677144646645,0.8757861852645874,-0.12292657792568207,-15.454427897930145,3.8880496331174617,-3.48655695929237,0.8256598131219872,0.8842008113861084,0.32,27.928985595703125,0.9605541268837744
69012,0.9022802859544754,0.8933631777763367,-0.026733942329883575,-9.465043246746063,-10.302211321537854,11.546249470195983,0.8808660294329552,0.9770995378494263,0.19230769230769232,21.647871457613434,0.9520723469967656
69015,0.8235907256603241,0.8585238456726074,-0.1872940957546234,-16.03986620903015,0.4867946452811057,-19.01085849033839,0.7503819708573896,0.8068632483482361,0.32,30.412967681884766,0.9293469505882601
69017,0.9173766374588013,0.987555980682373,0.023654621094465256,-1.9485244527459145,-6.547298063515558,-8.26120133579731,0.9502349094156867,1.024533748626709,0.24,16.957775115966797,0.9585294586192935
69023,0.9176481664180756,0.9289216995239258,-0.009584383107721806,-8.974070847034454,-4.2273997720054926,-13.400829206522333,0.9170436233192607,0.9898715019226074,0.2222222222222222,19.53943040635851,0.9584422190182649
69027,0.8914406970143318,0.9148970246315002,0.02849677950143814,-9.005387872457504,-10.39188604286944,-18.176289212971874,0.8945493915242038,1.029331922531128,0.36,23.781747817993164,0.9450732057009322
69030,0.8719535022974014,0.9618106484413147,0.04534405842423439,-5.630256608128548,-4.3769691880541055,32.497065155330915,0.9120111553094634,1.04574453830719,0.44,22.742666244506836,0.9352617004195775
69032,0.8621913492679596,0.8717795014381409,-0.11090047657489777,-10.942129790782928,-10.638367260576311,32.40308019006043,0.8226096340649476,0.8945786952972412,0.3333333333333333,28.82677537423593,0.9374444711485215
69043,0.7365110516548157,0.7616895437240601,-0.10354464501142502,-21.735763549804688,-3.1768113017997335,41.50559989718997,0.7129218017536932,0.9047508239746094,0.14814814814814814,28.654459544590544,0.8713547015846157
70002,0.8535176068544388,0.7898555994033813,-0.11407133936882019,-15.777695178985596,-20.66311610458494,49.784949691440225,0.7554062727881881,0.8883345127105713,0.22727272727272727,26.028520410711113,0.9434646903460451
7001,0.7906143814325333,0.8538538813591003,0.007724185474216938,-14.141401648521423,-8.47874209620873,19.585177681217182,0.8167806542349209,1.0097596645355225,0.25925925925925924,35.49337387084961,0.8899300694243075
7002,0.797869861125946,0.8287632465362549,0.0029031713493168354,-16.89896732568741,-13.718021071866588,-0.4558150994331415,0.799490385122742,1.003700613975525,0.2962962962962963,34.22885470920139,0.8957484514377506
7003,0.8834805637598038,0.903779149055481,-0.04042055830359459,-12.013331055641174,10.426465285760354,-30.502934135388,0.8748312377999267,0.9452829360961914,0.2857142857142857,23.879873752593994,0.9415636261224425
7005,0.8513254374265671,0.9318059086799622,0.01487018633633852,-8.9973084628582,-1.853744195880452,-8.511854605228264,0.894880173522421,1.0211074352264404,0.3333333333333333,27.99561818440755,0.9228364075105865
7006,0.6119451820850372,1.2899563312530518,0.12820768356323242,22.159788012504578,11.728780325888012,-89.59840233007628,0.6374112465106475,1.1870129108428955,0.3333333333333333,26.371035752473055,0.8885455191510894
71001,0.8863135874271393,0.8737566471099854,-0.04478881135582924,-15.480685234069824,-3.963950424618571,-35.06762527166812,0.850156914191029,0.9407224655151367,0.3333333333333333,25.67903024178964,0.9452118614913985
71004,0.8958672285079956,0.9286060929298401,-0.0030788651201874018,-7.852856069803238,-9.23078317154894,-7.3929731288429625,0.9108075376816784,0.9961008429527283,0.21428571428571427,26.12788847514561,0.9466801918422122
71006,0.9046858623623848,0.912249743938446,-0.048250675201416016,-9.519689530134201,3.064644739588053,10.769769120277696,0.8797174894461581,0.9323043823242188,0.2222222222222222,23.212879675405997,0.9532551793910677
71008,0.8993342593312263,0.9094976186752319,-0.013065016828477383,-8.713069558143616,-0.886259530574539,-40.08847596257918,0.8945365445384118,0.9811099171638489,0.14814814814814814,19.28476227654351,0.9492553038940224
71014,0.8548127561807632,0.8330758213996887,-0.048680298030376434,-18.295317888259888,-7.014657500167297,-28.04724748753007,0.8095040397263593,0.9394614696502686,0.21428571428571427,28.5733699798584,0.9310064073824059
72002,0.8521481901407242,0.7934727668762207,-0.055477216839790344,-20.89684009552002,-10.78569589453409,13.614405741777084,0.7689987769833457,0.9189624190330505,0.17857142857142858,27.990966183798655,0.9356495727718045
72004,0.8978988751769066,0.9052178859710693,-0.033973220735788345,-12.603458762168884,1.4479807837922876,-3.2397418982356645,0.8832068460011774,0.9544287919998169,0.36,24.553146362304688,0.9492037729491302
72005,0.9108827486634254,0.8896819353103638,-0.02095033787190914,-9.920744597911835,-2.416959809219208,5.46924618140652,0.87752972504249,0.9686933755874634,0.13793103448275862,25.534476905033504,0.9570024638008909
72007,0.8300803303718567,1.023214340209961,0.06832874566316605,2.258519269526005,0.2904230836151431,-26.624968768894508,0.8704028408049389,1.098885178565979,0.2962962962962963,21.87854802166974,0.9195124882977449
72009,0.8789829462766647,1.0081812143325806,0.04362611472606659,2.936393581330776,-5.101149008154374,26.27181313770663,0.9049479174711148,1.0740418434143066,0.28,21.908437728881836,0.9409595769922533
72014,0.8724932223558426,0.9691661596298218,-0.012906843796372414,-3.2648172229528427,3.9796110715648267,-1.995401460858225,0.9253609842701673,0.9808028340339661,0.24,25.351390838623043,0.9347947411935423
72015,0.920717179775238,0.8978374600410461,-0.013310645706951618,-9.795115143060684,1.7876416526450758,1.5516852827775929,0.8887624277079862,0.9782230257987976,0.25,25.0078695161002,0.961758970814107
73005,0.9229981154203415,0.9360432028770447,-0.03403352200984955,-6.928182393312454,4.888191041215309,4.963601714903217,0.9142507672055928,0.9576510787010193,0.20689655172413793,20.199542210019867,0.9616721003521546
73009,0.9121148511767387,0.8670541048049927,0.008031402714550495,-11.992515623569489,-13.637144177222169,25.36973798510049,0.8606103997474897,1.0108896493911743,0.20689655172413793,22.67590884504647,0.9595492256503038
73010,0.9782246816903353,0.9831898808479309,-0.019730761647224426,-3.696717321872711,4.95763887230632,38.43671915462906,0.9725500407416676,0.9811388850212097,0.4166666666666667,7.859234511852264,0.9892678753671884
73011,0.9140077233314514,0.8664912581443787,-0.006917788181453943,-15.363812446594238,-2.6458332089200978,7.380957116453121,0.8605098164181302,0.9906287789344788,0.20689655172413793,24.151045700599408,0.9606921460828252
73014,0.877421073615551,0.8890301585197449,-0.003951562102884054,-15.594488382339478,4.617899952481004,18.19787975611513,0.8727635135247058,0.9945071339607239,0.07142857142857142,27.572408744267058,0.9379947889681896
73015,0.8098643720149994,0.734023928642273,-0.04633396491408348,-30.771738290786743,9.709940452668931,-52.35681331709567,0.708766752814759,0.9122781157493591,0.125,40.29610951741536,0.9201350843318159
74001,0.8977908417582512,0.8995296955108643,-0.03346986323595047,-9.769189357757568,-7.911557805401613,35.1985447222415,0.8804725146140617,0.95957350730896,0.1724137931034483,20.13709956202014,0.9494209888664544
74005,0.912511333823204,1.0024304389953613,0.009820756502449512,-1.380759384483099,-3.8834666452671494,-16.535899355980685,0.9551819917384332,1.0101439952850342,0.2857142857142857,19.97875315802438,0.9564127749164861
74006,0.8810442239046097,0.9477243423461914,-0.010167897678911686,-7.760600745677948,1.4429531275924277,49.60885476951125,0.918656055308263,0.9885537028312683,0.07692307692307693,20.493168097275955,0.9387376523793018
74007,0.8702471554279327,0.865838348865509,-0.04171428829431534,-17.635981738567352,-1.2002095302865794,24.506401817577743,0.842639656168564,0.9477805495262146,0.21428571428571427,29.35075078691755,0.9364700215029882
75003,0.9732081480324268,0.9815245270729065,0.018757401034235954,-5.776918679475784,5.565707634375101,39.25399520518797,0.970221009198355,1.0192012786865234,0.4090909090909091,8.787904544310136,0.986705035160364
75004,0.9405095688998699,1.0208978652954102,0.03151252865791321,1.4372291043400764,0.7608223133876123,15.189970789745393,0.9510347841525929,1.0339449644088745,0.16,13.843795776367188,0.9715639141167723
75017,0.9004534259438515,0.8696912527084351,-0.025375384837388992,-19.289666414260864,3.2823737848378847,9.892790140892043,0.8577516467732583,0.9678137302398682,0.24,34.14763641357422,0.952901503060597
76003,0.9218811690807343,0.9215526580810547,-0.08631600439548492,-10.065406560897827,8.002437483342115,38.372644465544056,0.8705881002191116,0.9032103419303894,0.3333333333333333,23.61283983503069,0.9649969081148728
76005,0.8879280015826225,0.930739164352417,-0.01583367958664894,-8.779791742563248,9.664470087160879,-5.915264356072156,0.9069763835864237,0.9765320420265198,0.4166666666666667,21.95795774459839,0.9425057845986777
76007,0.929016686975956,0.9431732892990112,-0.0008299963665194809,-7.922119647264481,0.9419521353558398,16.928330413262152,0.9327670349002859,0.9990457892417908,0.12,13.795713424682617,0.9640822324074223
76008,0.8470955491065979,0.8528883457183838,-0.02199673280119896,-18.624186515808105,0.15494872449652553,-21.491720926148027,0.8307723592241432,0.9665612578392029,0.38461538461538464,31.040353041428787,0.9233318442911767
76011,0.7459787428379059,1.0813159942626953,0.18802489340305328,9.12313386797905,-4.53716465934649,-47.7817064340222,0.6335367437442574,1.3436107635498047,0.3448275862068966,25.56195752374057,0.901945574116455
76014,0.899596706032753,0.9780113697052002,0.024523882195353508,-1.5669984742999077,-3.7045752025282277,31.462487850505166,0.930693189231613,1.0417344570159912,0.25,20.655216489519393,0.9492243241874222
77002,0.9014246612787247,0.9671714901924133,0.019993150606751442,-5.415286123752594,-3.131951377762772,-32.298571112067194,0.9350649305764174,1.0248823165893555,0.12,24.433818817138672,0.949803162390388
77003,0.8685716092586517,0.8880044221878052,-0.0100586898624897,-13.448461890220642,-2.1215717601048647,-14.6921131840441,0.8686910681783468,0.9849755167961121,0.2692307692307692,24.30541331951435,0.9331173338516453
77004,0.8798654228448868,0.8817726969718933,0.007885395549237728,-13.321806490421295,-17.1969927448687,17.565800101559734,0.866776820889493,1.0123088359832764,0.1111111111111111,27.904489305284287,0.9398401061524603
78003,0.9315107017755508,0.9485958814620972,-0.005841455888003111,-6.067977100610733,-1.875002534111253,1.3867658416646211,0.9376447781991168,0.9934867024421692,0.16,16.18770408630371,0.9653104159998751
78004,0.8481587916612625,0.9317855834960938,0.01021028496325016,-7.171167433261871,-9.85200205704276,34.41684080774194,0.8946069486738135,1.0150071382522583,0.21428571428571427,26.306644507816863,0.9210742472297325
78006,0.9136122018098831,0.9998295903205872,0.028804732486605644,-0.8675502613186836,-2.1572222100557736,-14.194197500357179,0.9454930089485806,1.0337685346603394,0.1111111111111111,19.191298661408602,0.9572136809141738
79002,0.9105148464441299,1.0012959241867065,0.026546536013484,-0.9907245635986328,-2.7948191251798313,2.1040019624447273,0.945820960306594,1.031118631362915,0.2608695652173913,20.164139374442723,0.9556680735282013
79003,0.8659254908561707,0.9479778409004211,0.008090322837233543,-4.227307438850403,-3.787478272457001,19.838363671468347,0.9126656685902493,1.0111734867095947,0.36,31.727169036865234,0.9307458766559219
79004,0.9066661074757576,0.9375850558280945,0.018074410036206245,-6.115931645035744,-10.876416244137541,29.344740507092215,0.9177380471541887,1.024760365486145,0.08,18.136871337890625,0.9524781320756758
79005,0.9061401039361954,0.9872753620147705,0.024031084030866623,-4.217883944511414,1.4110720930554894,1.2876406787153523,0.942425456594922,1.030476450920105,0.4,20.936111450195312,0.9528396609876213
79006,0.9033188819885254,0.9870948195457458,0.018094774335622787,-0.7175322622060776,-9.728205369334427,3.6397280185355707,0.9445432205201921,1.023131012916565,0.14285714285714285,20.778011140369234,0.9512776545190107
80001,0.8993771970272064,1.015455722808838,0.039766501635313034,-1.7803482711315155,-1.0516843815827408,14.403895794922619,0.9274629770868972,1.051536202430725,0.2962962962962963,19.521476604320384,0.9513506406561022
80002,0.9098173603415489,0.9454027414321899,0.023454248905181885,-8.57522338628769,-12.934912373802318,23.24555486824319,0.9248238366680024,1.0238829851150513,0.1,15.297040939331055,0.954172083702255
80003,0.8685246706008911,0.8507183194160461,-0.013707583770155907,-14.088428020477295,-14.07345149644586,-12.391995381686955,0.8364672839784846,0.981195330619812,0.07407407407407407,25.056831925003614,0.9359350840092191
80004,0.8007245063781738,0.6971818208694458,-0.09352042526006699,-28.157800436019897,-18.43867274862103,-5.219663209243165,0.6565757687884235,0.8543374538421631,0.13333333333333333,34.41521644592285,0.9291214022561536
80005,0.8833884298801422,0.9040276408195496,-0.012334736064076424,-10.932973027229309,5.0273160931105645,-547.6302821957997,0.8860022798051151,0.9836825728416443,0.06896551724137931,20.633390032011885,0.9406828182235398
80006,0.9344419091939926,1.0307456254959106,0.035993512719869614,-0.3239130601286888,4.027448387252485,47.548977423761706,0.9469200284240455,1.0304765701293945,0.3333333333333333,11.795116353918004,0.9692856943995565
8004,0.7805867344141006,0.8674485683441162,-0.04039516672492027,-16.19383692741394,0.959921365766113,-17.769751760658707,0.8200380932576851,0.9612876176834106,0.5,40.33437508803148,0.8845974120754675
8005,0.9038097783923149,0.915181040763855,0.012795723974704742,-8.761049062013626,-9.52823173906505,30.242188223778577,0.9015402397032524,1.0120272636413574,0.2692307692307692,23.757252326378456,0.9514673977506722
8006,0.862324982881546,0.908916175365448,-0.04932598024606705,-10.65341904759407,-1.5397062978106726,2.6083225822467724,0.8790619087154169,0.9618813395500183,0.4444444444444444,27.61609465987594,0.9301664368730956
8009,0.8240083158016205,0.8544470071792603,-0.006852433085441589,-15.447627007961273,-7.444291085264028,8.21429313343847,0.8283685448974717,0.9916096329689026,0.15384615384615385,38.36050033569336,0.9094390569692411
8011,0.8305881023406982,0.8726819753646851,-0.0350678376853466,-11.31516769528389,-3.4761417029945805,-8.629997985272396,0.8420790771506621,0.9661235809326172,0.21428571428571427,28.782807077680317,0.9129280371892368
8013,0.7526960372924805,1.0125056505203247,0.06350716203451157,-1.3691813684999943,3.18809703403108,2.0087484524976813,0.8636768753519978,1.0633577108383179,0.2962962962962963,29.75958718193902,0.8799441650889622
81002,0.8986174836754799,0.9954349398612976,0.027467841282486916,-3.751692920923233,4.595712639030334,29.21426138308752,0.9387571241222338,1.034294843673706,0.3076923076923077,18.7038751748892,0.949465716893325
81003,0.8568757474422455,0.8532953262329102,0.007370252627879381,-13.705505430698395,-12.473117884577432,55.70051193882429,0.8365269342102484,1.011337399482727,0.23333333333333334,26.30520184834798,0.9287774943816124
81004,0.9397965110838413,0.9248712062835693,0.01337918546050787,-10.859235376119614,0.5239963655168459,15.079195540086085,0.9174334680073576,1.0175672769546509,0.19230769230769232,16.258727179633247,0.9706012357333741
81006,0.8693105727434158,0.9200775027275085,0.016314558684825897,-8.860912173986435,-3.73548070734516,39.673736816255705,0.8934309042119268,1.020638108253479,0.2857142857142857,24.24306869506836,0.932594992066362
81007,0.8420455157756805,0.937413215637207,0.020488623529672623,-10.948613286018372,2.6638400775351725,-53.75397808759194,0.8930836553144011,1.0282901525497437,0.10344827586206896,23.59955064181624,0.9180630336614342
82001,0.8525922298431396,0.8665701746940613,-0.03166617453098297,-15.236561000347137,-4.459340793626277,21.883347329913853,0.8415023127588906,0.9574307203292847,0.3333333333333333,31.58695896466573,0.9257985511736893
82003,0.8694334924221039,0.9728254675865173,0.048945359885692596,-6.674336642026901,-2.468467632364611,29.256398274710072,0.9044649382306353,1.0640215873718262,0.32,22.074966430664062,0.9345039759544403
83003,0.7915018945932388,0.9167520999908447,-0.01295348908752203,-10.253279656171799,-1.5233802402320795,-34.9300693563159,0.8611127088873253,0.9828628301620483,0.3793103448275862,35.609485363138134,0.8901556365277319
83004,0.8078245371580124,1.0312684774398804,0.08001900464296341,0.5682099144905806,-5.83010459515893,-1.5229721969669268,0.8512182440402615,1.114590048789978,0.34615384615384615,25.652089485755337,0.9104041633591976
83006,0.8461679518222809,0.9003125429153442,-0.0020021956879645586,-12.058953195810318,-6.511453859532755,-3.3888609265514047,0.8722049494675282,0.997144341468811,0.17857142857142858,27.9439960207258,0.920088604974352
83007,0.876642033457756,0.932205080986023,0.0019388189539313316,-5.347427353262901,-11.980498866605336,40.22392082477135,0.9069357475417471,1.002728819847107,0.20833333333333334,18.734280268351235,0.9363026092862214
83009,0.7987270057201385,1.015153408050537,0.06816881895065308,4.0137480944395065,-9.246445237740271,27.86612883569929,0.8572293377891611,1.1039071083068848,0.07407407407407407,22.119313699227792,0.9032676421466079
83010,0.8915707841515541,0.9513151049613953,-0.010460300371050835,-5.087189003825188,7.550826920301,-53.057021554351635,0.9246743454225218,0.9857584834098816,0.18518518518518517,20.0555059644911,0.9443141450831634
83013,0.8527472913265228,0.9675492644309998,0.06968073546886444,-3.635023906826973,-9.165395408517751,37.398741871180654,0.862916409419976,1.1113717555999756,0.11538461538461539,20.419458242563103,0.926957597096469
84001,0.905399776995182,0.9502689242362976,0.03737790137529373,-0.8002627640962601,-18.437590930480592,33.04259377044791,0.9192001019875714,1.0421476364135742,0.25925925925925924,21.813984270449037,0.9522609136351259
84004,0.9311123490333557,0.9678152203559875,0.02136514149606228,-4.0908824652433395,0.5161198089511232,-7.212264992139228,0.947645376174748,1.0221998691558838,0.125,15.765601396560669,0.9651817231240308
84005,0.9331533908843994,0.986970067024231,0.037707701325416565,-0.436911266297102,-1.9877001100968243,9.145420344549365,0.9449466747098383,1.0420504808425903,0.32,18.499250411987305,0.9669417705698223
84008,0.8103425800800323,0.9484446048736572,-0.010718155652284622,-3.8673188537359238,-9.782130357693815,22.042890091870582,0.8877784524427941,0.984860360622406,0.23076923076923078,23.670131188851816,0.9014783866909534
84009,0.8304664492607117,0.9300142526626587,-0.05967981740832329,-11.53593510389328,23.283696786314994,-115.49854626260748,0.86600249096728,0.9254466891288757,0.2916666666666667,25.026222070058186,0.9134024744304942
84012,0.8735286742448807,1.034019947052002,0.04702450707554817,3.6065325140953064,-5.708354141771052,19.208181876064394,0.9076810535478774,1.061822772026062,0.25925925925925924,18.85658193517614,0.9404737374294134
84013,0.9267757833003998,1.040246844291687,0.061477091163396835,4.001304134726524,4.566310714312227,-3.8061348988427266,0.9163190072784172,1.0657260417938232,0.3076923076923077,17.99457440009484,0.9673995782612111
84014,0.8693059682846069,0.9628868699073792,-0.0008630059892311692,-5.358186736702919,3.4101934485593226,-3.3044803830319034,0.9232665376102116,0.9987740516662598,0.2857142857142857,25.757576738085064,0.9328498929581175
84016,0.7607075721025467,1.2105820178985596,0.15134191513061523,21.408408880233765,-0.9590713890662241,-7.838759957428324,0.7105188325449203,1.1854866743087769,0.46153846153846156,32.66457044161283,0.928941899105054
84017,0.8810303881764412,1.0477275848388672,0.07484015822410583,4.396724700927734,-0.1178817292707303,51.1133164242083,0.8924042246908029,1.080550193786621,0.3076923076923077,17.262150691105766,0.9469849569388674
84018,0.920460544526577,0.9128810167312622,-0.006804281380027533,-11.499658226966858,0.8318471506848754,6.976249080787915,0.9041088906147673,0.9926249980926514,0.125,21.807849407196045,0.960617301257803
84019,0.8515976369380951,0.9918270707130432,0.08566682785749435,-1.0893751867115498,-10.558918597544144,-9.094705013218055,0.8704384685619495,1.108014464378357,0.2962962962962963,25.860316665084277,0.9289206841584697
84020,0.8494954109191895,0.9923063516616821,0.060356590896844864,3.468196839094162,-15.189563364360486,17.29351255700847,0.8896237418808117,1.081560492515564,0.03571428571428571,22.59350163596017,0.9260296532909396
84022,0.8288237750530243,0.9143128395080566,-0.01652820035815239,-10.604368150234222,1.1902642746802248,-2.6094998912691194,0.8744863048653364,0.9797254800796509,0.07692307692307693,30.99954393174913,0.9105553688856364
84026,0.8781597837805748,0.9658200144767761,0.0630573034286499,-3.8596894592046738,-3.196047886248321,48.45770989058406,0.8854174920314175,1.0911656618118286,0.16666666666666666,22.152113914489746,0.9395872378680319
84030,0.8838421851396561,0.9550867080688477,0.008027883246541023,-3.3857766538858414,-3.095836324434752,37.13218246604699,0.9244010298189768,1.0114666223526,0.17857142857142858,23.95667689187186,0.9402796762218993
85001,0.9348197877407074,1.0072845220565796,-0.05660901591181755,2.4576013907790184,-12.232657541897286,13.84404155424799,0.9512810415832036,0.9629097580909729,0.9565217391304348,15.627016191897185,0.969262618804547
85002,0.8730935007333755,0.9193301200866699,0.015394378453493118,-10.25354191660881,3.168820888890161,1.7210511401570754,0.89388501590625,1.0219488143920898,0.17857142857142858,31.17907387869699,0.9346470362510827
85003,0.8721577525138855,0.8596686124801636,-0.04314253479242325,-13.25540542602539,-10.890611162799665,29.032830821419687,0.8323618620965524,0.9322649836540222,0.0,24.50032393137614,0.9381807916816873
85004,0.8198568522930145,1.0010541677474976,0.08374487608671188,-0.16619155649095774,-7.902409881143756,-21.868765829228522,0.8650227239979096,1.1036345958709717,0.22580645161290322,27.6904167667512,0.9135267422496123
88001,0.6788738071918488,0.9587081074714661,0.0383126437664032,-4.736042767763138,-1.2706264402894645,-19.778288579836563,0.8213054617709864,1.0522414445877075,0.27586206896551724,30.461406707763672,0.8341761504738179
89002,0.7951145619153976,1.101698637008667,0.10155105590820312,14.388544857501984,-18.434641462025628,35.34648842914029,0.8001399244943768,1.1503678560256958,0.3448275862068966,20.249006665986162,0.9163881295154304
89003,0.8684340715408325,0.9224036931991577,0.02000443823635578,-8.705523610115051,8.664311694190946,2.3153009352440197,0.8921947703926167,1.0316076278686523,0.2962962962962963,23.05344475640191,0.932163884529795
89005,0.6858921647071838,0.8449923396110535,-0.016352051869034767,-15.312159061431885,-1.827245867789108,-62.69291890038859,0.7668164939914528,0.9693596363067627,0.14285714285714285,38.32831723349435,0.8285113974401525
89007,0.7477653920650482,1.010410189628601,0.14783503115177155,-1.2603103183209896,-16.360113467918296,-78.63189050198864,0.764595522540817,1.2057242393493652,0.03333333333333333,22.385822931925457,0.8860507424164041
90003,0.8795976415276527,0.8947222828865051,-0.02655900828540325,-11.24175563454628,-5.713146258806625,-11.698470226777596,0.8734890416369963,0.9648215770721436,0.16666666666666666,25.150996843973793,0.9393031843866131
9002,0.9110470414161682,0.9579395651817322,-0.044921111315488815,-4.993446916341782,3.1197398992711345,-23.40198901530138,0.9216808779552662,0.9511250257492065,0.17857142857142858,17.363364355904714,0.9555473106242105
9003,0.880876250565052,0.9948838353157043,-0.018549883738160133,-3.9670221507549286,16.595948322892333,-8.361659470163017,0.9347464482273798,0.9741175770759583,0.3333333333333333,22.00631742124204,0.9403179167467638
9004,0.8853978961706161,0.9118907451629639,-0.09391733258962631,-7.601377367973328,7.945456789737457,1.7801127248395072,0.8673764626696587,0.9167096614837646,0.25925925925925924,24.737988577948677,0.9462554060772104
9005,0.8186262995004654,0.8096831440925598,-0.07964548468589783,-19.155046343803406,9.386634220435791,-11.555555341680359,0.7674450433506999,0.8974640369415283,0.32142857142857145,37.82495771135603,0.9142813993386718
92001,0.9464096948504448,0.9469578862190247,-0.028251584619283676,-5.689479038119316,-1.8169736312970315,27.84432006713618,0.9372635332430985,0.9793598651885986,0.20833333333333334,11.735645929972332,0.9736109253335202
93001,0.8775982409715652,0.946552038192749,-0.015038076788187027,-6.060941517353058,-7.479421014945946,0.5180973745001294,0.9150628689483605,0.9803766012191772,0.10344827586206896,24.189810917295258,0.9369718013090742
94001,0.9675497785210609,0.988228440284729,0.0461171492934227,-1.3804145157337189,-7.290519413856389,5.293788941013243,0.9592979095584002,1.0358448028564453,0.4,7.660393714904785,0.9847277815505229
95001,0.8942549526691437,0.9628349542617798,0.007392448373138905,-1.0027185082435608,-1.628953075316316,60.38929242817169,0.9340632601842002,1.0056806802749634,0.44,19.916942596435547,0.9458322706362347
96001,0.8438391089439392,0.950127124786377,0.004646951332688332,-5.076659098267555,-0.3621707244165392,-23.086624751712574,0.9047734105853138,1.0065327882766724,0.18518518518518517,24.34498115822121,0.9191413435258056
96002,0.907090075314045,0.8768198490142822,-0.0755559653043747,-9.788063168525696,-3.288403040817585,10.886742143462328,0.8461660718186186,0.9175105690956116,0.16,21.215194702148438,0.9589266308671872
96004,0.8404236137866974,0.8743993639945984,0.007181540597230196,-12.541051208972931,-15.762230881127817,19.08303229167921,0.8495420859532872,1.010266900062561,0.10714285714285714,31.35866437639509,0.9178011259357403
97002,0.8706560879945755,0.8891299962997437,-0.04607903212308884,-11.092811822891235,16.332547304247367,33.972129901849314,0.8602035287504615,0.9445573091506958,0.32,25.34197998046875,0.9353702569654136
