basin,FHV_1%,mNSE,NSE,Alpha-NSE,Beta-NSE,FHV,FMS,FLV,KGE,Beta-KGE,Peak-Timing,Peak-MAPE,Pearson-r
10002,-9.764871001243591,0.7453158497810364,0.897924154996872,0.9233732223510742,-0.0834481418132782,-7.681595534086227,5.8309356408652455,-1.3651096344893123,0.8772320710204112,0.9171436429023743,0.4166666666666667,20.95140814781189,0.9516768645306395
10003,-6.301955878734589,0.7574274092912674,0.9212904497981071,0.9409971237182617,-0.09840264916419983,-6.257370859384537,0.1808566773161976,2.1086103970221806,0.8947499444222564,0.9201045632362366,0.32,17.997663497924805,0.9651725112313927
1001,24.357838928699493,0.7129466235637665,0.8370677977800369,1.097059965133667,0.0321681946516037,17.09127277135849,-12.630862605655674,51.85166905794127,0.8746268825301784,1.0383204221725464,0.2962962962962963,29.035024289731627,0.9305066406275331
101002,-27.98667550086975,0.4977625608444214,0.7530688345432281,0.7551106214523315,-0.23918290436267853,-25.361672043800354,0.6183608175347328,57.75759711159076,0.6316215338485267,0.7385609745979309,0.25,41.44209384918213,0.9140842121873685
101005,-18.135665357112885,0.690268337726593,0.8441770970821381,0.834079921245575,-0.013334440998733044,-15.776759386062622,-1.4209846673939759,25.859491094087467,0.8162992430995074,0.9821626543998718,0.21739130434782608,26.934650669927183,0.9231994488699408
102001,-24.74922090768814,0.7346705198287964,0.8155975043773651,0.8406992554664612,0.014955813996493816,-18.67354065179825,-3.133591124386731,32.223258858712136,0.8131665990229902,1.0246953964233398,0.19047619047619047,36.33698962983631,0.9055535606431326
106001,13.809123635292053,0.6854040920734406,0.842105820775032,1.0353977680206299,-0.04114355519413948,11.72657459974289,-2.9583544006475457,67.29283500094421,0.9072504550975353,0.9581596255302429,0.32,28.436952590942383,0.9251744751905977
11001,4.8188406974077225,0.8030989319086075,0.9478001371026039,1.0241514444351196,-0.0020502894185483456,3.488447144627571,-1.3834876730139598,10.864323403233826,0.9650487426098151,0.9981620907783508,0.19230769230769232,13.500052232008713,0.9748023768076182
11003,-7.713254541158676,0.7159446775913239,0.89353908598423,0.9175944328308105,-0.026009410619735718,-7.443857938051224,-4.0908377628707,-7.086789649050656,0.8988381056131992,0.976906418800354,0.23076923076923078,25.79379998720609,0.946058013729324
11004,26.663875579833984,0.6828173398971558,0.7690397650003433,1.255872130393982,0.09308355301618576,24.58128035068512,13.974858561235628,0.8307709595308608,0.7268230823570172,1.0725033283233643,0.6153846153846154,18.207469353309044,0.9375632431767904
12001,-10.993801802396774,0.7013154625892639,0.8503392487764359,0.8921788334846497,-0.05382346361875534,-11.663191765546799,1.2661964067060718,10.704463622200539,0.8590588907849449,0.9499680399894714,0.43478260869565216,28.203798376995586,0.9242649665244409
12002,-8.367817103862762,0.7305790781974792,0.8850440606474876,0.9295631647109985,-0.0242707971483469,-8.509344607591629,1.8727696215515437,3.872797339060139,0.9051126260563139,0.9759333729743958,0.44,24.30963897705078,0.941152201128594
12005,-9.882616996765137,0.6603766977787018,0.832023873925209,0.8649690747261047,-0.050618987530469894,-12.655708193778992,-9.094856543890057,24.18603691725189,0.8308890070442551,0.9440819025039673,0.041666666666666664,25.349736213684082,0.9149215448507796
12006,-16.97685569524765,0.6707688570022583,0.8354623317718506,0.862360954284668,-0.042897701263427734,-15.604722499847412,-3.1168506638769427,-7.695685427173701,0.8334546006060733,0.9570361375808716,0.2916666666666667,26.945547262827557,0.9166515166311618
12007,-18.235233426094055,0.6494534313678741,0.811598002910614,0.8395742774009705,-0.025414176285266876,-16.61975234746933,-11.90111746252344,-2.751457750164614,0.8110549413969372,0.9744333624839783,0.5555555555555556,32.91980248910409,0.9035107791242026
12008,-12.210996448993683,0.7344698905944824,0.8678983002901077,0.9066189527511597,-0.011962571181356907,-11.641605198383331,5.968250150318753,10.77453348963273,0.8830903874103887,0.9818766713142395,0.16666666666666666,26.928577820460003,0.9320339607751729
12009,-9.477908164262772,0.6781622469425201,0.8716974258422852,0.9225519299507141,0.042597196996212006,-9.13420096039772,6.412716670386179,-38.75756316183935,0.8771637066509859,1.0694704055786133,0.19230769230769232,23.816803785470817,0.9346975179789548
13001,-10.513494163751602,0.7459405660629272,0.8936947956681252,0.9312706589698792,-0.025675959885120392,-8.59471932053566,14.21151510089096,-28.024347488451955,0.9068210933143468,0.9680227041244507,0.30434782608695654,26.109571042268172,0.9458147724819154
13004,-20.782138407230377,0.7219161689281464,0.8492703437805176,0.8445926904678345,-0.053453195840120316,-16.72816127538681,-5.246206098652108,6.1331484777737995,0.8192823601147217,0.9439384341239929,0.25,33.27030142148335,0.9267570184849842
13005,-8.33943858742714,0.7666766494512558,0.9078307524323463,0.9519855976104736,-0.016687218099832535,-8.052177727222443,13.216883384050535,8.076376462485873,0.929038805784844,0.9772793054580688,0.38095238095238093,22.71461259751093,0.9529481319483487
13007,-6.429615616798401,0.7475579679012299,0.8841317668557167,0.9550314545631409,-0.015005985274910927,-7.021593302488327,3.3028219737611484,-15.026403866739802,0.9231444466643073,0.981396496295929,0.25,22.36647208531698,0.9405145761571689
13008,-2.672671899199486,0.7473541498184204,0.8965269774198532,0.9818574786186218,-0.023616664111614227,-3.2031580805778503,1.676796272605933,-7.3783255702409445,0.939737538201528,0.9760561585426331,0.43478260869565216,23.251767780469812,0.9477591570109842
14001,-5.28523251414299,0.7854821383953094,0.9191628098487854,0.9897645115852356,-0.021124964579939842,-2.7240756899118423,6.069850367916974,-14.555014914491448,0.9533484546950726,0.97934490442276,0.2857142857142857,18.188344864618212,0.9594417889577955
14002,2.6904912665486336,0.768815353512764,0.906359113752842,1.008384108543396,0.02743745967745781,1.5439615584909916,-0.9235050928189116,8.729382991033972,0.9445266361000997,1.0298141241073608,0.2608695652173913,22.231806879458222,0.953976975001482
14005,0.6766108796000481,0.7676333338022232,0.9061415046453476,0.9991347789764404,0.017929378896951675,1.529205683618784,-4.9753226737356195,24.839254894582563,0.9480549798941298,1.022505283355713,0.14285714285714285,18.77330598377046,0.9531913605468101
15006,-16.46602600812912,0.7857778072357178,0.9221417084336281,0.9205076694488525,-0.013874280266463757,-10.498564690351486,-6.167782356313153,-9.76214312188117,0.9108707958867259,0.9889045357704163,0.6,24.830262477581318,0.96124596688159
15007,-6.730358302593231,0.7994425743818283,0.9406153969466686,0.929155170917511,-0.008833534084260464,-6.628632545471191,-5.3621809838535945,23.073260032816613,0.9230028546399589,0.9925068616867065,0.5238095238095238,20.702372897755016,0.9707865875994248
15010,-13.939179480075836,0.7417677044868469,0.8834622353315353,0.8721152544021606,-0.030577220022678375,-13.25640082359314,0.00019791657618976357,-1.0124744345521,0.8564757797256213,0.968267023563385,0.22727272727272727,23.374199867248535,0.9430991049699786
15011,-24.813653528690338,0.6593561768531799,0.8044880330562592,0.7839954495429993,-0.0606968067586422,-21.645668148994446,-3.6307320490730497,-9.563116565430395,0.7519603199485467,0.9206650257110596,0.2692307692307692,39.543694716233475,0.9074166380148708
15012,-4.507855325937271,0.6951149106025696,0.8782518953084946,0.9280900359153748,-0.049977704882621765,-5.326320230960846,-11.46377298139737,-45.29797435495043,0.8967309055267562,0.9585725665092468,0.6666666666666666,32.27276007334392,0.9385408209211928
15013,-13.229133188724518,0.7321030795574188,0.8624943941831589,0.9031969904899597,0.005606931634247303,-12.277091294527054,1.679405062262224,1.9349385339660314,0.8797647393947615,1.0075186491012573,0.19230769230769232,27.186105801508976,0.9290833929301406
15014,-11.344028264284134,0.6709975600242615,0.8273918926715851,0.9165662527084351,0.02095579355955124,-10.535600036382675,-1.1793390513151176,-11.106906697126886,0.8744916731555231,1.0258642435073853,0.2222222222222222,30.102532250540598,0.9098768019432399
15016,3.488381952047348,0.8138326853513718,0.9601306952536106,0.9916607737541199,0.004797853529453278,1.245683804154396,3.1901670338752894,24.669311532735122,0.9779408783275255,1.0038515329360962,0.35,8.05418610572815,0.9799443811209122
15021,-8.628835529088974,0.7697503715753555,0.9030916541814804,0.9810920357704163,0.013389160856604576,-3.421921655535698,0.8812321516761675,32.602213734985924,0.9458002472483023,1.0129566192626953,0.7058823529411765,24.137104258817786,0.9508855611421702
15023,-10.096107423305511,0.7525970488786697,0.8961636945605278,0.9643591642379761,0.04439758136868477,-9.646277874708176,8.190860039957544,4.182013115328522,0.9146436380895717,1.0574034452438354,0.2916666666666667,22.8779296875,0.9478436598398005
15024,0.1307869446463883,0.7634604275226593,0.8949765861034393,0.9539449214935303,-0.03469887375831604,-2.4230090901255608,-6.740607190432528,11.408416568114085,0.9167231076547475,0.9555855393409729,0.16666666666666666,24.665322303771973,0.9466959079730888
15025,-12.363876402378082,0.704341322183609,0.8369165509939194,0.932704508304596,0.0019786383491009474,-9.195458143949509,1.1826358351771062,-31.395739058650435,0.8915680208168434,1.0021501779556274,0.23076923076923078,29.816503877992982,0.9150047787119214
15030,10.624397546052933,0.779888853430748,0.9219642952084541,1.0917534828186035,0.043954797089099884,10.02744659781456,6.918674636558696,-29.633329616443042,0.8918446142656271,1.0481455326080322,0.391304347826087,14.40685521001401,0.9690017170814879
15039,-17.895835638046265,0.6232633590698242,0.7957506328821182,0.8539270758628845,0.002102103317156434,-15.645641088485718,-6.578578278140528,-34.590367795521345,0.8188552515172235,1.0024805068969727,0.3103448275862069,36.508205019194506,0.8929020643408336
16001,-7.053196430206299,0.7414894700050354,0.910456545650959,0.9579507112503052,0.022017473354935646,-5.858435481786728,-9.651722777622782,13.12140118975198,0.9345577651944678,1.0209459066390991,0.44,22.96408506540152,0.9544389156510367
16003,-5.516993999481201,0.7534933388233185,0.906743012368679,0.9411228895187378,0.0018415231024846435,-5.54945133626461,-9.71731317892069,9.564476724032795,0.9241777220649322,1.0026482343673706,0.07407407407407407,21.888888323748553,0.9522978978725739
16004,-4.406991973519325,0.7757335603237152,0.9353070631623268,0.9577892422676086,-0.011850349605083466,-3.7162136286497116,-6.685597581280874,17.546844791025347,0.9453039813198998,0.9883326292037964,0.391304347826087,21.702104806900024,0.9672314350357675
17001,-16.85013622045517,0.6535928547382355,0.7752604782581329,0.8353963494300842,0.011991598643362522,-14.206217229366302,-2.376125513542643,-21.07928661743647,0.7963683749793842,1.019957423210144,0.30434782608695654,32.497459909190304,0.881791801526269
17003,14.90308940410614,0.6456543803215027,0.8080156743526459,1.1772246360778809,0.05342511460185051,13.98271918296814,29.73588839442346,-45.11910757730108,0.8021485761126523,1.0570011138916016,0.2,25.089523315429684,0.9330112896345191
17004,2.3936958983540535,0.7371728718280792,0.8878091499209404,1.0185164213180542,0.046918097883462906,2.1404391154646873,-4.892367070729164,-14.06631415323329,0.9250577582945828,1.0487459897994995,0.5454545454545454,20.97481380809437,0.9461733317780807
17005,-15.486080944538116,0.7599322199821472,0.8865841627120972,0.8793631792068481,-0.06054788827896118,-12.948127090930939,1.61669523996632,-32.70919265881832,0.8449817198002065,0.9190829396247864,0.20833333333333334,23.789983987808228,0.94587187417565
17015,-5.514216795563698,0.6945905983448029,0.8355003148317337,0.9995343089103699,0.04329338297247887,-2.814623713493347,11.942632483602422,6.682074742341608,0.8976866585923653,1.0620476007461548,0.2916666666666667,21.99473182360331,0.9186495347066163
17018,-18.23735535144806,0.6046036779880524,0.7216348052024841,0.8031474351882935,-0.14369356632232666,-16.67366325855255,1.3907353219658165,63.11960779917419,0.7114442889561068,0.8389691114425659,0.6521739130434783,49.07248953114385,0.8636822864279814
18001,-18.939124047756195,0.7222989499568939,0.845294713973999,0.8519924879074097,-0.059116121381521225,-18.511182069778442,6.5744338561023605,13.32469173996246,0.8176869519496467,0.9253439903259277,0.125,28.200618426005047,0.9241165098778594
18002,-16.12447500228882,0.7261869013309479,0.8758956268429756,0.8753126859664917,-0.041715122759342194,-15.291565656661987,-1.6341083786659927,29.29316754718623,0.8523375374373108,0.9496586918830872,0.19047619047619047,22.417311441330686,0.9389833689371093
18003,-7.10839107632637,0.7927050143480301,0.9391769021749496,0.937778115272522,-0.03561175987124443,-6.312087923288345,1.084832092600582,-14.993513267004744,0.9205595152232713,0.9605311155319214,0.4583333333333333,20.896516243616738,0.9703110316553848
18008,-5.676514282822609,0.8147395253181458,0.925270676612854,0.9510645270347595,-0.003064671065658331,-4.385916888713837,-11.524141937128327,23.3736282309276,0.9379406177911762,0.9966963529586792,0.3333333333333333,17.767280340194702,0.961976687124404
18010,3.159205988049507,0.7864139080047607,0.9308780208230019,0.993137538433075,-0.033806826919317245,0.98493667319417,5.416692723970385,12.463521930268442,0.9479674400528968,0.9613916277885437,0.05,13.752453327178953,0.965799305400723
18014,-0.0001032964860314678,0.6934539973735809,0.8538966774940491,1.0005549192428589,-0.03019018843770027,-1.3009872287511826,16.17554167373972,14.578704996131863,0.9182519009203137,0.9623417854309082,0.09523809523809523,22.621674764724002,0.9274444857833373
18017,,,,,,,,,,,,,
18018,,,,,,,,,,,,,
19001,-0.7173887453973293,0.7600474953651428,0.8902056217193604,1.014337420463562,0.034189920872449875,-1.6229668632149696,3.821994956251034,-21.591551377762322,0.9279407680445105,1.0461599826812744,0.24,20.729202270507812,0.9465563167125383
19006,9.57224890589714,0.6531904339790344,0.857047364115715,1.0615752935409546,0.0006089790258556604,10.385455936193466,-5.85247151060605,33.34196582517268,0.9100662195211584,1.0007013082504272,0.3333333333333333,23.91606569290161,0.934455539797023
19010,-33.28109383583069,0.11228728294372559,0.5126492977142334,0.6310082674026489,-0.4234331250190735,-28.952530026435852,-3.3842342812569988,-44.89793938080368,0.4267897643940449,0.5830327272415161,0.09090909090909091,43.11639612371271,0.8637892481241233
19017,-5.567744746804237,0.6717237532138824,0.8863935172557831,1.0211724042892456,0.06194987893104553,-3.15958634018898,24.11805309492675,-32.657852786176264,0.8812864655900644,1.1038243770599365,0.2608695652173913,24.038412259972613,0.9464730789524763
19020,-15.97071886062622,0.7067438662052155,0.8182985782623291,0.8038796782493591,-0.06907813251018524,-19.13226693868637,1.3229582888741234,-6.162430752446153,0.7576631437302536,0.8866569399833679,0.15789473684210525,29.75109752855803,0.9138761238146181
20002,0.48916107043623924,0.7192602753639221,0.8826499208807945,1.0283782482147217,0.009368466213345528,0.8660269901156425,18.441147843303398,0.5956389866026588,0.9348175972603637,1.0154080390930176,0.35,20.59095859527588,0.9433783346546233
20003,-22.57085144519806,0.7184593081474304,0.8764860332012177,0.8363990783691406,-0.06757882982492447,-20.748406648635864,12.347795485202525,6.576850879108792,0.7993519228496448,0.8977372050285339,0.375,35.29613018035889,0.9448936476412007
20007,-12.126059085130692,0.6852866411209106,0.853881224989891,0.908233106136322,-0.07449917495250702,-10.56426391005516,5.711072002076987,-19.75736029710368,0.8374864577188977,0.8873192071914673,0.47619047619047616,35.20003046308245,0.9272502402244199
2001,-18.47190111875534,0.6867765188217163,0.7994541674852371,0.8167674541473389,-0.09741902351379395,-19.130676984786987,-4.77984018667649,-4.342747963474623,0.7658411963987912,0.8906280398368835,0.24,31.596649169921875,0.9035948457063652
2002,-22.525697946548462,0.6790518760681152,0.8245300203561783,0.7868692278862,-0.03115876391530037,-21.41089290380478,-18.574958356129674,35.99078159058471,0.7681082840075979,0.9597241878509521,0.2962962962962963,34.4932167618363,0.9179823136158368
21003,-2.5630874559283257,0.7859420478343964,0.9129564762115479,0.9800947904586792,-0.00802823156118393,-2.0800186321139336,-2.7304522073428585,-25.992607591373734,0.950914637779565,0.9921190738677979,0.4782608695652174,23.72168665346892,0.9558293488759086
21006,-3.0421601608395576,0.7530836015939713,0.881857767701149,1.0079877376556396,0.032967861741781235,-2.7558671310544014,2.7203656526532276,-0.0044853710777068454,0.9318972920649193,1.034733772277832,0.4166666666666667,24.76823329925537,0.9419677681061008
21008,-10.280685871839523,0.7266554236412048,0.7913304716348648,0.9229157567024231,-0.010274416767060757,-8.553307503461838,-0.571643248846419,-14.667554475903547,0.8652557511005794,0.9871946573257446,0.42857142857142855,20.81709558313543,0.890227256362502
21009,-15.412957966327667,0.7718430161476135,0.8773262277245522,0.9099031090736389,-0.017677588388323784,-11.23708114027977,-2.3183816416667313,28.56022745586195,0.8885905175132297,0.9811972379684448,0.13043478260869565,20.652439283288043,0.9372219849520704
21011,0.13633888447657228,0.6840085685253143,0.8505825698375702,1.0370827913284302,0.07130423188209534,2.7291135862469673,-4.611531384263804,36.06298026763073,0.887493353842346,1.0808221101760864,0.3333333333333333,20.89128295580546,0.9310768651059731
21012,-14.549441635608673,0.7113814353942871,0.7971051186323166,0.8976720571517944,-0.0004650189948733896,-11.877893656492233,-8.58088068050959,15.577268065737949,0.8518149855776895,0.9993725419044495,0.3333333333333333,28.898292779922485,0.8928207253797028
21013,-5.875769630074501,0.7248587012290955,0.8077259957790375,0.9578359723091125,-0.014317086897790432,-6.955713778734207,0.029303751474640188,-8.96629006346036,0.8908658056780662,0.9837138652801514,0.34782608695652173,24.040618150130562,0.9006660734941649
21015,-8.09800997376442,0.7119669914245605,0.7956206202507019,0.9836254715919495,-0.0003723858972080052,-8.861599862575531,0.637863647715146,-0.2529200978533037,0.8949602596715049,0.9995229840278625,0.5,29.782299200693767,0.8962455093817432
21016,5.47310970723629,0.6061469912528992,0.600642591714859,1.1168855428695679,0.13115862011909485,6.26482293009758,-8.959326859415437,39.45095433434465,0.7136842099352256,1.2027344703674316,0.2608695652173913,22.77766466140747,0.8350356522355835
21017,-4.489800333976746,0.663394570350647,0.791101336479187,0.9631094932556152,0.0501021146774292,-4.861551150679588,-6.863494565352357,13.700964619458524,0.8670451529473406,1.070615291595459,0.38095238095238093,29.522180557250977,0.8935595825833681
21018,-9.830109775066376,0.7314199507236481,0.87421615421772,0.9275383353233337,0.023227844387292862,-10.80649346113205,-3.427523645826132,-19.201445507078812,0.8997104047617775,1.0249660015106201,0.43478260869565216,30.63040194304093,0.9353160851996064
21022,-11.78189441561699,0.7157055735588074,0.7771083563566208,0.9694994688034058,0.009474992752075195,-8.114247769117355,3.9815744706465246,-11.176215446261493,0.880692066882193,1.0145199298858643,0.5238095238095238,26.723146438598633,0.8855741631550013
21023,-36.63701415061951,0.6737821698188782,0.5138944685459137,0.6782897710800171,-0.04316907748579979,-33.64468216896057,5.700063590989473,34.691439007466336,0.5587320755789358,0.8884337544441223,0.30434782608695654,41.995662191639774,0.7193349281016752
21024,-15.657198429107666,0.6707183420658112,0.7585516273975372,0.8800767660140991,-0.040208443999290466,-15.053834021091461,10.841438417628204,-37.130294292506825,0.8144347191766175,0.9396095275878906,0.5,28.10507583618164,0.8719145510244589
21026,-17.660778760910034,0.6539942622184753,0.738177090883255,0.8415148258209229,-0.035262275487184525,-16.759704053401947,-2.4445382118481787,12.734445570235934,0.780647140995427,0.9414755702018738,0.48148148148148145,38.99167378743489,0.8600963994898205
21027,-20.63056081533432,0.6984960436820984,0.7145391404628754,0.8742200136184692,-0.03289701044559479,-16.82851016521454,9.754293725343674,27.55115293892191,0.7936043459563888,0.9435552358627319,0.2857142857142857,29.344638188680012,0.8464013358279436
22001,-9.181898832321167,0.7722552865743637,0.8866163641214371,0.9488412141799927,0.00047861269558779895,-8.618039637804031,3.2564950246334288,-1.1057944918244764,0.9223807133979421,1.0007548332214355,0.2727272727272727,28.308716687289152,0.94163080853016
22006,-0.3462226362898946,0.8038807511329651,0.9290541410446167,0.9845629334449768,-0.0031495566945523024,-2.9876142740249634,-11.787397317161599,41.51826516751661,0.9603703836966531,0.9934293031692505,0.2608695652173913,15.37311491758927,0.9640969443127098
22007,-7.095222920179367,0.777494952082634,0.900273397564888,0.9458447098731995,-0.002043885411694646,-7.568982243537903,-11.53677327674382,11.596692667059685,0.925384974215879,0.9959161877632141,0.375,26.531457901000977,0.9488342976041393
22009,-10.705840587615967,0.7444208562374115,0.8841884136199951,0.9735655188560486,0.0018603120697662234,-8.341851830482483,10.313890654534083,-0.5834114395214839,0.9351797510002553,1.002830982208252,0.34782608695652173,21.182037436443828,0.9408825877868835
23001,-15.848563611507416,0.7213493883609772,0.8843770027160645,0.9039255976676941,0.005520619451999664,-12.29701116681099,1.8113724427255669,23.698931204007785,0.8871303899437265,1.006919264793396,0.3333333333333333,24.445611459237558,0.941166490284326
23004,-14.445598423480988,0.7385559678077698,0.8588328957557678,0.9150964617729187,-0.0008969639311544597,-11.548714339733124,-0.6975053108741414,41.63371059034478,0.8878949201479827,0.998699426651001,0.2222222222222222,22.35314051310221,0.92680678560062
23006,-12.455175817012787,0.732538104057312,0.8765897378325462,0.8988831639289856,-0.01683984324336052,-11.38027235865593,-1.6777210453543177,11.166140873429036,0.8787841736076346,0.9770945906639099,0.1935483870967742,24.262156025055916,0.9371986922579011
23007,-16.3663849234581,0.6467538774013519,0.8537813872098923,0.8559507131576538,0.003860308788716793,-10.384094715118408,25.146039414310845,-14.597607512958444,0.8382505925240235,1.006500482559204,0.19047619047619047,28.366637229919434,0.9267168675237033
23008,-16.101764142513275,0.7236583530902863,0.858166441321373,0.8718816041946411,0.00847522635012865,-15.280781686306,-10.100411775305327,-6.564864718675356,0.8524394435299228,1.0138776302337646,0.2916666666666667,29.232990741729736,0.9281167205734524
23011,-3.6113187670707703,0.6675889790058136,0.8432144224643707,0.9590340256690979,0.05617137625813484,-2.21965778619051,-13.625396269445769,-58.22792690794607,0.8793658847869734,1.0812301635742188,0.07692307692307693,21.32406968336839,0.9207785431460939
23016,-13.451296091079712,0.7591197043657303,0.9101410955190659,0.9325046539306641,-0.020347710698843002,-12.596005201339722,-4.087027162342102,33.933703357728916,0.9079544798278659,0.9570468068122864,0.14814814814814814,21.609225766412145,0.9544831982920782
24001,-12.509819865226746,0.7744273245334625,0.9093586206436157,0.922373354434967,0.011046845465898514,-10.95479279756546,-0.01782239257901113,13.455965502009843,0.9083900072928106,1.0163906812667847,0.17391304347826086,23.877548134845235,0.9541978141379398
24003,-17.50888228416443,0.7368820607662201,0.8703426569700241,0.8439499735832214,-0.04466551914811134,-16.914331912994385,8.83836489265772,-31.394437290201754,0.8170484380337888,0.9266964793205261,0.16666666666666666,29.491861661275227,0.9387933244066213
24004,-16.634830832481384,0.7496100962162018,0.8725694268941879,0.9192721843719482,0.007469280622899532,-12.690813839435577,4.820462931778254,-11.099308802977596,0.8953207062414716,1.0109364986419678,0.2916666666666667,31.44765297571818,0.9342644135710207
24005,0.48435237258672714,0.7380384504795074,0.8872238025069237,1.0475080013275146,0.048574212938547134,0.04442801873665303,-16.96008521061371,31.119708077038887,0.8899749457140725,1.084753394126892,0.2727272727272727,25.318531556562945,0.9483728311403982
25001,-10.233579576015472,0.7185662090778351,0.858370840549469,0.9431050419807434,-0.0272081196308136,-8.568672090768814,2.5129846891345515,1.3574978349467535,0.9006350014204129,0.9637981057167053,0.2222222222222222,23.860973782009548,0.9270219927306209
25003,-12.738180160522461,0.5868366956710815,0.7188706398010254,0.8200067281723022,-0.03205996751785278,-15.652887523174286,-30.296388423408153,-423.87345382506476,0.7601103338343735,0.9516566395759583,0.10714285714285714,35.572307450430735,0.848962277782246
25006,-12.344745546579361,0.7256361842155457,0.8705276548862457,0.8835223913192749,-0.005171808879822493,-11.64005845785141,-10.87961028547298,27.504174068157063,0.8660284229063351,0.9910040497779846,0.04,22.769954681396484,0.934422389304072
25012,-8.10852125287056,0.6999595761299133,0.853461891412735,0.8675392866134644,-0.06063840165734291,-10.824663937091827,-8.300481700805701,-38.010966763561406,0.8254495912078752,0.9122183322906494,0.10344827586206896,25.591380020667764,0.9277754651604241
25020,5.163626745343208,0.7036137282848358,0.8282035142183304,1.035757064819336,-0.06698683649301529,-0.9574761614203453,16.121984019584758,-10.51554126551746,0.8585775396686764,0.8891044855117798,0.23809523809523808,26.736329850696382,0.9198505803635264
25021,7.416406273841858,0.7013698816299438,0.8250322043895721,1.0124515295028687,-0.07545378804206848,1.0876048356294632,18.2717997434403,37.09081364524685,0.8503933469687901,0.8765028119087219,0.30434782608695654,30.244329701299254,0.9164802144531757
26003,-29.352855682373047,0.429908812046051,0.6914366781711578,0.837757408618927,-0.42398279905319214,-27.28179097175598,15.187636232601628,-67.94736959726366,0.7137879771928957,0.7722857594490051,0.5,33.71954986027309,0.9388371992827976
26005,-44.33430731296539,0.4987647533416748,0.6847016215324402,0.6930289268493652,-0.24048775434494019,-42.81649589538574,23.100407216675034,9.079155894544998,0.5403772296107178,0.6788261532783508,0.9,44.72115993499756,0.8822323835212537
26008,16.708557307720184,0.5112320780754089,0.7691260725259781,1.0730891227722168,-0.28085219860076904,7.742370665073395,17.30468013597323,3.7015426012116937,0.790671722301859,0.8161333203315735,0.35,33.08246612548828,0.9316673424769234
26009,0.6573071703314781,0.7245171070098877,0.9012500867247581,0.9815201163291931,-0.09260831773281097,-1.24592250213027,9.050376798491572,-51.05698461028282,0.9224923900538844,0.9402355551719666,0.8,13.037088712056477,0.9542382841944319
27001,-26.27253830432892,0.768368199467659,0.870554730296135,0.8407236337661743,-0.04684808850288391,-20.05874365568161,4.83463812138408,12.51755913581682,0.8167776928572346,0.9326938986778259,0.375,30.85370858510335,0.9394084022419336
27002,-12.700732052326202,0.7415816187858582,0.8918089643120766,0.8959769010543823,-0.06995498389005661,-11.864051222801208,-1.631718525405891,20.817813979080263,0.8537450563605098,0.9110816717147827,0.16,22.391624450683594,0.9483934663080051
27003,-7.376816123723984,0.8209144026041031,0.9487702772021294,0.904395341873169,-0.0647461861371994,-10.692090541124344,1.680528480201458,8.267947325746004,0.8818611217150744,0.933836817741394,0.08695652173913043,11.029308775196904,0.9790482167754935
27006,-12.882465124130249,0.7773554027080536,0.91362264752388,0.8928677439689636,-0.044261008501052856,-11.296530812978745,4.475629086642307,22.907362284108565,0.8697643416787202,0.9382296800613403,0.125,20.66031495730082,0.9591535314775776
27007,-13.202616572380066,0.7792876958847046,0.9144623205065727,0.9003202319145203,-0.04811801761388779,-10.244238376617432,-5.483583292870407,25.507913207202527,0.8746490143248349,0.9358103275299072,0.16,16.178110122680664,0.9592998846151188
27009,4.811703786253929,0.8031585961580276,0.9408219009637833,0.98434978723526,-0.05302732437849045,1.9157331436872482,-1.4340650696261732,11.647727520788715,0.9325483605003597,0.9409055113792419,0.34782608695652173,14.587638689124066,0.9714932301679251
27021,-13.714344799518585,0.8057389557361603,0.913263663649559,0.8763776421546936,-0.03231988847255707,-13.555178046226501,-8.424638945378566,-13.710291377700685,0.8645016702038589,0.9617425799369812,0.25,16.123121976852417,0.9598293660937177
27023,-4.978903755545616,0.7531305998563766,0.8231919258832932,0.8553527593612671,-0.02619268372654915,-4.4498201459646225,12.587823640860101,20.054156432704794,0.8216229468707466,0.9483762979507446,0.38095238095238093,24.652485413984817,0.90927766402144
27025,0.3113136859610677,0.7228831350803375,0.8488226234912872,1.0548897981643677,0.049504879862070084,0.05729126278311014,20.00344489787845,1.9551333034018001,0.8917670132458841,1.062700867652893,0.5,17.881212631861366,0.9309341569604339
27026,-9.177210181951523,0.7645087391138077,0.9079059138894081,0.9183019995689392,0.019047429785132408,-8.360670506954193,-14.65942038752092,32.40863543452008,0.9014196109069204,1.02997887134552,0.0,21.412749723954636,0.9536880456884171
27029,-13.60599398612976,0.8036770820617676,0.9127901494503021,0.8766751885414124,-0.03531624749302864,-11.405210196971893,-2.707431717296833,-9.201182950622997,0.8640091785774406,0.9593048095703125,0.4166666666666667,27.38315463066101,0.9596466127099881
27030,-3.9306923747062683,0.8016316145658493,0.8939118757843971,0.9727473258972168,-0.020161950960755348,-5.519402772188187,-7.892130524937619,-6.40381177757604,0.9340617862394268,0.9736243486404419,0.2727272727272727,20.361332459883254,0.9460605450199803
27032,-13.227438926696777,0.6949387490749359,0.8558044880628586,0.8510047793388367,-0.042752765119075775,-14.021781086921692,-14.570840838832755,7.129251838047626,0.8256406948005676,0.9432839155197144,0.125,24.210419257481895,0.9293963365611586
27034,-8.814621716737747,0.7686644643545151,0.8950561881065369,0.9198290705680847,-0.029502637684345245,-8.138024806976318,-4.001996636222957,33.29971399525952,0.8952943422637459,0.9585441946983337,0.28,22.05031394958496,0.9469216330055757
27035,-5.446329340338707,0.7990397214889526,0.9073361828923225,0.8985978364944458,-0.053957026451826096,-7.496196031570435,-0.5247346363568727,-13.436509834968113,0.8666698050842068,0.925574004650116,0.48,17.709487915039062,0.9557810749920883
27038,-37.01086640357971,0.1947188377380371,0.19385236501693726,0.591571569442749,-0.37211164832115173,-43.26289892196655,-5.502596049326985,-22.811601152685483,0.3828540132885956,0.8133387565612793,0.2727272727272727,32.17083324085582,0.5766644755935968
27041,3.261345997452736,0.7702903598546982,0.9249729588627815,0.9615879058837891,-0.11068180948495865,-0.011510204058140516,3.39710619278966,-21.672555376224235,0.901011553250896,0.9145177602767944,0.64,20.05508804321289,0.9681250834148234
27042,-5.036483705043793,0.7675151824951172,0.8858112096786499,0.9235678911209106,-0.03433399274945259,-1.9779186695814133,-6.043371297711364,-17.74596318593174,0.8983611696268577,0.9664972424507141,0.16666666666666666,24.759656190872192,0.9419814701279912
27043,-5.143629759550095,0.7677792012691498,0.8953902646899223,0.9435034990310669,-0.03369806334376335,-5.484079942107201,2.3255034682261146,-7.191428292497229,0.9101443752707942,0.954635500907898,0.2222222222222222,22.705394250375253,0.9468564124671106
27047,-4.275218769907951,0.7349134981632233,0.9047117233276367,0.9587140083312988,0.03993680328130722,-3.114662505686283,-21.268085850010394,-420.15384840437406,0.9083532051453642,1.066279649734497,0.07407407407407407,16.74594349331326,0.9520249030211297
27049,-27.33759582042694,0.7457219958305359,0.8418765217065811,0.7927864789962769,-0.08448021858930588,-21.994194388389587,-2.9361560312346175,-48.757375413751994,0.7664998735235871,0.9166867136955261,0.48,35.440921783447266,0.9318548453454744
27051,-3.0223023146390915,0.7428969740867615,0.8794032856822014,0.9516453742980957,0.00389974657446146,-2.5306714698672295,-6.573259160598645,-3.031113528358033,0.9209406775772955,1.00725257396698,0.25,23.926649490992226,0.9378742661530717
27062,-4.618522897362709,0.7769884020090103,0.9313002601265907,0.92811119556427,-0.07924456149339676,-5.8229196816682816,1.6027712350977639,23.203480971791237,0.8751964331891008,0.9027548432350159,0.2631578947368421,13.571302890777586,0.9691566932499509
27064,-1.7266960814595222,0.7063977420330048,0.8859974592924118,1.013563632965088,0.013726199977099895,0.08618804858997464,13.58122646834784,-11.688648825646915,0.9381697042592272,1.0222907066345215,0.2727272727272727,25.045735185796563,0.9439452256278422
27065,-13.569976389408112,0.8175719231367111,0.9107441082596779,0.8907772302627563,-0.03182361274957657,-10.973180830478668,-1.55187959448867,-18.907699378977927,0.8760917666250265,0.9601406455039978,0.391304347826087,25.355666616688605,0.9571646322743231
27071,5.0309158861637115,0.7581904381513596,0.8929755538702011,0.9343392252922058,-0.08774254471063614,-0.018662301590666175,-5.923709363862405,0.8988590377056429,0.8707516272390992,0.9009620547294617,0.3076923076923077,17.06516742706299,0.9491542536419915
27073,68.63676309585571,0.6400777697563171,0.4293811321258545,1.2398792505264282,-0.0665607824921608,37.681710720062256,-6.101353915765767,38.574364583735594,0.6818216204202747,0.9597324132919312,1.8125,21.581372618675232,0.7948806497193232
27077,24.528074264526367,0.6745683550834656,0.7611524760723114,1.281864047050476,0.1390828639268875,23.91161173582077,5.898872193355996,7.221111404334319,0.6646845509078808,1.1732186079025269,0.2,26.73372268676758,0.9453701248721248
27079,-16.143839061260223,0.7584421336650848,0.9118076339364052,0.8616079688072205,-0.1006912812590599,-14.151504635810852,-2.47808298660831,-5.126326966713306,0.8238604199193742,0.8965376615524292,0.2,22.770956584385463,0.9658189833931721
27080,-0.1593027263879776,0.8138033598661423,0.935577467083931,0.9421923756599426,-0.05472264811396599,-2.160062827169895,-5.265821911611233,-17.106120951751578,0.9143987002456878,0.9449030160903931,0.24,11.766457557678223,0.9691749541468154
27084,-1.3280095532536507,0.7607788443565369,0.8767548426985741,0.97404545545578,0.007439862936735153,-3.2982129603624344,-4.335138267016103,14.315011695441171,0.9309530488918722,1.0117746591567993,0.2608695652173913,21.318817138671875,0.9371096153885867
27087,8.918463438749313,0.5948085486888885,0.7903008311986923,0.9416534900665283,-0.23357555270195007,5.202389135956764,-0.7806322138767086,-21.096557621283715,0.8340575253439888,0.8671801090240479,0.7619047619047619,29.808484940301806,0.9194303640651119
27089,-2.4150438606739044,0.7627665400505066,0.9124937579035759,0.96188884973526,-0.027667686343193054,-3.695131838321686,-0.9020417261247891,29.241705263520018,0.932361658181206,0.9659852385520935,0.08333333333333333,18.373827139536537,0.9556662486006829
27090,-11.014196276664734,0.7282648682594299,0.8740090429782867,0.922332227230072,-0.017170097678899765,-9.939876943826675,5.317793804553697,41.28825323789525,0.8958053460934771,0.9751787781715393,0.4444444444444444,26.061473069367587,0.9351297454714315
28001,-30.868229269981384,0.5618220567703247,0.7028938233852386,0.7358672022819519,-0.051302265375852585,-29.89831566810608,-0.8212880923964536,-137.64327232379435,0.6840085174777983,0.9177045822143555,0.45,49.94053840637207,0.8473174980303841
28003,-19.19340193271637,0.6138276159763336,0.8415914922952652,0.842797040939331,0.045527245849370956,-17.82234162092209,-1.3865292525198394,-55.24885756724601,0.8180989887623148,1.0477244853973389,0.19230769230769232,24.62814954610971,0.9219129905463059
28008,-5.997423082590103,0.7770196497440338,0.9111065492033958,0.9649215340614319,-0.040747225284576416,-5.8862365782260895,0.006922376782776797,-20.406593484467752,0.9322237645692062,0.9628904461860657,0.375,19.80807383855184,0.9554354363614114
28009,-11.279996484518051,0.8453889936208725,0.9547239951789379,0.9196696877479553,-0.04998581483960152,-8.137238025665283,-2.2689830473116834,-11.572699938220913,0.9067066087093322,0.9568642973899841,0.4,10.836591720581055,0.9802513556834163
28012,24.595312774181366,0.6097377836704254,0.7340783476829529,1.126407265663147,0.030160732567310333,21.559904515743256,-10.691065017666226,25.474540396121913,0.8305797338061109,1.0224645137786865,0.6111111111111112,20.184451655337686,0.889456907020556
28015,21.84089720249176,0.35217368602752686,0.6470148265361786,1.2300962209701538,0.3894520103931427,23.06794971227646,1.1831160570402925,30.72600333171514,0.6553464171413721,1.2494089603424072,0.20833333333333334,16.74987475077311,0.9396925230716561
28018,11.385582387447357,0.7745296806097031,0.910516582429409,1.0979058742523193,-0.028551649302244186,7.694453001022339,16.05794559017252,-33.82878168463381,0.8923841377957509,0.9735705256462097,0.13043478260869565,15.794827627099078,0.9639847744664107
28022,-10.9994538128376,0.8333751112222672,0.9429920837283134,0.9360229969024658,-0.04438810423016548,-8.213412016630173,3.6203726693965694,1.8849071381034601,0.9208629740057174,0.9621972441673279,0.5833333333333334,11.778939763704937,0.9727867016087127
28023,-12.649409472942352,0.7591348886489868,0.9338485971093178,0.8693128228187561,-0.13015437126159668,-11.780715733766556,-3.389249404321522,-9.215174830586816,0.8387574342301591,0.9073799848556519,0.42857142857142855,17.830371856689453,0.9815186707431431
28024,9.982483088970184,0.7864746302366257,0.8983667865395546,0.9385057687759399,-0.052089449018239975,0.4769028164446354,0.059578533383401994,2.6329337506891974,0.886534352909255,0.9192297458648682,0.17391304347826086,21.949523428212043,0.9493139206208494
28026,-1.1639950796961784,0.7808368653059006,0.9180504307150841,1.007710337638855,-0.0033116661943495274,0.6527140736579895,2.791850853844709,-11.755618314455514,0.9584235580501016,0.9956811666488647,0.22727272727272727,20.781666582280938,0.9593736674410149
28031,-3.4371912479400635,0.7465553879737854,0.8818804696202278,0.9919683933258057,-0.006620710715651512,-3.8696162402629852,4.276576715162953,-10.721394173456996,0.9395253648457249,0.9926238656044006,0.34782608695652173,20.9459346273671,0.9405166625629346
28033,-20.67103683948517,0.6980598270893097,0.8285994678735733,0.8279387354850769,-0.09845788776874542,-20.66275179386139,1.2186552055517548,6.383457579902845,0.7830712206134389,0.8946976065635681,0.21739130434782608,23.292840045431387,0.9202226691582887
28039,-18.99283081293106,0.6659356653690338,0.8646999895572662,0.8474493622779846,0.05664847791194916,-15.677303075790405,-3.103663509967074,3.107181744050262,0.8075943039240191,1.09811270236969,0.038461538461538464,26.389210040752705,0.9357960091053071
28040,-15.253038704395294,0.7337293326854706,0.8552723377943039,0.8856236934661865,-0.03112267330288887,-14.160013198852539,11.020071608587488,-46.295750598560545,0.856635853551952,0.954963207244873,0.34615384615384615,25.899703686053936,0.9262231317499026
28043,-24.45404678583145,0.7460305094718933,0.8799718543887138,0.7958179712295532,-0.060491837561130524,-22.81428724527359,-2.618166465309126,18.45179914679292,0.7778907758334648,0.9262383580207825,0.22727272727272727,32.66909122467041,0.9530806355587121
28044,-3.349754586815834,0.5090916752815247,0.7921547442674637,1.0388199090957642,0.033432360738515854,-3.9039667695760727,10.437959766929517,-6.256982248237305,0.8931780629858705,1.0121359825134277,0.5238095238095238,18.951425098237536,0.901224199250621
28046,-7.569537311792374,0.794100895524025,0.9288788214325905,0.9225694537162781,-0.054956819862127304,-8.456037193536758,-3.6420006724227827,-23.371973566315106,0.9077198844420069,0.9627547860145569,0.3181818181818182,17.771939797834914,0.9663410596604778
28048,-16.386215388774872,0.7224637866020203,0.8388579338788986,0.8988165259361267,-0.034820448607206345,-13.422085344791412,5.523770510404836,21.856237781672228,0.8589098231228433,0.9477103352546692,0.22727272727272727,29.693271897055883,0.9167285550238633
28050,15.244174003601074,0.6353623569011688,0.6096982657909393,1.1430928707122803,-0.026790259405970573,9.196985512971878,4.16120021417388,17.47578607693712,0.7831048593980261,0.9776102304458618,0.375,24.93856350580851,0.8385483645564987
28052,-12.809410691261292,0.677726536989212,0.7995591461658478,0.8437569737434387,-0.10985961556434631,-17.155911028385162,9.814480223998906,-8.124657060498361,0.7851506522877905,0.8890577554702759,0.375,25.604716936747234,0.9028394249849235
28055,-10.592695325613022,0.7955111861228943,0.9012123718857765,0.9278894066810608,-0.0018107322975993156,-8.482281118631363,-1.5494193099031384,-18.925225965333436,0.9119732483762134,0.9976078271865845,0.30434782608695654,26.528737855994184,0.9495713489982417
28056,4.7365982085466385,0.7326599359512329,0.8830757960677147,1.034613847732544,0.0692741870880127,5.580931529402733,-16.51078047041533,-4.521531331449821,0.8827896367956858,1.0983175039291382,0.13636363636363635,18.978975035927512,0.9463919855918967
28060,-34.434568881988525,0.5523092150688171,0.6625145971775055,0.6927420496940613,-0.1930755078792572,-30.62371015548706,0.029068580055420262,6.761714400788529,0.5991376868062617,0.7897168397903442,0.2857142857142857,45.94471341087705,0.8514599762856211
28066,5.843666195869446,0.5875414609909058,0.813736230134964,1.0913914442062378,0.16328443586826324,8.072184771299362,-2.9159620176735985,32.33388151904721,0.7437683962652923,1.2291306257247925,0.2222222222222222,18.93281406826443,0.9307079006428332
28067,-22.459784150123596,0.8121123313903809,0.930952750146389,0.8505968451499939,-0.038153134286403656,-17.639869451522827,-0.33590292327464083,12.071548205542882,0.8432895717240162,0.9609012007713318,0.17391304347826086,25.256092652030617,0.9733891084293733
28072,-19.069507718086243,0.6798952221870422,0.7972042411565781,0.8226110339164734,-0.07521512359380722,-16.6418194770813,19.256548471298967,-30.17165212608912,0.7794794865155488,0.9162011742591858,0.36363636363636365,27.23963910883123,0.8993013983030343
28074,-4.367676004767418,0.802611455321312,0.9375070929527283,0.9447970390319824,-0.021269427612423897,-2.835260331630707,-4.377485684375845,2.2600007586626107,0.9326212709522442,0.977243959903717,0.34782608695652173,16.632258373758066,0.9687799925113593
28080,-6.4391061663627625,0.7225393652915955,0.860623762011528,0.960347056388855,0.03609403222799301,-3.313722088932991,-1.1029650826402126,-21.19730342580131,0.9144523197100894,1.026368498802185,0.14285714285714285,16.291114262172155,0.9289313575697743
28081,-13.659574091434479,0.5058989524841309,0.828762024641037,0.8673979640007019,0.1605483591556549,-10.333532094955444,-17.925851992424604,43.41778305036234,0.7828401037276616,1.1553748846054077,0.09523809523809523,21.75325697118586,0.9262859183621619
28082,-5.316472053527832,0.7853601276874542,0.9170606732368469,0.9624397158622742,0.011089518666267395,-3.7853628396987915,-6.297282465480854,28.31327853467905,0.9414570115149301,1.015098214149475,0.09090909090909091,19.148904627019707,0.9577087422065397
28085,-9.284718334674835,0.8217469304800034,0.9487139992415905,0.9156320691108704,-0.054476626217365265,-8.576897531747818,-0.451248558582757,-9.842557746927245,0.8984252996380778,0.9481030106544495,0.13043478260869565,19.45026024528172,0.9775016781077093
28091,-13.586047291755676,0.6373147070407867,0.8577177673578262,0.9294113516807556,-0.0895870253443718,-7.765471190214157,22.396812583701156,-32.78220826500818,0.8753316650841648,0.9243508577346802,0.32,23.11402702331543,0.9304540171277285
28093,-8.885062485933304,0.8084738850593567,0.9403364472091198,0.9007839560508728,-0.032336536794900894,-7.23239928483963,-12.012866103987164,-7.324758093092007,0.8905884072665358,0.9626621007919312,0.2608695652173913,19.21294046484906,0.9729268670027572
28115,3.8549434393644333,0.6428943574428558,0.8668402582406998,1.00224769115448,-0.12072346359491348,-0.35142856650054455,-6.1103895590970385,5.5803412363922344,0.9168564606964834,0.9416201114654541,0.037037037037037035,12.576379599394622,0.9408427128150431
28116,-0.47951298765838146,0.5219638049602509,0.7940622419118881,0.9842431545257568,0.05837612226605415,0.4991745110601187,-3.811545866071226,12.22715191235977,0.8901098880456089,1.0356080532073975,0.38461538461538464,22.802459276639496,0.8972399636394158
28117,-5.097822472453117,0.8006732910871506,0.9489499814808369,0.9707028269767761,-0.0501243881881237,-4.213567823171616,11.16557899299993,-10.563770008416599,0.9405233531380028,0.9544368982315063,0.15,17.09693431854248,0.9754408686630026
29002,5.079835653305054,0.6680828034877777,0.8443503975868225,1.000227928161621,-0.11903119832277298,3.276466205716133,-2.656363721243416,-81.36511610145443,0.9055825952613286,0.9374488592147827,0.5454545454545454,23.162182517673656,0.9292755406326273
29003,-18.31984668970108,0.6373841762542725,0.8333664983510971,0.8484817147254944,-0.18139566481113434,-17.99488067626953,1.2856200318571531,-51.47335170076774,0.7945043604638677,0.877485990524292,0.47058823529411764,36.18294771979837,0.9347237824470226
29005,-38.617077469825745,0.6583924293518066,0.7034272849559784,0.6843461990356445,-0.11362644284963608,-37.210288643836975,-0.6659265082602881,6.015325114153965,0.6009358771407762,0.7961929440498352,0.29411764705882354,52.668327755398224,0.8655472721173606
29009,-9.511993080377579,0.742058128118515,0.8753718584775925,0.8636999130249023,-0.07987933605909348,-8.723241090774536,0.7790024479276778,3.9931133567818846,0.8082465149139609,0.8780882358551025,0.25,28.129429817199707,0.9423007184074056
30001,-13.407383859157562,0.6711568236351013,0.8621834963560104,0.8617448806762695,-0.17836113274097443,-14.312680065631866,8.640015720000017,7.707780656694374,0.7754334902172498,0.8303710222244263,0.13636363636363635,24.798457518867824,0.9495852283988019
30004,-9.991907328367233,0.7016030251979828,0.8203255236148834,0.9407170414924622,-0.06158261373639107,-7.397429645061493,3.7200956018922344,18.58827889831001,0.8738646728601692,0.9367359280586243,0.6,32.31219878563515,0.9083849969455761
30005,-1.833547092974186,0.5466498136520386,0.7492543756961823,0.8792763352394104,-0.27517905831336975,-5.38427010178566,10.779419540955283,-59.369829998925674,0.7302742309475272,0.7767214775085449,0.25,29.71698999404907,0.9087613642596873
30011,-4.126548767089844,0.7264056503772736,0.9004137888550758,0.9436110854148865,-0.014821943826973438,-3.9996586740016937,-1.8853316938382836,-1.2887797840315736,0.9227124352490566,0.986000657081604,0.5454545454545454,23.68945425206965,0.9490325949758358
30012,27.443894743919373,0.6361412405967712,0.6743052899837494,1.2230045795440674,0.11782939732074738,25.02603530883789,-17.272860198505104,-5.098458231470846,0.6874911466770787,1.190920114517212,0.5,33.09195609319778,0.8928540678312257
30014,-9.112229198217392,0.6489207446575165,0.7456200122833252,0.9333388209342957,-0.04673515632748604,-6.810151785612106,8.814716742183101,0.43112597947242454,0.8291124468502657,0.9154819250106812,0.22727272727272727,35.115764452063516,0.867276460161834
30015,-9.968698769807816,0.726573646068573,0.8427507132291794,0.8866377472877502,-0.11803809553384781,-12.229275703430176,5.684808442064334,-866.5770973810725,0.8401839593355356,0.9146936535835266,0.35294117647058826,31.319281634162454,0.9264269493989652
3003,-5.646159127354622,0.7250175178050995,0.8803007155656815,0.9105321168899536,-0.01899588480591774,-7.079371809959412,-16.207892772400548,32.79967821066569,0.888628177673672,0.9742807745933533,0.1,22.448803583780926,0.9388632504578764
31002,-0.4009250085800886,0.7782367616891861,0.9124303534626961,0.9821748733520508,-0.025551781058311462,-1.5415539033710957,-13.573485981692457,1.9296516284707526,0.9376979546643053,0.9597471356391907,0.1875,21.83639109134674,0.9559146665687349
31006,-6.60303607583046,0.6227644681930542,0.8634781539440155,0.9346903562545776,0.09446310997009277,-4.796085506677628,-7.494932866262172,22.68090450988097,0.8915221792468767,1.0561188459396362,0.6923076923076923,16.274213790893555,0.9340245260752442
31010,-1.4732852578163147,0.7638518959283829,0.8989604637026787,1.0249940156936646,-0.011291381902992725,1.2029817327857018,12.48251318361218,-72.63911063367891,0.9430519840503362,0.9849960803985596,0.2727272727272727,20.22463625127619,0.9510790627982095
31021,-2.2804109379649162,0.780358076095581,0.874860480427742,0.9057859182357788,-0.021705763414502144,-8.255690336227417,-9.89339273163968,-14.708640025549883,0.8801834887320135,0.9626611471176147,0.21052631578947367,32.49717260661878,0.936081980356211
31023,-6.241986900568008,0.5497506260871887,0.761475220322609,0.9273864030838013,0.055764347314834595,-5.578044429421425,-74.59168334226179,-301.4790958816605,0.7725549544630569,1.1762452125549316,0.20833333333333334,37.25116650263469,0.8759188195830613
31025,-2.77769323438406,0.7232605814933777,0.8550732135772705,0.9904034733772278,0.03182479739189148,-1.393251959234476,-16.821211283303597,-884.8202456559767,0.8992315230085702,1.0692120790481567,0.2857142857142857,31.840015593029204,0.9273922817754032
32003,-5.347606539726257,0.7248339354991913,0.8846986517310143,0.9624898433685303,-0.03538632020354271,-0.7198360748589039,8.858180718611765,-37.72747553031212,0.8980431939215273,0.9254074096679688,0.3333333333333333,25.141649776034885,0.9414839857580538
32004,-6.324741244316101,0.753642126917839,0.8614127784967422,0.8824782967567444,-0.026209542527794838,-10.219328850507736,-12.964649268160386,91.51149328007848,0.85835054716194,0.9638042449951172,0.3684210526315789,27.75472088863975,0.9296929301154397
32006,9.610596299171448,0.7722356617450714,0.8058815747499466,1.0436490774154663,-0.04965221881866455,3.5036616027355194,3.821626045760742,-10.007492476860595,0.8837735034773336,0.942211925983429,0.2727272727272727,22.760047083315644,0.90909403190017
32008,-8.657976984977722,0.7325421273708344,0.8626609593629837,0.9354479908943176,-0.08036796003580093,-9.45512130856514,4.453616242939785,-2.5196843274044665,0.8588975130277265,0.8943790197372437,0.23809523809523808,26.936242693946475,0.9322714352838115
33006,-7.1815624833106995,0.7091171145439148,0.8725186139345169,0.8521847724914551,-0.10910283029079437,-9.835632145404816,-13.557383902711678,0.3082048443227779,0.8267445879215597,0.9282793402671814,0.7368421052631579,27.084636688232422,0.9450068795342861
33007,-8.113912492990494,0.7040757834911346,0.8816167712211609,0.9412184953689575,-0.055807240307331085,-6.837021559476852,-12.366390595659446,30.096300706720296,0.9118741057976003,0.972022294998169,0.5294117647058824,23.548280491548425,0.9406017174902019
33012,11.796077340841293,0.7557071596384048,0.8420351296663284,1.0798171758651733,0.03177683427929878,4.94561605155468,-13.807450473894978,23.458013000607064,0.8707986703876306,1.0738943815231323,0.16666666666666666,31.71701166364882,0.9302732304647213
33013,-3.231488913297653,0.662128746509552,0.8530192971229553,0.9056508541107178,-0.16511400043964386,-7.840003073215485,-1.4501476696108917,11.317590984238755,0.7990038398895428,0.8334027528762817,0.85,25.485808849334717,0.9388195104636272
33014,-8.13218429684639,0.6791530549526215,0.8918772265315056,0.9182327389717102,-0.07306044548749924,-8.438043296337128,1.8289137910459763,25.61271799467412,0.8886413953324502,0.945441722869873,0.09090909090909091,16.045640815388072,0.9476717260553397
33018,-12.01261579990387,0.7363465428352356,0.8234222680330276,0.9441171288490295,-0.06173188239336014,-10.991981625556946,8.21166776844603,-48.29079924676006,0.8633219744701561,0.9134767055511475,0.36363636363636365,29.772177609530363,0.9101573214314163
33019,-4.373614862561226,0.7422115504741669,0.9199686795473099,0.9331945776939392,-0.11678382009267807,-4.326564446091652,-4.683597384328861,7.30764257640443,0.8862962558137112,0.9141830205917358,1.0555555555555556,16.637841860453285,0.9668183328066319
33020,-45.44452726840973,0.7119317948818207,0.6540991067886353,0.6102781295776367,-0.059247713536024094,-41.966211795806885,-9.985363164657567,-2.15865987576329,0.5438878994300467,0.8216930627822876,0.0625,47.26282060146332,0.8439174957246373
33021,-8.0134317278862,0.7060185074806213,0.8869823142886162,0.9389564990997314,0.03245341405272484,-7.8616902232170105,-6.890301564457969,2.345294336820881,0.908166189398525,1.0372164249420166,0.2,21.80524190266927,0.942362534042849
33022,4.454276338219643,0.7146232426166534,0.9096457585692406,1.045041561126709,0.10661830008029938,4.136911034584045,-11.128647134065808,8.833252237465368,0.8877089539213592,1.096045732498169,0.23809523809523808,16.78750401451474,0.9631794341489086
33023,0.7295651827007532,0.6493357121944427,0.8483763635158539,0.9686129093170166,0.037841618061065674,-2.234523743391037,-14.037580981038076,-781.2261599385889,0.9041086203505544,1.0477265119552612,0.058823529411764705,21.682469985064337,0.9229793061176634
33024,5.587785691022873,0.6484836935997009,0.8536795824766159,1.0227465629577637,0.1057368814945221,3.2239675521850586,-15.358637597842417,-25.2151153529229,0.8720841733232629,1.107301115989685,0.3125,16.318412125110626,0.9341856923202128
33026,-0.598184997215867,0.7951903492212296,0.9326078221201897,1.0189331769943237,0.01475812029093504,2.177450992166996,-1.1639244489752716,16.098468747829344,0.9576228526563266,1.0190356969833374,0.7058823529411765,17.23165644539727,0.9672128124681673
33028,-9.25760269165039,0.7027513682842255,0.7939738184213638,0.8611510992050171,-0.06653445959091187,-7.821605354547501,0.24154499848961364,-10.037013073550124,0.8173510005187126,0.9463751912117004,0.17391304347826086,23.740950874660328,0.8941415112427981
33029,-6.607767939567566,0.7307765185832977,0.9023932740092278,0.9572502374649048,-0.09662206470966339,-7.121825218200684,15.718229263847268,-26.367590821822134,0.9044611930972649,0.9274643063545227,0.47368421052631576,30.228145498978463,0.9548480944481793
33031,-39.80543911457062,0.6737476587295532,0.7120216190814972,0.6579166650772095,-0.08794726431369781,-37.26682662963867,22.63496966842391,-112.67039867769377,0.5811950584721174,0.792661190032959,0.047619047619047616,43.02951721918015,0.8759548916815888
33032,-7.887768000364304,0.5617161393165588,0.8012260496616364,0.9343581199645996,-0.16560597717761993,-8.783529698848724,7.358901125186641,16.921085331586024,0.8576103241861082,0.9106923937797546,1.5,23.341047763824463,0.9106125577331305
33033,5.7716090232133865,0.5652601718902588,0.8070376515388489,1.0234475135803223,0.11348287016153336,4.78963777422905,-8.911154920419188,-25.25729759758559,0.8867260187578825,1.0677353143692017,0.391304347826087,23.14836667931598,0.9122894754282839
33034,-11.840678006410599,0.6852965354919434,0.851999506354332,0.822665810585022,-0.11613768339157104,-14.87848162651062,-10.089863196143307,-2.802617236954779,0.79147855755916,0.9099450707435608,0.7777777777777778,17.90979438357883,0.9373590633949412
33035,12.784180045127869,0.6316501498222351,0.8123622685670853,1.0295741558074951,-0.04786716774106026,6.226671114563942,-4.429908021888129,88.24146561741313,0.8982436437251713,0.9618688225746155,0.875,31.208860874176025,0.9104135129678715
33039,-1.9797338172793388,0.8151781409978867,0.9383433163166046,1.0075839757919312,-0.03545825928449631,0.835603941231966,7.7159636265500655,-0.9648736583645364,0.9481298575654147,0.9583303332328796,0.5263157894736842,17.308594051160313,0.9700561549080831
33053,-5.881141126155853,0.6673528552055359,0.872620701789856,0.9270837903022766,0.012856893241405487,-6.84799924492836,-21.734000673393712,85.74244710504634,0.8996919805099091,1.0205639600753784,0.2222222222222222,24.31124637001439,0.934257710084297
33054,-7.876136898994446,0.4182310104370117,0.6867027282714844,0.9088490605354309,-0.42521417140960693,-10.21759957075119,7.9675780982956095,-59.31315526785623,0.7998677621006992,0.8354489207267761,0.38461538461538464,17.357391577500564,0.9316819116827323
33058,-26.428192853927612,0.7287637889385223,0.8558194637298584,0.8311283588409424,-0.06224823370575905,-23.319748044013977,12.123864139230758,-18.0658237886156,0.798208078461815,0.9123662114143372,0.16666666666666666,32.10776117112901,0.9327492192726148
34002,-2.327479235827923,0.6746893525123596,0.866679236292839,0.8879585266113281,-0.17557170987129211,-7.486467063426971,-17.179157392605696,14.897081642974758,0.7761046689145696,0.8128880858421326,0.14285714285714285,24.309403555733816,0.9493545747087769
34003,-1.3579154387116432,0.5920214056968689,0.835062563419342,0.9833158850669861,-0.17235739529132843,-4.164610058069229,1.8396445061962978,-7.659048465516776,0.893494320100936,0.9202737212181091,0.4583333333333333,19.795183340708412,0.9313791530855522
34004,41.02054536342621,0.4327728748321533,0.49167704582214355,1.279242992401123,0.030642449855804443,32.81792104244232,16.389694408557546,24.883689952598033,0.6737826570977115,1.0164929628372192,1.1428571428571428,24.92877869378953,0.8321635075975854
34005,3.8396891206502914,0.38511866331100464,0.6886268556118011,1.0605791807174683,0.16664163768291473,5.829731374979019,-9.344993155242177,12.296475849413579,0.7757799357770407,1.17084538936615,0.36363636363636365,33.45779505642978,0.8680278324945864
34006,-10.729355365037918,0.7697939723730087,0.8725256770849228,0.8298429250717163,-0.07644062489271164,-12.627950310707092,-10.134849654828464,11.564891047418453,0.7840878006840547,0.8793911933898926,0.3333333333333333,28.34249678112212,0.9441594821533267
34007,-9.651628881692886,0.7178628742694855,0.8962141051888466,0.9131133556365967,-0.09477381408214569,-11.20792031288147,-3.3528879945949206,-214.99213140906988,0.805904344050931,0.8331436514854431,0.15,29.51932430267334,0.9522214101301057
34008,-13.36599886417389,0.11541086435317993,0.4084065556526184,0.8143894076347351,-0.5819949507713318,-17.699000239372253,-1.9798980520426703,44.423566942629975,0.6954809920936418,0.7992590665817261,0.14814814814814814,29.936299500642,0.8658970103672247
34010,17.50131845474243,0.7198712527751923,0.8101822137832642,1.017850637435913,-0.06125790253281593,7.579764723777771,-7.260600949769581,-0.5561265708357411,0.8695690823976668,0.9085231423377991,0.3125,27.320594787597656,0.9087554740164232
34011,-7.835091650485992,0.6840149760246277,0.86274753510952,0.9006756544113159,-0.06474188715219498,-8.649463206529617,-15.337444760112188,-3.489677605112561,0.8723638682753591,0.9581864476203918,0.47619047619047616,18.600000653948104,0.9316093330021755
34012,-16.569240391254425,0.48114508390426636,0.7377048134803772,0.9086883068084717,-0.23234358429908752,-14.63063359260559,6.330205588030985,-20.716327139282246,0.8217153990130526,0.8935105204582214,0.75,27.05228328704834,0.8899656218153054
35003,-30.829167366027832,0.6621735990047455,0.6892727315425873,0.7289608716964722,-0.09695280343294144,-26.477089524269104,-2.7474095471812,-1028.3955685241076,0.6292359372196497,0.8010633587837219,0.42857142857142855,47.58457930191703,0.8437054256877698
35008,-9.082161635160446,0.7251668274402618,0.8592977523803711,0.9082120656967163,-0.07612394541501999,-8.999034017324448,-4.1279067093210395,-56.4131421163262,0.8185891263831864,0.8598708510398865,0.2727272727272727,31.329681562340777,0.9303673798104226
36003,-13.824072480201721,0.6545987725257874,0.8681303709745407,0.8705500960350037,-0.0889154002070427,-10.818533599376678,-5.495907340656191,21.30953755913289,0.8074910955362342,0.8715046644210815,0.3888888888888889,30.09847535027398,0.9384260656141443
36006,-0.7325936108827591,0.7215823829174042,0.9128053709864616,0.9165570735931396,0.013333510607481003,-3.42133566737175,-14.227151800332768,59.03220192252518,0.904252948515043,1.0172513723373413,0.4090909090909091,23.385914889248934,0.9563288876578497
36009,-18.870432674884796,0.7339472770690918,0.8289508670568466,0.8299494981765747,-0.03672195225954056,-15.59227705001831,-13.031457219910521,-9.208042485752248,0.7928408766666015,0.9175122380256653,0.35,31.478052139282227,0.9151855063427901
36010,-15.231725573539734,0.6940503120422363,0.8392918258905411,0.8757060170173645,0.02301330305635929,-8.215953409671783,-28.525977786342395,-5.341943936175129,0.8366619564597968,1.0663447380065918,0.23529411764705882,36.70385943518745,0.9173640635032777
36011,-16.017723083496094,0.6743524968624115,0.8659478425979614,0.9105786681175232,-0.052790503948926926,-12.244323641061783,22.769157995956903,-87.33423534850795,0.8525495650518784,0.9042717814445496,0.25,25.04153847694397,0.9323127460820422
36012,1.2007157318294048,0.48630040884017944,0.6533066630363464,0.9710434079170227,-0.012469161301851273,3.140796720981598,-31.553596098981707,35.76139527544234,0.8188407113525735,0.9828316569328308,0.6,35.59632110595703,0.8219959224216771
37001,-3.5470928996801376,0.7932683676481247,0.9354088306427002,0.9374568462371826,0.01603372022509575,-3.089108318090439,-10.720301326400975,6.7821889022196356,0.9242466488307962,1.0280777215957642,0.2631578947368421,22.24508586682771,0.9677732148554026
37003,-17.993785440921783,0.683063417673111,0.8385279625654221,0.7715792655944824,-0.060734450817108154,-21.050845086574554,-23.84795302762664,38.02669335754394,0.7391713215233189,0.8943018317222595,0.25,31.751821041107174,0.9315641553550598
37005,-10.160966217517853,0.769065797328949,0.9040621146559715,0.8994901776313782,-0.03316261246800423,-9.823476523160934,-7.812488403026769,35.11244388933939,0.8779230117185522,0.9491870999336243,0.2916666666666667,28.760663668314617,0.9528978146776466
37008,-7.982613891363144,0.7707656025886536,0.9159741848707199,0.9165558218955994,-0.025477947667241096,-7.80654177069664,-11.12076696718704,11.247106581180839,0.8993345037612338,0.9621456861495972,0.23529411764705882,16.56490774715648,0.9583147244654264
37009,-19.825488328933716,0.6441799104213715,0.825626790523529,0.8383256793022156,-0.023675261065363884,-12.428933382034302,7.296861880306471,4.47259283956781,0.8133700134571064,0.9694281220436096,0.28,23.6634521484375,0.911923180222432
37010,-13.815227150917053,0.6449796855449677,0.8412521481513977,0.82342928647995,-0.0413648895919323,-16.279439628124237,-18.099265282046844,33.1064749636906,0.7992919181284741,0.9428520798683167,0.3684210526315789,27.02873945236206,0.9235759692230885
37011,-0.21528045181185007,0.7468889057636261,0.8777138814330101,1.0117191076278687,0.006572397891432047,1.728840358555317,-1.735090533554203,31.651356503812046,0.9372664737015288,1.0125126838684082,0.2222222222222222,32.132041454315186,0.9396544071148797
37018,-6.6883280873298645,0.6931368708610535,0.8285085409879684,0.9399378299713135,-0.005626688711345196,-3.970611095428467,-4.789282929044704,5.21457577599913,0.8920765974531235,0.991786539554596,0.25925925925925924,25.33570925394694,0.9107109434686865
37019,-1.2850680388510227,0.6897273659706116,0.8261256366968155,0.980424165725708,-0.028300264850258827,-1.018036063760519,-1.1683535362355557,-75.08007993027812,0.8997999787674761,0.9564034938812256,0.25925925925925924,31.465205439814813,0.9119308475020943
37020,-9.081010520458221,0.7595755606889725,0.9123579040169716,0.9191833138465881,-0.05587228760123253,-8.395393192768097,6.523397507027149,-1.0590566147319511,0.8681442804243399,0.9048428535461426,0.058823529411764705,23.464934031168617,0.9575769932376879
37031,-26.143962144851685,0.6532150506973267,0.7314414978027344,0.7152723073959351,-0.019701208919286728,-20.07582038640976,-11.780692364884736,-62.48140447508772,0.6830295635486615,0.952099621295929,0.25,34.59823131561279,0.8692102742241438
37033,-8.626498281955719,0.6440242528915405,0.8302863091230392,0.9052742719650269,0.03587440773844719,-10.034221410751343,-30.64664907655349,-2.7128215874665527,0.856222723128463,1.0627912282943726,0.20689655172413793,28.071426523142843,0.9119306895557658
38001,-14.655521512031555,0.6906408667564392,0.9070893600583076,0.8916885852813721,-0.07466723024845123,-12.230479717254639,7.48274804005557,40.19317706019763,0.8530033520171307,0.9101144075393677,0.14285714285714285,21.328948792957124,0.9576062241850282
38003,-15.565317869186401,0.5325117707252502,0.8224573135375977,0.820655345916748,-0.01725153811275959,-15.216577053070068,-20.256105982973303,8.11278429254571,0.7997969298162404,0.989830493927002,0.5714285714285714,29.2786507379441,0.9116068695599407
38004,-0.4438540432602167,0.6046753525733948,0.8606709241867065,1.0414314270019531,0.021602503955364227,0.8062800392508507,18.75466718475975,-49.29108021519334,0.9138076089743203,1.0371081829071045,0.058823529411764705,22.617981168958874,0.9341551225330446
38007,-5.017275735735893,0.6559381186962128,0.8167288452386856,1.0059019327163696,0.08432579785585403,-3.3402007073163986,-0.401452057694642,-0.8158968606213263,0.840642528986018,1.133025050163269,0.10714285714285714,25.013256072998047,0.9124539733212106
38012,-31.475502252578735,0.5911812782287598,0.581440657377243,0.6675322651863098,0.0028812973760068417,-26.116952300071716,-28.530410441807252,-58.135692392984936,0.5952756556304225,1.0062199831008911,0.17857142857142858,40.26704175131662,0.7692873821320932
38014,-23.14656525850296,0.7059033513069153,0.8443241864442825,0.8038386702537537,-0.041700467467308044,-21.836069226264954,-7.442747142030622,-45.07922894942264,0.7777548999675304,0.9241315722465515,0.11538461538461539,33.138245802659256,0.9281835752014446
38017,11.785444617271423,0.40034937858581543,0.6957049667835236,1.0599980354309082,0.15715427696704865,12.62148767709732,-0.42373460809703695,89.35783744158974,0.8122605293598274,1.1212331056594849,0.875,31.147149205207825,0.8698121408393245
38018,-7.313642650842667,0.6360751688480377,0.8682255297899246,0.8931773900985718,-0.06454143673181534,-7.624524831771851,-5.596202611668912,8.552015991036024,0.8692357621433254,0.9618287086486816,0.5384615384615384,16.954013017507698,0.9349525678242636
38021,-23.438435792922974,0.7028828561306,0.8029178977012634,0.7812253832817078,-0.02929365076124668,-22.43286222219467,-7.375547016836126,-44.828657707445494,0.7521166452933646,0.9324168562889099,0.13043478260869565,36.40400430430537,0.905045572475497
38026,-6.128114089369774,0.7394044697284698,0.8994084894657135,0.9101527333259583,-0.08739574998617172,-6.697344034910202,8.532095288792382,6.61916108704155,0.8271265543759071,0.8598631620407104,0.2608695652173913,26.723511322684914,0.9533699290165493
38029,-4.04815748333931,0.5596398115158081,0.815749391913414,0.9685208797454834,0.053139571100473404,0.3575089620426297,57.666930877477576,-73.93182124367478,0.8240577256138021,1.1459033489227295,0.29411764705882354,23.20655186971029,0.9068497897086534
38030,-11.58812791109085,0.586581826210022,0.8487025797367096,0.9004700779914856,0.0533040389418602,-8.694946020841599,-15.604840247494511,2.602771305024188,0.8621423884823634,1.0563913583755493,0.30434782608695654,30.767202377319336,0.9230680145915432
39001,-7.979296147823334,0.785505548119545,0.9400352388620377,0.9338078498840332,-0.023936348035931587,-5.349724739789963,-11.454309817946013,21.506400681394116,0.9231676421572956,0.97442227602005,0.45454545454545453,13.361856070431797,0.970545110580751
39002,-7.214166969060898,0.8207102119922638,0.9405464977025986,0.9268369078636169,-0.07231929153203964,-5.98236545920372,-0.5818809555952302,11.23748371778438,0.8925296182511911,0.9258247017860413,0.8333333333333334,12.704245249430338,0.9736358190503077
39004,-18.27472746372223,0.3513217568397522,0.6840424835681915,0.7427572011947632,0.17275147140026093,-22.800712287425995,-16.70051752577554,-0.33958510817620774,0.6646424862534301,1.1561088562011719,0.16666666666666666,28.362337748209637,0.8519431544821682
39005,6.320030242204666,0.49022042751312256,0.7647690773010254,1.0970377922058105,0.18938493728637695,10.209645330905914,1.6841114112762414,76.55274492449564,0.8071494137632843,1.1424082517623901,0.13793103448275862,19.21752567948966,0.9134268787345255
39006,-18.138320744037628,0.7502808719873428,0.8715988397598267,0.8936540484428406,-0.13758599758148193,-16.551050543785095,4.2194572919060835,10.497293588036765,0.8434067779182656,0.8990267515182495,0.7222222222222222,15.567848417494032,0.9450784297348995
39007,-14.973810315132141,0.7703179866075516,0.9108552858233452,0.8821746706962585,-0.07069646567106247,-12.13240697979927,-7.459675214981836,-16.142228904923233,0.8606567720734134,0.9371688365936279,0.24,22.487844467163086,0.9601757379419614
39008,6.294368952512741,0.8083968758583069,0.9331411346793175,0.9622014760971069,-0.0505613274872303,-0.14778230106458068,4.695011741936259,31.83916289494939,0.9291306556772934,0.9497377872467041,1.3157894736842106,15.704833833794845,0.9673282151599397
39010,-4.210261255502701,0.5991706550121307,0.8398472964763641,0.8253976702690125,-0.030393080785870552,-7.017885148525238,-28.373129387767136,2.714421039532209,0.8079458282990541,0.9822059273719788,0.4117647058823529,15.786389743580537,0.9220115245721743
39011,-9.164472669363022,0.7406030893325806,0.920972503721714,0.9496561288833618,-0.05651015788316727,-8.883010596036911,-4.789001116514509,-13.652772978039106,0.9199217219325816,0.9511263966560364,0.22727272727272727,20.566329089078035,0.9614073043774989
39012,-24.873828887939453,0.4506506323814392,0.7419615685939789,0.7730120420455933,-0.27380111813545227,-22.14277684688568,-2.4269722761501193,23.139706456278926,0.7055862050689334,0.832919180393219,0.3333333333333333,27.127924671879523,0.9149121083295224
39014,-4.481933265924454,0.4412834048271179,0.7396076619625092,0.9749314785003662,-0.2409428060054779,-2.7978364378213882,-6.140563062938607,7.937836711030146,0.7969135431129322,0.8270431160926819,0.375,32.88334310054779,0.8965514886050276
39015,-10.211771726608276,0.6144473850727081,0.8422503471374512,0.8708760738372803,-0.20549345016479492,-10.02970039844513,-8.126952751513581,7.305662770344718,0.8230786007245187,0.8931949138641357,0.6470588235294118,24.37754518845502,0.9432473190991879
39016,-3.194040060043335,0.7810302525758743,0.9339351579546928,0.9413896203041077,-0.08016293495893478,-5.248649790883064,-6.780582177121943,-38.84907860837997,0.9171926224178308,0.9496931433677673,0.3333333333333333,13.225101100073921,0.9701486122646996
39017,-11.245240271091461,0.6770790815353394,0.7668250501155853,0.9334113597869873,0.03293897211551666,-3.356904909014702,-73.55769013995743,-50.24300119475599,0.8308844049421595,1.096408724784851,0.3333333333333333,28.889906406402588,0.8780516696641226
39019,-8.969581872224808,0.7224075198173523,0.8973994329571724,0.8816763758659363,-0.13027098774909973,-8.35903137922287,-13.74623560194301,-32.04986411824199,0.8543953077558422,0.9255005717277527,0.6666666666666666,16.75961414972941,0.9593788040254226
39020,-3.749500960111618,0.7901253998279572,0.9297037571668625,0.9091012477874756,-0.13124823570251465,-7.067759335041046,-1.3706040236987502,-0.5440795543157253,0.872492509718971,0.9140450358390808,1.0,16.434051195780437,0.9753561151587683
39021,-9.072606265544891,0.7845664471387863,0.8808504417538643,0.9021349549293518,-0.05609515681862831,-6.231214851140976,-3.064010476180207,4.77801009044883,0.8727880480351732,0.944088876247406,0.47619047619047616,23.826701300484793,0.9410147483116031
39022,-6.549596041440964,0.7157136797904968,0.890161044895649,0.9534355401992798,-0.09376683086156845,-5.551153048872948,7.1912191889875325,-1.0423463339235743,0.8994896680996518,0.9275758266448975,0.16666666666666666,23.48771095275879,0.9481461957421125
39023,-13.919906318187714,0.5435432493686676,0.8025262802839279,0.8443700075149536,0.01138356700539589,-16.454076766967773,-17.054396267646844,-44.913584747006986,0.8135725558480309,1.0049898624420166,0.10526315789473684,18.87688260329397,0.8974836664479767
39025,3.3109717071056366,0.7832471579313278,0.8780023232102394,1.0386923551559448,0.005515730008482933,5.098271369934082,-12.06790723296878,19.220653287812993,0.9298579072243344,1.0077348947525024,0.2727272727272727,17.589912631294943,0.9420087400153779
39027,-43.696579337120056,0.5914492011070251,0.6285746097564697,0.7203570604324341,-0.17180383205413818,-33.74878466129303,-0.6520638313349524,-2.280665949266751,0.637497095404364,0.859627366065979,1.125,35.940855741500854,0.8169598245392319
39028,15.643320977687836,0.6657736897468567,0.8665208071470261,1.1378144025802612,0.21221211552619934,16.505032777786255,-15.000706906372274,-42.399374045534394,0.8111766857293412,1.1254191398620605,0.46153846153846156,11.391739661876972,0.969479944137296
39029,13.412389159202576,0.5297650396823883,0.7487248182296753,1.0214831829071045,-0.022013941779732704,7.227149605751038,-26.38224869392704,-1.2511339586810875,0.8751928122511674,0.9899412393569946,0.2727272727272727,18.31625374880704,0.8774678478917514
39034,7.747861742973328,0.8332310020923615,0.9350005462765694,0.9836592674255371,-0.048490915447473526,4.509412124752998,3.1687388543927684,3.706676199461803,0.9431295384533749,0.9557079076766968,0.5714285714285714,14.558624085925874,0.9682913195941547
39035,15.51603078842163,0.7482320368289948,0.9118487909436226,0.9314321279525757,-0.09138163924217224,7.3096126317977905,-5.602881316201294,85.80432825611864,0.8856885041995864,0.9179002642631531,0.8888888888888888,21.722430653042263,0.9596862506462633
39036,8.783836662769318,0.15816867351531982,0.3743424415588379,0.9524872303009033,0.12308693677186966,10.281721502542496,-56.88007436139051,45.077381803639746,0.6737193928305036,1.047455072402954,0.6818181818181818,29.36424125324596,0.6807045452349091
39037,-15.314091742038727,0.7799136787652969,0.9265070706605911,0.9538747072219849,-0.0005202359752729535,-9.807967394590378,-4.726845052014616,-73.59641809422486,0.9406103922721758,0.9995277523994446,0.6666666666666666,25.112491846084595,0.9625919814155977
39042,-5.369370058178902,0.7923350185155869,0.9273740202188492,0.9533258676528931,0.02008194662630558,-0.5776609759777784,-5.963946463226674,26.70966728512277,0.9375776667686515,1.0191959142684937,1.4666666666666666,14.189920425415039,0.9632632346131712
39049,-5.051169544458389,0.7111043632030487,0.860700935125351,0.9552581906318665,-0.06467332690954208,-6.069063022732735,8.096471264163256,-96.4723892614025,0.8778913176522678,0.9102551341056824,0.15384615384615385,18.859749573927658,0.9303253285276787
39052,-5.828619003295898,0.6673361659049988,0.8599987775087357,0.9239093065261841,-0.043499089777469635,-6.629999727010727,-16.550360787761527,67.66006648534207,0.8816952582296632,0.944516122341156,0.14814814814814814,21.888651671233,0.9283916372763746
39054,-5.771761015057564,0.6988297402858734,0.8482294082641602,0.9881001114845276,0.05582435429096222,-0.40964875370264053,-26.6537979784914,4.695844920225487,0.8534087516137999,1.1252987384796143,0.375,37.7601683139801,0.9248493985908219
39056,-9.158094227313995,0.6013329029083252,0.8569564074277878,0.908072292804718,0.10209076851606369,-6.285829842090607,-27.337521548314996,29.293979335706933,0.8282254594044387,1.127989411354065,0.26666666666666666,24.834143320719402,0.9316296846001527
39061,-1.8525457009673119,0.5422904193401337,0.7273399531841278,0.9062514901161194,-0.3035271465778351,-3.0930740758776665,6.8295467220316475,2.585868306163531,0.756028592447902,0.7956598997116089,1.4444444444444444,28.882014751434326,0.9052456438382167
39065,33.7817907333374,0.46188169717788696,0.6438913345336914,1.198381781578064,0.014037629589438438,33.689385652542114,-16.750669491412854,-2.809193724818925,0.7614822350679157,1.0095489025115967,1.6666666666666667,15.52832325299581,0.8679234639046951
39069,-2.414350211620331,0.753892570734024,0.8894166126847267,0.9353952407836914,-0.047435592859983444,-4.520607739686966,-5.513029589157358,45.19635278890003,0.8852629223212903,0.9232476353645325,0.3076923076923077,27.71537215621383,0.9443232849054716
39072,-10.511232167482376,0.808663472533226,0.9404348395764828,0.926062285900116,-0.03938085585832596,-9.289946407079697,-3.17477178345391,-2.765081717840516,0.9140481035826745,0.9665933847427368,1.0,13.228564262390135,0.9716285180423783
39078,-6.35957270860672,0.7427852749824524,0.8974848538637161,0.9559541344642639,-0.06938247382640839,-4.419117048382759,8.151890300766654,26.89330569033531,0.9009997965638374,0.9268404245376587,0.3333333333333333,25.82517124357678,0.9499132899086054
39081,12.434869259595871,0.7645064294338226,0.9034802839159966,0.9600503444671631,-0.10738112777471542,8.866848051548004,0.9780364422626355,11.927534013216093,0.8757538212548893,0.8906618356704712,0.4090909090909091,21.445889906449754,0.9565684011735853
39087,0.9202704764902592,0.7235842645168304,0.8282428234815598,0.9945933222770691,-0.06943514943122864,-1.9907653331756592,5.511855004289669,10.502707953389713,0.8892231587283334,0.9278758764266968,0.48,26.326244848745837,0.9160929848170531
39088,-17.40361750125885,0.5294041335582733,0.8126516342163086,0.8367416262626648,0.12344406545162201,-17.01885014772415,-16.33175682852406,12.837198396813083,0.7990123506522291,1.0786633491516113,0.625,13.366422057151794,0.9130815549193683
39095,-13.509118556976318,0.6452291011810303,0.8444827347993851,0.8878786563873291,0.02578163519501686,-10.879382491111755,-16.896546796205797,37.768147349871676,0.8575800391005267,1.0359491109848022,0.3333333333333333,20.249416210033274,0.9198756529605436
39099,-9.250348806381226,0.801283448934555,0.953804012387991,0.9333160519599915,-0.03922620043158531,-9.13141816854477,2.7620428583362355,80.19739744592185,0.9204250011211675,0.9622987508773804,0.9375,12.344234436750412,0.9784582420643579
39101,-19.863639771938324,0.7728658616542816,0.9122744053602219,0.8740445971488953,-0.085331030189991,-15.413419902324677,3.0298324917670536,-96.7044890911716,0.8357424663309381,0.9012528657913208,0.6666666666666666,17.474811606936985,0.9630571069726257
39105,0.4700932651758194,0.7794275283813477,0.9188948571681976,0.9917329549789429,0.021379247307777405,3.784313052892685,-10.636982962881746,17.58179598797501,0.9510099661005769,1.0261003971099854,0.6666666666666666,22.476720809936523,0.9593742857442787
39108,-27.499452233314514,0.717242032289505,0.8591338992118835,0.7992700934410095,-0.1474587321281433,-25.67879855632782,0.5157398129950646,86.67607110573803,0.758276299157967,0.8746762871742249,1.1333333333333333,27.97425091266632,0.9506865214657265
39114,-30.37354052066803,0.5792171061038971,0.7518232613801956,0.7618306279182434,-0.15628783404827118,-23.454220592975616,9.934435122273376,-9.171562340447215,0.6829135731862022,0.8216681480407715,1.0,48.91246795654297,0.8903783650527163
39120,-15.689925849437714,0.7236767411231995,0.8499899506568909,0.8049817085266113,-0.06963567435741425,-18.18138062953949,-5.7020311400885895,-26.126469041930754,0.754471519168014,0.8664920330047607,0.5,41.4243221282959,0.9334588575446632
39125,-7.248099148273468,0.4112621545791626,0.705213874578476,0.8926175236701965,0.1868637055158615,-5.720018595457077,-56.5369724697524,70.05885674958772,0.6446304442929832,1.3088786602020264,0.7142857142857143,41.26242569514683,0.8608939319350776
39127,-0.3785990411415696,0.39135420322418213,0.6669008135795593,1.1489453315734863,0.2538287341594696,1.206236518919468,7.948379916637238,72.38125829998184,0.7506570822972679,1.1687637567520142,0.375,24.10908341407776,0.8927341003956866
39141,-12.262454628944397,0.7207590937614441,0.9060415178537369,0.9475192427635193,-0.08077699691057205,-10.830400884151459,10.891764797339452,-7.674417552124554,0.9006848574185558,0.9284979701042175,0.15,18.69580312208696,0.9553152443596162
39142,19.56620216369629,0.6487867534160614,0.8280854970216751,1.2481262683868408,0.10801675170660019,17.37951785326004,24.888268276972937,-20.69850016344047,0.7426492646163423,1.055677890777588,1.6923076923076923,13.722019929152268,0.9604686400753801
39143,15.104098618030548,0.7661856412887573,0.8894697651267052,1.0395833253860474,-0.024020487442612648,9.607583284378052,11.02806264730147,-7.417012286454369,0.9322004890975817,0.9823244214057922,0.65,26.28535032272339,0.9478702776590032
39144,-25.672534108161926,0.7248627841472626,0.8419608026742935,0.7761411070823669,-0.08380603790283203,-22.197256982326508,-12.444833840912056,5.556777855804805,0.7545299956893031,0.923075795173645,0.7142857142857143,43.13438052222842,0.9349970324537548
40003,-10.410982370376587,0.757098600268364,0.899241529405117,0.9323204159736633,0.02198680303990841,-9.141362458467484,1.200226977419974,5.433360756481786,0.9057829598222686,1.0407739877700806,0.15789473684210525,27.92323112487793,0.9486793756156494
40004,48.17077815532684,0.6794793605804443,0.7155694663524628,1.3029567003250122,0.13247311115264893,33.03394615650177,-23.258404040502693,-10.663696520218684,0.6086371572787055,1.2384685277938843,0.22727272727272727,44.24719603165336,0.9328071905417633
40005,-6.908168643712997,0.7787976264953613,0.908226728439331,0.9324153065681458,0.022369153797626495,-6.4748309552669525,-16.579939160455424,87.96490464066562,0.899146261258695,1.058668613433838,0.26666666666666666,19.44261578952565,0.9535050580216237
40006,-5.789444595575333,0.3386876583099365,0.6440860033035278,1.0009585618972778,0.14683037996292114,1.3798484578728676,-40.03430993987825,56.97517789956872,0.6855071931181197,1.266477346420288,0.6666666666666666,101.98323726654053,0.8329831428138629
40007,5.436626076698303,0.6869264543056488,0.8760910257697105,1.0651277303695679,0.0941791981458664,6.719902902841568,-17.479489491557576,30.306244701617864,0.8165489278932054,1.1634242534637451,0.35,21.912379491896854,0.9479885784287834
40009,11.917033791542053,0.517838716506958,0.781076043844223,1.1421663761138916,0.019714439287781715,13.760700821876526,57.06627720608907,64.77241170035428,0.8304757223466667,1.0314582586288452,0.15789473684210525,17.93781280517578,0.9131807614605574
4001,6.135507673025131,0.645304799079895,0.8618968576192856,0.9507120251655579,-0.013920491561293602,5.232241749763489,-15.566927882028706,38.81799333479607,0.9127587137491304,0.9897577166557312,0.42857142857142855,26.88563551221575,0.9287481004090328
40010,10.079338401556015,0.7072239518165588,0.8934338837862015,1.0430614948272705,0.062444765120744705,5.827604606747627,-19.327588963641716,39.959462209209065,0.8523276166731254,1.1327309608459473,0.25,25.09617124285017,0.9516747220019174
40011,1.5450510196387768,0.7882147133350372,0.9360485896468163,0.9639154076576233,-0.04613284021615982,-0.14952645869925618,0.35393621741298914,-59.1760221112978,0.9355863676902394,0.9568551778793335,0.125,16.695735931396484,0.968606648044569
40012,-4.974765703082085,0.5998086035251617,0.861383393406868,0.9164753556251526,-0.21398481726646423,-6.36637955904007,15.927502543664051,30.72263880410928,0.7885087683375397,0.8114305734634399,0.3157894736842105,17.816199754413805,0.9531625552807093
40013,-33.80460441112518,0.6007645130157471,0.7958710640668869,0.6954103708267212,-0.13140155375003815,-33.98197293281555,1.2148941925519925,30.85091739642155,0.6362379039476647,0.8129929900169373,0.42857142857142855,32.5609252566383,0.9323509161801312
40016,-25.337880849838257,0.530933678150177,0.7598852217197418,0.6945830583572388,-0.017054598778486252,-23.406022787094116,-33.40687456442187,20.753910942950267,0.6765925377409538,0.9864152073860168,0.34615384615384615,31.736289537869965,0.8945090913298517
40017,-40.23169279098511,0.6707309484481812,0.7571550905704498,0.71468186378479,-0.045099809765815735,-36.50298714637756,28.354012522468803,-1058.1726740240615,0.6815624803181184,0.9130573868751526,0.21739130434782608,44.887542724609375,0.8884787145391035
40018,15.726622939109802,0.24368739128112793,0.6135499179363251,1.055074691772461,-0.49059876799583435,6.850232928991318,37.40581960223168,-34.22482558194751,0.6851863404945856,0.6975114941596985,0.2,26.838347911834713,0.9323603491148773
40020,-17.751967906951904,0.7037753462791443,0.8125018775463104,0.8601788282394409,-0.023844243958592415,-18.47996860742569,-9.046986116985984,18.20497621259517,0.8246952429893372,0.9585781097412109,0.19047619047619047,36.710674112493344,0.9027065019363544
40021,7.468105107545853,0.6712701618671417,0.7571968734264374,1.057437539100647,0.03260887414216995,3.122112527489662,8.462474861832701,26.065720464994552,0.8607916606281143,1.0580391883850098,0.5789473684210527,40.50300999691612,0.8872554060526665
4003,-18.573203682899475,0.709004819393158,0.8476084768772125,0.8389808535575867,-0.05070119723677635,-17.295585572719574,-8.71060620572061,6.943427604464832,0.8128718352045324,0.939683735370636,0.34782608695652173,31.45113820615022,0.9261641499010349
40033,3.1221359968185425,0.6293745338916779,0.8288487941026688,1.1728425025939941,0.005837284028530121,7.270985841751099,30.990091004731973,-166.5973579329519,0.8169357533862874,1.0035053491592407,1.3,24.720044136047363,0.9397862124379881
4005,5.331483110785484,0.7329522967338562,0.8858848735690117,0.9708988666534424,-0.0019125723047181964,1.0488715954124928,-11.71536416632924,26.85275800298403,0.9347667861973679,0.9975231289863586,0.13793103448275862,19.780772307823444,0.9416702363201463
4006,3.976166620850563,0.7845979630947113,0.9180054366588593,0.999469518661499,0.019730105996131897,0.7448621094226837,-2.9558611648667807,7.014299931314192,0.952531740037362,1.024214506149292,0.2857142857142857,21.227817875998362,0.9591758406654101
41001,-38.476842641830444,0.6806240677833557,0.7252362966537476,0.6765262484550476,-0.04730195924639702,-34.35654044151306,12.182041853213628,-644.1432307860094,0.6283966300146906,0.8656229376792908,0.15789473684210525,39.23216618989643,0.8759169561626999
41003,-21.363170444965363,0.7346667945384979,0.7973393350839615,0.7709710001945496,-0.06301075220108032,-26.556861400604248,-6.808213830722974,-12.716908722278747,0.7108168883497412,0.851076602935791,0.09090909090909091,41.446743840756625,0.9051611307601309
41004,13.6371448636055,-0.06267786026000977,0.2859276533126831,1.3229658603668213,0.4628984034061432,11.219547688961029,66.48065303809358,33.68672478331183,0.17992304211093368,1.738835334777832,0.15789473684210525,34.85715514735171,0.8505288724139904
41005,-0.15549674862995744,0.7220770120620728,0.9013699367642403,1.0432095527648926,0.07957152277231216,1.9443005323410034,-0.48078759280481,-36.73681945298644,0.851639108174917,1.1351491212844849,0.3,19.37603269304548,0.9566571368155776
41006,0.7422528229653835,0.6836589872837067,0.7965701967477798,1.0799063444137573,0.04624306038022041,1.4446016401052475,-5.2567861162912415,-22.437449044728822,0.8404307149231186,1.1045641899108887,0.21052631578947367,28.10844898223877,0.9097577535150158
41009,20.11350244283676,0.7640390992164612,0.9163054898381233,0.937568187713623,0.005769581533968449,12.166961282491684,-7.171893322066887,10.156302980825457,0.924276537255742,1.0051844120025635,0.375,13.907198111216227,0.957462563584446
41011,-20.389088988304138,0.7522045820951462,0.8654161095619202,0.8652971982955933,-0.04046114161610603,-14.900992810726166,7.953948742910728,-3.632262466034508,0.8441716620210158,0.9583218693733215,0.3333333333333333,26.891129357474192,0.9336632865018072
41012,-6.815885007381439,0.7792607545852661,0.898544654250145,0.9555637836456299,-0.009576687589287758,-7.636641710996628,-3.1057208288064717,43.88252749369184,0.9286629100514945,0.9797555804252625,0.38095238095238093,25.311368161981758,0.9479945526457971
41013,-16.379818320274353,0.6889099478721619,0.7926803678274155,0.885739266872406,-0.019646262750029564,-13.003712892532349,8.030243483747507,-678.7975702799192,0.8358684781599537,0.956346869468689,0.2,32.512337820870535,0.8905557424005688
41014,-6.333794444799423,0.7827837914228439,0.8940249755978584,0.836265504360199,-0.06545289605855942,-11.933144181966782,-20.32442824552908,20.30162671455055,0.7876587660516576,0.8724252581596375,0.09090909090909091,25.07458977077318,0.9552283592365713
41016,-25.247541069984436,0.716176301240921,0.8157496154308319,0.8240853548049927,-0.008897379040718079,-17.51813441514969,-1.4045623520362038,36.644842426413966,0.8000718319001835,0.9804430603981018,0.22727272727272727,37.79203241521662,0.9070331450512018
41019,107.24983215332031,0.5949109494686127,-0.1522233486175537,1.7626246213912964,0.15408477187156677,91.7387843132019,-13.717079653188744,2.4416600991926645,0.1791054355915117,1.2611610889434814,0.2857142857142857,59.13654674183238,0.8448663210484628
41020,-5.031248927116394,0.7283046543598175,0.7525146305561066,1.0327835083007812,0.022118614986538887,-5.746292695403099,-8.914302107977292,0.9925373691097179,0.8666365640673468,1.0503621101379395,0.19047619047619047,29.008124091408472,0.8809424278354814
41022,-6.701795756816864,0.7590009123086929,0.8592734485864639,0.9600261449813843,0.010339192114770412,-2.931567095220089,-8.965393910359488,12.776757007976446,0.9147462127932291,1.0206830501556396,0.2857142857142857,24.352351101962004,0.9275948165922677
41023,-13.387636840343475,0.7952738553285599,0.9351895749568939,0.9550144672393799,0.014554468914866447,-9.584342688322067,-71.27990084740921,-154.48316529272194,0.9356891486765812,1.0322318077087402,0.8,22.26267099380493,0.9672387727334147
41025,8.35355594754219,0.7529036849737167,0.861769050359726,1.0553354024887085,0.03489076718688011,1.602477766573429,-12.244849690437874,53.32129412630133,0.8808862591735708,1.0842519998550415,0.18181818181818182,21.889452312303625,0.936536018045631
41027,-34.21098291873932,0.6932575404644012,0.7754774838685989,0.7317726612091064,-0.056998204439878464,-28.225359320640564,-3.5063887962931397,-35.86275904815749,0.6992179346889476,0.9099250435829163,0.35,37.27197885513306,0.8979683982072326
41028,8.195091038942337,0.5668855309486389,0.5939858853816986,1.112777829170227,0.08555617928504944,9.231419861316681,18.21172667054041,-114.09026005298122,0.7313127751896482,1.1714539527893066,0.42857142857142855,37.731122970581055,0.8265712593113189
41029,6.399831175804138,0.723590761423111,0.8352576941251755,1.1037431955337524,0.059105925261974335,7.7941663563251495,3.1540222287769857,-7.452190408524068,0.8196062986516449,1.1308891773223877,0.34782608695652173,26.56095822652181,0.9318291842026686
42001,-3.213772177696228,0.635415256023407,0.8445657938718796,1.0283385515213013,0.14364972710609436,1.521146111190319,-6.598027897432987,15.550572052754175,0.7287391314825327,1.2617912292480469,0.28,19.15530014038086,0.9348483494044713
42003,-49.17900562286377,0.7170961797237396,0.749620646238327,0.6321688294410706,-0.08513331413269043,-45.87163031101227,3.5887281078090227,-464.8248954483314,0.5927333057788067,0.8473812937736511,0.24,46.88462448120117,0.9147127166753324
42004,7.283277809619904,0.7207579612731934,0.9199462682008743,0.939427375793457,-0.07712943851947784,3.9306730031967163,-8.782375571757168,9.318453178694057,0.9200692308951496,0.9637441635131836,0.07692307692307693,13.090037382566011,0.962511343488102
42006,-1.4660492539405823,0.8139559030532837,0.9503640457987785,1.0445258617401123,0.039121828973293304,1.245556864887476,7.711601253493577,-8.661407264954136,0.9408702089928503,1.032036304473877,0.46153846153846156,16.117327029888447,0.9779216165332094
42008,-29.227155447006226,0.7078452408313751,0.8597243279218674,0.7950661778450012,-0.15872281789779663,-25.607240200042725,0.22542305723609923,-34.27092623624986,0.7650694269750035,0.8947287201881409,1.1111111111111112,14.993178844451904,0.9540384908258029
42010,-19.0499946475029,0.6690811812877655,0.8698005378246307,0.8520683646202087,-0.22078220546245575,-15.771393477916718,-7.072342690337965,-10.432786829422755,0.8221346891854195,0.9076402187347412,0.3333333333333333,14.162972569465637,0.965043300360856
42011,-1.5114016830921173,0.6712355315685272,0.8786333575844765,0.9819520711898804,-0.04023193567991257,-2.4642832577228546,10.828989203565847,31.347044145114577,0.9242183055317291,0.958533763885498,0.34782608695652173,22.431255423504375,0.9391913760668473
42016,-12.407055497169495,0.6393759250640869,0.8715244084596634,0.8100500106811523,-0.18713900446891785,-13.383999466896057,-18.621144177266277,-1.5779924863501251,0.7946100775364136,0.9303587675094604,1.0,16.127946376800537,0.964586435585127
42017,-11.009746044874191,0.5884964168071747,0.795336052775383,0.8965328335762024,0.061250533908605576,-8.548086881637573,-13.479606190776686,83.98247884052103,0.8199778991195046,1.1022238731384277,0.038461538461538464,23.256516456604004,0.8939208689786909
42024,1.5455489046871662,0.6905275285243988,0.8960017189383507,0.9158032536506653,-0.13372880220413208,-1.6160357743501663,-13.547517779168325,3.8337264479845397,0.8908371751182056,0.9455400705337524,0.1,8.722379207611084,0.9568543591669975
43005,-16.2604957818985,0.8080372512340546,0.9482463523745537,0.9163527488708496,-0.048362765461206436,-11.240459233522415,-0.7651414983648702,-18.47072993560666,0.9066542914004694,0.9656361937522888,0.5333333333333333,14.009377161661785,0.9768550758770936
43006,-9.224522113800049,0.7877327799797058,0.9364905804395676,0.9201778769493103,-0.02039925940334797,-6.927093118429184,-2.0316540357078035,-12.478405758865364,0.9128892016161585,0.9836665391921997,0.30434782608695654,18.278258779774543,0.9691789369944693
43007,-2.785183861851692,0.8258040696382523,0.9504323825240135,0.9613166451454163,0.0057052322663366795,-0.8061330765485764,-11.532373349649248,1.5008049796769818,0.9534925345039205,1.0064998865127563,0.5217391304347826,22.481198932813562,0.975014126403412
43008,-0.9979921393096447,0.8198754489421844,0.9622747711837292,1.01430082321167,0.053564075380563736,0.5574199371039867,-4.8667134669699355,-43.208274456287896,0.9492524968929694,1.0455962419509888,0.7692307692307693,7.680285435456496,0.9829184822977132
43009,7.722152769565582,0.8038153946399689,0.9114155098795891,1.0981916189193726,0.03987204283475876,9.052257984876633,-1.264422465071022,-5.661093349015551,0.877105789995171,1.0649696588516235,0.375,25.340267022450764,0.9647815920943694
43014,-20.841778814792633,0.6539635360240936,0.8658864349126816,0.8287776112556458,-0.14641112089157104,-18.190191686153412,-3.202327873923215,-4.207724482297444,0.8049141574434145,0.9211825728416443,0.34782608695652173,24.313109853993293,0.9497089199278104
43017,-11.980415135622025,0.8183767795562744,0.9370860233902931,0.9290871620178223,-0.047145210206508636,-8.555988222360611,-1.4383923153355906,3.399004363030732,0.908532740995768,0.9506006836891174,0.5,18.310294151306152,0.9700444257761925
43018,-16.047944128513336,0.8461850881576538,0.9600243456661701,0.9133576154708862,-0.05856496840715408,-13.666528463363647,1.703285999936004,-4.928352791508201,0.8968031323840058,0.9462414383888245,1.1538461538461537,20.339896128727837,0.9841032159743024
43021,26.663166284561157,0.6697087287902832,0.7916622012853622,1.3097026348114014,0.20067672431468964,31.014326214790344,-2.373430810728747,-32.679395666583886,0.6523089274182613,1.1556105613708496,0.5714285714285714,22.30922324316842,0.9724552521564506
44001,11.035945266485214,0.8281811773777008,0.956972025334835,1.0000839233398438,0.04472961649298668,7.808160036802292,-12.48392783714244,-37.470069641157814,0.9654342707242374,1.027821660041809,0.4090909090909091,10.681552236730402,0.9794881051641653
44002,14.696910977363586,0.8384603410959244,0.9533943422138691,0.9975622296333313,-0.012458848766982555,9.197885543107986,-1.0658199604571519,-32.7013050627884,0.9749223874626115,0.9909982085227966,0.3333333333333333,14.213786125183105,0.9767210035350378
44006,-1.698749139904976,0.8060350120067596,0.9458495490252972,0.9245392680168152,-0.050435278564691544,-4.408865794539452,-4.960867241882675,-35.43424038630887,0.9134454640887507,0.9656366109848022,1.0,13.441061973571777,0.9751701165777228
44009,-7.965697348117828,0.736366331577301,0.9122778102755547,0.8823195695877075,-0.18306875228881836,-8.224038034677505,-6.186656917455856,-41.917627401647636,0.8205250968010831,0.8664355278015137,0.36363636363636365,17.77698560194536,0.977128862236916
44011,4.237239807844162,0.5658823549747467,0.7527959495782852,1.1355173587799072,0.0913962572813034,7.1154385805130005,14.675573251527924,-93.29605207072602,0.809024526779841,1.0931717157363892,0.34615384615384615,22.11033931145301,0.9029139133154548
45001,-9.057889878749847,0.8427136987447739,0.9469075351953506,0.9451522827148438,-0.022622715681791306,-7.534771412611008,-7.675733709109467,2.363403738674345,0.933614799027329,0.9733355045318604,0.3,20.72365397498721,0.9737754409337536
45003,-13.063706457614899,0.7760328501462936,0.9020223990082741,0.9340440034866333,-0.0411558672785759,-9.697841852903366,6.847144700329465,-60.98842701777154,0.9047153868782838,0.9519679546356201,0.391304347826087,22.64384229977926,0.9507873325271018
45004,-11.107685416936874,0.7448492050170898,0.8464120179414749,0.9412901997566223,-0.005127742886543274,-8.616497367620468,2.0923385680375257,-67.56289224479502,0.9007520978150925,0.9932905435562134,0.35714285714285715,28.585645130702424,0.9202611221691915
45005,-10.097498446702957,0.7168091535568237,0.8648604303598404,0.9169554114341736,-0.08040110766887665,-9.318239241838455,11.519683677691683,-51.16386622877448,0.8546647648251635,0.9009220004081726,0.2916666666666667,25.783920288085938,0.9335961078690451
45009,-3.3012159168720245,0.8330455720424652,0.9498549327254295,0.9806760549545288,-0.004010268487036228,-3.718658536672592,-5.287200721014011,-49.338206471075836,0.967798396337929,0.9955286383628845,0.6818181818181818,15.974294055591931,0.9746320014309594
45012,-5.395512655377388,0.8212427198886871,0.8943865597248077,0.9494861364364624,-0.006348766386508942,-5.156226456165314,3.4874714752300666,26.299298604779626,0.9252157033594894,0.990108072757721,0.3333333333333333,21.57315072559175,0.9457488213277017
46003,-14.47964608669281,0.7912618666887283,0.9065861776471138,0.9152647852897644,-0.03987249732017517,-12.671975791454315,5.745631513839281,-1.5774003811521027,0.8931571133338441,0.9542048573493958,0.17391304347826086,29.599368572235107,0.9537598580367868
46005,-7.899603247642517,0.755853995680809,0.9103118404746056,0.9173771739006042,-0.029727507382631302,-8.34343284368515,-0.8771687632941259,-5.196981225863922,0.898942006629627,0.9627195596694946,0.10714285714285714,25.128945282527376,0.9553194068956219
46008,-14.497306942939758,0.8202021420001984,0.9132486507296562,0.9070433974266052,-0.025861747562885284,-12.30926364660263,-3.8666800137788533,-16.8709269282858,0.8934642167301591,0.9702243208885193,0.2,27.86900813762958,0.9573109839843948
47001,-3.240308538079262,0.8318980634212494,0.9454872719943523,0.9720355868339539,-0.03944249451160431,-3.1593911349773407,5.255221974663147,-32.86136675853027,0.937189587761001,0.9505746960639954,0.36363636363636365,16.501593589782715,0.9731619894041078
47004,-0.5518218502402306,0.8207584321498871,0.9403832443058491,1.0117636919021606,0.0140968207269907,3.5925235599279404,0.8394047584682124,-8.459371543729679,0.9650019602250957,1.015108585357666,0.45454545454545453,16.881162470037285,0.9707047957950973
47005,-14.551600813865662,0.7937459796667099,0.8929045721888542,0.8915732502937317,-0.013073562644422054,-13.877369463443756,1.6622399635889598,43.68218027775793,0.87750510432455,0.9799953699111938,0.3181818181818182,30.262105361275047,0.9466290885436301
47008,1.7745725810527802,0.720973402261734,0.8956056460738182,1.0484881401062012,0.019766513258218765,2.763618342578411,15.219090765361903,-3.29327812278613,0.9268329431447242,1.0255424976348877,0.38095238095238093,16.298900951038707,0.9515242401557611
47009,0.7544415071606636,0.8423270136117935,0.9600501656532288,1.0191819667816162,0.02633706107735634,1.2469585053622723,-3.0032582801285015,20.852056046058344,0.9609964890681804,1.0280953645706177,0.2857142857142857,12.34348047347296,0.9809218317168125
47011,-3.153688460588455,0.7391553819179535,0.8718650788068771,0.9775000214576721,-0.005481850355863571,-2.7842512354254723,-2.0656867511549692,-12.32392794934745,0.9306500508892613,0.9934215545654297,0.3888888888888889,28.77853795101768,0.9347321636414903
47014,-14.754900336265564,0.7764869630336761,0.9069540649652481,0.8869370818138123,-0.05115734040737152,-13.89634907245636,-4.722941665399154,-13.463882376721811,0.8670256094574211,0.9453831911087036,0.0,23.587743759155273,0.9562282139052415
47018,-11.20607927441597,0.7640017867088318,0.899569109082222,0.9002823829650879,-0.04514533653855324,-11.22952252626419,3.5389086225070248,88.16973443418605,0.8706469980573078,0.9338522553443909,0.13636363636363635,25.317308177118715,0.9508769723913411
48003,-11.20031476020813,0.8045673668384552,0.9109113290905952,0.9037138819694519,-0.06567970663309097,-7.5683727860450745,-3.869045349731637,24.84369562883224,0.8782239295280371,0.9382479786872864,0.2608695652173913,26.43222601517387,0.958225813257539
48004,-17.26571023464203,0.7902513295412064,0.9060532972216606,0.8654109239578247,-0.051965441554784775,-14.97984379529953,-2.9182439114390966,17.985138294520272,0.8515660201365145,0.9538142085075378,0.44,35.19215393066406,0.9577471935554338
48005,0.49483818002045155,0.8175148665904999,0.9458910338580608,1.0436794757843018,0.013031397014856339,3.1999487429857254,6.831679284224493,14.797164039648653,0.947796856336105,1.0139973163604736,0.19047619047619047,19.114837192353747,0.9750731723176278
48011,-10.406122356653214,0.8292228281497955,0.940319336950779,0.9428378343582153,0.0014283544151112437,-7.929345220327377,-7.969587912787328,-20.721777889487665,0.9354666171089662,1.001449704170227,0.30434782608695654,29.116555054982502,0.9700844073379654
49001,-11.802413314580917,0.8484402745962143,0.941624853760004,0.9419010281562805,-0.0218866728246212,-7.890241593122482,-0.6597206624800387,11.334710045840417,0.9317885532057749,0.9790313839912415,0.391304347826087,26.833256431247875,0.97105819481889
49002,0.28711650520563126,0.8476750254631042,0.9683344066143036,1.0018845796585083,-0.024892402812838554,-0.26768858078867197,-0.5718931608005443,-8.400655936849352,0.9737207044484949,0.9788565039634705,0.4,13.60436757405599,0.9845079920750295
49004,-15.929785370826721,0.8032024949789047,0.9117746725678444,0.8695278763771057,-0.08583583682775497,-12.23251298069954,-3.940802611668125,22.105493782074173,0.8354624310467476,0.9067140221595764,0.38095238095238093,34.63259651547387,0.9632935578851
50001,-4.5225344598293304,0.8351980298757553,0.9457802288234234,0.97361159324646,0.0289522185921669,-2.2653816267848015,-8.012450317415135,26.019879369189237,0.9457901600065108,1.0388625860214233,0.23809523809523808,13.539088856090197,0.972943426882606
50002,-12.661035358905792,0.826984703540802,0.9280670508742332,0.904517412185669,-0.028168028220534325,-12.32864186167717,1.1269796540221353,17.737169918361577,0.8902056591638012,0.9580188393592834,0.13043478260869565,23.664953311284386,0.9657150928950904
50006,-15.662810206413269,0.8421662449836731,0.9407368116080761,0.9004395604133606,-0.02150374837219715,-12.284275144338608,-7.123875198905102,33.14339059664524,0.8934861084607257,0.9736188054084778,0.2,22.801592236473446,0.9728529829985013
50007,-18.328000605106354,0.7926078587770462,0.9042190238833427,0.8488103151321411,-0.052325472235679626,-15.565554797649384,3.032805876005636,8.725558325830779,0.826202921093185,0.9249143004417419,0.09090909090909091,28.21524246879246,0.9586570254100385
50008,-13.13067078590393,0.7909686863422394,0.9036235585808754,0.8888689279556274,-0.014716807752847672,-12.486354261636734,-0.6538326866001019,86.93821591361112,0.8770658318393456,0.9767591953277588,0.08333333333333333,20.999149322509766,0.9528559704118618
50011,-15.511469542980194,0.7635556906461716,0.9069089964032173,0.9166969060897827,0.009162512607872486,-13.850155472755432,1.7701631825006052,-29.655108333587837,0.903635589124325,1.011954665184021,0.22727272727272727,20.942397739576258,0.953055562536767
5003,-11.705000698566437,0.5384702682495117,0.7809717953205109,0.8340737819671631,-0.015852700918912888,-9.306403249502182,-35.44200942403041,30.9287368302562,0.7979672978267905,0.9880776405334473,0.4166666666666667,22.94865449269613,0.8853546326209449
51001,-6.825245916843414,0.8212019503116608,0.9318899661302567,0.9439300894737244,-0.06376185268163681,-6.014680117368698,7.799172131793651,9.70823656127593,0.9078577519600861,0.9343820810317993,0.45,22.397167682647705,0.9677409281332041
52004,-17.884278297424316,0.7442910969257355,0.8674968630075455,0.9244965314865112,-0.012433706782758236,-12.863193452358246,11.524989562162057,-20.485766855703815,0.8967030068675289,0.9833309650421143,0.34615384615384615,27.501603273245006,0.9315044650636615
52005,-16.183514893054962,0.8103554248809814,0.9136536195874214,0.8903877139091492,-0.033591121435165405,-14.06242698431015,-4.446296486952131,-18.206090573561568,0.8767648625921501,0.961500346660614,0.36363636363636365,23.953728242353957,0.9588925490620471
52006,-7.123632729053497,0.7819725871086121,0.8761448711156845,0.9694662094116211,-0.007433451246470213,-6.180800870060921,-1.9546958045805265,16.152807941069934,0.9287671072677884,0.9887650012969971,0.34782608695652173,21.14205567733101,0.9366313370549189
52007,-0.2800168236717582,0.744371771812439,0.820525586605072,0.96661776304245,0.008095698431134224,-2.6536567136645317,4.548468065612177,-1.4235629447039404,0.9009570474295148,1.0137661695480347,0.375,29.156049092610676,0.9077740530785174
52009,-3.679206967353821,0.7496503293514252,0.907471626996994,0.969646155834198,0.07081325352191925,-3.9632588624954224,-10.903690887438787,-17.96271445304865,0.9199662718846446,1.059078574180603,0.2,17.347335815429688,0.9553484171256178
52010,-14.47335034608841,0.7720637023448944,0.8847628906369209,0.8975377082824707,-0.05687685310840607,-11.447438597679138,3.5267763687566727,-43.020333975553385,0.8628112735225386,0.928412139415741,0.2727272727272727,22.4487594936205,0.9434544107337423
52011,0.36384453997015953,0.7969008088111877,0.8914460688829422,0.9545453786849976,-0.028620369732379913,-3.2909322530031204,1.799289499420578,-20.68713337396863,0.9148758857615533,0.9539963006973267,0.20833333333333334,24.63758190472921,0.9446497346306356
52015,-30.607542395591736,0.7089784443378448,0.8208838105201721,0.7984354496002197,-0.14824624359607697,-25.42116940021515,5.4585841488609965,-2.8945776498345057,0.7400372859698819,0.8529323935508728,0.45,40.96944808959961,0.9270379287481227
52016,-3.3424310386180878,0.7903243154287338,0.9310914278030396,0.9624959826469421,-0.05252155289053917,-4.778026416897774,3.6229309771746196,-26.980572546430693,0.9327207993653039,0.9554045796394348,0.5652173913043478,25.043587062669836,0.9663668615307803
53005,-12.278353422880173,0.8229009062051773,0.9316276982426643,0.9255583882331848,-0.05090983211994171,-9.64716374874115,3.096171247663278,2.733591458818914,0.9028242776918692,0.9466840624809265,0.35,25.07443655104864,0.9674580539898432
53006,-13.230882585048676,0.8096244633197784,0.9146262407302856,0.8819150328636169,-0.032588712871074677,-13.012780249118805,-0.695109323863786,31.602043709677396,0.8648698157284743,0.9478031396865845,0.2727272727272727,27.941552452419117,0.9601052007013746
53007,-13.172727823257446,0.7909298092126846,0.9090727120637894,0.9298676252365112,-0.046438854187726974,-10.19083857536316,8.679283371216028,-44.88729835980168,0.9002884924358869,0.9453110098838806,0.5,24.9421679455301,0.9549117630548638
53008,-11.05979010462761,0.8325811922550201,0.9390909448266029,0.9425660371780396,0.0027378511149436235,-5.969703197479248,-7.455913296362605,3.4973498623606534,0.9348498702799246,1.0034905672073364,0.19047619047619047,25.722344716389973,0.9694435725635444
53009,1.786474883556366,0.8255145251750946,0.9447448737919331,0.9944330453872681,-0.05425196513533592,-0.03352656785864383,4.436386620401387,4.867023608813821,0.941512256291967,0.9480497241020203,0.30434782608695654,16.58883293469747,0.9737132349932495
53013,-12.949708104133606,0.7708209156990051,0.889799602329731,0.9145504236221313,-0.07290291786193848,-9.370368719100952,7.453482855753947,-11.089610379465697,0.8719813860741261,0.9210010766983032,0.17391304347826086,30.111626784006756,0.946649221884612
53017,-5.485399812459946,0.7900378704071045,0.9060328155755997,0.9952875971794128,0.03623680770397186,-3.057548403739929,1.8434003850878498,16.72485033243476,0.9279353528737717,1.0548231601715088,0.4090909090909091,20.270258730108086,0.9534647688960995
53018,-2.802400104701519,0.8418398499488831,0.961176685988903,0.9576770067214966,-0.02172003500163555,-2.343008853495121,-2.4400348867335224,47.39066733531528,0.9467312486570185,0.9738854169845581,0.2608695652173913,15.941734935926355,0.9809119759137376
53022,1.527712494134903,0.8331024348735809,0.9538397490978241,1.0541354417800903,0.030645854771137238,2.9903000220656395,13.61377943194482,-15.30208858104237,0.932235036034638,1.0354833602905273,0.4583333333333333,18.797626097997032,0.9799407022307887
53023,-6.40767365694046,0.8454216122627258,0.9688306115567684,0.9644620418548584,-0.012584556825459003,-3.8442272692918777,-9.311711970167309,-69.38517925508059,0.959029878139643,0.9866672158241272,0.6111111111111112,18.48229169845581,0.9845778963093142
53028,-11.168430000543594,0.8411990702152252,0.9620152898132801,0.9689602255821228,-0.004169932100921869,-9.526418149471283,7.037788890605165,-14.949314271035083,0.9632968330476362,0.9956353306770325,0.47368421052631576,12.458252906799316,0.9809053795502103
54001,-1.441990863531828,0.8287632465362549,0.9557377174496651,1.0384576320648193,0.026259606704115868,2.1506626158952713,1.2450041893563963,-5.472844053320319,0.9487864341071994,1.0270752906799316,0.5,11.915763941678135,0.9797325753481007
54002,-14.371798932552338,0.8143822699785233,0.9401803761720657,0.8925743699073792,-0.0046436479315161705,-11.670219898223877,0.9388122891568966,-46.35143004306496,0.889049948439519,0.9937655329704285,0.17391304347826086,18.16306736158288,0.9729670689466724
54003,-17.2652930021286,0.5300179421901703,0.7460391521453857,0.808247983455658,-0.04089666157960892,-16.007043421268463,-43.737036057046566,91.9540906062468,0.7552949906509212,0.9269511699676514,0.5454545454545454,50.876834175803445,0.866674930404608
54004,-22.150230407714844,0.7466570138931274,0.8608376532793045,0.8403722643852234,-0.042594537138938904,-16.05805903673172,-7.196482337364148,-42.74754603379765,0.8219676034871829,0.9577561020851135,0.23076923076923078,28.697213759789097,0.9334419552604453
54005,-2.2238774225115776,0.8377649039030075,0.9553664326667786,0.9914953112602234,0.014305520802736282,-1.0091407224535942,-3.9525296630802447,1.597322793720528,0.9707408579981555,1.0168349742889404,0.42857142857142855,10.8753726595924,0.9776314662792945
54007,-33.24612081050873,0.7218200862407684,0.8048538416624069,0.7380192875862122,-0.05162457004189491,-27.309083938598633,13.68553532653421,-70.35981560248848,0.7103719932924959,0.9093886017799377,0.5909090909090909,40.38066430525346,0.9160949160948425
54008,-4.388907924294472,0.8573946058750153,0.9629855193197727,0.9305148124694824,-0.03314488008618355,-4.4055406004190445,-3.8462663620313213,23.12174105458501,0.9173857386027483,0.9585526585578918,0.2857142857142857,10.122463816688173,0.9832954261519922
54011,-7.564517855644226,0.7184588611125946,0.8460577875375748,0.9764190912246704,-0.025816893205046654,-8.706585317850113,1.9124847943610201,-54.176805493947164,0.9115469287263017,0.9660584330558777,0.2,26.07604598999023,0.9217960576923567
54012,14.026519656181335,0.7740972936153412,0.9002184793353081,1.0817129611968994,0.010558193549513817,10.081414133310318,-1.024448672717537,-9.70930848057815,0.9072821883660949,1.0084820985794067,0.6818181818181818,16.304987127130683,0.9570158334929763
54015,-34.74189043045044,0.7382270395755768,0.5344067513942719,0.5226389169692993,-0.035075124353170395,-27.299785614013672,-1.2370019460300798,16.7879343642021,0.45887514085093617,0.8827162384986877,0.25,29.009964466094974,0.7737544942215338
54016,2.1993858739733696,0.8297999501228333,0.9462616927921772,0.9710032343864441,-0.011715798638761044,0.7067582570016384,3.077879801329699,-14.618653631969336,0.9584874547921108,0.9879840016365051,0.5909090909090909,15.236288850957697,0.9728321002483071
54017,-25.022608041763306,0.7053681313991547,0.6949720084667206,0.7264133095741272,-0.09013894200325012,-22.8716641664505,0.7639870175612419,-13.167479927408174,0.640274721485051,0.823387861251831,0.45,34.42450284957886,0.8471577569149396
54018,0.269812997430563,0.8022261708974838,0.887089692056179,1.0015263557434082,0.009231186471879482,-1.869594119489193,-1.5028183441667347,-13.573874340901156,0.9422571352027171,1.01262366771698,0.15,23.16873550415039,0.9436745911109992
54019,-0.37620377261191607,0.779051348567009,0.8955160975456238,1.006649136543274,-0.029442349448800087,0.9292908012866974,0.6630971575745979,-3.992904648974297,0.9353633286202507,0.9614362120628357,0.45454545454545453,20.229502157731492,0.9485556365554008
54020,-2.9745666310191154,0.8065059930086136,0.9439149238169193,0.985194206237793,-0.03344689682126045,-1.6198592260479927,2.2200516228061367,1.014376808248074,0.9545505374484694,0.9672213792800903,0.09090909090909091,16.154257817701858,0.9722150375023776
54022,-3.582996129989624,0.7471408545970917,0.900962695479393,0.9533354640007019,-0.008311064913868904,-6.541559100151062,4.397390629737991,-0.08943506307572988,0.9300919538385489,0.9884869456291199,0.18518518518518517,20.854935822663485,0.9492357844822266
54024,-10.77415943145752,0.7296946048736572,0.917944997549057,0.9387996792793274,-0.03481404110789299,-6.880582123994827,5.505634181449389,33.61301613313513,0.91958920830333,0.967838704586029,0.2727272727272727,18.17949901927601,0.9589382508620571
54025,0.3731746459379792,0.7950838506221771,0.9424443878233433,1.0228959321975708,0.06255986541509628,1.2285678647458553,-4.8593523910326315,57.18466056983795,0.9056257215490328,1.0877959728240967,0.3333333333333333,11.844264893304734,0.9740356421643936
54027,-10.117419809103012,0.8140056729316711,0.946915578097105,0.9403133392333984,-0.02005726657807827,-7.24346861243248,3.425198942399843,-3.5179786126757358,0.9335985973273325,0.9871758222579956,0.7777777777777778,18.916980425516762,0.9738812468009701
54028,-7.214127480983734,0.7999995946884155,0.9394668117165565,0.969921886920929,0.029691727831959724,-6.629506498575211,-6.702877912990825,25.97760143233103,0.940685273320681,1.0411874055862427,0.19047619047619047,17.508084433419363,0.9697156552701024
54029,-2.4446507915854454,0.8274355083703995,0.9553693868219852,0.9712713956832886,-0.05888472869992256,-2.901429869234562,2.379226740685107,11.920471056582931,0.9189758671569427,0.9271414279937744,0.2,13.121747970581055,0.9792345026017464
54032,3.1713537871837616,0.8364683240652084,0.9600481353700161,0.9895980358123779,0.0007405061624012887,1.4169096015393734,1.6710220363654331,7.26348398465325,0.9773287355147692,1.000727891921997,0.95,8.42117428779602,0.9798690400688739
54034,11.497895419597626,0.7106656432151794,0.7619775533676147,1.1592254638671875,0.07877909392118454,11.822234839200974,-7.6979296247411675,-0.8616717171859295,0.7519561053326219,1.1680556535720825,0.2857142857142857,22.60776928492955,0.9109476410166439
54036,-7.055473327636719,0.7025701701641083,0.8562218248844147,0.9942766427993774,-0.06839644908905029,-7.250318676233292,14.850078998808842,-28.359818681061675,0.8725226507944996,0.8935717940330505,0.2727272727272727,27.394758571277965,0.9300660689116381
54038,-2.434784173965454,0.8385017663240433,0.9503854289650917,0.9857765436172485,-0.002661240054294467,-1.3097363524138927,-2.067923029633444,19.059436184487318,0.9710016427377051,0.996737539768219,0.3181818181818182,18.71569590135054,0.9749409823481504
54044,-10.449115186929703,0.6704148650169373,0.8796008378267288,0.9291766881942749,-0.118689626455307,-6.625453382730484,11.861855676498678,-24.313946746222793,0.8828877455106598,0.924315333366394,0.09523809523809523,17.641122000558035,0.9454915612679565
54048,-10.29868796467781,0.726838231086731,0.8081236630678177,0.8811037540435791,-0.013546988368034363,-5.826989188790321,1.6149272567682231,-10.135755027180817,0.8412454874123259,0.9697592258453369,0.13043478260869565,36.52723146521527,0.8992420050668587
54049,-8.601417392492294,0.7404649257659912,0.8590223491191864,0.8675861358642578,-0.03370422124862671,-8.81081148982048,-14.95049912968722,-20.151976668738904,0.8375953209498443,0.9377638697624207,0.22727272727272727,26.631301099603828,0.929512324090829
54052,50.677335262298584,-0.0002384185791015625,0.29201745986938477,1.350044846534729,0.6638517379760742,47.20918536186218,-24.379717000041634,51.7938111433064,0.3484774590283767,1.5468785762786865,0.391304347826087,29.805457073709242,0.9463898366352472
54057,-19.398242235183716,0.8072853088378906,0.9312013685703278,0.8690601587295532,-0.06215488910675049,-12.29046806693077,-1.7011853999011377,14.99034596548239,0.851736621173098,0.9361189007759094,0.5,14.811468124389648,0.9725046798316231
54060,34.46809649467468,0.41745197772979736,0.490037739276886,1.3780466318130493,0.16342146694660187,39.325764775276184,15.641563198278611,51.41138010279999,0.5455850745326116,1.2198296785354614,0.47058823529411764,42.21620559692383,0.8765148547503119
54063,-40.429213643074036,0.4762434959411621,0.6958031356334686,0.6225520372390747,0.09728073328733444,-32.512933015823364,-21.181263815289988,15.419425710119118,0.5709847616213981,1.1631923913955688,0.07692307692307693,38.60314809359037,0.8777079170212919
54080,-23.83246272802353,0.651768684387207,0.8180851191282272,0.7635295987129211,-0.07673721760511398,-18.39694380760193,-16.48872031725753,87.0112079072676,0.7324750119488901,0.9027115106582642,0.23809523809523808,30.053134191603885,0.9213468475617322
54095,-10.376974940299988,0.837443470954895,0.956075269728899,0.9579567909240723,-0.018574358895421028,-6.695353984832764,0.7269412536920798,-8.116017389077816,0.9485499277700521,0.9799199104309082,0.5714285714285714,17.648584502083914,0.9781764231629658
54096,-25.270065665245056,0.6882995665073395,0.8650031089782715,0.8178921937942505,-0.11087249219417572,-24.321909248828888,24.076092276248403,8.205635267374921,0.7521333894186291,0.8410086035728455,0.23809523809523808,32.40778559730166,0.9452611708001575
55002,-9.730713814496994,0.8304200917482376,0.9479070976376534,0.887687623500824,-0.0370061881840229,-11.01168766617775,1.5334444670091347,15.09665618668562,0.8764334976492199,0.9531615376472473,0.18181818181818182,17.784178775289785,0.9785344687290892
55007,-10.065197944641113,0.8117137998342514,0.9314330145716667,0.951076865196228,0.02425258792936802,-7.055886089801788,-9.705108909541247,59.930392432270686,0.9319024553614133,1.032480239868164,0.2608695652173913,19.01023698889691,0.9655204918120517
55008,-5.411463603377342,0.7263554334640503,0.8632602840662003,0.9369404315948486,-0.013106823898851871,-6.809163838624954,-1.6635231086430422,14.267920162255635,0.9034791763706601,0.9817485809326172,0.25,18.131795951298304,0.9292423436745609
55013,10.435005277395248,0.7880631983280182,0.9165804609656334,1.1411575078964233,0.03341584652662277,11.583393812179565,17.324078959450198,7.868613583713775,0.850942593359382,1.0393153429031372,0.3181818181818182,18.28627803108909,0.9726692069030837
55014,0.10140429949387908,0.830795019865036,0.9544973373413086,1.0425046682357788,0.05520062521100044,0.5280149169266224,-0.49292681028671304,0.5975367930720868,0.9242776260552787,1.0595579147338867,0.2,7.271262407302856,0.9805042084915317
55016,-13.753953576087952,0.7790117561817169,0.9108500927686691,0.9416564106941223,0.03479974344372749,-9.711549431085587,1.7459050334739232,34.37884205898858,0.9107598999121516,1.0504484176635742,0.36363636363636365,21.560096740722656,0.9551137191801565
55018,4.613829776644707,0.7406723499298096,0.8083392977714539,1.0950664281845093,0.02149219624698162,1.5899023041129112,15.536498088267386,-3.4422180902441326,0.8690896348012729,1.0343810319900513,0.2857142857142857,23.512050083705358,0.9168264309530803
55021,-8.613080531358719,0.8204886615276337,0.9508939906954765,0.9236822724342346,-0.026897268369793892,-10.114456713199615,-12.065969782786896,-3.7346859979025084,0.9152566292871407,0.9712540507316589,0.05,13.880828619003296,0.9769627749145721
55023,1.769089326262474,0.8192206174135208,0.9516239874064922,1.036028504371643,0.019980620592832565,2.2408073768019676,10.753532241161638,5.296483278102889,0.9519538283273,1.0224250555038452,0.4782608695652174,11.259615939596426,0.9774722755078433
55025,-3.884638473391533,0.7869389802217484,0.8925663530826569,0.9775579571723938,-0.03658665716648102,-0.886085256934166,0.026005071435178096,47.42725591783505,0.9244170851943305,0.9521220922470093,0.35,18.80818486213684,0.945992244321384
55026,-6.248882412910461,0.7834768146276474,0.9188824817538261,0.9789837002754211,0.007755921222269535,-3.46781425178051,3.7386312317301327,33.80359018905357,0.9526589288994666,1.0102109909057617,0.4166666666666667,20.91532746950785,0.958826855554198
55029,-13.81307989358902,0.7657223045825958,0.880561001598835,0.9324586987495422,-0.0033646533265709877,-11.660046875476837,9.548115112332484,36.174852413278174,0.9084411595237122,0.9947563409805298,0.52,26.988588333129883,0.9384069976795678
55032,-11.158112436532974,0.6366751194000244,0.8063907474279404,0.9030565619468689,0.010729754343628883,-9.544030576944351,-41.8702492391252,-205.71562958186155,0.8579896219159648,1.0194758176803589,0.42105263157894735,35.18142951162238,0.8980705644688897
56001,-5.673069879412651,0.8218974471092224,0.9426207132637501,0.9744866490364075,0.010870169848203659,-5.659674853086472,4.06045003917978,-10.619632423380015,0.9589323169725285,1.0138543844223022,0.375,15.510098139444986,0.9709538377038809
56002,-1.3765711337327957,0.8221939951181412,0.9492248557507992,0.985458254814148,0.02436799556016922,-1.820206642150879,5.328597682211587,1.1320473249896543,0.9583984207776463,1.029604434967041,0.23809523809523808,12.78813225882394,0.974646371639827
56007,-1.1691384017467499,0.761777937412262,0.9075842946767807,0.9897543787956238,0.03409849852323532,0.5616994574666023,-2.5469157637667097,8.310433078895976,0.9312251734391174,1.0500478744506836,0.20833333333333334,22.64470855394999,0.9539542154200351
56012,11.3013356924057,0.7830401062965393,0.9035714790225029,1.0416781902313232,-0.022696224972605705,7.945243269205093,-0.5652320317709372,-21.49013736057229,0.934563205705593,0.9776060581207275,0.375,19.361764192581177,0.9547958644184193
56013,-5.161350592970848,0.8187431246042252,0.9352907314896584,0.9941827654838562,0.010518929921090603,-3.7800822407007217,3.820791764156866,3.2393987087290648,0.9643934293744052,1.0134016275405884,0.2916666666666667,22.34316269556681,0.9675287198656567
57004,-4.857185482978821,0.7999328374862671,0.9247736856341362,0.9762194156646729,0.01206113863736391,-2.8909171000123024,-2.4800658970941103,-17.168571886550524,0.9516463791821993,1.017775535583496,0.35,17.279517650604248,0.9618347436851015
57005,-5.947775021195412,0.8225207626819611,0.9253854751586914,0.9642361998558044,-0.023278778418898582,-4.024257510900497,-5.235158354398669,-25.66040285851246,0.9394592533680799,0.9689949154853821,0.4782608695652174,21.585736067398734,0.9622532473418205
57006,-10.61832308769226,0.7929413765668869,0.9208463653922081,0.9450837969779968,0.00584730040282011,-7.371743768453598,0.06497595675011757,-16.001326643024427,0.9314132523603049,1.0082006454467773,0.25,23.30416043599447,0.9597370888820294
57007,-16.52887761592865,0.8024189323186874,0.9042609483003616,0.892950713634491,-0.01973389834165573,-12.616100907325745,1.1295502463904674,-31.513488637746846,0.8795122667347675,0.970824122428894,0.3333333333333333,29.298784619285946,0.9530264720934769
57008,-6.591527163982391,0.8136088401079178,0.9260119572281837,0.964726984500885,-0.0021320299711078405,-3.737368807196617,-4.4841639468313925,0.8449211836402145,0.9482935510967045,0.9971497058868408,0.2916666666666667,22.179371118545532,0.9623005695101798
57009,-12.827427685260773,0.7759266197681427,0.9003633484244347,0.912460207939148,-0.011046473868191242,-10.929274559020996,-6.72664521984248,7.826500737718513,0.8980994588406982,0.9863170981407166,0.20833333333333334,27.717753251393635,0.9496682675520646
58001,-12.720385193824768,0.7675212770700455,0.9014134407043457,0.946524441242218,0.011091051623225212,-6.7160844802856445,-6.798151368974943,-35.97204907717915,0.9252906210349464,1.0130897760391235,0.24,25.343009948730465,0.949497389333495
58002,-19.40784603357315,0.7904968112707138,0.8992421701550484,0.8455079793930054,-0.052498381584882736,-15.877218544483185,-8.133086914170171,-28.070050626080583,0.8226160124304744,0.9246650338172913,0.24,32.67035675048828,0.9561600925516066
58006,-4.29638996720314,0.8027969598770142,0.9319094866514206,0.9540460705757141,-0.02044760435819626,-3.267546370625496,-7.2490132732352635,-31.674451526773833,0.936253051546691,0.9722267985343933,0.2,19.482912063598633,0.9656407350496637
58008,-13.275337219238281,0.768873855471611,0.8918356597423553,0.8626934289932251,-0.06298045814037323,-11.963146924972534,-11.249527630498047,-10.483858065516223,0.8313190087615876,0.915421724319458,0.23076923076923078,26.34264322427603,0.9505358953741089
58009,17.083998024463654,0.7205937802791595,0.8466893136501312,1.1786597967147827,0.09259296953678131,17.456741631031036,5.084829163971034,-78.34689789809023,0.7910479777848887,1.0972172021865845,0.2916666666666667,18.666485945383705,0.9521414560958064
58010,-19.807729125022888,0.7383463978767395,0.8783500492572784,0.8052257299423218,-0.037390537559986115,-20.097781717777252,-12.749128241222586,-31.74557596318398,0.7880826532665633,0.9339741468429565,0.19230769230769232,27.300770466144268,0.9488870634288855
58012,-12.101001292467117,0.7713649868965149,0.9129812270402908,0.9572921395301819,-0.01774832047522068,-8.118317276239395,8.562864086186856,-23.862133301490175,0.9347346324715521,0.9783166646957397,0.23076923076923078,20.771921597994293,0.9556667187905412
59001,-14.73696231842041,0.740069180727005,0.8841076120734215,0.8492318987846375,-0.006146932020783424,-13.89690488576889,-15.82870554675696,-5.782532257804189,0.8393556272527974,0.9916651248931885,0.19230769230769232,29.66591578263503,0.9451718684596109
60002,-10.331418365240097,0.7912654429674149,0.9018561318516731,0.9181925058364868,-0.04823415353894234,-10.668835043907166,-5.46790142318008,28.110897780305045,0.8871186233058148,0.9392191767692566,0.43478260869565216,29.809041645215906,0.9514672210722032
60003,-10.283518582582474,0.8061038255691528,0.925672136247158,0.9279228448867798,-0.04349707067012787,-11.228232830762863,9.423307477326622,10.609100536032981,0.9061477985510198,0.9520378112792969,0.4782608695652174,23.340964317321777,0.9637681372170238
60005,2.615990862250328,0.6922934055328369,0.8551642298698425,1.0378339290618896,-0.02556995116174221,5.039697140455246,2.3870079629144945,48.56133755854275,0.9152391490230847,0.9680120348930359,0.3333333333333333,27.070005734761555,0.931226707521114
60006,-6.598173826932907,0.790220707654953,0.9084739908576012,0.9283810257911682,-0.0677805244922638,-8.234736323356628,-1.6683893495365212,-4.332537178788617,0.8832128428346324,0.9189507365226746,0.43478260869565216,27.402465239815086,0.9559434510903766
60010,1.5437591820955276,0.8103615939617157,0.9456442035734653,0.9636959433555603,-0.07461243867874146,-2.699700929224491,0.2578716545886343,22.622911945467333,0.9058660295456445,0.9167137145996094,0.3333333333333333,17.62598156929016,0.97537045414825
60012,-13.541515171527863,0.7345099151134491,0.8749254196882248,0.8768925070762634,-0.07170682400465012,-12.54996508359909,-7.346241569769829,35.96937360703509,0.8345464070803532,0.9069938063621521,0.16,28.55386734008789,0.9402565104714206
6007,-6.945569813251495,0.6998789608478546,0.9136324822902679,0.9187305569648743,-0.04195939376950264,-3.518372029066086,-11.654507228163915,36.5015520919868,0.901661774798952,0.9644529819488525,0.32,15.748289108276367,0.9575489261369765
6008,-15.2544304728508,0.7473374903202057,0.8847907781600952,0.8576152324676514,-0.02928789146244526,-13.806098699569702,-16.538518996220112,50.983713874558,0.8411910688629979,0.9559717774391174,0.2727272727272727,30.536651611328125,0.9451513883332904
61001,0.4453292116522789,0.7196228802204132,0.8845197930932045,0.9729688763618469,-0.13790865242481232,-1.5201415866613388,10.203099532952004,11.722185323045377,0.8607412730630806,0.8725553154945374,0.43478260869565216,30.17559051513672,0.9508048399306043
61002,-7.035161554813385,0.7626163214445114,0.9099805876612663,1.0250693559646606,0.007048201281577349,-5.387059971690178,11.481500859326015,-4.088593891288275,0.9491800310906177,1.0074256658554077,0.375,21.66497310002645,0.9564218389778602
62001,2.2793058305978775,0.8541961163282394,0.9665476456284523,0.9929048418998718,-0.026966094970703125,-0.06777920643799007,3.6077657569695054,10.761395460388435,0.966088658289021,0.9712094068527222,0.13043478260869565,11.6074043771495,0.9835458341323273
63001,-17.70724505186081,0.7907000780105591,0.9145301729440689,0.8373827338218689,-0.03380229324102402,-16.483351588249207,-10.223367137858276,22.772705076485757,0.8278789529496435,0.9554268717765808,0.25,24.664753675460815,0.9654382318328397
63004,-4.70242016017437,0.7534867972135544,0.8931624069809914,0.9069318175315857,-0.06170815974473953,-6.839463859796524,-3.4902930939671637,7.272718620650598,0.8672884267925198,0.9209811687469482,0.2222222222222222,23.44643098336679,0.9479740508723574
64001,-1.4756417833268642,0.8181410282850266,0.9378677159547806,0.9821916222572327,-0.022577481344342232,-3.309538960456848,1.5583113068595573,16.0084998585811,0.9539292273630313,0.9711658358573914,0.3076923076923077,17.406366421626167,0.968791527564854
64002,-2.123311161994934,0.7079542875289917,0.8834454566240311,0.982846736907959,0.038261253386735916,-2.480428107082844,-5.598102626265286,-18.447127781438354,0.9251937458820729,1.043487787246704,0.3076923076923077,18.92081224001371,0.9416000549586174
64006,-19.292709231376648,0.8019646555185318,0.9183841720223427,0.8499859571456909,-0.057631656527519226,-16.964659094810486,-6.122567828730661,14.0159756375845,0.835017496354715,0.9396843910217285,0.23076923076923078,25.521289385282074,0.9671817006968327
65001,-9.40985232591629,0.7451341450214386,0.8971748501062393,0.9391010999679565,-0.01139625534415245,-7.331152260303497,-5.651497812286122,21.534552841774968,0.9182429712573547,0.9859306812286377,0.20689655172413793,19.810684796037346,0.9472971538432439
65004,-4.957954958081245,0.7666288614273071,0.9092721864581108,0.9357335567474365,-0.014392922632396221,-5.362533777952194,-10.000589097587627,8.718698129264494,0.9193632304130475,0.9844696521759033,0.3157894736842105,17.541837692260742,0.953838098202664
65005,-23.900209367275238,0.7122126817703247,0.6248795688152313,0.7349205017089844,-0.08911722898483276,-22.01358824968338,3.893023891921822,-18.407196717550733,0.6479267340043525,0.8864945769309998,0.2692307692307692,34.821290236253006,0.7979976159829972
65006,-6.459800899028778,0.7469183802604675,0.9014066755771637,0.8798136711120605,-0.09357458353042603,-7.6607875525951385,-14.035250371984176,35.591827348144434,0.8390259980495001,0.9018566012382507,0.3333333333333333,19.749955777768736,0.9571543592428368
65007,-18.68899017572403,0.7472525835037231,0.87883011251688,0.8577415943145752,-0.07450853288173676,-17.599540948867798,1.3144113335259384,-2.4234741997524663,0.8255867944773719,0.9157910346984863,0.32,25.71416473388672,0.9443999780992125
65008,-23.537403345108032,0.6889712810516357,0.8438992351293564,0.8242872953414917,-0.02472550794482231,-20.79932540655136,-14.479219692161251,-608.2770564456118,0.8053179268401707,0.9637725949287415,0.038461538461538464,25.843726671659027,0.9244107801786265
66001,-4.300539568066597,0.8574492186307907,0.9666705019772053,0.963428795337677,-0.014193974435329437,-4.457123950123787,-2.0448073626793932,18.021625300596753,0.9570421150928595,0.9846467971801758,0.18181818181818182,14.461449059573086,0.9835013325260811
66004,-17.17776358127594,0.7853774279356003,0.9243813827633858,0.8793455362319946,-0.08449344336986542,-14.644613862037659,-5.77860390759389,-15.155858717285003,0.8624826483673609,0.9415751099586487,0.5454545454545454,16.697353666478936,0.969339690207599
66006,-21.50767296552658,0.7841672450304031,0.9017691910266876,0.8370176553726196,-0.0736539289355278,-17.32557564973831,-5.674549816964865,47.806137840732305,0.8058776353443595,0.9022533297538757,0.22727272727272727,32.628679275512695,0.9604293510913111
66011,-5.996329709887505,0.748462587594986,0.8975173160433769,0.9611448645591736,-0.016840267926454544,-4.870475083589554,-2.3800357411988284,39.8236278831774,0.9304162753783672,0.9757406115531921,0.1111111111111111,16.86116677743417,0.9476200873017037
67001,3.164946660399437,0.7618022412061691,0.934393584728241,0.9892343878746033,-0.005174532998353243,1.309646386653185,-12.398647034982794,59.43376781130524,0.9648412121698043,0.9949581027030945,0.4,12.538524627685547,0.9669119171165557
67005,17.12224632501602,0.812804788351059,0.917811393737793,1.0947940349578857,0.022439569234848022,13.003973662853241,-0.509930524174718,3.5357958488596206,0.8967480941804324,1.023930311203003,0.4090909090909091,16.917049884796143,0.9667977832441352
67006,-9.598423540592194,0.7687215209007263,0.9251046031713486,0.9050105214118958,-0.01822836697101593,-7.821226119995117,-15.29789622672386,56.006039012123544,0.8959476788279981,0.977802038192749,0.3333333333333333,22.381552060445152,0.9637904019568659
67008,0.8959040977060795,0.8167706280946732,0.9375505521893501,0.952815055847168,0.002597673097625375,-2.662624977529049,-11.121533325846224,2.8182336813357507,0.9431358634998209,1.0029335021972656,0.5217391304347826,16.826806897702422,0.9684008602955119
67010,-4.067406430840492,0.724742203950882,0.8660414665937424,0.9657474756240845,0.0393587090075016,-3.103150427341461,-9.054437853791168,-27.09581997498744,0.9035805189994877,1.0592191219329834,0.21428571428571427,22.703230381011963,0.932054606574309
67015,-1.110311597585678,0.8445008099079132,0.9638875983655453,1.0013610124588013,0.015042153187096119,0.5530730355530977,-9.488188612508994,1.823512120891805,0.9764477650262141,1.0152252912521362,0.2608695652173913,13.205404903577723,0.982082245574988
67018,-3.1136048957705498,0.7507456392049789,0.8862849846482277,0.9776239991188049,0.0022668063174933195,-1.806180365383625,-2.9098854423010514,-33.188717863100315,0.9378351150590343,1.0033701658248901,0.17857142857142858,21.46878753389631,0.9420998317221703
67025,7.56324902176857,0.7244653403759003,0.8646395802497864,1.029199481010437,0.08197992295026779,2.172628603875637,-2.6735982494300776,22.27901079825425,0.8836585600418163,1.0939611196517944,0.34615384615384615,23.186874389648438,0.9379191740225216
67033,12.516683340072632,0.8087904900312424,0.9413938820362091,1.0604526996612549,0.059998806565999985,11.18040531873703,-11.32112895370367,21.164173036524417,0.9079447507868836,1.0650646686553955,1.1363636363636365,12.050571224906227,0.975787835616809
68001,6.3187383115291595,0.7756223678588867,0.9305156394839287,1.063053011894226,-0.01152543444186449,4.554504901170731,20.402971290213618,-13.737109622365754,0.928878390802387,0.9882912635803223,0.16,17.296581268310547,0.9692509109504187
68003,-6.286615878343582,0.7821172326803207,0.9321595951914787,1.0135623216629028,-0.035901542752981186,-3.7071306258440018,9.57436659908206,22.32393166858139,0.9502410080804905,0.9650696516036987,0.08,13.365706443786621,0.9672602463529307
68004,-14.622019231319427,0.6588205397129059,0.8139722943305969,0.936730682849884,0.014772874303162098,-10.388221591711044,3.5470035948950533,47.923233602451134,0.8830575838204745,1.0159738063812256,0.4782608695652174,31.830588976542156,0.9029569182323721
68005,-9.267138689756393,0.7429677844047546,0.8819088116288185,0.8617972731590271,-0.10625867545604706,-9.864132106304169,-13.985164757009663,-16.55339263558947,0.8104227740801182,0.8806244134902954,0.21739130434782608,24.912174888279125,0.9491177808398515
68020,-13.59548419713974,0.6512589156627655,0.7704369425773621,0.8603135943412781,-0.10932855308055878,-17.55455583333969,13.214894847883127,-21.531919728699425,0.7657613131196631,0.8513384461402893,0.15384615384615385,30.5069611622737,0.884868714462194
69002,-10.330140590667725,0.754433274269104,0.8822253122925758,0.9578380584716797,0.019546542316675186,-7.764916121959686,0.1297305951651432,-7.507155235309088,0.923574617105383,1.0205143690109253,0.32142857142857145,27.07233599254063,0.9396479453437175
69007,-19.328737258911133,0.7260774075984955,0.8949920535087585,0.8753830194473267,-0.12709903717041016,-15.979284048080444,4.218209145505098,-5.633080089261171,0.8221836961960393,0.8802703022956848,0.28,28.50740242004395,0.9581186730860829
69012,-6.579817086458206,0.7626578956842422,0.9037265628576279,0.9195329546928406,-0.03889952227473259,-6.795469671487808,-9.803729797377896,12.886264622639112,0.9005524966007988,0.9666783809661865,0.19230769230769232,18.38962848369892,0.9519944768090682
69015,-14.810247719287872,0.6276803910732269,0.8356954604387283,0.8788655400276184,-0.18233105540275574,-14.121715724468231,10.050302846229522,11.71045862278105,0.7667427615566691,0.8119811415672302,0.32,29.75238037109375,0.9337860228724592
69017,-4.280071333050728,0.8067892789840698,0.9212826043367386,0.9775208234786987,-0.007013559341430664,-3.4130994230508804,-2.150350046059271,-11.289530636835773,0.9535603465373954,0.9927257895469666,0.24,17.936079025268555,0.9600198311792464
69023,-13.286884129047394,0.7855425328016281,0.9117119386792183,0.9122874140739441,-0.020905345678329468,-11.695943027734756,-0.4764899684603255,-24.43857142004158,0.8994435641930946,0.9779078364372253,0.2222222222222222,21.699530990035445,0.9560678322698712
69027,-13.28396201133728,0.7364114224910736,0.8930241465568542,0.8919311165809631,0.006445983424782753,-13.403023779392242,-2.6294220956669836,-20.785370147091182,0.8792759528791576,1.0066348314285278,0.36,24.50824546813965,0.94660158240441
69030,-6.129034608602524,0.6989177763462067,0.8682848215103149,0.9837196469306946,0.07044998556375504,-2.8459029272198677,-7.345098902730997,32.555319919071636,0.9027913942453439,1.0710721015930176,0.4,22.286928176879883,0.9357098801381215
69032,-12.660980224609375,0.7154955565929413,0.8694140315055847,0.8675376772880554,-0.10151996463537216,-11.531893163919449,-14.362516730528426,34.33238877047791,0.8257440451630422,0.903495728969574,0.1111111111111111,28.536174915455003,0.9407902328092519
69043,-23.834234476089478,0.624075710773468,0.7314085960388184,0.7665292024612427,-0.125745490193367,-21.996299922466278,1.336077277497108,29.790813462076382,0.7091137358337967,0.8843285441398621,0.1111111111111111,28.923998560224263,0.8706697263732001
70002,-15.998819470405579,0.6850086748600006,0.8614768981933594,0.7998749017715454,-0.10472994297742844,-14.986121654510498,-20.21266075784159,50.74523251782432,0.7685856258920327,0.8974788784980774,0.2727272727272727,24.793145873329856,0.945301030642053
7001,-8.368822932243347,0.6305187046527863,0.8011657148599625,0.9098460078239441,0.005603132303804159,-8.435451239347458,-6.013128989600138,18.543849611970966,0.8615889664753846,1.0070797204971313,0.37037037037037035,33.11864711620189,0.8952157003470733
7002,-18.8061386346817,0.675771951675415,0.8272148966789246,0.8394023776054382,-0.011281750164926052,-15.63321202993393,-10.801852666589532,3.702603345884583,0.8165562328528311,0.9856191873550415,0.2222222222222222,32.40995760317202,0.9125173639284395
7003,-15.08679986000061,0.7137325704097748,0.8847195729613304,0.8725780844688416,-0.027218226343393326,-12.817290425300598,10.899608702158998,-73.5507648854297,0.8558927928331788,0.9631548523902893,0.32142857142857145,24.237304074423655,0.9436708095441617
7005,-13.83013129234314,0.6802723705768585,0.8542349934577942,0.9067928791046143,0.0321505144238472,-10.624397546052933,-2.3592608355129148,-11.841679542182318,0.8719482568562342,1.0456358194351196,0.23333333333333334,25.93713601430257,0.9249863111090045
7006,18.11482608318329,0.5553006827831268,0.5736238658428192,1.3141257762908936,0.09607207775115967,18.395595252513885,25.438139074919146,-65.32157167505336,0.6353134793553865,1.1401375532150269,0.37037037037037035,26.600915414315686,0.87882772103974
71001,-13.513141870498657,0.7688562870025635,0.8963375613093376,0.9163264036178589,-0.03629535809159279,-11.811862885951996,4.674767527698545,-32.913501058486325,0.8903853021596779,0.951963484287262,0.2222222222222222,21.525287628173828,0.9479749636301567
71004,-10.789696872234344,0.7695189118385315,0.8952629789710045,0.9135969877243042,-0.016374191269278526,-9.926524013280869,-4.911653382535509,-34.960994006830745,0.8964920326006431,0.979263424873352,0.2857142857142857,25.245252677372527,0.9469112701522332
71006,-7.55523294210434,0.7865216135978699,0.9028298184275627,0.9246036410331726,-0.026296397671103477,-7.960773259401321,1.967332498615191,8.441193162567393,0.9027556352039801,0.9631062150001526,0.2962962962962963,25.660569579512988,0.9509010777357411
71008,-10.331762582063675,0.7521904408931732,0.8964883238077164,0.9034826159477234,-0.01985790766775608,-10.187529772520065,-0.18934522220707015,-67.80605840151827,0.886709526399962,0.9712884426116943,0.14814814814814814,20.721603322912145,0.9480888022044929
71014,-20.0427308678627,0.7385134398937225,0.8650793731212616,0.8427973389625549,-0.028582049533724785,-17.554330825805664,-8.328198037754591,-23.27544171167353,0.8262536869569466,0.9644555449485779,0.21428571428571427,28.474702153887065,0.9351024162707247
72002,-17.665836215019226,0.743922233581543,0.8648098856210709,0.8130728006362915,-0.06890455633401871,-19.372695684432983,-3.1819008939390736,-25.686548887316057,0.7797240976360392,0.8993486166000366,0.21428571428571427,26.466516086033415,0.9412718609185414
72004,-11.229006201028824,0.7723253965377808,0.9014433100819588,0.9252718091011047,-0.026743054389953613,-9.663401544094086,4.627565702399918,2.4506625741402743,0.9032705374281691,0.964127242565155,0.28,24.14029312133789,0.9501458959720036
72005,-12.07897663116455,0.789076179265976,0.9107262343168259,0.9058049321174622,-0.01882162131369114,-8.244752138853073,1.296529991061033,2.6489672144004426,0.8922219056001498,0.9718743562698364,0.2413793103448276,27.03797570590315,0.9558145387731324
72007,7.176093757152557,0.6978360414505005,0.8223583102226257,1.0701780319213867,0.0641278475522995,8.563891053199768,-0.47298848777489266,21.01713428834352,0.8594894862346407,1.0928057432174683,0.2962962962962963,22.013097339206272,0.9212260046709615
72009,-0.10169154265895486,0.7653763890266418,0.8708373457193375,0.9936971068382263,0.015644872561097145,0.6341696251183748,-1.0991131198776518,3.181397486518874,0.9296438306980023,1.0265523195266724,0.36,23.606550216674805,0.9351521902883673
72014,3.8170643150806427,0.7506252080202103,0.8702814131975174,1.036521553993225,0.020744595676660538,3.2327868044376373,2.296885507608424,18.78796915814344,0.9219258671144008,1.0308548212051392,0.36,21.961097717285156,0.9382770194485308
72015,-9.479837119579315,0.7884964346885681,0.9229550510644913,0.9125228524208069,-0.0012969457311555743,-6.3751257956027985,-4.746171028413867,-2.49111906777667,0.9045935542301059,0.9978781342506409,0.17857142857142858,23.209289142063685,0.961978476732336
73005,-12.339602410793304,0.8161936551332474,0.9223892465233803,0.9235616326332092,-0.016670651733875275,-8.921167254447937,2.5087401999851147,0.43641690144964546,0.9118462423470084,0.9792562127113342,0.2413793103448276,22.79064408664046,0.9612965599518015
73009,-12.243760377168655,0.7838505357503891,0.9166586324572563,0.8916917443275452,-0.008903546258807182,-9.505074471235275,-9.54312699166796,0.7484907563583523,0.8838741014217808,0.9879277944564819,0.2413793103448276,21.361596008826947,0.959890052018183
73010,-5.847326293587685,0.8659746497869492,0.977101556956768,0.9788430333137512,-0.02206169255077839,-4.503211006522179,-1.0086323532854296,30.020119650521565,0.9680899412586574,0.9789106845855713,0.2916666666666667,8.088977634906769,0.988780580012156
73011,-18.7895730137825,0.7970317602157593,0.9135658964514732,0.8671658635139465,0.006604861002415419,-15.060821175575256,-8.088518325193343,-6.863545475827637,0.8610894513224558,1.0089473724365234,0.20689655172413793,22.483812529465247,0.9603619217874653
73014,-17.49219298362732,0.7430321574211121,0.8810708671808243,0.8817890882492065,0.019478321075439453,-15.806446969509125,-7.790058587306954,9.704134856879428,0.8650069671798397,1.0270757675170898,0.03571428571428571,28.020213331495015,0.9407024278204286
73015,-32.49428570270538,0.7153984308242798,0.8060615807771683,0.7181987166404724,-0.047554757446050644,-31.357619166374207,3.882006426806997,-4.006897104281469,0.6940155340953624,0.9099668860435486,0.16666666666666666,40.78028996785481,0.9218426685257604
74001,-14.026281237602234,0.7662806808948517,0.901146799325943,0.8923648595809937,-0.0391266793012619,-12.12742105126381,-6.769782647664337,13.717810588587243,0.8730098041416671,0.9527409076690674,0.1724137931034483,19.780315201857995,0.9519608015972901
74005,-3.647296130657196,0.7731135934591293,0.9178686290979385,1.0015881061553955,-0.02419271133840084,-3.2538756728172302,2.6069555607136228,-67.31649080691807,0.9522083880913889,0.9750111103057861,0.32142857142857145,19.707540103367396,0.9592928571438266
74006,-6.849591434001923,0.7228460907936096,0.880638413131237,0.9491230845451355,-0.018891578540205956,-7.053374499082565,4.2450868332927385,40.10299664192799,0.9175263656458036,0.9787331819534302,0.038461538461538464,19.872038181011494,0.9386716844552017
74007,-18.0459126830101,0.73751500248909,0.8754563704133034,0.8885277509689331,-0.023306528106331825,-15.823730826377869,-2.190964536649643,6.9199512373726275,0.8687773263718145,0.9708240628242493,0.21428571428571427,27.585974761417937,0.937213915076653
75003,-9.426405280828476,0.8671444207429886,0.9725146535784006,0.9724352955818176,0.010267800651490688,-7.011137902736664,0.5790579472772703,15.45019725783385,0.9674787266653364,1.010510802268982,0.5,11.25797683542425,0.986312658208823
75004,4.1816528886556625,0.8124649524688721,0.9331227838993073,1.0628384351730347,0.025110231712460518,5.394018441438675,2.892120513115314,-19.092571306782588,0.9255741222582006,1.0270484685897827,0.16,14.22982120513916,0.9706926171487603
75017,-19.15014237165451,0.7826782912015915,0.9029297381639481,0.8950180411338806,-0.04302547499537468,-16.31571054458618,1.277495567052504,-22.933914663317093,0.8726737345063772,0.9454262852668762,0.36,32.50947570800781,0.9529630373279422
76003,-10.10277345776558,0.7720487117767334,0.925287514925003,0.9209404587745667,-0.0894722267985344,-9.889835864305496,6.853726397749642,21.040629016246108,0.868114949994772,0.8996711373329163,0.19047619047619047,21.69274375552223,0.9671766139462282
76005,-11.685564368963242,0.7797869741916656,0.8898165971040726,0.92177414894104,-0.013942652381956577,-9.66639295220375,4.121283723566945,-8.542771134264338,0.9014059482111162,0.979334831237793,0.4166666666666667,24.475626150767006,0.9436577061677462
76007,-10.24133712053299,0.8141725808382034,0.9298330321907997,0.9585863351821899,-0.002215258777141571,-7.759372889995575,3.473509196730336,-2.368968295450905,0.945262318948104,0.9974531531333923,0.12,12.292299270629883,0.9642979599415492
76008,-14.770905673503876,0.7221477329730988,0.853985384106636,0.8855610489845276,-0.018154479563236237,-14.605584740638733,1.4758422409371523,-65.53056252758535,0.860493186562887,0.9724021553993225,0.3076923076923077,28.6132262303279,0.9251385515819216
76011,14.914312958717346,0.37125784158706665,0.6535695791244507,1.1852270364761353,0.310589998960495,15.773376822471619,-9.3392426458371,-53.15542817295141,0.39605432210872926,1.5675954818725586,0.20689655172413793,25.667979799467943,0.9090236527460404
76014,-5.772756040096283,0.7521828562021255,0.9016366675496101,0.9414123892784119,0.02094566822052002,-4.570963233709335,-3.3457588839254657,29.487429095658236,0.9150191537300509,1.0356450080871582,0.17857142857142858,17.741566044943674,0.9498136522432764
77002,-9.08166691660881,0.7633547484874725,0.8989080712199211,0.9630498886108398,0.03750595450401306,-5.72131834924221,-4.361263876245543,-36.07258110304248,0.9215791033689413,1.046677827835083,0.16,22.544742584228516,0.9489538768823116
77003,-15.267258882522583,0.7350910007953644,0.862911656498909,0.8971510529518127,-0.005242834333330393,-12.403734773397446,-2.4589985538336183,-47.777162566254546,0.875066911013472,0.9921688437461853,0.2692307692307692,22.82387476701003,0.9295085550827391
77004,-10.509045422077179,0.7349073886871338,0.8838052973151207,0.9082455039024353,0.011852765455842018,-11.496688425540924,-16.41693480346796,3.1333424039171396,0.8892195977638,1.01850163936615,0.1111111111111111,26.073462874801073,0.9407454701625168
78003,-3.4413911402225494,0.8085428774356842,0.9277622848749161,0.9653899669647217,-0.021942967548966408,-4.945164918899536,1.9681313236546514,-12.408470198247997,0.9440362513250966,0.9755331873893738,0.24,18.015724182128906,0.9634560284079413
78004,-6.761281192302704,0.7042269110679626,0.8398781716823578,0.9402052760124207,0.022156642749905586,-7.335948199033737,-11.77571589999198,30.412819589988832,0.8926532834980598,1.0325660705566406,0.17857142857142858,26.583697114671978,0.9170098826636749
78006,0.463256286457181,0.7813193947076797,0.9117792695760727,1.0226411819458008,0.021569907665252686,0.8781524375081062,-0.0766749258412918,-33.04463482381314,0.9454879765153184,1.0252870321273804,0.14814814814814814,21.60511193452058,0.9573443603883325
79002,2.829776145517826,0.7759846150875092,0.9095796793699265,1.032428503036499,0.022772638127207756,1.1547248810529709,4.726173287245232,13.120159790998681,0.9398687159833554,1.0266947746276855,0.30434782608695654,17.633131276006285,0.9569703298190746
79003,-1.0459697805345058,0.7330364882946014,0.873201385140419,0.9408121109008789,0.013605033047497272,-5.037588998675346,-8.630605005626279,32.29383660134596,0.9097944456109055,1.0187897682189941,0.36,33.91178512573242,0.9345723266735665
79004,-6.692715734243393,0.7647474557161331,0.9079359024763107,0.9346568584442139,0.015016359277069569,-7.791627943515778,-7.617450357616515,25.359364797457456,0.9170096702869245,1.0205711126327515,0.08,19.279253005981445,0.9531545306080071
79005,-5.143523588776588,0.7940545082092285,0.913345530629158,0.9645135998725891,0.013241391628980637,-6.530865281820297,0.33199717994250727,14.031408553362319,0.9408988247150221,1.016792893409729,0.28,20.75905990600586,0.9558223692691373
79006,2.5193672627210617,0.7670572102069855,0.91127959638834,0.9876180291175842,0.03667401522397995,-0.6189661100506783,-8.91719506438024,8.377417723085996,0.9344173523693982,1.0468813180923462,0.047619047619047616,19.69392186119443,0.9558421866344023
80001,-1.7105663195252419,0.7856425642967224,0.9048726707696915,1.0022196769714355,0.04647653177380562,-2.6734204962849617,-0.8486611706391808,16.347147988151363,0.9239488341714133,1.060232162475586,0.3333333333333333,19.775516015511972,0.953621778154566
80002,-13.67674320936203,0.7170109748840332,0.9108965545892715,0.9521156549453735,0.02943495102226734,-10.148996114730835,-11.862465586486316,12.93513310014699,0.9276930559708253,1.0299729108810425,0.1,15.209439992904663,0.9548667720316311
80003,-3.2515160739421844,0.7233016192913055,0.8890411853790283,0.9115279316902161,0.02813587337732315,-6.425124406814575,-18.863368280400145,-10.844826124772586,0.8883379724060659,1.0385979413986206,0.1111111111111111,22.060180593419958,0.9438635550184546
80004,-22.057944536209106,0.6706220209598541,0.8106189668178558,0.7288878560066223,-0.0710076168179512,-25.032177567481995,-21.283379174014936,-5.937114694656945,0.6974864158890648,0.8894022703170776,0.13333333333333333,33.99977684020996,0.9239683214709739
80005,-4.076248034834862,0.705961287021637,0.8777195140719414,0.9438725113868713,0.026748567819595337,-7.117466628551483,-1.7517610950003637,-36.06915010958543,0.90869157552597,1.035385251045227,0.06896551724137931,21.512480439810915,0.9372718770376555
80006,-1.4780337922275066,0.8031722754240036,0.9426767826080322,1.0304912328720093,0.03333037346601486,-1.2994864024221897,-0.2377866581189602,36.50626375393715,0.9505462820559943,1.028221607208252,0.25925925925925924,12.084225372031883,0.9731765806987007
8004,-12.061216682195663,0.6208718419075012,0.8029848784208298,0.8951238393783569,-0.06478152424097061,-13.001547753810883,0.49621927474000754,-5.050854175886994,0.8413559134534073,0.9379171133041382,0.5,35.40165974543645,0.898438923258096
8005,0.47396160662174225,0.7178219258785248,0.8935371413826942,0.9634848833084106,0.011602213606238365,-3.4955263137817383,-5.8756452192707185,23.192666338830104,0.9335084769478997,1.0109055042266846,0.38461538461538464,23.86358334467961,0.9455129476999411
8006,-8.605153113603592,0.7265964448451996,0.8791153505444527,0.9177629351615906,-0.05881785601377487,-8.252601325511932,-3.4070451486650417,-3.6874122798012845,0.888358752580733,0.9545460939407349,0.2962962962962963,27.935768056798864,0.9397108988618281
8009,-15.614582598209381,0.6917662024497986,0.8289975821971893,0.8778822422027588,-0.00671634916216135,-13.640470802783966,-6.110322882534702,5.591925787137393,0.84874114073122,0.9917762875556946,0.19230769230769232,35.96388376676119,0.91112443366425
8011,-12.153586000204086,0.6631995141506195,0.8412194699048996,0.8716655373573303,-0.03862366825342178,-11.73747256398201,-3.523603329845514,-7.014584912983243,0.8438378692262714,0.9626885652542114,0.25,28.58013766152518,0.9192241767406911
8013,-3.392133116722107,0.5968886017799377,0.7646457403898239,1.004181981086731,0.022862982004880905,-3.4537535160779953,5.03077795638079,-24.403335428711635,0.8808044325327249,1.0228091478347778,0.4074074074074074,32.113930031105326,0.8830819213590678
81002,-3.2424811273813248,0.7549221217632294,0.8951086923480034,1.0066999197006226,0.045834120362997055,-2.0873792469501495,1.886666845599296,13.54119838607758,0.9230334366931637,1.0572259426116943,0.23076923076923078,19.510478239793045,0.9489690835328866
81003,-15.752966701984406,0.7116346657276154,0.8500888496637344,0.8553323745727539,-0.000999133917503059,-13.464096188545227,-13.547696369087308,63.85366097269035,0.8368558702999052,0.9984630942344666,0.26666666666666666,26.01481437683105,0.9246015707755709
81004,-9.086401760578156,0.809818685054779,0.94401865452528,0.9366315007209778,0.02732241339981556,-7.603023201227188,-8.969770193614888,-0.42045625599985637,0.9222170455609592,1.0358750820159912,0.11538461538461539,15.458198829933448,0.9726577288665268
81006,-9.74774956703186,0.7339891791343689,0.869900718331337,0.9388144016265869,-0.001789830974303186,-6.243686750531197,1.9348233986377168,13.442791293345586,0.9090207099265052,0.997735857963562,0.17857142857142858,22.638080860006397,0.9327064086646928
81007,-7.165040820837021,0.7057245075702667,0.8507287800312042,0.9464011192321777,0.02581392228603363,-8.62283930182457,-1.434494034766764,-0.06193123808864805,0.8996448280808057,1.035643219947815,0.06896551724137931,22.55881243738635,0.92300726408862
82001,-15.454262495040894,0.7287141978740692,0.8589310497045517,0.8750016093254089,-0.023923173546791077,-14.269356429576874,-4.3633780573032555,16.7495573326745,0.8525196204706917,0.9678397178649902,0.3333333333333333,31.826666990915935,0.9286446853565364
82003,-6.515552848577499,0.7374106347560883,0.8696395307779312,0.9780265092849731,0.03456388786435127,-5.580335110425949,-0.3863135680334654,21.282889715367812,0.9172065969800075,1.045210361480713,0.28,22.535432815551758,0.9342129457703812
83003,-6.530173122882843,0.671644538640976,0.7938271313905716,0.9508883357048035,0.0038762253243476152,-6.464235484600067,-2.602273644664118,-12.077400287827551,0.8820336785371459,1.0051281452178955,0.3103448275862069,35.58114150474812,0.8928655071591901
83004,5.885177850723267,0.6517097055912018,0.7912973761558533,1.0650925636291504,0.1008421927690506,4.435502365231514,-6.050460967835862,-4.113031864200873,0.817214290395002,1.1444095373153687,0.19230769230769232,25.679779052734375,0.9087889297927669
83006,-10.403948277235031,0.7215858995914459,0.8505782932043076,0.9040407538414001,-0.006533402018249035,-11.500413715839386,-6.491267905262197,8.540960165133324,0.8762863108822496,0.9906816482543945,0.21428571428571427,29.77356570107596,0.9224753698974204
83007,-3.9689872413873672,0.7419610619544983,0.8781057298183441,0.9377623796463013,0.014384143054485321,-5.560564622282982,-10.895038067751633,46.45834960725151,0.9092845172188739,1.0202451944351196,0.20833333333333334,17.489359776178993,0.9371835250017494
83009,0.8230438455939293,0.6799683272838593,0.8087029606103897,0.997187614440918,0.06253669410943985,1.4496301300823689,-11.684432998474628,25.009034851718642,0.8661288811345194,1.0953222513198853,0.14814814814814814,21.714259960033274,0.9060466320078341
83010,-3.01023181527853,0.7603490054607391,0.8960123732686043,0.9670047163963318,-0.024090534076094627,-2.79538631439209,5.952124927938045,-25.237154415324852,0.9295487056256013,0.9672011137008667,0.25925925925925924,20.82787443090368,0.9470950928884833
83013,-7.682386040687561,0.7202665507793427,0.8602116852998734,0.9379193186759949,0.059321608394384384,-6.504849344491959,-13.362418147949626,34.11241437795563,0.8664830965810842,1.094814658164978,0.11538461538461539,22.585250781132622,0.9294101062333866
84001,2.6871884241700172,0.7398923933506012,0.9053085669875145,0.9542955160140991,0.03693005070090294,0.3984299022704363,-16.31060936544978,29.803034286779877,0.921844669756703,1.041642665863037,0.3333333333333333,20.14341707582827,0.9521957724794052
84004,-4.0157608687877655,0.7954531461000443,0.9328671395778656,0.9635087847709656,0.008269189856946468,-4.223991557955742,2.3869617131118157,11.77284177265299,0.9493146062796285,1.0085922479629517,0.125,18.767364819844566,0.9658888050247355
84005,3.1623035669326782,0.8084293752908707,0.9374690726399422,0.9987668395042419,0.03523491695523262,1.6579605638980865,-3.195523805752202,-3.946946924565125,0.9501318973106234,1.0392929315567017,0.32,17.577896118164062,0.9693182055493772
84008,-0.29590732883661985,0.6384134590625763,0.8086399883031845,0.9423123598098755,0.000769634498283267,-3.9297740906476974,-13.361309487764869,35.004823096826684,0.8847465023776506,1.0010870695114136,0.23076923076923078,23.71048927307129,0.900228645577215
84009,-8.910470455884933,0.6648010015487671,0.8301989287137985,0.9547219276428223,-0.07267391681671143,-7.871001958847046,22.52555831208558,-11.298335956248959,0.8675914334581213,0.9092141389846802,0.20833333333333334,23.168536027272545,0.9149126795756246
84012,5.503889173269272,0.7446213662624359,0.8771520107984543,1.036055088043213,0.046395257115364075,3.740745782852173,-7.076523138965587,22.957412776405107,0.9086736128982872,1.0609954595565796,0.14814814814814814,20.52806571677879,0.9423797473041837
84013,8.130142837762833,0.7840215861797333,0.9264065697789192,1.0584418773651123,0.06100912019610405,6.643398851156235,3.2540607698255943,-25.998324255273708,0.9069656881990823,1.0652257204055786,0.3076923076923077,17.76264997629019,0.9686067596466239
84014,-2.6929091662168503,0.7535914480686188,0.8717122375965118,0.9825754761695862,0.0018173890421167016,-2.7759872376918793,2.220010846026708,6.143631999267957,0.9325346645602322,1.0025817155838013,0.32142857142857145,28.407084941864014,0.9348747959701615
84016,28.85858416557312,0.6375334560871124,0.7409832179546356,1.247385859489441,0.1465495526790619,24.536387622356415,6.263664327934157,-1.0888491469631265,0.6862216492956938,1.1796131134033203,0.34615384615384615,33.699230047372666,0.9293160598936987
84017,5.7715412229299545,0.7003174424171448,0.8738216310739517,1.044196605682373,0.09679470956325531,6.451156735420227,-7.596513240703116,55.20799724008175,0.8741768028648904,1.104179859161377,0.34615384615384615,14.338878484872671,0.9450027825379035
84018,-12.408467382192612,0.7921536415815353,0.9190680757164955,0.9172529578208923,-0.011561743915081024,-10.251976549625397,-0.7606141862585033,13.332728085234866,0.9071070120579141,0.9874684810638428,0.16666666666666666,21.9842791557312,0.9596887701431693
84019,-3.2958466559648514,0.6925551891326904,0.8510993272066116,1.0099849700927734,0.08704093098640442,0.1706877490505576,-9.933740676955612,-9.566771350913026,0.8694927999598177,1.109747052192688,0.2222222222222222,25.28723080952962,0.9300856654927617
84020,6.107456237077713,0.6919189989566803,0.8411125689744949,1.026647686958313,0.06253747642040253,7.377822697162628,-13.75219217240179,5.448502135030258,0.8838264354498842,1.0845074653625488,0.03571428571428571,21.352308137076243,0.9248688734408348
84022,-9.151291847229004,0.7063173055648804,0.8349568694829941,0.910810112953186,-0.025139467790722847,-10.506603866815567,2.62073390750587,10.06047675386136,0.8723965714529541,0.9691624045372009,0.07692307692307693,29.867977566189236,0.9141114575067759
84026,0.438525527715683,0.7137532532215118,0.876238115131855,1.0075838565826416,0.04129679128527641,2.7132077142596245,-3.1918310571787734,47.76661635201573,0.9146340163600942,1.059705138206482,0.25,22.90370066960653,0.9394596601109023
84030,-4.414011538028717,0.7505450397729874,0.8894122540950775,0.9293827414512634,-0.0015818733954802155,-6.228289008140564,-4.255951244756988,46.946574866921154,0.909339093505044,0.9977405071258545,0.25,23.799714020320348,0.9431889319454412
85001,5.589048191905022,0.7645086795091629,0.9344519376754761,1.0310207605361938,-0.024135341867804527,5.888349562883377,-10.842194857770686,8.616870044222818,0.9533549604091958,0.9841865301132202,0.8260869565217391,16.76866697228473,0.9689612129050809
85002,-7.3255755007267,0.7361113131046295,0.8721514940261841,0.9145441055297852,-0.0035655761603266,-9.949670732021332,0.6883096874496448,9.68637957388592,0.8919671882204134,0.9949163198471069,0.14285714285714285,32.61652333395822,0.93410208867193
85003,-8.071809262037277,0.7338390946388245,0.8799643144011497,0.8961120247840881,-0.027360448613762856,-9.204895049333572,-10.210408188126436,-310.8196495983612,0.8723182935179862,0.9570432901382446,0.03333333333333333,23.636550903320312,0.9394638302041649
85004,1.1370711028575897,0.6710166037082672,0.822834923863411,1.0090683698654175,0.07091357558965683,0.7133204955607653,-5.37970990027229,-94.62045177595859,0.8773152435418203,1.087755799293518,0.25806451612903225,28.770726726901145,0.914746062697711
88001,-9.907657653093338,0.557299941778183,0.6925160586833954,0.9408928751945496,0.09170041233301163,-8.69314894080162,-7.5452709460822955,-293.3144256628862,0.7907134919657182,1.1250386238098145,0.3103448275862069,29.061715356234846,0.842925072662235
89002,18.609346449375153,0.6622076630592346,0.7789047062397003,1.1520148515701294,0.0958804041147232,17.7170991897583,-11.31392534987502,-20.31689200933933,0.7764409439679886,1.1419713497161865,0.1724137931034483,19.533325063771215,0.9180593367381016
89003,-6.355492025613785,0.7213234901428223,0.8709496855735779,0.9479405879974365,0.023820815607905388,-6.937655806541443,9.00503358326515,-6.431513200737225,0.9076541117591519,1.0376375913619995,0.25925925925925924,22.676619776973016,0.9336600240171457
89005,-19.114847481250763,0.6057319045066833,0.6866174638271332,0.8572109341621399,0.010105053894221783,-14.083494246006012,-8.03470057248325,1.2451953909528235,0.7765419000577884,1.018934726715088,0.17857142857142858,36.0076904296875,0.829160071320667
89007,-3.0479202046990395,0.6056735813617706,0.783038005232811,1.0191172361373901,0.13080881536006927,-2.3002462461590767,-9.998728581894852,-63.48603087226432,0.7924437252227555,1.1820309162139893,0.03333333333333333,21.289717356363933,0.9021282266219217
90003,-5.388396605849266,0.7215406000614166,0.8805122971534729,0.9163716435432434,-0.030990108847618103,-7.710762321949005,-5.576172004901294,-3.6980406288386565,0.8887252425941465,0.9589524269104004,0.1,24.54096476236979,0.9391438879361557
9002,-6.742141395807266,0.75116366147995,0.9140119627118111,0.9447775483131409,-0.04306679219007492,-7.3399364948272705,7.084316368390373,-8.875916380471878,0.9158184143466704,0.9531425833702087,0.17857142857142858,20.962258747645787,0.9570884316345402
9003,-8.601967990398407,0.7047803103923798,0.8773165792226791,0.9545514583587646,-0.02718447335064411,-7.789769768714905,17.216491138539304,-14.143605976055984,0.9137024586189689,0.9620698094367981,0.2222222222222222,19.761267414799445,0.9372067172785588
9004,-10.9094999730587,0.7219422459602356,0.8980865031480789,0.9123450517654419,-0.07696088403463364,-7.4665941298007965,9.451996277191089,9.928700166896904,0.87882267395333,0.9317474365234375,0.25925925925925924,24.559974670410156,0.9516043186152348
9005,-20.717108249664307,0.6505260467529297,0.8152743428945541,0.7784637212753296,-0.08243728429079056,-22.36429750919342,5.917704721347795,-38.94745173107786,0.7407874264344438,0.8938698768615723,0.32142857142857145,39.603233337402344,0.9172399101865748
92001,1.944936253130436,0.8066949248313904,0.942448265850544,0.9585739970207214,-0.015152968466281891,-0.6120429374277592,-6.6655643206618835,15.055350236796777,0.9482319295879077,0.9889295101165771,0.5,14.630935589472452,0.9709954547511398
93001,4.747004806995392,0.7277190387248993,0.8728460818529129,1.0001882314682007,-0.0043210797011852264,0.9284960106015205,-6.991724625289872,-29.930807613366305,0.9361944434306014,0.9943613409996033,0.10344827586206896,21.851771453331256,0.936444361833726
94001,1.4358469285070896,0.8249599188566208,0.9658174961805344,0.9897133111953735,0.04248756542801857,0.45538125559687614,-8.101609703467874,19.036030361630118,0.9617614772034533,1.033023715019226,0.32,8.758559226989746,0.9836965370111828
95001,0.8885453455150127,0.7187221050262451,0.8846628591418266,0.968896210193634,-0.008906806819140911,-0.17057869117707014,1.892193531603633,56.60738463466387,0.9329709527201752,0.9931555986404419,0.4,21.675493240356445,0.9410203288500887
96001,-0.7870296947658062,0.7105214893817902,0.8396198451519012,0.9840061664581299,0.015467223711311817,-1.6838327050209045,5.532417325514817,-590.3201711809006,0.9143911919393389,1.0217442512512207,0.18518518518518517,19.55065197414822,0.918758059822984
96002,-12.22197338938713,0.7810250818729401,0.9127711206674576,0.8672739863395691,-0.06725459545850754,-10.971510410308838,-2.9677051104815586,36.061998182912916,0.8437445427044389,0.9265736937522888,0.16,21.781084060668945,0.9624746647813326
96004,-8.961190283298492,0.6717835068702698,0.8416190296411514,0.8878616690635681,0.0014306803932413459,-9.193264693021774,-20.88579545419778,-2.706228893788151,0.8609993817474773,1.0020452737808228,0.07142857142857142,29.789035660879954,0.9178904179493262
97002,-11.411992460489273,0.7355073392391205,0.8657343685626984,0.8899728655815125,-0.043502625077962875,-10.0431427359581,11.37657066987548,31.678736746441693,0.8606760911375599,0.9476572871208191,0.2,26.37182807922363,0.9324320957790371
