basin,NSE,Alpha-NSE,Beta-NSE,FHV,FMS,FLV,KGE,Beta-KGE,Peak-Timing,Peak-MAPE,Pearson-r
10002,0.9040147736668587,0.9220200777053833,-0.07328879833221436,-8.401638269424438,4.94141273009329,-15.526274557426456,0.8839068368604378,0.927230954170227,0.4166666666666667,23.70652755101522,0.9541587498458107
10003,0.927844725549221,0.9657178521156311,-0.07790222764015198,-3.2537907361984253,1.2538870125426964,4.71529931622995,0.9205934960959716,0.9367493391036987,0.28,17.1337890625,0.9663922465065599
1001,0.8562434315681458,1.0364047288894653,0.023753948509693146,8.372074365615845,-13.6033284488007,51.39350853061742,0.9174753630134702,1.028296947479248,0.2962962962962963,25.061112863046155,0.9315580962596763
101002,0.7793960422277451,0.7772737741470337,-0.22602839767932892,-22.82889038324356,6.713433653604659,54.10176595226122,0.6585392157813506,0.7529395222663879,0.3,39.21711206436157,0.9228662472159693
101005,0.845530167222023,0.8247798681259155,0.0005247676162980497,-16.850250959396362,2.1291411992452502,22.619082546688063,0.8093899840916591,1.0007020235061646,0.21739130434782608,28.05021534795347,0.9249694014844395
102001,0.8012859523296356,0.819351851940155,0.009803404100239277,-19.968946278095245,-5.576589644858034,24.21984882769061,0.7922611099795707,1.0161876678466797,0.38095238095238093,34.95541527157739,0.898710057561701
106001,0.7682894170284271,0.948556661605835,-0.11274303495883942,2.052491530776024,-1.630371529399073,58.06609993174526,0.8303017268252239,0.8853474855422974,0.36,35.711727142333984,0.8859566407812771
11001,0.9395580217242241,0.9649285078048706,-0.00535058556124568,-1.6567697748541832,0.2261640776770559,2.6035882007518234,0.9531652648392117,0.9952036738395691,0.15384615384615385,14.526734902308538,0.9693327844734654
11003,0.8781967312097549,0.9015079736709595,-0.016016783192753792,-9.555286914110184,-0.6732866278454491,-12.30389203775748,0.882735409326312,0.98577880859375,0.6153846153846154,26.85399422278771,0.9379672450196351
11004,0.8082387447357178,1.233757495880127,0.0730966329574585,21.331612765789032,12.704146613272355,-19.11986880361984,0.7535528230342158,1.056935429573059,0.6153846153846154,16.509188138521637,0.9465958708189316
12001,0.8530565500259399,0.8853479027748108,-0.051470112055540085,-13.194270431995392,2.104682209699375,10.340867901297392,0.8553624116065,0.952155590057373,0.6086956521739131,27.97533740168032,0.9259335365000114
12002,0.8716495931148529,0.8962771892547607,-0.021776460111141205,-14.035232365131378,5.1389015529574795,17.530665524103203,0.8755273454810295,0.9784067273139954,0.44,25.40390396118164,0.9346643219304022
12005,0.8410106599330902,0.8760558366775513,-0.05142679437994957,-13.541306555271149,-5.132184512033993,13.907241186115261,0.8416835656797006,0.9431895017623901,0.08333333333333333,24.1737961769104,0.9195356908674015
12006,0.826115608215332,0.8794149160385132,-0.025167254731059074,-12.893162667751312,-6.5544171352217875,-24.06627389889926,0.8472954098250415,0.9747939109802246,0.16666666666666666,26.498923699061077,0.9097637408641606
12007,0.8040831238031387,0.8416265249252319,-0.019217148423194885,-16.733334958553314,-12.07254048770723,8.649635963857778,0.8110243358875143,0.9806675314903259,0.4074074074074074,32.15184388337312,0.8987285840880098
12008,0.8764354735612869,0.9340839982032776,-0.013637512922286987,-7.901041209697723,1.2228540275841233,-27.083255712321236,0.9060233094114349,0.9793391227722168,0.125,23.129008213678993,0.9362832264368961
12009,0.8573144674301147,0.9097244739532471,0.04494009539484978,-10.472524166107178,1.2790770745077904,-10.064107664880853,0.862792281154068,1.073291301727295,0.15384615384615385,24.976642315204327,0.927166816635513
13001,0.8946661353111267,0.9492247104644775,-0.0200943686068058,-6.221704185009003,11.11933533981815,-56.963582905642,0.9218265905944912,0.9749741554260254,0.30434782608695654,25.446379703024157,0.9460865599871014
13004,0.8485760241746902,0.8537960648536682,-0.07044967263936996,-14.973706007003784,-12.293629572972186,-50.39889991558797,0.8205540316922463,0.9261125922203064,0.2916666666666667,33.063898483912155,0.9267475880176508
13005,0.9131828248500824,0.9398953318595886,-0.0015676059992983937,-7.416123151779175,-2.620370281761957,10.23417386495369,0.9253260607530925,0.997865617275238,0.23809523809523808,22.608225686209543,0.9557386118522466
13007,0.8742227107286453,0.9265025854110718,0.0062535046599805355,-9.797785431146622,-2.0551807701739646,-8.27949172448932,0.9016164208693185,1.0077526569366455,0.3333333333333333,23.281939824422203,0.9350588343057429
13008,0.8989468812942505,0.9725807309150696,-0.011102084070444107,-4.510759189724922,0.23732297565994104,-31.058307365409227,0.9405787892404975,0.9887440800666809,0.4782608695652174,21.035070004670516,0.9484988520765983
14001,0.9121579751372337,1.0017961263656616,-0.02050471119582653,-1.1998903006315231,7.729272515342135,5.704297498399559,0.9519497852448017,0.9799513220787048,0.23809523809523808,19.721458071754093,0.9563691899948279
14002,0.9067031592130661,0.9974030256271362,0.017062542960047722,1.8193377181887627,-5.196912638947277,15.163409755869898,0.9497608673539144,1.0185405015945435,0.30434782608695654,21.280732362166695,0.9533794468741479
14005,0.8996389582753181,1.0181849002838135,0.025933265686035156,0.70373909547925,-0.36445631798847744,30.25897389430094,0.9385920209685785,1.032551884651184,0.14285714285714285,15.615730058579219,0.9512083603877952
15006,0.9294635355472565,0.9299060702323914,-0.016844473779201508,-7.698789983987808,-8.10133875596617,-11.431401410765627,0.9204455978256765,0.9865292310714722,0.48,22.435784339904785,0.9648676459723836
15007,0.9430845677852631,0.9059756398200989,-0.013068893924355507,-10.41775792837143,-7.544511831570564,17.98574509258115,0.9017023169254789,0.9889141917228699,0.5238095238095238,20.670743422074754,0.9735621664007443
15010,0.8850481137633324,0.8916535377502441,-0.023867640644311905,-11.558055877685547,0.5819580672931428,-19.339341210662482,0.8748385048944312,0.9752302169799805,0.22727272727272727,21.503448486328125,0.9424421871144784
15011,0.8055229634046555,0.7749660015106201,-0.057818375527858734,-23.019973933696747,-7.526318342949264,-27.082178622842175,0.7458975325766406,0.924427330493927,0.23076923076923078,40.99848087017352,0.9093548947915714
15012,0.8845463544130325,0.9291529059410095,-0.0439375564455986,-4.879966750741005,-12.742513965121846,-37.23418755183784,0.9012325973206161,0.9635793566703796,0.5416666666666666,31.39841953913371,0.94161142376385
15013,0.8575278669595718,0.8752973079681396,0.012820255011320114,-15.49450010061264,-2.058692467905815,-10.890979548777867,0.8547787220624141,1.0171914100646973,0.23076923076923078,26.857610849233776,0.9275920336853742
15014,0.8390488922595978,0.9256587028503418,0.020656131207942963,-7.8636422753334045,-8.585378509083768,2.7640830068212963,0.8851691448097564,1.0254943370819092,0.2222222222222222,30.507612228393555,0.9162770305197976
15016,0.9591006562113762,0.9711272716522217,0.002578719984740019,2.210897020995617,-3.770286147607424,32.077882378167146,0.9644569066601147,1.0020700693130493,0.4,9.599391222000122,0.9793749701827521
15021,0.8950663954019547,0.9738486409187317,0.03403930366039276,-3.8863882422447205,1.036795497234126,28.063158353503546,0.9323948146542784,1.0329395532608032,0.7058823529411765,25.228062797995175,0.947070298179466
15023,0.907048873603344,0.9688186049461365,0.016056453809142113,-7.4268639087677,7.9627617701251,4.9868863699210575,0.9396343875046489,1.0207600593566895,0.20833333333333334,21.227933883666992,0.9526634632663044
15024,0.9053216651082039,0.9260112643241882,-0.02515341155230999,-5.497783794999123,-8.045391487540096,16.487486161625444,0.9062019320886112,0.9678037166595459,0.23333333333333334,22.667430241902668,0.9521759069498903
15025,0.8590536862611771,0.9297157526016235,0.0014967730967327952,-9.230446815490723,2.251087140188576,-16.424998481957303,0.898548516106358,1.0016264915466309,0.3076923076923077,26.76315660829897,0.9268571078154927
15030,0.9319778308272362,1.0632745027542114,0.04110858961939812,8.726202696561813,2.3376190958733396,-46.81715215820251,0.9169925190911286,1.0450279712677002,0.34782608695652173,16.7575276416281,0.9706902577363924
15039,0.7917510569095612,0.895857036113739,0.027790183201432228,-11.739873886108398,-6.257753653181066,-1108.8977510050513,0.8451938334573825,1.032792091369629,0.20689655172413793,33.316546473009836,0.890255428306401
16001,0.9149127081036568,0.9700241684913635,0.003220283892005682,-4.561293125152588,-6.117437092832942,0.7178618210864768,0.9471737405987668,1.0030635595321655,0.44,20.840039620032677,0.9566101646616965
16003,0.9128048270940781,0.926418125629425,0.0014735000440850854,-7.903914153575897,-10.064304121513747,17.937070203754153,0.9141695801424007,1.0021190643310547,0.07407407407407407,18.913664641203702,0.9558629599609856
16004,0.9374678283929825,0.9796831011772156,-0.005816624499857426,-1.74537543207407,-4.910650112817711,5.840429030220757,0.9619262512413104,0.9942731857299805,0.6086956521739131,20.629560947418213,0.9683134481983088
17001,0.7702246010303497,0.8511772155761719,0.003184534376487136,-13.718506693840027,6.337221361486459,-30.600692145544134,0.8075155725219548,1.0052999258041382,0.2608695652173913,33.929988612299375,0.8780412182564935
17003,0.8158812671899796,1.1666710376739502,0.04249683767557144,12.525807321071625,31.696454468340573,-58.01592820782414,0.8150100647242727,1.0453413724899292,0.12,26.324441909790043,0.9337715975223928
17004,0.9017151221632957,0.9920192956924438,0.036068156361579895,-0.7726008538156748,-5.691414910505742,0.5751162791433293,0.937917279682291,1.0374733209609985,0.5,20.048217339949172,0.9511499975746549
17005,0.8921665176749229,0.8716094493865967,-0.03567264974117279,-13.837994635105133,-2.9188755188383797,-15.199837066624742,0.8536204965130966,0.9523265361785889,0.20833333333333334,22.724813222885132,0.9483273147443632
17015,0.8403443992137909,0.9626897573471069,0.047417402267456055,-6.154447793960571,-1.5649940799443622,18.370486960950423,0.8878556330166691,1.067958116531372,0.20833333333333334,23.903624216715492,0.9189691463898925
17018,0.6969954967498779,0.8375240564346313,-0.08160527050495148,-13.65358680486679,-0.7307923814920803,39.497818727975165,0.7535582508771083,0.9085486531257629,0.6521739130434783,48.86027211728303,0.8388424540141498
18001,0.8468761742115021,0.8703705072402954,-0.06642989814281464,-17.834924161434174,13.34455653679982,10.506512364161846,0.828000603142098,0.9161076545715332,0.08333333333333333,28.39593489964803,0.9242236085257779
18002,0.8718204498291016,0.8574524521827698,-0.04334414005279541,-17.051906883716583,-2.834775761637176,34.091852836731476,0.8360638046514206,0.9476928114891052,0.3333333333333333,23.13734690348307,0.9382000745409207
18003,0.9389601461589336,0.9447316527366638,-0.03544514253735542,-5.724745616316795,1.6178757310987328,-17.74836063331217,0.9258429348255769,0.9607157707214355,0.3333333333333333,19.880314668019615,0.9699761855179576
18008,0.9331870824098587,0.9481767416000366,-0.010413238778710365,-5.962501093745232,-2.737079507968541,27.379036638374764,0.9371404875905796,0.988774836063385,0.375,16.213202476501465,0.9662410917866584
18010,0.927151545882225,0.9925618171691895,-0.023998860269784927,2.395927719771862,-2.020272514811591,20.804714504489993,0.9538487529342886,0.9725925922393799,0.2,13.343703746795654,0.9636208158181239
18014,0.8520122468471527,0.9938849806785583,-0.023921065032482147,-2.488635666668415,18.70413650210843,12.823696587092808,0.9198450122811035,0.9701616764068604,0.047619047619047616,21.648427418300084,0.9258575490014935
18017,,,,,,,,,,,
18018,,,,,,,,,,,
19001,0.8958198353648186,1.0002782344818115,0.01956798881292343,-2.2911151871085167,3.1350643400632197,-22.908896444602476,0.941776326585057,1.0264188051223755,0.28,17.41922378540039,0.9481158457001657
19006,0.8617473989725113,1.0568336248397827,-0.018032098188996315,9.17104184627533,-3.6128674610037743,-1.5938419083114232,0.912122734620593,0.9792336821556091,0.3333333333333333,22.17522462209066,0.9362731383063682
19010,0.5179086625576019,0.5942045450210571,-0.3884810507297516,-30.517566204071045,-23.66689852225525,25.387816713502577,0.42498393982374016,0.6174510717391968,0.18181818181818182,42.03685413707387,0.8598934845713031
19017,0.8939571902155876,0.9889364838600159,0.07471565157175064,-4.481398314237595,8.387448733820369,-12.589705257413634,0.86444268785193,1.1252191066741943,0.21739130434782608,23.645334658415422,0.9492697446177696
19020,0.816197082400322,0.7862280011177063,-0.08052188903093338,-20.070090889930725,-6.8876837125730175,1.348576500679427,0.7351217702973818,0.86788010597229,0.21052631578947367,33.454152157432155,0.9162961012475028
20002,0.8517479598522186,1.0873746871948242,0.05380723252892494,7.139592617750168,13.305290091113516,68.05566104844667,0.8604429289066287,1.0884952545166016,0.35,21.204333305358887,0.9366720436315142
20003,0.8589517325162888,0.7985812425613403,-0.07148472964763641,-23.557189106941223,14.133635832420666,10.604201258420492,0.763702651503724,0.8918266296386719,0.25,34.901531537373856,0.9402886693925865
20007,0.8587179481983185,0.8719722628593445,-0.0900176614522934,-13.681532442569733,11.072275286772022,-20.96180206818553,0.8014721767538857,0.8638473749160767,0.5238095238095238,32.88130533127558,0.9330324122560756
2001,0.7901389002799988,0.79267817735672,-0.11899348348379135,-22.497394680976868,-7.316696643587857,-23.204964904133103,0.735218458425628,0.8664065003395081,0.12,34.1960563659668,0.9036687825114241
2002,0.8140104711055756,0.761713445186615,-0.07681342214345932,-26.190239191055298,-11.195307319865295,22.533588923746645,0.7294628554832259,0.9007109999656677,0.3333333333333333,37.127512472647204,0.9190582998038715
21003,0.9084334224462509,1.0136563777923584,0.009030625224113464,1.7281416803598404,0.3944917999317149,-23.60527607168003,0.952112973302453,1.0088648796081543,0.6521739130434783,24.719866462375805,0.9549657399188475
21006,0.8745561391115189,0.9986903667449951,0.032638322561979294,-3.615793213248253,0.4155532618598896,7.30663707683389,0.9288543174286419,1.0343866348266602,0.5,24.65174992879232,0.9377300043794785
21008,0.7880399972200394,0.9049147963523865,-0.015941547229886055,-10.956863313913345,-0.20631130928860228,14.187778249909503,0.8517587527312598,0.9801315665245056,0.47619047619047616,21.588275649330832,0.8880200161175512
21009,0.8794340491294861,0.9100411534309387,-0.009484434500336647,-11.416490375995636,-0.6381562142664803,24.240715703168462,0.8904236640797759,0.9899118542671204,0.17391304347826086,21.36545181274414,0.9382536751430657
21011,0.8529559373855591,1.0295017957687378,0.08134951442480087,2.2393396124243736,-7.137380003167235,8.470276766367277,0.8818195035174228,1.0922082662582397,0.4166666666666667,21.8778133392334,0.932221615326583
21012,0.7897591441869736,0.9190399050712585,0.003070211736485362,-10.107868164777756,-5.864597765030799,22.049221873413487,0.8627029900777754,1.0041426420211792,0.3333333333333333,29.221145311991375,0.8891903863385628
21013,0.8111062794923782,0.9450254440307617,-0.0246586911380291,-6.417302042245865,1.1023357647529703,9.50302288175755,0.8841682293604585,0.9719499349594116,0.43478260869565216,23.61397950545601,0.9019796391727963
21015,0.7964941561222076,0.9822025895118713,0.005760797765105963,-8.92811045050621,7.817957635237488,3.5768753260334423,0.8948021017630698,1.007379412651062,0.5416666666666666,26.8914798895518,0.8965814608384458
21016,0.593548595905304,1.1504547595977783,0.07342395931482315,8.400538563728333,5.72900844513112,1.5865273645319606,0.7498667438509417,1.1134928464889526,0.34782608695652173,23.587665955225624,0.8355330278081943
21017,0.7966792434453964,0.9695922136306763,0.028784802183508873,-3.9957068860530853,-11.65862058401579,21.454129476087346,0.8843495734909375,1.0405700206756592,0.2857142857142857,30.191219420660108,0.8960554902737897
21018,0.8717059940099716,0.9146875143051147,0.024188097566366196,-12.15929090976715,-4.054180814635815,-20.798689170586105,0.8891490887643144,1.0259981155395508,0.5652173913043478,31.402021905650262,0.9341683792183877
21022,0.7727422267198563,0.9151512980461121,0.00592312216758728,-13.322284817695618,4.680938272047582,8.323172123060067,0.8525805809927152,1.0090768337249756,0.42857142857142855,27.89122944786435,0.8797885447774845
21023,0.5189601182937622,0.6288721561431885,-0.04097805172204971,-38.03173899650574,13.014659071444019,4.625504182800587,0.5280600772792261,0.8940962553024292,0.30434782608695654,41.56285990839419,0.728382969917356
21024,0.7670208960771561,0.8719425201416016,-0.027435729280114174,-16.314813494682312,12.52634059642662,-23.908005130683556,0.8172053618409724,0.9587932825088501,0.4583333333333333,29.126815795898438,0.8762374530578403
21026,0.7394417822360992,0.8059172034263611,-0.04685210436582565,-21.14475816488266,-10.286208570581815,3.0701147438375402,0.7500754887527514,0.9222400784492493,0.4444444444444444,41.265681937888814,0.8630784020077451
21027,0.7085526585578918,0.8227333426475525,-0.022348379716277122,-20.324628055095673,3.7503710145554083,26.178881296216773,0.7596467188652617,0.9616546034812927,0.38095238095238093,26.794785544985817,0.8422791627300069
22001,0.8936548158526421,0.9202612638473511,0.00010437520541017875,-11.694961041212082,1.6160752850166358,19.741551182350985,0.9035140972447894,1.0001646280288696,0.3181818181818182,26.74078941345215,0.9456747178113328
22006,0.9298964440822601,0.9201871752738953,-0.004689456894993782,-6.639695912599564,-8.278156437331514,24.65391619123368,0.9124542471152693,0.9902166724205017,0.2608695652173913,16.34959656259288,0.9653812426729868
22007,0.9018589109182358,0.9091867804527283,-0.02917790599167347,-10.660839825868607,-18.28799584260098,5.386070017975374,0.8814938945065506,0.9417011141777039,0.4166666666666667,25.53744713465373,0.9510316826247577
22009,0.8868342936038971,0.9534251689910889,-0.01470243837684393,-11.157986521720886,11.62751547586957,13.357953283576357,0.9222506937503958,0.9776259660720825,0.43478260869565216,21.93078787430473,0.9419040247127349
23001,0.8819448500871658,0.9067757725715637,0.011679746210575104,-11.272990703582764,-1.5141120309985445,25.034387438821458,0.8880511056210124,1.0146387815475464,0.2222222222222222,21.928962071736656,0.9397712323897283
23004,0.8765547499060631,0.9167791604995728,0.011049218475818634,-10.980084538459778,-2.236236209349897,41.65718803071478,0.8941117825371002,1.0160211324691772,0.2222222222222222,22.114833196004234,0.9365182720405347
23006,0.8821746930480003,0.9009066224098206,-0.028641169890761375,-10.64196527004242,-0.4204902203545979,-16.913009946445364,0.8780329790674525,0.9610425233840942,0.1935483870967742,24.91896075587119,0.9405124237453587
23007,0.8633963912725449,0.8731458187103271,-0.004015115089714527,-11.627651751041412,5.675663969021291,-22.82807352847386,0.8554358147359851,0.9932388663291931,0.19047619047619047,28.653359413146973,0.9309992215851102
23008,0.8602666109800339,0.8690990805625916,-0.0013619102537631989,-15.463745594024658,-11.15196612601923,-0.458306453386809,0.8512901622990325,0.9977699518203735,0.25,29.917043447494507,0.9294692123636371
23011,0.8397213667631149,0.9367321133613586,0.03599563241004944,-5.7965293526649475,-11.931515898574773,-48.03413772679613,0.88357124475059,1.0520538091659546,0.11538461538461539,24.748635292053223,0.9172761792436941
23016,0.8881855979561806,1.0328184366226196,0.0316632017493248,-2.4469129741191864,-18.215301466768675,44.64515474671333,0.9085299807353887,1.0668398141860962,0.1111111111111111,23.35258023492221,0.9468760517140942
24001,0.9084290787577629,0.9047741889953613,0.010927245952188969,-12.80987411737442,-2.352219850730942,17.04876237220827,0.8932126314451804,1.0162131786346436,0.34782608695652173,26.023727914561395,0.9544728669919481
24003,0.8654701858758926,0.8462247252464294,-0.049668196588754654,-16.01625382900238,-1.3141105852698576,-22.187388492048505,0.8145415650968396,0.9184862971305847,0.125,30.353776613871258,0.9359413378557564
24004,0.8654456287622452,0.8697229027748108,-0.0034217091742902994,-15.534335374832153,-5.34525178960268,21.667808231292568,0.8531472225890429,0.9949899911880493,0.25,33.71124664942424,0.9324092019310699
24005,0.8873683735728264,1.0263640880584717,0.07497456669807434,-1.3252003118395805,-17.8253872203077,22.29769622101223,0.8568543927155337,1.1308172941207886,0.2727272727272727,23.19291504946622,0.9482077679125634
25001,0.8672437816858292,0.9299154877662659,-0.033572230488061905,-10.016696155071259,4.345671386341123,-12.396625589305282,0.8925317252172067,0.9553303122520447,0.14814814814814814,20.171548702098704,0.9318662328485374
25003,0.7365065217018127,0.874303936958313,-0.004870404023677111,-8.081268519163132,-31.419383433810356,-427.2663622264364,0.8104877119487053,0.992655873298645,0.10714285714285714,31.77765096936907,0.8583614781874239
25006,0.8706522285938263,0.8768994212150574,0.0029911717865616083,-11.886260658502579,-22.689729951269992,41.15096333692878,0.8606451274459602,1.0052028894424438,0.08,24.541767120361328,0.9348927196942269
25012,0.8579477071762085,0.8573071360588074,-0.04396038502454758,-11.820612847805023,-12.44859996745213,-1.420068212495354,0.8288582570636198,0.9363618493080139,0.10344827586206896,25.389011974992425,0.9301542518683751
25020,0.8088957518339157,1.0684974193572998,-0.05195839703083038,2.875923179090023,13.686038060698024,-63.50685190379024,0.8604251435238044,0.9139838218688965,0.19047619047619047,25.441133408319384,0.9140322083483642
25021,0.8145933747291565,0.9532725214958191,-0.08816023170948029,-6.810413300991058,31.481007023917606,12.233480618317213,0.8225937857630536,0.8557058572769165,0.2608695652173913,26.94631659466287,0.9079744167183005
26003,0.711452454328537,0.8931800723075867,-0.38598763942718506,-21.14328145980835,21.377014518168718,-80.11647526371993,0.7560053761360925,0.7926923036575317,0.5714285714285714,29.86370154789516,0.928261596341595
26005,0.7546442747116089,0.7367627620697021,-0.19512677192687988,-37.02577352523804,-0.3881470925269065,3.988894276377528,0.6179368347458286,0.739406168460846,0.9,42.12489604949951,0.9063555993419413
26008,0.3871617913246155,1.303195595741272,-0.25660303235054016,7.830948382616043,12.768145527080781,-8.28111532578248,0.6118860257104858,0.8320086002349854,0.55,36.54289484024048,0.8254039594753423
26009,0.8166754394769669,0.9582952857017517,-0.14781171083450317,6.140799820423126,-3.1953813181572803,-120.35727794376744,0.8666404556315974,0.9046102166175842,1.4666666666666666,26.00341002146403,0.9166556894221014
27001,0.8744987994432449,0.8204553723335266,-0.043667104095220566,-21.022841334342957,-2.6571037882697937,22.59101572640659,0.8018288182213087,0.9372639656066895,0.25,32.54190286000569,0.9443247456020906
27002,0.8943206742405891,0.8744693398475647,-0.07919163256883621,-14.0343576669693,-0.31870755442315024,21.19576921671214,0.8321376630971096,0.8993411660194397,0.24,23.549890518188477,0.9521709643222102
27003,0.9441217519342899,0.915902853012085,-0.0622294619679451,-8.462408930063248,-0.7872291628379808,11.940032637323078,0.8917507583658351,0.9364085793495178,0.043478260869565216,12.983040187669836,0.9754704381914747
27006,0.8929135426878929,0.8780593276023865,-0.036685869097709656,-11.672050505876541,-2.415767685895285,10.886549742613443,0.8579845133645045,0.9488015174865723,0.20833333333333334,25.081050395965576,0.9482546016745768
27007,0.9092177972197533,0.8723116517066956,-0.04826077073812485,-12.540437281131744,-8.701389678226837,22.195502747641306,0.8511398543931176,0.9356198906898499,0.2,21.62605094909668,0.9586450706028515
27009,0.9429394192993641,0.9779149889945984,-0.0403098538517952,2.144446037709713,-3.240665139674287,20.029379286271315,0.9425976903665803,0.9550780653953552,0.30434782608695654,10.359032257743504,0.9719055658266927
27021,0.9177051410079002,0.9096132516860962,-0.023456797003746033,-10.703043639659882,-7.966622688661913,-1.0369729502738265,0.8971586196526424,0.9722339510917664,0.25,15.09795586268107,0.9595570553864529
27023,0.7782923132181168,0.7741425633430481,-0.00848392117768526,-12.29611560702324,0.25196265513204535,-4.171009904766884,0.7481356305421667,0.9832788705825806,0.47619047619047616,29.927860606800426,0.8897979912154556
27025,0.8345558792352676,1.007832646369934,0.06344293057918549,-4.631063342094421,10.389715158560241,3.05456022144689,0.8863054503098434,1.0803542137145996,0.4583333333333333,20.53664127985636,0.9199481379454575
27026,0.9014251455664635,0.9108962416648865,0.026385856792330742,-8.982713520526886,-13.262265986028165,14.583939129315478,0.8899937691040958,1.0415288209915161,0.045454545454545456,21.40719457106157,0.9506315068739658
27029,0.9113503843545914,0.8862298130989075,-0.04798484221100807,-9.567469358444214,-4.165701137359027,-19.929273720876285,0.866898275100907,0.9447066783905029,0.2916666666666667,26.46609942118327,0.9585866889878022
27030,0.8781320303678513,0.955169141292572,-0.017702892422676086,-8.417948335409164,-5.663966082027261,-11.068896522853798,0.9196127226327039,0.9768412709236145,0.3181818181818182,22.63648726723411,0.937422194528349
27032,0.8502414971590042,0.8390272855758667,-0.06351614743471146,-15.169064700603485,-17.063339726128135,-49.03245886054932,0.8047822088794245,0.9157390594482422,0.125,24.55925941467285,0.928600664721188
27034,0.8928556069731712,0.8955780267715454,-0.04229893907904625,-10.795198380947113,-3.6253234678167887,28.366138899530835,0.8687851952754616,0.9405633807182312,0.28,23.860679626464844,0.9472679909890707
27035,0.9113416150212288,0.873520016670227,-0.04663844779133797,-9.553367644548416,-7.403811746172627,10.02700017798027,0.8524755299106109,0.9356689453125,0.44,17.585729598999023,0.959654015133482
27038,0.17998427152633667,0.4924064576625824,-0.37791770696640015,-52.74364352226257,-8.547922651279688,-32.24580092077329,0.310742250759959,0.8104262351989746,0.36363636363636365,31.55748627402566,0.5739872908422039
27041,0.9314836263656616,1.0278605222702026,-0.08394015580415726,8.899784833192825,-1.7570947889191977,-26.927206928972332,0.9235100444839768,0.9351709485054016,0.84,19.263450622558594,0.9704754563797261
27042,0.8760273084044456,0.9129270315170288,-0.04415221884846687,-2.1325891837477684,-7.525630374717084,-4.749155641621807,0.8843866278792865,0.9569166898727417,0.20833333333333334,26.956228415171307,0.9373216276442617
27043,0.8954086601734161,0.9432691931724548,-0.016003184020519257,-4.93168868124485,-0.9065086652758177,-31.97631099356083,0.9190347080229148,0.978456437587738,0.18518518518518517,20.871593334056712,0.9464008490718426
27047,0.9037347584962845,0.9202763438224792,0.016882028430700302,-7.4952200055122375,-15.123197289399808,-419.4242169653769,0.9024706104260672,1.0280176401138306,0.037037037037037035,16.54979211312753,0.9513057260162525
27049,0.8607489764690399,0.8258689045906067,-0.0936141312122345,-18.52128654718399,3.168751884054792,-1.3238620977925784,0.7937905619619606,0.90767902135849,0.36,34.74429702758789,0.939357351227353
27051,0.8743857741355896,0.8865292072296143,0.010464017279446125,-9.05248448252678,-25.646207427992024,52.89186934700394,0.8685106913604654,1.0194604396820068,0.125,27.185046672821045,0.9364774940517463
27062,0.9265620037913322,0.9381774663925171,-0.08343663811683655,-3.1639032065868378,-4.746136986255936,23.59132616054621,0.875820170634285,0.8976104855537415,0.15789473684210525,14.296847581863403,0.966608508701929
27064,0.90870451182127,1.0525898933410645,0.017476709559559822,1.6886426135897636,1.5565558336470668,-1.5111152938409187,0.9270102880937016,1.02838134765625,0.22727272727272727,24.500842527909715,0.9580917637241201
27065,0.902999073266983,0.8630110621452332,-0.025474853813648224,-14.657072722911835,-4.406313567376049,-27.47251881509624,0.8523360996024787,0.9680925011634827,0.34782608695652173,26.903106855309527,0.9550492502395171
27071,0.9068768694996834,0.8871315717697144,-0.09773025661706924,-5.442409962415695,-4.352018532374866,12.42919955641366,0.837206612356073,0.8896885514259338,0.3076923076923077,17.80429986807016,0.9600777094482055
27073,0.770497739315033,1.0323121547698975,-0.08911864459514618,7.003001868724823,-1.4135961870872826,36.49410562739706,0.8760703595972029,0.946085512638092,2.625,23.166027665138245,0.893193125328959
27077,0.7726948410272598,1.2784409523010254,0.14414265751838684,25.313344597816467,3.212553546530182,6.208918168360785,0.6648847283356244,1.1795202493667603,0.2,29.18406867980957,0.9495484246858179
27079,0.9081978872418404,0.8494231700897217,-0.08921986073255539,-15.856994688510895,0.6265234398098409,-3.91619672686194,0.8200718052350735,0.9083247780799866,0.2,24.834072022210986,0.9639940664410335
27080,0.9339954480528831,0.9509266018867493,-0.05896128714084625,-1.3950427062809467,-3.666192200104386,-3.081681061727271,0.9167436135653063,0.9406353831291199,0.24,12.382916450500488,0.9683887718752489
27084,0.8848457485437393,0.890645444393158,0.025426696985960007,-11.111778765916824,-10.687130300875202,11.739385406424839,0.8700302888247111,1.0402414798736572,0.30434782608695654,23.626982647439707,0.9424297794984581
27087,0.7273017764091492,1.020458459854126,-0.23946790397167206,17.50166416168213,-1.470448824987063,-9.665020001757203,0.8266456169945029,0.8638295531272888,0.7142857142857143,36.21461732046945,0.8946871188975448
27089,0.9288044050335884,0.9297855496406555,-0.04004467651247978,-7.361564785242081,0.9942817724202456,36.95680516166837,0.907464098203087,0.9507689476013184,0.08333333333333333,15.850513180096945,0.9652274884165477
27090,0.8775530681014061,0.885553777217865,-0.045895207673311234,-13.023975491523743,3.717534583847828,38.13795400074619,0.8545137910572628,0.9336535334587097,0.2962962962962963,27.064890331692165,0.9394488194919606
28001,0.7238432168960571,0.7728511691093445,-0.0542130284011364,-25.164929032325745,10.463123475837387,-267.35102074171425,0.7176580825628225,0.9130353331565857,0.65,46.32362365722656,0.856621083530652
28003,0.8605171591043472,0.8650892376899719,0.043736979365348816,-14.797550439834595,-3.517903493217963,5.127092295080537,0.8416874272910695,1.045847773551941,0.2692307692307692,21.5013889166025,0.9310076920883388
28008,0.9198963791131973,0.9508580565452576,-0.020622944459319115,-6.588895618915558,-5.351623563366811,-34.60069159730729,0.9335293866125067,0.981218159198761,0.2916666666666667,20.0736403465271,0.9593717549761571
28009,0.9465231150388718,0.9168953895568848,-0.0515609011054039,-6.171590834856033,-4.662677997473953,-23.908318469585772,0.9027395651582062,0.9555050134658813,0.4,13.715685844421388,0.9760539756527
28012,0.7440430521965027,1.0962244272232056,0.021487683057785034,18.10532510280609,-11.824701274491137,20.972867589434998,0.8512416551896185,1.0160046815872192,0.6111111111111112,19.501068717554997,0.887689025809665
28015,0.6281574070453644,1.1827540397644043,0.4233468770980835,20.83820551633835,-7.281161150171239,15.750289805683119,0.6661838405310044,1.2711155414581299,0.20833333333333334,17.874942223230995,0.9326906213645864
28018,0.9171199649572372,1.0770317316055298,-0.01801895909011364,5.811617523431778,6.938943275312131,-30.042407000719784,0.9135282105620285,0.9833203554153442,0.17391304347826086,16.905783570331074,0.9644293358090115
28022,0.9290093034505844,0.9224733710289001,-0.0545848049223423,-7.845631986856461,0.4240802030768619,-10.962064109258744,0.9035596800982053,0.9535133242607117,0.5416666666666666,14.48020339012146,0.9663942552255097
28023,0.9187245219945908,0.8571283221244812,-0.1617528796195984,-13.971538841724396,-6.0282887042472515,-22.143708966941617,0.8154154991559684,0.8848939538002014,0.42857142857142855,18.807801746186755,0.9797584649513899
28024,0.8954067900776863,0.8804202675819397,-0.06267523020505905,-8.623971045017242,-4.465144592785228,7.840740258115107,0.8382908009275263,0.9028154015541077,0.17391304347826086,21.964462943699047,0.950951998161019
28026,0.9296113550662994,0.9767687916755676,0.003687925636768341,-1.0193755850195885,-3.160553256932628,5.322865454957376,0.9570960301824191,1.0048094987869263,0.18181818181818182,18.58084201812744,0.9642518488965754
28031,0.8878145962953568,0.9650124311447144,-0.0014725447399541736,-5.851415544748306,3.5745397876315512,-28.22874886230234,0.9326795746435934,0.9983594417572021,0.30434782608695654,22.22053693688434,0.9425089723137936
28033,0.798016756772995,0.7659069895744324,-0.12060808390378952,-27.99503803253174,-2.4417441142935807,-5.867161341004853,0.7190442286249854,0.8710075616836548,0.2608695652173913,24.15336733279021,0.9134115550663461
28039,0.8796022683382034,0.882108211517334,0.050025057047605515,-12.759530544281006,-5.8532976457667045,-14.682351879068573,0.8422659862427959,1.0866411924362183,0.038461538461538464,25.359538885263294,0.9410521495086854
28040,0.8655946850776672,0.8619582056999207,-0.027963226661086082,-15.74530303478241,0.876182770886711,2.8480147317465674,0.841539952162904,0.9595351815223694,0.34615384615384615,25.8606140430157,0.9335421317485902
28043,0.8682692497968674,0.7849002480506897,-0.06387105584144592,-24.12581890821457,-0.7255079871960279,4.0267043720849145,0.7654339463012991,0.9221178889274597,0.3181818181818182,34.023365107449614,0.9481568998418161
28044,0.7845297306776047,1.058273196220398,0.023631462827324867,-4.521656036376953,16.545394168908718,-3.035677846448458,0.8839988738133827,1.0085783004760742,0.5714285714285714,15.594040779840379,0.900065478238175
28046,0.9225953668355942,0.9130793809890747,-0.0718688815832138,-8.732213079929352,-2.815950465231047,-22.552920812199385,0.8942541090033846,0.9512931704521179,0.2727272727272727,20.554609732194383,0.9645790428020475
28048,0.83766870200634,0.8688115477561951,-0.02844562940299511,-16.521401703357697,-3.619222737933383,4.6201284216755925,0.8389638865977473,0.9572833180427551,0.2727272727272727,27.44718248193914,0.91694878146504
28050,0.614685982465744,1.1110637187957764,0.003098186803981662,6.511589139699936,-6.649759777690398,2.6136373866656433,0.7987209727843448,1.0025893449783325,0.4166666666666667,24.007364114125572,0.8321566430962597
28052,0.8159034699201584,0.8409894704818726,-0.08982755988836288,-18.229728937149048,9.608576838528899,-9.134116079528425,0.7961732210259048,0.9092872142791748,0.20833333333333334,25.741036732991535,0.9103774702650778
28055,0.8942660838365555,0.921460747718811,0.016773099079728127,-11.080999672412872,-2.7795461445900047,-43.44061512859623,0.9022156579545901,1.0221593379974365,0.2608695652173913,28.112807481185246,0.9461267493102482
28056,0.89403435587883,1.0273891687393188,0.03290684521198273,4.144537076354027,-7.009066842623218,-0.41677336402302334,0.9258404880864253,1.0467031002044678,0.18181818181818182,16.854838891462844,0.9493217297619563
28060,0.6887450814247131,0.6990147829055786,-0.15251712501049042,-29.696831107139587,-1.2432650295884475,12.967588715457145,0.6283523038892254,0.8338899612426758,0.23809523809523808,46.99623925345285,0.8588002686294659
28066,0.796442836523056,1.1201632022857666,0.16307994723320007,11.68426126241684,-3.892779796747047,27.173412225350386,0.73153900537903,1.2288436889648438,0.2962962962962963,18.003050486246742,0.9274556930540223
28067,0.9303975328803062,0.8542514443397522,-0.012138310819864273,-16.524115204811096,-6.946005806609601,8.333403495835206,0.8510245144385289,0.9875608086585999,0.2608695652173913,23.19817543029785,0.9717808515365937
28072,0.8150370568037033,0.8895697593688965,-0.025405092164874077,-10.848243534564972,25.68789152143881,-52.48140670793697,0.8504822870981288,0.9716956615447998,0.4090909090909091,26.84087536551736,0.9032551146045621
28074,0.941492073237896,0.9297086000442505,-0.041094377636909485,-4.447817802429199,-0.30181130919241017,3.7994879552016263,0.9125221521565295,0.9560333490371704,0.4782608695652174,16.353247476660687,0.9720997032507009
28080,0.8692760765552521,1.0123318433761597,0.04175184667110443,3.0200887471437454,-0.6912869836352414,-4.114125723321694,0.9283678644266447,1.0305017232894897,0.07142857142857142,14.639559813908168,0.9363703421184993
28081,0.8178636133670807,0.8480575680732727,0.16555511951446533,-11.50384172797203,-18.356684597178592,57.93914002819104,0.7659468211464588,1.1602202653884888,0.14285714285714285,25.801563262939453,0.9223865058737735
28082,0.9166547805070877,0.9473679065704346,0.014793690294027328,-6.022680178284645,-9.222943672324886,27.541230044596553,0.9294702461309211,1.0201414823532104,0.09090909090909091,22.35811406915838,0.9575897463970132
28085,0.9458976425230503,0.9283632040023804,-0.05170146003365517,-7.094230502843857,0.7778758971291313,-25.0216248244555,0.9095596038478037,0.9507467746734619,0.08695652173913043,19.057574479476266,0.9750649942792285
28091,0.880797453224659,0.9048609137535095,-0.10581720620393753,-12.248615175485611,21.555407647501227,-30.7451105662279,0.8584887759600982,0.9106457233428955,0.24,21.660114288330078,0.9453209908599309
28093,0.9435014873743057,0.8915233016014099,-0.0277895275503397,-8.383049815893173,-6.807464936306267,0.1368799524042187,0.8842216555282577,0.9679123759269714,0.13043478260869565,19.46866408638332,0.9753460888598433
28115,0.8279576748609543,1.0816631317138672,-0.09440828859806061,4.829278215765953,-3.603599476179778,6.080377365605625,0.8817462491058988,0.954345703125,0.07407407407407407,14.743636272571706,0.9276759535420129
28116,0.784593477845192,1.030340552330017,0.009550183080136776,4.774928465485573,6.563759649991738,13.69237889916505,0.8914690961172504,1.005825400352478,0.23076923076923078,18.35521367880014,0.8959592738748452
28117,0.9326691329479218,0.9209600687026978,-0.09549348056316376,-9.501341730356216,11.73061393442311,-20.757549354602013,0.8792601367656043,0.913196325302124,0.15,21.368768215179443,0.9717878413919879
29002,0.872582420706749,1.042279601097107,-0.10444802045822144,5.5740345269441605,3.0038174960813886,-113.8327307925883,0.9115188902485344,0.9451123476028442,0.22727272727272727,20.65200598343559,0.9449664854088945
29003,0.8578115105628967,0.8602293729782104,-0.13012948632240295,-15.720164775848389,-1.152823024728562,-63.327116788485114,0.8238291094781788,0.9121109843254089,0.35294117647058826,29.58984935984892,0.9385518477662771
29005,0.7092869281768799,0.6552925109863281,-0.1078953817486763,-40.097540616989136,0.5567737715729052,-43.37965990504427,0.5862045214275078,0.8064724802970886,0.29411764705882354,51.696830325656464,0.8777275819223058
29009,0.8702722191810608,0.8341880440711975,-0.049996454268693924,-8.963852375745773,-5.215311844047554,-1.5971463715975502,0.8079334328201561,0.92369544506073,0.2,30.131466388702393,0.940220602254336
30001,0.8706714361906052,0.9131857752799988,-0.181009903550148,-10.023612529039383,15.878112400352002,4.174679425789252,0.8011337678853884,0.8278519511222839,0.13636363636363635,20.296720836473547,0.9512545599125086
30004,0.8278022110462189,0.9434378147125244,-0.07761252671480179,-6.982786953449249,4.370374160714096,24.048193129828697,0.8695519927431425,0.9202683568000793,0.48,30.715113419752853,0.9136271636136051
30005,0.7775252461433411,0.8425876498222351,-0.2505341172218323,-8.294029533863068,2.5549081478497615,-6.850126251498175,0.7307175770466862,0.7967182397842407,0.25,29.960100650787354,0.9199318959466214
30011,0.8967712074518204,0.9787847399711609,0.03768572956323624,0.41483561508357525,-5.337215963338184,-9.606300684619942,0.9336828102869744,1.0355942249298096,0.45454545454545453,21.143856915560637,0.9482222678655361
30012,0.6172988712787628,1.2708635330200195,0.14648908376693726,31.90859854221344,-27.609981013766294,88.61770461276495,0.6224639114519168,1.23735773563385,0.45,44.62752115158808,0.8867403427037225
30014,0.7529625743627548,0.8144007325172424,-0.06109770014882088,-18.407507240772247,1.13596156232533,78.54073578302231,0.7488070565047803,0.8895080089569092,0.2727272727272727,41.64607835852582,0.8717723637939544
30015,0.8663665354251862,0.8889290690422058,-0.06226659566164017,-14.228960871696472,3.984341815885333,-871.8735614108683,0.8631651327501848,0.9549998044967651,0.29411764705882354,29.80162676642923,0.9339544733073155
3003,0.8791441768407822,0.8947228789329529,-0.026331445202231407,-10.499752312898636,-14.109433626962781,13.088848737742415,0.8732323791308592,0.9643488526344299,0.1,24.806359608968098,0.9390430219566706
31002,0.9144240170717239,0.9456550478935242,-0.026589086279273033,-6.460374593734741,-8.029827904779737,24.667590737629244,0.918859495223035,0.9581130743026733,0.1875,25.230956077575684,0.9566884178119505
31006,0.8763286620378494,0.9611039757728577,0.14868439733982086,-1.535386685281992,-9.80724974535078,13.126213615914542,0.8903439459785911,1.0883307456970215,0.8461538461538461,13.60791829916147,0.9479497469028648
31010,0.9024819657206535,0.9878647327423096,-0.02515149861574173,-2.4500174447894096,7.669341107571061,-138.80150370240628,0.9394885453131093,0.9665789008140564,0.3181818181818182,25.045962767167524,0.9510367324812634
31021,0.8683035373687744,0.903988242149353,-0.019287703558802605,-10.497017204761505,-3.808663318820596,-12.759932950025906,0.8780146301580181,0.9668207764625549,0.15789473684210525,33.334066993311836,0.9324625145910355
31023,0.1767963171005249,1.077333688735962,0.06314277648925781,-7.873905450105667,-82.02518418162632,-422.074910010687,0.5661105611445516,1.1995649337768555,0.125,51.69182618459066,0.6225700290869516
31025,0.8579921573400497,0.9207231998443604,0.040540460497140884,-8.078311383724213,-29.141826501268593,-905.5493006124528,0.8608605888710971,1.0881667137145996,0.19047619047619047,34.63767823718843,0.9271879455093561
32003,0.8870677873492241,0.9681299328804016,-0.03237120807170868,0.07688503246754408,15.019264838226713,-370.3621841243697,0.9053925130258597,0.9317631721496582,0.3333333333333333,23.83783393436008,0.9427408458124183
32004,0.8648104965686798,0.8592774271965027,-0.02131175808608532,-14.134937524795532,-15.427833868123983,91.51891547827618,0.841438769735491,0.9705681204795837,0.42105263157894735,30.376823324906198,0.933122606850635
32006,0.7404879331588745,1.1078765392303467,-0.022675320506095886,6.4781054854393005,7.571545726674554,-55.09010838027986,0.8425303306857539,0.9736091494560242,0.3181818181818182,22.514096550319508,0.8883627658655633
32008,0.8317468613386154,0.9680408239364624,-0.04272343963384628,-9.25036147236824,0.4997891991642043,-12.035646675676334,0.8928884794109934,0.9438521265983582,0.38095238095238093,29.26269712902251,0.914566369498293
33006,0.8734930157661438,0.8621520400047302,-0.106920026242733,-11.448425054550171,-10.810724013482789,-7.688612797345407,0.835541718732387,0.9297142624855042,0.8947368421052632,29.218329881366927,0.9442830249862467
33007,0.8724652677774429,0.8920682072639465,-0.08068033307790756,-10.14576330780983,-16.02494821466995,31.84382737832224,0.8694491248126864,0.9595527648925781,0.47058823529411764,27.356921925264245,0.9386951853349179
33012,0.8443690985441208,1.0401405096054077,0.046417079865932465,-1.2125692330300808,-23.25161355121537,-459.3100314465455,0.8636496773415367,1.1079390048980713,0.2222222222222222,30.352573924594456,0.9269978000379485
33013,0.8451968729496002,0.9098110198974609,-0.1529679149389267,-6.996726989746094,-3.2556927889103915,5.346078540819376,0.8088328542377418,0.8456579446792603,0.9,24.761722087860107,0.9322552183092895
33014,0.8998449295759201,0.9433622360229492,-0.044674430042505264,-5.198568105697632,-5.215242317268032,11.576420663175858,0.9172141332846634,0.9666391015052795,0.045454545454545456,16.11722707748413,0.9496739245409069
33018,0.7932568192481995,0.9996706247329712,-0.05952039361000061,-8.740299940109253,17.517198893059323,17.523669426892667,0.8685122761617987,0.9165763258934021,0.3181818181818182,28.963630849664863,0.8983663262956578
33019,0.9081115275621414,0.9242919087409973,-0.11855568736791611,-6.749004125595093,-1.5518555698668806,3.603766260712013,0.8781693463668698,0.9128810167312622,1.1666666666666667,17.634961340162487,0.9609964637908862
33020,0.6462363004684448,0.6033062934875488,-0.05906505510210991,-42.914408445358276,-1.0551217593030457,0.5095354553678815,0.536832568177622,0.8222427368164062,0.0625,48.25439453125,0.8401233960210909
33021,0.8721332848072052,0.9479563236236572,0.06066015362739563,-8.454751968383789,-6.311333921658021,-22.50168219690372,0.8920508308576448,1.0695630311965942,0.26666666666666666,21.611042022705078,0.9359261086049788
33022,0.9115487188100815,1.0116909742355347,0.10277165472507477,0.5656754598021507,-8.600636952503722,20.031637605723393,0.8990818345351889,1.0925805568695068,0.23809523809523808,15.590085302080428,0.9615729557220558
33023,0.8649044185876846,0.9690377116203308,0.04407014325261116,-2.0859165117144585,-14.764198701199064,-34.170783380278785,0.9067233487061286,1.055582046508789,0.058823529411764705,20.28985023498535,0.9317907155822062
33024,0.8460244834423065,1.0269371271133423,0.14353996515274048,4.856996983289719,-22.83114767167289,-27.60281112799296,0.8384003622581541,1.1456633806228638,0.25,14.041954278945923,0.9354166147783024
33026,0.9341969415545464,1.0121610164642334,0.04841012507677078,3.0585654079914093,-10.061268228600996,19.61767305836347,0.9291127862048776,1.0624415874481201,0.5882352941176471,17.71864891052246,0.9687245317357068
33028,0.805655837059021,0.8856583833694458,-0.042591579258441925,-4.061370715498924,-6.679332819701217,0.35955562564555815,0.8434223449553113,0.9656724333763123,0.13043478260869565,22.497347126836363,0.8986877355139015
33029,0.8810182213783264,0.9060752391815186,-0.15057936310768127,-11.654974520206451,17.75238093343785,23.143774178424792,0.8453031794152959,0.8869577646255493,0.42105263157894735,31.883420442280013,0.9517226903633343
33031,0.6783511340618134,0.6020270586013794,-0.09677105396986008,-42.75173246860504,7.5790239003663755,-46.06725132855531,0.5237975901608862,0.771858811378479,0.19047619047619047,48.448149363199875,0.8721803180043504
33032,0.7923499643802643,0.9851913452148438,-0.20854414999485016,-0.45576062984764576,0.6193002296553997,8.405417533803595,0.8593235622781273,0.8875368237495422,1.4,19.26985502243042,0.9167978494194503
33033,0.8205524682998657,1.043899416923523,0.14575804769992828,7.092159986495972,-12.069042266157275,-25.034577933361945,0.8771226022739471,1.0869996547698975,0.34782608695652173,20.168648595395293,0.9251484393240865
33034,0.8486580401659012,0.8168172240257263,-0.1082451269030571,-17.847293615341187,-5.4620877062768605,11.07644478668577,0.788300508629318,0.9160650968551636,0.7222222222222222,17.307746410369873,0.9350717529342473
33035,0.841805025935173,1.0072908401489258,-0.013041440397500992,4.017570614814758,-2.7125763218714756,91.0464471193621,0.9205653412384994,0.9896111488342285,0.875,28.306227922439575,0.9215858403479684
33039,0.9378064386546612,1.0374664068222046,-0.004409673623740673,3.2017219811677933,4.940654826097923,4.5396319337980655,0.9521631280990901,0.994817852973938,0.631578947368421,19.246868083351536,0.9707121181152102
33053,0.8599287569522858,0.9370601773262024,0.04364366829395294,-5.480444058775902,-31.415204360389364,86.70465382349086,0.8818381035362491,1.0698059797286987,0.2222222222222222,23.778446097122995,0.9283903798933579
33054,0.5918650329113007,0.9136874675750732,-0.5504929423332214,-12.063278257846832,12.503940637408173,-65.27379987995178,0.7640177704191011,0.7869679927825928,0.5384615384615384,20.206939257108246,0.9465666459475862
33058,0.8430755287408829,0.8248178362846375,-0.07659408450126648,-24.676033854484558,17.296243627185973,-5.288760441214522,0.781733456634907,0.8921700119972229,0.16666666666666666,34.42657788594563,0.9270329721321274
34002,0.8705934137105942,0.8597467541694641,-0.17020419239997864,-11.179976165294647,-12.909903076595281,9.04873971740806,0.765948402166445,0.8186084032058716,0.14285714285714285,28.769881384713308,0.9530290931009868
34003,0.8445710390806198,0.9631497263908386,-0.19021178781986237,-4.225543141365051,-1.269439173226934,-26.156366341443633,0.8866650368804733,0.9120149612426758,0.25,18.857522805531822,0.9387994758592167
34004,0.45552217960357666,1.352720022201538,0.07417558133602142,39.47374224662781,20.449905175489448,32.77839760714789,0.6133659624236871,1.039924144744873,0.6666666666666666,31.32940928141276,0.8467664279046573
34005,0.7129830718040466,1.0091350078582764,0.17187610268592834,0.7244541309773922,-16.685494608360013,15.278141222221961,0.7822886478254074,1.1762118339538574,0.18181818181818182,31.821849129416723,0.8724689289947861
34006,0.8832024112343788,0.8573947548866272,-0.02737286686897278,-9.099464863538742,-13.391129616358668,-42.93509979784577,0.8408870037648559,0.9568108320236206,0.3333333333333333,21.15453084309896,0.9441843623472067
34007,0.8952028304338455,0.914038896560669,-0.08092648535966873,-9.706180542707443,5.403758012162653,-23.81651549758623,0.8263356581672876,0.8575229048728943,0.2,26.115000247955322,0.9502981923485322
34008,0.4221162796020508,0.7952718734741211,-0.592642605304718,-18.119291961193085,1.1232938387066127,56.184196342460524,0.6882472234858368,0.7955864667892456,0.18518518518518517,28.744157155354817,0.8838479646592908
34010,0.8254282474517822,1.0067112445831299,-0.035358745604753494,7.130909711122513,-21.452282995784422,18.705793564234664,0.89880971305969,0.9471985101699829,0.3125,20.779457092285156,0.913939346743484
34011,0.8405730128288269,0.8885766863822937,-0.08595120906829834,-8.184962719678879,-16.892058747742876,6.346418894644097,0.8527949190631022,0.9444884657859802,0.5714285714285714,21.763211204892112,0.9214337820351863
34012,0.7449902594089508,0.9618985056877136,-0.26738452911376953,-7.858327031135559,8.971071420910263,-25.50105074980935,0.8405432861121372,0.8774502873420715,0.8333333333333334,23.34150274594625,0.9053623348631967
35003,0.7125659584999084,0.7153526544570923,-0.06642715632915497,-28.027337789535522,-18.117287574082034,-39.55411040884261,0.6542602186038604,0.8636987209320068,0.38095238095238093,44.20364628667417,0.8588127256454889
35008,0.8674568831920624,0.857428789138794,-0.028340749442577362,-14.814350008964539,-13.32476983781211,-60.777720629313045,0.8348659219645947,0.9478302597999573,0.36363636363636365,33.41426434724227,0.9350305320197796
36003,0.870342805981636,0.9155221581459045,-0.11532459408044815,-7.986333221197128,2.220310444241939,8.576622583592089,0.8038616582803707,0.8333396315574646,0.3888888888888889,30.173042085435654,0.9403504826608056
36006,0.9197311773896217,0.9487208724021912,0.01585322432219982,-1.6188094392418861,-8.419913026737351,52.470838670740164,0.9313434549915866,1.020511507987976,0.4090909090909091,21.27953009171919,0.9592145824422609
36009,0.8288273811340332,0.8232129216194153,-0.04044371843338013,-17.257054150104523,-9.86208179215442,-3.121157632447089,0.7842192537737006,0.909152090549469,0.25,30.802922248840332,0.9160100201922651
36010,0.8085646629333496,0.8343355655670166,0.00527446111664176,-11.975090950727463,-28.14404643795293,2.010902439165057,0.8067880695596314,1.0152056217193604,0.17647058823529413,37.70402802361382,0.9017404747791784
36011,0.8431196361780167,0.8121739625930786,-0.018156079575419426,-19.284524023532867,-0.0830460241258859,-12.600163080735294,0.7952158758949122,0.9670764803886414,0.25,32.130787769953415,0.9253410486686141
36012,0.6295400857925415,0.8905087113380432,0.028076881542801857,-5.079915747046471,-43.51564520697176,62.892414829730384,0.7680176107004453,1.0386581420898438,0.52,34.29969024658203,0.799169139068629
37001,0.9465507380664349,0.9650044441223145,0.018741166219115257,1.2142556719481945,-21.677092625813042,22.301657470658213,0.9450076658031326,1.0328189134597778,0.3157894736842105,19.949793815612793,0.9731227455168621
37003,0.8239795714616776,0.7393715381622314,-0.048907823860645294,-23.873846232891083,-30.50856249843766,36.7521712774683,0.7166603216449577,0.914884090423584,0.3,34.028446674346924,0.9285195121211599
37005,0.9187888279557228,0.9464483261108398,-0.012301510199904442,-4.229104146361351,-13.16424218571989,40.32091153537129,0.9297901594382879,0.9811512231826782,0.2916666666666667,26.20084285736084,0.9586918464723867
37008,0.9313208758831024,0.9552584886550903,0.014986693859100342,-4.064135625958443,-13.713274361066684,-46.05073431172283,0.9391112559369464,1.0222667455673218,0.23529411764705882,15.639450970818014,0.9652174130060814
37009,0.8268986493349075,0.8312056660652161,-0.009928823448717594,-12.01273649930954,-2.796372137343722,-12.184775705389452,0.809704149295353,0.9871789216995239,0.36,20.11467933654785,0.9130712729983291
37010,0.8671464323997498,0.8756186366081238,-0.044421687722206116,-11.461109668016434,-15.78814305466988,24.27632352235704,0.846441631393094,0.9386289119720459,0.21052631578947367,21.982693672180176,0.9340982658478736
37011,0.8891747742891312,0.8676044344902039,-0.016117695719003677,-13.35030198097229,-10.316050360003516,6.027860842187901,0.8539008231590046,0.9693146347999573,0.2777777777777778,31.197147369384766,0.9463829125231729
37018,0.8432394117116928,0.9730945229530334,-0.004422325175255537,0.3884596284478903,1.413188514065222,13.134401381188157,0.9151938890270155,0.9935445785522461,0.2222222222222222,20.718060599433052,0.919834550477346
37019,0.8473978340625763,0.8949246406555176,-0.02788306586444378,-10.129809379577637,-5.517576848410448,-2.2216405362575142,0.861895840879056,0.9570462107658386,0.14814814814814814,29.541926913791233,0.9213431527738485
37020,0.9125294238328934,0.9448498487472534,-0.04567273333668709,-6.744606792926788,11.650125949406133,-58.235024844038996,0.8951621908005086,0.9222139120101929,0.058823529411764705,18.20363998413086,0.9564253333943893
37031,0.7281889319419861,0.6844223141670227,0.006830931641161442,-22.80319035053253,-24.308859036163827,29.32658539441761,0.6598734497288472,1.0166083574295044,0.32142857142857145,37.27313109806606,0.8742186147828245
37033,0.8117907047271729,0.9431053996086121,0.10571634769439697,-3.606249764561653,-42.92156091159368,72.66701247343617,0.7856051233484304,1.1850359439849854,0.2413793103448276,28.570474427321862,0.9078595256451791
38001,0.8967904224991798,0.8865281343460083,-0.08435053378343582,-12.932176887989044,17.847985681820028,44.12650319623065,0.8406586663334874,0.8984574675559998,0.09523809523809523,17.73903142838251,0.9530648274267101
38003,0.7803296148777008,0.825432538986206,0.04406224936246872,-18.35014671087265,-14.171208851502112,-12.707854469199532,0.7902037460510394,1.0259740352630615,0.6190476190476191,26.757739839099703,0.8865715237765774
38004,0.8671463578939438,0.9602108001708984,-0.010293870232999325,-7.1400485932827,6.983634407152049,14.941387491053437,0.9190017282218711,0.9823175072669983,0.11764705882352941,23.113306363423668,0.9317001533036069
38007,0.8153000026941299,0.9873905777931213,0.09812574088573456,-2.8814686462283134,-14.072089665746848,10.708241089567219,0.8212108164268961,1.154794692993164,0.14285714285714285,24.230451243264334,0.9114269925118391
38012,0.569005936384201,0.6511667370796204,0.020319124683737755,-27.012434601783752,-36.80915723778448,-74.82519971763868,0.5758935008799466,1.0438635349273682,0.17857142857142858,42.765579904828755,0.7628130113605202
38014,0.8486701399087906,0.8179075717926025,-0.02603285014629364,-20.543916523456573,-13.112853541074742,20.97302191096579,0.7986049938954285,0.95263671875,0.15384615384615385,33.67617680476262,0.928173711897192
38017,0.6353257894515991,1.0238745212554932,0.2648964524269104,4.665397107601166,-22.165946101481225,91.69040534516564,0.7491375182700677,1.2043483257293701,1.0,31.057950854301453,0.8564599228573256
38018,0.8765773698687553,0.8630474209785461,-0.04186808317899704,-11.419004201889038,-7.8462843039226415,15.451892885801374,0.8485933722962486,0.9752382636070251,0.34615384615384615,14.98505427287175,0.9403777355109717
38021,0.7953745424747467,0.7897369861602783,-0.022775204852223396,-21.72989249229431,-7.5381485344744235,-813.7785265274835,0.7607935110048443,0.9474555253982544,0.13043478260869565,41.53768290644106,0.8987661737498127
38026,0.9036833345890045,0.9278481602668762,-0.05647076666355133,-3.7537701427936554,-7.218862065784359,34.802848537394546,0.8749004622513171,0.9094505906105042,0.17391304347826086,25.333045876544453,0.9526205653550696
38029,0.7946673929691315,0.9666312336921692,0.07001514732837677,0.25537190958857536,41.606641419327154,-681.1997788320474,0.7793231467624091,1.1922379732131958,0.29411764705882354,21.038855446709526,0.896901209295059
38030,0.8561004102230072,0.90205317735672,0.056784652173519135,-8.169837296009064,-17.277677970730544,-0.7142552441501528,0.8640532979318707,1.0600736141204834,0.30434782608695654,27.28731735892918,0.9273426767366851
39001,0.9448121078312397,0.9457499980926514,-0.03476423770189285,-2.689347043633461,-9.41409778359928,-7.191007527158804,0.928929129607867,0.962851881980896,0.5454545454545454,14.5323937589472,0.9730180942298963
39002,0.9376955404877663,0.9288282990455627,-0.07981157302856445,-6.880049407482147,-1.0366469358127275,16.14415317272188,0.8881236878113137,0.9181401133537292,0.7777777777777778,11.752883593241375,0.972616479947745
39004,0.6956113278865814,0.7841036915779114,0.18646782636642456,-20.700155198574066,-16.931356436853562,1.7497221462180794,0.6914112037789983,1.168503761291504,0.16666666666666666,26.40773852666219,0.857794825714895
39005,0.7542600780725479,1.1014258861541748,0.20599661767482758,11.655059456825256,-0.13124135651694208,73.25356731829808,0.795161869186789,1.1548994779586792,0.13793103448275862,17.948474555179992,0.9123780781937579
39006,0.8970659598708153,0.9296336770057678,-0.11157071590423584,-11.889170855283737,5.59169382154972,8.3539621504249,0.8826445296026664,0.9181191325187683,1.0555555555555556,17.593965265485974,0.9539955375971871
39007,0.9091565608978271,0.8733087182044983,-0.06049889698624611,-13.282014429569244,-7.999064953721367,-4.5916481008614065,0.8564719846184754,0.9462319016456604,0.2,20.30440330505371,0.9592740633535582
39008,0.939039308577776,0.9620193243026733,-0.06147481128573418,-2.262321300804615,0.8448594457048018,34.026632055692524,0.9224348432506138,0.9388888478279114,1.0526315789473684,15.846062961377596,0.9710302071921254
39010,0.8430066704750061,0.9060930013656616,0.003290828550234437,0.565486354753375,-25.569895884888727,9.670715555403927,0.8754732841638911,1.0019266605377197,0.4117647058823529,11.6081903962528,0.9182401899244514
39011,0.9172441437840462,0.9593600034713745,-0.053768932819366455,-9.801184386014938,2.8107958841417897,-55.65354248316171,0.9260016224876755,0.9534971714019775,0.22727272727272727,23.105879263444383,0.9592368120850104
39012,0.7700036913156509,0.8011829853057861,-0.2516261339187622,-19.31699514389038,-2.801365813196455,28.930852630987847,0.7365566227442595,0.846450924873352,0.2222222222222222,26.84727598119665,0.9206470591865544
39014,0.7074193954467773,0.9995177388191223,-0.17023806273937225,-4.644105955958366,-2.4541618438216783,2.1488933408759325,0.8202178152615236,0.8777973651885986,0.375,33.11870098114014,0.8681367472771722
39015,0.8262300193309784,0.8133137822151184,-0.16907471418380737,-18.755291402339935,-11.70189192640654,-1.3393385375437918,0.7828025259335074,0.9121235609054565,0.5882352941176471,23.70159766253303,0.9321713166713115
39016,0.9335976243019104,0.9539864659309387,-0.08913331478834152,-4.625428467988968,-3.1684282683575455,-34.47907647815788,0.9217819190295115,0.9440637230873108,0.4444444444444444,12.36908303366767,0.9704711023177602
39017,0.7521021366119385,0.8616160750389099,0.038627635687589645,-11.29300519824028,-79.40336028230374,-76.39376630090126,0.7779097101704335,1.1130588054656982,0.3333333333333333,35.86170673370361,0.868122433084267
39019,0.9028768837451935,0.8727880120277405,-0.10730234533548355,-14.537163078784943,-9.80041058919809,-34.48702133890983,0.8532678720728077,0.9386358857154846,1.2222222222222223,14.818762408362495,0.9602272334346158
39020,0.9280076175928116,0.92448890209198,-0.11115039885044098,-2.7161359786987305,-3.7647220827358017,-1.7157938558947656,0.8911346988738874,0.9272071719169617,1.0,12.757426897684734,0.970829260179457
39021,0.8895026817917824,0.9031322002410889,-0.04258981719613075,-8.016009628772736,-4.5584792592585615,8.772154062576888,0.8808040670342356,0.9575499296188354,0.42857142857142855,18.505255381266274,0.9450246297867794
39022,0.8929267600178719,0.9593426585197449,-0.07256122678518295,-5.027366802096367,1.6740426029472746,-12.242259842324115,0.9132883376848175,0.9439547657966614,0.16666666666666666,22.353661060333252,0.9478001466638739
39023,0.8108151406049728,0.8429046273231506,0.038929782807826996,-14.111186563968658,-18.963019162114165,-25.800254443472507,0.8147490966992947,1.0170643329620361,0.10526315789473684,18.18910648948268,0.9033162392239017
39025,0.8864827752113342,0.9689059853553772,-0.013859317637979984,-2.9720107093453407,-9.377342818568462,10.174569479808929,0.9313961325698025,0.9805645942687988,0.13636363636363635,26.569251580671832,0.9420179520564883
39027,0.5974428355693817,0.7146313786506653,-0.15048056840896606,-34.529075026512146,-2.8915481741373035,-18.17334729301666,0.6256160514863773,0.8770495653152466,1.0625,32.554471492767334,0.7911668573605686
39028,0.8346117287874222,1.1546411514282227,0.2540612816810608,18.41130405664444,-12.043028239531434,-68.81966932100063,0.7818960254594837,1.1501524448394775,0.8461538461538461,18.04064787351168,0.9666878204848234
39029,0.7849978804588318,0.9410555362701416,-0.016275381669402122,-0.09054134134203196,-27.145545838222745,-27.083525189516035,0.872998747013297,0.9925633668899536,0.22727272727272727,13.46898078918457,0.8877522163079444
39034,0.9449450187385082,0.9960749745368958,-0.02947157621383667,3.7533674389123917,2.9778469947549477,7.8428358300456065,0.9615358428357439,0.9730803370475769,0.6190476190476191,12.822109176999048,0.9728077711836908
39035,0.9163694456219673,0.8827435970306396,-0.09673598408699036,0.559269031509757,-9.820247287880836,85.16131424546084,0.8500744205175913,0.9130897521972656,1.3333333333333333,17.896217770046658,0.9657184572591849
39036,0.4670943021774292,0.7765743732452393,0.08385790884494781,-5.9428151696920395,-60.5995191588948,20.663777361943016,0.6193784469204922,1.0323307514190674,0.6818181818181818,20.627947287126023,0.693555097137222
39037,0.9295812323689461,0.9639768004417419,0.018002668395638466,-8.364441990852356,-2.0175390636446178,-64.87319809054084,0.9467265330978601,1.0163415670394897,0.9166666666666666,27.581624190012615,0.9643160462384959
39042,0.9268269538879395,0.9518858790397644,-0.00337510509416461,0.1436903141438961,-1.6807028456440145,10.447672114030585,0.9390881971003329,0.9967738389968872,1.6,17.47377713521322,0.9627861452964932
39049,0.8648432642221451,0.9573363065719604,-0.030034847557544708,-5.807645991444588,1.0890044999340935,-68.0884393450833,0.9086681321568882,0.9583216905593872,0.07692307692307693,18.50884510920598,0.9308318146185516
39052,0.8680632710456848,0.9344422221183777,-0.052411552518606186,-5.675037205219269,-15.253592059183543,67.56648335124004,0.8849659215192532,0.9331481456756592,0.07407407407407407,19.450814635665328,0.9331730103585715
39054,0.8532658070325851,0.9442799687385559,0.03331362456083298,-4.387592896819115,-22.943020913998406,-54.708862190532514,0.8800389966644916,1.0747729539871216,0.4375,40.00524878501892,0.924535267909272
39056,0.8457692712545395,0.9216256141662598,0.14600150287151337,-2.468568831682205,-36.24553463140446,33.971592665030265,0.7893434508962337,1.1830395460128784,0.26666666666666666,22.5619109471639,0.9312238273753847
39061,0.7857691496610641,0.9202302098274231,-0.21774712204933167,-5.088686943054199,9.409444578885033,1.8376944952586922,0.8117107739987225,0.8534086346626282,1.3333333333333333,22.184062004089355,0.9128186670639385
39065,0.7937171012163162,0.7471356987953186,-0.02087581157684326,-15.05715548992157,-26.147963712000937,-3.924104549876415,0.72951752122553,0.9857995510101318,1.3333333333333333,21.138787269592285,0.9050328280470777
39069,0.8904704749584198,0.9192671775817871,-0.05695945769548416,-6.522645056247711,-6.576128911702181,48.99114677075653,0.8659987754736154,0.9078376889228821,0.3076923076923077,29.24587814896195,0.9457353892865306
39072,0.9243081659078598,0.9315628409385681,-0.0570572130382061,-5.3833819925785065,-3.7829755337236257,-11.795831373362706,0.9086284585482278,0.951598584651947,1.15,13.934839963912966,0.9636349503069436
39078,0.9026966392993927,0.9314782619476318,-0.042456500232219696,-6.63457065820694,-0.5964253146951106,9.419762375237376,0.9047359590118492,0.9552322030067444,0.42857142857142855,21.885395050048828,0.9512572746756466
39081,0.8933700770139694,0.9579378962516785,-0.06430326402187347,12.876930832862854,-15.503615430049402,17.54917730432831,0.906083652502153,0.9345247745513916,0.5,21.185198697176848,0.9474257229430999
39087,0.8224347233772278,0.9715156555175781,-0.1016291081905365,-4.528695344924927,7.129421091921609,8.526598981738138,0.8611056577318492,0.8944351673126221,0.52,26.382707666467738,0.9143475246522621
39088,0.8044034540653229,0.8711814284324646,0.17954936623573303,-13.69703859090805,-10.284710549569823,2.3000981806729683,0.8082178974052194,1.1144157648086548,0.625,16.38030856847763,0.9157670892214611
39095,0.8330901712179184,0.8696994185447693,0.06835323572158813,-12.237688153982162,-23.905212408445887,42.6682491239152,0.8182410955635594,1.0953096151351929,0.2962962962962963,20.643993660255713,0.9164887128757714
39099,0.9533218182623386,0.9154661297798157,-0.027372214943170547,-12.714512646198273,0.5614889854851076,82.70092087760543,0.9089682850865629,0.9736918807029724,0.6875,12.697285413742065,0.9788179140608936
39101,0.8900090008974075,0.8460429310798645,-0.09128154814243317,-17.199508845806122,-1.5954163802100776,-33.01626111931169,0.8076885884208111,0.8943668007850647,2.3333333333333335,19.877884123060436,0.9539291070553367
39105,0.9094456881284714,0.9779520630836487,0.033390287309885025,1.6677085310220718,-20.50920103038098,21.986267719217313,0.9350679077838422,1.0407638549804688,0.6666666666666666,18.854039245181614,0.9545206288034727
39108,0.8505855947732925,0.7898443937301636,-0.1388625055551529,-26.143935322761536,-7.199122996656639,88.57977353897306,0.7529066879535071,0.881982147693634,1.5333333333333334,25.386199355125427,0.9455802191436257
39114,0.6553002297878265,0.6423313021659851,-0.09362469613552094,-38.040339946746826,-26.378250743285115,82.62723070365371,0.593113827563522,0.8931697607040405,1.0,47.499332427978516,0.8380840962669341
39120,0.8133138120174408,0.7179044485092163,-0.027687229216098785,-25.331005454063416,-35.6976832527735,-54.930817917375954,0.703552413110085,0.9469170570373535,0.3,41.844849586486816,0.9259360224644344
39125,0.5952215492725372,0.8161380887031555,0.23972436785697937,-15.794114768505096,-61.312866580054205,72.69710802350157,0.5228072427379489,1.3962552547454834,0.7142857142857143,38.015638078962056,0.8079336098006156
39127,0.6083391904830933,1.1888734102249146,0.2458251267671585,10.76028198003769,16.839898335414514,79.9195227436417,0.7210063697036478,1.1634423732757568,0.5,42.31390357017517,0.8756984663250813
39141,0.8769701570272446,0.9226251840591431,-0.1425245851278305,-12.488258630037308,12.87210066928662,-2.611328195324734,0.8429934334849651,0.8738403916358948,0.2,24.11838878284801,0.9475790785623318
39142,0.7574886530637741,1.2852463722229004,0.19084444642066956,17.76294857263565,22.228177287674132,-29.368132607887638,0.694391005110141,1.0983718633651733,2.0,11.388681485102726,0.9514784440755647
39143,0.7252500355243683,1.1382843255996704,0.0002801396476570517,10.929136723279953,7.3389093992476475,-32.769889850199874,0.8218686096772002,1.0002061128616333,0.55,21.505794525146484,0.8877137807686701
39144,0.6743741631507874,0.5708754062652588,-0.18224495649337769,-44.627177715301514,-25.073426699202372,-21.36184396609246,0.5297640090424675,0.8327203392982483,0.2857142857142857,54.82170922415597,0.905176556910684
40003,0.8959455341100693,0.9441084265708923,0.02842744253575802,-7.692253589630127,2.7853345217847196,6.959554248465302,0.9066474492382641,1.0527180433273315,0.3157894736842105,26.85840606689453,0.9469751128140876
40004,0.7882102280855179,1.2535241842269897,0.08631817996501923,29.33652698993683,-23.974367075134644,-1.955941111477081,0.6974444317602506,1.1553837060928345,0.18181818181818182,36.35552447775136,0.9441317284518964
40005,0.9031553938984871,0.9103617072105408,0.02392258681356907,-8.453932404518127,-20.234467404580453,89.84002028121853,0.8803323767387369,1.0627429485321045,0.26666666666666666,21.46427491131951,0.9515372418006519
40006,0.6476647853851318,1.000912070274353,0.180558979511261,1.7131941393017769,-47.124471547510204,59.7080032066711,0.6354558412830341,1.3276902437210083,0.7333333333333333,101.79985761642456,0.840279256348647
40007,0.8906341269612312,1.0386849641799927,0.07345396280288696,2.1781407296657562,-9.49773637038829,51.130398372575655,0.8579573761729988,1.1274608373641968,0.3,24.705802826654345,0.9506713524565145
40009,0.8322926461696625,1.064366340637207,0.016074661165475845,6.584618985652924,29.757102166265614,71.55816405971316,0.8966260799129502,1.0256502628326416,0.15789473684210525,20.025012493133545,0.9232849065453531
4001,0.85845747590065,0.9299628734588623,-0.0363377220928669,2.4864811450242996,-15.524008278619656,38.498202922158605,0.8955339234681892,0.9732637405395508,0.42857142857142855,28.131922653743196,0.9272460689593038
40010,0.8999358043074608,1.0139262676239014,0.049366798251867294,3.2455794513225555,-9.665174522869075,19.7935358014175,0.883752897314069,1.1049327850341797,0.25,22.163872491745725,0.951952538278162
40011,0.9413160160183907,0.9684348106384277,-0.015666335821151733,2.470060810446739,-12.613000369471076,-15.731218883573714,0.9542771214144588,0.9853484034538269,0.125,14.401547431945803,0.9703427721227287
40012,0.8331775367259979,0.8616175651550293,-0.2557630240917206,-14.654749631881714,18.91522778535565,10.127127207368337,0.7312492982869343,0.7746144533157349,0.3684210526315789,27.37392375343724,0.9522653507033144
40013,0.7624628990888596,0.6349142789840698,-0.14203394949436188,-39.980289340019226,-1.5354084530637195,29.97180088583637,0.5774701247460953,0.7978612184524536,0.42857142857142855,38.994752793085006,0.933789541711056
40016,0.7818452715873718,0.7315309047698975,0.0031377768609672785,-19.65949982404709,-34.08711587562323,29.361101346061275,0.71355709755476,1.0024993419647217,0.38461538461538464,31.646904578575718,0.9001619583659275
40017,0.7715924978256226,0.7139425873756409,-0.04141705110669136,-33.34336578845978,-0.7037889591143869,-47.96868356144765,0.6861585206906176,0.9201569557189941,0.21739130434782608,47.68869980521824,0.8985469611214135
40018,0.6246623396873474,1.0228556394577026,-0.48328879475593567,2.9939046129584312,29.68613502999551,-55.18549268780924,0.6932711799858232,0.7020186185836792,0.25,27.247526645660404,0.930954470807373
40020,0.8214521706104279,0.8777276277542114,-0.02669416181743145,-16.790544986724854,4.00179341786324,9.615436265479845,0.8396549863739725,0.9536272883415222,0.19047619047619047,34.672897512262516,0.9072122745533767
40021,0.797272726893425,0.9957154989242554,0.0319233164191246,-2.589128166437149,2.4450020291635988,20.274541503168443,0.8837926225996059,1.056818962097168,0.2631578947368421,36.67763659828587,0.8987211613464582
4003,0.829737514257431,0.8104575872421265,-0.06669161468744278,-20.145386457443237,-10.491797400318834,-0.954482148808362,0.7794500715771246,0.9206609129905701,0.34782608695652173,36.00140032560929,0.9198672728170978
40033,0.859611377120018,1.0318700075149536,-0.0735611543059349,-13.451766967773438,50.21029671584074,-169.79484912831103,0.9152615459706992,0.9558261632919312,0.8,25.979232788085938,0.9350879028010833
4005,0.8864205777645111,0.9671522974967957,0.008460305631160736,0.11350496206432581,-15.777422480812792,46.652948166767985,0.9323436891183907,1.0109564065933228,0.13793103448275862,22.035996667270002,0.9418763215467935
4006,0.9233376905322075,0.9782150387763977,0.011718681082129478,-1.3057050295174122,-6.212514788444471,22.26522817442507,0.9531762434919707,1.0143821239471436,0.21428571428571427,18.543618065970286,0.961127977300141
41001,0.6930161416530609,0.6284970045089722,-0.04122014716267586,-37.92573809623718,-14.162103715860999,-676.1539969403915,0.5883753355514121,0.8829003572463989,0.21052631578947367,41.62894550122713,0.8669283561738828
41003,0.8181300461292267,0.7093929648399353,-0.07511968165636063,-30.6643009185791,-15.065870439137786,15.508485965258414,0.653361987805193,0.8224576711654663,0.09090909090909091,40.04350745159647,0.9353147305342675
41004,-0.06931900978088379,1.5168434381484985,0.517484724521637,32.979342341423035,53.32455170621322,32.12940646715552,0.009863884812090884,1.8259609937667847,0.10526315789473684,36.28832164563631,0.8238443193705377
41005,0.9008718580007553,1.0700328350067139,0.06913091242313385,3.5959914326667786,11.178614680392169,-1.9381888914967684,0.8570385153567431,1.1174161434173584,0.35,19.189530327206565,0.9582048163382325
41006,0.8452646732330322,0.9545407295227051,0.005286735482513905,-9.6607506275177,7.213259632122718,4.623040280139992,0.9072515576148167,1.0119543075561523,0.21052631578947367,31.00582599639893,0.9200448699369281
41009,0.9151821509003639,0.9633262753486633,0.025577912107110023,15.589532256126404,-7.916279126811809,-8.907219209438745,0.9390000063237673,1.0229839086532593,0.5,13.235735893249512,0.957014222215749
41011,0.8574212044477463,0.8383479714393616,-0.04194950684905052,-17.365187406539917,7.967329370437039,-3.473722026492707,0.8192313943671732,0.9567887187004089,0.2857142857142857,28.333498182750883,0.9315990086832462
41012,0.9006116390228271,0.8999707102775574,-0.01999727636575699,-13.259130716323853,4.980321346579611,-10.623053013864187,0.8806819351441699,0.9577272534370422,0.38095238095238093,26.12942782315341,0.9505636095918438
41013,0.7949326038360596,0.8444764614105225,-0.01747266575694084,-16.336889564990997,-1.4717955225516122,-681.2903906150099,0.8073197658931841,0.9611764550209045,0.15,35.63708123706636,0.8930849219458695
41014,0.8967783153057098,0.8500657677650452,-0.07792993634939194,-10.43912097811699,-23.126236865900054,2.3343746535236463,0.7820988553925834,0.8481061458587646,0.18181818181818182,22.90946504344111,0.9560808481473285
41016,0.7984934896230698,0.7638024687767029,-0.017704090103507042,-23.79167675971985,-4.7690579786275835,8.612935131700688,0.7423885822651415,0.9610854387283325,0.2727272727272727,40.24289738048207,0.904815832658908
41019,0.2565873861312866,1.58633291721344,0.17269226908683777,72.01899886131287,-7.984814535876729,-33.780372568918246,0.33438354199994924,1.2926993370056152,0.38095238095238093,48.005736957896836,0.8834406697471887
41020,0.5974336266517639,1.1566393375396729,0.032823167741298676,-1.6887320205569267,-20.714665896599488,5.257416974117192,0.7619357535229713,1.074735403060913,0.09523809523809523,34.25460078499534,0.8370480963132656
41022,0.8422897458076477,0.9198316931724548,0.009688085876405239,-6.406419724225998,-5.4998814123449105,15.170187000496856,0.88356699548615,1.0193805694580078,0.2857142857142857,26.128558679060504,0.9178167860934477
41023,0.8834971711039543,0.7690281271934509,-0.02287331037223339,-29.3444961309433,-79.53011483664181,-225.90959991409346,0.7600581246399899,0.9493455290794373,2.0,23.648877143859863,0.9592787266987902
41025,0.907061755657196,0.9487875699996948,0.00967299286276102,-7.509920746088028,-21.90878006501365,41.87188390034359,0.9263188475943477,1.0233577489852905,0.09090909090909091,20.435358130413555,0.9524540769820485
41027,0.7621487677097321,0.7215267419815063,-0.07111287117004395,-30.244523286819458,0.5807062182423012,-10.362811320501272,0.6810161841809914,0.8876194357872009,0.35,38.89970541000366,0.8924178076527829
41028,0.6224653422832489,1.0673364400863647,0.07528310269117355,6.782630831003189,1.6807338671470002,27.464242241562626,0.7614497021990716,1.1508667469024658,0.5238095238095238,35.84789146076549,0.8279207360067042
41029,0.8635963797569275,0.9797075986862183,0.020588776096701622,-3.9975736290216446,-6.628688746780455,-638.5233781808548,0.9146916074990279,1.045593500137329,0.391304347826087,28.938766320546467,0.9308120456636582
42001,0.8170267939567566,0.966596782207489,0.15454928576946259,-5.276808887720108,-16.58786678657257,-37.72056979189099,0.7048344226864545,1.281654953956604,0.28,18.384437561035156,0.9182844569029366
42003,0.7397533059120178,0.6131806373596191,-0.07125136256217957,-46.90810441970825,-14.477262535013985,46.215102727011235,0.5836454018761198,0.872267484664917,0.2,51.591987609863274,0.913939924520367
42004,0.9185605496168137,0.9584576487541199,-0.08476739376783371,5.0482627004384995,-8.117784076526492,22.809259467040466,0.9311157880502815,0.9601538777351379,0.0,13.037524773524359,0.9621641142650086
42006,0.9422383047640324,1.0253721475601196,0.014688611030578613,-1.05469124391675,9.654281349234079,22.933455100819955,0.9605243381928613,1.0120283365249634,0.6153846153846154,11.47541174521813,0.9722529078326875
42008,0.8869336992502213,0.8184694647789001,-0.10815872997045517,-23.301751911640167,-2.058947163766004,-21.306126192432416,0.800385284607408,0.9282647967338562,0.2222222222222222,11.366204420725506,0.9582057420693753
42010,0.8821618556976318,0.8889746069908142,-0.17265628278255463,-11.268270015716553,-1.7984609297627414,-9.715632304526984,0.8608731235750926,0.9277727603912354,0.5833333333333334,15.041675170262655,0.9574221218306338
42011,0.8677010536193848,0.9441737532615662,-0.04987609013915062,-6.153618171811104,8.486729977134459,-1.9955552118295705,0.898705210877706,0.9485937356948853,0.34782608695652173,24.31118177331012,0.9329070758677028
42016,0.8794029578566551,0.8362877368927002,-0.1474095582962036,-10.452821850776672,-16.450900492185824,-2.700206703248386,0.8220466388387262,0.9451435208320618,1.3,14.587146043777466,0.9569133390690511
42017,0.7997172772884369,0.991946816444397,0.11287948489189148,1.3874541968107224,-16.40906416920716,86.22065682504335,0.7890838226037183,1.188389778137207,0.07692307692307693,21.98609572190505,0.9055009438380814
42024,0.9089383333921432,0.9500771760940552,-0.08692845702171326,-0.6652563344687223,-8.34175483017973,-4.011650313991053,0.9254128708627744,0.9645991325378418,0.5,9.117622971534729,0.9573651542853043
43005,0.95845115929842,0.9346482753753662,0.0012493095127865672,-9.742003679275513,-0.3273166909408932,-43.089207329936144,0.9316677513631013,1.0008876323699951,0.6,14.481091499328613,0.9800585757495429
43006,0.9407799392938614,0.9378117918968201,-0.01624390110373497,-5.860885977745056,-0.2913787264255653,5.610840284524361,0.9300057973213559,0.9869937300682068,0.30434782608695654,19.80834214583687,0.9706290598721112
43007,0.9545699916779995,0.9673787355422974,0.010848229750990868,-0.18830857006832957,-14.244242828463815,9.799702997092046,0.9582873920089408,1.0123592615127563,0.6956521739130435,23.272263485452402,0.97712985733635
43008,0.9598251692950726,1.0435388088226318,0.07083280384540558,1.3382039964199066,5.044049650158379,-13.067531079666084,0.9239391883862869,1.0602961778640747,1.0,13.169862673832819,0.9840629323705098
43009,0.9160078763961792,1.1092100143432617,0.04683347046375275,12.191524356603622,-9.20968808277856,26.114953272406282,0.8630966852376627,1.0763130187988281,0.3333333333333333,23.563742637634277,0.968503753844785
43014,0.8758963122963905,0.8646825551986694,-0.13387155532836914,-15.055088698863983,-2.4692529505197913,-1.631463275143565,0.8384876293851903,0.9279330372810364,0.30434782608695654,23.41063333594281,0.9491887032391614
43017,0.9417440705001354,0.9093827605247498,-0.05819059908390045,-9.45412814617157,-6.848168321587793,14.27532742288577,0.8878069225999017,0.9390271902084351,0.5,21.307122707366943,0.9743461700225629
43018,0.9708152301609516,0.9456935524940491,-0.05731995776295662,-6.732218712568283,-0.6236649195780845,-41.61452788818663,0.9234177479062938,0.947384238243103,0.7692307692307693,12.832454534677359,0.9878660513529677
43021,0.8415760099887848,1.249695897102356,0.15098124742507935,23.38278442621231,6.426341096796892,4.3074602393765815,0.722665778129238,1.1170752048492432,0.5714285714285714,27.723816462925505,0.9706806207361341
44001,0.962446603924036,1.0168275833129883,0.054808974266052246,9.3552827835083,-9.941943456856391,-25.867402346915547,0.9584155867274805,1.0340908765792847,0.45454545454545453,9.686881845647639,0.9831504302393174
44002,0.9511826299130917,1.0339704751968384,-0.00019070827693212777,15.64185619354248,2.1046827216768227,-17.72376062376762,0.9589481486054322,0.9998621940612793,0.4,14.840280214945475,0.976951305300605
44006,0.9296651855111122,0.8939638733863831,-0.0774829313158989,-8.033055812120438,-5.703892901762865,-42.84041102141124,0.8778841595935811,0.947208046913147,0.625,11.625181138515472,0.9703077784559244
44009,0.924354150891304,0.9034233093261719,-0.18002304434776306,-8.221814036369324,6.5948758974375075,-40.627087428115985,0.8358960710509085,0.868657648563385,0.6363636363636364,16.256175257942893,0.9812322341734308
44011,0.6748374700546265,1.256730318069458,0.13278725743293762,22.964051365852356,11.418758334596149,-86.28737577043358,0.6942621131808944,1.1353667974472046,0.23076923076923078,24.129717166607197,0.9038697270915416
45001,0.9447342678904533,0.9472755789756775,-0.022406980395317078,-8.468060940504074,-2.3618038875861975,-8.631549262709347,0.9349597038047207,0.9735897779464722,0.4,20.049031575520836,0.9725614189888947
45003,0.8971156775951385,0.9070916771888733,-0.05532929301261902,-12.553249299526215,9.18562128669998,-57.34239413299874,0.8761923772764364,0.9354264736175537,0.4782608695652174,25.155731042226154,0.9497343985670196
45004,0.847100242972374,0.9318063855171204,-0.01720196008682251,-10.136131942272186,10.58930149822462,-20.445060661391263,0.8929492506921548,0.9774919152259827,0.4642857142857143,27.12149109159197,0.9206093205033666
45005,0.8723621666431427,0.9138461351394653,-0.07767520844936371,-9.434285759925842,12.0072104513947,-41.14880508185123,0.856865458244881,0.9042811393737793,0.3333333333333333,25.638675689697266,0.9375267390521452
45009,0.9486489035189152,0.9762066006660461,-0.02486085146665573,-4.649079218506813,-3.383697638712968,-32.18268847884173,0.955337819876683,0.9722806811332703,0.7727272727272727,13.25620412826538,0.9743051786722076
45012,0.9048313051462173,0.9023963212966919,0.008624126203358173,-9.648851305246353,-9.576800510359181,25.283874646732794,0.8906616172175172,1.0134371519088745,0.2857142857142857,22.551373073032924,0.9525885372336189
46003,0.9143564477562904,0.9132190346717834,-0.029211562126874924,-10.487356036901474,-2.647108858577247,6.614977130572643,0.8977947405784907,0.9664493799209595,0.30434782608695654,29.370490709940594,0.9576994680596951
46005,0.9062607511878014,0.8915033936500549,-0.032890696078538895,-12.08764910697937,-6.160857652418071,-4.7605932844319945,0.8753772321431791,0.9587526321411133,0.07142857142857142,25.37421669278826,0.9546350870875541
46008,0.9155840501189232,0.8954970240592957,-0.023365559056401253,-12.560155987739563,-6.409308804327217,-8.802709351891117,0.8846588016265081,0.9730983376502991,0.16,27.139962636507477,0.9592689231103269
47001,0.9487245604395866,0.9537240862846375,-0.034512005746364594,-6.186745315790176,1.5505158763144156,-14.882551340670819,0.931856779682514,0.956753134727478,0.36363636363636365,18.848605777906336,0.9748654236330492
47004,0.9459185786545277,0.9790038466453552,0.024035749956965446,0.06675326731055975,-1.2082331441079739,-11.726736434346867,0.9571176518407927,1.0257608890533447,0.2727272727272727,16.864422234621916,0.9728995586173035
47005,0.8934399709105492,0.8737177848815918,-0.009344072081148624,-14.661382138729095,-6.077771451146656,32.04070083785388,0.8627580096515108,0.9857020974159241,0.3181818181818182,31.857565174932066,0.948195212177839
47008,0.9016246348619461,1.0271718502044678,0.021741051226854324,0.17409692518413067,13.05898838877752,-31.541836744888307,0.9386437645024253,1.028093934059143,0.23809523809523808,17.074991356242787,0.9527029698608852
47009,0.9579429030418396,1.0154738426208496,0.021898608654737473,-1.2434414587914944,-0.3793784972485246,13.688776847199247,0.9653669642396654,1.0233606100082397,0.38095238095238093,11.634530339922224,0.979645903101225
47011,0.8596270680427551,0.883398711681366,-0.052491702139377594,-12.35874593257904,-4.737740790042355,-2.1136867955119336,0.8500289641793128,0.9370079040527344,0.2777777777777778,34.09434870669716,0.9298042238041697
47014,0.8897975906729698,0.8386583924293518,-0.05630452185869217,-18.59128773212433,-4.314461621636583,-4.131830122909791,0.821179703603111,0.9398879408836365,0.08333333333333333,26.06812286376953,0.9517079259217311
47018,0.9014140963554382,0.918181300163269,-0.017456011846661568,-9.581238776445389,-2.638354356042793,87.52092255651267,0.9008238901504625,0.9744231104850769,0.18181818181818182,25.410247885662578,0.9501259201121878
48003,0.9225302115082741,0.9516458511352539,-0.06488446891307831,-1.3485247269272804,0.05929955090555579,12.599587367971795,0.9136972904437287,0.9389956593513489,0.43478260869565216,26.10775698786196,0.9627373593750601
48004,0.8959200903773308,0.8394718766212463,-0.048812270164489746,-17.76582896709442,-7.8661520774775475,14.199229606104655,0.8276730738856724,0.9566166996955872,0.4,37.022953033447266,0.9547763300559796
48005,0.9437167681753635,1.0224050283432007,0.022327087819576263,3.946824371814728,-4.036956729771616,49.41443364745645,0.957478828571323,1.023982048034668,0.09523809523809523,17.336485499427432,0.97296435507205
48011,0.9417880587279797,0.9370474815368652,-0.002521969610825181,-9.144719690084457,-8.031295644774428,-35.98669989238896,0.9306653882077139,0.9974402785301208,0.30434782608695654,27.24279761314392,0.9710566650585608
49001,0.9420077800750732,0.9277185201644897,-0.026750460267066956,-10.602417588233948,-0.08735401175519913,-9.307587480491918,0.9183394557966904,0.9743715524673462,0.4782608695652174,26.236084233159605,0.9719462154168923
49002,0.9655459485948086,1.0412383079528809,0.001363688032142818,7.293038070201874,-3.055818962471211,-16.469087946000847,0.9558492845400481,1.001158356666565,0.5333333333333333,14.441693623860678,0.9842727674830561
49004,0.9054540395736694,0.8475502133369446,-0.07166437059640884,-15.00832736492157,-4.788824062626168,38.800105607142406,0.8244132429196103,0.9221155047416687,0.19047619047619047,36.433011009579616,0.9609644110233798
50001,0.9463573656976223,0.9394897818565369,0.010376794263720512,-6.666232645511627,-7.49399915050908,15.075299908684528,0.9324720800973264,1.013928771018982,0.23809523809523808,17.29117198423906,0.9734571515373128
50002,0.9273334741592407,0.8909300565719604,-0.02122623659670353,-13.743677735328674,-5.9842072700230275,19.879205475154272,0.881496812099274,0.9683647751808167,0.13043478260869565,23.434054851531982,0.9661478873055351
50006,0.9471232295036316,0.9054149985313416,-0.024677744135260582,-12.081485241651535,-3.7858831098858694,17.986728923300355,0.8978469760673057,0.9697248935699463,0.25,21.0608096349807,0.976076460830044
50007,0.9052867442369461,0.857150673866272,-0.05214658007025719,-13.693977892398834,2.457082919082201,-1.4584966425453076,0.8334192497999364,0.9251710176467896,0.09090909090909091,27.666181066761848,0.9582406925304228
50008,0.9070040285587311,0.8881728649139404,0.002920106751844287,-12.327435612678528,-7.8067697645497365,85.99234858143858,0.8792549773712514,1.0046114921569824,0.041666666666666664,21.743921279907227,0.9546923131450381
50011,0.9087074398994446,0.8877162337303162,-0.0015599590260535479,-16.405460238456726,-1.6511638892279554,-8.679800366720384,0.8792696568220538,0.9979646801948547,0.3181818181818182,23.011159896850586,0.9556826324174094
5003,0.7897230237722397,0.8209091424942017,-0.04374677315354347,-12.247128039598465,-33.530120219669016,35.956135553069046,0.7886109945894199,0.9670992493629456,0.5833333333333334,24.853646755218506,0.8926253429629203
51001,0.9305988252162933,0.9192091226577759,-0.04811751842498779,-10.411430895328522,7.6313262523971845,-14.843724359140452,0.8996790058477924,0.9504818320274353,0.65,26.60147905349731,0.9670593405256993
52004,0.8740715980529785,0.9014044404029846,-0.03455962985754013,-13.53009045124054,8.441085706516137,-29.534947783382197,0.8737553286063476,0.9536681771278381,0.23076923076923078,29.03439448429988,0.9362034885563068
52005,0.9106486737728119,0.8882002234458923,-0.052953723818063736,-16.225026547908783,4.0579137168095025,-27.853434660353766,0.8661334958050915,0.9393084049224854,0.45454545454545453,26.13435008309104,0.958315696062378
52006,0.877202071249485,0.9493190050125122,-0.013423619791865349,-5.643858015537262,-6.021930439590024,34.30076395415475,0.9164649299659439,0.9797114133834839,0.34782608695652173,21.33279054061226,0.9367709091811608
52007,0.833435907959938,0.9818859100341797,-0.006481506861746311,-0.6971441209316254,13.402487935384583,-31.823937267944157,0.9127542375852161,0.9889786243438721,0.375,26.773959398269653,0.9153700284609902
52009,0.9087388962507248,0.9759650826454163,0.06407281756401062,-2.004910446703434,-9.65078140716011,-25.98352910820061,0.926498276864638,1.053455114364624,0.28,16.507856369018555,0.9556448785382038
52010,0.8769773319363594,0.8795324563980103,-0.08865503966808319,-14.720837771892548,14.249040566048565,-42.13072008013675,0.8261102819946303,0.8884146809577942,0.3181818181818182,24.806943147078805,0.9427818076068561
52011,0.8817073777318001,0.9066989421844482,-0.05906197428703308,-10.13735830783844,15.626573943220043,-104.78445041787074,0.8546006710191437,0.90506511926651,0.2916666666666667,25.240782896677654,0.9414914886644654
52015,0.799737885594368,0.7606068849563599,-0.17212508618831635,-28.86025905609131,2.6786590353944715,-28.523018790110548,0.6966574717643235,0.8292434215545654,0.2,45.73047637939453,0.9255029072800632
52016,0.9370669275522232,0.9606862664222717,-0.010036834515631199,-4.965389892458916,-2.1379556352548774,14.883255899888933,0.9486615115186364,0.9914778470993042,0.30434782608695654,23.329973220825195,0.9681026072904435
53005,0.934358149766922,0.9202132225036621,-0.02556954324245453,-9.8415806889534,1.683810745795394,-43.87408432081306,0.9100135015143098,0.973222017288208,0.35,22.236801329113188,0.9681475324605463
53006,0.9122591689229012,0.8645375967025757,-0.0425025075674057,-13.794109225273132,-4.442769605970503,13.611312705994719,0.8434364408411316,0.9319243431091309,0.18181818181818182,29.546408031297766,0.9609130419672351
53007,0.9130909815430641,0.9239393472671509,-0.052367497235536575,-10.954844951629639,13.458711658722228,-33.11217390508317,0.8932867565175164,0.9383291602134705,0.36363636363636365,22.977360435154125,0.9575830109457429
53008,0.9367183446884155,0.9230131506919861,-0.009493429213762283,-9.769044071435928,-3.693454846330635,-34.32135998209802,0.9161206683912665,0.9878963232040405,0.23809523809523808,25.264796756562735,0.9689795500875312
53009,0.9495738632977009,0.9426789879798889,-0.03038005530834198,-5.410594120621681,-1.939023883904525,-14.183181171041825,0.9312037311024679,0.9709088206291199,0.2608695652173913,18.653647104899086,0.9754860962304429
53013,0.8922465592622757,0.88639235496521,-0.04564407467842102,-10.274384915828705,-4.893199730792517,-17.01151894910801,0.865496794715426,0.950539231300354,0.21739130434782608,30.248276392618816,0.947673643532981
53017,0.9103934243321419,0.9739980101585388,0.03629476577043533,-5.951081961393356,-0.7301428677751967,11.37117178889289,0.9244079688773457,1.0549108982086182,0.3181818181818182,24.17184656316584,0.9550239513579097
53018,0.9646385200321674,0.9657353758811951,-0.014849711209535599,-2.4072451516985893,-2.0935413097737503,51.43387306343804,0.957548781525359,0.9821457862854004,0.21739130434782608,15.573327437691068,0.9824139675704806
53022,0.9521884173154831,1.0755248069763184,0.025009313598275185,4.644983634352684,16.23554014848824,-9.433091794351247,0.9168470846306247,1.0289571285247803,0.2916666666666667,18.503987789154053,0.9807154058062997
53023,0.9729750566184521,0.9407622814178467,-0.03911704197525978,-5.398474633693695,-6.679101259715499,-70.5555753275438,0.9267664745792876,0.9585572481155396,0.5,17.58712795045641,0.988314955756576
53028,0.9636684767901897,0.9449096322059631,0.005814086180180311,-10.414917767047882,3.2679689394710394,-41.96284983923492,0.9418469265443198,1.0060856342315674,0.42105263157894735,10.826221265290913,0.9823989663752647
54001,0.9530365094542503,1.0162724256515503,0.010067315772175789,-0.7382943294942379,-0.3366823820725535,-14.482530899606367,0.9700313373909681,1.0103800296783447,0.6818181818181818,13.292750445279209,0.9770743836317225
54002,0.9400377795100212,0.9181625247001648,0.006010732613503933,-11.696456372737885,7.909348464304049,-63.21484613189811,0.9128064508658215,1.0080698728561401,0.13043478260869565,19.486213767010234,0.9710134548583486
54003,0.7145162224769592,0.7338442206382751,-0.08432578295469284,-26.694753766059875,-29.298534701658554,91.38656923370355,0.6630725281252923,0.8493789434432983,0.4090909090909091,52.507686614990234,0.8585980207423615
54004,0.8748818188905716,0.825061559677124,-0.03740251064300537,-16.18114560842514,-12.228927137393972,-11.051678654095332,0.8124799571619088,0.9629054069519043,0.19230769230769232,29.079912259028507,0.9435704002318351
54005,0.9525214806199074,0.9701346755027771,0.0037275974173098803,-3.4415598958730698,-1.2441490280014729,10.802965758966145,0.9614340246524641,1.0043866634368896,0.5238095238095238,12.384225073314848,0.9759967912337999
54007,0.7986342459917068,0.7594163417816162,-0.042137015610933304,-26.34911835193634,12.031880734701218,-33.72997971515625,0.7315682230594887,0.9260411262512207,0.36363636363636365,38.947239789095796,0.9066982997823058
54008,0.9606187157332897,0.9491419196128845,-0.019841670989990234,-3.1560175120830536,-1.920357813831315,19.77447284868671,0.9402515272211691,0.9751881957054138,0.2857142857142857,9.921162469046456,0.9808242333559374
54011,0.8600859940052032,0.9546096324920654,-0.023555070161819458,-11.601069569587708,3.170396807340805,-12.05120915918578,0.9094965822805623,0.9690320491790771,0.16,24.95387077331543,0.92808637696273
54012,0.9194716066122055,1.0903141498565674,0.03212275728583336,11.142534762620926,1.6924561618138352,15.17733565333606,0.9005369055337155,1.0258064270019531,0.5454545454545454,16.034325686368074,0.9672847157755369
54015,0.6687592566013336,0.5433306694030762,-0.021528834477066994,-28.47714126110077,-17.851326512348678,14.523387888521446,0.5242044032121655,0.9280121326446533,0.25,33.01792621612549,0.8875174708300085
54016,0.9460744559764862,0.968335747718811,0.0019147529965266585,0.35523558035492897,-0.9749367539894105,-13.525997129804427,0.9581296168948614,1.0019638538360596,0.5909090909090909,17.1922120180997,0.9726751507423209
54017,0.7111916542053223,0.712661623954773,-0.08257374167442322,-25.079670548439026,2.4901376938331965,-86.73024090130959,0.6417879762542587,0.8382105827331543,0.45,35.54779052734375,0.8600832530818212
54018,0.9190105572342873,0.9847909212112427,-0.0120537793263793,-2.509276196360588,3.326497680083319,-40.57498793268198,0.953328783720295,0.9835163354873657,0.25,25.968708992004398,0.9590710963296194
54019,0.9023227170109749,1.0203291177749634,-0.008054512552917004,2.5316430255770683,-4.297188186324271,13.459741274943744,0.9471482306084545,0.9894501566886902,0.5,17.04708771272139,0.9523687360611165
54020,0.9376618601381779,0.9921996593475342,-0.017452992498874664,1.6091275960206985,-4.273795974493706,21.3761482283224,0.963548513813879,0.9828957319259644,0.09090909090909091,18.682159077037465,0.9687700537218844
54022,0.89003836363554,0.9020034074783325,-0.02984311431646347,-12.73847371339798,9.011621191367073,-29.164334421884096,0.8801981251684291,0.9586592316627502,0.2222222222222222,25.344539571691442,0.9448629168291658
54024,0.9022485390305519,1.0285961627960205,-0.010680338367819786,3.238307312130928,-2.083499785606084,25.01304179731383,0.9440526389792168,0.9901334643363953,0.22727272727272727,14.492905139923096,0.952936020647079
54025,0.9458133243024349,0.9982151389122009,0.05602573603391647,-0.8773810230195522,-10.26179131316722,55.025893000312486,0.9173020003845267,1.078626036643982,0.2857142857142857,11.440699441092354,0.9744320557541811
54027,0.9518811665475368,0.9753899574279785,0.016166239976882935,-2.9460275545716286,2.219627331904957,-10.476000434548869,0.9639555593907364,1.0103363990783691,0.6666666666666666,18.991046481662327,0.9757779778397693
54028,0.937527734786272,0.9664737582206726,0.027207091450691223,-6.237613409757614,-6.595199539730781,23.788822724853837,0.9405733241830432,1.0377408266067505,0.19047619047619047,17.669353030976794,0.9686447625133064
54029,0.9527184255421162,0.9718483686447144,-0.04766052961349487,-1.890917681157589,-1.3673066259982138,17.908983389326323,0.930807541445128,0.9410291910171509,0.1,12.755086421966553,0.9772508096668893
54032,0.9498835355043411,0.9714918732643127,-0.018350383266806602,2.012704126536846,-0.7826318345527973,11.867598300059054,0.9578900875605796,0.9819613695144653,1.0,9.565168619155884,0.9747980309125659
54034,0.8528804033994675,1.0180346965789795,0.0640929564833641,1.917087659239769,-3.9925207537547447,-440.97649612030335,0.8453052347694958,1.1367263793945312,0.19047619047619047,24.025363013857888,0.9299206357999186
54036,0.42689770460128784,1.4146983623504639,-0.05105370283126831,1.6754759475588799,8.708306079544489,-20.700772835960205,0.554888192772276,0.920557975769043,0.4090909090909091,32.10980025204746,0.8591498882376659
54038,0.9480919912457466,0.9560973644256592,0.005256392527371645,-2.4516163393855095,-8.660293731864392,23.622990637362324,0.9485083089681018,1.0064438581466675,0.22727272727272727,17.618981274691496,0.9738766478579659
54044,0.8825255930423737,0.9434607625007629,-0.1044650599360466,-4.5686449855566025,8.806424115385319,-5.603562239985185,0.8968742333217399,0.9333859086036682,0.19047619047619047,17.941456749325706,0.9452204307845985
54048,0.8265886902809143,0.8602275848388672,-0.011797931976616383,-11.057376861572266,-10.879515194819914,27.987723478236887,0.8320276283636945,0.9736636281013489,0.08695652173913043,37.486980272376016,0.9106423752085754
54049,0.883231595158577,0.8744726181030273,-0.010624196380376816,-8.65735188126564,-16.727013870573547,-8.588591419986647,0.8604641955716804,0.9803820252418518,0.18181818181818182,26.802932132374156,0.9423089939597299
54052,0.2803996205329895,1.3731963634490967,0.6797602772712708,48.48346412181854,-20.085028601474832,54.797903584862205,0.3256770295443522,1.5599839687347412,0.43478260869565216,27.779655871183977,0.9569430893747981
54057,0.9224094375967979,0.8667057156562805,-0.07625874876976013,-9.37868356704712,-1.9313519118704732,32.30928086985255,0.8422627805575817,0.9216232895851135,0.8181818181818182,15.275600823489102,0.9688430517659017
54060,0.5698738992214203,1.2508821487426758,0.17847929894924164,28.761965036392212,4.940361605173372,44.35516614299337,0.6277787999627695,1.2400850057601929,0.4117647058823529,42.922965218039124,0.8659628439254918
54063,0.7264891266822815,0.6352820992469788,0.06901177018880844,-31.63641095161438,-17.15442113266671,5.120044038733253,0.6027171891989476,1.1157701015472412,0.038461538461538464,37.68688348623422,0.8931741219739543
54080,0.8117905110120773,0.7437256574630737,-0.08067712187767029,-20.51304578781128,-19.606393395054305,85.3444425569587,0.7132548514616458,0.8977164030075073,0.19047619047619047,30.91437021891276,0.921998029808047
54095,0.9485792815685272,0.9133206605911255,-0.04082851484417915,-12.578876316547394,-2.3733184487280266,-11.986783593814037,0.9000187876867105,0.9558617472648621,0.6190476190476191,20.61872936430432,0.9768753469049739
54096,0.8611417412757874,0.8136308193206787,-0.07400944828987122,-26.423463225364685,7.6799318941063035,-7.7602392041714,0.7771278880700527,0.8938702940940857,0.2857142857142857,33.983239673432855,0.9393782852984383
55002,0.9484491311013699,0.881804347038269,-0.04754554480314255,-11.774884164333344,1.5540145822149092,15.158137429964874,0.8658631443486617,0.9398219585418701,0.09090909090909091,17.136718915856402,0.9799728436556359
55007,0.9348785579204559,0.9672075510025024,0.012067261151969433,-5.145150050520897,-6.581876245143772,57.234489474592564,0.950727932657308,1.0161610841751099,0.21739130434782608,16.638932020767875,0.9669665129413454
55008,0.8604844063520432,0.9336053729057312,-0.020107334479689598,-7.014524191617966,1.1401152318321097,31.674617996291172,0.8980362588586127,0.972000241279602,0.25,19.556983879634313,0.9278586698753044
55013,0.918778158724308,1.1259770393371582,0.040750470012426376,10.474563390016556,10.327870914806956,-16.695710808342163,0.8622726608885084,1.0479447841644287,0.3181818181818182,15.941624207930131,0.9717174405330381
55014,0.9548331722617149,1.0403952598571777,0.043284788727760315,0.4790275823324919,6.183035316715851,-30.527408306462384,0.9350871418861584,1.046701431274414,0.3,11.6488516330719,0.9799780508815948
55016,0.9162421524524689,0.9586849212646484,0.038134459406137466,-7.810404151678085,4.321016162068068,46.17315161840851,0.9191912345091308,1.055282711982727,0.36363636363636365,19.86508152701638,0.9579649835841015
55018,0.8260341733694077,1.0916235446929932,-0.008635132573544979,-1.1752060614526272,31.505645575394396,-61.35529936224574,0.8802846457299035,0.9861863851547241,0.19047619047619047,24.760782150995166,0.9241971230703467
55021,0.9514257051050663,0.9167643189430237,-0.03143976256251335,-11.05462983250618,-8.555357244375502,-17.11583663985608,0.9075397867952437,0.9663993716239929,0.1,12.87763833999634,0.9778254606003244
55023,0.9430025964975357,1.041580319404602,0.016209561377763748,6.518075615167618,6.033430781424148,17.97302989821618,0.9474917482595262,1.0181926488876343,0.6956521739130435,15.265982047371244,0.9735950560405158
55025,0.9016246348619461,0.9342799782752991,-0.04694805294275284,-6.515252590179443,1.102619569900114,43.9991586277808,0.8974816938957983,0.9385629892349243,0.35,19.61235761642456,0.9508433571200025
55026,0.919023297727108,0.9267730116844177,0.004133894573897123,-9.22413170337677,0.6302405344710131,39.351686759476856,0.9160044470196379,1.005442500114441,0.4583333333333333,23.748902479807533,0.9592147049145074
55029,0.8982552886009216,0.9165648818016052,-0.012648522853851318,-13.75729888677597,12.995573272376992,35.691038231937135,0.8999277712305974,0.9802878499031067,0.36,24.48151397705078,0.948381561815054
55032,0.8285753130912781,0.933475911617279,-0.014025287702679634,-7.835449278354645,-19.16313206210745,-166.07536906189858,0.8857369503230208,0.9745424389839172,0.3157894736842105,31.69014579371402,0.9106551469112844
56001,0.9469114281237125,0.9677876830101013,0.0005578292184509337,-6.430996209383011,6.865088220303248,-1.6251210745635989,0.9580322216661388,1.0007109642028809,0.2916666666666667,15.117613474527994,0.9731084477516708
56002,0.9449594654142857,0.9709509015083313,0.009551017545163631,-1.4512981288135052,-0.2988634052396505,1.257259284804781,0.9581098166415734,1.0116034746170044,0.2857142857142857,14.911903653826034,0.9721378982229182
56007,0.9122486412525177,0.9677775502204895,-0.0015432793879881501,-3.628409281373024,13.476382611844695,-13.858077599284544,0.9447699669083226,0.9977348446846008,0.25,21.55458927154541,0.9552011232628337
56012,0.9172715172171593,0.974022626876831,-0.05462728813290596,0.6617353297770023,-3.7042399901865495,-22.680606818564726,0.927698671305206,0.9461002945899963,0.3333333333333333,21.825136741002403,0.9594108392133179
56013,0.9412266425788403,0.9787535071372986,0.0012859110720455647,-4.003454372286797,-2.405025109154474,1.8365900687247236,0.9633703816968019,1.0016382932662964,0.25,21.21713956197103,0.9702068552642261
57004,0.9282433837652206,0.9610503315925598,0.014093084260821342,-4.688022658228874,-5.643161908111654,13.802878604254836,0.9427607204406581,1.0207701921463013,0.35,17.794440984725952,0.9635602199014774
57005,0.93260308355093,0.9405792951583862,-0.024540450423955917,-7.00586810708046,-3.435859196866197,-24.544604165748495,0.924302191576487,0.9673144817352295,0.2608695652173913,20.12716998224673,0.9663697319069257
57006,0.925713412463665,0.9169756770133972,-0.0009433989180251956,-11.276005208492279,-0.06836881322689255,2.7342817904562002,0.9091972021670269,0.9986768960952759,0.20833333333333334,23.643811543782554,0.9632527649615736
57007,0.8963059186935425,0.8373518586158752,-0.02802267298102379,-18.552766740322113,-0.8091853501166049,-36.51764598957605,0.8260601894887194,0.9585694670677185,0.3333333333333333,32.15389024643671,0.9543475003319961
57008,0.925291582942009,0.9463552832603455,-0.0180684644728899,-5.236339941620827,-4.488759137022634,16.195961620418903,0.9300823225081657,0.9758443832397461,0.375,22.589822610219322,0.9622212735695588
57009,0.9040680080652237,0.9387859106063843,-0.0023858509957790375,-7.490712404251099,-6.981764947070666,8.97617400570404,0.921474817803513,0.9970447421073914,0.25,26.48007074991862,0.9509051331655735
58001,0.9024387449026108,0.9489451050758362,0.02397540584206581,-6.660462915897369,-6.99847954399316,4.690143337668444,0.9233174059389009,1.0282959938049316,0.32,25.515043258666992,0.9502711887251146
58002,0.9046229049563408,0.8436792492866516,-0.061961933970451355,-15.878376364707947,-3.5791176820650783,-27.789460807565643,0.8158166112225761,0.9110848307609558,0.24,30.598670959472656,0.9602327235387812
58006,0.9298484027385712,0.9041960835456848,-0.043844498693943024,-9.329675137996674,-5.965307761778633,-16.71320414690131,0.8825643223733831,0.9404476881027222,0.16,20.619159698486328,0.9673462081937393
58008,0.8779686242341995,0.8225706815719604,-0.06536295264959335,-16.8381929397583,-11.94416687610899,7.761836446132812,0.7952160088932045,0.9122222065925598,0.11538461538461539,28.05197605719933,0.9475559444711779
58009,0.8457704186439514,1.1786572933197021,0.11190451681613922,18.33842694759369,0.8440526562437083,-20.0789796275027,0.7811571492614158,1.1174932718276978,0.2916666666666667,20.41323184967041,0.9534264459345128
58010,0.856171578168869,0.769524097442627,-0.061406418681144714,-25.20143985748291,-1.590535638471534,-519.7233233918238,0.7391014470270596,0.8915658593177795,0.19230769230769232,31.913966398972732,0.9435115018942181
58012,0.9124282598495483,0.9293521046638489,-0.029176315292716026,-10.701988637447357,7.523833876563161,-37.40822071836943,0.9094728931765034,0.964354932308197,0.2692307692307692,21.248681728656475,0.9560288605600016
59001,0.8890157043933868,0.8623723983764648,-0.0212692953646183,-13.915547728538513,-8.9862164460534,18.030385536280214,0.849689916881478,0.9711599946022034,0.19230769230769232,27.68257031073937,0.9468961541213298
60002,0.9022571593523026,0.9015116095542908,-0.04534382000565529,-12.467477470636368,-3.807334887310369,24.415055522742023,0.8765530037288893,0.9428613185882568,0.43478260869565216,30.606439839238707,0.9523096558798276
60003,0.9203264191746712,0.9170660972595215,-0.05482303723692894,-11.879763007164001,8.365668263509338,-9.44583018574066,0.8905459367384874,0.9395491480827332,0.43478260869565216,24.105918407440186,0.9619493200696133
60005,0.8638444989919662,1.0091255903244019,-0.03624439984560013,0.9862625040113926,5.691545279064665,48.40143702516148,0.9187757939722309,0.9546583294868469,0.4166666666666667,27.209826310475666,0.9332300354863855
60006,0.9109515622258186,0.9077683687210083,-0.05629069358110428,-10.926034301519394,-2.780776881329319,18.883205136131075,0.8781248271692269,0.9326898455619812,0.43478260869565216,27.679345918738324,0.9573827845386751
60010,0.941193200647831,0.9292891621589661,-0.08974908292293549,-6.33421316742897,-1.0852475220574465,29.450268928535706,0.8749298163227139,0.8998174071311951,0.20833333333333334,18.498965104420982,0.9753834132550355
60012,0.8558534979820251,0.854894757270813,-0.07675497233867645,-19.100631773471832,1.960123179778488,19.29529324434403,0.811147994249179,0.9004461765289307,0.28,32.55588150024414,0.9314537758815047
6007,0.9273825511336327,0.9263656735420227,-0.0249773096293211,-0.9027006104588509,-12.231530527562734,64.0573987312382,0.9153782189994886,0.9788398146629333,0.24,13.484134674072266,0.9640684213639377
6008,0.8795463666319847,0.8389992713928223,-0.013139438815414906,-15.3336301445961,-22.40075440079424,44.43670897153844,0.828321233485641,0.9802476167678833,0.18181818181818182,28.264319378396742,0.9437664902704687
61001,0.8889703080058098,0.9518183469772339,-0.12517064809799194,-1.7722822725772858,3.2655622289793045,3.809764979087873,0.8654989360432013,0.8843268156051636,0.34782608695652173,28.586412512737773,0.9511248638931532
61002,0.9066218137741089,1.0334727764129639,0.011157656088471413,-5.910783261060715,13.620634453011135,-50.59526790056713,0.9430306759753867,1.011755108833313,0.4166666666666667,21.68729305267334,0.9554254048212878
62001,0.9617611281573772,0.9562000036239624,-0.044386766850948334,-4.444434866309166,-1.160146779210181,15.239853739435139,0.9330158765556301,0.9526100754737854,0.13043478260869565,12.934309503306512,0.9820381469644872
63001,0.9083041548728943,0.8237406015396118,-0.04763496294617653,-18.347735702991486,-8.947728625615595,29.873798192865063,0.8095591332479094,0.9371865391731262,0.20833333333333334,25.05974570910136,0.964576599222824
63004,0.8873770833015442,0.9073883295059204,-0.06973358243703842,-7.461376488208771,5.635114163501904,12.882249120732336,0.8602230969914493,0.9107044339179993,0.2222222222222222,21.502627266777885,0.9453468849830784
64001,0.9410480447113514,0.9809052348136902,-0.01632239669561386,-2.8602978214621544,-3.295154752533665,4.0680655373738865,0.9589766904487362,0.9791543483734131,0.3076923076923077,16.773682374220627,0.9702718874248385
64002,0.8870579153299332,0.96515291929245,0.01996544376015663,-3.242899104952812,-4.095277678585164,20.744638498050936,0.928897200216852,1.0226926803588867,0.3076923076923077,20.39277370159443,0.9423256438155281
64006,0.9194857105612755,0.8538292050361633,-0.06792236119508743,-16.78333580493927,-2.3772987269235752,24.618774625601414,0.834353002650866,0.928914487361908,0.2692307692307692,26.636231862581695,0.9680644974455751
65001,0.8880091160535812,0.8956817984580994,-0.026693105697631836,-11.923349648714066,-5.590822554962579,33.72210988295527,0.877080329513198,0.9670459032058716,0.20689655172413793,22.32975959777832,0.9439555022849647
65004,0.907985508441925,0.9145888686180115,-0.02564387582242489,-7.3735639452934265,-9.519583430141628,20.798803235939634,0.8991403219651846,0.9723295569419861,0.3157894736842105,19.343002218949167,0.9540439354349337
65005,0.61219921708107,0.6975389719009399,-0.09195771813392639,-25.584706664085388,0.032793458963317285,-14.563278691730513,0.6155820590895299,0.8828767538070679,0.3076923076923077,39.30503771855281,0.7936589595443139
65006,0.8943195194005966,0.8569011688232422,-0.1164654865860939,-11.209212243556976,-11.33822729419306,20.870717927408887,0.8072677898495905,0.8778480887413025,0.37037037037037035,20.694893377798575,0.9581988047879649
65007,0.8703334480524063,0.844618558883667,-0.07676418125629425,-20.05816251039505,2.246026133531597,9.890019374875694,0.81251940650378,0.9132417440414429,0.28,27.501468658447266,0.9410204635713713
65008,0.8423497378826141,0.8230116367340088,-0.025721589103341103,-20.83320915699005,-14.753782081960573,2.484122220835192,0.8035984620627726,0.962313175201416,0.11538461538461539,27.7241798547598,0.9236561291973315
66001,0.9658340699970722,0.9411920309066772,-0.004833035636693239,-5.416941270232201,-8.539640676634114,17.67379807460286,0.9387511650133633,0.9947722554206848,0.3181818181818182,11.878047206185082,0.9836992869802424
66004,0.9214712008833885,0.9021411538124084,-0.09518832713365555,-12.816724181175232,-5.977734441479489,-19.74753202230575,0.8774826864818799,0.9341799020767212,0.45454545454545453,19.44762576710094,0.9668058281636578
66006,0.911465659737587,0.8473449945449829,-0.06432346999645233,-14.530989527702332,-12.438830839728594,42.10181635356199,0.8214218060184152,0.9146358966827393,0.22727272727272727,29.868472706187855,0.9639501658798092
66011,0.8991522863507271,0.9279782772064209,-0.000597975798882544,-9.152642637491226,-8.107423176588902,18.260732304598974,0.9114309455898018,0.999138593673706,0.1111111111111111,16.490927448979132,0.9484577180937579
67001,0.9331867322325706,0.9495633244514465,0.0017608205089345574,-1.967427134513855,-14.112243970149777,50.90314856292084,0.9392386449008782,1.0017156600952148,0.36,15.305499076843262,0.9661600747115303
67005,0.9223637506365776,1.0597357749938965,0.04160172864794731,11.604774743318558,-10.3738231229266,15.953116041388727,0.9181372619781314,1.0443655252456665,0.3181818181818182,12.444771419871937,0.9658701709352099
67006,0.9243866577744484,0.8713953495025635,-0.026670752093195915,-11.41149327158928,-19.037189239396433,29.764294641685098,0.8631954316702518,0.9675211310386658,0.4583333333333333,24.86461798350016,0.9665118400428835
67008,0.9315548911690712,0.9834420084953308,0.006606511306017637,-0.12518424773588777,-4.3181884663919,-20.324856868643028,0.960890397976129,1.007460594177246,0.34782608695652173,18.01415319028108,0.9653628317797294
67010,0.8644548803567886,0.8915677070617676,0.017728686332702637,-10.16562208533287,-16.5732115497181,-24.155660587245855,0.8686075959891764,1.026674509048462,0.25,25.185833658490864,0.9307549839560683
67015,0.96193603053689,0.9987550973892212,-0.00879962183535099,0.4741302225738764,-5.880707696561052,-25.061680785070823,0.9789644317619397,0.9910932183265686,0.21739130434782608,15.873976375745691,0.9809838334880662
67018,0.8905701711773872,0.9452772736549377,-0.012041919864714146,-4.92541678249836,-2.5537933616651776,2.4715704664090183,0.9195265137844149,0.9820968508720398,0.17857142857142858,21.202165739876882,0.9437782741606466
67025,0.8489843755960464,1.0489411354064941,0.09247438609600067,4.9402866512537,-2.665956771246396,13.182198810878948,0.8655129002633716,1.1059893369674683,0.3076923076923077,24.349109943096455,0.9332331990440644
67033,0.9543320313096046,0.9947337508201599,0.04942114278674126,2.272005006670952,-8.74227812452921,22.51052858353722,0.9419353680305692,1.0535938739776611,0.9545454545454546,15.4759634624828,0.9782867603203056
68001,0.9330632388591766,1.0396825075149536,-0.009967480786144733,2.2538168355822563,18.107663123573403,7.9593757875813385,0.9484024166589421,0.989874005317688,0.24,17.629356384277344,0.9686141204415608
68003,0.9346138536930084,1.0110200643539429,-0.041913215070962906,-4.543238133192062,12.460699079804016,26.904744435792832,0.9473610653816866,0.9592205882072449,0.08,11.641789436340332,0.9685921157474285
68004,0.8220461159944534,0.9451227784156799,0.02305718883872032,-9.820601344108582,1.2918514667909717,38.362763059591025,0.8897882252115799,1.0249316692352295,0.34782608695652173,30.501385529836018,0.9077311660291298
68005,0.8769464641809464,0.8742935657501221,-0.09933313727378845,-8.639580756425858,-17.847319335351745,10.514424194021123,0.8229200650284657,0.888404905796051,0.17391304347826086,25.330323758332625,0.9443068163298624
68020,0.7567741274833679,0.7798858284950256,-0.09035494178533554,-26.026171445846558,4.329156675480956,-7.696960725959566,0.7209676045010769,0.8771381974220276,0.23076923076923078,36.15979047921988,0.8803596777510293
69002,0.8835542425513268,0.9485723376274109,0.03716997057199478,-7.2947099804878235,-3.9013829991775455,14.83496501338496,0.9123756178339685,1.0390105247497559,0.25,26.636474473135813,0.9407428750982769
69007,0.8954786360263824,0.8859736919403076,-0.12044133991003036,-15.222570300102234,6.1701185092637045,4.1491037956274734,0.8333755277220418,0.8865419626235962,0.36,28.14519119262695,0.9565374921699318
69012,0.9058431684970856,0.9065291285514832,-0.03199465200304985,-8.356710523366928,-10.438347694409636,0.19732630449846286,0.8920427552855706,0.9725931286811829,0.23076923076923078,20.013156303992638,0.9534508186806705
69015,0.8384345769882202,0.8748115301132202,-0.15525344014167786,-14.164692163467407,0.09540844390086768,12.002859721442205,0.7851779998985994,0.8399034142494202,0.2,26.35256958007812,0.9303909347428064
69017,0.9175760969519615,0.9825483560562134,0.019932059571146965,-3.0413415282964706,-4.758510886025276,1.6517977633544352,0.95038764816335,1.0206727981567383,0.2,17.330974578857422,0.9584132112950086
69023,0.9104629456996918,0.8897043466567993,-0.023774657398462296,-14.294306933879852,1.010214486061995,-24.340760822718664,0.8789235362108232,0.9748756289482117,0.2222222222222222,23.634712784378618,0.9568358375901906
69027,0.893998920917511,0.8839184641838074,0.00044005687232129276,-14.75914865732193,-0.4999325480487255,-26.853905656332973,0.872664033953986,1.000452995300293,0.28,24.928674697875977,0.9476614856278521
69030,0.8660274893045425,0.9904545545578003,0.0731077790260315,-3.227532282471657,-3.8569140673542406,17.86836343348149,0.9013030529602697,1.0737533569335938,0.36,22.05428123474121,0.935112295715604
69032,0.8627971708774567,0.859784722328186,-0.09576026350259781,-12.073667347431183,-13.552592537945024,28.930002015490413,0.8213424346779586,0.9089708924293518,0.2962962962962963,30.162005954318577,0.936976963504549
69043,0.7410703003406525,0.7872007489204407,-0.09246902912855148,-18.75058263540268,-1.3280354661673726,31.116930139145225,0.7363925626259715,0.9149391055107117,0.14814814814814814,27.141162327357698,0.869731032062263
70002,0.862394779920578,0.797184407711029,-0.10705380886793137,-16.520901024341583,-17.470281439005763,53.86416271514728,0.7655660126037672,0.8952040672302246,0.2727272727272727,24.561301144686613,0.9466807497625513
7001,0.7860689908266068,0.892203152179718,0.022618979215621948,-10.634077340364456,-10.702378010926298,16.05409384987061,0.8411717834644534,1.0285797119140625,0.48148148148148145,35.58755803991247,0.8869095846909093
7002,0.8063048124313354,0.8327983617782593,-0.01116458885371685,-16.930200159549713,-12.307055241788989,-18.37603157080113,0.8049468989387756,0.9857684969902039,0.25925925925925924,32.61433000917788,0.9005676675741309
7003,0.8878944367170334,0.9416801929473877,-0.013105390593409538,-8.586733043193817,17.536449900267222,-24.106574162724005,0.9161142792526115,0.9822593331336975,0.35714285714285715,23.747682571411133,0.9423728970900515
7005,0.8519173115491867,0.9275149703025818,0.023101728409528732,-9.151045978069305,-4.1479363392285835,-21.91162167624068,0.889485630258667,1.0327916145324707,0.2,26.710583368937176,0.9232923966907953
7006,0.5308217406272888,1.3330063819885254,0.10738334059715271,17.41020679473877,18.131795894396657,-60.10566465213471,0.6096857334939337,1.1566370725631714,0.4074074074074074,29.335240964536315,0.8699353864730279
71001,0.9018983393907547,0.905505895614624,-0.04279344528913498,-11.67597621679306,1.6884120640610263,-8.397465962489248,0.8797387062300457,0.9433633089065552,0.18518518518518517,21.875052981906467,0.951772121779881
71004,0.9016433656215668,0.9450882077217102,-0.02661477029323578,-6.497284024953842,3.250528461616773,-21.595149095883514,0.9184038187197099,0.966294527053833,0.25,22.929206916264125,0.9499343135292531
71006,0.9085746482014656,0.9012994170188904,-0.048294518142938614,-9.515713155269623,0.9430899519774981,20.480013806026232,0.8724436091278844,0.9322428703308105,0.18518518518518517,22.722032335069446,0.9559795598556573
71008,0.9019555449485779,0.880962610244751,-0.04482579976320267,-11.77966296672821,0.09355067978338981,-54.57453129850032,0.8567195935293737,0.9351885914802551,0.14814814814814814,21.00930037321868,0.9535365084788971
71014,0.8642255812883377,0.8517000079154968,-0.04610034450888634,-16.51620864868164,-1.5288645311049556,-19.10900383198737,0.8280223499896101,0.9426698684692383,0.17857142857142858,26.447410242898123,0.9344509308266088
72002,0.8607284873723984,0.8080589175224304,-0.07119949162006378,-19.770611822605133,0.34637216289757433,-4.275034509848883,0.7735327037200281,0.8959963321685791,0.2857142857142857,28.32167829786028,0.9397563761107378
72004,0.9017247259616852,0.9088332653045654,-0.03634132072329521,-11.663831025362015,3.111761020304198,1.870424300976452,0.8856934082265512,0.9512522220611572,0.32,24.34719467163086,0.9512324128763848
72005,0.9050364941358566,0.8892791867256165,-0.029919032007455826,-9.703705459833145,0.7564376130783489,-21.428069726722082,0.8720400604205818,0.955291211605072,0.2413793103448276,27.164214232872276,0.9540024795746009
72007,0.8220009952783585,1.0514837503433228,0.03115556761622429,6.436126679182053,4.10583397139779,4.141778167942102,0.8924861107720425,1.045088291168213,0.2962962962962963,22.958990379616065,0.9170801240531657
72009,0.8833836913108826,1.021504282951355,0.014548120088875294,4.546140506863594,1.085588984019701,2.488151492492946,0.9344811563885602,1.024690866470337,0.28,21.24703598022461,0.9432492661204072
72014,0.8761018514633179,1.010724663734436,0.030666761100292206,1.1377649381756783,3.3278326359422414,16.591670423182343,0.9232635655083781,1.0456126928329468,0.32,22.99172592163086,0.9392304005377895
72015,0.9140442758798599,0.9258158802986145,-0.006127492059022188,-6.388501077890396,5.679163003852518,-31.55064163122312,0.9134559103205111,0.9899750351905823,0.25,22.764030524662562,0.9565707941224818
73005,0.923603929579258,0.9335641264915466,-0.02283221296966076,-7.602493464946747,3.256457824239054,-1.4297056179777854,0.9182336296210325,0.971589207649231,0.2413793103448276,21.69001842367238,0.9617267598168019
73009,0.9145003408193588,0.8716504573822021,-0.006806961726397276,-12.619808316230774,-7.280372470871656,22.494368828199082,0.8653729179989683,0.9907705187797546,0.20689655172413793,21.49730057551943,0.9604315429373379
73010,0.9758879169821739,0.9546605944633484,-0.02553604356944561,-6.560029834508896,-0.18405622084995105,47.89335492030345,0.9473007561801596,0.9755894541740417,0.2916666666666667,8.217928806940716,0.9887895648057345
73011,0.9164571017026901,0.8718463778495789,-0.00743442727252841,-15.556053817272186,-1.8205119479360579,15.886818214405956,0.8658208990780961,0.9899289011955261,0.20689655172413793,23.503366009942418,0.9615389388756878
73014,0.8834507316350937,0.876255452632904,0.002613721415400505,-15.92821478843689,-7.4061256900814225,13.44075899807928,0.8633894587737734,1.0036331415176392,0.10714285714285714,27.155469145093647,0.9422373195415249
73015,0.8182418346405029,0.730210542678833,-0.02696676179766655,-30.382618308067322,-2.4957037205986996,1.4153736075309962,0.7155944028279586,0.9489451050758362,0.125,39.56129550933838,0.9258812430931396
74001,0.8960258588194847,0.8756361603736877,-0.05152778699994087,-13.60693871974945,-7.743296055178972,23.629871894651323,0.8525443880492011,0.9377622604370117,0.1724137931034483,21.502539207195415,0.9509769782319049
74005,0.9204413592815399,1.0032787322998047,-0.009054568596184254,-3.0685288831591606,1.5425737348261268,-48.78234519548636,0.9591756618420781,0.9906474351882935,0.21428571428571427,18.03802592413766,0.9603968936574238
74006,0.8808807209134102,0.9389406442642212,-0.007147153373807669,-6.753753870725632,-3.066282201746139,44.495250534571475,0.913020529433219,0.9919542074203491,0.07692307692307693,20.161426984346832,0.938579737879309
74007,0.8702883124351501,0.8775609731674194,-0.044032324105501175,-16.434374451637268,-1.920968515451808,17.90233371534814,0.8511416049572413,0.9448787569999695,0.25,29.43700041089739,0.9357414982035202
75003,0.968134943395853,0.9499713182449341,0.016454089432954788,-7.119142264127731,-2.2373192312148267,38.41358650960668,0.9450361552827862,1.016843557357788,0.3181818181818182,10.511797124689275,0.9846882462309755
75004,0.9451390169560909,1.0157349109649658,0.033437732607126236,1.156991720199585,-3.621584041596579,14.310724572657934,0.9526883951634627,1.0360188484191895,0.2,14.359469413757326,0.9736666924278641
75017,0.9013278111815453,0.8912674784660339,-0.024677252396941185,-17.653629183769226,7.304407522295245,-8.772955449201941,0.876942295946552,0.9686992764472961,0.32,33.1772346496582,0.9516191980962613
76003,0.9237104132771492,0.9034766554832458,-0.08955466002225876,-11.73771396279335,5.384249711053054,31.827433481874806,0.8569419021683441,0.8995786905288696,0.3333333333333333,22.965458461216517,0.9673744896957139
76005,0.8912718445062637,0.9198397994041443,-0.01481572724878788,-10.943149030208588,7.296532268949946,-0.07417997833835632,0.9000652526170959,0.9780408143997192,0.20833333333333334,21.395236253738403,0.9445104501487942
76007,0.9288858696818352,0.9737676978111267,-0.013452432118356228,-7.248029112815857,8.500428870309694,6.066906459051566,0.9527953608179605,0.9845340847969055,0.16,11.216926574707031,0.9639313189995965
76008,0.8506229817867279,0.8682873249053955,-0.019840002059936523,-16.827934980392456,1.756795808095847,-56.989332067046504,0.8450685699946107,0.969839870929718,0.3076923076923077,30.099294735835148,0.9241983783985992
76011,0.72368124127388,1.0608868598937988,0.25039786100387573,7.093305885791779,-11.22760668898266,31.305076949686928,0.5278889995633241,1.4575958251953125,0.2413793103448276,24.653148651123047,0.9010674583900077
76014,0.9017813205718994,0.9285566210746765,-0.009811808355152607,-7.5605109333992,-1.1472045944953337,14.787712817819573,0.9111645971450115,0.9833024144172668,0.17857142857142858,21.93903923034668,0.9499124462181667
77002,0.9066012352705002,0.9588571786880493,0.03071747161448002,-6.0163382440805435,-3.311480818922178,-17.09113494067064,0.9265548603157089,1.03822922706604,0.12,22.874971389770508,0.9526715413765556
77003,0.8655574321746826,0.88798987865448,-0.015289366245269775,-13.702447712421417,2.343356585511735,-31.01080590307252,0.8667308082187472,0.9771625399589539,0.23076923076923078,24.665082418001617,0.9314955431153282
77004,0.8688612431287766,0.900638222694397,0.0075336056761443615,-12.875513732433319,-16.25792783748353,6.414669151462747,0.8794218241285742,1.011759638786316,0.1111111111111111,29.338995615641277,0.9327092532158572
78003,0.9325544089078903,0.9589183330535889,-0.018318122252821922,-6.286823749542236,0.3129337897349854,-9.228113158840031,0.9428287443645165,0.979574978351593,0.2,16.595552444458008,0.9658874275009336
78004,0.8475387096405029,0.9156263470649719,0.00043292425107210875,-9.810934960842133,-9.334541183974425,35.86279496445904,0.88416158214495,1.000636339187622,0.21428571428571427,26.674325125558035,0.9206323692302782
78006,0.9121451452374458,1.0153018236160278,0.027222752571105957,2.8016727417707443,-4.642411502291353,-11.99132237535746,0.9444732865727838,1.0319139957427979,0.037037037037037035,21.568914696022315,0.9572148743862913
79002,0.9114430397748947,1.0285429954528809,0.009602920152246952,0.2662213519215584,5.850162698951773,10.597102592273634,0.9474935132506849,1.0112568140029907,0.21739130434782608,18.10395406640094,0.9573911664107676
79003,0.8705483973026276,0.9542123079299927,0.01515586394816637,-3.3234432339668274,-7.117156097575346,7.808545363651098,0.9165020858451843,1.020931601524353,0.32,33.041290283203125,0.9333872611227187
79004,0.9053233936429024,0.9226067066192627,-0.006314434576779604,-9.057001769542694,-5.118151005380327,32.03904518337853,0.9084983913051107,0.9913497567176819,0.12,20.739267349243164,0.9519583948582847
79005,0.9088299944996834,0.9908528923988342,0.0034115223679691553,-3.3476777374744415,3.112865927360229,18.865093998890504,0.9529415017555256,1.004326581954956,0.24,20.980741500854492,0.9540422654154391
79006,0.9074858874082565,0.9902976751327515,0.013792960904538631,0.06204329547472298,-5.8770564286216205,10.993794902452725,0.9492705870929324,1.0176318883895874,0.047619047619047616,19.66254370553153,0.9534333301825946
80001,0.9080516248941422,1.0044265985488892,0.028124982491135597,-3.042413853108883,3.028357691529833,25.181914181043012,0.9416357142982378,1.0364490747451782,0.37037037037037035,18.554325456972474,0.954631949336738
80002,0.9147380441427231,0.9336296916007996,0.014243458397686481,-8.815579116344452,-16.119812225291653,25.957476122373556,0.919494814079278,1.014503836631775,0.1,15.188983678817749,0.9568061827794321
80003,0.8862784057855606,0.9032991528511047,0.0014165338361635804,-8.466825634241104,-5.150017682143545,-14.663646836520636,0.8873399407300236,1.0019432306289673,0.14814814814814814,23.351508599740487,0.942229255066918
80004,0.7842776477336884,0.6768130660057068,-0.09745530784130096,-31.687238812446594,-20.74564773132407,81.19344081068598,0.6351117204538179,0.8482087254524231,0.13333333333333333,36.169490814208984,0.9248130914536099
80005,0.8761016577482224,0.8836116194725037,-0.0031936124432832003,-13.911047577857971,5.227065723795319,20.52232499324321,0.8678538380784846,0.9957752227783203,0.06896551724137931,22.25268627035207,0.937561996779195
80006,0.9510015249252319,0.9890781044960022,0.01354068610817194,-5.193974822759628,3.94833784268407,66.53224149398302,0.9707301500433355,1.0114651918411255,0.1111111111111111,13.073911490263763,0.9753832233805563
8004,0.7940613627433777,0.8670075535774231,-0.04515399411320686,-15.066955983638763,-0.7168967758909854,-1.3565562507755096,0.8236714189738966,0.9567270278930664,0.4230769230769231,37.15016291691707,0.892611790375993
8005,0.894129678606987,0.9773269295692444,0.03575664758682251,-0.04660707782022655,-7.910937364705731,25.590453733781217,0.933076109374428,1.033609390258789,0.15384615384615385,24.226452754094048,0.9467538930987631
8006,0.8667021691799164,0.9391117095947266,-0.05473857372999191,-5.2906133234500885,-3.332388525423539,10.257387464043118,0.8998017261085174,0.9576985239982605,0.4074074074074074,28.284678635773837,0.9325989962209026
8009,0.8329342901706696,0.8819974660873413,0.001503180363215506,-13.204996287822723,-5.488160576172276,-25.070106116352527,0.8534919967720164,1.001840591430664,0.2692307692307692,34.38264773442195,0.9131863534735001
8011,0.8294389843940735,0.8611176013946533,-0.059788674116134644,-14.03091549873352,-0.9459475164984487,-28.923457031513365,0.826855769421761,0.9422426223754883,0.39285714285714285,28.28043188367571,0.9142405149846645
8013,0.7543376833200455,1.0091551542282104,0.03373320400714874,-3.447837010025978,3.825326858070365,-19.064678370907494,0.8739667086898881,1.0336538553237915,0.3333333333333333,28.53788976316099,0.8788885154439823
81002,0.8997728824615479,0.9859839081764221,0.0313662514090538,-4.829028993844986,1.5097890385221004,4.18907616146416,0.9347856080183129,1.0391621589660645,0.23076923076923078,20.336556434631348,0.9497726031268704
81003,0.8550677001476288,0.8455083966255188,0.005230714101344347,-14.817477762699127,-15.78290811407924,62.78088853607176,0.8295429336416199,1.0080461502075195,0.26666666666666666,26.685736974080402,0.9284233597804059
81004,0.9391643889248371,0.9054762125015259,0.014876470901072025,-11.078638583421707,-5.141078630711373,36.59697825926232,0.8993487781070335,1.0195332765579224,0.19230769230769232,18.51379429852521,0.9714627756710256
81006,0.8634596914052963,0.913932204246521,0.007290026638656855,-10.222085565328598,-0.256248431879304,26.876287203296634,0.8882880412521135,1.0092219114303589,0.25,25.608963801943023,0.9293823491540709
81007,0.8435287922620773,0.9623416662216187,0.027056505903601646,-6.860977411270142,0.644215059420596,9.676665619907137,0.9038612063482502,1.0373589992523193,0.10344827586206896,24.06274203596444,0.9198200603846888
82001,0.8554865568876266,0.877564549446106,-0.031091364100575447,-15.1369109749794,0.4899705717187156,18.589105966128198,0.8513313036137163,0.9582034349441528,0.3333333333333333,31.423028310139973,0.9267539155831911
82003,0.8686830848455429,0.9740368723869324,0.04128667339682579,-7.025011628866196,1.1783650501724023,24.659336110139222,0.910717916818682,1.0540038347244263,0.28,20.240989685058594,0.9338124466625317
83003,0.7935828417539597,0.9324342012405396,-0.029156120494008064,-8.373595774173737,1.730829071133913,-28.88899708671121,0.8670704037783168,0.9614270925521851,0.41379310344827586,36.31047215955011,0.8922165541436063
83004,0.8099328875541687,1.0326694250106812,0.08683699369430542,0.11274809949100018,-3.736845689043724,3.8990717744553565,0.844274683863348,1.1243536472320557,0.23076923076923078,25.401320824256313,0.9121407194690445
83006,0.8431831002235413,0.894736647605896,0.011424621567130089,-12.144332379102707,-11.687432432848519,-0.5439177568647735,0.8659602732423518,1.0162944793701172,0.21428571428571427,29.950502940586638,0.9186319169816783
83007,0.8748655021190643,0.9202383160591125,-0.0018938377033919096,-8.06872546672821,-8.536298818326712,43.42818485853972,0.8973678178320446,0.9973344802856445,0.25,19.071499506632485,0.9354683519804216
83009,0.8026696592569351,1.0176783800125122,0.047993745654821396,1.8264351412653923,-3.773212504133297,12.307343746864595,0.8782783275550953,1.0731550455093384,0.14814814814814814,23.54851828681098,0.9043340199472952
83010,0.8930790275335312,0.9264762997627258,-0.019940843805670738,-6.720680743455887,-0.2949642084097118,5.4070241610991925,0.9044970522942717,0.9728508591651917,0.18518518518518517,20.339833365546333,0.9454289208844623
83013,0.855443611741066,0.9502717852592468,0.07090235501527786,-5.611288920044899,-10.346569982622233,27.292228190866048,0.8567667634258048,1.1133242845535278,0.15384615384615385,22.646287771371696,0.9278857070432778
84001,0.907421663403511,0.9522402286529541,0.0196120236068964,-0.8778856135904789,-13.50911373265076,29.950409999518886,0.9292967421930317,1.0221147537231445,0.2962962962962963,21.515599003544562,0.9527888511772782
84004,0.9284672513604164,0.969992458820343,0.014051955193281174,-4.454293847084045,5.29162158321436,-5.2871930056838226,0.9506863868846771,1.0146009922027588,0.041666666666666664,16.921361287434898,0.9636931006896222
84005,0.934214673936367,0.9993066787719727,0.04806937277317047,0.7482002023607492,-2.976597492680165,10.734734901282735,0.9376888632157959,1.053605556488037,0.36,17.466075897216797,0.9682408849836395
84008,0.8117431700229645,0.9176827669143677,0.03153404965996742,-6.596488505601883,-20.340468975278327,38.95377609334845,0.8642408637320189,1.0445425510406494,0.23076923076923078,23.656138667353876,0.9016619231215849
84009,0.8259661197662354,0.9255050420761108,-0.06037641689181328,-9.978169202804565,10.578243970625676,12.995340118937634,0.8615487506878742,0.924576461315155,0.25,25.566039482752483,0.9109464234729334
84012,0.8794211894273758,1.0173856019973755,0.05090250074863434,2.4045275524258614,-6.104644797258437,18.352079795569622,0.9098565710637204,1.0669211149215698,0.14814814814814814,20.5125508485017,0.942162788784097
84013,0.9278619363903999,1.0442854166030884,0.07080879807472229,5.0635214895009995,0.3325856582607727,-6.034699952668429,0.906911133499842,1.0757027864456177,0.4230769230769231,17.279813839839058,0.9688002072611956
84014,0.8766037747263908,0.9539391994476318,0.003460714826360345,-6.855331361293793,3.7555677971069525,4.49667075170092,0.9213520601731592,1.0049160718917847,0.35714285714285715,27.560251099722727,0.9364411034658708
84016,0.758787989616394,1.2101788520812988,0.1342645287513733,20.74204832315445,0.8887193804973982,-10.366250095932502,0.7230088623915678,1.1645565032958984,0.38461538461538464,34.585013756385216,0.9260398913303405
84017,0.8811477646231651,1.0291030406951904,0.05811941251158714,0.9636828675866127,-1.2943490519103777,45.74811132873543,0.9113340325484599,1.0625537633895874,0.34615384615384615,16.69447788825402,0.9443071504391167
84018,0.9151603505015373,0.8952668309211731,-0.0315953828394413,-13.076992332935333,1.5718627116889317,8.33639767328468,0.882534380104305,0.965754508972168,0.16666666666666666,21.274236838022865,0.9593013329892925
84019,0.8411179631948471,1.0118136405944824,0.09337237477302551,0.41259839199483395,-11.033539866250129,-10.91838222788533,0.8603714601450334,1.1177301406860352,0.37037037037037035,26.23705157527217,0.9258637672121064
84020,0.8310688734054565,1.0279688835144043,0.05338972434401512,7.644162327051163,-12.51476802076935,18.779887173492465,0.888413481737277,1.0721460580825806,0.07142857142857142,24.87961564745222,0.9195995092297341
84022,0.8325288146734238,0.9063944220542908,-0.038702450692653656,-11.887306720018387,7.945974347422326,-6.398984889965745,0.8638500146848007,0.9525251984596252,0.11538461538461539,31.56671877260561,0.913276545862836
84026,0.8721534758806229,0.9774360656738281,0.06600777804851532,-0.884992815554142,-2.555469619638372,50.70133046297845,0.8834929355361556,1.0954313278198242,0.125,24.301000436147056,0.9370903297715538
84030,0.8832500502467155,0.903615415096283,-0.014405480585992336,-8.610279113054276,-2.7668566271507555,48.0128294857695,0.8849550191567175,0.9794238805770874,0.21428571428571427,26.175924709865022,0.9406537050889996
85001,0.9343996271491051,0.9712996482849121,-0.05318089574575424,-1.7654478549957275,-18.214272316831963,4.687534730401269,0.9447300807550812,0.965155839920044,0.43478260869565216,12.943113368490469,0.9681105300593991
85002,0.8706597536802292,0.8830718994140625,-0.009591404348611832,-14.298203587532043,1.2711170622006929,-5.3076531259356035,0.8653094147342533,0.9863249063491821,0.17857142857142858,34.278975214277,0.9345602195431889
85003,0.8794726803898811,0.8765836954116821,-0.024226995185017586,-12.53763884305954,-10.69058698898571,44.30695166067331,0.8577131887680285,0.9619629383087158,0.03333333333333333,25.710725784301758,0.9402745083718881
85004,0.8200885057449341,1.0003124475479126,0.08238082379102707,1.2483710423111916,-10.499056248276014,9.490043172925471,0.8662779883533518,1.1019465923309326,0.22580645161290322,28.28600791192824,0.9134646252249016
88001,0.6950304508209229,0.924405574798584,0.06515117734670639,-8.49602222442627,-8.574013969976516,13.545817608219732,0.802342725076673,1.0888372659683228,0.27586206896551724,26.86023712158203,0.840432392435505
89002,0.7969178557395935,1.0939300060272217,0.08980067074298859,11.734245717525482,-11.727970309634259,40.51319816004275,0.8162985404967114,1.1329689025878906,0.20689655172413793,20.393613289142476,0.9148962331272196
89003,0.874425858259201,0.9314534664154053,0.049716461449861526,-9.636057913303375,4.8672515742322044,16.80988429175447,0.8778977153836502,1.0785534381866455,0.37037037037037035,22.275977664523655,0.9364413814567609
89005,0.6814166605472565,0.8286901116371155,0.0024926350452005863,-16.930709779262543,-11.613475657487689,17.029694897628463,0.7554130715989196,1.0046707391738892,0.17857142857142858,36.89938953944615,0.8254896224021598
89007,0.7911451905965805,0.9930342435836792,0.12286219000816345,-4.19212281703949,-14.594425500559646,25.085914634348395,0.8030400507125967,1.1709725856781006,0.03333333333333333,21.990127563476562,0.9024650072671887
90003,0.8778306543827057,0.8810070753097534,-0.02719019167125225,-11.38070523738861,-8.758515286623236,21.01951557512506,0.8615706585304226,0.9639855623245239,0.1,24.8714812596639,0.9391203914904059
9002,0.9145013689994812,0.9114180207252502,-0.04695552587509155,-10.323083400726318,6.817404325874097,1.6310301042168494,0.8896826275938433,0.9489115476608276,0.17857142857142858,21.613977636609757,0.9586100780387956
9003,0.8665837198495865,0.9816412329673767,-0.03770865127444267,-5.460992082953453,8.681395860767962,14.025006904546178,0.912808607363379,0.9473855495452881,0.25925925925925924,22.53482076856825,0.9329402190109158
9004,0.9042043462395668,0.9533728957176208,-0.06055425480008125,-3.636397421360016,5.163609059588832,-7.245255295754053,0.9146553506400978,0.9462976455688477,0.2222222222222222,21.859154877839266,0.9528228927428176
9005,0.8143461048603058,0.7939737439155579,-0.08437124639749527,-19.80714648962021,4.199639507992068,-34.01188134666914,0.7518271655470447,0.8913800716400146,0.39285714285714285,37.27028710501535,0.9142990739413308
92001,0.9397602006793022,0.8888680934906006,-0.0345379002392292,-10.152474045753479,-9.194273443135632,16.26722059883687,0.8830514031085893,0.9747672080993652,0.4166666666666667,12.30369011561076,0.9737325318434561
93001,0.8831019103527069,0.9623494148254395,-0.012380807660520077,-5.65854124724865,-2.9678476150122646,-6.769386980122218,0.9274125227155561,0.9838441014289856,0.13793103448275862,21.48190531237372,0.9400803685267014
94001,0.9601273685693741,0.984169065952301,0.050136350095272064,-2.5672418996691704,-5.051916475205844,32.552897022758934,0.9539065288043989,1.038968801498413,0.28,10.1328763961792,0.9811473576437042
95001,0.8894667625427246,0.9414612054824829,-0.022372322157025337,-2.6193276047706604,-1.8365250856277708,50.70358043502704,0.9167661783471527,0.9828080534934998,0.6,23.219829559326172,0.9433827272054585
96001,0.8408301174640656,0.9464268684387207,0.021653776988387108,-5.097080394625664,-7.4015757103934225,-600.9610239680297,0.8971685058496781,1.030441403388977,0.2222222222222222,20.7452067622432,0.9176740823093048
96002,0.9125844687223434,0.871303141117096,-0.07299501448869705,-10.461244732141495,-2.6209003027929607,20.157107612810798,0.8440262907850817,0.9203065037727356,0.28,23.866342544555664,0.9623986284956416
96004,0.8451075404882431,0.9014376997947693,0.0037185705732554197,-10.192161798477173,-11.930971482084901,20.414620659462184,0.8726188678143815,1.005316138267517,0.14285714285714285,28.90031337738037,0.91948189961838
97002,0.8633905649185181,0.8682618141174316,-0.04794026538729668,-13.427698612213135,10.94414418042609,46.60647120777205,0.841197264827047,0.9423178434371948,0.12,26.46355628967285,0.9326492175765944
