basin,FHV_1%,mNSE,NSE,Alpha-NSE,Beta-NSE,FHV,FMS,FLV,KGE,Beta-KGE,Peak-Timing,Peak-MAPE,Pearson-r
01013500,-1.530066505074501,0.7387104332447052,0.9248300716280937,1.0113823413848877,0.02127813920378685,-0.5559247452765703,10.196650308575363,51.924409455255926,0.9537625770310196,1.0254684686660767,1.2083333333333333,16.85765186945597,0.9631259075879103
01022500,-5.277421325445175,0.7406952679157257,0.8902766481041908,0.9254321455955505,-0.05411842465400696,-5.777235329151154,-5.455999095166305,15.993891593266014,0.8873639483442706,0.9356967806816101,0.21875,20.0275719165802,0.9453043767070891
01030500,5.432068184018135,0.7335421741008759,0.9051452279090881,0.98465895652771,0.02932741679251194,3.3150427043437958,-16.608636764848526,-339.76781559199327,0.9378775791107521,1.036839246749878,0.7241379310344828,15.264400942572232,0.9523899436964859
01031500,-13.014821708202362,0.7263548672199249,0.8825826272368431,0.9218623042106628,0.03117496334016323,-10.449378937482834,-9.416026554518467,-20.75160851767956,0.8893079738970889,1.050652265548706,0.15625,26.171588897705078,0.9401537542172952
01047000,-13.241459429264069,0.7387354373931885,0.8609819859266281,0.8607112169265747,-0.03928640857338905,-13.861572742462158,-3.8176756529765417,4.407978923689624,0.8333316261622783,0.939400315284729,0.1875,25.794929265975952,0.9314094761643814
01052500,-23.73277246952057,0.668651670217514,0.8038745820522308,0.7805071473121643,-0.052829988300800323,-22.143590450286865,-11.683450481335012,7.338968944496097,0.7470118394692685,0.9152714610099792,0.35294117647058826,35.71253664353314,0.9070109056485883
01054200,-28.231284022331238,0.5930744111537933,0.6748907566070557,0.755317211151123,-0.010753489099442959,-27.27780044078827,-11.445121513359442,26.586135580311765,0.6982026011973779,0.9797518849372864,0.375,44.12442445755005,0.8244949670192563
01055000,-19.746777415275574,0.6477355360984802,0.7032377421855927,0.8111191987991333,-0.012693457305431366,-20.708350837230682,-10.6679594594204,-339.4834955375749,0.7508986646458045,0.9775245785713196,0.14705882352941177,43.853204390581915,0.8391573015503492
01057000,2.0673440769314766,0.6935031712055206,0.8501486629247665,0.9958998560905457,0.050803180783987045,-0.3089444013312459,-6.602830743296425,59.132564818675604,0.8931111743962213,1.0770894289016724,0.25,23.624438047409058,0.9260701020527502
01073000,-1.8430279567837715,0.6924740374088287,0.9032222628593445,0.9753028750419617,0.0617048516869545,0.9147848933935165,-16.48238902502191,68.75148916575769,0.8761764686417227,1.1117154359817505,0.1,20.288570721944176,0.9526504456172107
01078000,-6.9425515830516815,0.7141807377338409,0.8835640549659729,0.9375046491622925,0.015689751133322716,-4.784156754612923,-1.900775436387479,47.704380180760374,0.9105113918948122,1.0227240324020386,0.21875,27.51496434211731,0.9401154405905259
01118300,-6.1507683247327805,0.6541371643543243,0.8180625587701797,0.941559374332428,-0.0026942265685647726,-3.903181478381157,-24.19293161006739,51.2112850067578,0.8885736388090306,0.9962623715400696,0.1,25.60026486714681,0.9052025455334448
01121000,-26.275697350502014,0.666967511177063,0.7763717770576477,0.7626769542694092,-0.029651427641510963,-25.275546312332153,-15.73706757008318,63.14060555815877,0.7348576104952489,0.9544597268104553,0.3870967741935484,38.498903089954005,0.8908929782494882
01123000,-6.762964278459549,0.6653137803077698,0.8405705541372299,0.9710657000541687,0.06255103647708893,-4.8067741096019745,-8.247406774948987,-30.991299395964727,0.8777334633845557,1.0881402492523193,0.03333333333333333,29.03504689534505,0.9203557364004195
01134500,-6.7248620092868805,0.6549362242221832,0.8355207741260529,0.9027090072631836,-0.029512928798794746,-8.976288884878159,-12.570172197987775,33.08793032665327,0.8646229980416953,0.960351288318634,0.16666666666666666,28.963841332329643,0.9146221629841124
01137500,-14.211699366569519,0.6235163509845734,0.7520195692777634,0.8552255034446716,-0.08204727619886398,-14.482571184635162,-4.581344897442545,10.500811978350505,0.7779593948792567,0.8915771842002869,0.20588235294117646,36.88411432154039,0.8712099829816048
01139000,-16.318611800670624,0.6898910701274872,0.8418102562427521,0.8871899843215942,-0.026698142290115356,-14.421187341213226,-0.5321628469891949,20.008495748464412,0.8576569889922321,0.970328152179718,0.125,26.7412006855011,0.918421727204326
01139800,-1.818903349339962,0.5707573294639587,0.7388781309127808,1.0518511533737183,0.09185820817947388,1.8615113571286201,-1.7973696071521823,38.88292756110219,0.8392312119370829,1.0950583219528198,0.4722222222222222,43.55092843373616,0.8811640772470364
01142500,-6.577500700950623,0.6589861214160919,0.8178629577159882,0.9684571027755737,0.04821213334798813,-4.1471779346466064,-2.020084485966813,46.468928818116396,0.886485726840713,1.0580291748046875,0.3888888888888889,30.87201913197835,0.9076790884086519
01144000,-9.226606786251068,0.7117053866386414,0.8710934072732925,0.9609752893447876,0.012262539006769657,-6.260134279727936,-0.14715977604005975,5.55613520676551,0.9217666579309224,1.0146654844284058,0.14705882352941177,22.37701696508071,0.9337999143803087
01162500,-5.765422433614731,0.68545201420784,0.8322210758924484,0.897128701210022,-0.033362049609422684,-6.915014237165451,-18.16746042111993,53.482619443384635,0.8587336437342419,0.957499086856842,0.4375,26.291322708129883,0.9130094736200263
01169000,-17.889223992824554,0.6279194056987762,0.7051952183246613,0.8771325349807739,-0.024605274200439453,-13.091075420379639,9.26970740295469,-40.39030078838129,0.7957443623917299,0.9637886881828308,0.2727272727272727,39.90745544433594,0.8409003694819187
01170100,-19.92180645465851,0.6409218013286591,0.7210302650928497,0.8421992659568787,-0.044857144355773926,-16.89930111169815,-5.049071607153578,-3.780991517704143,0.7745568132778902,0.940578818321228,0.34375,41.05544090270996,0.8503581544394397
01181000,-26.29607617855072,0.6889986395835876,0.7431225776672363,0.7408257126808167,-0.050941962748765945,-23.416070640087128,-6.107360458897683,-18.848433517963556,0.7004838116050527,0.918817400932312,0.3870967741935484,40.86878991896106,0.8737145237493796
01187300,-34.36617851257324,0.6270566284656525,0.7404748201370239,0.7242997884750366,0.002541686175391078,-30.271607637405396,-19.723060385720835,45.09452734885152,0.6965553919390581,1.004503846168518,0.36666666666666664,42.06521987915039,0.8733203295866326
01195100,-12.688253819942474,0.6085534989833832,0.7778961062431335,0.9166702628135681,0.0623471699655056,-11.937052011489868,-26.339363148853906,83.1623347617256,0.8263876627327287,1.0995856523513794,0.16129032258064516,28.32731431530368,0.8847606994224837
01333000,-18.838411569595337,0.6054803729057312,0.7002007365226746,0.8029619455337524,-0.06754827499389648,-19.557885825634003,-11.029728282863703,-21.30353577724681,0.7340901040693677,0.9200586080551147,0.2571428571428571,35.366856711251394,0.8403333106126705
01350000,-11.82311326265335,0.6441616714000702,0.6873424351215363,0.9070399403572083,0.004755958449095488,-13.51114809513092,-5.005503515790727,14.487482410759721,0.8081734438989685,1.0086411237716675,0.24242424242424243,35.51594416300456,0.8324255809595227
01350080,18.498967587947845,0.46202903985977173,0.43984508514404297,1.2322932481765747,0.1531226485967636,18.04121732711792,-11.306355252086504,-6.789442113051088,0.6042194596023203,1.2536050081253052,0.4827586206896552,51.27333937020138,0.8041261046927906
01350140,-7.490432262420654,0.40697574615478516,0.5289589464664459,1.011478304862976,0.13552333414554596,-4.316242039203644,-13.37097523226007,28.917001222447862,0.6670005882076474,1.2464011907577515,0.4375,42.297929525375366,0.7762963791873552
01365000,-5.268582329154015,0.5924249291419983,0.6464088261127472,1.0058871507644653,-0.036700353026390076,-6.403271853923798,7.866278945859167,-19.28326996639333,0.8179442589509398,0.9504148364067078,0.5588235294117647,42.61317814097685,0.8249258846767308
01411300,-8.842716366052628,0.5407566726207733,0.7221209108829498,0.9395796656608582,0.13218913972377777,-3.8159970194101334,6.110477505683998,37.62264610016983,0.802719090476761,1.1288435459136963,0.43333333333333335,33.97789637247721,0.8633673496668971
01413500,12.690338492393494,0.5608642399311066,0.6081686615943909,1.1517868041992188,0.0806276947259903,12.873820960521698,-6.052482881356221,-33.85727883159536,0.7522594276698674,1.116624116897583,0.22580645161290322,44.83442921792307,0.8427264402154367
01414500,9.149875491857529,0.5050441920757294,0.4094087481498718,1.1541205644607544,0.08548973500728607,8.91340970993042,-11.244042234599322,-6.882347127418158,0.6877540534226825,1.1224095821380615,0.19444444444444445,48.06421597798665,0.757594808296009
01415000,10.301247239112854,0.5183624923229218,0.5049637258052826,1.1906791925430298,0.11461219191551208,12.338738143444061,-12.571017631245338,11.558022671677138,0.6849372245658465,1.167036533355713,0.4,46.67761484781901,0.812904317206634
01423000,6.2825508415699005,0.6029396057128906,0.7555714696645737,1.1278740167617798,0.08000066876411438,9.483719617128372,-1.2635792929146985,-2.6317893843790467,0.8014486962522095,1.115816593170166,0.16129032258064516,32.807556275398504,0.9017280670607742
01434025,-5.586568638682365,0.525099515914917,0.5862846076488495,0.9600147604942322,0.044437311589717865,-6.180459633469582,-0.3375124590375112,14.272035456585652,0.7705714247113261,1.0735421180725098,0.34285714285714286,48.44389779227121,0.7863877141874417
01435000,-16.642242670059204,0.6135885119438171,0.6601122617721558,0.924316942691803,-0.03167491778731346,-14.001588523387909,11.22777916953426,-42.99137735245248,0.7989883927331061,0.9531030654907227,0.32432432432432434,40.367899714289486,0.8197823021284072
01439500,8.16284567117691,0.6287571787834167,0.7193583548069,1.1467760801315308,0.06217140704393387,7.038088887929916,1.798293371054385,8.05816919326399,0.8021677775112608,1.0721837282180786,0.25,36.34110391139984,0.8887171175041055
01440000,-8.864697068929672,0.672851949930191,0.8351530134677887,0.9540281891822815,0.04629651829600334,-6.8489693105220795,0.11351709453990924,-0.6962478864108618,0.8855888928985016,1.0623928308486938,0.25,25.416436791419983,0.9158357041435222
01440400,-12.454714626073837,0.6168745458126068,0.7563386708498001,0.96636962890625,0.07491496205329895,-10.076458007097244,-8.844779806314587,-26.3952478166149,0.8336401801494095,1.1073236465454102,0.4827586206896552,45.04384336800411,0.8774185059113186
01451800,-9.97326448559761,0.6488831043243408,0.7648416459560394,0.940148651599884,-0.0467984713613987,-9.863578528165817,10.601112831298524,31.75836956833788,0.8449617368680493,0.9253541231155396,0.1935483870967742,45.188873044906124,0.8780054419500202
01466500,6.827063113451004,0.2783965468406677,0.43398594856262207,1.1125415563583374,0.30770331621170044,9.794174134731293,-9.521093051720344,7.191884896032676,0.6986247847099882,1.1888645887374878,0.3333333333333333,37.470753987630204,0.7938651276359003
01484100,-19.319693744182587,0.5535867512226105,0.6724309027194977,0.827343225479126,-0.03470344468951225,-19.103848934173584,7.742673048892605,58.626694347970954,0.747783931149304,0.9589823484420776,0.1875,34.704411029815674,0.8207790864345906
01485500,-6.013120710849762,0.6986820995807648,0.8553622514009476,0.9142817854881287,-0.007733190432190895,-6.124437600374222,-6.2246500952044865,24.602923320118332,0.8852520477583936,0.9863159656524658,0.2,31.682300567626953,0.9249518324773064
01486000,-17.339332401752472,0.6236688792705536,0.7318815886974335,0.8319512009620667,-0.04327172413468361,-17.497746646404266,-7.414604483200477,27.17561619184815,0.7656485589090243,0.9211356043815613,0.15625,43.647897243499756,0.8569594246828413
01487000,-17.875242233276367,0.6147066354751587,0.7725930064916611,0.8345327973365784,-0.11139297485351562,-18.22662651538849,-9.529449084196418,-1.9907164532963775,0.7753315173114577,0.8977230191230774,0.3,34.56699053446452,0.8875902533629062
01491000,-29.73971962928772,0.6276513934135437,0.7161758840084076,0.7359832525253296,-0.05318669602274895,-27.714788913726807,-3.820653791257634,49.22849910375132,0.6868551065737954,0.9119641780853271,0.3103448275862069,48.84384089502795,0.8564570608089234
01510000,-16.928845643997192,0.6433192491531372,0.8088006228208542,0.8611816167831421,-0.05913941562175751,-15.801821649074554,-3.431834346727578,6.573401855062774,0.8098702366412217,0.9144679307937622,0.2647058823529412,28.830735823687387,0.9022091592570042
01516500,8.0766960978508,0.2939622402191162,0.3295323848724365,1.0957391262054443,0.19991599023342133,17.283080518245697,-20.151016317889056,14.152950185288276,0.43122359794332243,1.4836890697479248,0.2857142857142857,54.64199270520892,0.716476634020502
01518862,-34.222057461738586,0.614872008562088,0.6518452167510986,0.6912720799446106,-0.014961647801101208,-31.61945641040802,-30.26040889921926,-24.073177233959587,0.6399846149378825,0.9698058366775513,0.4827586206896552,50.69018067984745,0.8172803749977712
01532000,-6.423357129096985,0.5501870214939117,0.5486557483673096,0.9064972400665283,0.10815631598234177,0.9006352163851261,-12.166290729013314,-1.0001853975456199,0.6482056845885686,1.2419235706329346,0.16,40.71050262451172,0.7623248851628914
01539000,-5.314924567937851,0.6913290917873383,0.8798127621412277,1.0059551000595093,0.03898167982697487,-3.177967295050621,6.943150172165937,-29.546848032877747,0.9128713866790162,1.0638675689697266,0.10714285714285714,28.530119146619526,0.9410350470498283
01542810,-18.134166300296783,0.5762243568897247,0.7415669858455658,0.8799270391464233,0.08234336972236633,-15.567626059055328,-20.265993780213865,21.968017717342324,0.7593032261172035,1.159202218055725,0.3548387096774194,36.80726328203755,0.8651961617921103
01543000,-5.660713464021683,0.6770213544368744,0.8409537225961685,0.9818449020385742,0.08220995217561722,-2.0419586449861526,-9.694295811665272,40.9464735291447,0.8455127137503495,1.1324704885482788,0.16129032258064516,18.625145573769846,0.9226159984585134
01543500,-14.504919946193695,0.6916013658046722,0.8535328805446625,0.9127501249313354,0.05504053831100464,-9.4195656478405,-8.133531390581469,32.485659036626224,0.8585989122972092,1.0827388763427734,0.16666666666666666,21.139844258626304,0.9255956637986064
01544500,0.5657162051647902,0.6394420862197876,0.7969135940074921,1.0401253700256348,0.05893881246447563,2.9646631330251694,-3.306856084518354,24.384557679878938,0.8635795336406008,1.089111566543579,0.37037037037037035,26.582128030282483,0.904817926949603
01545600,14.366841316223145,0.5618040859699249,0.7013067901134491,1.146025538444519,0.12698738276958466,14.274576306343079,-9.16946101717756,38.09718596328907,0.740554999218147,1.1816513538360596,0.4444444444444444,32.41113380149559,0.8860217731221851
01547700,-27.39708721637726,0.5960837304592133,0.7626872807741165,0.7681951522827148,0.0577869676053524,-24.565158784389496,-21.96134091372954,-12.968346577363848,0.7135381256430123,1.120682954788208,0.375,39.74204858144124,0.8826861369723417
01548500,9.069478511810303,0.6716524362564087,0.8100699335336685,1.1053460836410522,0.09580671042203903,11.380299925804138,-9.708519780475758,0.5722816052340826,0.8073377856148988,1.141885757446289,0.17857142857142858,30.50063337598528,0.9232578124682651
01549500,4.004581272602081,0.4941335916519165,0.7072342336177826,1.0695301294326782,0.1756250113248825,7.573932409286499,-14.26005870785353,-17.044000042377736,0.6647578380744517,1.30513596534729,0.3448275862068966,31.03890583432954,0.8798130169894925
01550000,-2.8650062158703804,0.5806909501552582,0.6825267672538757,0.9883213043212891,0.1010090783238411,1.0889849625527859,-1.6074546757851649,-66.54616314341435,0.7702043109865983,1.168897032737732,0.37037037037037035,38.05805135656286,0.8446183437828725
01552000,4.3435171246528625,0.6070376336574554,0.7594360560178757,1.1090389490127563,0.12762394547462463,10.221032053232193,6.41615333731214,-13.11651691124258,0.7596912319468352,1.1915470361709595,0.26666666666666666,25.879119237263996,0.9042474828761958
01552500,-14.18953388929367,0.6052809953689575,0.7240244150161743,0.9197586178779602,0.058912210166454315,-8.810030668973923,-0.13545639328291748,5.796713814168119,0.8062140103986707,1.1009645462036133,0.2857142857142857,31.208299909319198,0.8553608256010504
01557500,-8.651886880397797,0.6709586381912231,0.7916720062494278,0.9515534043312073,-0.022570868954062462,-8.300528675317764,-3.696441277315659,-22.30841690464754,0.8771480941088289,0.9670032262802124,0.4666666666666667,36.12427075703939,0.8920336576831335
01567500,13.388536870479584,0.47641128301620483,0.5901313126087189,1.1241602897644043,0.06605486571788788,13.352829217910767,3.4627439887226643,-35.825848130457125,0.7615108657275794,1.1065744161605835,0.3548387096774194,51.62238459433278,0.8264973100160733
01568000,-8.77768099308014,0.6363539695739746,0.786915734410286,0.9799162149429321,0.06305331736803055,-5.400441959500313,-2.686379981234005,-4.592749655976535,0.8491253466149751,1.104973316192627,0.06666666666666667,36.19575182596842,0.8935086599795286
01580000,-5.239412561058998,0.5805743932723999,0.802144467830658,0.9535382390022278,-0.013120713643729687,-4.464733600616455,-8.04488605996488,50.143769653372495,0.8864807205882699,0.9852901697158813,0.125,30.988842248916626,0.897474137622955
01583500,-2.8445959091186523,0.566280871629715,0.7450402975082397,0.9489362835884094,0.04499838873744011,-0.6581494584679604,-9.602766872893307,48.46482404962117,0.8503540418358011,1.0488783121109009,0.08823529411764706,30.484572578878964,0.8681010983127335
01586610,-9.968715906143188,0.545527458190918,0.6970747113227844,0.8649082183837891,0.07647770643234253,-8.662647008895874,-18.784132935795643,54.02712156342766,0.7630281258897248,1.1091976165771484,0.15151515151515152,35.67414717240767,0.8388114141976418
01591400,-4.388804733753204,0.5011151134967804,0.6562138795852661,0.9859647750854492,0.049175627529621124,-4.0792834013700485,6.741782060222922,70.53947753824669,0.8073326587989775,1.0836060047149658,0.21875,39.3058180809021,0.8269862641213991
01594950,12.911354005336761,0.4767499566078186,0.6103100180625916,1.0929871797561646,0.1900579333305359,14.175024628639221,-33.028918616385226,81.55399462857625,0.6535380367941537,1.2940953969955444,0.21875,43.053290247917175,0.842211616981867
01596500,2.537265419960022,0.6035062372684479,0.7646166980266571,0.9899648427963257,0.0856156200170517,-1.0952048934996128,-23.367674413571333,-320.241011122234,0.811113889702302,1.1494053602218628,0.2,33.28803062438965,0.8848683509183202
01605500,-12.74159848690033,0.5973929464817047,0.7729771435260773,0.9458901882171631,0.07216761261224747,-7.525581121444702,-6.176172406757919,-144.56894805836532,0.8155593019269551,1.1330528259277344,0.27586206896551724,36.77486222365807,0.8842958735085819
01606500,-8.082564175128937,0.638095498085022,0.7954320907592773,0.933043897151947,0.06838089972734451,-5.646682158112526,-20.5465964319864,-42.81558952218848,0.8304096804095815,1.1153792142868042,0.23333333333333334,32.95325915018717,0.895284224203127
01613050,-22.90435880422592,0.540681928396225,0.6920555531978607,0.7857183814048767,0.06618797034025192,-20.186355710029602,-25.221518687822957,79.95570546127394,0.6952382643258055,1.1417089700698853,0.04,41.12858581542969,0.8360436909870983
01620500,2.9286976903676987,0.4493643641471863,0.561627596616745,1.0626206398010254,0.06445014476776123,9.358948469161987,0.07066952290306729,-214.20122665382854,0.7463853497327443,1.1393018960952759,0.4482758620689655,68.25029438939588,0.7975301799147497
01632000,-15.630245208740234,0.47738194465637207,0.5115897953510284,0.8341253995895386,0.08129627257585526,-9.305133670568466,-26.33218649630795,-179.78906013851656,0.6063806537003125,1.2307971715927124,0.37037037037037035,48.32487459535952,0.7276868120988865
01632900,-0.2464618068188429,0.566619485616684,0.6163935959339142,1.0006000995635986,0.0727369487285614,1.6837378963828087,-3.11984183839047,38.2325906377511,0.7598202207659387,1.1481493711471558,0.13793103448275862,41.387252149910765,0.810955745757406
01634500,-1.2256917543709278,0.5097222924232483,0.4716331362724304,1.0382879972457886,0.0990632027387619,2.1616099402308464,0.2850511136256061,-517.9442937323547,0.6672468683763779,1.2173773050308228,0.36,47.7031135559082,0.7509903955069792
01638480,-5.140770971775055,0.5535545647144318,0.6223755180835724,0.9230825304985046,0.05498822033405304,-1.2779245153069496,-23.631746013771643,63.292765978731936,0.7479001311431621,1.1332546472549438,0.1111111111111111,61.22739579942491,0.8002971063101941
01639500,-11.689482629299164,0.5888899266719818,0.7639428377151489,0.8856238126754761,0.046621475368738174,-12.22279742360115,-6.189135011372375,73.7962123983302,0.814967565752931,1.0749350786209106,0.13333333333333333,35.02285639444987,0.8753411716380293
01644000,-6.682524085044861,0.5953842401504517,0.7438937723636627,0.9364533424377441,0.06586648523807526,-3.9642974734306335,-30.07269317017555,57.71057823374689,0.8022259490711892,1.1325933933258057,0.1,41.3433043162028,0.8677298613450282
01658500,-19.61841583251953,0.45763325691223145,0.5167141854763031,0.8216836452484131,0.03714568540453911,-18.24144423007965,-27.815223765550005,81.39459244881706,0.6545164734481301,1.111999750137329,0.375,55.78464865684509,0.7261054934541428
01664000,10.880108177661896,0.6082136034965515,0.6725914180278778,1.2082626819610596,0.0864020511507988,11.952664703130722,-8.513306602698066,55.689504004893664,0.7237810884676967,1.1408008337020874,0.13333333333333333,36.47947311401367,0.8855505892576373
01666500,15.16057401895523,0.5049368739128113,0.43210697174072266,1.2272708415985107,0.06131410971283913,16.832059621810913,7.504660265144425,48.22802079033992,0.6706874229840856,1.1148991584777832,0.14285714285714285,75.21256719316754,0.7912108208717116
01667500,2.9096271842718124,0.6087055802345276,0.7668238282203674,1.0827702283859253,0.06683216243982315,4.621315747499466,-11.014513334357613,60.86227446964385,0.8213831422379272,1.1206530332565308,0.0,41.48702292606748,0.8975504185672932
01669000,-12.385937571525574,0.5916649103164673,0.7648210972547531,0.9298433065414429,0.0466238409280777,-12.19637542963028,-16.339733059913986,88.89882035210181,0.8470649761886885,1.058524489402771,0.22580645161290322,37.945396669449345,0.8773539890119805
01669520,-8.833245187997818,0.5903753042221069,0.7177681922912598,0.89029461145401,-0.052978821098804474,-9.399977326393127,-13.466975251119182,85.8690683627617,0.7977974156784884,0.9206286668777466,0.84,36.32501220703125,0.8498307477921406
02011400,25.73949098587036,0.5616987347602844,0.7076098322868347,1.2957565784454346,0.17436113953590393,22.372733056545258,-8.089301926296944,-111.01270267132215,0.5831753553840133,1.2858949899673462,0.25,30.814664704459055,0.9326584424217551
02011460,-21.07854336500168,0.6078261435031891,0.8037742227315903,0.8395043611526489,0.04746847599744797,-19.326375424861908,-26.320352619550537,7.554403615120826,0.7879701161376931,1.0957106351852417,0.27586206896551724,37.13827790885136,0.8998136941788871
02013000,-18.187439441680908,0.5905718207359314,0.7923743277788162,0.8990920782089233,0.0803498923778534,-15.22337943315506,-9.895460239989122,-758.7719718391921,0.7721618730648738,1.1744906902313232,0.42857142857142855,40.01660006386893,0.8937888780413793
02014000,2.119496650993824,0.5728535652160645,0.7527269870042801,1.1038235425949097,0.11317379772663116,5.586686730384827,0.41275427956694877,-128.6343000719537,0.7527641641560657,1.2001996040344238,0.16,34.224998474121094,0.8986770061982389
02015700,-5.8934856206178665,0.5917682647705078,0.7064353823661804,0.9849622845649719,-0.026802275329828262,-7.174091786146164,16.07206100224093,-263.3940453495823,0.8445076934814163,0.956566572189331,0.3333333333333333,39.11292711893717,0.8514561955193697
02016000,-6.358543038368225,0.6606191396713257,0.7934148907661438,1.0361392498016357,0.04193898290395737,-5.339644104242325,4.7216765232834845,-62.142463195742515,0.870973100341556,1.0754753351211548,0.06451612903225806,31.05532430833386,0.9017891592155197
02017500,1.592634990811348,0.6561172306537628,0.799011766910553,1.021588921546936,0.04027331620454788,0.722538260743022,-18.609131114169067,-39.39161124833212,0.8785305630969158,1.0693687200546265,0.28,31.205268859863285,0.9026515370127732
02018000,11.26721054315567,0.6512524485588074,0.8065709471702576,1.1060630083084106,0.07403483241796494,8.596459031105042,-8.598724210565708,-53.725561339749895,0.813244910147665,1.1313306093215942,0.17857142857142858,28.878092765808105,0.9201227635083528
02027000,-30.600646138191223,0.4872792363166809,0.5840724408626556,0.7508198618888855,0.07265084236860275,-25.04725456237793,-15.624555945462134,50.57641286849631,0.6373085976595491,1.124800682067871,0.36666666666666664,44.03083801269531,0.767881276373484
02027500,-19.738154113292694,0.41290706396102905,0.38654106855392456,0.7985489368438721,0.11783339828252792,-10.276980698108673,-3.039127404536061,57.38854007703641,0.5464169461354471,1.2065231800079346,0.27586206896551724,55.23105489796606,0.6499953828507831
02028500,-16.880743205547333,0.5334068238735199,0.6786213219165802,0.9122926592826843,0.10370440781116486,-14.431877434253693,-23.686847475281862,62.929263993924,0.7500749190623182,1.1649388074874878,0.3,48.42577298482259,0.8339724171994034
02038850,-22.041861712932587,0.49221664667129517,0.4969988465309143,0.7259337306022644,0.008908473886549473,-17.13818609714508,-10.295487858693422,69.55312924634187,0.5970259839366248,1.0212209224700928,0.3225806451612903,51.97268455259262,0.7053384822373787
02046000,-6.3309431076049805,0.5923226475715637,0.7311019897460938,0.9512773156166077,0.05754850432276726,-5.312944203615189,-22.715706233747998,76.2492236719045,0.7976212583667401,1.1394397020339966,0.3793103448275862,38.10519185559503,0.8616532451113929
02051000,-39.82410728931427,0.4784107208251953,0.5928661227226257,0.6230999231338501,0.015677306801080704,-37.76540756225586,-33.44887171735939,87.33615455506498,0.5647275234612831,1.0473964214324951,0.2413793103448276,53.39442614851326,0.7874863766112123
02051500,-11.116945743560791,0.6143701672554016,0.7412934303283691,0.8870667815208435,0.014677813276648521,-13.326944410800934,-10.219191748298268,57.82748728278639,0.8188547120174454,1.0295698642730713,0.2413793103448276,35.49653743875438,0.8614888934088898
02053200,3.783991187810898,0.6288869082927704,0.6582797467708588,1.1139297485351562,0.03173138573765755,2.2481508553028107,-44.054918612823904,68.88811684042707,0.8010036734873662,1.0705629587173462,0.8260869565217391,20.916750120080035,0.8528931707183758
02053800,-8.341387659311295,0.5051930546760559,0.7030142843723297,0.9442324638366699,0.13547448813915253,-5.562339350581169,-12.185835382627808,12.281546946985793,0.7197785963428056,1.232654094696045,0.26666666666666666,40.226497650146484,0.8541024702092469
02055100,-16.598467528820038,0.5548532009124756,0.6415719389915466,0.7822268009185791,-0.04258756712079048,-14.63627964258194,-10.224508127046935,24.19841013601433,0.6956203054014505,0.9214975237846375,0.20833333333333334,42.188771565755204,0.8023660113396319
02056900,-15.188100934028625,0.5983499586582184,0.7567894458770752,0.8208947777748108,0.02841651439666748,-13.27444463968277,-26.78371437810322,58.5024396317225,0.7751655732258347,1.045392632484436,0.3225806451612903,40.75649015365108,0.8718932173900773
02059500,-13.712286949157715,0.5043990015983582,0.712186336517334,0.8647873401641846,0.08546791225671768,-8.457668870687485,-24.312745612381605,43.80777056120814,0.7317849592874776,1.1751292943954468,0.3103448275862069,41.57790479988888,0.8483867587276854
02064000,-3.425520658493042,0.5814531445503235,0.591812789440155,0.807094395160675,0.011206000111997128,-1.9400117918848991,0.851913978824842,64.24464443794425,0.6985922783601624,1.0291897058486938,0.25,42.22825595310756,0.770256657641274
02065500,2.393629215657711,0.47446751594543457,0.7084294557571411,1.0277199745178223,0.006240412592887878,8.056027442216873,19.525459376002694,85.9848177243583,0.855325814958283,1.012296199798584,0.41379310344827586,47.196700655180834,0.8585396652742205
02069700,15.229174494743347,0.48754608631134033,0.7151309847831726,1.172640323638916,0.14315705001354218,14.91474062204361,-1.4499924014600079,37.45442277506457,0.7453561274430195,1.158225178718567,0.10526315789473684,39.7234138689543,0.8999819351109829
02070000,-0.6102591753005981,0.5330927073955536,0.7087974548339844,1.0152944326400757,0.03505032882094383,-1.2858767062425613,-10.103870038491838,62.59536636542962,0.8482974897106603,1.049193024635315,0.06060606060606061,44.25887194546787,0.8573123050661526
02074500,-17.25366860628128,0.5025614202022552,0.6679331362247467,0.8337492346763611,0.012251444160938263,-15.72885662317276,23.41058187257279,49.31075341056294,0.7516752667649231,1.0269924402236938,0.09090909090909091,40.75540484804095,0.8175246199172427
02077200,-7.2264596819877625,0.5498663187026978,0.5624085366725922,1.0379016399383545,0.03671873360872269,-4.812169075012207,-28.90091604266815,-11.996798178810621,0.75658752487937,1.118058443069458,0.10714285714285714,51.244425773620605,0.7905356766550681
02081500,-3.9564918726682663,0.6158236265182495,0.7986106723546982,0.9802259206771851,0.0674254298210144,-3.5262122750282288,-28.98975475468035,-11.622201852023954,0.7700969813060813,1.2059680223464966,0.06666666666666667,29.077469507853188,0.8997924276205413
02082950,-4.602189734578133,0.5585508644580841,0.5659765899181366,0.9292173385620117,0.04130220413208008,-2.248363010585308,-16.80165509179649,44.5739636657896,0.7345027163754898,1.1123006343841553,0.3076923076923077,36.58398848313551,0.7700713372181166
02092500,-13.159175217151642,0.6073568761348724,0.8149913996458054,0.871433675289154,-0.0030835983343422413,-12.360917776823044,-26.75093569155792,69.24153733981444,0.8389936283074442,0.9929200410842896,0.32,33.705101013183594,0.9033375664609119
02096846,-9.540417045354843,0.3639063835144043,0.422693133354187,0.981999397277832,0.08460132032632828,-8.529584109783173,-52.48307720449022,74.77811099403296,0.5792768992841251,1.3041470050811768,0.6071428571428571,54.46815831320626,0.7098646779901323
02102908,27.30555832386017,0.3721134066581726,0.4099510908126831,1.2567492723464966,0.1882488876581192,19.383789598941803,-31.473984707187157,44.89351720188797,0.6340811521201307,1.1737086772918701,0.1891891891891892,40.29973519814981,0.8055733819231935
02108000,-10.417620092630386,0.6184130609035492,0.7487114369869232,0.9263402223587036,-0.05861737206578255,-12.776878476142883,-2.5173852918886963,49.09227779670818,0.8190136446493647,0.8989650011062622,0.9583333333333334,24.26273226737976,0.8691480723126953
02111180,-0.9276472963392735,0.5219066143035889,0.7005511224269867,1.0059993267059326,0.08096231520175934,0.23974389769136906,7.4051030794396535,-3.242910814017349,0.8160028946834145,1.1123942136764526,0.28125,35.152143239974976,0.8544442252055588
02111500,-20.349116623401642,0.5527227520942688,0.6959597766399384,0.76595538854599,0.05230613052845001,-16.8258398771286,-15.613053463357037,52.44589365563549,0.709388070823685,1.0614863634109497,0.2857142857142857,33.837650844029014,0.8390719404720929
02112120,-8.488809317350388,0.43114644289016724,0.7044752836227417,0.929287850856781,0.16842734813690186,-4.45447713136673,-17.954959039029728,55.54768334658425,0.752667842018644,1.1904656887054443,0.2571428571428571,30.16748973301479,0.8589474928928154
02112360,-6.326527893543243,0.5292730331420898,0.7205003798007965,0.9629353284835815,0.06280231475830078,-1.7305783927440643,-0.32799577834475996,47.15866919322008,0.8414996255592138,1.05899178981781,0.21052631578947367,32.67891712677785,0.8576323507346533
02118500,11.487407237291336,0.5076042711734772,0.7659372240304947,1.088353157043457,0.09735877066850662,14.935040473937988,2.431979688829211,58.86937048461751,0.7951907970070021,1.1556354761123657,0.16129032258064516,38.48707137569304,0.9004102020970096
02125000,-25.362789630889893,0.5972221791744232,0.6915745735168457,0.753296434879303,-0.004679884295910597,-21.1736261844635,-16.536018157860102,-13.97075503889348,0.7030564272645006,0.9822046756744385,0.2903225806451613,49.43190851519185,0.8356949094586265
02128000,-16.81959331035614,0.5468624532222748,0.5817375481128693,0.7863947153091431,0.012722069397568703,-13.859815895557404,-9.910395549374204,71.2044457844179,0.6785219026155176,1.040442705154419,0.23333333333333334,50.651938120524086,0.7631765698882869
02137727,0.6840367801487446,0.472684383392334,0.8577791601419449,1.0661821365356445,0.1474367380142212,3.7993907928466797,-12.066119058698145,53.80025132286057,0.7552877470765982,1.2292147874832153,0.2647058823529412,25.94756799585679,0.9455519262650304
02140991,1.7012448981404305,0.5438072085380554,0.8076996356248856,1.0374194383621216,0.06627029925584793,5.096070840954781,-6.415224835116179,53.89850950520197,0.865444651800298,1.0928688049316406,0.2777777777777778,33.3068397310045,0.9101094419175444
02143000,-7.7301256358623505,0.5974388718605042,0.7863707691431046,0.9294328093528748,0.02214937098324299,-1.9118700176477432,2.366678843964617,24.16577790767483,0.8630198378514491,1.0352694988250732,0.2,39.092647552490234,0.8880183100723884
02143040,-16.59797430038452,0.5654246807098389,0.8142376393079758,0.8640029430389404,0.041972290724515915,-14.723140001296997,-20.522870303257825,38.62787811377275,0.819078016384265,1.0711623430252075,0.16666666666666666,36.15731239318848,0.9042216851863362
02149000,-5.210490897297859,0.4681306481361389,0.5774584114551544,1.183886170387268,0.1395426094532013,-7.369473576545715,-16.81422448105082,54.806958534925464,0.7022667696318815,1.174672245979309,0.11428571428571428,34.28615025111607,0.8440494973067304
02152100,-8.638781309127808,0.5456683039665222,0.750996544957161,0.9865961074829102,0.02714504301548004,-7.067868858575821,-5.9133047919053165,41.9748779626287,0.8646261202537344,1.0483602285385132,0.17857142857142858,47.451107842581614,0.8742712790224547
02177000,0.8471567183732986,0.635685533285141,0.8642900139093399,0.9929201006889343,0.10110697150230408,1.2090661562979221,-6.6877437832141435,26.707418778480918,0.8826062217452612,1.0986977815628052,0.14705882352941177,26.907466439639823,0.9368341697335596
02178400,-3.4046977758407593,0.6929552853107452,0.8225963711738586,1.0069117546081543,0.019463317468762398,-4.519655182957649,-5.398106775360772,15.217769773558363,0.9100523113452162,1.017880916595459,0.29411764705882354,32.7145772821763,0.9121189032596838
02193340,-24.38836246728897,0.42594319581985474,0.5504118204116821,0.7892428636550903,0.046287477016448975,-23.487618565559387,-20.545894983804068,83.43349450025794,0.6349430771670825,1.1538084745407104,0.36,50.52291488647461,0.7446748356558026
02196000,14.674948155879974,0.49594587087631226,0.7015064060688019,1.1784588098526,0.14154286682605743,19.924405217170715,-9.258498799635083,-134.08168480789985,0.4870117995536075,1.4694265127182007,0.19230769230769232,37.76519848750188,0.8953668497059815
02198100,-20.18059492111206,0.4841209053993225,0.5552958548069,0.7665252089500427,0.045966774225234985,-11.27733662724495,27.343570181132314,-84.53272953521498,0.6201606868573148,1.1602689027786255,0.3333333333333333,50.41257313319615,0.7468571459530782
02202600,7.055608183145523,0.5656760036945343,0.6707140207290649,1.0610946416854858,0.11131034046411514,9.625444561243057,-46.502982650068816,74.85168396718784,0.6607991935551982,1.299247145652771,1.0,42.27408832973904,0.8524338193595997
02212600,3.471653535962105,0.5766790509223938,0.7574466466903687,1.0033766031265259,0.06483446061611176,-0.36156417336314917,-26.52443222359155,79.31663572244089,0.7698615803416091,1.1970949172973633,0.16666666666666666,45.89896599451701,0.881231804216225
02215100,-10.07031798362732,0.6507397890090942,0.8110078722238541,0.8886672854423523,0.028973868116736412,-7.021699845790863,-14.594463199267544,61.370271245060614,0.8359147639058334,1.0689208507537842,0.4,33.555511474609375,0.9011116401962378
02216180,-10.074375569820404,0.5176602303981781,0.796347513794899,0.9033325910568237,0.13327251374721527,-5.615799501538277,-87.04933604856365,72.73101362649375,0.5851015483503912,1.391467809677124,0.34782608695652173,32.193795494411305,0.9022805484253491
02221525,15.559369325637817,0.5976981520652771,0.807628259062767,1.1082392930984497,0.07310470193624496,11.261940002441406,11.033490975221758,62.5159923566881,0.7985308786473057,1.1503931283950806,0.8,34.8820915222168,0.9209053148453362
02231000,-14.684830605983734,0.5759089291095734,0.8553065359592438,0.8825574517250061,0.08701439201831818,-12.782235443592072,-20.247137674614436,-34.54102586709949,0.737675709896751,1.2239183187484741,0.631578947368421,26.189088821411133,0.9301296374583187
02231342,19.55816000699997,0.4374399185180664,0.34008729457855225,1.302115559577942,0.09204208105802536,6.578126549720764,-20.52835524043446,78.00933817581969,0.5710152798312107,1.2156074047088623,0.5909090909090909,52.44104645468972,0.7849011254471321
02235200,14.55509215593338,0.545760303735733,0.5944160223007202,1.0618813037872314,-0.06052432209253311,4.367256537079811,-13.444927690625338,-88.0558249168591,0.7835969610155319,0.91131591796875,1.4444444444444444,36.46356264750163,0.812553706044691
02245500,-8.79177525639534,0.5304257571697235,0.6306820213794708,0.9315158724784851,-0.006626906804740429,-11.107531934976578,-12.251418348885355,10.37170135156991,0.7920491812479751,0.9839577078819275,0.5925925925925926,46.62431787561487,0.8043060753092911
02246000,-5.143886059522629,0.5375222861766815,0.784675657749176,1.0032461881637573,0.05287759006023407,-1.9640114158391953,9.705436121302881,41.34728749620636,0.8220088601942017,1.1430115699768066,0.43478260869565216,46.58075415569803,0.8940849445803778
02296500,-14.772200584411621,0.6615568101406097,0.7891670316457748,0.8577845096588135,-0.03168157860636711,-13.796305656433105,-11.109740650824229,-87.45825975674333,0.8072104143736961,0.9312395453453064,1.0,47.20268249511719,0.889480415723467
02297155,19.552436470985413,0.40003907680511475,0.5011075735092163,1.2371177673339844,0.11518452316522598,23.725523054599762,-19.232016979593737,72.50421205284012,0.5710967129550102,1.3124325275421143,0.47619047619047616,61.03832154046922,0.8264514195212492
02297310,-28.75766158103943,0.5518790483474731,0.6934278905391693,0.8093785643577576,0.03248746320605278,-23.51122796535492,-19.318229137555747,75.16264052286864,0.7343356627567064,1.0811742544174194,1.1428571428571428,47.26437614077613,0.8337118501624816
02298123,26.545974612236023,0.5649690926074982,0.5460662841796875,1.0468577146530151,0.018878528848290443,11.138615757226944,12.185959951415297,71.3554870315063,0.7770415532515834,1.0321911573410034,0.9523809523809523,67.58110863821847,0.7844111483795837
02298608,-24.239161610603333,0.5190058946609497,0.6717110276222229,0.849984884262085,0.0161625724285841,-16.72433465719223,1.5017094899154046,75.78527086997886,0.762544085692242,1.0397557020187378,0.8888888888888888,48.006262602629484,0.8202772678627698
02299950,-25.681856274604797,0.4805259704589844,0.63542240858078,0.7884981632232666,0.029928825795650482,-19.471998512744904,28.415512117881047,9.927823103730555,0.695121661702592,1.085512399673462,0.4074074074074074,56.555779774983726,0.7977491564785381
02300700,-29.729750752449036,0.38823336362838745,0.6263845860958099,0.7446016073226929,0.04744016006588936,-23.745013773441315,-3.613420969433213,88.0170560413689,0.640785682478946,1.1467899084091187,0.8148148148148148,47.538110944959854,0.7944293072463703
02310947,19.86573189496994,0.5048257410526276,0.5710098147392273,1.1359158754348755,0.1379387527704239,9.649479389190674,-63.93980521085702,55.73918982286307,0.6019830857575026,1.3320375680923462,1.5294117647058822,32.61155801660875,0.8276764896968162
02312200,-4.1787587106227875,0.6283586919307709,0.7523452192544937,0.9445270299911499,0.010962195694446564,-7.180988788604736,-32.09725730839276,-22.438269556916605,0.8571694675232061,1.0240222215652466,1.0,47.6600067956107,0.8705927224725291
02314500,7.117298245429993,0.6301237344741821,0.7851406782865524,1.066112756729126,0.03832627087831497,9.421487152576447,-24.414721626302256,66.88117651378995,0.8632052146607029,1.0687915086746216,2.0,39.09154534339905,0.9019712030678267
02315500,29.835766553878784,0.6152139902114868,0.7566367983818054,1.2011176347732544,0.11924860626459122,26.654574275016785,-23.971883284234746,58.399038326366394,0.689554862016301,1.223064661026001,1.5,42.53106713294983,0.9214504125899757
02324400,-10.170737653970718,0.5366622507572174,0.6664585173130035,0.911793053150177,0.03137112036347389,-13.392609357833862,-43.25438961219496,-384.1005069511731,0.790012702502111,1.06778883934021,0.85,74.49364185333252,0.8219020693584379
02327100,-1.6370952129364014,0.4680761694908142,0.5325057506561279,0.9754892587661743,0.08587028831243515,-1.1294224299490452,-28.58979093176574,-303.2548292409845,0.6961904227491211,1.1903252601623535,0.64,39.88391876220703,0.7644670338622243
02342933,-19.754883646965027,0.5537371337413788,0.721934974193573,0.8100809454917908,0.028040381148457527,-20.143204927444458,-32.47346984581035,56.73710422170964,0.7420310278819466,1.0911785364151,0.3,42.426490783691406,0.8511201228924704
02349900,9.380202740430832,0.595127135515213,0.7227832973003387,1.0964032411575317,0.0594106987118721,10.498752444982529,-12.170057462729758,-4.353403431391508,0.7872756794041165,1.1463563442230225,0.32142857142857145,51.71358585357666,0.8794269011222853
02350900,11.71303316950798,0.6647932231426239,0.8640625774860382,1.105650544166565,0.06399422883987427,12.733949720859528,-1.7517529334425856,8.927968384759948,0.8541454838116975,1.0844579935073853,1.0384615384615385,31.159265224750225,0.9454257410262039
02361000,-7.851303368806839,0.625394344329834,0.8609438538551331,0.8875526785850525,0.059581708163022995,-8.589912950992584,-16.737001454232946,17.340296815219116,0.8389039455551999,1.092287540435791,0.7419354838709677,28.356195265246974,0.9307862113116344
02363000,-17.574377357959747,0.627799391746521,0.8383993953466415,0.8039602637290955,0.04804772138595581,-15.421466529369354,-37.4697929756069,59.21757101310606,0.7739451637045314,1.0837814807891846,0.8333333333333334,34.425338109334305,0.9248343543087879
02369800,13.31300139427185,0.5473872721195221,0.8202580958604813,1.1659399271011353,-0.004776164889335632,12.162524461746216,-10.630507331522967,14.016427781268279,0.8214022834416064,0.9899023175239563,0.3448275862068966,49.98539891736261,0.9347380527247675
02371500,2.2633712738752365,0.6479440033435822,0.8436800837516785,0.9753623604774475,0.06045672297477722,-1.5588882379233837,-18.581095906214383,29.674814902478957,0.8738514706164309,1.0960745811462402,1.3461538461538463,32.46338917658879,0.9220505738188634
02372250,-17.62373447418213,0.6401146352291107,0.7935139834880829,0.838216245174408,0.016757119446992874,-14.015083014965057,-10.879926993859392,27.629530841936305,0.8035464367888339,1.029791235923767,1.0689655172413792,43.49076172401165,0.8926105152492534
02374500,-0.08927334565669298,0.5461707413196564,0.641387939453125,1.0449762344360352,0.05887218192219734,-5.362802743911743,-17.94923372403995,24.70049333044173,0.8091492331769945,1.076504111289978,0.5666666666666667,39.22229448954264,0.8310376536366322
02381600,-29.038989543914795,0.38675957918167114,0.4556880593299866,0.7923338413238525,0.0899529829621315,-24.95124787092209,-0.14574724262772865,64.11759385402885,0.5955142977693809,1.1538147926330566,0.375,52.626603841781616,0.6888337109888991
02384540,8.275942504405975,0.3378449082374573,0.5249462127685547,1.1160346269607544,0.18392296135425568,8.002544194459915,-10.980320623136002,62.03939961923145,0.5997182630908477,1.3317139148712158,0.28125,43.78945231437683,0.8083562864847946
02395120,-26.478782296180725,0.591802328824997,0.7055640816688538,0.7747055888175964,-0.02567843347787857,-21.1292564868927,34.139259741111275,-2.925780307187426,0.7203026489565225,0.9464055895805359,0.38461538461538464,48.93305118267352,0.8431539747315783
02408540,5.74985109269619,0.6806753277778625,0.8544059246778488,1.0456719398498535,0.061702970415353775,7.648059725761414,-15.335824109543813,55.3480811817632,0.8595187794913335,1.1148340702056885,0.2222222222222222,27.622867513585973,0.9332004225615839
02415000,0.5622477270662785,0.6470941603183746,0.8549719601869583,1.0016748905181885,0.07274141907691956,1.6429105773568153,-24.48722076048411,61.90637077540237,0.8454814625596112,1.1378698348999023,0.21428571428571427,35.38775444030762,0.9302498617983979
02422500,11.625296622514725,0.566502034664154,0.7705936580896378,1.1291435956954956,0.1450560986995697,13.12217116355896,-6.290125671284959,-101.22508551378463,0.7191023703649297,1.2345645427703857,0.23076923076923078,33.644852271446815,0.9151184042306026
02427250,-18.357369303703308,0.6094700992107391,0.8276719450950623,0.8257973790168762,0.03864782676100731,-19.31961476802826,18.598700060658054,-517.8938747801425,0.7795369352517325,1.1049851179122925,0.41379310344827586,39.74677447614999,0.9149380532920218
02430085,-4.216048493981361,0.5399357974529266,0.5116311311721802,0.9125430583953857,-0.02833028882741928,-12.56016492843628,-24.62725826057722,-36.526535601495134,0.7186009947207489,0.9511046409606934,0.45714285714285713,63.78786359514509,0.7370438679137975
02430615,9.201361984014511,0.4170430302619934,0.3537117838859558,1.063881754875183,0.0016370929079130292,6.142457202076912,3.0214656922858762,17.004333064969792,0.691481435172882,1.0025792121887207,0.45714285714285713,78.58802250453404,0.6981785728256902
02450250,4.739206284284592,0.6504901051521301,0.7960788607597351,1.0320501327514648,0.03806108981370926,2.370090037584305,-18.403389876870907,28.049556945793245,0.8619394894366079,1.092242956161499,0.06896551724137931,27.852005794130523,0.9024052736761574
02464000,-10.841131210327148,0.6602123379707336,0.8326584845781326,0.925544261932373,0.046516478061676025,-10.414156317710876,-5.664967004088471,-187.8904322854974,0.8447895103428718,1.1054023504257202,0.16666666666666666,33.75729560852051,0.9137620518962555
02464146,-5.406230688095093,0.5116007924079895,0.5466216206550598,0.9405630230903625,-0.0010308234486728907,-6.243005022406578,-5.148109139663153,-586.230061334555,0.7535815495582764,0.9981630444526672,0.59375,56.06837272644043,0.7608642141203861
02464360,-7.105083763599396,0.6003265678882599,0.7617014944553375,0.8944882750511169,-0.03152446821331978,-9.183672070503235,-1.51617725680991,-28.839316274241757,0.8264189682683922,0.9450975656509399,0.15625,34.46075618267059,0.8735746339618989
02465493,-15.509523451328278,0.5606269836425781,0.6227847039699554,0.8439412713050842,-0.030703268945217133,-9.771157801151276,14.28346873453899,-18.923866359623574,0.7359353382523073,0.9563553333282471,0.18181818181818182,36.98865717107599,0.791503089104031
02469800,-14.952374994754791,0.6431942582130432,0.837558925151825,0.8311700820922852,0.023503508418798447,-18.246576189994812,-15.213604714277395,-13.590044774363532,0.8054113232384302,1.0540634393692017,0.4074074074074074,34.791889897099246,0.9197606301952365
02472000,-8.361083269119263,0.6687577366828918,0.8701072931289673,0.9162063598632812,0.06747706234455109,-7.155627012252808,-9.29083832786585,-12.808272169455256,0.8262628334352304,1.137818694114685,0.8214285714285714,26.83560677937099,0.9354303750118105
02472500,-17.0964315533638,0.589090883731842,0.8282231688499451,0.8648321032524109,0.05284307897090912,-15.50031453371048,22.547012065482903,-68.86520056573984,0.8114618046991574,1.0984063148498535,0.39285714285714285,33.979810987200054,0.9128651162059462
02479155,23.210035264492035,0.560967355966568,0.6194992959499359,1.2583236694335938,0.06546903401613235,20.440222322940826,-22.430073270335914,17.19745275573716,0.6698218525275897,1.1648143529891968,0.12903225806451613,38.23816853184854,0.8770255314000971
02479300,7.379879802465439,0.6528275012969971,0.8220954388380051,1.062753677368164,0.0462043471634388,5.465894564986229,0.6887997487727616,0.4264078045359815,0.8718881451957531,1.0770654678344727,0.5333333333333333,24.734196662902832,0.919157331899481
02479560,16.792088747024536,0.6403736770153046,0.8085059225559235,1.0886398553848267,0.07466021925210953,9.92613136768341,-12.513828294258525,0.7119444780381657,0.8303487229927298,1.119315505027771,1.064516129032258,30.47411826349074,0.9182177153197436
02481000,11.91459447145462,0.5568363666534424,0.6345039904117584,1.127409815788269,0.06263881921768188,6.817001104354858,-32.21410199230553,51.97800373534125,0.745262098622142,1.1587494611740112,0.21212121212121213,36.78784225926255,0.8468440474021471
02481510,6.423908472061157,0.5336120128631592,0.7077716588973999,1.1186845302581787,0.12617599964141846,3.119256906211376,-30.99044294377778,29.577057268227634,0.6893191980002311,1.2621077299118042,0.45161290322580644,41.35352411577779,0.8827989721500032
03010655,-0.8414558134973049,0.5988334119319916,0.7718700170516968,1.0311774015426636,0.07981956005096436,-0.8527178317308426,-12.187784927058448,-0.1861693456165191,0.8386282843685622,1.1166528463363647,0.2857142857142857,26.35295731680734,0.8929443430709726
03011800,4.530875012278557,0.6068107783794403,0.7837874293327332,1.0418683290481567,0.014367694035172462,6.519065052270889,-2.216524238545439,13.110394090205194,0.8876638463386649,1.0171513557434082,0.34210526315789475,34.97186209026136,0.8971783804917398
03015500,-9.52407494187355,0.6466310620307922,0.8223283737897873,0.9041907787322998,-0.020378582179546356,-7.87220299243927,-3.4454642045830446,-31.733426849458517,0.8635704467155161,0.9718014001846313,0.2571428571428571,32.23523548671177,0.9070567103125061
03021350,-25.393426418304443,0.5986837446689606,0.6995474398136139,0.7374657988548279,-0.07128362357616425,-26.631587743759155,-11.268366740924558,17.399774564251867,0.6722195403717621,0.877753496170044,0.1388888888888889,43.46959590911865,0.8464694973481892
03026500,-1.4695648103952408,0.5849859714508057,0.7394002377986908,1.018789291381836,0.07656382024288177,1.7212985083460808,-4.25610748713973,33.87757324532861,0.8374392811273326,1.1024025678634644,0.5714285714285714,35.42370115007673,0.8751534383944217
03028000,-11.259341984987259,0.6551087498664856,0.8197001516819,0.9287665486335754,-0.02165827341377735,-7.246639579534531,3.2143836025679313,-18.68927993686283,0.878521394141313,0.9711587429046631,0.3142857142857143,35.386853899274556,0.9059200925969944
03049000,8.746794611215591,0.5879375636577606,0.6879108846187592,1.0821820497512817,0.07981083542108536,7.473211735486984,-12.762196002944107,0.9645636116721045,0.7941792789154131,1.1285618543624878,0.06060606060606061,39.562225341796875,0.861869157935906
03049800,-32.43984580039978,0.4772875905036926,0.3764813542366028,0.6573126912117004,-0.011847860179841518,-31.933900713920593,-22.336313970672215,81.0868846282587,0.4838519575755309,0.9706950187683105,0.5757575757575758,65.33476885627297,0.6151423273870527
03050000,-10.09240597486496,0.6462283730506897,0.8078853040933609,0.9304444789886475,0.06208421662449837,-7.085698843002319,-13.764325989486704,71.19522406839891,0.8389405019388124,1.1067086458206177,0.2727272727272727,26.21911944765033,0.9014329856407786
03066000,14.102062582969666,0.6263677775859833,0.7613251507282257,1.0778816938400269,0.04963283985853195,10.728927701711655,-4.141149470380102,42.735985496370645,0.8528961095861424,1.064626932144165,0.1891891891891892,23.94795804410367,0.8932415999504767
03069500,-3.887193650007248,0.7060060501098633,0.8554030209779739,0.9520959854125977,0.014135494828224182,-3.2365377992391586,-7.305127619296037,37.874629644749795,0.9091623837709327,1.0196882486343384,0.16216216216216217,25.374497594060124,0.9253739269805672
03070500,-3.9078421890735626,0.6903847754001617,0.8108758181333542,0.9372743368148804,-0.003147334326058626,-7.28876069188118,-12.640256859452531,35.572318344619816,0.8828884847040566,0.995324432849884,0.34375,34.416359663009644,0.9012136787570076
03076600,14.99045342206955,0.5357142686843872,0.6258499324321747,1.1381776332855225,0.14764165878295898,14.302465319633484,-6.212139841738674,-7.967817457366043,0.7009087537745522,1.2212001085281372,0.1724137931034483,33.120947870714915,0.8535997704392393
03078000,5.599411949515343,0.632786214351654,0.7696729898452759,0.9881961345672607,0.03906289488077164,3.1516321003437042,-15.517666685643935,32.94336344815102,0.870124591359124,1.0578151941299438,0.22580645161290322,25.80236158063335,0.8843034405948162
03140000,6.102500110864639,0.5774949789047241,0.7274724245071411,1.0350961685180664,0.07309433817863464,7.41642639040947,-17.041470579473177,-15.26049267022566,0.8045272127351433,1.1430870294570923,0.2727272727272727,55.004258589311085,0.8715322160322339
03144000,-23.62496256828308,0.6793364882469177,0.7871995568275452,0.7731760740280151,-0.01342997420579195,-19.351300597190857,-0.7102200154882405,-425.4197241066185,0.7484518832621101,0.9689486622810364,0.25,31.801462173461914,0.8957734387648834
03159540,6.34915754199028,0.5923040807247162,0.6621559262275696,1.0766295194625854,0.07357260584831238,1.7550447955727577,-19.23025585351894,0.06295556462053428,0.750570523256267,1.1826001405715942,0.21428571428571427,31.958099773951936,0.8483419330242546
03161000,4.206596687436104,0.6839338541030884,0.8658948093652725,1.0699834823608398,0.062070585787296295,4.44820299744606,-8.122648851505287,-6.00748751554583,0.8910095037655945,1.0595808029174805,0.2222222222222222,27.671914630466038,0.9414221168888776
03164000,3.8569778203964233,0.5926685035228729,0.8443719893693924,1.036719560623169,0.15827630460262299,5.5513132363557816,-19.586946310497957,-3.8571569995547312,0.8302728561134538,1.1535398960113525,0.2571428571428571,19.019248144967214,0.9376744228077363
03165000,6.412100791931152,0.3701856732368469,0.6213310956954956,1.1036556959152222,0.128043532371521,9.079138189554214,4.695436689840535,24.67218458473522,0.7499716463124568,1.1625021696090698,0.21621621621621623,44.965816188502956,0.8407432286388449
03170000,8.923335373401642,0.5866662859916687,0.7736260443925858,1.0818212032318115,0.10852501541376114,7.861808687448502,-17.271881674057244,41.59858754976362,0.82626318974917,1.1194015741348267,0.20588235294117646,26.314485774320715,0.9039113220407472
03173000,3.280649334192276,0.6490997076034546,0.8180508613586426,1.0578374862670898,0.09240608662366867,5.834772437810898,-7.294102619743795,-85.77202270134343,0.8158112375074857,1.1553024053573608,0.18518518518518517,29.296410525286635,0.9196166167603901
03180500,3.6331340670585632,0.6667425036430359,0.8198166489601135,0.9802727699279785,0.030650874599814415,1.007937453687191,-10.341788714838032,41.60981118694205,0.8951635908013096,1.0477403402328491,0.13333333333333333,20.746560096740723,0.9087729809660943
03182500,-16.01361185312271,0.6914515793323517,0.8513341099023819,0.8710769414901733,0.022600088268518448,-16.128839552402496,-15.344885087688919,16.075221023062344,0.8456482711050484,1.038767695426941,0.1724137931034483,30.39806629049367,0.924499225244926
03186500,-0.6345825735479593,0.6267369091510773,0.752461388707161,1.0076488256454468,0.06296920031309128,1.1665522120893002,-11.567744944015415,41.69463874222957,0.8476177687977153,1.0925265550613403,0.29411764705882354,39.326033872716565,0.879166741081303
03187500,-7.401913404464722,0.6523764431476593,0.7844138592481613,0.9347405433654785,0.0076018148101866245,-6.440078467130661,-8.383331530220978,50.07490908278541,0.8690745693933346,1.010558009147644,0.25,29.431859652201336,0.8869902652770744
03213700,-2.7224497869610786,0.6506700813770294,0.8364182710647583,1.0061149597167969,0.0809231549501419,0.950104370713234,11.498218529129712,4.648097789911692,0.8558947842795599,1.1210027933120728,0.27586206896551724,28.068308994687836,0.9219792048478592
03237280,-8.619646728038788,0.4803158640861511,0.2953059673309326,0.9597471356391907,0.013164536096155643,-10.11342853307724,-40.36321091641931,-17.379517536300142,0.6299646318368431,1.034791111946106,0.3870967741935484,53.92782765050088,0.6338095316205693
03237500,-0.4395903553813696,0.6237667500972748,0.7711590528488159,0.9934262633323669,0.03886938467621803,-0.7334274239838123,-16.02388603626017,61.328493287672195,0.8399716506579287,1.111711859703064,0.2413793103448276,39.26160417754075,0.8856045499984567
03238500,1.9383585080504417,0.626803070306778,0.7375219762325287,0.9806433916091919,0.0032835914753377438,-6.837676465511322,13.425067149032548,0.4546137369007515,0.8646072014904974,1.0099380016326904,0.24242424242424243,39.90792361172763,0.8663670410288379
03241500,3.465503081679344,0.6409818530082703,0.7963958829641342,1.018599271774292,0.002658786717802286,1.6489064320921898,-10.339191639838255,32.320105976845284,0.8983923385874615,1.0049142837524414,0.3103448275862069,34.49418955835803,0.900230095908678
03280700,-13.1277397274971,0.4665946960449219,0.641290158033371,0.9046370983123779,0.10327021777629852,-8.077500015497208,-21.19264891751306,44.85919369128954,0.6699667405958738,1.2544233798980713,0.2857142857142857,39.02229240962437,0.8126590993512899
03281100,-8.21651816368103,0.6767263114452362,0.8414265066385269,0.9129395484924316,-0.0004334172117523849,-5.892197415232658,-11.325359731104855,-166.85323587639263,0.8799197479235824,0.9989822506904602,0.16666666666666666,24.08984767066108,0.9173035133250677
03281500,-10.257167369127274,0.7175898849964142,0.883453831076622,0.9145572185516357,0.01031729020178318,-10.794578492641449,-7.708639411139534,77.38029598085838,0.8936865788142268,1.021019697189331,0.5483870967741935,21.81764264260569,0.9403321950071941
03285000,-11.544642597436905,0.6561676561832428,0.7892244458198547,0.9079338908195496,0.002490722108632326,-14.21373337507248,-24.892403685526048,58.65358324001262,0.855322233452201,1.0066969394683838,0.1935483870967742,29.48656389790197,0.8885969539223025
03291780,-1.4536675997078419,0.5754915475845337,0.6382971107959747,0.9807908535003662,-0.0010912298457697034,-5.263027548789978,-26.372833539570458,-17.680028601836828,0.814771471794964,0.9969649314880371,0.1935483870967742,45.33701865903793,0.8157952098590074
03300400,-6.978774815797806,0.6860887110233307,0.8380364775657654,0.9471049308776855,-0.00840828102082014,-12.361782044172287,-20.904213539775217,-11.057120280632372,0.898432921141227,0.9784676432609558,0.09375,27.320006489753723,0.9160098768680964
03338780,-13.006891310214996,0.650193065404892,0.7920973896980286,0.8852010369300842,-0.05864129588007927,-14.184112846851349,-8.695292756267934,-314.5259953981205,0.7994827758518125,0.8760871291160583,0.4482758620689655,36.28452892961173,0.8919539186852842
03340800,-6.031690910458565,0.673183798789978,0.7893018424510956,0.9612322449684143,-0.024336373433470726,-4.642727226018906,-5.800394362478508,-269.6303814883551,0.8704153153935078,0.9407104849815369,0.13793103448275862,38.08740089679586,0.8914919124523409
03346000,-6.157170236110687,0.6592112183570862,0.8413060456514359,0.907781183719635,0.002815362298861146,-10.621613264083862,-25.515186337987767,57.21662983940901,0.8758133369637342,1.008692741394043,0.3333333333333333,32.36078686184353,0.9172808761713012
03357350,-7.541412860155106,0.5299833118915558,0.6248147785663605,0.8950510025024414,-0.00917364563792944,-5.290361866354942,-22.09879557884277,-22.902047341329805,0.769435675955048,0.9720965623855591,0.34375,55.14686107635498,0.7966111762759318
03364500,-7.928904891014099,0.6147816777229309,0.7009570002555847,0.930901288986206,0.020978448912501335,-4.187814891338348,-22.662065473559867,57.81024393330636,0.8192648919529042,1.0546226501464844,0.3,41.46430015563965,0.8421807568513827
03366500,-0.5698589142411947,0.6642628014087677,0.8493964374065399,1.0202631950378418,0.04128298535943031,-0.08595462422817945,-6.567455570040057,-101.05290553508578,0.8616207813592224,1.1159429550170898,0.12903225806451613,32.2169303894043,0.9272302105239022
03368000,-9.711700677871704,0.48066282272338867,0.5936615765094757,0.9309262037277222,0.04717570170760155,-9.447287768125534,-31.645077220778838,-25.570190283714005,0.7212679264065838,1.1640610694885254,0.6129032258064516,48.643669005363215,0.7855137650185853
03384450,0.7272448856383562,0.5571366250514984,0.6756373941898346,0.9746049046516418,0.03009982593357563,-1.1347956024110317,-33.773925258031106,-19.729107492255245,0.8050553852220239,1.0996558666229248,0.25,51.70702934265137,0.8343884055664728
03439000,-6.793643534183502,0.6084288060665131,0.8009897321462631,1.0152671337127686,0.05795983970165253,-6.549478322267532,11.447350659188093,25.259164985854337,0.8864226606723891,1.0583494901657104,0.2571428571428571,35.91680254255022,0.9037603842779005
03450000,17.289209365844727,0.5012811422348022,0.7283780574798584,1.1722838878631592,0.11645852029323578,18.23374330997467,-17.371449735176256,43.758641615076655,0.7369312879207465,1.1733068227767944,0.34375,44.14898157119751,0.9025928419632092
03455500,-6.269246339797974,0.49005556106567383,0.6293123364448547,0.9688544273376465,0.05827934294939041,-3.6671727895736694,-1.9765941632868205,25.05022140461921,0.7924810532733972,1.0797163248062134,0.4444444444444444,43.98963186475966,0.8109513974834965
03456500,-25.97452700138092,0.591822475194931,0.7893700003623962,0.7957658767700195,0.040245551615953445,-22.63454496860504,-12.338635668759625,21.987126737387726,0.7621684520379473,1.06166410446167,0.22580645161290322,38.48142316264491,0.8948819409642301
03460000,-0.2483865711838007,0.5582530796527863,0.7754040956497192,0.9754666090011597,-0.05277795344591141,-1.5677642077207565,-2.6884458303311005,29.0067515494692,0.8731851577919028,0.9487776160240173,0.29411764705882354,43.843718136058136,0.8866140030242727
03463300,-10.77435314655304,0.5495871305465698,0.7091726958751678,0.8127296566963196,0.05464082956314087,-7.883039861917496,-15.245410038212038,39.51715360750859,0.7344737260688932,1.1060724258422852,0.30303030303030304,32.16113177212802,0.8444922473231905
03471500,9.91102010011673,0.4539641737937927,0.6076836585998535,1.1695488691329956,0.20008410513401031,14.377403259277344,2.8861659383671476,-50.17961716688083,0.6704749204877869,1.24639093875885,0.20689655172413793,25.146053577291553,0.8616834633863857
03473000,-0.431852787733078,0.556638091802597,0.7711555659770966,1.0256000757217407,0.15191076695919037,1.7018863931298256,-11.353376870173722,-2.384704601414861,0.8004807413632604,1.170743465423584,0.23333333333333334,27.88914362589518,0.9000038015465551
03479000,1.3895531184971333,0.531257152557373,0.7905017286539078,0.9748177528381348,0.09929520636796951,4.2649440467357635,7.433743671413094,33.73265431398282,0.7965808914673428,1.1741446256637573,0.19444444444444445,39.69975047641331,0.8979272930870865
03488000,-4.752928763628006,0.6884732246398926,0.8494107723236084,0.9845561385154724,0.05713982135057449,-0.2871890552341938,1.9312700393322046,-25.660222620449076,0.8795322078805102,1.0932438373565674,0.16666666666666666,24.172798792521156,0.9253035283590093
03498500,-5.089329183101654,0.6917155683040619,0.8416358530521393,0.9531877040863037,0.025722753256559372,0.2567738061770797,-2.142420186817925,30.235311392623448,0.8984498812682536,1.0382972955703735,0.13793103448275862,27.679699864880792,0.9184257839895733
03500000,8.774113655090332,0.6829937994480133,0.842115119099617,1.099576711654663,0.09420842677354813,6.754611432552338,-7.597373611668903,46.78349574651928,0.8549257262497245,1.0844428539276123,0.12121212121212122,21.81490117853338,0.9367510646668746
03500240,-6.196600943803787,0.6456508636474609,0.8537629991769791,0.9146851897239685,0.04978235438466072,-7.252760231494904,-15.583215229542652,49.13088488774491,0.876199583395266,1.0498199462890625,0.25,34.86602571275499,0.925395045400286
03504000,-3.930649533867836,0.6337091624736786,0.8157469183206558,0.9433806538581848,-0.08356238901615143,-6.024353206157684,-3.2259011059978344,21.56296404788611,0.8723806391039357,0.932399570941925,0.32432432432432434,36.90460823677682,0.9077441985067746
03574500,-3.491882234811783,0.6259137094020844,0.7571689486503601,0.9913516640663147,0.06142938882112503,-4.550714045763016,-17.077410029337322,43.187181006591196,0.8178073758267056,1.1363487243652344,0.2857142857142857,31.115497861589702,0.8794662538842223
03592718,-11.11956238746643,0.5412638485431671,0.569555014371872,0.9493820667266846,0.027314966544508934,-12.936651706695557,-23.240843554613406,20.98809695127738,0.7605576207021975,1.0645420551300049,0.23529411764705882,49.4623015908634,0.7750448912459947
03604000,7.9898901283741,0.5395738482475281,0.7617110908031464,1.1174678802490234,-0.02135419100522995,7.320536673069,33.01681674762785,-38.75688285176847,0.8394836920321287,0.9562011361122131,0.3793103448275862,36.808457867852574,0.8997580838392605
04015330,1.2001199647784233,0.6100015938282013,0.7539970725774765,0.971638023853302,0.044189758598804474,-5.9911370277404785,-5.817329306107251,-6.788095556450902,0.8339354813929153,1.1053789854049683,0.6785714285714286,39.80220597365807,0.8748269514461025
04024430,7.487022876739502,0.5971656143665314,0.7982100397348404,1.1238831281661987,0.13331110775470734,7.397201657295227,3.4684836910698817,-668.231791704732,0.7033911441468097,1.2588413953781128,0.5172413793103449,24.631342394598597,0.9249605705978029
04027000,3.385048359632492,0.6462084650993347,0.8595294505357742,1.0689481496810913,0.06540291011333466,6.807248294353485,22.04129955630167,-72.12806146339338,0.8452625185429439,1.1241369247436523,0.7857142857142857,29.84867436545236,0.9385193954290022
04040500,-0.4942351020872593,0.6702855229377747,0.8566375374794006,0.9985500574111938,0.06341665238142014,0.5707717034965754,-12.581403006187575,65.75713100244079,0.8729186209032724,1.106205701828003,0.875,24.145539601643883,0.930229494205383
04043050,-13.63060474395752,0.6312648952007294,0.8026871830224991,0.9129314422607422,-0.008795319125056267,-13.917650282382965,21.42389438772677,36.74053525295975,0.8635845395770743,0.9845396280288696,0.32,34.21297073364258,0.8961288250084817
04045500,26.597344875335693,0.5712993443012238,0.7723508924245834,1.255614995956421,0.21609105169773102,27.643781900405884,-7.420745630610893,4.833503007103861,0.6591646940509477,1.2207036018371582,1.2,21.46678924560547,0.9539608888043203
04056500,38.21346461772919,0.4882073402404785,0.5163279473781586,1.3808505535125732,0.20470470190048218,40.79378843307495,-7.670309227179676,-23.97899947900947,0.5650727561180642,1.1804741621017456,1.173913043478261,33.693473235420555,0.8925586663635625
04057510,31.379231810569763,0.472101628780365,0.5699789226055145,1.295962929725647,0.1994122564792633,33.60583484172821,-4.6684621644159545,18.71469580442219,0.6234059710170239,1.201478362083435,0.8571428571428571,23.835127694266184,0.8832289569027553
04057800,11.466125398874283,0.5512596368789673,0.72416952252388,1.1230388879776,0.13482587039470673,13.98695558309555,-4.729063165294049,-45.87272532193054,0.7261524464142459,1.2195357084274292,0.7391304347826086,27.594139264977496,0.8920278398131962
04059500,17.119531333446503,0.5888964831829071,0.7846448570489883,1.1124001741409302,0.13832327723503113,16.036126017570496,-9.605159902246466,-45.83541333426059,0.7413835764161208,1.2178056240081787,0.782608695652174,23.534063670946203,0.9174811200341834
04063700,10.691308230161667,0.4325546622276306,0.6349422633647919,1.1607872247695923,0.2546021342277527,18.01333725452423,0.5510248363373715,-58.515025072079204,0.6240961679885539,1.318563461303711,0.9583333333333334,30.50991694132487,0.8818116740368103
04074950,16.429485380649567,0.5364575684070587,0.7927414923906326,1.048744559288025,0.158669114112854,15.822190046310425,-15.421372842019704,-6.773287096949146,0.861261014285906,1.097631573677063,1.3703703703703705,22.23626066137243,0.9143229907260294
04105700,3.418131545186043,0.37890487909317017,0.6084290444850922,0.990723729133606,0.2860416769981384,0.5894592497497797,-20.40128527598991,10.039724415088374,0.7971219686739728,1.1290322542190552,0.35135135135135137,20.464837873304212,0.843717807269392
04115265,18.297505378723145,0.3880983591079712,0.5091074109077454,1.1305861473083496,0.20789861679077148,14.835382997989655,-11.181433478677514,31.2718258583038,0.7296678640863767,1.140567660331726,0.25,29.060755835639107,0.8095598395620079
04122200,7.222583889961243,0.49015694856643677,0.7010991871356964,1.0487629175186157,0.2069874256849289,6.235795095562935,-7.829155913064308,3.557897322032898,0.8368749813872518,1.098004937171936,0.7333333333333333,23.59240214029948,0.8790579400605109
04122500,11.727141588926315,0.5419470369815826,0.7482852637767792,1.0142070055007935,0.12608025968074799,8.616679161787033,-15.234844667318361,-2.877110941442696,0.8710439417734844,1.054176926612854,0.7,16.20471477508545,0.8838419758656065
04124000,16.137172281742096,0.5804030299186707,0.8033918142318726,1.1296555995941162,0.07856940478086472,11.965662240982056,1.7098542732531377,7.036317520163259,0.8477970589938105,1.0212010145187378,0.8571428571428571,12.67232894897461,0.9231515925461037
04127918,36.972177028656006,0.49617600440979004,0.5061882138252258,1.3099690675735474,0.16022102534770966,32.36097693443298,12.254856398888565,-63.4733722568956,0.6001364700717051,1.2089087963104248,0.5333333333333333,34.713595708211265,0.8579889633217495
04127997,6.11167810857296,0.24747318029403687,0.587280809879303,1.0258933305740356,0.4017372131347656,4.926032945513725,-4.786332315593326,21.857907491805637,0.8299509372524745,1.1154210567474365,0.4166666666666667,17.343123753865562,0.8778353617760007
04161580,-17.48867928981781,0.4643417000770569,0.6528765261173248,0.8648660182952881,0.0653582215309143,-16.25877469778061,-13.7675503016298,21.61711963707996,0.7586902595886946,1.0689586400985718,0.71875,37.33985722064972,0.8123463196157406
04185000,8.206285536289215,0.6885679066181183,0.8248903751373291,1.0248663425445557,0.02097265049815178,7.235990464687347,1.6860119059395797,22.950431180066843,0.9060255990006674,1.0316611528396606,0.8571428571428571,23.84493691580636,0.9150857818000787
04196800,-12.8763347864151,0.6400101482868195,0.7925940155982971,0.8583275079727173,0.012490661814808846,-13.628357648849487,-21.444079346738913,28.802890349758286,0.8189838211584982,1.0284024477005005,0.5483870967741935,37.855129857217115,0.8909630201730696
04197100,-10.34708172082901,0.6198179721832275,0.7362963855266571,0.8395387530326843,-0.021114511415362358,-16.98160618543625,-21.25045328819413,-166.7693714892392,0.7804126799996783,0.9503822326660156,0.23333333333333334,47.181765238444015,0.8585473348027391
04197170,-18.59458088874817,0.6009136736392975,0.7132517397403717,0.8151501417160034,-0.003053391817957163,-20.63288390636444,-2.0697552037881706,9.971308896542244,0.7586029837973663,0.9898902177810669,0.1935483870967742,45.945804349837765,0.845077949834742
04213000,-5.2478402853012085,0.6172484755516052,0.6873784363269806,0.9457138180732727,-0.006290019489824772,-6.64309561252594,-14.965432899532141,-278.93680843428615,0.8271546407785721,0.9886245131492615,0.4375,38.53687644004822,0.8362956110694909
04213075,-19.829508662223816,0.3664734363555908,0.36666810512542725,0.8406179547309875,-0.0052822185680270195,-15.486519038677216,-6.364580337957587,-470.8092640136127,0.6047400315616229,0.9906347990036011,0.5294117647058824,53.114290798411645,0.6384199959814282
04216418,-11.855541914701462,0.5642828941345215,0.6632362604141235,0.9024558067321777,0.030451616272330284,-12.33547180891037,-9.589750731216492,-36.6812789258371,0.7889899906668393,1.048197627067566,0.38235294117647056,40.90802248786478,0.8192035864748248
04221000,-19.475992023944855,0.6774253249168396,0.7729978412389755,0.8504949808120728,-0.009897710755467415,-17.37583726644516,-10.583153615754338,-12.779962716301096,0.8075283045775193,0.9847568869590759,0.3548387096774194,31.47873724660566,0.8797450613020684
04224775,-32.13585615158081,0.5375599563121796,0.6472373306751251,0.7510771155357361,0.011936414986848831,-27.452576160430908,-11.852381422158244,-729.9527934958237,0.6840733833297824,1.0201784372329712,0.3333333333333333,47.52973556518555,0.8065061877435964
04233000,-23.265989124774933,0.6131615936756134,0.6582661867141724,0.82151859998703,-0.0817335844039917,-20.069153606891632,-0.17436192832378347,-564.258613817391,0.7142996992280912,0.8746369481086731,0.34375,36.08666658401489,0.815465025182049
04256000,-8.159463852643967,0.6631166338920593,0.8316367417573929,0.9081311225891113,-0.013356789946556091,-9.765221923589706,-4.118150867170863,-0.2124115352186727,0.8718363652896017,0.9841769337654114,0.4,28.914418901715962,0.9120474150443585
04296000,-10.308481752872467,0.6601662933826447,0.8233824372291565,0.8526121973991394,-0.040281858295202255,-9.226104617118835,-17.625290094873698,24.428923234041267,0.8210107299712324,0.9527249932289124,0.29411764705882354,27.447478911455942,0.9101163631982191
05056000,-44.663986563682556,0.5022249817848206,0.6125752329826355,0.6123408675193787,-0.14702008664608002,-38.82438540458679,-44.062119715191855,-177.45868712527235,0.4409645194227141,0.6376893520355225,1.625,73.66503477096558,0.8240111937644627
05057000,-31.791818141937256,0.519527941942215,0.6639395356178284,0.6755142211914062,-0.1808830201625824,-31.554344296455383,-21.766868782342787,-251.28813949657487,0.47907592423855505,0.6197612881660461,1.9230769230769231,57.49876315777118,0.8534073873561447
05057200,-49.27395284175873,0.5487646460533142,0.5214462280273438,0.5518921613693237,-0.11455170810222626,-43.65195333957672,7.4100821921226565,-125.54616477530946,0.35196676667877946,0.5979217290878296,1.2727272727272727,55.62346198342063,0.7602511720429513
05062500,-47.95227646827698,0.4539315104484558,0.44613194465637207,0.5748528838157654,-0.20003199577331543,-43.81558895111084,10.500523744732286,-431.4080648515233,0.3979407064831896,0.6872998476028442,0.8636363636363636,63.44893496969471,0.7102691987361625
05087500,-45.165055990219116,0.4784722328186035,0.4490298628807068,0.5840154886245728,-0.06405315548181534,-44.7603702545166,-27.046323809324836,-4.752891521420087,0.44419680123538974,0.8171221017837524,1.0454545454545454,62.00352582064542,0.6799535090073199
05120500,40.6794011592865,0.36511051654815674,0.17652398347854614,1.3614652156829834,0.04593310132622719,36.95932328701019,-44.35401299376185,-9.348672247795676,0.53865569644726,1.133551836013794,1.0909090909090908,59.873147444291554,0.7463361055073827
05123400,-38.1514310836792,0.48386073112487793,0.48426997661590576,0.6386556029319763,-0.09874964505434036,-37.8321647644043,-82.1712021930299,-122.23199650079432,0.45508204388646833,0.7171831727027893,1.8461538461538463,72.42710406963641,0.70609449171539
05129115,0.7444686256349087,0.5743986368179321,0.7820006757974625,0.9989132881164551,0.11510244756937027,-1.468614675104618,7.295302415129148,-315.6826135700599,0.8423198513293976,1.1198266744613647,0.8181818181818182,27.40331996570934,0.8975138232267611
05131500,-5.332610011100769,0.6495854258537292,0.8302348107099533,0.9412688612937927,0.030835356563329697,-4.523621499538422,-8.31105239558778,39.78209340537286,0.8833700548734308,1.0493665933609009,0.7692307692307693,28.583383560180664,0.9121584556918638
05291000,5.960356444120407,0.5208967924118042,0.6313906610012054,1.0450259447097778,0.017511917278170586,15.71241021156311,27.888305899798365,-317.3161280304984,0.8074209079473048,1.0659382343292236,0.8461538461538461,46.15848247821515,0.8247529736275766
05362000,6.2622204422950745,0.6513969898223877,0.8123078793287277,1.0960609912872314,0.09542311728000641,8.823800086975098,5.000980792955836,-29.38698282311336,0.7610531142909578,1.2046927213668823,0.4444444444444444,39.91568883260091,0.9227420556681426
05393500,-0.4690150264650583,0.6445010602474213,0.8144177794456482,0.982204258441925,0.04040839895606041,0.6983121391385794,4.130684284486907,41.515089821537124,0.8703084792866342,1.0881175994873047,0.27586206896551724,35.46491162530307,0.9065201048998313
05399500,-19.010715186595917,0.5792468786239624,0.7139164209365845,0.8697181344032288,0.043628253042697906,-14.802086353302002,4.012452233979323,-332.453256600748,0.7496049726313099,1.1487486362457275,0.34615384615384615,39.1368609208327,0.8463831114667788
05408000,2.983858250081539,0.47520023584365845,0.7807647734880447,0.926948606967926,0.058675367385149,4.226751998066902,7.557820511062507,-23.96386078620583,0.8436792251523157,1.0788207054138184,0.25,30.300027983529226,0.8864791868284854
05412500,28.694406151771545,0.6003766059875488,0.7061865627765656,1.1636096239089966,0.007801320403814316,21.36753499507904,3.105927557656242,-16.28567206760598,0.7997648605148092,1.012835144996643,0.6956521739130435,35.895874189293906,0.8852774603579329
05413500,-9.638554602861404,0.4243316054344177,0.6538636982440948,0.826442301273346,-0.057241037487983704,-6.65142759680748,-15.567567219096537,-41.51742756714865,0.7337279193426275,0.9294363856315613,0.2692307692307692,35.69315030024602,0.8107929111328633
05414000,-7.142969220876694,0.4314981698989868,0.4522099494934082,0.8134823441505432,-0.0056766485795378685,-4.261013492941856,-13.607386134396002,14.664159899300872,0.6335800560950466,0.9918966889381409,0.38095238095238093,58.390526544480096,0.6847079517374922
05444000,-11.217629164457321,0.46805453300476074,0.574590414762497,0.9240223169326782,-0.02580099366605282,-9.632036834955215,-2.18235442257543,3.889339794350614,0.7572890011696394,0.958306610584259,0.391304347826087,48.05395292199176,0.773289431415339
05454000,-4.864421114325523,0.502315878868103,0.6139709055423737,0.980252206325531,-0.0338311567902565,-3.7767156958580017,-32.64046176317139,-5.918302106536556,0.7870508569959743,0.9194132685661316,0.34615384615384615,53.73412645780123,0.8038797795535985
05458000,13.163010776042938,0.5913204252719879,0.7340429425239563,1.1348602771759033,0.005143925081938505,11.414878815412521,-1.3521549351776123,-641.1151352139611,0.8260307735453039,1.0128045082092285,0.5238095238095238,45.26062465849377,0.8908485365979747
05466500,-5.6416042149066925,0.6290311813354492,0.7891761660575867,0.9255728721618652,-0.05005130544304848,-10.96639484167099,-7.627275535242443,-456.4133648825712,0.8447389062030699,0.9189627766609192,1.0689655172413792,36.337319735823,0.8904574132025495
05487980,3.9583802223205566,0.5257139503955841,0.6643876731395721,1.0691896677017212,0.08025626093149185,1.9306806847453117,-23.242352794925157,-286.37162240227167,0.6962339533980817,1.253919005393982,0.28,46.9045295715332,0.848303791572712
05488200,1.0178499855101109,0.5611555576324463,0.599509596824646,1.0109028816223145,0.0023187571205198765,-4.107373580336571,62.84067353105274,36.346705885446994,0.8015146715496881,1.008001446723938,0.125,63.25928767522176,0.8019759367332294
05489000,16.22263193130493,0.5349392294883728,0.5050609409809113,1.1971766948699951,0.07179631292819977,7.302410900592804,-18.806175981470005,-85.22209473820763,0.6362822894742108,1.2407225370407104,0.24,46.47377014160156,0.8116795706489857
05495000,-3.063869848847389,0.6716134548187256,0.8185655027627945,0.9774402379989624,0.023248471319675446,-6.865502893924713,-20.816885771363616,54.60113172078687,0.8814463097088108,1.0709331035614014,0.5769230769230769,33.81918760446402,0.9077257921233498
05495500,-23.437564074993134,0.6639250814914703,0.7644456326961517,0.7911716103553772,-0.011577892117202282,-20.526336133480072,-34.55909164560524,-144.30822618195253,0.7546730916473472,0.9566202163696289,0.1935483870967742,35.64658934070218,0.8787804058227932
05501000,-1.723155938088894,0.6397669613361359,0.7647463828325272,0.9951441884040833,0.03198511153459549,2.314271777868271,-27.36485114047961,-216.34879365677483,0.835273929010297,1.1151682138442993,0.21739130434782608,48.97297983584197,0.8823251000537354
05503800,-0.7890593260526657,0.556833803653717,0.6594401597976685,1.0286959409713745,0.0730518028140068,0.7895451970398426,-30.29419603764599,-31.593008515374592,0.6434619207860648,1.3160349130630493,0.19230769230769232,37.47459191542406,0.8374642235489042
05507600,-23.029495775699615,0.5998533964157104,0.7274910807609558,0.7802110910415649,0.0007544526597484946,-22.064238786697388,-39.08293404719828,-33.13680613817887,0.7373896647840266,1.003623366355896,0.14814814814814814,55.04852224279333,0.8563201653767738
05508805,7.245815545320511,0.5746346712112427,0.7412489652633667,1.0457121133804321,0.05418651923537254,6.3682399690151215,-33.933001136706196,-14.068444116721924,0.7464129730602009,1.2179425954818726,0.3076923076923077,50.228698437030495,0.8786830267559987
05514500,-13.128937780857086,0.634413331747055,0.7860596030950546,0.8699560165405273,0.018108228221535683,-12.427535653114319,-20.512071479790816,-179.05665346602115,0.8178452850539698,1.059059977531433,0.23076923076923078,32.492707325862,0.8869477041495905
05525500,-10.573087632656097,0.6546096503734589,0.7754633277654648,0.904259204864502,0.0020038869697600603,-13.591921329498291,-13.067997572124805,-379.56007881732245,0.8471451662514831,1.0041481256484985,0.5185185185185185,41.571617126464844,0.880915603873918
05556500,-16.731256246566772,0.5868052542209625,0.797538697719574,0.8227150440216064,-0.021985411643981934,-13.066774606704712,-32.7846334385283,49.68509929234104,0.7887083830891645,0.950291097164154,0.32,34.536293029785156,0.8963505101826799
05584500,-22.410793602466583,0.6727364659309387,0.8171471804380417,0.7870661020278931,-0.07243732362985611,-22.45570719242096,-20.23034124030104,-275.75535094074786,0.7141938003593998,0.8288733959197998,0.5333333333333333,37.36156781514486,0.9159760497037578
05585000,-8.046622574329376,0.668170303106308,0.8054299801588058,0.8530592322349548,-0.02967497520148754,-12.383996695280075,-17.50105941213844,-330.3851097642584,0.8117355390853817,0.9393620491027832,1.2258064516129032,37.2352046351279,0.8991290085154426
05591550,-25.695499777793884,0.6198749542236328,0.7229360640048981,0.7940357327461243,-0.05781678110361099,-26.640361547470093,-39.42102575045174,-20.571613233347115,0.7031097056992905,0.8434460163116455,0.2413793103448276,54.08186090403589,0.8543517330832859
05592050,-6.54817521572113,0.6042280793190002,0.7477151155471802,0.9513707756996155,0.011439427733421326,-6.2986016273498535,-32.111601658094834,0.46288490218355427,0.855546450305797,1.0356084108352661,0.21428571428571427,30.002338545663015,0.8687214121001243
05592575,2.2679854184389114,0.47679364681243896,0.64346644282341,1.0704829692840576,0.0865807756781578,3.674972802400589,-32.50223371140815,-36.37342000643343,0.6180436498172515,1.339257836341858,0.3333333333333333,45.32883255570023,0.839292424053904
05593575,3.8998857140541077,0.6565573811531067,0.8232972770929337,0.9683802127838135,0.0026530995965003967,-3.0931374058127403,-26.065613108793627,-10.87468996183399,0.9034298862479482,1.0098241567611694,0.1111111111111111,41.19616967660409,0.9092836185112122
05593900,-17.8623765707016,0.5854860544204712,0.699749082326889,0.8352359533309937,-0.0073274592868983746,-20.238976180553436,-35.33016234820619,-19.42485148846948,0.7662191409187472,0.9719257354736328,0.1111111111111111,40.279455538149236,0.8365431718485715
05595730,-9.224717319011688,0.6470987796783447,0.8384735584259033,0.8503188490867615,0.026232006028294563,-9.721744060516357,-44.7536715585427,-40.79200380855127,0.7942572943520738,1.1153233051300049,0.20833333333333334,35.98597844441731,0.9185988373393273
06037500,-11.122322082519531,0.4603539705276489,0.7091560661792755,0.9265568256378174,-0.06603884696960449,-9.093920141458511,-18.16828721783274,42.62641357057329,0.8284836933452983,0.9681297540664673,0.625,26.339799165725708,0.8483153567027569
06043500,-11.204041540622711,0.7480478882789612,0.8958432227373123,0.8845921158790588,-0.029848137870430946,-9.712305665016174,2.557093548290033,27.15519395894777,0.868645261878716,0.9632536768913269,0.6666666666666666,21.615142822265625,0.9491591183432909
06154410,-55.18519878387451,0.43182075023651123,0.5531308650970459,0.4896506071090698,0.018704188987612724,-48.51797819137573,27.133922364446445,-1475.8936497826217,0.45356283729440405,1.0451531410217285,0.8181818181818182,71.41810763965954,0.8100045689563226
06188000,-23.642240464687347,0.7703425586223602,0.8980932384729385,0.857870876789093,0.01579299382865429,-20.790497958660126,-11.924293012624561,31.82208487752476,0.8471148293992775,1.0303184986114502,0.9333333333333333,21.59203052520752,0.9525239390128212
06191500,-22.540898621082306,0.7940605878829956,0.920507974922657,0.8294659852981567,-0.06567838042974472,-20.386408269405365,7.206537072902348,41.14830614665469,0.807610636993008,0.9153849482536316,0.9333333333333333,22.804147402445476,0.972213135371779
06221400,-16.969789564609528,0.7778574973344803,0.8941430374979973,0.817512035369873,-0.029271459206938744,-19.057567417621613,-24.958602547794694,57.98014725352581,0.8081187144965084,0.9600799083709717,0.875,34.18664634227753,0.9561484689439929
06224000,-10.395637899637222,0.7686377167701721,0.8932838663458824,0.9237650036811829,0.015628967434167862,-9.390823543071747,-9.003630805969589,43.493100203590416,0.9033212760325839,1.0238020420074463,0.8,26.689399083455406,0.9455163896156512
06278300,-8.393076807260513,0.6563325226306915,0.703713446855545,1.0119200944900513,0.05463763326406479,-5.366985499858856,-10.491588730496057,-857.4606307996413,0.8011679976119533,1.1356823444366455,0.8666666666666667,34.371986389160156,0.8551470472197272
06280300,-13.459013402462006,0.7829590439796448,0.9129785150289536,0.8918612599372864,-0.00760801974684,-13.692018389701843,-3.5848009355682353,26.37812754797018,0.8833620562352646,0.9886093735694885,0.8666666666666667,22.421646118164062,0.9578019378071106
06289000,-22.005249559879303,0.638736218214035,0.7834600657224655,0.8467283248901367,-0.029551252722740173,-21.91259115934372,8.701741208887807,60.34035902760182,0.8059112414500735,0.9639390110969543,0.7857142857142857,31.084339959280832,0.8865194074574749
06291500,-8.557818084955215,0.6150409281253815,0.7743972539901733,0.9842832088470459,0.06380539387464523,-6.244371831417084,-5.32233953638253,75.52879633765124,0.8544081584300113,1.0911821126937866,1.4285714285714286,31.16077014378139,0.8875909739732049
06311000,-25.88559091091156,0.6780541837215424,0.7531743943691254,0.7611810564994812,-0.06050167605280876,-26.789921522140503,-15.726278015104366,52.2652152149583,0.704201660543738,0.8754464387893677,1.3333333333333333,40.33259073893229,0.8777356133613419
06332515,13.044758141040802,0.1548892855644226,-0.3344399929046631,1.1937518119812012,0.08062738925218582,17.26534068584442,707.3447313392679,16.737322685844973,0.2106938638617999,1.5416134595870972,0.8,56.418825785319015,0.45951940618231996
06339100,-23.419401049613953,0.27653568983078003,0.192895770072937,0.7082669734954834,0.025676442310214043,-14.869360625743866,-16.762563021264448,-4.541693725832372,0.38458888845283556,1.185232162475586,1.0,67.55419413248698,0.49077340657930124
06339500,-12.53882646560669,0.33849817514419556,0.4149036407470703,0.8019986748695374,0.058201927691698074,-5.473941937088966,-5.238310588943569,-58.61737833123131,0.4954973121939702,1.317687749862671,0.7333333333333333,47.01413154602051,0.661779759864549
06344600,-17.619197070598602,0.21836507320404053,0.03143119812011719,0.7651844620704651,0.03391417860984802,-13.095751404762268,-30.79106465629654,-24.571387370341437,0.3188020064064069,1.2313778400421143,0.8666666666666667,56.35303497314453,0.403882004331151
06350000,-30.559071898460388,0.39944207668304443,0.6909944415092468,0.6783753037452698,0.019812945276498795,-24.39255714416504,6.123046898754883,-214.987483917515,0.6162518303412362,1.1447484493255615,1.2307692307692308,63.31269924457257,0.8487779814532644
06352000,-46.838024258613586,0.4397352933883667,0.59481081366539,0.5089703798294067,-0.008489236235618591,-42.27979779243469,-30.941120378479635,-85.65316872605916,0.47971769728285085,0.9397913813591003,1.6363636363636365,75.05127299915661,0.838883554914041
06353000,-39.665764570236206,0.5512061715126038,0.6344180405139923,0.5920816659927368,-0.024157965555787086,-37.079060077667236,78.97709399241276,18.95503432330561,0.5342221299747318,0.8502548933029175,1.25,61.49534384409586,0.8322857787595404
06354000,-38.27141225337982,0.4790691137313843,0.6013627350330353,0.6015477776527405,0.0034012915566563606,-32.349589467048645,-12.627571524069591,-20.015503133484582,0.5540348751631965,1.0192927122116089,1.3636363636363635,60.83454218777743,0.8006297155222076
06360500,-47.1709281206131,0.5152161717414856,0.551558643579483,0.5455244779586792,-0.03796103969216347,-44.57424581050873,-31.30134305616039,-20.789541223301054,0.46798281882484005,0.8328948020935059,1.5,67.11737087794712,0.7796136715595466
06404000,1.0528652928769588,0.537471354007721,0.6839452683925629,0.985626220703125,-0.026222314685583115,0.18458680715411901,-45.9386635507682,-14.202854672210597,0.8240065885626722,0.9278473854064941,0.6428571428571429,45.52786009652274,0.8401216851934125
06406000,8.187157660722733,0.19801580905914307,0.31962400674819946,1.049472451210022,-0.16665901243686676,10.566022992134094,-40.19190573760623,-222.26342908875787,0.5677125220316712,0.7025468349456787,0.5833333333333334,53.83065541585287,0.6902475911656909
06408700,-29.402631521224976,-0.01225268840789795,-0.2844446897506714,0.2851669192314148,-0.47544822096824646,-32.321253418922424,-77.28933013619425,10.084343141534887,-0.2090512263341333,0.8279544711112976,0.75,37.79752850532532,0.04019852546040967
06409000,-53.98613214492798,0.13985604047775269,0.11429297924041748,0.3814144730567932,-0.4113824963569641,-51.013630628585815,-55.41292306662752,-844.7539621163858,0.19764316108318536,0.7361366152763367,0.8,57.32296943664551,0.5623876635478035
06431500,-29.958108067512512,-0.042354464530944824,0.16576796770095825,0.6908024549484253,-0.6508815288543701,-27.68615484237671,-18.165229844797366,5.747010011072715,0.5123945292182202,0.6997004747390747,0.8333333333333334,39.39377731747097,0.7720171752116765
06440200,-28.749066591262817,0.40416455268859863,0.3886205554008484,0.745293915271759,0.01871979609131813,-24.39466565847397,-74.5576163249375,-177.5918962667408,0.5390112528847749,1.1156946420669556,0.9047619047619048,60.274891626267205,0.6335983281066063
06441500,-31.66135847568512,0.5675682425498962,0.6300775706768036,0.6996347904205322,-0.06321127712726593,-33.64958167076111,65.97937859971266,39.25285656702746,0.5528746839921292,0.7337701916694641,0.7222222222222222,68.38814947340224,0.802963256610076
06447000,-22.332163155078888,0.44089269638061523,0.5351053476333618,0.8158032298088074,-0.007450302597135305,-23.29758256673813,-7.310093780687804,4.408403593769493,0.6774546587263214,0.9811017513275146,0.625,65.6887412071228,0.7358979302890648
06447500,-34.75908041000366,0.4653704762458801,0.4999883770942688,0.5920040607452393,-0.08522949367761612,-29.515749216079712,-7.7035479870109,-26.95131810673999,0.4926743375871211,0.8776265978813171,1.5789473684210527,53.68751224718595,0.7244217139392308
06450500,-38.46757411956787,0.3730825185775757,0.4952271580696106,0.5937105417251587,-0.141562819480896,-32.63099789619446,-0.09286398610105218,47.233940107328536,0.4821525777451152,0.8250068426132202,0.8181818181818182,59.251585873690516,0.7307933438813768
06452000,-31.852155923843384,0.4905203580856323,0.597653865814209,0.69765305519104,-0.03304015100002289,-28.908884525299072,-7.795737769081404,-0.9559809500823956,0.6167970099412472,0.9217666387557983,0.7857142857142857,48.78897666931152,0.7779405535828513
06453600,-24.50210452079773,0.4431162476539612,0.5750330686569214,0.7860235571861267,-0.0173695869743824,-18.6067596077919,-18.430782476926552,-2.6855026882873094,0.6743587216022817,0.953411877155304,0.47368421052631576,61.32572073685495,0.7589898945541308
06464500,-17.17451512813568,0.47851598262786865,0.5731312036514282,0.8007773160934448,-0.10340850800275803,-18.254192173480988,-7.407850262983649,-498.7820756830753,0.6630004031302088,0.8635497093200684,1.4,42.18385314941406,0.764924759532543
06468170,-65.07444977760315,0.49588119983673096,0.3528267741203308,0.36699748039245605,-0.13673998415470123,-61.208945512771606,-52.6075645564978,-21.542624625698345,0.13132482183342864,0.49245932698249817,2.1,79.0049934387207,0.6896665655038653
06468250,-52.94176936149597,0.48962199687957764,0.387265145778656,0.4570193290710449,-0.16896125674247742,-49.97099041938782,98.68448894244442,40.874969466218836,0.14040231102425582,0.41360217332839966,1.4545454545454546,79.82667576182972,0.6834281017449498
06470800,-58.253079652786255,0.4731890559196472,0.3501385450363159,0.461110383272171,-0.1326851099729538,-53.863054513931274,-31.6694497177423,12.70114191383038,0.18623528633134434,0.5158481001853943,1.0909090909090908,67.0105370608243,0.6293142461584601
06477500,26.031672954559326,0.35983145236968994,0.17024385929107666,1.2236177921295166,0.07133491337299347,23.782731592655182,-67.78912289199192,-31.150060768616438,0.4939890038523297,1.3253319263458252,1.4615384615384615,77.16691677386945,0.6834540334081123
06479215,16.559821367263794,0.42164838314056396,0.47501492500305176,1.0739740133285522,0.05192748084664345,22.958533465862274,-45.903588141341935,-6.725335012310399,0.6889975501032413,1.1826403141021729,0.9411764705882353,72.7876999798943,0.759390596903378
06479438,-0.29225193429738283,0.5062280893325806,0.6289996802806854,0.8867927193641663,-0.0073409853503108025,5.10019026696682,-24.44433194535104,-124.42545614542917,0.7667412107755388,0.9713603258132935,1.2666666666666666,51.07659022013347,0.798075401637194
06601000,-7.374805212020874,0.10277366638183594,0.1782168745994568,0.7651998996734619,-0.0749884694814682,2.2602342069149017,42.99914323097009,-770.3503181039096,0.42958607701222784,0.8484772443771362,0.42857142857142855,70.93762897309803,0.5027256180402999
06614800,-20.4168438911438,0.7652473896741867,0.8673636615276337,0.9086458086967468,-0.002697946270927787,-12.680317461490631,-24.46923214600391,-1075.6029645591368,0.8857672113945315,0.9948587417602539,1.0666666666666667,25.15422344207764,0.9316106061759389
06622700,-5.728507041931152,0.7571130692958832,0.883125826716423,1.0474982261657715,0.03613986819982529,-2.821628749370575,12.637469562580215,47.683813766868546,0.8942854838344081,1.0774214267730713,1.6666666666666667,29.535071055094402,0.9459130319240172
06623800,-6.673912703990936,0.7728032022714615,0.8941183388233185,0.9974060654640198,0.022939426824450493,-5.45278936624527,14.88237220974006,-74.1624354638034,0.9324178302146623,1.0420901775360107,1.0625,24.161186814308167,0.9471886552764999
06632400,5.142252519726753,0.7274121642112732,0.8381330072879791,1.1139435768127441,0.07874703407287598,11.219499260187149,-11.301256532473742,24.042698909561405,0.7842954319696744,1.1715916395187378,1.1333333333333333,32.74977048238119,0.9359560212077732
06746095,-20.451977849006653,0.6338955163955688,0.7120247483253479,0.755043089389801,-0.1317443698644638,-23.155532777309418,-10.971773110220603,-65.40327942253711,0.6221042797845605,0.7483080625534058,1.4375,42.288702726364136,0.8605279385474195
06784000,38.029247522354126,0.2299320101737976,0.16488975286483765,1.3007283210754395,0.09966298192739487,32.26909041404724,-11.208007732400091,60.57788237936623,0.5773501828144483,1.0917952060699463,0.6923076923076923,51.78474279550406,0.717565963430921
06803510,31.445196270942688,0.2860579490661621,0.5090838670730591,1.4005941152572632,0.04861046001315117,34.55483019351959,55.259522012188874,-199.8840223191914,0.5342409986830466,1.206732988357544,0.07692307692307693,49.13250116201547,0.8828792347456016
06803530,11.620588600635529,0.40495967864990234,0.5690077841281891,1.2198512554168701,0.016512438654899597,10.23971140384674,57.642636045440945,-646.7375326461539,0.7208752472652036,1.070784330368042,0.23809523809523808,78.56061117989677,0.8432657291616308
06814000,-10.7293501496315,0.5633138716220856,0.752525806427002,0.9011608362197876,0.02372744120657444,-6.768518686294556,-32.28857983069715,-9.258261047438506,0.8102182169547264,1.0945290327072144,0.07692307692307693,31.558986810537487,0.8684241403048795
06847900,-50.324130058288574,0.011885762214660645,0.2268228530883789,0.3157390058040619,0.0034217853099107742,-38.52398097515106,-28.68348804058164,-5.7673816332182275,0.1620438914763339,1.0273354053497314,0.5555555555555556,82.88820054796007,0.5170816764208689
06853800,-5.635053664445877,0.18483787775039673,0.3777070641517639,0.9298318028450012,0.05753236263990402,-1.148032583296299,-53.14192034155233,-17.185983655798587,0.5673946250045976,1.2705408334732056,0.7368421052631579,73.80599975585938,0.6698008297912408
06876700,-17.426402866840363,0.3823970556259155,0.4699690341949463,0.778141975402832,0.0447508841753006,-18.451212346553802,-39.145172538645944,-132.453984574606,0.5941118242659335,1.1444616317749023,0.7058823529411765,40.82067433525534,0.6923393670494982
06878000,-31.576016545295715,0.5240116119384766,0.6559809148311615,0.6912731528282166,-0.004110054112970829,-27.976584434509277,-3.1020056524464854,-238.2272391227703,0.6423167139276209,0.9836016297340393,0.21739130434782608,50.84087952323581,0.8201218178223769
06879650,-6.676313281059265,0.30128443241119385,0.15992748737335205,0.9753509759902954,0.05595589056611061,-6.0317400842905045,-89.53470096030259,21.544623739583002,0.5075466589448567,1.2410168647766113,0.5555555555555556,103.86091868082683,0.5712651289841297
06885500,-31.496712565422058,0.6181589961051941,0.7647411674261093,0.6936628818511963,-0.004307963885366917,-27.621006965637207,-20.42024034209374,-187.02932649156446,0.6766608700312919,0.9821720123291016,0.2692307692307692,42.126519863422104,0.8980788252186362
06888500,7.49935507774353,0.5369167923927307,0.6403318643569946,1.128233551979065,0.016867103055119514,4.24928180873394,-5.9335835375749175,-195.6136504567365,0.7926684054860994,1.058688759803772,0.15384615384615385,46.647937481219955,0.8480191600786332
06889200,-27.898672223091125,0.6023258566856384,0.5330639481544495,0.6099163293838501,-0.01248203031718731,-23.882324993610382,-21.531757919176,-5.807666556815154,0.5272107451527063,0.9304049015045166,0.32,47.64411926269531,0.7420834792358304
06889500,-27.0268052816391,0.5961167216300964,0.6965484619140625,0.6768108010292053,0.0006257353234104812,-22.40915298461914,-14.283723262530145,-192.72184413424154,0.6449319154916155,1.0030486583709717,0.2222222222222222,50.67319516782407,0.8529871026501197
06892000,-18.089871108531952,0.6008997559547424,0.7790905088186264,0.8320271968841553,0.018464189022779465,-18.149007856845856,-25.169372407120377,-95.02124520575124,0.7858709056852919,1.0653802156448364,0.6206896551724138,38.5685920715332,0.8844066011933316
06903400,29.803088307380676,0.5702537298202515,0.45708680152893066,1.1797548532485962,0.033871088176965714,11.845576018095016,-3.400617528394797,9.391732591388692,0.7004242980302406,1.103992223739624,0.38461538461538464,48.864309604351334,0.7840847125700969
06906800,-16.522766649723053,0.4812231659889221,0.7344620525836945,0.8541469573974609,0.07205124199390411,-20.508722960948944,-28.934744388879253,0.6139765030491323,0.6690127258811571,1.2620950937271118,0.21428571428571427,54.37230723244804,0.8600513399979104
06910800,7.47780054807663,0.569526195526123,0.7147617340087891,1.1490713357925415,0.024944279342889786,1.4232668094336987,-37.08408808342949,-15.143122757705543,0.7820159710526988,1.1107181310653687,0.09375,49.08893704414368,0.8858235174192293
06911900,-0.5335791036486626,0.5362252295017242,0.739110141992569,0.9930629134178162,0.02216349169611931,-4.367169737815857,-36.06055614698681,-19.643143327528346,0.8283889121902668,1.1105399131774902,0.03333333333333333,67.35778172810872,0.8689154094345786
06917000,-1.792580634355545,0.5794523358345032,0.8216169327497482,0.9927976727485657,0.044129956513643265,-5.89115098118782,-44.53762648438213,78.20845263730278,0.8001989183044578,1.178822636604309,0.18518518518518517,30.556198402687357,0.9111683425418889
06918460,41.4773553609848,0.514280378818512,0.44604629278182983,1.3230149745941162,0.116297148168087,40.90358018875122,-27.628041116486095,27.20632371499494,0.5698285552858121,1.2314016819000244,0.21739130434782608,44.41357488217561,0.8351908386973165
06919500,-2.802884578704834,0.5739946067333221,0.7853355556726456,1.0251080989837646,0.09408409893512726,-5.658043175935745,-40.11963128685369,76.74123975968561,0.6892295063446,1.2931419610977173,0.5,35.68208401019757,0.8999216620040735
06921070,19.226300716400146,0.56625035405159,0.6783002614974976,1.196588158607483,0.07617636770009995,19.23113614320755,-29.65723047424578,-250.73224116167032,0.6704524325042995,1.2377675771713257,0.2413793103448276,38.94711198477909,0.8841497760738889
06921200,11.296090483665466,0.4852076768875122,0.6564143598079681,1.1034278869628906,0.08089032024145126,9.247489273548126,-44.71854909146821,-17.129698683592455,0.6441105883978847,1.3067443370819092,0.3103448275862069,46.90118658131567,0.8521221546103966
06934000,12.911053001880646,0.595670759677887,0.8067366182804108,1.103766918182373,0.11636405438184738,10.650293529033661,-20.964220440905986,-151.61748447845474,0.7608530703809486,1.201409935951233,0.6923076923076923,46.70311120840219,0.9234642675786503
07014500,-5.552208051085472,0.5698985159397125,0.8095194697380066,0.9720346331596375,0.10739994049072266,-0.2514699939638376,-25.433674021500718,-28.59633609383704,0.774999643889859,1.2035788297653198,0.46153846153846156,35.77136993408203,0.9083552588603299
07056000,4.411988332867622,0.6675353050231934,0.851729229092598,1.0570396184921265,0.0548568069934845,7.051125913858414,-20.532979455278983,19.729733336071238,0.8169832399789475,1.160404086112976,0.36,39.607757568359375,0.9328274942469976
07057500,28.43995988368988,0.5226772427558899,0.801567554473877,1.2405357360839844,0.12492242455482483,27.38119661808014,2.6052304977853336,-148.765957744299,0.6982667952334514,1.1750669479370117,0.17391304347826086,38.83363474970278,0.949630859990988
07060710,-18.57522279024124,0.4939008951187134,0.5842792093753815,0.796998143196106,0.03774970397353172,-17.31221228837967,-34.910459396931266,32.863378813557965,0.645739944954932,1.1717782020568848,0.30434782608695654,50.164276620616086,0.7659429940531368
07066000,-1.974506489932537,0.5916803777217865,0.7369284629821777,1.027702808380127,0.011514444835484028,-5.043447017669678,-5.546532238599408,-107.7449966171598,0.867935301632904,1.020101547241211,0.15384615384615385,36.011475783128006,0.8724477880977544
07067000,-2.205757610499859,0.5307797789573669,0.7560243159532547,1.011088252067566,0.07709085941314697,-2.273007854819298,-13.827543752866985,-39.351656041675476,0.8442851526003724,1.101402997970581,0.21428571428571427,35.0609336580549,0.8823496860635138
07068000,4.2579516768455505,0.6303507387638092,0.8325064927339554,1.0440120697021484,0.009554089047014713,6.910642236471176,-3.4430633904373384,-54.619174196843154,0.908628708484342,1.011484980583191,0.38461538461538464,27.052672092731182,0.9207551525032932
07071500,12.189163267612457,0.5095864832401276,0.8083204478025436,1.0967174768447876,0.11819609254598618,18.60213726758957,-0.449530101621542,-61.37896073903006,0.7965752513829495,1.1616668701171875,0.3,36.86007738113403,0.9232459699481481
07083000,-1.3480097986757755,0.774214506149292,0.8981675058603287,1.045701026916504,0.028640778735280037,2.7793852612376213,6.803405782673899,33.34975160937701,0.9215374916986444,1.0427840948104858,1.4666666666666666,17.24732240041097,0.952699867030159
07142300,-10.486094653606415,0.19299519062042236,0.28365248441696167,0.8068342208862305,0.016706394031643867,-7.674773782491684,-52.40027524669053,-28.61390548734775,0.5355646447513707,1.0381916761398315,1.4,58.497250874837235,0.5793712125187802
07145700,1.325309555977583,0.5909183919429779,0.7007847726345062,1.016197919845581,0.019870957359671593,-1.0695667937397957,4.1562315168198,-210.3023991118898,0.830254892354979,1.083495855331421,0.1875,41.13193452358246,0.853100472755797
07148400,-1.105971820652485,0.4713064432144165,0.5449062585830688,0.929818332195282,0.026537936180830002,1.6381081193685532,-29.613420538383515,-180.2957305053643,0.7418055543132829,1.0576424598693848,0.38461538461538464,44.22117746793307,0.7583054570168667
07149000,-22.553816437721252,0.42874640226364136,0.45673978328704834,0.7638708353042603,-0.08964349329471588,-20.701773464679718,12.614742682620408,0.054724579884937,0.5730356136415258,0.8325314521789551,0.6538461538461539,46.86033542339618,0.6861594508523938
07151500,-27.973592281341553,0.5424831807613373,0.6700076460838318,0.748831033706665,-0.0580427423119545,-25.004327297210693,22.74920447170587,-262.7818895973865,0.6523317533796126,0.8362216353416443,0.36666666666666664,51.1858590443929,0.8240340733293324
07167500,-9.491557627916336,0.5588226318359375,0.6872858703136444,0.8860049843788147,0.0007395278080366552,-11.579467356204987,-17.604616413539485,-98.03988324604666,0.7959905075571737,1.0040602684020996,0.2,54.02296447753906,0.8308594559521336
07180500,-1.102911587804556,0.5807627439498901,0.7443499565124512,1.0101346969604492,-0.0053762411698699,-5.511674657464027,9.489135162905958,1.2342447073275329,0.8709388544336562,0.9763877987861633,0.17857142857142858,52.4843556540353,0.8735226061058572
07184000,-7.657449692487717,0.5156798362731934,0.7548269331455231,0.9200991988182068,0.07500889152288437,-6.41508623957634,-48.11820238082401,72.63238565782893,0.6462526417273291,1.3204666376113892,0.32142857142857145,39.86433914729527,0.8732948713214359
07195800,-11.852860450744629,0.42685478925704956,0.43763619661331177,0.9636185169219971,0.003666002070531249,-12.918633222579956,-0.3490419674769565,90.7099062924564,0.7065189902896691,1.0081150531768799,0.23076923076923078,62.56348536564753,0.7088958319405634
07196900,2.521205320954323,0.4216221570968628,0.5389477610588074,0.9822346568107605,0.061324018985033035,3.4192394465208054,-42.54206217751442,84.70396057670284,0.6854135055951395,1.211037278175354,0.3333333333333333,72.67487208048503,0.7673794457412542
07197000,-1.4534580521285534,0.546215683221817,0.7767185270786285,0.9891006946563721,0.08597341179847717,0.0029539241950260475,-25.6298308200691,-19.786538270651963,0.7495596670991029,1.225176215171814,0.18518518518518517,47.11330201890733,0.8909255409940738
07208500,60.30171513557434,0.43806642293930054,0.037300825119018555,1.5389920473098755,0.20408925414085388,55.02082705497742,-1.9808401763990309,26.436306303105955,0.33784921036507287,1.325524926185608,0.6,40.82120577494303,0.7951469707748478
07226500,-24.792705476284027,0.23717498779296875,0.07126814126968384,0.854336678981781,0.02615441381931305,-25.296148657798767,103.63873912808191,-1534659375000.0,0.41406902267288725,1.201076626777649,0.75,71.68384790420532,0.46927832410464804
07261000,5.164409801363945,0.6476190984249115,0.7997853308916092,1.0530660152435303,0.07324422150850296,5.908966436982155,-24.72257961964545,67.28772768345073,0.78359774945663,1.1889455318450928,0.25,23.717032160077775,0.9088215043873614
07263295,-25.77134072780609,0.6165871322154999,0.7519647628068924,0.748035192489624,-0.004504755139350891,-24.052008986473083,-45.34767827678057,-28.47591073512338,0.7190549853273309,0.9848169684410095,0.15384615384615385,38.5956910940317,0.8766577420412447
07290650,-7.228413969278336,0.6270817220211029,0.8422093093395233,0.9470853209495544,0.061682119965553284,-6.02014921605587,-31.32551874134521,42.70430204678999,0.7866248314626718,1.190678596496582,0.25,33.10123312062231,0.9201835096774156
07291000,-18.576064705848694,0.5417447090148926,0.6161160171031952,0.7636758089065552,0.01063757948577404,-13.187609612941742,32.981644980851655,-126.8750218967164,0.6780469590488964,1.0413368940353394,0.2857142857142857,42.70331178392683,0.7853004460339913
07292500,-2.3645827546715736,0.6060788929462433,0.7871505618095398,0.9862015843391418,0.04609980806708336,3.153059259057045,25.929350375060178,-166.41967292882163,0.8377473270215771,1.1214172840118408,0.3333333333333333,38.59299977620443,0.8932602381627107
07295000,5.816289782524109,0.5292035341262817,0.5350915789604187,1.0087860822677612,0.003792716423049569,1.161930151283741,29.522978352701962,-878.5174359686642,0.7691183108152119,1.0123398303985596,0.23333333333333334,49.23467943745275,0.7696157823440589
07299670,-44.362425804138184,0.18672871589660645,0.34510672092437744,0.5441619753837585,-0.11240822821855545,-44.41761374473572,48.38319418211707,-373.9432410709362,0.2232126969595235,0.5139527320861816,0.7272727272727273,70.0509331443093,0.6007904524784348
07301410,-5.002900213003159,0.37623196840286255,0.3287476897239685,0.8797085285186768,0.017244964838027954,4.911252856254578,-14.799408151828455,2.436388778071581,0.6067754978249726,1.0305321216583252,0.5,66.27023436806418,0.6268736667739768
07301500,42.629894614219666,0.3161522150039673,0.1195719838142395,1.4025455713272095,0.011811064556241035,43.957191705703735,-29.206329517900485,-3.942013116919014,0.5222612650191338,1.0250880718231201,0.5652173913043478,47.55204656849737,0.7439493203325429
07315200,-15.013007819652557,0.17495369911193848,0.4447009563446045,0.8845374584197998,0.07073578983545303,-9.81343686580658,-80.79072664834707,-726.6414198841917,0.26202528953908,1.662680745124817,0.6428571428571429,63.17059653145927,0.6964719044099265
07315700,10.872858762741089,0.36155521869659424,0.5352820754051208,1.1242161989212036,0.12216170877218246,11.037342250347137,-56.84244556121104,-60.157018045506085,0.33470671241859207,1.6243915557861328,0.6,60.177589416503906,0.8068143910913171
07335700,-13.944122195243835,0.39785629510879517,0.48236924409866333,0.8752937912940979,0.09160605818033218,-8.024518936872482,-36.20373844930031,68.63048622137661,0.5818493512547478,1.2824311256408691,0.2857142857142857,58.803244999476846,0.7179876140565687
07340300,1.2267098762094975,0.5936381220817566,0.7078116238117218,1.0311979055404663,0.03992386534810066,-0.31205033883452415,11.611092292531657,-598.2389138702625,0.8235432588705451,1.1021921634674072,0.14285714285714285,33.82931300571987,0.8595705376149068
07346045,-2.1646831184625626,0.6506010293960571,0.8618878722190857,0.9946797490119934,0.08959293365478516,3.96244078874588,-31.215048278046282,82.7978073599677,0.8112447304085758,1.1769920587539673,1.05,27.65981197357178,0.934623720922738
07359610,-1.3621955178678036,0.530062735080719,0.6888949573040009,0.9974684715270996,0.01652548834681511,3.46468947827816,38.1872539485397,-727.627768762504,0.8384003694088485,1.0428035259246826,0.1724137931034483,40.53078026607119,0.8441927789247157
07362100,-0.2242455491796136,0.6244787871837616,0.7106036841869354,0.9685395359992981,0.060828275978565216,8.28602910041809,-34.41320275864877,-5.457545125710304,0.7659270733679137,1.1794382333755493,0.45454545454545453,45.32366232438521,0.8530228092865001
07362587,-19.006235897541046,0.5350079536437988,0.6700898110866547,0.7563337683677673,0.03768165037035942,-18.28610897064209,-47.186454758408466,-33.7767180434783,0.6668526474360452,1.141288161277771,0.21428571428571427,41.28826005118234,0.8220910863243056
07373000,5.538877099752426,0.5299718677997589,0.6813214123249054,1.0588974952697754,0.05447132885456085,10.563632100820541,21.129476350132094,52.38238382575725,0.7788912652573826,1.153890609741211,0.20689655172413793,32.63878329046842,0.8525624272313661
07375000,1.8547303974628448,0.49937158823013306,0.6389287710189819,0.9776719808578491,0.05665970966219902,4.22869436442852,41.814092125923956,-74.3047295801879,0.7688205464371856,1.1397980451583862,0.4230769230769231,56.433714353121246,0.8172381169918547
07376000,3.5398337990045547,0.6541316509246826,0.8328867852687836,1.015346884727478,0.03373553976416588,-1.5288777649402618,32.06457899149544,-33.4952055501844,0.8936773642998863,1.066389799118042,0.3333333333333333,28.76699059097855,0.9183827802210427
08013000,10.529889911413193,0.5292541086673737,0.7281871140003204,1.093747615814209,0.1310480386018753,12.883299589157104,-41.81804398124519,16.511133702961974,0.6687834603057246,1.2971270084381104,1.0,29.866300026575725,0.8876108477084195
08014500,21.235673129558563,0.539559006690979,0.7642118334770203,1.203050971031189,0.13738425076007843,23.816318809986115,9.639563087056624,-30.218855210498713,0.6475603196141675,1.2786623239517212,0.7407407407407407,45.90881135728624,0.9269839696807267
08023080,-15.753059089183807,0.5684895515441895,0.7773323059082031,0.8321919441223145,0.05031605064868927,-15.571916103363037,-52.95390435229176,-60.95789107120277,0.7173056321237994,1.1960927248001099,0.3,37.59091138839722,0.8846561432414166
08025500,-16.344131529331207,0.6181459724903107,0.7411596775054932,0.7956785559654236,0.028948573395609856,-13.509957492351532,-14.193286439588004,35.304575004952135,0.732679568385898,1.1060467958450317,0.4166666666666667,42.47233072916667,0.8641065205501844
08029500,-13.323506712913513,0.5636756420135498,0.5204863548278809,0.7567383050918579,0.015921572223305702,-12.410152703523636,5.735149767039347,18.22931148951983,0.6277453741324462,1.0485434532165527,0.41379310344827586,39.20523215984476,0.722437777390325
08050800,26.024317741394043,0.10221707820892334,0.41241127252578735,1.047582745552063,0.12365150451660156,42.90527403354645,-60.89676025384592,-229.23433343787286,-0.13456324837238687,2.1004302501678467,0.125,66.80526733398438,0.7279284810963111
08066200,-10.370510816574097,0.5450002253055573,0.6651223301887512,0.9522640705108643,0.03232797607779503,-9.513552486896515,-3.1234712780614413,80.11014796045417,0.7671345939835033,1.1471096277236938,0.2857142857142857,53.663056237357,0.825912850026108
08066300,7.426350563764572,0.5117379426956177,0.591213583946228,1.0355148315429688,0.09511387348175049,6.0646820813417435,-3.2703973219482827,16.756868347327107,0.6964511043814618,1.2320787906646729,0.88,43.68278121948242,0.8075940133589091
08070000,-22.683829069137573,0.5335259735584259,0.7502170950174332,0.7745072245597839,0.054038383066654205,-20.42592763900757,8.973197488287251,23.801806419411676,0.6754354191807601,1.1961688995361328,0.5652173913043478,40.59456120366636,0.8734577611964295
08070200,-8.700674772262573,0.5908257365226746,0.7691905498504639,0.9108288288116455,0.046866368502378464,-8.274570852518082,-7.56207400682722,10.900001710145329,0.792756387594784,1.1425671577453613,0.8,34.62515640258789,0.8788677473004408
08079600,-66.84138774871826,0.49242836236953735,0.26415663957595825,0.2496243715286255,-0.05976088345050812,-66.88840389251709,-83.23170216709983,-583.4853123634882,-0.0001166289104137519,0.4322863519191742,0.43478260869565216,82.30730968972911,0.6610738997921812
08082700,-50.61604976654053,0.1982710361480713,0.23562711477279663,0.2584426999092102,0.010020137764513493,-41.88385605812073,-87.75518191741803,-3764653515625.0,0.12936979034050644,1.1899811029434204,0.6666666666666666,74.3662707010905,0.5852748944442915
08086212,-18.056321144104004,0.3234943747520447,0.5532234907150269,0.7251415848731995,0.04154559224843979,-13.006994128227234,-86.59018166908724,-184.91223108020972,0.4361526980496352,1.421264410018921,0.2777777777777778,50.02779960632324,0.7452198429977333
08086290,-33.42687487602234,0.46807771921157837,0.7196622788906097,0.6963562369346619,0.006040199194103479,-32.27536678314209,-78.12896711450861,-271.54673465270395,0.662417063779331,1.0593390464782715,0.5789473684210527,61.69138456645765,0.8649386008441398
08101000,-21.807247400283813,0.5512763261795044,0.7092933356761932,0.8101438879966736,0.02510257251560688,-17.639797925949097,-40.7253027072774,-31.389382000084193,0.7195141641037259,1.134337306022644,0.3333333333333333,46.47292296091716,0.8432184670186236
08103900,-33.50878357887268,0.5489074885845184,0.5025754272937775,0.6641207933425903,-0.046246495097875595,-31.25453293323517,-83.9664242984651,-135.21514048142546,0.5082646076403694,0.7853561043739319,0.7,68.3101224899292,0.7120471345780102
08104900,1.73086728900671,0.49794381856918335,0.5298031568527222,0.8029361367225647,0.017179489135742188,7.568753510713577,-43.694648417300556,-13.158901709840737,0.6513466835182206,1.1032919883728027,0.23529411764705882,60.894550996668194,0.7315680085721731
08109700,-40.458470582962036,0.5903416275978088,0.6191425621509552,0.6288627982139587,-0.036145955324172974,-39.98205065727234,15.437206158916647,2.832439888144828,0.554142143418164,0.8448123931884766,0.9523809523809523,57.60485785348075,0.8077418079293153
08150800,-26.779228448867798,0.4393000602722168,0.3183048367500305,0.6483820080757141,0.011159079149365425,-20.929883420467377,-25.488132609084964,-1.6991691501900663,0.436916940189911,1.0911613702774048,0.3333333333333333,72.7507061428494,0.5697478360666027
08155200,10.955718904733658,0.5680670738220215,0.44904786348342896,1.002962589263916,0.03822055459022522,8.052091300487518,-36.75916424568482,-22.67685179393275,0.6880354180277892,1.1492501497268677,0.5625,47.02705144882202,0.7260702347745738
08158700,43.53921413421631,0.5266642272472382,0.39243006706237793,1.3811020851135254,0.1048419401049614,39.1127347946167,-50.39467046266173,-45.11920203482675,0.45588418998849145,1.352312684059143,0.5,54.31255764431424,0.8366017500777755
08158810,-5.414450541138649,0.5536160469055176,0.401187539100647,0.8610527515411377,-0.006491551641374826,-8.367608487606049,-48.41650451054922,-47.08163494504442,0.6349606840399128,0.9730799794197083,0.5294117647058824,62.7564318039838,0.6635142249154116
08164000,6.342558562755585,0.6197025775909424,0.6290779113769531,1.152835488319397,-0.0049551306292414665,-3.6405127495527267,-32.91608041712181,-138.01250736050136,0.7842969981511799,0.9788129925727844,0.5925925925925926,51.65541966756185,0.8492677564917093
08164300,-13.440340757369995,0.5866666734218597,0.6486566364765167,1.0482085943222046,-0.009002436883747578,-16.230911016464233,-36.66417777874939,-7.340664117285677,0.8188216111374206,0.9471077919006348,0.5,58.097377190223106,0.8335549509697252
08164600,-0.845048762857914,0.5640453696250916,0.6687682569026947,1.03805673122406,0.026856161653995514,1.0283990763127804,-17.9589896899554,-6.872024543868192,0.7778613181199899,1.1509149074554443,0.4166666666666667,38.81758451461792,0.8415008835871863
08165300,100.83330869674683,-0.5984565019607544,-1.1666021347045898,1.6365463733673096,0.012367748655378819,109.47401523590088,304.2250790504633,-281.97657741792585,0.16448893552911348,1.057737112045288,0.25,145.10103861490887,0.46189789138224946
08171300,-3.404688835144043,0.6434826850891113,0.7328758537769318,0.9808661341667175,0.010406991466879845,-2.761427126824856,-23.43592350178257,-43.69175000567577,0.8554722340096896,1.0452370643615723,0.13333333333333333,39.64598019917806,0.8640743647122779
08175000,2.1553708240389824,0.6200365126132965,0.732598602771759,1.0076768398284912,0.007387192454189062,-0.12950763339176774,-0.2886593900483913,13.199610164109313,0.8594304403106773,1.0459485054016113,0.7142857142857143,46.12454459780738,0.8673742027626004
08176900,-16.73837900161743,0.529677152633667,0.6242254078388214,0.8552736043930054,-0.002726484788581729,-12.779401242733002,8.641558418057455,17.880063377168522,0.7463471839084164,0.9808639883995056,0.5,49.08144209120009,0.7925684821782761
08178880,-11.191420257091522,0.4470929503440857,0.42579108476638794,0.5072742700576782,0.022090379148721695,-1.5260117128491402,-0.4186241503820129,80.54028192869558,0.3754635784876297,1.2021455764770508,0.2,112.01819419860838,0.6738033372962805
08189500,0.9338289499282837,0.5549398958683014,0.7263749241828918,1.0713952779769897,0.04340852051973343,1.734839379787445,-2.39415143081624,-5.018071188742866,0.7122210672145157,1.2494689226150513,0.47368421052631576,29.122784263209294,0.875562525391158
08190000,-23.05109202861786,0.5341008305549622,0.638721227645874,0.7040591835975647,-0.02319461852312088,-18.29787790775299,10.939872802517899,-83.40463761220003,0.6310958914405519,0.8957049250602722,0.21428571428571427,44.88254615238735,0.8060107945208865
08190500,-8.87124314904213,0.08858436346054077,0.4557607173919678,0.6041399240493774,0.051088739186525345,2.6113133877515793,14.590442303756834,-15.37835794969648,-0.006404286144740423,1.8687095642089844,0.09090909090909091,52.63776779174805,0.6814280607292781
08194200,-47.93258309364319,0.30754315853118896,0.2817857265472412,0.4841351807117462,0.006368087138980627,-41.22629463672638,-79.77989355627582,-983.466483678318,0.3014424949704738,1.0624312162399292,0.7647058823529411,72.90678024291992,0.5331291192496828
08195000,28.587213158607483,0.3045881986618042,0.48768532276153564,1.0814422369003296,0.06521950662136078,34.8660409450531,16.76194963045145,45.1940250898471,0.6135142772404248,1.2983149290084839,0.5833333333333334,71.49759928385416,0.7681669154837364
08196000,29.54002022743225,0.1808410882949829,0.22542273998260498,1.0154297351837158,0.07965047657489777,35.058799386024475,-27.986410995957055,72.14439392959869,0.3524537347564187,1.5254247188568115,0.0,109.88993925206802,0.6218373977806486
08198500,0.943297054618597,0.4217682480812073,0.5261504054069519,0.7849403023719788,0.027454569935798645,5.109358951449394,174.25776756835705,30.196285056793148,0.4773168892218881,1.391176700592041,0.2,65.98111629486084,0.728103421016827
08200000,-2.496650069952011,0.39872974157333374,0.49643391370773315,0.6085942983627319,0.035335782915353775,7.204931229352951,-38.7289062093933,-15.66470240619086,0.4134091952688207,1.3295789957046509,0.3,56.85266971588134,0.7131759519996204
08202700,29.180926084518433,-0.041330695152282715,0.5093749463558197,0.8685993552207947,0.05308111384510994,47.473180294036865,1142973232.269287,-2174356835937.5,-0.3915971835924368,2.358642816543579,0.3333333333333333,58.78166622585721,0.7291378782691424
08267500,-6.907282769680023,0.49344974756240845,0.672784686088562,1.0022436380386353,0.17024601995944977,-3.3638548105955124,2.1369208519543292,62.64483950785422,0.7351212573141181,1.2191355228424072,1.6923076923076923,32.86626889155461,0.8512205086586527
08269000,37.386852502822876,0.650073230266571,0.7341720163822174,1.2207543849945068,0.14648377895355225,29.234647750854492,-9.649661270602856,48.37434689017493,0.6724961260567077,1.2282662391662598,1.4166666666666667,24.57349101702372,0.9198700242702346
08271000,3.80377396941185,0.5279496610164642,0.7543962746858597,1.0094211101531982,0.17872241139411926,4.010364040732384,2.9528094628910755,2.4926282095625307,0.7575902814678428,1.2179040908813477,1.4285714285714286,31.07428550720215,0.8942100122908865
08324000,3.1296484172344208,0.5329287052154541,0.7663374692201614,0.9911802411079407,0.14393232762813568,3.1997118145227432,-17.63116256117109,62.291987256103475,0.7614298778483528,1.2128548622131348,0.85,39.8543906211853,0.8926187974142344
08377900,2.923710085451603,0.6467756628990173,0.7838035970926285,1.05038321018219,0.025997033342719078,4.372300952672958,3.9264977046326788,-555.3025570407087,0.8788667945922604,1.0430843830108643,1.25,34.3722403049469,0.8986169564243405
08378500,13.769172132015228,0.5728972256183624,0.6610637009143829,1.2299612760543823,0.10310419648885727,15.562593936920166,23.490245703157832,-795.09620440959,0.7018423981119688,1.1532310247421265,1.25,43.84491145610809,0.8880356300623288
08380500,-8.53450745344162,0.4170156717300415,0.3086833357810974,1.0177875757217407,0.06527761369943619,3.112553432583809,-30.251518916692817,62.879397731172794,0.642974427336133,1.1154699325561523,0.8181818181818182,57.69091952930797,0.662631423571514
09034900,-3.011525981128216,0.7733039408922195,0.9185808002948761,0.9719445705413818,0.018509207293391228,-1.3299457728862762,-27.174394938418494,-1100.7819428416458,0.9399468145313327,1.033366084098816,1.0,14.6465269724528,0.9586964602638297
09035800,4.275723919272423,0.7139910757541656,0.8294450640678406,1.126381278038025,0.07390493899583817,6.925176829099655,3.428490321704529,-1431.6285415348702,0.8184246960124298,1.1123193502426147,0.9333333333333333,28.25089772542318,0.9338053843524204
09035900,13.075537979602814,0.7782340496778488,0.9156115353107452,1.1140429973602295,-0.014324694871902466,11.413796991109848,12.764532205766313,-1708.2857470105105,0.8797515351262797,0.9791824817657471,1.0,18.34949493408203,0.9680544370507016
09047700,-8.520844578742981,0.6428625285625458,0.7668438255786896,1.0573999881744385,0.03354296460747719,1.6083884984254837,0.3543849817471021,26.19831481651692,0.868526606366064,1.0478743314743042,1.2307692307692308,40.55493428156926,0.8918401970365762
09065500,-24.576324224472046,0.7855936288833618,0.8952311724424362,0.8430976867675781,-0.04278906062245369,-20.768524706363678,-14.628897463863202,40.79252000098801,0.8191249431549825,0.9229280948638916,1.0,30.022102991739906,0.9535524841386108
09066000,-6.757304817438126,0.8353172838687897,0.94725701212883,0.9796804189682007,0.0027022857684642076,-4.53556515276432,0.3275926220835765,52.79523249480127,0.9660295244026526,1.0052918195724487,0.8,15.059706370035808,0.9732959837362473
09066200,-23.897741734981537,0.7699392586946487,0.8592536598443985,0.8163079023361206,-0.059803556650877,-19.770798087120056,-21.48328933633829,-50.936989079964135,0.7753847043231756,0.8873236775398254,1.3333333333333333,35.60680707295736,0.936649462001639
09066300,-3.4354932606220245,0.7368979752063751,0.8855559229850769,0.9130418300628662,0.04666348546743393,-5.453132092952728,-30.691406605379395,-7.669090700631391,0.8572848274092802,1.097561240196228,1.2666666666666666,31.4250119527181,0.9426615174585393
09081600,2.538755163550377,0.8155083656311035,0.9334730133414268,1.0395742654800415,0.038400936871767044,4.601068794727325,-10.8996752492324,-916.7801814147625,0.9258355901014381,1.0547893047332764,1.0,19.86391693353653,0.9694652772378515
09107000,-10.636480152606964,0.7429332435131073,0.9148782789707184,0.9181910753250122,-0.09670630097389221,-8.902281522750854,-10.778219624915705,33.646260566874616,0.8508993234643929,0.8811582326889038,1.1333333333333333,22.710045178731285,0.9623842329697613
09210500,11.786162108182907,0.6986798346042633,0.8467632979154587,0.9678662419319153,-0.045058928430080414,6.426674127578735,-19.099057189300623,50.71633925216077,0.8984621944054534,0.9429148435592651,1.0666666666666667,41.730146408081055,0.9224201542182857
09223000,27.244827151298523,0.7209143340587616,0.8822886794805527,1.1268775463104248,0.0924457460641861,21.788455545902252,-14.28113941326385,38.633776085883085,0.7816575690193492,1.1728302240371704,0.8,26.781673431396484,0.9587057017489369
09306242,12.080610543489456,0.04612797498703003,0.49413812160491943,1.1388972997665405,0.27549242973327637,7.778669148683548,-9.96379628865283,-579.8137501166744,0.36063198547370756,1.5974888801574707,1.7777777777777777,72.33880890740288,0.8197056955835025
09312600,-9.945309907197952,0.6831841468811035,0.8381007760763168,0.8459340929985046,-0.0015213167062029243,-16.025397181510925,-30.021790998960608,-5.654978281499661,0.825595651989516,0.9965410232543945,1.3333333333333333,33.30295284589131,0.9183384522272451
09352900,-4.381115734577179,0.6795638799667358,0.8278695046901703,0.9263704419136047,-0.005301642697304487,-3.1592849642038345,-21.278693426123006,-19.96019626246709,0.8835153027543546,0.9926689267158508,0.9545454545454546,40.44244506142356,0.9100354056702624
09378170,-10.712578147649765,0.39096927642822266,0.6300148367881775,0.9936860203742981,0.1262103170156479,0.5731297191232443,-29.133030183383646,-29.062311839502613,0.48554828008181117,1.482586145401001,0.9,55.70256233215331,0.8218671337033147
09378630,35.30367314815521,0.2548850178718567,0.2396475076675415,1.4847586154937744,0.2892720401287079,40.77801704406738,-79.43165603811731,-201.43630565083086,-0.12596239091571748,2.005324363708496,1.2727272727272727,75.32783855091442,0.851260919072003
09386900,-42.050954699516296,0.31178730726242065,0.4103572368621826,0.5390119552612305,0.022320780903100967,-32.42141902446747,-37.53601848778022,-64.06847452061065,0.4005807460656682,1.1572595834732056,0.8333333333333334,79.38094139099121,0.6506250037553473
09404450,50.37069320678711,0.29952287673950195,0.48350173234939575,1.5158402919769287,0.24771232903003693,56.98426961898804,-26.525473931284942,26.36563442514579,0.4107766881653421,1.2778570652008057,0.9047619047619048,42.0499392918178,0.9376433187176011
09430500,-4.316722601652145,0.3950687646865845,0.5922218859195709,0.8637901544570923,0.03971579670906067,-0.10487609542906284,9.051573587996772,-91.57210486663774,0.7183185348279075,1.1021836996078491,0.5882352941176471,49.998608757467835,0.7756123503106136
09430600,-45.058488845825195,0.510116696357727,0.3356750011444092,0.40752503275871277,-0.028957318514585495,-42.65645444393158,-42.087569558446184,78.59047577099393,0.27641904183201604,0.8400753140449524,1.125,73.41166138648987,0.6166373635343257
09447800,58.42472314834595,-0.48036015033721924,-1.3459794521331787,1.8776004314422607,0.15278591215610504,52.53823399543762,-3.0894809291390155,-420.22445552892356,-0.15365267627129753,1.6243561506271362,1.2857142857142858,81.05652672903878,0.5865857073414735
09480000,-46.776172518730164,0.254821240901947,-0.034134626388549805,0.6046329140663147,-0.025217797607183456,-42.66969859600067,468.50977890802915,40.70807192219159,0.13896958794883985,0.7573592066764832,1.0,85.89520454406738,0.2746148035335771
09484000,-37.5883013010025,0.26564550399780273,0.12229394912719727,0.5461873412132263,0.017755474895238876,-30.8377742767334,-84.75118996846196,-113.08017222435649,0.23193432727635832,1.0785208940505981,0.75,81.83945020039877,0.385334710969625
09484600,-69.03025507926941,0.25083422660827637,0.1896551251411438,0.4062916934490204,-0.02826678939163685,-68.23000907897949,663.9172438032197,35.36805331503834,0.16628656946301645,0.8380975127220154,0.7777777777777778,85.48897637261284,0.43752678676819134
09492400,-10.160831362009048,0.5504530966281891,0.7224999964237213,0.9130979180335999,-0.08641050010919571,-11.38424202799797,15.589859719676532,-859.5831814188266,0.800297394978582,0.8919698596000671,0.45454545454545453,43.088726563887164,0.856268836477901
09494000,-1.786656305193901,0.5933500826358795,0.636660635471344,0.9521459937095642,0.028154470026493073,-1.490700151771307,-18.581937354857644,-193.8699616634512,0.7998959611964014,1.0442945957183838,0.5714285714285714,47.421046665736604,0.8108185812041468
09497800,7.595276087522507,0.3912920355796814,0.6279633343219757,1.0554776191711426,0.027522854506969452,6.837278604507446,10.681140334011092,15.936447078546095,0.8026609161687878,1.073764443397522,0.7368421052631579,67.08069349590102,0.825575934376309
09497980,-16.993848979473114,0.47748667001724243,0.7289455533027649,0.7208535075187683,0.05325021594762802,-10.714269429445267,42.06718222229059,-1180.1756484561213,0.5531176336477122,1.323046088218689,0.4166666666666667,54.221745332082115,0.8680064017512624
09505200,26.717257499694824,0.4100543260574341,0.20161330699920654,1.3058868646621704,0.0551382377743721,15.102985501289368,827.8873209559549,-3558.477335820185,0.5442534343202455,1.204790711402893,0.7368421052631579,63.13370654457494,0.731301427843141
09505350,10.481773316860199,0.5285555422306061,0.4803045988082886,1.1629343032836914,0.06343230605125427,4.882245138287544,-72.35321957594198,-3234581640625.0,0.5905625282442832,1.3112337589263916,0.8125,54.71423864364624,0.7897025834782553
09505800,22.781170904636383,0.3067989945411682,0.02736729383468628,1.3310470581054688,0.0625959187746048,18.725988268852234,626.2335801665181,-3693.528760574025,0.47124210178501535,1.256596565246582,0.3333333333333333,97.40184942881265,0.6772757168292118
09508300,-35.76007783412933,0.4936111569404602,0.5943326950073242,0.5976928472518921,0.012020844034850597,-29.201337695121765,-70.67666437092026,-112.81943540966697,0.5393932960919439,1.0935695171356201,0.38461538461538464,62.846711965707634,0.7961563442347025
09510200,-29.76045310497284,0.5901195406913757,0.7552239745855331,0.7574453949928284,-0.014064252376556396,-29.8324853181839,-60.984553814445675,-66.45466057826661,0.7045445790216243,0.884124219417572,0.6153846153846154,69.77020410391,0.8773868977240313
09512280,-3.6173973232507706,0.35278457403182983,0.46679461002349854,0.7795261144638062,0.022586936131119728,1.0545706376433372,13.199566104475382,-198.3443572899347,0.4866648611608295,1.3442291021347046,0.5833333333333334,68.43554178873697,0.6894995075573328
09513780,-14.055770635604858,0.5008337795734406,0.4129464626312256,0.6838045120239258,0.0018792327027767897,-13.635633885860443,-82.02571344557812,-1886.6627285522982,0.5231501824954563,1.0237748622894287,0.75,86.95981502532959,0.6438526740788194
10023000,-8.985668420791626,0.2666034698486328,0.399618923664093,0.80022794008255,-0.11884801089763641,-5.6890759617090225,-47.14171241471382,51.22523012685091,0.5861900815788763,0.8783594965934753,0.75,39.15844261646271,0.6586301703561911
10166430,-3.5860810428857803,0.4905197024345398,0.6737816631793976,1.018408179283142,0.09212357550859451,-0.6097253877669573,-34.86114189786668,68.73255446612913,0.7750449088365665,1.1611943244934082,1.0,42.01655387878418,0.8441721407227122
10172700,95.27608156204224,0.1383908987045288,-0.3235052824020386,1.8639655113220215,0.2778063118457794,87.3262107372284,2.2162093166580012,56.47768160759926,0.09768947575762099,1.2230397462844849,0.7272727272727273,32.20530206506903,0.8659061933496283
10172800,20.990604162216187,0.6174107789993286,0.7497213780879974,1.1840388774871826,0.060164012014865875,20.799776911735535,-2.5392926175537385,24.304504992697545,0.7848654184951632,1.0658656358718872,1.8,24.03325080871582,0.9101429037654176
10173450,-26.120921969413757,0.6485519111156464,0.8212123811244965,0.7280264496803284,-0.07869521528482437,-28.08123230934143,-24.97730178237623,-262.09726630537665,0.6737025664825621,0.8329298496246338,1.0,42.33382665193998,0.9322654600655442
10205030,-14.455917477607727,0.5840329229831696,0.8336819112300873,0.9181175827980042,0.06763370335102081,-11.544997245073318,-2.6957063934510925,73.31067281051006,0.8577379333960546,1.080030083656311,1.2,23.459973335266113,0.9155668841179746
10234500,-26.95331573486328,0.6906285285949707,0.8518901765346527,0.79248046875,-0.023015037178993225,-26.43565535545349,1.0937608505119971,-954.9352217533565,0.7799928853870703,0.9685292840003967,1.0,27.952090331486296,0.9340578384903909
10242000,-22.179007530212402,0.6987220048904419,0.8449684381484985,0.8001232147216797,-0.02121364139020443,-18.651460111141205,-13.317440552505236,-35.25607312159625,0.782989058109411,0.9551480412483215,0.8823529411764706,47.384082569795495,0.928366757694611
10244950,-12.193827331066132,0.4253852367401123,0.6913038790225983,1.0399364233016968,0.05591528117656708,-8.581941574811935,18.5032404573033,33.41250175839664,0.8395535463635602,1.0528029203414917,0.7777777777777778,25.695474942525227,0.853849398968776
10249300,-41.69813692569733,0.599777340888977,0.6648365259170532,0.5845425128936768,-0.14070269465446472,-41.18887484073639,-5.735560560699969,24.993930039174916,0.4928083309818968,0.7359418869018555,1.6153846153846154,55.265921812791085,0.8778862070210088
10258000,1.9397232681512833,0.49049484729766846,0.8173617720603943,0.9486851096153259,0.08900627493858337,3.1445931643247604,-90.82110317303972,87.03383921267492,0.6382550892530741,1.346410870552063,0.9,67.50793933868408,0.909304513676412
10258500,100.55972337722778,-0.18615221977233887,-0.8957891464233398,2.0948779582977295,0.22909648716449738,110.75940132141113,-76.25702235193455,-2678772265625.0,-1.1401115490231115,2.832390069961548,0.7272727272727273,201.63047096946022,0.8461613501027406
10259000,22.83886820077896,0.185310959815979,0.784270390868187,1.0428258180618286,0.14331762492656708,33.182623982429504,9.20541521346939,75.22136977556895,0.6353944885566287,1.3500120639801025,0.3076923076923077,40.85902800926796,0.9072924849291814
10259200,52.274227142333984,0.15285950899124146,0.3721897602081299,1.2967534065246582,0.11372604966163635,62.546443939208984,-58.75978976016108,-262.1446880506833,-0.13763163397531475,2.0792970657348633,1.0,100.29487609863281,0.796871975755511
10263500,-42.47339367866516,0.4844173789024353,0.6656494736671448,0.5563321709632874,-0.15165232121944427,-44.2629873752594,-11.523021936305659,-791.0770027126422,0.3763965818582572,0.5740324258804321,0.5833333333333334,70.49452463785806,0.8970839837799478
10310500,-50.40343999862671,0.28718817234039307,0.46564197540283203,0.5054526925086975,-0.35979485511779785,-47.629839181900024,17.22698015991753,48.26694127566823,0.3655608386592789,0.6356069445610046,0.9411764705882353,51.22032165527344,0.841400784227494
10316500,-26.8794447183609,0.7228223979473114,0.8515316545963287,0.8007753491401672,-0.03943560644984245,-23.35459291934967,-36.952664216541265,27.7669738650423,0.7756063045407393,0.9213879108428955,0.8,35.88493347167969,0.9330507020948193
10329500,26.397383213043213,0.6013417541980743,0.5167993307113647,1.3252454996109009,0.061892058700323105,24.49968010187149,-18.53702835861238,13.08828458107794,0.6285192838396885,1.1111149787902832,0.6,45.109198888142906,0.8590505446968018
10336645,4.193844646215439,0.7497122883796692,0.822695180773735,1.030840277671814,-0.004303646273910999,-1.1056764051318169,6.192462388849881,-10.00058159822273,0.9086901433423397,0.9915727972984314,0.6111111111111112,26.287680202060276,0.9144701838503404
10336660,-3.0280478298664093,0.7519496083259583,0.8777678534388542,0.8959475159645081,0.024618126451969147,-2.1225115284323692,-10.559096156717025,35.72211513089603,0.8693661884903474,1.049141526222229,0.7222222222222222,21.736417876349556,0.9381664842004508
10336740,-23.789839446544647,0.3823115825653076,0.530817449092865,0.6366957426071167,-0.233185812830925,-30.932432413101196,-43.48480528258688,-401.5569397585697,0.4661452719332517,0.6780005693435669,1.0,52.26245679353413,0.7779026026799046
10343500,-25.890249013900757,0.6722140610218048,0.780189722776413,0.7768408060073853,-0.047806236892938614,-27.057039737701416,12.750153307362455,-1324.6361463732153,0.7321778499184557,0.8986353278160095,0.6666666666666666,33.17604064941406,0.8920468553311208
10348850,-49.67537224292755,0.538470447063446,0.3894423246383667,0.45795491337776184,-0.03094054013490677,-37.72769570350647,-7.658566444762499,30.495717929354914,0.35474357802221324,0.9394219517707825,0.9285714285714286,32.2887863431658,0.6552199625195733
10396000,-4.839534685015678,0.5953472852706909,0.7474481463432312,1.0618270635604858,0.1316377818584442,-0.6031783297657967,1.9438645121684983,15.00889816343635,0.7871353642343086,1.1720921993255615,0.6363636363636364,29.28882295435125,0.8910365093141775
11098000,-25.42526125907898,0.6899957954883575,0.7950876206159592,0.7459052205085754,-0.026238663122057915,-21.328341960906982,-43.13741621784361,92.21416276518934,0.6876396886739917,0.844306230545044,0.16666666666666666,52.770678202311196,0.906382387982858
11124500,5.553942546248436,0.5755703151226044,0.7549374848604202,1.0617060661315918,0.0720512792468071,7.054831087589264,-63.61374322238825,86.15874602333213,0.6587441458403398,1.3166840076446533,0.0,49.11768436431885,0.8888282468298533
11141280,-14.318729937076569,0.5629236400127411,0.697532445192337,0.8996734023094177,-0.04363453388214111,-12.87992000579834,19.48770503050566,-36.77013368613424,0.7833485806577181,0.8960410952568054,0.2857142857142857,51.43446581704276,0.8385535462654793
11143000,-22.313304245471954,0.6625204384326935,0.7698957026004791,0.8815621137619019,-0.023129401728510857,-21.013765037059784,27.14776465144686,0.9470915167648287,0.823485546463482,0.9532583951950073,0.4117647058823529,39.252887052648205,0.8777500846994126
11148900,-5.654104053974152,0.6544304490089417,0.7900572717189789,0.9483931660652161,0.046878572553396225,-4.122338816523552,-82.63473287129261,77.8652475598783,0.7884664127623096,1.1743361949920654,0.13333333333333333,40.620997746785484,0.8918793066218971
11151300,-36.334264278411865,0.5757279396057129,0.666554719209671,0.6134964823722839,-0.04932031035423279,-36.78310215473175,17.592512386436745,12.653411022553811,0.5118708733275794,0.7412083148956299,0.6666666666666666,66.6438357035319,0.8519731818614534
11162500,-13.713526725769043,0.7773202210664749,0.9006108939647675,0.9082372188568115,-0.01953408308327198,-10.205525904893875,6.71552241159851,-9.397542679862719,0.8794663605773536,0.9398255944252014,0.1111111111111111,33.13426706526015,0.9501302582415402
11176400,26.561760902404785,0.5268262624740601,0.48775023221969604,1.2860769033432007,0.09048210829496384,21.25817984342575,-88.66559053781869,-149.18254161683532,0.48095833688688294,1.4007724523544312,0.2,38.26410929361979,0.835848561216751
11180500,-26.828643679618835,0.6810437440872192,0.7674814760684967,0.8028575778007507,-0.05168398469686508,-28.289136290550232,-79.12473390045824,-314.24870435287767,0.6880728688470679,0.7895554304122925,0.35294117647058826,57.945189756505634,0.8810610087071696
11180960,-24.4981586933136,0.6552111208438873,0.7747390568256378,0.7617636919021606,-0.06347046047449112,-22.089944779872894,-25.986627614927727,0.6266104352357988,0.6324907959801537,0.7418301105499268,0.29411764705882354,47.00527752147001,0.8920426717422604
11224500,17.195938527584076,0.381050169467926,0.43200671672821045,1.0977141857147217,0.08366280794143677,21.601857244968414,-75.42403709108258,-159.41177576219033,0.5033069596833253,1.4172109365463257,0.6153846153846154,44.50716605553261,0.7488208833615569
11230500,45.37084996700287,0.48983633518218994,0.4733163118362427,1.4615681171417236,0.22236712276935577,46.62832021713257,10.033453560265892,-572.2578759022175,0.4165922149874919,1.3451826572418213,0.9444444444444444,32.296013832092285,0.9096205222911733
11237500,16.848014295101166,0.6432166695594788,0.655383288860321,1.1397291421890259,0.08691718429327011,19.867080450057983,-34.22597424045846,-11.209435483939911,0.7252259075122347,1.1912353038787842,0.47368421052631576,39.856629622609994,0.8606959179493184
11253310,-0.12046436313539743,0.43332505226135254,0.5723089277744293,0.9111133813858032,0.07508634775876999,8.589164912700653,-86.39824313573797,-235.05625617813536,0.5323302722394728,1.3989471197128296,0.16666666666666666,46.14497820536296,0.7727218906982524
11264500,9.491848945617676,0.6774972677230835,0.7880658209323883,1.1480226516723633,0.10755150765180588,16.317954659461975,-17.970763613990133,25.05561866721557,0.7579881130065782,1.1749804019927979,0.6842105263157895,24.14409737837942,0.9222767283470529
11266500,-0.4042925778776407,0.715784341096878,0.837905764579773,1.055551290512085,0.06792017817497253,8.037257194519043,-24.786094114753475,10.742280705984049,0.8574451758728601,1.1090285778045654,0.65,32.73129224777222,0.9268651845816538
11274500,-0.12946887873113155,0.526057630777359,0.8347893953323364,1.0074678659439087,0.08248049020767212,1.9343482330441475,-72.86047047108191,-3846.8617560654466,0.4789818308778735,1.5150028467178345,0.35714285714285715,40.813279151916504,0.9214109969134144
11274630,25.87040364742279,0.5302352905273438,0.5972869396209717,1.2267743349075317,0.06350040435791016,22.049733996391296,-77.09107830679996,-102.84095916246578,0.5723624741528341,1.3337905406951904,0.23076923076923078,46.75818590017465,0.8584686272152194
11284400,-20.481207966804504,0.6593747138977051,0.7689550220966339,0.8114911317825317,0.01500584278255701,-18.674173951148987,-84.39327418819235,63.4983291929488,0.7652210501544233,1.071467638015747,0.11764705882352941,39.186960108139935,0.8796756940164991
11299600,-25.90026557445526,0.6823545694351196,0.7410749197006226,0.7846356630325317,-0.0022581485100090504,-22.77427911758423,-77.74376203271964,-130.42086029961578,0.7453770005865508,0.9896191358566284,0.25,47.91383445262909,0.8645625168112572
11381500,-19.200658798217773,0.6368362307548523,0.8005603551864624,0.8082173466682434,-0.11382811516523361,-15.305542945861816,20.56861134742276,-164.44906722642978,0.7390352194609615,0.8491857647895813,0.15,30.290880203247074,0.9073873819573366
11383500,-17.45956391096115,0.6961385905742645,0.7917531728744507,0.7830711007118225,-0.05618196725845337,-14.916199445724487,16.435272876557164,-196.75689340643504,0.7414896303511223,0.9020839333534241,0.21052631578947367,25.800805342824834,0.8990945602948855
11451100,-3.7978675216436386,0.5278842151165009,0.6544146537780762,1.0279790163040161,0.12629267573356628,-1.005843374878168,-10.646163431108965,83.50990962271949,0.6249249007771831,1.3381037712097168,0.0,33.22174172652395,0.8400489306149128
11468500,-2.746402658522129,0.7860298603773117,0.8790911361575127,1.001772165298462,0.018240297213196754,-0.5811292678117752,22.107489219281906,-332.67022823554964,0.9247241876107986,1.0451850891113281,0.3888888888888889,17.43844085269504,0.9398201438767878
11473900,-27.66742706298828,0.7051132321357727,0.7966812252998352,0.7646616697311401,-0.03305231034755707,-23.24533611536026,-29.22600660983384,39.006784772956685,0.7366663210962652,0.9311444163322449,0.23809523809523808,32.86606697809128,0.9039822654453195
11475560,-38.10899257659912,0.7280100882053375,0.754239022731781,0.6538812518119812,-0.07467348873615265,-34.60228443145752,-7.523311321248139,-522.7811940673414,0.6013781530791775,0.8249943256378174,0.16666666666666666,46.61540455288357,0.9079445659596125
11476600,-4.918480664491653,0.7098333239555359,0.7858175784349442,0.9612573981285095,-0.031053071841597557,-2.007310651242733,-6.158262876788307,-248.78835010953205,0.866633998429425,0.9355177283287048,0.3333333333333333,33.88550811343723,0.8898748992497211
11478500,-26.305440068244934,0.6863158345222473,0.772550493478775,0.7623300552368164,-0.10718581825494766,-26.97291672229767,-11.063046247827955,-315.3274862230302,0.6547331685360486,0.7724438309669495,0.21052631578947367,40.55218947561164,0.895403765840143
11480390,-26.03759765625,0.6816658079624176,0.74474236369133,0.7481808662414551,-0.0921594575047493,-27.32967436313629,-39.49963912695812,-36.07789358864163,0.6414978462790613,0.7761765122413635,0.1111111111111111,37.66963746812608,0.8774685166040694
11481200,-19.9929341673851,0.6998927295207977,0.8053770363330841,0.8457986116409302,-0.051390908658504486,-17.161744832992554,11.72400301989504,3.784602405865013,0.7875125046817392,0.8928292989730835,0.18518518518518517,49.43034560592086,0.90056505475356
11482500,-14.834271371364594,0.7047194838523865,0.8260580152273178,0.8461100459098816,-0.10620465874671936,-13.790145516395569,-13.243063863075191,48.68881706657743,0.7406112955134486,0.8080229163169861,0.13636363636363635,41.89000129699707,0.9178709467611016
11522500,-31.833240389823914,0.6753900051116943,0.7709541320800781,0.7919573187828064,-0.039170026779174805,-25.8210688829422,7.502446107151192,23.354879449428005,0.755539431543824,0.9456814527511597,0.2916666666666667,35.64425706863403,0.8836870267482885
11523200,-3.6836471408605576,0.6960107386112213,0.7898802608251572,1.0296164751052856,0.06256271153688431,0.7817521691322327,6.977550732767133,-4.8665541749523396,0.8610633153833307,1.0921083688735962,0.17391304347826086,30.770863657412324,0.9002888415569482
11528700,-22.97884374856949,0.7041214108467102,0.7875920087099075,0.7662783861160278,-0.1229776069521904,-21.326592564582825,-14.485228641510703,30.665082169617953,0.6572255317277804,0.767183244228363,0.16666666666666666,32.70972039964464,0.9069145471368149
11532500,-3.372097387909889,0.7867017835378647,0.9167798534035683,0.98392653465271,-0.014369498938322067,-2.510211057960987,8.130576181095757,-65.17821324358076,0.9490771621045693,0.9762035012245178,0.3333333333333333,24.264365434646606,0.9579463940061942
12010000,-2.3785965517163277,0.7575218826532364,0.8970531523227692,0.9801620841026306,0.019924838095903397,-1.7863137647509575,4.191853950229219,8.188249074940018,0.936192446936862,1.0310194492340088,0.25925925925925924,24.337153964572483,0.9478880561677765
12013500,-7.691127806901932,0.7683122903108597,0.8917786180973053,0.9007388949394226,-0.027178961783647537,-10.036379098892212,-12.352849159600542,27.204514378918088,0.8791381952679135,0.957364559173584,0.3076923076923077,25.00755420097938,0.9458056455819684
12020000,-23.08349609375,0.695293664932251,0.6562026143074036,0.7404894232749939,0.023962022736668587,-15.916474163532257,-6.787569991042824,30.653205767555473,0.6765391993945303,1.0508008003234863,0.36363636363636365,26.698966459794477,0.8137194889885703
12025000,-7.477674633264542,0.7939661145210266,0.9078755155205727,0.9332407116889954,-0.029615039005875587,-8.779460191726685,-7.4120598640539,0.8198706584395534,0.9071940050664499,0.9553464651107788,0.4,28.355165481567386,0.9535004092307104
12025700,-18.649442493915558,0.7165683507919312,0.846140056848526,0.8176053166389465,-0.05388800427317619,-19.59972083568573,-8.205635210645262,-38.72308705147765,0.7887891494100953,0.9214994311332703,0.32142857142857145,34.419277736118865,0.9280287308981429
12035000,-9.764414280653,0.796499952673912,0.9264221787452698,0.8976321816444397,-0.07608368992805481,-9.79427918791771,-6.552570726883763,-9.24483343686355,0.8485215594552259,0.8930070996284485,0.08,20.735692977905273,0.9680771714116224
12040500,-22.334003448486328,0.6889563500881195,0.8413214087486267,0.7690550088882446,-0.13352888822555542,-21.77681177854538,-4.2169858755728855,8.714039372134025,0.6955897227513695,0.8100188970565796,0.1935483870967742,38.95908786404517,0.9431035282343379
12041200,-20.19132226705551,0.5194476842880249,0.7621035128831863,0.7881280779838562,-0.2079126089811325,-19.928905367851257,-2.8098130680454787,15.161414327362605,0.6729270889591694,0.7696572542190552,0.38235294117647056,36.135233149809,0.9049779117046823
12043000,-15.527820587158203,0.6807183623313904,0.8245866149663925,0.8351883292198181,-0.10434708744287491,-13.624058663845062,-15.475322200573375,22.99738846624146,0.756048058291149,0.8400400280952454,0.26666666666666666,34.950599670410156,0.917765758796024
12048000,8.39516669511795,0.4842241406440735,0.5754750370979309,0.9878260493278503,-0.0993400514125824,1.8620744347572327,-3.9382113203701574,-23.917159037901108,0.7724238765508231,0.9126893877983093,0.6,31.490484873453777,0.7901916496272061
12054000,-23.111701011657715,0.5446998775005341,0.7121680974960327,0.7622537016868591,-0.11348602920770645,-24.507886171340942,-6.918749134814596,-15.355957277509003,0.6931929085699434,0.8693153262138367,0.375,40.70306420326233,0.856721233158663
12056500,-21.133148670196533,0.5145193338394165,0.6860445439815521,0.7352107763290405,-0.15043757855892181,-24.243241548538208,-0.514555166180492,-8.90600277276462,0.6434282889827265,0.8145336508750916,0.4375,48.565977811813354,0.8495596946699652
12073500,1.518227532505989,0.677121102809906,0.8372344225645065,1.0550380945205688,0.03002992831170559,6.558765470981598,32.236611472939344,-40.940086146721015,0.8973869036814563,1.0428255796432495,0.2857142857142857,25.095626286097932,0.9247256656233791
12082500,-12.278750538825989,0.5946154892444611,0.8295207023620605,0.8677485585212708,-0.07316820323467255,-12.834861874580383,-6.626059041266766,32.26505893849214,0.8290318825856953,0.9328949451446533,0.22580645161290322,23.552350075014175,0.9149319977203493
12092000,-15.408477187156677,0.5211144089698792,0.7611497640609741,0.7831170558929443,-0.1185486763715744,-19.119836390018463,-21.86328960413069,19.066237131263847,0.7365501923279223,0.9026003479957581,0.3235294117647059,30.71451748118681,0.8865059582737357
12095000,-11.048953235149384,0.6714445352554321,0.8766060546040535,0.8765439987182617,-0.036662373691797256,-11.195764690637589,-1.3048533166156528,17.978856072908087,0.85416657688697,0.951895534992218,0.24242424242424243,31.66980743408203,0.9390741147729263
12114500,12.584131956100464,0.6421089768409729,0.7826521843671799,1.0680769681930542,0.00012271410378161818,9.409402310848236,-6.564268192351943,8.668604139330387,0.8793757179103551,1.000140905380249,0.2903225806451613,26.70015212028257,0.9004222716820778
12115000,10.645540058612823,0.6341687440872192,0.7916141301393509,1.101381778717041,0.028290728107094765,12.93395459651947,-3.5873013700631287,19.73958806739396,0.8606041264901859,1.0336109399795532,0.36666666666666664,26.964057286580406,0.9104274081572723
12115500,3.9983928203582764,0.6338060796260834,0.8372180163860321,0.9922308325767517,-0.0011123201111331582,6.947783380746841,-10.752357330483544,40.31716790916588,0.9176212066900927,0.9984644651412964,0.3333333333333333,26.891647685657848,0.9180027576229318
12117000,4.1785430163145065,0.7133370637893677,0.8637914508581161,1.0321097373962402,-0.026227543130517006,1.5324600040912628,8.413006122364179,-19.801491094046543,0.9230842268721243,0.9746994972229004,0.2857142857142857,24.63365282331194,0.9348472143386846
12141300,1.6386078670620918,0.639207273721695,0.8461125940084457,0.9984821081161499,0.0364387184381485,3.326686844229698,-10.789906418121154,17.055291280792524,0.9118172573873884,1.0440199375152588,0.3333333333333333,26.440903634736035,0.923605385006116
12143600,-6.012750044465065,0.665900707244873,0.864695742726326,0.940648078918457,-0.006076531950384378,-3.7654265761375427,-0.3302127501901481,10.640149647346883,0.9078857352770663,0.9923599362373352,0.375,23.123909533023834,0.9299713154837289
12144000,-1.4747698791325092,0.6448429524898529,0.8598586171865463,1.0000660419464111,-0.0651249960064888,-0.36688935942947865,7.760267294212738,-2.5552653083499006,0.9048170158198472,0.933342695236206,0.28125,24.552316963672638,0.9320544347471652
12145500,6.1941903084516525,0.7681998163461685,0.9143403619527817,1.0066959857940674,-0.0014663392212241888,2.3704031482338905,-15.887865457768575,3.7106966603331535,0.9569009696900692,0.9978543519973755,0.17647058823529413,24.490791208603802,0.9574784009878413
12147500,31.137609481811523,0.35804814100265503,0.5564678907394409,1.3381413221359253,0.27522456645965576,34.19579863548279,11.301325087524985,4.635635777765889,0.5424440381609759,1.2933424711227417,0.13513513513513514,44.48332399935336,0.9052999518785423
12147600,-11.848963797092438,0.38244128227233887,0.6608314514160156,0.9651243090629578,0.17972466349601746,-4.239318892359734,-18.628745871615152,18.981500722660407,0.6708454810150548,1.2864476442337036,0.21212121212121213,43.66417220144561,0.8416518687737804
12167000,13.410045206546783,0.5789281725883484,0.74465411901474,1.141615867614746,0.06480152904987335,14.725886285305023,7.238899175601059,2.2944332955086075,0.8099066452694725,1.0763967037200928,0.21875,23.702827095985413,0.8987874848986883
12175500,6.7582786083221436,0.6846089661121368,0.799993559718132,1.017889142036438,-0.006660585291683674,4.797414690256119,-4.919549929943371,-2.772822619265778,0.9001261969829113,0.9938614368438721,0.6875,29.240745306015015,0.9019333228426974
12178100,14.189159870147705,0.6075639128684998,0.7487060725688934,1.0765790939331055,0.021014856174588203,6.1293113976716995,-5.49791843526642,11.359467231808917,0.8612603968608806,1.0209347009658813,0.37142857142857144,23.822778974260604,0.8862192540582807
12186000,-1.744380034506321,0.5959042310714722,0.7025839388370514,0.9021283984184265,0.05365721136331558,-2.561843954026699,-9.862465104835055,34.929971805221385,0.8046515339509503,1.0603176355361938,0.40625,26.712793111801147,0.842063444273033
12189500,1.3836992904543877,0.6264007091522217,0.8242479115724564,0.9503750801086426,0.03458321467041969,-3.4485716372728348,-11.093217383866753,17.27676229191676,0.8922267767752093,1.0309028625488281,0.35294117647058826,23.667975033030793,0.909460240466825
12358500,-9.16988030076027,0.7778109461069107,0.919203981757164,0.9733884334564209,0.01044380571693182,-7.20968097448349,-11.33421922609257,-5.875713174770947,0.9490834726035553,1.0140190124511719,0.5,25.510716438293457,0.9589173445587623
12374250,-19.546400010585785,0.6122618019580841,0.7515130788087845,0.859563946723938,-0.008976966142654419,-16.431879997253418,7.532339063275124,-7.173156602506363,0.805979153911786,0.9849464297294617,1.1875,46.744123101234436,0.866976717529827
12375900,-12.102874368429184,0.694189578294754,0.8018428981304169,0.9870932698249817,0.05816556513309479,-6.280282139778137,3.951215048665118,25.013321570372803,0.8767474223228252,1.0728518962860107,0.7333333333333333,30.484091440836586,0.901424062632965
12377150,-14.011839032173157,0.7373495995998383,0.8821676596999168,0.9713982939720154,0.0455305278301239,-10.694067180156708,-8.611802003088211,11.944296005590996,0.9119148275425013,1.0586575269699097,0.5882352941176471,30.571732801549572,0.9408372199019489
12381400,-26.260292530059814,0.7323385179042816,0.8460975289344788,0.802462100982666,-0.047632500529289246,-22.279644012451172,-9.977411663244263,69.76187240086765,0.7787176298767933,0.9291389584541321,0.5,21.517381072044373,0.929833208921911
12383500,-28.188398480415344,0.6245107352733612,0.7304620742797852,0.7076758146286011,-0.07186979055404663,-29.161953926086426,-13.80398438410122,41.60075574162245,0.6757379461799521,0.9390727281570435,0.7333333333333333,40.200554529825844,0.8735867184971527
12388400,-31.489449739456177,0.7444999814033508,0.8288649916648865,0.7247853875160217,-0.10106927156448364,-31.26528561115265,-7.7109164126122245,20.885184837909662,0.6730503906987915,0.8335661888122559,1.1875,30.34493625164032,0.9412398894569718
12390700,-19.205154478549957,0.7369254231452942,0.8605372607707977,0.8351731300354004,-0.06723693013191223,-17.02546328306198,-4.492160778601254,-18.469484009327665,0.8009962361240224,0.9090521335601807,0.9444444444444444,28.395536210801865,0.9354780148745903
12411000,-40.13789892196655,0.6836436092853546,0.7681927680969238,0.7497228384017944,-0.04712605103850365,-34.074875712394714,4.825410396911922,-28.7156194036075,0.7170212465049448,0.9289942979812622,0.36363636363636365,33.49958766590465,0.8886603952190096
12414500,-22.447893023490906,0.7647746205329895,0.9056989476084709,0.8681045174598694,-0.012928767129778862,-18.87533664703369,-2.383170284526196,22.725039727262505,0.8598967112996647,0.9832959771156311,0.5416666666666666,28.156832853953045,0.9558017103313481
12447390,-8.151692152023315,0.6288320422172546,0.7417959272861481,0.9721121191978455,-0.008621005341410637,-7.0807479321956635,-0.3354294272411336,-742.0963294943042,0.8638516707647728,0.9845893383026123,1.1176470588235294,37.549750945147345,0.8676325373667784
12451000,-6.66160061955452,0.7001985311508179,0.8598689585924149,0.9007565975189209,-0.0006508922670036554,-8.775965124368668,-9.915343583864733,24.526130198531252,0.8772007972261224,0.9992688298225403,0.5,25.326406955718994,0.9276822521364911
12488500,-17.77508705854416,0.635518342256546,0.7143528163433075,0.8007595539093018,-0.09017927199602127,-21.057237684726715,-0.9461774661283199,23.079197856090055,0.7304631676056383,0.8955850601196289,0.5714285714285714,37.83739634922573,0.8515046499430227
13011500,-24.913126230239868,0.7932930141687393,0.8994400128722191,0.8168092370033264,-0.032967180013656616,-22.75141030550003,7.279438008980464,14.853335456783098,0.8011637937985693,0.9340533018112183,0.9333333333333333,29.108028411865234,0.9596513414439564
13011900,-21.140316128730774,0.7902203798294067,0.9052689597010612,0.8856421709060669,-0.02744334191083908,-18.928632140159607,10.645290349902497,38.098918779813005,0.8699831664926829,0.9582791924476624,0.6,20.341699918111164,0.9543268335083606
13018300,-13.392658531665802,0.7350828349590302,0.8843736052513123,0.9185941219329834,-0.026037974283099174,-10.03405824303627,-3.7778669708076675,25.33016678765325,0.8938398636938548,0.9658427238464355,1.0,24.7623872756958,0.9410395213516165
13023000,-3.4679003059864044,0.8112863749265671,0.9473740942776203,1.011975646018982,0.025670595467090607,1.3655060902237892,-1.5652973285857814,40.09417587959346,0.9598298771309578,1.0285412073135376,0.7333333333333333,12.345670859018961,0.9743948802223528
13083000,11.449888348579407,0.42241019010543823,0.6924631297588348,1.156539797782898,0.22648018598556519,11.351262778043747,-15.02519723936168,67.19406057394497,0.7691412111316658,1.1369444131851196,0.95,17.680376768112183,0.8998136745597145
13161500,-1.2328451499342918,0.7039171755313873,0.8446977734565735,1.0240131616592407,0.03912228345870972,2.4187330156564713,-7.049930731939126,-15.615319126778612,0.8992639764616028,1.0630545616149902,1.125,26.560279726982117,0.925198684737519
13235000,-13.463222980499268,0.7506812363862991,0.9030094370245934,0.8761754035949707,-0.07325294613838196,-15.436233580112457,2.5547797670827563,24.96904258186161,0.8440663803886859,0.9158139228820801,0.6470588235294118,24.19604694142061,0.9564630332968265
13240000,-12.807515263557434,0.7786539793014526,0.8939914107322693,0.8605479001998901,-0.04697718098759651,-12.322135269641876,-5.860062524162009,60.10917319961776,0.8300148456332963,0.9160603880882263,0.5789473684210527,34.61968773289731,0.9509876942134619
13310700,-16.827605664730072,0.7548336088657379,0.911033108830452,0.8658068180084229,-0.065800242125988,-16.77587181329727,2.1152880987086253,1.530939524806584,0.8322148153168377,0.9069221615791321,0.42105263157894735,25.866302691007913,0.9615217710771775
13313000,-11.186958849430084,0.7548581212759018,0.9021634608507156,0.9151579141616821,-0.03352196514606476,-12.19690516591072,5.158759165354033,-111.45234680567837,0.8872852213573571,0.944191575050354,0.6470588235294118,31.115495457368738,0.9510933389025255
13331500,-6.6893696784973145,0.7924114763736725,0.932356484234333,0.9196451306343079,-0.01492307148873806,-7.141203433275223,-14.85022487954491,19.581751138598772,0.9109080374603193,0.9804587960243225,0.6190476190476191,26.93780944460914,0.9668546518260047
13337000,-15.319600701332092,0.7914634644985199,0.9265822842717171,0.8878141641616821,-0.028995873406529427,-14.248427748680115,-8.506881276942163,35.303127075514304,0.8764976499692546,0.9609400629997253,0.45,18.61589789390564,0.9662140558529243
13338500,11.221262067556381,0.7529647648334503,0.8930464014410973,1.103756070137024,0.1085781678557396,6.988496333360672,0.5026389227715862,42.883968664401536,0.8261888792323226,1.1341016292572021,0.7,26.236743927001953,0.9617673353949661
13340000,-12.587021291255951,0.8004153668880463,0.9279644638299942,0.9137011170387268,-0.032193947583436966,-11.809603124856949,-5.706300072271685,33.653587385502064,0.8987551808590013,0.9600803852081299,0.45,23.1735897064209,0.9652229880898501
13340600,-13.463559746742249,0.7444435358047485,0.9045833721756935,0.8970877528190613,-0.015042773447930813,-13.101382553577423,4.399222235186684,37.368201984596375,0.8854656393435437,0.9825685620307922,0.5416666666666666,21.265349785486855,0.9528477559231989
14020000,-29.593899846076965,0.6832047402858734,0.7822588235139847,0.7815725803375244,-0.09403879940509796,-26.732859015464783,-2.1074206760229424,-91.74543749687777,0.7303527740407655,0.8801421523094177,0.48,38.294349670410156,0.8968826631740112
14092750,-23.646610975265503,0.5410221815109253,0.7086325585842133,0.7726747393608093,-0.10491859167814255,-22.629059851169586,12.321778688531596,14.03808277356583,0.7089549778375159,0.8944918513298035,0.5555555555555556,36.12075381808811,0.852018712787486
14096850,20.4253688454628,0.552407443523407,0.6522091627120972,1.2833654880523682,0.10193004459142685,22.819501161575317,16.5449271247499,43.0235657735542,0.6675518114564019,1.1420989036560059,0.5882352941176471,39.837851243860584,0.8998316425884695
14137000,7.280769944190979,0.6613491177558899,0.8104154169559479,1.073973536491394,0.0019223974086344242,8.907780051231384,10.74417786047214,-48.4899823014116,0.8867596780131698,1.0021034479141235,0.3103448275862069,29.51536836295292,0.9142861625552213
14138800,-1.8948465585708618,0.6342988312244415,0.8322732746601105,0.9541885852813721,0.05642459914088249,-1.2121457606554031,-14.391937434451366,17.172270023837637,0.8681854901899786,1.0896140336990356,0.20689655172413793,23.78639681585904,0.9148782974669667
14138870,23.46774935722351,0.6383834481239319,0.7947384119033813,1.1711363792419434,0.12495659291744232,22.8471502661705,-4.192078701283712,3.5342568340578917,0.7520371200975988,1.1658635139465332,0.12903225806451613,32.15090536302136,0.931536694129201
14138900,1.4109421521425247,0.6846647560596466,0.8556282371282578,1.0135117769241333,-0.017181072384119034,2.0644403994083405,9.50532841663983,-82.86420723911992,0.9243154845427471,0.9774987697601318,0.16129032258064516,24.809017489033362,0.9290121672253333
14139800,-5.961614474654198,0.7232410609722137,0.8735601902008057,0.9433096647262573,-0.007234147749841213,-2.4813763797283173,-13.737469144136732,-17.217040544751622,0.9129725735939143,0.9901283383369446,0.3125,24.002036452293396,0.9347119526296929
14141500,10.307340323925018,0.698396235704422,0.8280395418405533,1.0669019222259521,0.04816446453332901,10.815412551164627,-4.58280116215555,-32.18165727954253,0.8810034753398897,1.0607695579528809,0.22580645161290322,25.376103001256144,0.9225960820767557
14154500,-0.5076836794614792,0.7584249824285507,0.9104672148823738,0.9782872796058655,0.032985277473926544,-2.759324759244919,-9.239020378348975,13.429287990102376,0.9269633286649908,1.0533033609390259,0.23333333333333334,20.391705830891926,0.9550370725442813
14158500,-8.697816729545593,0.5336730778217316,0.7511662244796753,0.8934104442596436,-0.2236672043800354,-11.444400995969772,12.933623330847032,23.372405165929543,0.8060651037065643,0.8765314817428589,0.48148148148148145,20.011592794347692,0.8950955882395543
14158790,14.009825885295868,0.6644171476364136,0.7702560573816299,1.0676268339157104,0.008643005974590778,6.6445909440517426,-9.750123534825923,12.424933798253202,0.8741697823058504,1.0121134519577026,0.2962962962962963,28.740591473049587,0.8945812194096212
14166500,-1.7086366191506386,0.7484274208545685,0.8743958473205566,1.0458481311798096,0.07375289499759674,1.243072748184204,-0.9909750725804963,37.86090845756442,0.8538362383654263,1.1267908811569214,0.15,35.50223112106323,0.9435565190837871
14182500,-13.634738326072693,0.6921460330486298,0.8357832133769989,0.8834843635559082,0.002492813626304269,-10.256331413984299,0.9916562495516501,13.72547118850587,0.8555769093375645,1.0038102865219116,0.32142857142857145,26.39250414712088,0.9147496786097598
14185000,3.4201443195343018,0.7647048085927963,0.9090330526232719,1.023151159286499,-0.0015493808314204216,2.7539150789380074,2.3905721202046912,8.128769687606137,0.9500635787246098,0.9978075623512268,0.20689655172413793,20.817741854437465,0.9558087880835947
14185900,12.75792121887207,0.7334921658039093,0.873150497674942,1.0593304634094238,0.02590930089354515,7.7567920088768005,-3.868091003999905,5.858574095322323,0.9091981093405685,1.0370559692382812,0.3,25.019362767537434,0.9421058327397144
14187000,6.022102013230324,0.7643145769834518,0.9052940830588341,0.9978730082511902,0.021577654406428337,1.375783421099186,-8.442167546444653,22.38167904881947,0.9427687629741928,1.0322694778442383,0.37037037037037035,22.34238695215296,0.9527816646072224
14216500,10.570818930864334,0.6719316244125366,0.822024017572403,1.031761884689331,-0.033956803381443024,10.174135118722916,-8.042084990245916,1.5193795689803493,0.902295650605107,0.9642490744590759,0.3333333333333333,28.385916462651007,0.9147990968672968
14222500,-1.2650110758841038,0.7704298794269562,0.9110761880874634,0.9918156862258911,0.00525435758754611,0.6670916453003883,1.6335598697018598,13.722434085750631,0.9539326165029514,1.0070620775222778,0.2692307692307692,20.051980018615723,0.9552188891229748
14236200,2.5862812995910645,0.7076853215694427,0.8722836226224899,1.024263620376587,0.03697753697633743,2.44135782122612,4.7253069356423305,-18.978816118018,0.9170535224422874,1.0502253770828247,0.2413793103448276,19.336152898854223,0.9386093951622803
14301000,0.7630597334355116,0.8400834202766418,0.9517859034240246,0.9829491972923279,-0.020421583205461502,-1.5834636986255646,-4.805880411514444,42.56823934259671,0.9570880067384455,0.968907356262207,0.4583333333333333,19.345223903656006,0.9758348019230461
14303200,-12.040791660547256,0.7461438179016113,0.883465126156807,0.9392951130867004,-0.03748321160674095,-9.614603221416473,-0.4984536270747675,-1.6987991935598183,0.897915560189043,0.9432826638221741,0.30434782608695654,28.384167215098504,0.9406763678349689
14305500,-8.876321464776993,0.7771877944469452,0.8846062645316124,0.9565789103507996,0.0009157283348031342,-6.229493394494057,18.117244862574243,11.061643834225562,0.9264647566965306,1.0014145374298096,0.18181818181818182,25.722427801652387,0.9406700744544862
14306340,4.904235526919365,0.652808666229248,0.7808519005775452,1.0559345483779907,0.1078358143568039,6.978411972522736,-15.944907695598381,20.397578003314706,0.7799763409417837,1.1895124912261963,0.2916666666666667,39.50887521107991,0.9032180155589
14306500,9.91927981376648,0.7818740010261536,0.8736639320850372,1.1174036264419556,0.08240190893411636,11.128127574920654,2.4031726279423715,-0.20281952999488115,0.8214266481939828,1.1259570121765137,0.22727272727272727,33.14605409448797,0.9526749373262018
14308990,0.015959885786287487,0.7179873883724213,0.8229451775550842,0.9299557209014893,-0.047110479325056076,-1.7598377540707588,-1.8927653183168174,-25.80628148165905,0.8524528905756914,0.9077149033546448,0.2631578947368421,30.233742061414215,0.9086358418076527
14309500,7.667402923107147,0.7088291645050049,0.7945777028799057,1.0948892831802368,0.06930568069219589,7.220539450645447,-15.473038576265811,-4.5647837661957045,0.8126675278284898,1.1357662677764893,0.2727272727272727,31.177043914794922,0.9124957166678507
14316700,0.07521577063016593,0.7621252238750458,0.9011135697364807,0.9886218905448914,-0.01675857976078987,-0.6120468024164438,-2.2121474537381935,-16.17373435365016,0.9420991657150134,0.9727505445480347,0.37037037037037035,24.308365362661856,0.9501952571164513
14325000,-11.963150650262833,0.72761270403862,0.8484718501567841,0.9227448105812073,-0.012987500987946987,-10.76042652130127,-18.504749704224167,35.357323135591955,0.8873406354300635,0.9772582650184631,0.24,26.53964424133301,0.9212181389963536
14362250,13.785071671009064,0.6952498555183411,0.8010686486959457,1.1178078651428223,-0.007205800153315067,7.356667518615723,-7.438043209666981,-9.754037795645006,0.8547550553715795,0.9807756543159485,0.21428571428571427,39.872305733816965,0.9172484115945583
14400000,-4.699195548892021,0.7592258602380753,0.8891341537237167,0.9837923049926758,0.00426466716453433,-2.3523852229118347,12.963569110311205,-54.78593363823472,0.9410716158248528,1.0071443319320679,0.30434782608695654,26.103264352549676,0.9437965872451882
