basin,FHV_1%,mNSE,NSE,Alpha-NSE,Beta-NSE,FHV,FMS,FLV,KGE,Beta-KGE,Peak-Timing,Peak-MAPE,Pearson-r
01013500,-3.551672399044037,0.6992794275283813,0.8958064392209053,0.9809855818748474,0.01141095720231533,-3.0386580154299736,7.317975469591039,-4.233621455771881,0.9421913245337491,1.0136581659317017,1.0833333333333333,22.47100273768107,0.9471440697186561
01022500,-9.023839980363846,0.715680330991745,0.8651139587163925,0.8885315656661987,-0.05638160929083824,-9.686456620693207,-9.673040924406534,24.052162284822735,0.853648763540116,0.9330077171325684,0.4375,24.307742714881897,0.932876929474897
01030500,-0.4426047671586275,0.7152765691280365,0.8904004916548729,0.9338894486427307,0.008660789579153061,-2.041865885257721,-22.342018917381466,56.11384209567988,0.9124869874300006,1.0108791589736938,0.9310344827586207,16.648238280723834,0.9437010988709386
01031500,-13.913336396217346,0.7100560665130615,0.8746363073587418,0.8659206628799438,0.01751270703971386,-12.193182110786438,-20.619293011075523,38.83947232730666,0.8496342541269872,1.0284541845321655,0.3125,23.06148409843445,0.9381700050784146
01047000,-10.143566876649857,0.7085331976413727,0.8450665026903152,0.8673174977302551,-0.052208710461854935,-11.978158354759216,-6.936231660974861,10.847887705807906,0.826473429439972,0.919467568397522,0.03125,23.87365996837616,0.922402630573223
01052500,-23.56448918581009,0.6572231650352478,0.805442288517952,0.7802298069000244,-0.05213893577456474,-22.212477028369904,-11.940295327962293,-432.2950843041195,0.747507047496475,0.9163797497749329,0.35294117647058826,38.11056473675896,0.9080140932476941
01054200,-21.686410903930664,0.5909872353076935,0.6697100102901459,0.8264387249946594,0.0023204446770250797,-20.037078857421875,-4.137753984588969,32.14539875154678,0.748761376479592,1.0043692588806152,0.25,42.425814270973206,0.8184008828661768
01055000,-14.016829431056976,0.6545193791389465,0.7172900140285492,0.8613441586494446,-0.01171023864299059,-15.029822289943695,-6.889009598653141,48.29978970226567,0.7925762700536929,0.9792655110359192,0.08823529411764706,43.13945489771226,0.8471299821037279
01057000,10.68224310874939,0.6724072098731995,0.7781166881322861,1.0288039445877075,0.04748573526740074,2.3927154019474983,-10.387164002464932,46.02232847945802,0.8683599589637638,1.072055459022522,0.25,26.553821563720703,0.8936635339816867
01073000,-3.8859955966472626,0.6893918216228485,0.9035669639706612,0.9694631695747375,0.0730859637260437,-1.467352919280529,-18.026370403045533,70.57651977150675,0.8564609865975649,1.1323206424713135,0.16666666666666666,21.3140869140625,0.9535005598732409
01078000,0.35099454689770937,0.696924477815628,0.8601714819669724,0.996759295463562,0.035736821591854095,0.9199449792504311,-9.545069168749826,25.811193658932496,0.9132870725493699,1.051758885383606,0.375,28.38461697101593,0.9305043353509552
01118300,-7.610044628381729,0.6660616397857666,0.8338489681482315,0.9178451895713806,-0.026570653542876244,-6.2070198357105255,-25.802945002993543,63.207583306137494,0.8751731335752855,0.9631392359733582,0.2,25.12885252634684,0.9135499116239701
01121000,-21.97469472885132,0.6628683805465698,0.7879896312952042,0.7993892431259155,-0.03154093027114868,-21.172207593917847,-13.028458655140524,71.78108332802532,0.7676200936557194,0.9515577554702759,0.3225806451612903,35.81346696422946,0.8931866392069512
01123000,-1.934545673429966,0.6756090521812439,0.8459092676639557,0.9995220303535461,0.05926543101668358,-1.9842743873596191,-13.12493865608994,-1.7435038684565622,0.8875362335829126,1.0835105180740356,0.06666666666666667,23.645480473836265,0.9246749465799031
01134500,-3.274049609899521,0.6264519393444061,0.8236490190029144,0.914884626865387,0.007395344786345959,-7.833646237850189,-12.590510260383148,-333.5844261458538,0.8739874131247707,1.0099351406097412,0.25,28.947697745429146,0.9076103994585566
01137500,-9.615685790777206,0.6279006898403168,0.7424449026584625,0.8898232579231262,-0.07638527452945709,-11.692630499601364,-13.313635753890857,-16.740858399858233,0.7988749089536858,0.8990593552589417,0.20588235294117646,38.817015816183655,0.8653769187955734
01139000,-10.008763521909714,0.6919936537742615,0.8496912270784378,0.9130006432533264,-0.025922710075974464,-10.142335295677185,-2.21386409670644,33.763855302687546,0.8797828186366565,0.9711899757385254,0.0625,26.526936888694763,0.9221972678971665
01139800,-2.387591451406479,0.5467580854892731,0.7164380550384521,1.0228239297866821,0.09765656292438507,0.9885883890092373,2.952257732576731,38.45113541172654,0.8308561847330913,1.1010587215423584,0.4166666666666667,46.58169216579861,0.8662994642031574
01142500,-16.168396174907684,0.6306583285331726,0.7746506184339523,0.9001607298851013,0.041015323251485825,-12.8852978348732,1.2577974413286428,43.114441260677566,0.8372277257799636,1.0493669509887695,0.3055555555555556,31.67697588602702,0.8812993784862125
01144000,-6.8148985505104065,0.6982004344463348,0.8408475518226624,0.9418067932128906,0.0036808543372899294,-5.5966682732105255,-0.6803657325913882,31.432947100463192,0.898791543836206,1.0044021606445312,0.08823529411764706,24.350794623879825,0.9173118916376056
01162500,-5.8937422931194305,0.6653258502483368,0.8187334537506104,0.8888201117515564,-0.028126653283834457,-8.540288358926773,-24.67569065400128,42.83759571872924,0.8497047423801803,0.9641686081886292,0.40625,24.25079196691513,0.905428290314008
01169000,-13.009631633758545,0.629698246717453,0.6950949728488922,0.8799713253974915,-0.04687558487057686,-10.785512626171112,4.94545107828666,25.70144264424938,0.7855225822509708,0.9310137033462524,0.24242424242424243,37.718530134721235,0.8361873909875744
01170100,-24.422580003738403,0.6335298717021942,0.7000335454940796,0.8051009774208069,-0.06822144240140915,-21.55761569738388,-5.380370146751416,25.308525629469607,0.7322465698744598,0.909628689289093,0.34375,45.78355550765991,0.8401898108941097
01181000,-20.97906917333603,0.673846960067749,0.7415059804916382,0.7767906188964844,-0.04465422034263611,-19.216084480285645,-3.270446607896111,34.71743266545109,0.7305853130108133,0.928837776184082,0.41935483870967744,38.402123605051344,0.8669669828409499
01187300,-30.4203599691391,0.6262438595294952,0.7532689869403839,0.7539082765579224,0.010183882899582386,-27.118247747421265,-20.230982908543616,56.078626048307314,0.7241112317757343,1.0180457830429077,0.4,37.15733210245768,0.8765989230193721
01195100,-7.738004624843597,0.6049714088439941,0.7519292682409286,0.9521937370300293,0.056455954909324646,-7.471352070569992,-27.186574034391697,85.11360609818249,0.8367668444521738,1.090175747871399,0.12903225806451613,28.156382037747292,0.8726109942468318
01333000,-16.67783558368683,0.6193728446960449,0.7299808263778687,0.8205141425132751,-0.0895596370100975,-17.23313480615616,-6.030232156531203,33.578574346641815,0.7488904928431903,0.8940088152885437,0.42857142857142855,39.09127099173409,0.8599761437816652
01350000,-14.820002019405365,0.6444651782512665,0.6817421019077301,0.8771314024925232,-0.012405682355165482,-16.465818881988525,-8.696936850371996,-399.85126304359744,0.7868354810648498,0.9774600863456726,0.30303030303030304,38.8130216887503,0.8272737073521951
01350080,0.9344058111310005,0.4964093565940857,0.5482555329799652,1.0670021772384644,0.10305768251419067,1.0289840400218964,-18.57070182895242,-474.7250506556271,0.7252500293231436,1.1706863641738892,0.3448275862068966,48.259442428062705,0.7953920340814236
01350140,-12.41280883550644,0.4681006669998169,0.5766319036483765,0.9694232940673828,0.09587886929512024,-9.190763533115387,-9.551474317383002,-275.2930451090842,0.722961209282175,1.1743217706680298,0.34375,49.64803457260132,0.7868627745140049
01365000,-11.344347149133682,0.5954902172088623,0.6855273544788361,0.9706584215164185,-0.01851365715265274,-9.589049220085144,4.023152104703082,-22.916586436075708,0.8340884179168382,0.9749865531921387,0.5,47.11111293119543,0.8386306958550671
01411300,3.17084863781929,0.52007856965065,0.7210216522216797,1.0322061777114868,0.14840473234653473,7.448939234018326,6.38114344120984,34.30925204149249,0.8067951612653316,1.144648790359497,0.3333333333333333,41.47014935811361,0.876033878518203
01413500,5.062582343816757,0.5814284980297089,0.6646728515625,1.0874525308609009,0.0560947060585022,6.526731699705124,-0.9671437357224324,3.893175802947109,0.8089579482923784,1.0811383724212646,0.0967741935483871,47.40521215623425,0.8507830944982812
01414500,0.7277474272996187,0.5224173069000244,0.5106259286403656,1.0837345123291016,0.08005810528993607,2.5141190737485886,-8.251341886920715,2.354604200064114,0.7385204830935641,1.114632248878479,0.19444444444444445,46.90130551656087,0.780410572377236
01415000,3.3458005636930466,0.5519461333751678,0.5829516053199768,1.1312804222106934,0.0816284790635109,6.35516494512558,-9.82693826852078,8.376654260557611,0.7518444166455268,1.1189658641815186,0.3,42.317024866739914,0.8262364610923066
01423000,-3.0250463634729385,0.6400810480117798,0.7734186798334122,1.0493568181991577,0.028540311381220818,-0.773404398933053,-0.02449637179527036,-486.32939199220016,0.8756336036491954,1.0413177013397217,0.0967741935483871,35.37391539542906,0.8935868777145306
01434025,-14.858976006507874,0.5239940285682678,0.6292654573917389,0.8904113173484802,0.057469334453344345,-11.963129788637161,0.45761014280396733,6.255515851028881,0.7532431684814834,1.0951095819473267,0.4,48.618507385253906,0.8004168795775384
01435000,-25.13844072818756,0.6150791645050049,0.6921485364437103,0.8636572957038879,-0.029397541657090187,-19.763080775737762,10.376563560597528,-26.128419880874315,0.7800898501112316,0.9564749002456665,0.3783783783783784,43.4868116636534,0.8330368103422229
01439500,-0.435297517105937,0.6352570950984955,0.809150218963623,1.0544546842575073,0.04115823283791542,-0.022647778678219765,5.657350586918621,-349.1933963337675,0.8857916272894285,1.0477864742279053,0.1875,26.155918836593628,0.9117124434561826
01440000,-21.677598357200623,0.6553356647491455,0.8117891401052475,0.855718195438385,0.050496626645326614,-17.021937668323517,-4.8471450198265025,0.4531488480184863,0.8136513460871557,1.0680532455444336,0.1875,30.297166109085083,0.9036810638636307
01440400,-12.892477214336395,0.5980558395385742,0.7615791112184525,0.9722689390182495,0.054454952478408813,-8.877550065517426,14.034224965660055,-471.3598959261667,0.8536406361867748,1.078012466430664,0.5172413793103449,43.10444470109611,0.8793098731708224
01451800,-13.748407363891602,0.6656165719032288,0.8184303641319275,0.9115234017372131,-0.039693061262369156,-11.967045813798904,-6.043700781387537,-225.15815323175926,0.8559332818673148,0.9366875886917114,0.12903225806451613,37.129156051143525,0.9055613987413087
01466500,-3.9280321449041367,0.3246399760246277,0.4882400631904602,1.0075088739395142,0.18541298806667328,-1.670125126838684,-13.15132726002577,-0.11703293495582123,0.7370896616732862,1.1138042211532593,0.25,34.931953748067215,0.76311593118378
01484100,-18.848825991153717,0.5777868628501892,0.6796267628669739,0.8381702303886414,-0.029028356075286865,-17.57401078939438,-6.3142265983560835,58.725814950089074,0.7591944344622414,0.965690016746521,0.1875,37.359169125556946,0.8250106542939247
01485500,-6.602498888969421,0.6886821687221527,0.8498503267765045,0.9244306087493896,0.011689051054418087,-6.077883392572403,-10.167660870260779,-30.89781020790446,0.8894095235246641,1.020684003829956,0.3,27.41445859273275,0.9219507041760377
01486000,-26.19265615940094,0.6357732117176056,0.7414278984069824,0.7777135372161865,-0.04789787903428078,-23.05913418531418,5.591404126885948,-67.01563433094013,0.726650527642691,0.9127042293548584,0.15625,40.57801961898804,0.8670033424158698
01487000,-20.755045115947723,0.6530395746231079,0.7795447558164597,0.8453155159950256,-0.08687104284763336,-20.47366350889206,-8.194543127001815,-0.8738031142812513,0.7931561826457412,0.9202381372451782,0.3333333333333333,31.3812255859375,0.8882184253301207
01491000,-22.219184041023254,0.6211020052433014,0.7085525095462799,0.8385127186775208,-0.03807121515274048,-23.853565752506256,-11.353949207725513,69.10459200897182,0.765872422941295,0.9369836449623108,0.20689655172413793,48.50421116269868,0.8426261797241416
01510000,-18.183432519435883,0.6501891314983368,0.7995191216468811,0.8426295518875122,-0.07384581118822098,-17.573124170303345,-8.550532762138035,1.4649539072336863,0.7846417727050269,0.8931983709335327,0.17647058823529413,30.82708751454073,0.8989697067545737
01516500,6.127101927995682,0.31890231370925903,0.37284618616104126,1.084483027458191,0.18701981008052826,13.612234592437744,-18.27156767173996,40.61436318334588,0.4664855477609561,1.4524873495101929,0.2857142857142857,56.42644677843366,0.7302677487717381
01518862,-32.61402249336243,0.6175385415554047,0.6553690135478973,0.690790057182312,-0.018267307430505753,-30.17890751361847,-25.550172179859636,-264.6675253549265,0.6403190671991549,0.9631347060203552,0.4827586206896552,50.967242799956225,0.8199985144979004
01532000,-7.01485276222229,0.5548553764820099,0.5966874361038208,0.8878666758537292,0.10071868449449539,-1.6117721796035767,-8.95548421621427,42.41807632783858,0.6694461376770466,1.2252870798110962,0.16,40.77607727050781,0.7856691688470412
01539000,-13.40925395488739,0.6900605857372284,0.8518317490816116,0.8862832188606262,0.030520480126142502,-10.551352053880692,-4.292469742157125,-445.7655512978045,0.8544909224195423,1.0500047206878662,0.14285714285714285,32.7019418988909,0.9242311854748675
01542810,-20.742781460285187,0.599788099527359,0.7504919469356537,0.85370272397995,0.052039459347724915,-18.265017867088318,-15.632656156029947,-302.3604328233168,0.77874710859659,1.100612759590149,0.22580645161290322,37.96738040062689,0.8679885550751856
01543000,-9.831937402486801,0.689433753490448,0.8433047235012054,0.9236752390861511,0.05109478905797005,-6.969612091779709,-11.860141875931978,39.60438969054101,0.8619964690126299,1.0823324918746948,0.22580645161290322,20.277860087733117,0.9197449925666372
01543500,-11.006516963243484,0.6822187602519989,0.8444192558526993,0.9210814237594604,0.05351284518837929,-7.273028790950775,-10.761044269885534,25.195296894201828,0.8620776623247911,1.0804424285888672,0.3333333333333333,23.87109120686849,0.9204799067110363
01544500,-2.548283338546753,0.6336281895637512,0.777350053191185,0.997944176197052,0.05531153082847595,1.0696446523070335,0.5074264758457036,39.2850047294475,0.8617899507284973,1.0836273431777954,0.3333333333333333,27.68909842879684,0.8899806436069285
01545600,14.97795432806015,0.5562623143196106,0.7132310569286346,1.1404457092285156,0.13888685405254364,14.895333349704742,-6.415579985891841,51.39883590171905,0.7335517060309746,1.198673129081726,0.37037037037037035,32.56448109944661,0.8913782531019722
01547700,-22.72072285413742,0.611248642206192,0.7948468178510666,0.8266686797142029,0.05893212556838989,-20.393598079681396,-18.695533398388122,-279.5324876769715,0.7634243463924788,1.1230745315551758,0.3333333333333333,35.67274411519368,0.8961878958392504
01548500,12.694279849529266,0.6679434776306152,0.7952344864606857,1.1164155006408691,0.09317655861377716,14.404353499412537,-6.837130214134106,-457.7106517427746,0.8018161762027514,1.1379905939102173,0.21428571428571427,29.370600836617605,0.918251267791236
01549500,12.502793967723846,0.4656757116317749,0.6563673913478851,1.1377582550048828,0.19300968945026398,15.958672761917114,-9.32315587963132,19.01534662344406,0.6160951945282932,1.3353406190872192,0.4482758620689655,29.85657987923458,0.8736978542047711
01550000,4.285261780023575,0.5671942234039307,0.6733211278915405,1.0481756925582886,0.11402317136526108,9.172050654888153,2.446284215616436,-2.2970671402888714,0.7535645436964962,1.1906578540802002,0.3333333333333333,38.933015752721715,0.8514768723478445
01552000,9.293533861637115,0.6121979057788849,0.7785429656505585,1.1177071332931519,0.12353357672691345,13.951589167118073,4.150767247073314,-428.8535756027951,0.7641303831370923,1.1854079961776733,0.16666666666666666,21.317087809244793,0.913957092771438
01552500,-12.82263994216919,0.5833717584609985,0.7166839241981506,0.94231116771698,0.058744996786117554,-6.339924782514572,12.799527141417535,-363.2090130593349,0.8129311432232939,1.1006779670715332,0.22857142857142856,35.2424921308245,0.8532665588493589
01557500,-15.497590601444244,0.6727463901042938,0.7944899648427963,0.8897563219070435,-0.03649347275495529,-13.556943833827972,-2.1409644914384423,-513.1197288314921,0.8367694917167529,0.9466494917869568,0.5,39.75197474161784,0.8920914574820241
01567500,15.163511037826538,0.43374866247177124,0.5252735018730164,1.1383495330810547,0.0943756178021431,15.334291756153107,6.432394389938148,-54.311963948660036,0.7157133278571489,1.1522678136825562,0.3548387096774194,55.78589900847404,0.803804098996321
01568000,-17.77743250131607,0.6295608282089233,0.7536336332559586,0.886974573135376,0.05268481373786926,-12.920050323009491,-5.708616111129483,3.3250405906760627,0.8066150343812662,1.0877114534378052,0.13333333333333333,40.4686164855957,0.8698858241956086
01580000,-6.074072048068047,0.5491287708282471,0.7258237302303314,0.9737495183944702,0.04762715473771095,-4.274027794599533,-12.655795170960161,45.72383005273691,0.8485570285798111,1.0533956289291382,0.125,34.47321653366089,0.8607348118899928
01583500,-3.034188598394394,0.5249360799789429,0.675297886133194,0.9702234864234924,0.06903598457574844,-0.9966231882572174,-3.878994071954006,32.18952546835829,0.8168495998570962,1.074988603591919,0.058823529411764705,35.634495230282056,0.8355793880224627
01586610,-18.634630739688873,0.4753999710083008,0.6577944159507751,0.8078335523605347,0.11256840825080872,-13.114157319068909,-16.52543731476113,39.9769454872839,0.690870621756649,1.160729169845581,0.21212121212121213,39.077429337935015,0.8188946084306165
01591400,-16.588114202022552,0.47306185960769653,0.6488040387630463,0.8691644072532654,0.041584279388189316,-13.412097096443176,16.06761753730914,67.74538695324894,0.7577821515118532,1.0706995725631714,0.1875,41.83513820171356,0.8088113386306022
01594950,7.690782845020294,0.5010205209255219,0.6132311522960663,1.0608853101730347,0.15152598917484283,9.818002581596375,-27.588170350349912,79.9399316487476,0.7042167176863814,1.234471082687378,0.25,44.290751218795776,0.8302824685403422
01596500,-6.080806627869606,0.6313001215457916,0.7621957659721375,0.9124873876571655,0.037275806069374084,-9.363018721342087,-14.661311919103953,29.37507937060927,0.8338619424269452,1.0650489330291748,0.16666666666666666,36.219822565714516,0.8746523507725559
01605500,-18.016453087329865,0.6206340193748474,0.7756533771753311,0.858313798904419,0.055369339883327484,-12.466398626565933,-7.2137642670203315,-131.03336099368002,0.7896812140488263,1.1020824909210205,0.3103448275862069,36.90032630131162,0.8827900294751425
01606500,-17.725645005702972,0.68033567070961,0.7773479223251343,0.8323644399642944,0.00038013348239474,-15.162494778633118,-8.742166201929372,-4.908566049913342,0.7956479452772955,1.0006413459777832,0.23333333333333334,35.52926381429036,0.8831339657717293
01613050,-36.11229956150055,0.5125156044960022,0.6153801679611206,0.6604251265525818,0.042361654341220856,-32.46910870075226,-28.944558999604947,82.7499953262953,0.5943448461831745,1.0906965732574463,0.12,54.827083587646484,0.7974681735117196
01620500,-5.803834646940231,0.4655833840370178,0.5775830447673798,0.9750788807868958,0.07252801954746246,1.2203020043671131,-5.3190558062525355,39.72594639122121,0.7338868562406078,1.1567614078521729,0.5172413793103449,58.04787339835331,0.7864092602501739
01632000,-18.10676008462906,0.5507001876831055,0.5121205449104309,0.8084487318992615,0.04712730646133423,-11.864300817251205,-18.24748208608911,38.37690366500663,0.6371034010550447,1.133792757987976,0.2962962962962963,49.254661136203346,0.7223283393560199
01632900,4.46285642683506,0.612652450799942,0.5000389218330383,1.1081321239471436,0.03627185896039009,3.998754546046257,-6.743108586578788,18.72205098357552,0.744214064378356,1.0738779306411743,0.13793103448275862,39.77929148180731,0.7802821354630052
01634500,-4.773949086666107,0.5184578597545624,0.476743221282959,1.0023701190948486,0.10025971382856369,0.15085749328136444,-11.568120420839334,-44.464513905565994,0.6624511725503581,1.2200028896331787,0.36,55.68814468383789,0.7440071836922847
01638480,-22.766217589378357,0.5415193438529968,0.6550819277763367,0.7468820214271545,0.047718483954668045,-16.513027250766754,-32.3499485917187,68.28137439215269,0.6650084032919579,1.1156376600265503,0.14814814814814814,45.72220555058232,0.8135098115937891
01639500,-14.67089056968689,0.5511614382266998,0.7330785393714905,0.8970690965652466,0.08928726613521576,-11.184809356927872,-9.016927507528816,68.50561285149212,0.7756072281488282,1.1435121297836304,0.16666666666666666,32.652126948038735,0.8615745190287427
01644000,-19.172190129756927,0.5909581482410431,0.7155672609806061,0.8165444135665894,0.04957404360175133,-15.721964836120605,-28.486689881480043,60.6167295474258,0.7416672056657485,1.0997956991195679,0.13333333333333333,38.301006952921554,0.8479450794214383
01658500,-19.409580528736115,0.4289293885231018,0.5492503941059113,0.8198475241661072,0.04245169833302498,-18.480603396892548,-36.794355272860656,88.76466676602314,0.6633139166930895,1.1279981136322021,0.34375,55.18234968185425,0.7459939232024863
01664000,5.994689837098122,0.584806889295578,0.7016722857952118,1.1382561922073364,0.08452022075653076,7.644422352313995,-12.616381790029992,57.81750556225202,0.7711584322994282,1.1377341747283936,0.13333333333333333,39.951839447021484,0.8804885547913012
01666500,11.1735999584198,0.497214674949646,0.3521619439125061,1.2418526411056519,0.07555197179317474,12.948039174079895,4.8347621833680545,47.308631387711216,0.6342729376468912,1.1415801048278809,0.14285714285714285,69.15138108389718,0.7650134939095826
01667500,2.314467169344425,0.6012647449970245,0.7759716510772705,1.0933815240859985,0.06932852417230606,3.13684418797493,-12.382434533126366,59.51073069064026,0.8165567952670302,1.125159740447998,0.0,38.76835066696693,0.9037381711524858
01669000,-9.084554761648178,0.575126588344574,0.6838281154632568,0.9939814805984497,0.04035644605755806,-9.118741750717163,-24.162728032513865,89.63229722952707,0.8337729982612759,1.0506572723388672,0.25806451612903225,45.13902356547694,0.8417943291457453
01669520,-13.916262984275818,0.6228852272033691,0.7521966844797134,0.8237143754959106,-0.024640748277306557,-11.922407895326614,-15.145796028332963,87.73613129089806,0.7771790503190037,0.9630839228630066,0.68,36.69600296020508,0.8688140348255202
02011400,9.860216081142426,0.5916135013103485,0.8028492480516434,1.1234558820724487,0.14453601837158203,9.098835289478302,-6.69592387317002,-7.949882309622221,0.7233380897131003,1.23699152469635,0.25,26.94291727883475,0.9283377714035527
02011460,-20.15354633331299,0.6377436518669128,0.8087071627378464,0.8328626751899719,0.04020069167017937,-17.24287122488022,-11.212169572287047,39.43329944188574,0.7903969048505319,1.0810565948486328,0.27586206896551724,32.088549383755385,0.9029000484905955
02013000,-18.905432522296906,0.5762222111225128,0.7785246670246124,0.8761738538742065,0.09514886885881424,-14.32303637266159,-8.130411491621102,-18.431998569211526,0.7341464553487276,1.2066285610198975,0.35714285714285715,42.62434414454869,0.8875285346848978
02014000,-2.133040502667427,0.5726304650306702,0.7527065426111221,1.0470669269561768,0.10331352055072784,3.3409755676984787,1.85786400326561,-49.5235276404953,0.7805810849818331,1.1827571392059326,0.24,35.58091354370117,0.8880661234303268
02015700,-1.3276230543851852,0.5982932448387146,0.7622607052326202,0.9968299269676208,0.006815649569034576,-2.649310417473316,5.5337763557906685,-55.660227541060806,0.880228176353179,1.0110448598861694,0.3333333333333333,32.08700180053711,0.8807806582523228
02016000,-6.113636493682861,0.669478178024292,0.8262218087911606,0.9920928478240967,0.0176188126206398,-4.454965144395828,9.9240367083179,-53.47575432644825,0.9066964663316184,1.0317076444625854,0.12903225806451613,30.680748724168343,0.9126063410646504
02017500,-4.487142711877823,0.6571532189846039,0.8118320554494858,0.946266233921051,0.0036701704375445843,-4.350975155830383,-21.405311575701784,0.3019260167827682,0.8881497767737608,1.006321668624878,0.28,25.35725593566894,0.9021062242809608
02018000,3.353465348482132,0.6838141083717346,0.8535069674253464,1.0024998188018799,0.014284905046224594,1.6526896506547928,-4.976719043152684,-21.314708298186844,0.9227252775369017,1.0253400802612305,0.32142857142857145,23.740880829947336,0.9270410117253465
02027000,-31.48188591003418,0.45178020000457764,0.579420268535614,0.7407034039497375,0.09773371368646622,-25.347816944122314,-15.96801672736499,58.31467439606888,0.6136340008277618,1.1678884029388428,0.3,43.213186264038086,0.7679279319871652
02027500,-16.227413713932037,0.4421107769012451,0.42545467615127563,0.824151337146759,0.09901052713394165,-7.373218238353729,2.9318478694332475,54.97796720874416,0.5926650113945179,1.1735329627990723,0.3103448275862069,45.70760069222286,0.6761399198154684
02028500,-9.536357969045639,0.529986172914505,0.6700145304203033,0.967498242855072,0.10657817870378494,-8.968327939510345,-16.77044651983581,63.92323900499377,0.7618299495389157,1.1695095300674438,0.23333333333333334,46.2730089823405,0.8358807508686384
02038850,-35.02849340438843,0.4754413366317749,0.4782435894012451,0.6072772145271301,-0.007516967132687569,-29.445233941078186,-13.239444941908642,71.28678666313338,0.5039244591117245,0.9820938110351562,0.25806451612903225,46.67842003606981,0.6974456669707394
02046000,3.3377904444932938,0.6166519224643707,0.7218392789363861,1.0256553888320923,0.020805498585104942,2.1146871149539948,-26.85041304942544,84.82913747512208,0.8535646335622346,1.050411581993103,0.4827586206896552,39.6119578131314,0.8649304254519566
02051000,-42.547059059143066,0.4984428286552429,0.5742537081241608,0.5968981385231018,-0.006470473483204842,-41.353365778923035,-35.881534573431466,87.22282772782137,0.5401227331748564,0.9804381132125854,0.3103448275862069,55.561545799518456,0.7795157093991948
02051500,-0.7356035057455301,0.6041094660758972,0.7292828559875488,0.9853636622428894,0.02549075148999691,-5.446438863873482,-16.658931113030444,54.94509597503573,0.8530257219086408,1.0513535737991333,0.13793103448275862,34.56682007888268,0.8630692638755165
02053200,-0.1433695200830698,0.6110681295394897,0.8211043179035187,0.992973804473877,0.06178386136889458,-1.7074165865778923,-39.16756382261783,62.30534664129051,0.836618126639117,1.137392520904541,0.782608695652174,18.82865117943805,0.9118662135226475
02053800,-8.100631088018417,0.45316553115844727,0.6441040933132172,0.9631534218788147,0.1494564414024353,-4.960830882191658,-23.066340881622708,20.479996686482814,0.6885908814509067,1.2566657066345215,0.3,42.128540674845375,0.8275451252237724
02055100,-9.351082146167755,0.5457713603973389,0.5449897944927216,0.8658657073974609,-0.013459747657179832,-7.1609362959861755,-4.531574438863449,8.011720699718001,0.7132249908556411,0.9751893877983093,0.375,44.918715953826904,0.7477455036279018
02056900,-3.125397115945816,0.6278376877307892,0.7104997336864471,0.9590582847595215,0.028509441763162613,-3.072280064225197,-5.9265738270625725,54.16872673520016,0.8383216459466419,1.0455410480499268,0.2903225806451613,37.905982232862904,0.8503681883251932
02059500,-16.95719212293625,0.5466321706771851,0.6972112655639648,0.8346230983734131,0.0510982908308506,-10.55142804980278,-5.018312928402841,29.394097932596058,0.744997459269005,1.104703664779663,0.3103448275862069,44.089932277284824,0.8365560684229575
02064000,-4.29203100502491,0.5914497673511505,0.6422473192214966,0.7709248065948486,0.014606839045882225,-1.387212984263897,-9.159279681585025,64.61954298651595,0.694926174092045,1.038048267364502,0.2857142857142857,43.29447405678885,0.8021441828728074
02065500,4.1763074696063995,0.4562978148460388,0.6762034893035889,1.0233694314956665,0.03519450128078461,8.56916606426239,3.3583355805061506,85.50530640480216,0.8264841932261564,1.0693479776382446,0.4827586206896552,49.010003846267175,0.8426708454563087
02069700,13.79263550043106,0.45534002780914307,0.7009584605693817,1.1529937982559204,0.1693708747625351,13.85410875082016,-8.756068866710814,35.65117757984355,0.7355788573966525,1.187198281288147,0.10526315789473684,38.72364696703459,0.8929101226368694
02070000,10.838170349597931,0.48382920026779175,0.5877907574176788,1.1517112255096436,0.05683363229036331,9.579737484455109,-1.55418427620325,42.24445655237196,0.7603013655207175,1.079765796661377,0.06060606060606061,62.314727089621805,0.8324393927303597
02074500,-0.2040449995547533,0.4454262852668762,0.6207309067249298,1.0087077617645264,0.05644289776682854,-0.6594265811145306,17.816313191937788,18.486600037900995,0.7757726328958561,1.1243555545806885,0.15151515151515152,51.192826935739234,0.8136192523664577
02077200,-3.027266263961792,0.5005636215209961,0.515535831451416,1.056733250617981,0.05014939606189728,-1.4444106258451939,-31.168598070577147,-13.266645040343603,0.7162289099423959,1.161240816116333,0.0,50.34046854291644,0.7734856096294606
02081500,-4.617418348789215,0.6203228533267975,0.8296171128749847,0.999091625213623,0.06668220460414886,-4.063508287072182,-34.892430994378664,81.5994668714094,0.7800233085914301,1.203697681427002,0.06666666666666667,26.498505274454754,0.9169567931762489
02082950,-6.831087917089462,0.5910121202468872,0.6138857901096344,0.8856518864631653,0.03195811063051224,-5.68733774125576,-18.50848104579471,72.50081923504568,0.7455664820568328,1.0868940353393555,0.34615384615384615,36.43556374769945,0.7899753571460103
02092500,-16.91891998052597,0.5932641625404358,0.7952087372541428,0.801504909992218,0.006081347819417715,-17.090389132499695,-19.81039659703686,58.17805989137823,0.7758669182811092,1.0139628648757935,0.6,37.457794189453125,0.8968478019232269
02096846,-7.970566302537918,0.3361530900001526,0.43729209899902344,0.9893448352813721,0.10212241858243942,-7.1074143052101135,-55.32042802185867,84.45382481274405,0.5387245625777988,1.3671364784240723,0.5,57.4239867074149,0.7209439073515277
02102908,25.25060474872589,0.3931545615196228,0.43907231092453003,1.2514331340789795,0.18580453097820282,18.04276555776596,-18.34353271246973,44.63662982294925,0.643821975642576,1.1714531183242798,0.21621621621621623,43.21996843492663,0.8149378689756865
02108000,-14.196836948394775,0.6094358861446381,0.7608676850795746,0.8617124557495117,-0.035352159291505814,-16.17198884487152,-9.419655135056292,30.689938991739464,0.8026466263448755,0.9390657544136047,0.6666666666666666,26.116714874903362,0.8730672346750246
02111180,-0.3395809791982174,0.49984312057495117,0.6916245818138123,0.9915487170219421,0.08728405088186264,-0.7358768954873085,-9.012630001595474,13.88580402587227,0.8057230077966153,1.1211702823638916,0.125,35.02415418624878,0.8483758324426032
02111500,-15.280579030513763,0.5228598415851593,0.6603108644485474,0.8108547329902649,0.053398266434669495,-13.422003388404846,-11.609311978357423,29.822914724107147,0.7276399310340345,1.0627702474594116,0.3142857142857143,35.83669934953962,0.8143552554774421
02112120,-9.863761067390442,0.450264036655426,0.6870212256908417,0.9076793789863586,0.12226799130439758,-7.019627094268799,-19.535751306596605,44.14956802335112,0.7696234609180114,1.1382665634155273,0.22857142857142856,32.06662586757115,0.8405239512142635
02112360,-1.8705397844314575,0.5113316476345062,0.6905800104141235,0.9774587154388428,0.04684911295771599,0.9438004344701767,-15.073674818784962,51.38636257453717,0.8354983942179564,1.044006586074829,0.23684210526315788,31.642774435190052,0.843104846546356
02118500,7.1199871599674225,0.47558194398880005,0.7289560437202454,1.054233193397522,0.11906234920024872,12.083043158054352,0.6963063514339396,52.983004542753385,0.7683304779942205,1.1903303861618042,0.12903225806451613,39.36337194135112,0.8795679765851631
02125000,-20.58846205472946,0.5655704736709595,0.717915803194046,0.7976211309432983,0.02862938493490219,-16.455768048763275,-35.801169164998846,63.388124356771144,0.725225712170454,1.1088635921478271,0.2903225806451613,50.784184855799516,0.8493599624394756
02128000,-20.77445387840271,0.5392368733882904,0.5834008157253265,0.7535861730575562,0.013428619131445885,-16.305142641067505,-30.176482937810384,88.11630624414671,0.6561394060264902,1.0426887273788452,0.23333333333333334,43.40259234110515,0.7639957489065738
02137727,1.2095564045011997,0.43657153844833374,0.8442033380270004,1.0210998058319092,0.15087677538394928,4.206642881035805,-16.14087005689421,37.801875112558015,0.755704974173141,1.234562873840332,0.23529411764705882,25.96283519969267,0.9350760748770848
02140991,-1.5663577243685722,0.5558549165725708,0.831407442688942,1.0283516645431519,0.0776415690779686,1.1936433613300323,-8.120884907757084,22.257990895426307,0.8627847151714747,1.1088041067123413,0.2777777777777778,34.081104066636826,0.9213496098500754
02143000,-7.760130614042282,0.5846913456916809,0.7720837444067001,0.9114863872528076,0.03928527235984802,-2.1206673234701157,-0.48458486831561165,30.01041154144255,0.8383858349585982,1.0625557899475098,0.16,33.50682067871094,0.8801198438251244
02143040,-20.980583131313324,0.5766400396823883,0.8142399787902832,0.8333931565284729,0.02872665971517563,-18.309305608272552,-23.737666990495192,51.801605950087804,0.8024591606905482,1.0487048625946045,0.16666666666666666,37.7668571472168,0.9057005871535915
02149000,1.9026853144168854,0.42372792959213257,0.4048996567726135,1.2918896675109863,0.1653011590242386,-2.8445642441511154,-27.688978419781456,46.335567107178,0.5963947777286084,1.2069154977798462,0.17142857142857143,36.362182072230745,0.8132285508339572
02152100,-12.018104642629623,0.5501313805580139,0.7640675604343414,0.9418861865997314,0.02670760452747345,-10.378848761320114,-10.199570284287857,30.95080925578732,0.8558189333685795,1.0475809574127197,0.14285714285714285,46.63739204406738,0.8769267813098973
02177000,4.601918533444405,0.6562281548976898,0.8528005927801132,1.0279479026794434,0.08842398971319199,3.582019731402397,-8.099050944092465,9.425156287862352,0.8869665250453799,1.0863169431686401,0.14705882352941177,28.400078941794003,0.9325843748218645
02178400,6.110210344195366,0.6750914454460144,0.7554686516523361,1.108499526977539,0.023849213495850563,2.9659125953912735,-2.270529902017559,-14.71054602213197,0.8476157358723786,1.021910309791565,0.35294117647058826,33.88566970825195,0.8952681761630945
02193340,-13.678653538227081,0.4827815294265747,0.5750026404857635,0.8876908421516418,0.03150112181901932,-14.451020956039429,-32.55331567194047,87.2640630637279,0.7220352420166513,1.1046749353408813,0.36,51.272369384765625,0.7682798721398667
02196000,15.117701888084412,0.4519595503807068,0.712023913860321,1.1702871322631836,0.16139790415763855,21.25975638628006,-37.44393651602734,53.7577451340669,0.42954264236336637,1.5352756977081299,0.15384615384615385,42.35207117520846,0.9004820774411673
02198100,-25.73108971118927,0.47656506299972534,0.5487053990364075,0.756608784198761,0.005281409248709679,-18.071287870407104,53.217488915756704,-1221.225194221715,0.6440575922564913,1.0184142589569092,0.47619047619047616,58.74158768426805,0.7409312277249364
02202600,8.469945937395096,0.5444420278072357,0.6744354665279388,1.083024501800537,0.1276492029428482,12.018626183271408,-48.4158506218691,-15.215619781079749,0.6203314641902247,1.343172550201416,1.0555555555555556,41.42763349745009,0.8604015402199299
02212600,1.5529509633779526,0.5709128379821777,0.7684859782457352,0.9845631718635559,0.06503761559724808,-1.160704717040062,-34.27756377454662,86.35952935097222,0.7706023394700765,1.1977125406265259,0.08333333333333333,42.74491866429646,0.8846971714453966
02215100,-9.329032152891159,0.6593120098114014,0.8111020177602768,0.914870023727417,0.014801526442170143,-5.856416746973991,7.223683250612581,40.369986879456214,0.8646526597592701,1.0352087020874023,0.32,40.8146858215332,0.9008428673902381
02216180,-8.004932850599289,0.595326691865921,0.8054981678724289,0.899432361125946,0.08411160856485367,-5.677393823862076,-85.4023850434731,67.39994320225034,0.715621827575747,1.2470650672912598,0.30434782608695654,29.084620268448543,0.9014304941322047
02221525,17.23969280719757,0.6436572670936584,0.8065509647130966,1.1209551095962524,0.011430026032030582,12.602265179157257,7.205791690939568,64.43410402383377,0.853249485223429,1.0235141515731812,0.76,34.12995147705078,0.9202964258923064
02231000,-6.275108456611633,0.5682633519172668,0.8281635046005249,0.963162362575531,0.07464570552110672,-9.056898951530457,-24.189848657582044,-4.349624600862291,0.7864959520058985,1.1920894384384155,0.8421052631578947,31.50225940503572,0.9143926719301138
02231342,16.66218489408493,0.43259620666503906,0.41777342557907104,1.2305055856704712,0.08495663851499557,4.007162153720856,-23.85710962733182,71.46488571585738,0.6289121506088549,1.199009895324707,0.7272727272727273,48.54521317915483,0.7879423934320972
02235200,37.91501522064209,0.5035612881183624,0.13526803255081177,1.3219481706619263,-0.002522815717384219,21.49919420480728,-17.510021546395087,20.879292812978747,0.568110777922585,0.9963034391403198,1.2222222222222223,49.1283999549018,0.7121389033025051
02245500,-11.273087561130524,0.5209748446941376,0.6479901075363159,0.8902002573013306,-0.009850219823420048,-14.009621739387512,-7.739375870838905,17.391443360035126,0.778498851583995,0.9761547446250916,0.4444444444444444,46.759605407714844,0.8091121296440749
02246000,-8.761792629957199,0.5578808784484863,0.787303626537323,0.9536797404289246,0.025363430380821228,-5.4814159870147705,4.862295701229512,44.81519909887288,0.8622956859805464,1.068597435951233,0.34782608695652173,55.320959505827524,0.8899486327492794
02296500,-16.50336980819702,0.6121055781841278,0.6971674561500549,0.8487638831138611,-0.03198638930916786,-13.883356750011444,-19.588676149645714,-96.7486614092755,0.7661352951978843,0.9305779933929443,1.4705882352941178,50.01116359935087,0.8356804269113604
02297155,18.936538696289062,0.39895695447921753,0.4317282438278198,1.244757056236267,0.08474627137184143,24.198243021965027,-21.40252306378689,-3.4211614482660426,0.6084961954762721,1.2298702001571655,0.5238095238095238,70.51768529982793,0.7986820836119776
02297310,-21.201838552951813,0.5588788092136383,0.6933910250663757,0.8521262407302856,0.01920676976442337,-15.520189702510834,-9.038275656959092,-0.34113465172711294,0.7719377846096815,1.0479906797409058,1.2857142857142858,42.61551357450939,0.8331389198578998
02298123,15.866844356060028,0.5476365685462952,0.5937723219394684,1.0185467004776,0.024270523339509964,4.216460138559341,20.33445023167487,-42.048630417895176,0.7959393568647992,1.0413854122161865,1.0476190476190477,56.807863144647506,0.8010426838896285
02298608,-22.78096377849579,0.49882686138153076,0.5721375942230225,0.8537923693656921,0.01900157518684864,-16.351324319839478,-1.9825541755726022,-4.733908275637419,0.7169327828020851,1.0467389822006226,1.0,47.331788804796005,0.7621642462973172
02299950,-17.71996021270752,0.5130473971366882,0.6199864745140076,0.8457013964653015,0.03046215884387493,-14.399445056915283,21.107597109311303,22.303630981702433,0.7252201421397071,1.0870362520217896,0.4074074074074074,52.36273165102359,0.7899509531872039
02300700,-20.273607969284058,0.42125511169433594,0.6244059205055237,0.816371738910675,0.03724421560764313,-15.236876904964447,16.01229184495038,87.86316333811442,0.6991882891948962,1.115241527557373,0.8148148148148148,49.44348865085178,0.7914628632280396
02310947,30.06693422794342,0.5286023318767548,0.48102128505706787,1.251273512840271,0.15711183845996857,20.95153033733368,-65.94839904663523,70.23920839907399,0.514357350501939,1.3781899213790894,0.9411764705882353,32.77893627391142,0.8277130645589024
02312200,23.422259092330933,0.5635343790054321,0.6635083258152008,1.1038888692855835,0.07425407320261002,14.260940253734589,-34.62621139278207,-32.392024066978955,0.7585405369099857,1.1627182960510254,1.9285714285714286,44.97190202985491,0.854974032378571
02314500,5.878761410713196,0.6043001413345337,0.7701716423034668,1.0431501865386963,0.026933522894978523,6.6476695239543915,-27.931439236322475,56.91086044487772,0.8732614696571908,1.0483428239822388,2.0,33.38725566864014,0.8910794425071503
02315500,28.720203042030334,0.5847937762737274,0.7299942672252655,1.1264015436172485,0.07556375861167908,23.121842741966248,-31.427962331096165,-218.27424978742496,0.780667794676047,1.1413484811782837,2.0625,42.924344539642334,0.8897735379682452
02324400,-22.70064651966095,0.49228614568710327,0.6516446471214294,0.8834711313247681,0.07345466315746307,-21.03535383939743,-43.86746130929464,25.11582146754578,0.7288494144817806,1.1587258577346802,0.65,45.95603942871094,0.8135871118228843
02327100,-6.541530042886734,0.4915364384651184,0.6045197546482086,0.9247612357139587,0.05884968489408493,-6.110896915197372,-25.150579894015696,26.20282440774822,0.742489650856396,1.1304360628128052,0.64,43.571434020996094,0.7911049503155608
02342933,-18.664319813251495,0.49506890773773193,0.722239762544632,0.8156698346138,0.053556155413389206,-19.980043172836304,-48.72386472603672,69.25456902451032,0.7065479855012363,1.1741477251052856,0.3,42.86206881205241,0.8523211430748036
02349900,15.024279057979584,0.5681571960449219,0.6752807199954987,1.163195252418518,0.09167540073394775,13.831320405006409,-26.907779787731368,-8.623700322647728,0.6948093280608195,1.225839376449585,0.35714285714285715,46.21795586177281,0.8754799940908798
02350900,10.126106441020966,0.6787001192569733,0.8658469766378403,1.1252877712249756,0.056955594569444656,12.93984204530716,6.18967908924163,22.86110121729311,0.8451840013060087,1.0751686096191406,1.0769230769230769,28.507227164048416,0.9488077353399819
02361000,-2.538355253636837,0.6516618132591248,0.8580791801214218,0.9562418460845947,0.01171000488102436,-2.8634438291192055,-6.344059771655634,17.270431921558206,0.9128653678999404,1.0181379318237305,0.9032258064516129,32.83112741285755,0.9268653057278139
02363000,-20.97112089395523,0.6514309644699097,0.8325189054012299,0.7916043400764465,0.04660732299089432,-17.40606278181076,-34.64122782656535,49.0513812532528,0.763441516378676,1.0812698602676392,0.7666666666666667,34.63374137878418,0.9230170479240678
02369800,13.672882318496704,0.5319885909557343,0.8038633018732071,1.1880807876586914,9.69274842645973e-05,14.29760605096817,-0.47683691172523734,-11.045038493396808,0.800120530987156,1.0002049207687378,0.27586206896551724,52.4789547098094,0.9323436813444503
02371500,1.9215552136301994,0.6759040951728821,0.8431294858455658,0.955845057964325,0.02519920840859413,-2.9813252389431,-19.377033748433544,-24.481590643541946,0.8996664374603038,1.0400452613830566,1.3076923076923077,29.512669489933895,0.9192934828747024
02372250,-21.78766429424286,0.6596627831459045,0.7822338193655014,0.8043403029441833,-0.020797383040189743,-17.947348952293396,-2.214695119580495,-3.317620570254224,0.7718812802195306,0.9630259275436401,0.9655172413793104,45.25822935433224,0.8886970295621083
02374500,16.929873824119568,0.557768702507019,0.4433329105377197,1.2291914224624634,0.04834425821900368,7.225099205970764,-13.883835992501576,-9.015006580764819,0.6867272965313833,1.0628231763839722,0.5333333333333333,42.822348276774086,0.7958815855509436
02381600,-18.581567704677582,0.39054715633392334,0.40618544816970825,0.9011281132698059,0.08844800293445587,-16.714690625667572,-0.8026571817155593,60.096362795384586,0.6327535133117659,1.151241421699524,0.40625,50.60720443725586,0.6802808038894603
02384540,12.356220930814743,0.3928685188293457,0.5339597761631012,1.1516718864440918,0.16877585649490356,13.061000406742096,-0.5688571004385632,60.21527748209253,0.6152235299161493,1.3043954372406006,0.21875,49.373480677604675,0.8200222553208799
02395120,-31.101664900779724,0.6051538586616516,0.677004486322403,0.7228845357894897,-0.023681173101067543,-27.63912081718445,12.281802933779797,-26.271030123923232,0.6712094578809616,0.9505741596221924,0.2692307692307692,48.15571858332707,0.8300961260439538
02408540,-2.77433879673481,0.6826748549938202,0.8672969341278076,0.9677872657775879,0.0478045828640461,-0.35200431011617184,-24.19832878608693,42.98703675851631,0.8841509826733343,1.08896803855896,0.2222222222222222,30.47553874828197,0.9331567304476976
02415000,-12.17838004231453,0.5939933657646179,0.8226746618747711,0.905336320400238,0.09049957245588303,-9.249794483184814,-29.248491302899303,49.25514382493257,0.7850389582371817,1.1715275049209595,0.17857142857142858,35.008481570652556,0.9115389786630295
02422500,10.332577675580978,0.5710619390010834,0.7540006339550018,1.1141237020492554,0.12960892915725708,10.790492594242096,-0.8996783852454849,-75.63762073063526,0.7423907675914663,1.2095855474472046,0.2692307692307692,43.79763970008263,0.9029835294708042
02427250,-9.273219108581543,0.6182095408439636,0.7539887726306915,0.9122520089149475,0.047176796942949295,-13.201960921287537,-9.315384425634658,-552.6840183912093,0.7978447722589853,1.128153681755066,0.7586206896551724,36.37770291032462,0.8706027047570918
02430085,3.030349127948284,0.5151748359203339,0.4795093536376953,0.9905003309249878,0.025879845023155212,-5.689020454883575,-30.91972803583093,-1.587352428535518,0.7336978201864206,1.0446661710739136,0.45714285714285713,63.676414489746094,0.737642342550241
02430615,11.332441121339798,0.4072345495223999,0.3293646574020386,1.097251534461975,0.08194600045681,9.30529460310936,-10.434291078813155,29.80062754073106,0.6607872430500472,1.1291025876998901,0.42857142857142855,78.01104954310826,0.7017719742016669
02450250,-7.6682984828948975,0.665958970785141,0.8012261539697647,0.9257220029830933,0.006793117616325617,-9.400183707475662,-5.443540625220314,-258.5766998528086,0.8708544442263633,1.0164633989334106,0.1724137931034483,31.686907801134833,0.8956433508069693
02464000,-4.72869835793972,0.6956081688404083,0.8355222791433334,0.9714750051498413,0.0397731177508831,-3.3289924263954163,-10.248781722993062,-233.31738151161673,0.8739256655793024,1.0901224613189697,0.2,35.476296742757164,0.9165793524705597
02464146,-7.360164821147919,0.5105542242527008,0.5405004620552063,0.9241718649864197,0.005924710538238287,-8.766909688711166,-3.806079662727728,-29.20815877542432,0.7428671057254727,1.010558009147644,0.5625,54.91556525230408,0.7545291306464335
02464360,-7.732633501291275,0.595547616481781,0.7372983396053314,0.8937503099441528,-0.004006278235465288,-8.373777568340302,-7.141068061867408,-7.4033318064142,0.823597938993482,0.9930227398872375,0.125,33.67447555065155,0.8593585824456302
02465493,-19.007757306098938,0.5403957068920135,0.612104207277298,0.8302463293075562,-0.056854892522096634,-11.224359273910522,26.44142566511017,-2.0244383832454123,0.7149150457271769,0.9191807508468628,0.21212121212121213,34.2961311340332,0.7856979435341274
02469800,-9.080568701028824,0.5980659127235413,0.771163210272789,0.9053713083267212,0.047886040061712265,-13.709945976734161,-21.187958620992188,20.455170864986528,0.8115135671846678,1.1101487874984741,0.4444444444444444,42.74201569733796,0.8798343198734837
02472000,-3.661135584115982,0.7146686911582947,0.8810419887304306,0.9812537431716919,0.04787902534008026,0.4248333163559437,5.504517551662523,34.13373248711436,0.8841243733923895,1.0977907180786133,0.7857142857142857,27.51694747379848,0.9407318453610822
02472500,-17.64163076877594,0.6203936338424683,0.822573259472847,0.8605147004127502,-0.0006759917014278471,-14.300453662872314,33.8413973253945,-157.00937770589567,0.8330185596833444,0.9987411499023438,0.5357142857142857,34.68285969325474,0.9082118313413345
02479155,18.239128589630127,0.5621792376041412,0.6714931130409241,1.2127420902252197,0.07287299633026123,15.049596130847931,-27.102978075634258,13.335488508231713,0.6966103444833135,1.1834533214569092,0.12903225806451613,37.68106275989163,0.8854095773305373
02479300,8.024272322654724,0.6395965814590454,0.8084739148616791,1.0446220636367798,0.058779001235961914,5.478419736027718,-0.05340639273472557,-6.777229568555739,0.8602305427142267,1.098039150238037,0.6,25.032892227172855,0.9109343071246939
02479560,16.829076409339905,0.6061978936195374,0.8139495998620987,1.0925593376159668,0.11776691675186157,11.421605199575424,-17.486914493470174,-6.360305054293046,0.7773010918621653,1.1882048845291138,0.9354838709677419,31.002715326124626,0.9251234740037964
02481000,4.685534164309502,0.551386296749115,0.6638588011264801,1.075091004371643,0.06252078711986542,1.893628016114235,-28.227691239802628,32.244988202472285,0.7680170225400833,1.1584503650665283,0.18181818181818182,38.33979115341649,0.8481088392831564
02481510,2.765517309308052,0.6229272484779358,0.7610615491867065,1.1027730703353882,0.0802946463227272,1.8926266580820084,-12.00131387367667,20.48030722221523,0.7797530379010638,1.1667975187301636,0.25806451612903225,41.656549515262725,0.8993769008969195
03010655,-6.470933556556702,0.6300981640815735,0.7860602736473083,0.9756844639778137,0.0422026664018631,-5.217722058296204,-9.807081689538764,25.001696428874006,0.8729164231457645,1.06167733669281,0.39285714285714285,25.646214825766428,0.8915800002190468
03011800,0.09921018499881029,0.6065461933612823,0.7951087355613708,1.002862572669983,0.048121824860572815,2.0769018679857254,-10.108300360718438,18.0941059177746,0.883775889106847,1.0574451684951782,0.2894736842105263,38.226629558362454,0.8990054345661432
03015500,-13.55290561914444,0.6542047560214996,0.820913553237915,0.8778715133666992,-0.01503684651106596,-12.070029228925705,-4.827105915560651,-26.74009907051222,0.8448631170921395,0.9791929721832275,0.3142857142857143,30.702956063406805,0.9066235962115752
03021350,-33.56489539146423,0.5891542136669159,0.6954016089439392,0.6866112351417542,-0.0622900016605854,-33.9654415845871,-14.30031876056161,20.290547697951656,0.6375494751541909,0.8931769132614136,0.2222222222222222,41.53005546993679,0.8525323996219305
03026500,-5.126567929983139,0.579607367515564,0.7331783175468445,0.993435800075531,0.0960313156247139,-0.7991429418325424,-11.191526996140515,44.60408673129276,0.817397629498525,1.1284399032592773,0.5142857142857142,36.453391483851846,0.8703708048206075
03028000,-15.528815984725952,0.6407505571842194,0.7878437638282776,0.888484537601471,-0.0006857225671410561,-11.155451089143753,-4.917052697941835,13.915893385616695,0.8416684908264704,0.999086856842041,0.34285714285714286,37.25836617606027,0.887606340869323
03049000,0.5606756545603275,0.6166913211345673,0.7452133595943451,1.0187281370162964,0.07109220325946808,0.9503865614533424,-11.317118753928867,-14.799398034084692,0.8313392143282556,1.1145176887512207,0.06060606060606061,36.693749283299304,0.8776014033152854
03049800,-33.13515484333038,0.49353158473968506,0.36623477935791016,0.6512002944946289,-0.02657015435397625,-32.69975185394287,-28.518694042790077,84.19518388287929,0.4706980017319644,0.934280276298523,0.5757575757575758,64.8876246284036,0.6073420206763863
03050000,-8.70242640376091,0.6495469808578491,0.8287760317325592,0.9392231702804565,0.06426870077848434,-6.1588529497385025,-14.619115889589091,57.56251694383544,0.8468248561120757,1.110463261604309,0.30303030303030304,24.565228548916902,0.9130133946514414
03066000,13.413470983505249,0.5917141735553741,0.7357089817523956,1.0805020332336426,0.08933360129594803,10.980496555566788,-7.530738705484695,38.69102863183254,0.8173076358275067,1.116321325302124,0.2702702702702703,27.08241746232316,0.8843917310390736
03069500,-5.623926967382431,0.719756692647934,0.8777744174003601,0.9478593468666077,0.013816202990710735,-4.026788100600243,-4.018936953991862,22.35455447483857,0.9160335169230791,1.0192434787750244,0.16216216216216217,21.17649671193716,0.9370602582165665
03070500,-9.355192631483078,0.6940389573574066,0.8093559890985489,0.8997677564620972,-0.02206224948167801,-11.043015867471695,-10.03627061933096,32.20393254312184,0.8546102465357379,0.9672250747680664,0.3125,34.004056453704834,0.8999126279503823
03076600,-0.7589485496282578,0.5446793138980865,0.6537705659866333,1.0282520055770874,0.09676747024059296,1.5764422714710236,-3.2438442484350474,2.9351226925323335,0.7797224337022918,1.1449792385101318,0.27586206896551724,37.73668881120353,0.8365831991625837
03078000,-2.541416510939598,0.6294760704040527,0.7505113631486893,0.9282668828964233,0.0021429965272545815,-4.757045209407806,-12.427888297057194,45.023617159643074,0.8500770363161559,1.0031718015670776,0.22580645161290322,31.968402862548828,0.8683899904066151
03140000,7.235527783632278,0.5855914652347565,0.7276546061038971,1.0379421710968018,0.06582649052143097,8.227493613958359,-25.296921826361384,39.02017538723558,0.8141651060691169,1.1288597583770752,0.24242424242424243,53.07302763967803,0.8715859737966082
03144000,-17.278577387332916,0.6485131680965424,0.7709228098392487,0.832114040851593,0.017342183738946915,-11.379756778478622,-11.55239527608706,10.792503841402192,0.789474182347041,1.0400967597961426,0.17857142857142858,29.24577849251883,0.8794691969946403
03159540,18.121430277824402,0.534441739320755,0.5584271848201752,1.1797727346420288,0.11119037866592407,14.0459343791008,-29.913220675760837,84.27868235552405,0.6301787003689294,1.2759639024734497,0.21428571428571427,47.568958146231516,0.8317933352338108
03161000,2.867216616868973,0.6612712740898132,0.8704806119203568,1.0538475513458252,0.04998452216386795,3.268614038825035,-4.794553069349152,-15.420207829008833,0.9068893826162018,1.0479795932769775,0.2222222222222222,25.35964118109809,0.9411103836603889
03164000,-1.4514381065964699,0.6163676679134369,0.8595042079687119,1.0091896057128906,0.130089670419693,1.3947111554443836,-18.44903601182941,-5.2441919690366,0.8594536429042378,1.1261967420578003,0.2857142857142857,18.991432189941406,0.9388182058637691
03165000,-6.377819925546646,0.4303090572357178,0.6259453296661377,0.9813628196716309,0.031631480902433395,-0.6507279351353645,12.597449057118887,-13.858457046651912,0.8050178601736406,1.0401440858840942,0.24324324324324326,44.36688809781461,0.8101075495729114
03170000,9.727077186107635,0.554021805524826,0.7098989188671112,1.1129486560821533,0.11333832144737244,8.703817427158356,-9.373951220571893,24.43899495270594,0.7940222710699776,1.1246973276138306,0.20588235294117646,25.233302396886486,0.8811723837217363
03173000,2.357793040573597,0.6459558606147766,0.8326287716627121,1.0488290786743164,0.08318120986223221,4.91282232105732,-13.946686245329076,-13.972101086258679,0.8338488742151421,1.1397985219955444,0.1111111111111111,32.02327092488606,0.9246455646743049
03180500,-0.3901499090716243,0.6800693869590759,0.8325391262769699,0.9397152066230774,-0.004853271879255772,-1.771058700978756,-3.9916146626483955,31.536953510493205,0.8937572876433322,0.9924407601356506,0.1,23.377504348754883,0.9128443030601175
03182500,-13.34281861782074,0.7269498407840729,0.8741023391485214,0.8835451602935791,0.008517366833984852,-13.82955014705658,-7.266307984752585,17.07492734337979,0.8665411352974748,1.0146105289459229,0.1724137931034483,26.244431528551825,0.9364699179871528
03186500,-0.2653502859175205,0.6309055089950562,0.7569807171821594,1.013021469116211,0.05358602851629257,1.691909320652485,-9.144621022138246,19.827566269484777,0.8571748598183779,1.0787389278411865,0.29411764705882354,38.03763950572294,0.8815532049721226
03187500,0.3904101438820362,0.6450161933898926,0.7782532125711441,0.9957351088523865,0.01569437049329281,0.5523394793272018,0.09192796805491893,46.6577649407689,0.8865883447708693,1.0217976570129395,0.2222222222222222,29.559479819403755,0.8887845496612253
03213700,-3.167858347296715,0.6837533712387085,0.858887180685997,0.9877685308456421,0.02466624416410923,0.501566007733345,20.12652740329749,17.92189215505728,0.9190212701947156,1.036882996559143,0.2413793103448276,27.01655256337133,0.928953603835089
03237280,-9.996514767408371,0.4743698239326477,0.2906752824783325,0.9769307971000671,0.0009609565604478121,-10.85522249341011,-37.79923983771741,-22.369085857190747,0.6364938746847488,1.0025396347045898,0.3225806451612903,61.47928545551915,0.6372355236867369
03237500,-0.7352013606578112,0.6102971434593201,0.7971860021352768,0.9889790415763855,0.04992101714015007,-2.747623436152935,-27.769093848464898,51.2875603116851,0.8240709336257209,1.1434745788574219,0.13793103448275862,41.01890695506128,0.8987842893003468
03238500,2.2063521668314934,0.6012353599071503,0.6794373095035553,1.0022556781768799,0.00803972315043211,-7.556480169296265,-24.03963366359173,-15.529934493826952,0.8382574830690537,1.0243326425552368,0.12121212121212122,42.635307889996156,0.8401141775972651
03241500,9.049862623214722,0.6211889684200287,0.7780878990888596,1.0759519338607788,0.02757553942501545,6.683134287595749,-7.979191726077124,-392.2535594998585,0.8644110065243755,1.0509682893753052,0.27586206896551724,35.585400153850685,0.8999104782072771
03280700,-14.217111468315125,0.5353844165802002,0.6588339507579803,0.8803777694702148,0.05696325749158859,-10.763350129127502,-16.382848672875923,31.422787950080313,0.739647006270731,1.1403385400772095,0.17857142857142858,40.56290558406285,0.8162085489586928
03281100,-4.72944974899292,0.6215095221996307,0.8171617984771729,0.955543577671051,0.05352092906832695,-1.6048233956098557,-21.279619284066975,47.02111946913094,0.8373769692232951,1.1256779432296753,0.16666666666666666,26.789037386576336,0.9068606890820542
03281500,-13.031826913356781,0.6911727786064148,0.8585867881774902,0.8888239860534668,0.009472840465605259,-13.09896856546402,-15.139311442562372,82.96799241008483,0.8658520798808096,1.0192992687225342,0.6129032258064516,25.564076823572957,0.9274527972831456
03285000,-16.176888346672058,0.6613397002220154,0.7940504848957062,0.8494182825088501,-0.01404345128685236,-18.707308173179626,-26.485520341845074,-105.84716215240213,0.811017883804225,0.9622402787208557,0.0967741935483871,29.357550221104777,0.892233632110151
03291780,-4.342235624790192,0.5626801550388336,0.6701218783855438,0.9571592807769775,0.015887664631009102,-6.507351994514465,-24.250046969284828,-15.819440865144804,0.8180439553356941,1.0441890954971313,0.16129032258064516,38.92808114328692,0.8287691651440126
03300400,-9.79471281170845,0.6800921261310577,0.8265479356050491,0.9465252161026001,-0.016022520139813423,-14.87017422914505,-26.988359664272227,-9.44980433991663,0.8875747805985289,0.9589687585830688,0.125,34.739649295806885,0.9100204763716722
03338780,-15.139642357826233,0.6369538009166718,0.7986127734184265,0.8601484298706055,-0.03490179032087326,-15.289384126663208,-22.932327622406053,-324.389179195644,0.8102106810979283,0.9262502193450928,0.4827586206896552,34.149580988390696,0.8950119351782861
03340800,-0.8513413369655609,0.668108344078064,0.7922961860895157,1.0077670812606812,-0.0027972483076155186,-1.293268520385027,-20.624497534007755,-300.302153417783,0.8964654229748326,0.9931852221488953,0.1724137931034483,39.473260682204675,0.896982332140014
03346000,-6.474819034337997,0.6635271608829498,0.8417279422283173,0.894828736782074,-0.00017551492783240974,-9.172529727220535,-29.183940828450105,-95.89238752050612,0.8664806122923663,0.9994580745697021,0.2962962962962963,27.941022095856844,0.9177434585957134
03357350,-15.365524590015411,0.5422370135784149,0.6299315094947815,0.8123216032981873,-0.016352590173482895,-14.281806349754333,-35.75508336595028,64.00391927335176,0.7169660687824185,0.9502604007720947,0.375,54.62499260902405,0.7940606936484368
03364500,-9.990648180246353,0.6202710866928101,0.728556215763092,0.9089943766593933,0.023153875023126602,-7.625550031661987,-30.844746709682802,-11.910437729079945,0.8189335425058026,1.0602868795394897,0.3,40.93271573384603,0.8555405568843744
03366500,-2.455862984061241,0.6655930578708649,0.8588275909423828,0.983147144317627,0.03476152569055557,-1.9578823819756508,-12.4186985821274,-100.60559718640916,0.8780925224216999,1.0976275205612183,0.22580645161290322,31.229059157832978,0.9289628155546565
03368000,-15.869159996509552,0.5021271407604218,0.6394094526767731,0.8696869611740112,0.03099205531179905,-15.860044956207275,-26.312877753596638,-22.682276632084246,0.740374969513734,1.107779860496521,0.45161290322580644,47.49872146114226,0.8030046446276428
03384450,-2.233324386179447,0.5683198571205139,0.6865384578704834,0.9500097632408142,0.024441642686724663,-5.01851812005043,-37.27246203300428,-18.64085315140783,0.8109757562212709,1.0809224843978882,0.15625,39.74543213844299,0.8366516223412229
03439000,-3.079278953373432,0.6074796915054321,0.7757046222686768,1.0414249897003174,0.0706745907664299,-3.071446344256401,4.357067753181983,11.112992505159795,0.86699173446279,1.0711497068405151,0.2571428571428571,36.19191578456334,0.8955352301201294
03450000,16.82744175195694,0.5244208574295044,0.7602950632572174,1.1599923372268677,0.1056666299700737,16.70125722885132,-23.821469959511667,45.5660929543373,0.7592176895863683,1.1572469472885132,0.1875,43.14812421798706,0.91252445710226
03455500,2.3734817281365395,0.4136784076690674,0.5744047462940216,1.0494394302368164,0.11412836611270905,5.446251109242439,-9.847774340696484,20.978044692835326,0.7450566847749907,1.1561082601547241,0.4722222222222222,45.60428195529514,0.8045977281932413
03456500,-16.59683883190155,0.5564211010932922,0.7919824868440628,0.8789284825325012,0.07046545296907425,-12.813298404216766,-15.566454441015257,12.744847041256783,0.8055748921333274,1.1079670190811157,0.22580645161290322,35.115297379032256,0.8928275547641914
03460000,6.3865624368190765,0.5650765597820282,0.7489097416400909,1.0497474670410156,0.0039238049648702145,5.477336794137955,0.8876306168492332,4.911220593805367,0.8715083114280278,1.0038081407546997,0.3235294117647059,40.050730985753674,0.8815905340816362
03463300,-10.126943141222,0.5602379441261292,0.7188144624233246,0.8204832077026367,0.04403640702366829,-6.076427549123764,-7.979014774525968,34.71804388397603,0.7506117990623955,1.0854864120483398,0.3333333333333333,35.95093524817264,0.8494667166196732
03471500,12.193179875612259,0.48265010118484497,0.6587190628051758,1.1497199535369873,0.18373140692710876,13.847942650318146,-7.480502923546443,-23.711177967772606,0.7017043378509544,1.226253628730774,0.2413793103448276,30.41292059010473,0.8760099477539547
03473000,2.598857507109642,0.5803444385528564,0.778922900557518,1.0639033317565918,0.11156611889600754,3.1255483627319336,-0.11792015755230664,-12.570641936279795,0.8295620152744458,1.1253972053527832,0.16666666666666666,32.13268597920736,0.9038698189046379
03479000,-1.3612314127385616,0.5553981363773346,0.8257409334182739,0.9317807555198669,0.07489613443613052,3.0894652009010315,-4.461767850133688,45.97031466800831,0.8278030266136044,1.1313533782958984,0.2222222222222222,40.91933303409153,0.9119987367349226
03488000,-4.0355682373046875,0.6720216870307922,0.8438179790973663,0.970841109752655,0.06319750100374222,0.3101743757724762,-5.079213408160461,-2.2509575935389843,0.8674830830180065,1.1031290292739868,0.16666666666666666,25.173700650533043,0.9220583825741278
03498500,-6.62098228931427,0.7070305645465851,0.862745925784111,0.9173467755317688,0.004229930229485035,-3.6096908152103424,-6.12030191519289,2.396230001753321,0.8908067499169159,1.0062977075576782,0.10344827586206896,27.74584540005388,0.928922934583446
03500000,8.995305001735687,0.7032822072505951,0.8441037833690643,1.0913469791412354,0.07301019877195358,6.319689750671387,-4.67624915265731,35.6377597472407,0.8701055160020321,1.0654419660568237,0.09090909090909091,23.25817310448849,0.9348413056186161
03500240,-4.939134418964386,0.6659106910228729,0.8371618092060089,0.9467417001724243,0.02812305837869644,-6.547659635543823,-10.570663996418196,33.206634438585866,0.8965660115531223,1.0281442403793335,0.2222222222222222,35.42754915025499,0.9159164391871089
03504000,4.04391810297966,0.6211366057395935,0.7640845477581024,1.03278386592865,-0.08994598686695099,0.5794087890535593,0.8219774625661905,-9.817276354292558,0.8642785557555547,0.9272353649139404,0.2702702702702703,41.35500160423485,0.8902236981704932
03574500,-14.018040895462036,0.6173075437545776,0.8167626261711121,0.871334433555603,0.05598067119717598,-14.439418911933899,-28.41635376191171,47.16315445690563,0.7980054495833366,1.1242547035217285,0.39285714285714285,33.087985856192454,0.9061504445279586
03592718,-16.16041213274002,0.5661658048629761,0.6218875646591187,0.8906762003898621,0.009549790062010288,-17.16831773519516,-5.430918848782331,18.445038298059547,0.7661378663964523,1.0225650072097778,0.14705882352941177,45.15916319454418,0.7944990880262848
03604000,6.30369558930397,0.555544912815094,0.7053090929985046,1.1154892444610596,-0.010133547708392143,6.106221303343773,30.0729803300248,-55.17594487598382,0.8277722702824022,0.9792154431343079,0.27586206896551724,45.17787078331257,0.8739340351506865
04015330,3.2394621521234512,0.596207320690155,0.7180052995681763,0.9463863372802734,0.04617774114012718,-2.930529974400997,-19.04786594263712,91.92994838947712,0.8091699930889941,1.1101197004318237,0.5714285714285714,37.71621441018993,0.8536602641650759
04024430,14.563961327075958,0.5808224380016327,0.7447488605976105,1.148850917816162,0.12477774918079376,11.743265390396118,-2.116128317306028,12.974411938046664,0.700308131430474,1.2422727346420288,0.6206896551724138,28.37464891631028,0.9053292949162555
04027000,-6.349210441112518,0.6473592817783356,0.8581156879663467,0.9872369170188904,0.04975193366408348,-4.469844326376915,21.050745151891437,24.64981151706956,0.8814521592894026,1.0944308042526245,0.6071428571428571,27.974934237343923,0.9294768303451624
04040500,1.3798530213534832,0.6405331790447235,0.8261598944664001,1.0197086334228516,0.05784078314900398,4.151823744177818,-6.1348126781399674,49.07205713348279,0.8706598719210676,1.0968676805496216,0.875,24.37437574068705,0.9165908220576731
04043050,-18.153102695941925,0.6385431587696075,0.8164497166872025,0.871955931186676,-0.0007769341464154422,-17.295067012310028,-0.16137839989707392,9.152870849963518,0.8400486923810261,0.9986343383789062,0.56,35.82052230834961,0.9041497406415347
04045500,20.215272903442383,0.6112844944000244,0.8159320205450058,1.1814395189285278,0.15316984057426453,19.807690382003784,-7.951918186139661,14.219717887116396,0.7544114700381614,1.1564393043518066,1.24,17.49310302734375,0.9459613927481095
04056500,21.310946345329285,0.5555052757263184,0.7140003740787506,1.2252202033996582,0.17266976833343506,22.773247957229614,-1.6153752210028158,3.5765101596230773,0.7155203511205672,1.1522310972213745,1.0,26.86167592587678,0.9161535710601914
04057510,15.909986197948456,0.551911860704422,0.7395057678222656,1.145079493522644,0.14142100512981415,19.779808819293976,-11.772704723279604,24.65545601916852,0.7749526843438324,1.1428862810134888,1.1785714285714286,25.39430686405727,0.904178574726765
04057800,11.54152825474739,0.5767649412155151,0.7600819170475006,1.12306809425354,0.11218921840190887,14.63983952999115,-8.046921022135724,-151.36220217317847,0.7603324069261542,1.1826766729354858,0.8695652173913043,29.606717565785285,0.905532902490688
04059500,16.60216897726059,0.6158497333526611,0.7763020694255829,1.118985652923584,0.10190242528915405,17.423415184020996,-14.206665809799285,57.260037142615076,0.7813149378197376,1.160456895828247,0.6086956521739131,25.60273046078889,0.9110103635230669
04063700,15.602986514568329,0.4322667717933655,0.6330282986164093,1.1863349676132202,0.24938230216503143,23.01402986049652,4.569472167475927,-12.155146915057342,0.6191586896455983,1.3120323419570923,0.7916666666666666,35.08202234903972,0.8861790832500016
04074950,6.64759948849678,0.5083025991916656,0.7895824760198593,0.9907038807868958,0.15741558372974396,8.156783878803253,-19.812760316969253,4.174031310984014,0.8649520265296257,1.0968602895736694,1.2592592592592593,20.346443741409868,0.9063537421477207
04105700,-0.5558907054364681,0.40794986486434937,0.6751832067966461,0.9583047032356262,0.2559991776943207,-0.40693902410566807,-13.90445012999062,16.987305659168335,0.8179819988450536,1.1154801845550537,0.32432432432432434,19.371682244378167,0.8656259625251083
04115265,23.42582643032074,0.37031954526901245,0.5335562825202942,1.1810487508773804,0.24156729876995087,20.787031948566437,-9.668275534307586,44.278838754022836,0.7089645509275728,1.163332223892212,0.25,30.831220414903427,0.841111463406091
04122200,17.22061038017273,0.4315807819366455,0.6252731680870056,1.144780158996582,0.29526862502098083,16.8828085064888,-7.775582177955205,7.604090990573474,0.7674846297018547,1.139804482460022,0.8,22.083020210266113,0.8835662863690528
04122500,14.59989845752716,0.5021739900112152,0.7073394954204559,1.0802154541015625,0.20562489330768585,14.245295524597168,-10.505291157063777,-4.019484645539025,0.835709763532481,1.0883574485778809,0.4666666666666667,15.608649253845213,0.8870853242371012
04124000,17.88296550512314,0.516821563243866,0.7481839060783386,1.1369847059249878,0.16119831800460815,12.695024907588959,0.028688276441479366,1.6417553358243238,0.8298569493937937,1.0434974431991577,0.9285714285714286,12.868329456874303,0.9089405664010218
04127918,43.04663836956024,0.4807044267654419,0.48175281286239624,1.3762997388839722,0.1726723313331604,38.439226150512695,4.068759254144291,-62.21860473744029,0.5437463655117037,1.2251436710357666,0.6,36.35392824808756,0.873999155192623
04127997,8.310604840517044,0.17783617973327637,0.5171642303466797,1.045780897140503,0.451353520154953,7.03844353556633,-5.408706021547048,20.79175395251382,0.8090711634019007,1.129676103591919,0.3611111111111111,17.601079410976833,0.8675536400691498
04161580,-15.589983761310577,0.43464207649230957,0.6277405023574829,0.914797842502594,0.09660457819700241,-12.24188506603241,-8.862284652593216,21.774583214993477,0.7645462047185143,1.1019262075424194,0.8125,36.18636727333069,0.8056031628697045
04185000,9.33385118842125,0.6892976462841034,0.8377715796232224,1.0490341186523438,0.03849702328443527,9.628653526306152,2.707168613548338,-290.2296870996329,0.8928660967633447,1.0581166744232178,0.6,21.664419174194336,0.9245296045810373
04196800,-12.963750958442688,0.663520097732544,0.8026646226644516,0.8726015090942383,-0.019774261862039566,-14.061614871025085,-2.049955392079979,-87.0275296098885,0.8297807955694886,0.9550354480743408,0.3870967741935484,31.958260074738533,0.8964510205650703
04197100,-14.111797511577606,0.6125855147838593,0.7456119954586029,0.814619243144989,-0.01817348785698414,-19.367310404777527,-33.60960608551007,-29.98552913117968,0.766820765519046,0.9572934508323669,0.4,45.90676625569661,0.8651568279845822
04197170,-24.972757697105408,0.6059730648994446,0.73117396235466,0.769476056098938,-0.010972342453897,-24.64558333158493,-0.8367352300545959,-380.71436495501104,0.7278211325339654,0.9636704921722412,0.22580645161290322,47.211096363682906,0.8599278255884274
04213000,-16.941680014133453,0.6200021803379059,0.7269705235958099,0.8506780862808228,-0.012689839117228985,-16.821086406707764,-14.01930737866376,-283.04214762104834,0.7890157170623123,0.9770504236221313,0.53125,40.60218930244446,0.8527225384722794
04213075,-31.28698170185089,0.4360307455062866,0.4638749361038208,0.733693540096283,-0.07849930226802826,-27.09774672985077,10.620246006840638,-452.28809392889565,0.566234708361504,0.8608234524726868,0.5,49.47167564840878,0.6871692370271795
04216418,-16.40084981918335,0.5826831459999084,0.7123365104198456,0.8774498105049133,0.01604982651770115,-16.161569952964783,-4.158285848995481,-479.39324524472886,0.8006117627303154,1.0254030227661133,0.35294117647058826,40.56550474727855,0.8447846442822917
04221000,-20.634928345680237,0.6812915802001953,0.7721758335828781,0.8344206809997559,-0.027221299707889557,-18.742814660072327,-4.734205921374298,-507.46293061204176,0.7914606311018749,0.9580774307250977,0.3870967741935484,32.05560253512475,0.8803561297632232
04224775,-25.378665328025818,0.5598770081996918,0.6750706136226654,0.805174708366394,0.017467111349105835,-20.468677580356598,-6.202410682738233,-728.3592422995836,0.7344470533220044,1.029528021812439,0.26666666666666666,42.13412284851074,0.8219843569876769
04233000,-15.254926681518555,0.6104992926120758,0.6695358753204346,0.8723791241645813,-0.07441259920597076,-14.179669320583344,-0.7922528682392442,-63.24199972289767,0.7538177765201415,0.8858658671379089,0.34375,39.519524574279785,0.8231045536925663
04256000,-10.572917759418488,0.6638166308403015,0.8194890320301056,0.884653627872467,-0.020761581137776375,-12.214075028896332,-5.738924212827807,21.3009981905046,0.8490209412374914,0.9754049181938171,0.4,30.340611594063894,0.905739867532573
04296000,-4.776306450366974,0.6551180481910706,0.7977017462253571,0.8912940621376038,-0.0711497962474823,-5.910506471991539,-12.388354783763985,22.753311184500628,0.827927312636142,0.9164981842041016,0.5294117647058824,35.916502335492304,0.8959832918764264
05056000,-34.51990485191345,0.524336040019989,0.6680140197277069,0.6864489912986755,-0.13525144755840302,-31.92289173603058,-36.70122158178007,-172.00464629858564,0.516244062775139,0.6666914820671082,1.4375,54.846787452697754,0.8431210542613679
05057000,-34.230414032936096,0.5316867232322693,0.6548686325550079,0.6456525325775146,-0.17321771383285522,-34.83378291130066,-23.98828019658003,-256.67665691196027,0.471133384068789,0.6358746886253357,1.7692307692307692,56.16373649010291,0.8531990211405066
05057200,-55.67045211791992,0.5211464762687683,0.5347234308719635,0.4722345173358917,-0.11831562221050262,-52.490824460983276,-16.038988581904974,-178.1415681163838,0.3039729406126317,0.5847102999687195,1.1818181818181819,56.00680004466664,0.8171018650842033
05062500,-60.693562030792236,0.4638022780418396,0.45895659923553467,0.48601725697517395,-0.21852290630340576,-56.10993504524231,4.060178464131496,-212.46928049598216,0.3393718545977713,0.658393919467926,0.9090909090909091,59.10303281701129,0.7642955831687109
05087500,-62.576574087142944,0.4791911244392395,0.4155505299568176,0.48321953415870667,-0.08874527364969254,-57.59630799293518,-10.603009703348096,2.7667990797216166,0.3413437314534912,0.746623694896698,0.9090909090909091,63.376110250299625,0.6797399833999488
05120500,34.59440767765045,0.3475915193557739,0.3504295349121094,1.2797355651855469,0.017153654247522354,21.012678742408752,-53.432928361562745,-18.27238979339867,0.6387325436089237,1.0498747825622559,2.1818181818181817,61.084287816827946,0.7768975690809968
05123400,-50.65544843673706,0.4595639109611511,0.3954847455024719,0.5028114318847656,-0.15369173884391785,-51.417553424835205,-81.68000865626058,-89.6745228678999,0.2576669767257507,0.5598301887512207,2.3076923076923075,67.84835962148813,0.6681681413061366
05129115,-4.647482559084892,0.5397178530693054,0.7680298835039139,0.9626467227935791,0.09787148982286453,-6.803441047668457,10.533041828247901,45.67728151126753,0.8420371491648336,1.1018884181976318,1.0454545454545454,26.591251113198023,0.885214351231969
05131500,-7.473240047693253,0.6465345919132233,0.8442598581314087,0.9647875428199768,0.05795025825500488,-5.234376713633537,-9.910143883369535,-13.663198589903022,0.8735764906056176,1.0927767753601074,1.1538461538461537,27.803824498103214,0.9216708448869981
05291000,-27.224066853523254,0.5401252508163452,0.6140247285366058,0.7604975700378418,-0.012905709445476532,-17.046301066875458,-3.640277193810752,-377.15548226568325,0.6738805073593667,0.9514056444168091,1.0769230769230769,55.1219683427077,0.7840576509161299
05362000,9.157880395650864,0.6596397459506989,0.8052411675453186,1.0919193029403687,0.06742473691701889,9.069056808948517,-8.478564928588305,-16.09531922308476,0.8094866038941124,1.144633173942566,0.6666666666666666,50.79050417299624,0.9167687508320642
05393500,-7.78861865401268,0.6816534698009491,0.8477901667356491,0.9290753602981567,0.01518559455871582,-7.618890702724457,8.258601734708664,-36.78172379375489,0.8887296497173305,1.0331149101257324,0.3793103448275862,23.705597581534548,0.9209165689758192
05399500,-20.900171995162964,0.5769184529781342,0.7081372737884521,0.8483724594116211,0.019658049568533897,-16.005948185920715,-2.4634438293829892,-308.7308405454071,0.7708242525456739,1.0670232772827148,0.2692307692307692,36.85010763315054,0.8417644399679615
05408000,5.396419018507004,0.4485032558441162,0.5842629075050354,0.9450690150260925,0.05191532149910927,6.3807182013988495,11.704396365509417,3.7646392783265044,0.7656094571653675,1.0697396993637085,0.21428571428571427,37.031575611659456,0.7830716989584587
05412500,7.003587484359741,0.6434293687343597,0.7995093017816544,0.9815207123756409,0.022910041734576225,5.951453745365143,-9.244859715130902,21.24263341957036,0.8899847059653408,1.0376927852630615,0.7391304347826086,39.145685278851055,0.8983086297194228
05413500,-18.321599066257477,0.4439433813095093,0.6641329228878021,0.7647669911384583,-0.06366091966629028,-14.726601541042328,-17.036065456039946,10.498115713498109,0.6931323062631508,0.921522319316864,0.23076923076923078,33.53778032156137,0.8192392004999031
05414000,-20.93369960784912,0.44246870279312134,0.46473413705825806,0.7248186469078064,-0.0290446225553751,-16.892696917057037,-21.43876468740525,-2.624930705471143,0.5786131975280708,0.9585392475128174,0.2857142857142857,50.661663782028924,0.6835777090483941
05444000,-24.62194114923477,0.4992148280143738,0.569958508014679,0.7743889689445496,-0.07854041457176208,-24.437694251537323,-18.322984712135305,-0.6007920607739123,0.646444387034558,0.8730817437171936,0.391304347826087,52.321471338686734,0.7591826618625689
05454000,-12.733262777328491,0.49252092838287354,0.6271582543849945,0.8938494324684143,-0.06477415561676025,-9.819187968969345,-27.751561790352746,-3.8388042880025175,0.7260686739291601,0.8457061648368835,0.23076923076923078,53.882441153893105,0.8000904183229125
05458000,2.4442406371235847,0.6060489118099213,0.6887606382369995,1.060948133468628,-0.012565846554934978,-0.5296514835208654,-19.956362681945937,-11.86988626584241,0.839762725490191,0.9687206149101257,0.47619047619047616,45.02917698451451,0.8551452132740462
05466500,1.2347432784736156,0.6249357163906097,0.7877363115549088,0.9813151359558105,-0.013361001387238503,-3.302840143442154,-10.726833136967253,-466.3737231972223,0.8883935119764566,0.9783674478530884,0.7241379310344828,35.00245850661705,0.8921161888316386
05487980,1.8194561824202538,0.5722924768924713,0.7510677874088287,1.0337556600570679,0.06887239962816238,0.394844776019454,-16.703995533361947,-281.90614667809547,0.7501193649909932,1.2179021835327148,0.2,43.5482063293457,0.8824435217510697
05488200,-3.804508224129677,0.5844356119632721,0.6798669397830963,0.9378624558448792,0.011357278563082218,-8.015180379152298,-19.27133250635802,-3.66438046967143,0.8161407368927917,1.0391908884048462,0.16666666666666666,71.21260960896811,0.831455559264819
05489000,-6.32331520318985,0.5562140643596649,0.7109808027744293,0.9644080996513367,0.06409133970737457,-8.947350084781647,-19.784064265207167,-91.80048334932268,0.7371890105024803,1.2148889303207397,0.24,37.30403518676758,0.8529436147056358
05495000,-0.16038601752370596,0.6429344415664673,0.8181085288524628,0.9832944273948669,0.04484812915325165,-2.911694720387459,-15.884700871915369,-120.23650399358921,0.8346413288293404,1.1368354558944702,0.23076923076923078,35.43476691612831,0.9086738154447835
05495500,-22.217364609241486,0.6654871702194214,0.8094934374094009,0.799782395362854,0.004449729807674885,-18.323132395744324,-31.83452233487672,-128.74812406546624,0.7781761528537925,1.016672134399414,0.3225806451612903,32.219911390735255,0.9059746316642395
05501000,-0.6962246261537075,0.646225243806839,0.7742370665073395,0.9968845248222351,0.03666267916560173,1.6060898080468178,-15.30396418813914,-184.0501135165379,0.8264914810204088,1.1320106983184814,0.17391304347826086,44.52370353367018,0.8874447890927534
05503800,0.567086786031723,0.5561771392822266,0.6573638021945953,1.039496660232544,0.07363647222518921,1.968204602599144,-42.12670138075594,-42.06280423978451,0.6406820950923622,1.3185642957687378,0.07692307692307693,37.985522930438705,0.8385498216815558
05507600,-21.49938941001892,0.6158386766910553,0.7321548163890839,0.8025028705596924,-0.010124395601451397,-21.67174071073532,-18.870733693861364,0.9578058649533536,0.7516456296072404,0.951376736164093,0.14814814814814814,60.04481845431857,0.8574848942393607
05508805,4.668267071247101,0.5788550674915314,0.7394095361232758,1.0366967916488647,0.05209833011031151,3.5603895783424377,-20.67589521753596,-2.812926170073675,0.753904548820971,1.2095437049865723,0.2692307692307692,50.2131462097168,0.8762754984888198
05514500,-5.298338457942009,0.587115466594696,0.7645897716283798,0.9339151382446289,0.052676498889923096,-6.1808329075574875,-26.46245058893723,-178.38542264854584,0.7790489147613384,1.1718045473098755,0.19230769230769232,29.529322110689606,0.8777896459437069
05525500,-8.879829198122025,0.6517297923564911,0.812855914235115,0.8983055353164673,0.02569747343659401,-10.820574313402176,-29.752044581081044,-389.8752616263742,0.8490581088273036,1.0531940460205078,0.2962962962962963,28.839178438539857,0.9019587646370776
05556500,-27.069321274757385,0.5383783280849457,0.7354640364646912,0.7209703922271729,-0.04053283855319023,-21.515555679798126,-45.145898957752784,19.652646090255935,0.6794952903944945,0.9083554744720459,0.32,43.47163391113281,0.8716760824857352
05584500,-20.25311440229416,0.6781744360923767,0.8098765462636948,0.8079712986946106,-0.053941600024700165,-21.067340672016144,-22.528357386969017,-274.6271828141379,0.7514654631064431,0.872567892074585,0.4,39.87966855367025,0.9069653195117772
05585000,3.8491960614919662,0.6573562920093536,0.7775289118289948,0.9431544542312622,-0.007844388484954834,-2.308027818799019,-17.79082686704202,-329.7682249187598,0.8696564452888285,0.9839707612991333,1.2258064516129032,33.24041674214025,0.8838058104392946
05591550,-24.051499366760254,0.61958247423172,0.7382132112979889,0.8112026453018188,-0.05916295200586319,-23.730438947677612,-47.03472305927116,-29.727498634082146,0.7169096177031593,0.8398008942604065,0.3103448275862069,57.93957545839506,0.862770375180229
05592050,-10.593056678771973,0.6215377748012543,0.7609070986509323,0.8951547145843506,-0.007882636040449142,-11.56167984008789,-40.33012321036929,-9.052410478996254,0.8332107941634735,0.9754630327224731,0.25,31.624388694763184,0.8726263663605698
05592575,-6.108269840478897,0.5446964204311371,0.6880185604095459,0.9608608484268188,0.037894416600465775,-7.8243061900138855,-47.471430514940884,-50.03846830152432,0.7776567554862115,1.1484853029251099,0.37037037037037035,48.84372640539099,0.8391996268341139
05593575,3.4332040697336197,0.6830874085426331,0.8324735462665558,0.9856570959091187,-0.010724883526563644,-2.0037200301885605,-24.45765939992122,-0.7227405169746788,0.905251906028179,0.9602866768836975,0.07407407407407407,37.443012661404076,0.9151805778103095
05593900,-20.283779501914978,0.5913352072238922,0.6921116709709167,0.7961096167564392,-0.014951054006814957,-21.191762387752533,-32.324049554415915,-6.3950459607187105,0.7302183818311838,0.9427168369293213,0.1111111111111111,42.38758087158203,0.8328788692259508
05595730,-8.137114346027374,0.659858226776123,0.8538810461759567,0.8779358863830566,0.022834811359643936,-7.957540452480316,-48.68738224332677,-35.586957976170986,0.825306014177901,1.1003882884979248,0.16666666666666666,34.35196876525879,0.9255652474862777
06037500,-14.869143068790436,0.5207605063915253,0.8039106130599976,0.8955579400062561,-0.06715088337659836,-11.721830070018768,-14.696704080033523,47.68445355835942,0.8512271901584887,0.9675931334495544,0.5,18.42328906059265,0.8991287947292028
06043500,-4.889556393027306,0.7789922207593918,0.9347303733229637,0.9117221236228943,0.028485022485256195,-5.275114253163338,-4.802480468777155,19.194123048378536,0.9000576525465513,1.035068154335022,0.3333333333333333,14.563639958699545,0.9689240622283194
06154410,-42.92370676994324,0.38891810178756714,0.5882780253887177,0.6345053315162659,0.041173532605171204,-38.03444504737854,27.507010435435696,-28.07804876820452,0.5630563329863014,1.099395513534546,0.5454545454545454,72.46522903442383,0.7821607304856465
06188000,-20.9709033370018,0.7873096913099289,0.9274077042937279,0.8450454473495483,0.022672036662697792,-19.934077560901642,-21.370365874705318,-1027.4382814803705,0.8365552707321366,1.0435246229171753,0.4,20.182243982950844,0.9715593013752956
06191500,-22.84628450870514,0.7894880622625351,0.9124442934989929,0.8158508539199829,-0.05828333646059036,-20.896434783935547,6.320696846604089,33.977021201521005,0.7987603186813971,0.92491215467453,0.8666666666666667,22.35089619954427,0.969205246882112
06221400,-17.888905107975006,0.7924465239048004,0.9140627682209015,0.8646145462989807,-0.018989186733961105,-17.572559416294098,-22.775466994957366,62.7113748829518,0.856779138545434,0.974102795124054,0.8125,33.102208375930786,0.9611113273359655
06224000,-11.78939864039421,0.7870895713567734,0.916931040585041,0.9771437048912048,0.04253573715686798,-6.871665269136429,-7.1137184761862775,41.60873301983322,0.9198404606247719,1.06477952003479,0.8,21.750604311625164,0.9586871047878432
06278300,-8.742310851812363,0.6729667782783508,0.7645809948444366,1.0444103479385376,0.03946855291724205,-5.354061722755432,-9.744467857987468,-103.77259982961549,0.845394166909332,1.0980128049850464,1.0,29.17846997578939,0.8889857005579876
06280300,-11.854614317417145,0.7982351928949356,0.9160798788070679,0.9112880229949951,0.0009980998001992702,-11.171651631593704,4.180996999956936,43.52568157725333,0.9019534243883508,1.001494288444519,0.8666666666666667,22.718685468037922,0.9582737106001634
06289000,-22.770486772060394,0.6363835036754608,0.7914696782827377,0.8920057415962219,-0.032938890159130096,-20.461806654930115,6.594720544106663,51.859619807386096,0.8408714558567945,0.9598051309585571,1.1428571428571428,30.168860299246653,0.8902570903625415
06291500,5.122457444667816,0.5801112055778503,0.7183306217193604,1.0421956777572632,0.05322426185011864,4.579651355743408,-8.089214687336064,46.13014513105572,0.8411499988455263,1.0760610103607178,1.1428571428571428,31.4983742577689,0.8670805870149575
06311000,-24.37405437231064,0.6786649525165558,0.766873762011528,0.8278132677078247,-0.04371703416109085,-23.122411966323853,13.935793674649563,14.751500280291038,0.7707176955560396,0.9100006222724915,1.2666666666666666,40.217742919921875,0.8782534749475907
06332515,27.548635005950928,0.12116628885269165,-0.4187208414077759,1.272743821144104,0.09192592650651932,25.458818674087524,179.408700539784,24.196289277238456,0.14493970176119808,1.61751127243042,0.5333333333333333,53.76667022705078,0.4751964652621844
06339100,-30.13099730014801,0.3314934968948364,0.22241908311843872,0.648603618144989,0.012128978036344051,-24.93252605199814,-35.445063750577496,-18.711793373859123,0.37929278669501276,1.0874994993209839,0.5333333333333333,67.40996042887369,0.49587514930661536
06339500,-19.295309484004974,0.343455970287323,0.37055128812789917,0.7132758498191833,0.03270482271909714,-15.118072926998138,-31.33930088849599,-92.13205855580577,0.4894517672570551,1.178515076637268,0.9333333333333333,57.407499949137375,0.6171408521750812
06344600,-27.7281254529953,0.3008136749267578,0.19194626808166504,0.6785081028938293,0.019731199368834496,-24.023696780204773,-38.72571920412723,-45.301412139514255,0.3748188389119548,1.134615182876587,0.7333333333333333,50.247246424357094,0.48098824983091687
06350000,-15.18753319978714,0.4046679735183716,0.6750962734222412,0.7865396738052368,0.03144070506095886,-9.570298343896866,3.075688448024229,-252.36272855166374,0.6399495845293499,1.2296979427337646,1.4615384615384615,56.34553249065692,0.8230541158283435
06352000,-38.57767581939697,0.4451941251754761,0.6223965585231781,0.5661101341247559,0.004638766869902611,-32.4737012386322,-38.104862727689344,-106.83969651746634,0.533842450226574,1.0328997373580933,1.0909090909090908,62.66629045659845,0.8327874024384068
06353000,-33.58848989009857,0.4819232225418091,0.6841007769107819,0.6323492527008057,0.020836753770709038,-28.12046706676483,-50.445128001681994,-33.84303997541798,0.5850628161384528,1.1291582584381104,1.0833333333333333,57.10411866505941,0.8574379474105058
06354000,-39.72339928150177,0.49392247200012207,0.634978324174881,0.5717977285385132,0.00430715549737215,-33.45526456832886,-18.73921842301081,-1.9277037702912152,0.5426342508620379,1.0244308710098267,1.3636363636363635,60.810722004283555,0.8411624233959306
06360500,-47.14467227458954,0.47433197498321533,0.4804067015647888,0.548276424407959,-0.03203059732913971,-42.10870862007141,-46.88205126309213,-35.78451859598744,0.44664604783639783,0.8590007424354553,1.6428571428571428,67.95173372541156,0.7131801663139962
06404000,-6.97861984372139,0.5093338489532471,0.6986716389656067,0.8619330525398254,-0.05619977042078972,-7.816970348358154,-51.506967818178026,-12.340162352242077,0.7369610509975555,0.8453621864318848,0.35714285714285715,36.38708250863211,0.8380921455697321
06406000,12.948867678642273,0.21168285608291626,0.40034031867980957,1.0192720890045166,-0.1419457644224167,13.769170641899109,-62.225168349029445,0.8648792123247886,0.6188637288656988,0.7466551065444946,0.75,47.759242852528885,0.7159052821336163
06408700,-15.441301465034485,-0.1522432565689087,-0.4703627824783325,0.39344051480293274,-0.4217398762702942,-17.71101802587509,-76.70962905285577,31.112368473453788,-0.3310994638792253,0.8473893404006958,1.0,41.74440801143646,-0.17499845116225377
06409000,-33.861708641052246,0.1518966555595398,0.11060518026351929,0.5236454010009766,-0.29966944456100464,-35.18238365650177,-54.27319818612485,55.59257620304513,0.24975321066304035,0.8077901005744934,1.25,59.63685035705566,0.45318019834159945
06431500,0.36656674928963184,-0.13869225978851318,0.08565884828567505,0.96738600730896,-0.6520390510559082,-4.569427669048309,-0.6019552820624989,64.12422348653935,0.6060273124935462,0.6991664171218872,1.0,32.92069700029161,0.7477105602794198
06440200,-22.789406776428223,0.3961442708969116,0.31145143508911133,0.7979315519332886,0.005862833932042122,-22.5301593542099,-72.46551264518047,-174.13039591738843,0.5451818508423913,1.0362342596054077,1.1428571428571428,57.391252971830816,0.5941490796734453
06441500,-36.263054609298706,0.48091721534729004,0.5003025531768799,0.6702873110771179,-0.04127335175871849,-39.92933928966522,-65.98479345117086,-52.394071424298495,0.5275044237289608,0.8261671662330627,0.8333333333333334,67.17587047153049,0.709614466160071
06447000,-17.05363541841507,0.36074501276016235,0.5034184455871582,0.8343558311462402,0.05923066288232803,-16.34078174829483,-45.10530263938338,-16.900546446772676,0.6424058880964209,1.150242805480957,0.65625,67.19943284988403,0.7209611898067441
06447500,-37.33981549739838,0.4685704708099365,0.4272608757019043,0.5565168261528015,-0.03635869920253754,-33.577075600624084,-25.779873171944672,-710.3445182944962,0.4407520465885719,0.9477958083152771,1.5263157894736843,54.54263185199938,0.6633166617133673
06450500,-29.163339734077454,0.3565549850463867,0.5024464428424835,0.6985376477241516,-0.11485680192708969,-22.45984971523285,2.8459906506208945,49.063892062808236,0.5636939306690614,0.8580195307731628,0.7727272727272727,68.713717027144,0.7183530886846915
06452000,-28.47799062728882,0.4493844509124756,0.5558729767799377,0.7118949890136719,-0.014763858169317245,-27.157971262931824,-13.504464927014933,1.9681916835890318,0.6146696136297145,0.9650417566299438,1.0,56.68204852512905,0.7465183822733467
06453600,-23.76875728368759,0.43216997385025024,0.5860633254051208,0.8069629073143005,0.03331996127963066,-21.046726405620575,-42.55039086992264,75.46757457589545,0.6847218778563817,1.0893696546554565,0.6842105263157895,49.30396832917866,0.7672983885388343
06464500,-27.506175637245178,0.4937765598297119,0.5649372935295105,0.7274617552757263,-0.07861296832561493,-26.69503390789032,-16.940380315091254,-48.21177466063406,0.6199463638719993,0.8962680697441101,1.2,47.47868347167969,0.7562719586462938
06468170,-59.322452545166016,0.5345322787761688,0.4998255968093872,0.4037308990955353,-0.12658143043518066,-57.89356827735901,-49.18125358063602,-25.235512542668577,0.22433723079619916,0.5301650166511536,1.8,79.14258480072021,0.8407172976840259
06468250,-53.31113934516907,0.5551534295082092,0.5360337793827057,0.44241246581077576,-0.134790301322937,-53.50923538208008,-41.04722295030031,-13.830076096457647,0.25636957271300465,0.532196044921875,2.0,80.01012802124023,0.8475473394227456
06470800,-66.42864346504211,0.48127031326293945,0.3458985686302185,0.3732507824897766,-0.1466420292854309,-61.75230145454407,-45.819733050823544,1.7636617226454376,0.11552314534273256,0.4649209976196289,1.0909090909090908,68.25929988514294,0.6787910555629522
06477500,-3.369145840406418,0.5153901278972626,0.6538565456867218,0.9202377796173096,0.03550289571285248,-3.0097559094429016,-59.23478760435367,-38.882782131728234,0.7422999413949315,1.1619154214859009,1.0,55.090669485238884,0.8160687501001477
06479215,9.178131073713303,0.3761277198791504,0.409559428691864,1.076348900794983,0.07258330285549164,19.572843611240387,-48.185585876496056,-14.45617578432317,0.6212774924224421,1.25529146194458,0.9411764705882353,95.53350560805377,0.7308757674392173
06479438,-22.326664626598358,0.4362604022026062,0.5688049793243408,0.7462482452392578,0.007552872411906719,-15.629945695400238,-42.8560457105001,-152.14586018184508,0.6455420881273894,1.0294662714004517,1.0,63.064028422037765,0.7542721076176121
06601000,-7.5235165655612946,0.20847010612487793,0.39920639991760254,0.7558594346046448,-0.10274513810873032,-3.2864660024642944,24.182704537330636,35.29409379535261,0.5246941437186088,0.7923917770385742,0.38095238095238093,70.32853535243443,0.6489873690269513
06614800,-16.55896008014679,0.7649908065795898,0.8650020509958267,0.972786009311676,0.022741012275218964,-9.93436574935913,-7.101526477046787,-1060.745003063618,0.9143035561114741,1.0433356761932373,1.1333333333333333,22.99235184987386,0.9312591942523949
06622700,2.967371419072151,0.6885032653808594,0.7825593799352646,1.1203501224517822,0.07388481497764587,4.749301448464394,-4.248372193397597,-75.5837546180825,0.7825006643282015,1.1582813262939453,0.9333333333333333,25.12831687927246,0.9118590288790491
06623800,-9.86887440085411,0.7348984777927399,0.8606331050395966,0.970149576663971,0.03870498016476631,-7.056312263011932,7.834471962149424,-1372.9731893881392,0.8955090488835108,1.0710175037384033,1.125,28.49586308002472,0.9294037872499221
06632400,1.7159873619675636,0.7191796898841858,0.8407594710588455,1.0934338569641113,0.09066689759492874,5.258619412779808,-12.146254651930006,23.415151505724747,0.7719748007817198,1.1975653171539307,1.1333333333333333,31.767412821451824,0.9349342539486931
06746095,-18.459424376487732,0.6859994530677795,0.7983732670545578,0.8554593324661255,-0.0940316766500473,-16.703878343105316,0.4191454112127581,-723.2863671078866,0.7484893266622246,0.820356547832489,1.25,31.76581859588623,0.8995318740842535
06784000,42.462414503097534,0.15995806455612183,0.0021297335624694824,1.3279093503952026,0.1514592468738556,35.79082190990448,-7.243028010296375,64.98203449599777,0.516619379801191,1.1395024061203003,0.8461538461538461,48.9256161909837,0.6733941816289424
06803510,26.076284050941467,0.29461824893951416,0.617946594953537,1.2592096328735352,0.023172689601778984,31.727221608161926,66.31430540864986,-193.34529062017972,0.695895509231206,1.0985499620437622,0.19230769230769232,53.90477180480957,0.8751888926718153
06803530,5.841315910220146,0.4311014413833618,0.6581510901451111,1.080471158027649,0.005433901213109493,8.41377004981041,55.326148573233525,-649.8216582847556,0.8236472574302511,1.0232937335968018,0.23809523809523808,78.33082108270555,0.8448159656643685
06814000,-0.7347638718783855,0.5788759589195251,0.7544485926628113,1.0115889310836792,0.03104325197637081,3.0051089823246,-18.04911744483683,-6.132212584866891,0.8267117587060843,1.1236748695373535,0.19230769230769232,38.39527643643893,0.8791735215608985
06847900,-29.055529832839966,-0.21484363079071045,0.24234271049499512,0.47639623284339905,0.050680361688137054,-14.996837079524994,-33.82456201830356,-11.502301029284407,0.16761971072201132,1.4048670530319214,0.7777777777777778,96.78618113199869,0.4952439100246818
06853800,-14.714503288269043,0.26574593782424927,0.47491365671157837,0.7976291179656982,0.041584521532058716,-9.179303795099258,-62.448021598430756,-17.975890968132283,0.5869171809965164,1.1955474615097046,0.7368421052631579,67.45760566309879,0.6976018654858563
06876700,-28.119370341300964,0.46023309230804443,0.526242583990097,0.6965417265892029,0.0023738874588161707,-26.82705819606781,-40.017233547922594,-123.6067964858854,0.5910918107383187,1.0076632499694824,0.5882352941176471,45.464686786427215,0.7260287275210957
06878000,-31.003648042678833,0.534818172454834,0.6850565671920776,0.7075574398040771,-0.018517764285206795,-28.48055064678192,36.076032796712106,-217.93246988372118,0.6576753021193842,0.9261174201965332,0.30434782608695654,51.27655526866084,0.8381206864151775
06879650,-13.597860932350159,0.32012808322906494,0.23541998863220215,0.8581694960594177,0.017288967967033386,-12.34782487154007,-89.28366554846585,-276.08176683050584,0.5377765877235241,1.0744681358337402,0.5555555555555556,94.03320948282877,0.566422916018481
06885500,-34.76635813713074,0.6250227689743042,0.7501127868890762,0.6796084046363831,-0.014430019073188305,-32.19066262245178,-2.5348826942292937,-179.87519102064005,0.65660821806514,0.9402830600738525,0.2692307692307692,46.90018433790941,0.8918287071048344
06888500,0.4517801571637392,0.5422921776771545,0.6729006767272949,1.0470466613769531,0.001435393700376153,-3.1506601721048355,-11.71754266911839,-184.35225887358385,0.837803572360492,1.0049943923950195,0.11538461538461539,49.92271203261156,0.8448570051955131
06889200,-26.664790511131287,0.5955502092838287,0.5265648365020752,0.6325473785400391,-0.016486963257193565,-23.85806441307068,-10.047312936911897,-3.2934083473931945,0.5364125059525465,0.9080749154090881,0.2,48.52305221557617,0.7327141708912459
06889500,-24.484440684318542,0.5905708968639374,0.6983893811702728,0.7046236991882324,0.0037334966473281384,-22.2516730427742,-7.886045902785904,-191.66260217817867,0.6672642338070909,1.0181901454925537,0.18518518518518517,51.967271169026695,0.8478978973528039
06892000,-19.362084567546844,0.6347262263298035,0.8141377568244934,0.8161100745201111,-0.0020696702413260937,-19.0695583820343,-21.28838954580687,-90.69565898613283,0.7937325378927431,0.9926714301109314,0.5517241379310345,35.358547342234644,0.9068492979384987
06903400,27.320408821105957,0.5874279737472534,0.5739094018936157,1.1356371641159058,0.03177589923143387,12.04690933227539,-28.666265310485638,-16.057102048949908,0.7550999048395388,1.0975595712661743,0.23076923076923078,43.719508097721985,0.8209448510247247
06906800,-26.879766583442688,0.3807518482208252,0.6712336838245392,0.734836995601654,0.07051244378089905,-31.850576400756836,-39.00607553807358,52.7289803598758,0.5927528818433916,1.2564975023269653,0.21428571428571427,44.45807933807373,0.8275244143499326
06910800,0.01819375465856865,0.5771757364273071,0.7692775875329971,1.0601942539215088,0.024713197723031044,-3.5570915788412094,-37.48270066858439,-13.679513071149435,0.8354851720727011,1.1096924543380737,0.0625,38.96760642528534,0.893185460427565
06911900,-8.7848961353302,0.5623604953289032,0.7938103824853897,0.9209352731704712,0.0130201680585742,-10.601166635751724,-34.143982815966616,-18.721253419568544,0.8508971426696443,1.064937710762024,0.03333333333333333,46.477104822794594,0.8915402159487854
06917000,-12.342218309640884,0.5951134562492371,0.8146636933088303,0.888443112373352,0.017549952492117882,-16.633296012878418,-34.459194206979824,-11.703114351784686,0.8358781115252939,1.0711156129837036,0.25925925925925924,36.84038939299407,0.9028731515516364
06918460,51.971328258514404,0.5090781450271606,0.2987978458404541,1.4448999166488647,0.09427950531244278,48.29920828342438,-13.240403955002513,39.31153272060246,0.4877558796061362,1.1875922679901123,0.2608695652173913,51.039347441300094,0.8289232802680553
06919500,5.79909160733223,0.5565938651561737,0.7424558401107788,1.1009129285812378,0.10387594997882843,1.3875670731067657,-45.938076006469295,-19.490336914143374,0.6443635891218567,1.32365083694458,0.38461538461538464,33.488537715031555,0.8925571159521563
06921070,23.783467710018158,0.5269501209259033,0.580319881439209,1.276841163635254,0.09226137399673462,21.981459856033325,-33.106638174661185,6.681826554455459,0.57960723012299,1.2879732847213745,0.1724137931034483,44.762440385489626,0.8690021436483581
06921200,10.601601749658585,0.49373191595077515,0.6531998813152313,1.1246795654296875,0.0753859132528305,8.623628318309784,-51.79186407754752,86.94501476002996,0.6561730715341534,1.285871148109436,0.2413793103448276,43.23102687967235,0.8552600629366048
06934000,4.624021798372269,0.5796320736408234,0.7826307564973831,1.0475066900253296,0.13445328176021576,4.6637024730443954,-8.248845040146096,3.84323747305053,0.7445382206504123,1.232719898223877,0.9615384615384616,33.57382921072153,0.905950629550416
07014500,-6.019735336303711,0.5429360866546631,0.8201753199100494,0.9692140221595764,0.11654794961214066,-1.8356049433350563,-21.69498844785086,33.56745086016505,0.761202413468449,1.2209190130233765,0.34615384615384615,29.32123587681697,0.9147280785575945
07056000,5.065802112221718,0.6607721745967865,0.8690917044878006,1.064297080039978,0.059327661991119385,6.769062578678131,-28.22963140186251,-455.0462173987121,0.80614105053232,1.173477053642273,0.08,35.96832275390625,0.9420958581218828
07057500,35.6177031993866,0.5356096923351288,0.7684749066829681,1.3028807640075684,0.06876110285520554,31.02010190486908,28.35858838028819,-111.8606418263669,0.67796128852627,1.0963622331619263,0.2608695652173913,30.685024676115617,0.9481685954087821
07060710,-21.423478424549103,0.4220144748687744,0.5638428330421448,0.739867091178894,0.0561111755669117,-17.791706323623657,-42.40516635131572,59.3727034104607,0.5597495310352545,1.2553311586380005,0.21739130434782608,53.03984517636506,0.753104587728883
07066000,0.8937637321650982,0.577006995677948,0.6913619041442871,1.0419057607650757,0.02427435852587223,-3.0523644760251045,-3.755277415150029,-50.573090308378646,0.8413903153709579,1.042377233505249,0.15384615384615385,32.83630151015062,0.8530132340880103
07067000,-1.1160137131810188,0.5653334558010101,0.7420473098754883,1.069841742515564,0.06629609316587448,-1.1662442237138748,-3.4389848501935187,-6.054941180857917,0.8387856008899658,1.087203860282898,0.2857142857142857,37.09222929818289,0.8837773678040294
07068000,-3.7193596363067627,0.6208062171936035,0.8553026020526886,1.0218342542648315,-0.03624595329165459,0.05465506692416966,26.44308699418071,-20.294096195579534,0.9147655078241635,0.9564288258552551,0.6538461538461539,28.867178696852463,0.9300733471355898
07071500,3.7413757294416428,0.5714415907859802,0.8568063080310822,1.0292211771011353,0.08684110641479492,8.062522858381271,-9.01788226058949,-10.503686667456295,0.8612522426361905,1.1187800168991089,0.4,37.1677303314209,0.9345143483825804
07083000,-12.478367984294891,0.7768105566501617,0.9017316550016403,0.9718314409255981,0.018969865515828133,-7.4074700474739075,2.9480470549681774,50.032564500194546,0.9360236243241148,1.0283374786376953,1.0666666666666667,23.195796012878418,0.9500350499975023
07142300,-7.606283575296402,0.2195701003074646,0.291009783744812,0.8627966046333313,-0.006122557446360588,-5.288146808743477,-43.43068423359245,-24.554006068634134,0.576951591730801,0.9860035181045532,1.1333333333333333,52.22168286641439,0.6000634018578559
07145700,3.3746276050806046,0.5960578322410583,0.7095023393630981,1.0503252744674683,0.013539326377213001,-0.5060676950961351,47.28583270505035,-174.77784697927052,0.8433563018195258,1.0568909645080566,0.21875,45.33564746379852,0.8630035289258423
07148400,-3.2691244035959244,0.4709211587905884,0.5792213082313538,0.932163417339325,0.0407186821103096,-2.62498427182436,-45.48196338386149,72.78964821769361,0.7512826379822755,1.0884442329406738,0.23076923076923078,47.72547941941481,0.7776576021503927
07149000,-24.39737319946289,0.4397948384284973,0.4340284466743469,0.7437301874160767,-0.1028536930680275,-23.48322421312332,-4.125335172410003,-0.5695250119389584,0.5406656298169976,0.8078526258468628,0.5384615384615384,52.503237357506386,0.6707687235457869
07151500,-20.460189878940582,0.5252734422683716,0.6184667348861694,0.8248291015625,-0.04072888568043709,-17.783571779727936,24.250092429188847,31.666287209917577,0.7021775417353927,0.8850759267807007,0.7666666666666667,51.6169548034668,0.7883261225799038
07167500,-23.73492866754532,0.5779775679111481,0.7077796459197998,0.7332316040992737,-0.012260952033102512,-23.00366908311844,-30.068084597366262,-101.66668499565002,0.6863302136428897,0.9326825141906738,0.16,53.214332580566406,0.8493623090784391
07180500,-10.241389274597168,0.5752567648887634,0.7481327056884766,0.9449620842933655,-0.01623436063528061,-12.826681137084961,17.294019273850367,0.5977024662540521,0.8405883614005489,0.9286995530128479,0.17857142857142858,50.30652795519147,0.8684737873461579
07184000,-6.73045888543129,0.5584721267223358,0.657991498708725,0.9119230508804321,0.04976941645145416,-6.341844797134399,-47.885365242916706,-37.49496460481739,0.7066373893440242,1.2126339673995972,0.2857142857142857,36.810473033360076,0.818091044001166
07195800,-19.093939661979675,0.42254650592803955,0.5158579051494598,0.8523708581924438,-0.01666371524333954,-20.66071629524231,0.5137380524691381,86.40759024248023,0.6891575247401894,0.963113009929657,0.3076923076923077,67.4978256225586,0.7289501321189017
07196900,1.9177427515387535,0.4077969789505005,0.5256320536136627,0.9984748959541321,0.06817913055419922,4.154474660754204,-28.047253390998193,-7.0616774838117795,0.6677653749277037,1.2346280813217163,0.4,61.47926966349284,0.7647826885412797
07197000,-8.484450727701187,0.6049018800258636,0.8101972788572311,0.9168486595153809,0.04990579932928085,-6.777734309434891,-22.811385000605757,28.33242812836099,0.8164848411176058,1.130710244178772,0.25925925925925924,38.76723889951353,0.9016206313195335
07208500,27.054834365844727,0.5188757181167603,0.4987167716026306,1.1720572710037231,0.11362117528915405,17.413026094436646,-16.99902167040383,71.08684365693352,0.6825886755477819,1.181227207183838,0.6,40.28062184651693,0.8042886212771243
07226500,-22.284692525863647,-0.034716248512268066,-0.23626065254211426,1.0782203674316406,0.08549065887928009,-26.948902010917664,-69.36809700983315,-2516082421875.0,0.12841316104259826,1.6572571992874146,0.6875,81.19419813156128,0.4329390103811771
07261000,4.825975745916367,0.6584479510784149,0.7972116023302078,1.0510916709899902,0.04960900545120239,8.111639320850372,-20.88536306656302,-5.304729672691466,0.8331652553690825,1.127974510192871,0.17857142857142858,30.08373464856829,0.9059468346497112
07263295,-19.903162121772766,0.564650297164917,0.7459033727645874,0.7763038277626038,0.041063666343688965,-19.60289031267166,-58.34800254600259,-40.366791750827055,0.7064281466645135,1.1384028196334839,0.23076923076923078,37.79435891371507,0.8696577002095216
07290650,-3.180138021707535,0.655210942029953,0.8279217183589935,0.9916818141937256,0.04760146513581276,-2.9245182871818542,-2.606832095956364,-541.0873161021395,0.8295678835527944,1.1471508741378784,0.35714285714285715,30.385579734012996,0.9144165066030581
07291000,-23.03786128759384,0.5093922019004822,0.6100788116455078,0.7237762808799744,0.02830376848578453,-17.09471344947815,21.313864006427753,-1116.2229011276513,0.6324443929894074,1.1099865436553955,0.21428571428571427,38.69207927158901,0.783896919376039
07292500,-2.9333574697375298,0.5569418370723724,0.7561954408884048,0.9794221520423889,0.044896770268678665,3.3689863979816437,38.039863982919876,-1165.3068101236545,0.8279856350687287,1.118248701095581,0.26666666666666666,42.20426559448242,0.8767817440256926
07295000,9.315485507249832,0.5287710428237915,0.5447946190834045,1.0488569736480713,0.017196178436279297,5.6517016142606735,11.325530368002855,-105.89217216242011,0.7718483026302538,1.0559489727020264,0.2,45.7044170748803,0.7842781754382839
07299670,-42.35038459300995,0.26057296991348267,0.35763877630233765,0.5509655475616455,-0.08546312153339386,-42.03632175922394,-0.5901684099897967,-453.2723893813228,0.2979310891475506,0.6304619908332825,0.5909090909090909,81.58253756436434,0.6066674741519199
07301410,-6.318394094705582,0.24575304985046387,0.32488471269607544,0.8777992725372314,0.15446272492408752,2.95329000800848,-38.83810184707629,-9.279494471937788,0.5297930209651336,1.2734754085540771,0.3181818181818182,70.2789610082453,0.6375461598260462
07301500,60.3071928024292,0.30939775705337524,-0.28196191787719727,1.6296017169952393,0.09304189682006836,55.24924397468567,-36.48471158364162,-12.27889555408688,0.2873658670717162,1.1976313591003418,0.6086956521739131,55.30877320662789,0.7309443714187617
07315200,-29.06816601753235,0.180097758769989,0.47526824474334717,0.6907123923301697,0.0672115907073021,-21.978628635406494,-80.68279732968082,-808.7294985929879,0.23410891104553522,1.629664659500122,0.5714285714285714,57.91149820600238,0.6926683347614107
07315700,1.6953187063336372,0.4126424789428711,0.6877477169036865,1.0217393636703491,0.11366454511880875,5.515118315815926,-53.60953944990151,-44.38890387084972,0.4005190779628932,1.5809608697891235,0.4,46.720359802246094,0.8537493804200027
07335700,-11.389173567295074,0.4093084931373596,0.4964524507522583,0.90105801820755,0.0869370773434639,-4.742545261979103,-41.876201123507,72.36575800997566,0.6070347322486744,1.2680362462997437,0.32142857142857145,50.767282077244346,0.7302060850067283
07340300,6.070200353860855,0.6102530658245087,0.7079369723796844,1.0651874542236328,0.05219324678182602,5.0415318459272385,0.4419533953241437,-652.0246525041647,0.7999852707465258,1.133597731590271,0.14285714285714285,40.26855196271624,0.8661787242471651
07346045,2.970534563064575,0.6199256479740143,0.8030968308448792,1.0398662090301514,0.09534289687871933,8.050300180912018,-27.31520877897381,-20.196271726419717,0.787671809648518,1.1883511543273926,1.05,29.006478786468502,0.9104578956074955
07359610,-3.2296840101480484,0.5466074347496033,0.7105515897274017,0.9911470413208008,0.017508257180452347,2.005346305668354,35.159128682290294,-729.1751158750379,0.8470321186643225,1.0453490018844604,0.1724137931034483,38.42923065711712,0.8541772793045147
07362100,-0.23773217108100653,0.5765519142150879,0.7272045016288757,0.9542223215103149,0.07692566514015198,8.673175424337387,-39.59869555410733,68.05640248584017,0.7301117792634355,1.226924180984497,0.3181818181818182,41.05338183316318,0.8612575337938712
07362587,-19.01681125164032,0.5309672355651855,0.6564337611198425,0.7619784474372864,0.03984767943620682,-15.624861419200897,-48.78927216317107,-36.732748184149095,0.6623152041443635,1.1494096517562866,0.17857142857142858,40.001886231558665,0.812774152880102
07373000,11.992726475000381,0.530071496963501,0.6118005812168121,1.1427581310272217,0.031006086617708206,13.420118391513824,27.872489367947033,-9.413806073147224,0.7680128173700965,1.087597370147705,0.20689655172413793,35.24351777701542,0.8394856091393026
07375000,7.612907886505127,0.5039693117141724,0.5733745694160461,1.0432476997375488,0.026836469769477844,9.850722551345825,48.965030024312675,-129.3399929394351,0.7819256047683342,1.0662143230438232,0.34615384615384615,59.43213242750901,0.7967717004280265
07376000,0.5225697532296181,0.6126799583435059,0.8171158283948898,1.0189883708953857,-0.01500312052667141,-2.648595906794071,66.42920787108896,-156.54153319681953,0.9039076433159887,0.9704746007919312,0.5925925925925926,29.46734075193052,0.9105492672728128
08013000,9.470239281654358,0.5518102049827576,0.7425611019134521,1.0880807638168335,0.11998430639505386,11.96141242980957,-28.027311871803875,-705.3670968859836,0.6942962021643488,1.2720420360565186,1.0416666666666667,34.893127282460526,0.8918809837502776
08014500,16.944247484207153,0.5130678713321686,0.7545035183429718,1.166391134262085,0.12629051506519318,19.57855373620987,41.41283866590649,-1260.6578021442872,0.6825223426106152,1.2561604976654053,0.8148148148148148,35.277476134123624,0.9134676198395055
08023080,-16.675159335136414,0.602966696023941,0.7930565476417542,0.8380420804023743,0.04522188380360603,-14.883996546268463,-49.43397030440113,-58.990366063177525,0.7379808169887669,1.1762397289276123,0.2,42.64249801635742,0.8934014892552208
08025500,-16.069406270980835,0.6329669058322906,0.7640456855297089,0.817513108253479,0.024794505909085274,-14.205914735794067,-14.964745219934589,65.57575373022706,0.7616291931643859,1.0908292531967163,0.5416666666666666,34.83864466349284,0.8764313038998875
08029500,-1.9076062366366386,0.5923908054828644,0.6008946597576141,0.841324508190155,0.016882242634892464,-2.092575840651989,18.637374171447153,7.073557489258047,0.7222658996564963,1.0514724254608154,0.3793103448275862,40.09389548466123,0.7779439075150156
08050800,15.774311125278473,0.14250445365905762,0.5789373219013214,0.9789287447929382,0.11469916999340057,26.323944330215454,-79.20438961997219,-413.14847458352676,-0.041972259994979,2.020759344100952,0.125,31.39493763446808,0.7918833158210598
08066200,0.09531639516353607,0.5342524349689484,0.5912538468837738,1.0759727954864502,0.03999771550297737,-2.0773475989699364,-20.383451605449512,-9.141125746683423,0.7285437849423024,1.1820110082626343,0.25,59.68627248491559,0.813482966164899
08066300,23.38269203901291,0.48599016666412354,0.4956235885620117,1.1719682216644287,0.12151539325714111,18.675635755062103,-11.907525922327302,17.271139137415357,0.6050249036767736,1.2964987754821777,0.8,40.427433013916016,0.8037330043265425
08070000,-13.163836300373077,0.5477554798126221,0.7181215286254883,0.8647094964981079,0.05184006318449974,-11.148586124181747,10.05325817851207,-690.4614266617743,0.7234587823765306,1.1881886720657349,0.7391304347826086,38.611789371656336,0.8491472624941434
08070200,-0.3148026531562209,0.5724408626556396,0.7335550785064697,0.9781725406646729,0.06309543550014496,0.7761872373521328,-3.7648504127614273,-510.2178165238658,0.7649478069880098,1.1919358968734741,1.04,35.98002624511719,0.8660832088568218
08079600,-70.94455361366272,0.3848680257797241,0.26027578115463257,0.23197254538536072,-0.03921721875667572,-70.44534683227539,-92.11657746820092,-846.262357419757,0.08848143218782523,0.6274461150169373,0.4782608695652174,85.23676499076511,0.6803071298753391
08082700,-46.143147349357605,0.1815856695175171,0.35928767919540405,0.32687869668006897,0.018087787553668022,-37.263765931129456,-84.94573427164097,-3802922265625.0,0.19205380110631787,1.3429431915283203,0.4666666666666667,79.2354965209961,0.7135131090119541
08086212,-26.24300718307495,0.3272855281829834,0.507004052400589,0.6752114295959473,0.031672876328229904,-21.114958822727203,-85.03616488257911,-188.29765623999722,0.4609769195394141,1.3211569786071777,0.3333333333333333,53.97089852227105,0.7137894815070213
08086290,-28.60894501209259,0.37406229972839355,0.6570507884025574,0.6937642097473145,0.024851540103554726,-26.054060459136963,-81.52614525657475,-287.680964515111,0.5693329569733095,1.2441420555114746,0.631578947368421,65.91631738763107,0.8208676482365664
08101000,-25.83412528038025,0.5784575939178467,0.691571980714798,0.7647034525871277,-0.010183758102357388,-24.471253156661987,-48.810082478408354,-29.505038951595886,0.7072699908009015,0.9455012679100037,0.25,52.94801394144694,0.8346026564243879
08103900,-34.607887268066406,0.5762573182582855,0.47557055950164795,0.6413162350654602,-0.018747568130493164,-30.032166838645935,-81.61418677044362,-132.43836918833455,0.5190960485472145,0.9129868745803833,0.45,68.6892557144165,0.6917090930630666
08104900,-2.18610018491745,0.5321114957332611,0.5382703542709351,0.7505071759223938,0.01427229680120945,1.8592938780784607,-31.334148632233894,-7.093777937077187,0.6253403930447625,1.0858124494552612,0.17647058823529413,48.32520204431871,0.7339936554588935
08109700,-39.49607014656067,0.5829829573631287,0.5950188636779785,0.6713055968284607,-0.06564052402973175,-38.05295526981354,667.2814494492832,42.32788674289949,0.5152658649151014,0.7181816101074219,0.8571428571428571,61.145914168584916,0.782042283553518
08150800,-28.406986594200134,0.42955976724624634,0.2129601240158081,0.7769180536270142,-0.002293391851708293,-28.544893860816956,-42.914742531260465,-14.670438405527156,0.4753564440189606,0.9812647104263306,0.2777777777777778,84.73218811882866,0.5255168127747191
08155200,0.429127411916852,0.5886569023132324,0.6136845648288727,0.8903162479400635,0.013755297288298607,0.26247899513691664,-49.12140542585619,-35.61004509679172,0.7569893856862402,1.0537140369415283,0.4375,50.7502555847168,0.7899085069817213
08158700,40.58729112148285,0.5451608896255493,0.48586761951446533,1.3411920070648193,0.07602398842573166,36.482152342796326,-60.03873780203672,64.59487985552397,0.5494135569226919,1.2554723024368286,0.6111111111111112,71.02787759568956,0.8538834037907873
08158810,-8.352602273225784,0.5676555037498474,0.5572302639484406,0.8323161602020264,-0.019856322556734085,-10.280994325876236,-57.75530984232087,49.65071784764695,0.6888269297864063,0.9176571369171143,0.5882352941176471,61.3594560062184,0.7511416820838115
08164000,2.84642968326807,0.6412465870380402,0.7114211320877075,1.094569206237793,-0.005597436334937811,-5.8677103370428085,26.626896709258887,-117.91396106395291,0.8392847163637556,0.9760666489601135,0.4444444444444444,55.739784240722656,0.8722766179048103
08164300,-10.428129136562347,0.5840049386024475,0.7010512948036194,1.0375169515609741,0.002019571838900447,-13.017269968986511,-5.406580571383198,1.3095895633802537,0.8513099717356372,1.0118656158447266,0.5,56.32656537569486,0.8566109836443045
08164600,-16.937433183193207,0.6068019866943359,0.7108840048313141,0.8808614611625671,-0.017113041132688522,-13.700789213180542,324.96718818375757,54.031100472538164,0.7814999056619447,0.9038353562355042,0.375,43.20353666941325,0.8441133069211224
08165300,89.74881172180176,-0.3528846502304077,-0.9085695743560791,1.52755606174469,0.07387913763523102,95.92903852462769,108.5821457726477,0.9358626758121857,0.17531245352093183,1.3448948860168457,0.25,146.049960454305,0.46817139167441824
08171300,3.549381345510483,0.5751262307167053,0.6906581223011017,1.0359609127044678,0.04504697024822235,3.9699338376522064,-28.549501062525962,79.80059348126461,0.7521100333353412,1.1958097219467163,0.26666666666666666,55.05964914957683,0.8523016549801016
08175000,-17.21673309803009,0.5698504447937012,0.6460610032081604,0.7254219651222229,-0.006478812545537949,-15.524956583976746,22.34229466309168,17.708890188687842,0.6625601074939831,0.959701657295227,0.47619047619047616,54.54455784388951,0.808040037006726
08176900,-18.351031839847565,0.5292128026485443,0.6956172287464142,0.80909264087677,0.010312465019524097,-13.725776970386505,-25.12001070280323,-15.410076298852626,0.7371713879150279,1.0723787546157837,0.2222222222222222,50.180975596110024,0.834486932711115
08178880,-10.06392017006874,0.4596405625343323,0.43751823902130127,0.5056940317153931,0.017910152673721313,-3.5121209919452667,26.8947965065704,-1.5937738729768784,0.3917660836188034,1.1638929843902588,0.2,93.44112396240234,0.6857561513374048
08189500,14.025980234146118,0.5212514102458954,0.5226335227489471,1.2303749322891235,0.042506735771894455,8.128616958856583,-8.25564695718608,0.32011756826168297,0.6228713133589621,1.2442864179611206,0.21052631578947367,46.419821287456315,0.8283096308463964
08190000,-17.368872463703156,0.5167781114578247,0.6564081013202667,0.7900902032852173,-0.019300034269690514,-15.168638527393341,-2.9563172276246408,-10.732581617032745,0.704306124852831,0.9132170081138611,0.2857142857142857,49.048958505902974,0.810681597930897
08190500,4.814838618040085,0.08621025085449219,0.40713000297546387,0.7097599506378174,0.05135021731257439,14.425456523895264,-38.32467061725705,-41.38370796504457,0.013237720862032565,1.8731557130813599,0.18181818181818182,57.49672109430487,0.6435457813559003
08194200,-60.449665784835815,0.2950175404548645,0.21514558792114258,0.3472953140735626,-0.00426964508369565,-53.45281362533569,-89.13906720228879,-1231.8060977582486,0.1665540146339446,0.9581413865089417,0.8235294117647058,74.96473087983972,0.48341829303674333
08195000,25.634291768074036,0.32170647382736206,0.5489061176776886,1.0660219192504883,0.05113552138209343,26.46530568599701,37.15559587920252,22.66346638097069,0.679910215765138,1.2338945865631104,0.5833333333333334,59.41329797108968,0.7916927785061828
08196000,21.872247755527496,0.2855803370475769,0.39237135648727417,0.9303618669509888,0.05844394117593765,19.313664734363556,-19.283103164675225,62.00826546992112,0.4928097061482287,1.3855329751968384,0.058823529411764705,106.084644093233,0.6778868993058986
08198500,2.454560250043869,0.33478623628616333,0.4899742007255554,0.7829040884971619,0.038976412266492844,5.889502167701721,-13.917990899510105,-24.16207873277732,0.3349003380202399,1.5553416013717651,0.2,69.13539409637451,0.7053431973291869
08200000,-11.693648993968964,0.5288349092006683,0.47784727811813354,0.5393569469451904,0.006137605756521225,-6.471598148345947,-32.82329402454302,-16.186056414810878,0.4540925641332971,1.0572458505630493,0.3,57.714881896972656,0.7126921184509285
08202700,42.55464971065521,-0.38414061069488525,0.5566866099834442,0.9103807806968689,0.08364103734493256,62.32389211654663,149410724.63989258,-3987867187500.0,-1.1555897191674145,3.1408421993255615,0.2222222222222222,58.390516704983185,0.7647764669539977
08267500,-8.842882513999939,0.5009869337081909,0.7446967363357544,0.9768586158752441,0.19498130679130554,-9.018325060606003,11.248054323446805,58.83660184591519,0.7246244145623706,1.2509740591049194,1.4615384615384615,38.59742604769193,0.8890576228292001
08269000,23.439007997512817,0.5481339395046234,0.7560859322547913,1.1534687280654907,0.19560188055038452,19.760242104530334,-16.702819685406737,50.733553832676414,0.6497272135180321,1.304807186126709,1.1666666666666667,26.780213912328083,0.9210636095243737
08271000,6.129111349582672,0.5779849588871002,0.7949487417936325,1.1310741901397705,0.2126009315252304,8.86388048529625,22.92574699447843,8.360587505221288,0.7027662324032637,1.2592098712921143,0.6428571428571429,29.99852384839739,0.936930895807222
08324000,-2.7254868298768997,0.5004151463508606,0.7383005917072296,0.9834470748901367,0.16573193669319153,1.880752295255661,-24.90367433158064,37.19269952303766,0.7270652055322462,1.2450933456420898,1.25,40.16732692718506,0.8810518826402478
08377900,3.8401205092668533,0.6177792847156525,0.73158198595047,1.0421499013900757,0.0440901517868042,6.580221652984619,-9.955864286734842,62.22574311395921,0.8475409560391982,1.0730698108673096,0.8125,41.11373722553253,0.8730041392876753
08378500,12.813039124011993,0.6237035393714905,0.7064063847064972,1.1711117029190063,0.08490953594446182,16.546182334423065,-1.658600394284453,47.21229353145217,0.7607248103363611,1.1261905431747437,0.5625,43.53533387184143,0.8902304763334046
08380500,-20.296436548233032,0.4263420104980469,0.4290981888771057,0.8577906489372253,0.06571866571903229,-12.922145426273346,-30.771008330784532,-609.2306751409748,0.6323587809482409,1.1162501573562622,0.7727272727272727,57.58687366138805,0.681531057509822
09034900,-3.545409068465233,0.8037838786840439,0.9331403076648712,1.0064148902893066,0.040161821991205215,-1.2187243439257145,-14.772430378177148,-1087.6379721224391,0.9204251831479557,1.0723986625671387,1.2,14.739886919657389,0.9676050263450926
09035800,5.289898440241814,0.7590896934270859,0.9083163514733315,1.07523775100708,0.07207106798887253,6.369682401418686,9.440758727992577,-1434.370735241196,0.8619030440035327,1.1095322370529175,1.0,16.651663780212402,0.9624135779160833
09035900,-6.784103810787201,0.8313483446836472,0.9570526964962482,0.9402152299880981,-0.05989103391766548,-7.249841094017029,14.11042123709228,-1711.6128305393595,0.8927065362644557,0.9129626750946045,0.9333333333333333,16.28819306691488,0.9809691642772267
09047700,-18.808603286743164,0.6680802702903748,0.8335503041744232,0.9569776654243469,0.03534857556223869,-11.507244408130646,14.037734309647773,4.469027990554282,0.8919246665831331,1.050451397895813,1.1538461538461537,33.56794577378493,0.9146535714210262
09065500,-21.102871000766754,0.7782633602619171,0.9071323275566101,0.876445472240448,-0.0005081078270450234,-18.633535504341125,-1.0211361814711348,-90.59485242602204,0.8687504193569378,0.9990847706794739,0.5333333333333333,32.24210103352865,0.9557293161970062
09066000,-8.102365583181381,0.8160660266876221,0.9321151971817017,1.0082846879959106,0.01956326700747013,-3.9749257266521454,6.035258682499873,56.38196428122148,0.9484777212715556,1.0383105278015137,0.6666666666666666,17.28237787882487,0.9665603138508841
09066200,-10.288163274526596,0.7463948428630829,0.8734927624464035,0.9187827110290527,-0.0097076166421175,-7.42691308259964,-8.142396404760662,-22.243482996558424,0.8942533602870486,0.9817097783088684,1.4,30.236419041951496,0.9347959236452225
09066300,-10.28810366988182,0.7483289837837219,0.9003416895866394,0.9114919304847717,0.04553547129034996,-7.7367909252643585,-25.217061858527916,91.81353862147652,0.8609993762787531,1.095202922821045,1.2666666666666666,20.8311128616333,0.9507668961783503
09081600,7.277661561965942,0.7650226950645447,0.9179632291197777,1.1068211793899536,0.12721620500087738,10.691571235656738,-15.047810223395086,-120.00233071561964,0.7879600732729684,1.1815084218978882,0.9375,13.273459672927856,0.9754061198611826
09107000,-5.385182052850723,0.745950311422348,0.9274060502648354,0.9572294354438782,-0.10594113171100616,-5.752011388540268,17.303679527650466,34.19849203067439,0.8594791452915959,0.869809627532959,1.0666666666666667,19.040203094482422,0.968899255114641
09210500,0.6254103034734726,0.7156170904636383,0.864054873585701,0.9424299597740173,-0.051200982183218,-3.280520811676979,2.5445392134777776,-25.28001643727567,0.8891866419765098,0.9351335167884827,0.9333333333333333,34.27978515625,0.9310244235936306
09223000,13.732662796974182,0.7174015045166016,0.8962018489837646,1.060475468635559,0.084370456635952,12.51954436302185,-21.255193100752606,79.82074248938375,0.8254702166751733,1.1577332019805908,1.0,30.20228068033854,0.9561411359737781
09306242,-23.257800936698914,0.08680456876754761,0.5732675790786743,0.840790867805481,0.23074541985988617,-20.631997287273407,-42.464470310772676,-587.1970624422066,0.43550766921837614,1.500441551208496,1.6666666666666667,58.154148525661896,0.7929678827786072
09312600,-21.149133145809174,0.569414347410202,0.7401487231254578,0.828403115272522,0.04447850584983826,-23.80719780921936,-26.29408938268118,91.0515163383383,0.7577574617176431,1.1011297702789307,1.6666666666666667,55.75613180796305,0.8621278633347751
09352900,-1.8471889197826385,0.6898902654647827,0.8394730091094971,0.9785085320472717,0.027242427691817284,-1.9674727693200111,-20.063550461256792,-671.5840691100573,0.9077572287350496,1.037670612335205,1.1363636363636365,36.25979640267112,0.9185888790019109
09378170,-13.307514786720276,0.4407169818878174,0.6962969303131104,1.001469373703003,0.1398693025112152,-1.5622444450855255,-23.784805897761252,-27.672361235266173,0.4466899477092824,1.5348135232925415,0.7,58.54618549346924,0.8581396806351551
09378630,23.26214909553528,0.08609706163406372,-0.2547321319580078,1.5923670530319214,0.35051095485687256,40.31686782836914,-77.26215182417843,-182.61870861409642,-0.3765635135284353,2.218151569366455,0.9090909090909091,101.09120282259853,0.7547753370680881
09386900,-37.96834647655487,0.04670840501785278,0.31719261407852173,0.5806487798690796,0.09743231534957886,-23.791691660881042,-77.6289723612625,-131.98216892192153,0.08864423066401872,1.686452865600586,1.0,79.48779529995389,0.5716352538018207
09404450,13.03550899028778,0.3552624583244324,0.7311738133430481,1.0872584581375122,0.2031192034482956,7.890857011079788,-2.3804196011560133,29.733796377157606,0.7358875801199167,1.2278372049331665,0.8571428571428571,42.20608756655738,0.8988489255290893
09430500,-4.619453847408295,0.4282565116882324,0.570240318775177,0.8559589982032776,0.04878806695342064,-2.133990079164505,11.970611555488878,56.78136377211401,0.6951641332439873,1.1255255937576294,0.47058823529411764,40.1511921602137,0.7624701686649006
09430600,-36.5677148103714,0.49914705753326416,0.3951137661933899,0.46023431420326233,-0.020306775346398354,-34.43450629711151,-40.17716690596269,91.17864974628188,0.35219729782047504,0.887850284576416,0.8125,71.39047980308533,0.6598180094157232
09447800,35.33947765827179,-0.2728087902069092,-0.21036338806152344,1.1686986684799194,0.11894168704748154,37.64629364013672,-23.18562574640615,-419.866712852526,0.28285034735385817,1.4860525131225586,1.2142857142857142,72.10726737976074,0.5004028242365365
09480000,-21.78138941526413,0.18670755624771118,-0.4449726343154907,0.966471254825592,-0.01583222858607769,-18.602199852466583,116.43285052694785,28.804216086769056,0.23704584502524706,0.8476653099060059,0.5,83.7717342376709,0.25316065446828817
09484000,-41.02683067321777,0.27200472354888916,0.09938526153564453,0.49939656257629395,-0.0009523211047053337,-37.109389901161194,-88.73364863692143,-119.86816928829694,0.17892992574028566,0.9957885146141052,0.5833333333333334,80.31393686930338,0.3492046952572055
09484600,-69.7560966014862,0.34122365713119507,0.024413347244262695,0.5842467546463013,-0.09083354473114014,-71.98536396026611,609.3839473526044,64.03596013395116,0.04825441457227664,0.4797365367412567,0.6111111111111112,99.7182846069336,0.3200773373706056
09492400,-1.5599197708070278,0.5770139992237091,0.6616994738578796,0.9689628481864929,-0.07310353219509125,-2.673008479177952,-5.524740335809292,9.29262182037092,0.8033670911270717,0.9086061716079712,0.7272727272727273,51.4828465201638,0.8286863572537697
09494000,-6.193369999527931,0.603089302778244,0.6747341752052307,0.9242013692855835,0.0314389131963253,-2.3446837440133095,-19.843375637415118,80.04214522408245,0.8053491925000147,1.0494619607925415,0.8571428571428571,45.54433368501209,0.8276717699366325
09497800,10.496780276298523,0.3438282608985901,0.6217518746852875,1.0390689373016357,0.0675072968006134,10.072912275791168,14.586720857624732,1.2108221930260084,0.7424486310614586,1.1809272766113281,0.7368421052631579,64.83964920043945,0.8209144161071432
09497980,-5.376140773296356,0.4078115224838257,0.7831497192382812,0.8208927512168884,0.06933880597352982,-2.8198575600981712,7.684794398144823,-11.70455347759382,0.5298511932017103,1.4206485748291016,0.25,50.72018305460612,0.8903858108571433
09505200,8.467219769954681,0.44651323556900024,0.438825786113739,1.11101233959198,0.008783869445323944,2.8402378782629967,950.3121089357172,-3442.374689173179,0.7272689161115744,1.0326244831085205,0.8421052631578947,50.065261439273236,0.7530300672568172
09505350,0.8520707488059998,0.5422328412532806,0.43786704540252686,1.064012885093689,0.03305160626769066,-4.197344928979874,-72.59644194733642,-3536982812500.0,0.6855275341638194,1.162169337272644,0.8125,55.60002326965332,0.7382818532091796
09505800,-1.3443516567349434,0.3810465931892395,0.5340467691421509,0.9903585910797119,0.010998616926372051,0.44824811629951,604.7930389399002,-3461.978683409479,0.7603857424610418,1.045086145401001,0.25,46.63870731989543,0.764863284145462
09508300,-38.5303258895874,0.5905552804470062,0.6103203594684601,0.5950601100921631,-0.021118253469467163,-35.176125168800354,-59.85258170122544,-82.69753499605694,0.5237413471581533,0.8356168866157532,0.6923076923076923,71.28296632033127,0.810727228576688
09510200,-42.763763666152954,0.6424129903316498,0.7157038748264313,0.6509695053100586,-0.03818478807806969,-43.365126848220825,106.88325755555972,-16.655672869594937,0.5141048077166583,0.6853944659233093,0.7692307692307693,73.30858524029071,0.8763261968366762
09512280,8.490733057260513,0.315273642539978,0.48215657472610474,0.8433399796485901,0.031075913459062576,11.58641055226326,16.286708412508393,-135.82478779099816,0.42203357926350327,1.4736026525497437,0.6666666666666666,69.20364697774252,0.7081038728925994
09513780,-5.119003728032112,0.5281686782836914,0.47355854511260986,0.7438105344772339,0.003560150507837534,-4.659845307469368,5.762657823810426,-353.1866275744896,0.5955140260308216,1.0450407266616821,0.3333333333333333,99.49331283569336,0.6902465596079005
10023000,-28.114938735961914,0.2990422248840332,0.5312680006027222,0.6351208686828613,-0.06687334179878235,-27.531078457832336,-47.94237100654614,57.660862587387754,0.5463767160871602,0.9315553903579712,1.75,39.27900791168213,0.739322730856583
10166430,24.029946327209473,0.4806528687477112,0.5886261463165283,1.0924365520477295,0.05564768984913826,21.225497126579285,-9.712594771873883,3.179344365737455,0.7730685303408793,1.0973702669143677,1.1176470588235294,40.61454604653751,0.8170453419882384
10172700,55.76872229576111,0.17782342433929443,0.2258961796760559,1.4451488256454468,0.23734340071678162,44.9166864156723,-6.727214505220908,40.54650509441733,0.48348413814265967,1.1905536651611328,0.8181818181818182,44.97101523659446,0.820221082241633
10172800,5.92527948319912,0.6290112435817719,0.7956204265356064,1.1195710897445679,0.06888092309236526,8.487986028194427,7.526416988908778,4.768375114587576,0.8361864941417442,1.0754085779190063,1.7333333333333334,19.103291829427082,0.9172282320165719
10173450,-38.39990198612213,0.6354829967021942,0.797256201505661,0.6626448035240173,-0.06105318292975426,-35.02035737037659,-22.87302786540021,-265.2342772066235,0.6329270694090519,0.8703839182853699,1.1538461538461537,39.76251528813289,0.9357063055640409
10205030,-17.46867001056671,0.48722124099731445,0.7733767628669739,0.7924301624298096,0.12972411513328552,-17.71499216556549,-28.71858352217541,64.0460837183697,0.7212304931162425,1.1535007953643799,1.5333333333333334,33.09677441914876,0.8948110922111995
10234500,-8.242429792881012,0.7072749137878418,0.8800851926207542,1.0073418617248535,0.0840238630771637,-3.3256273716688156,-6.48694402410185,-18.00816031459317,0.8719789836779451,1.114894151687622,0.9285714285714286,15.609427860804967,0.9440106117685979
10242000,-15.629774332046509,0.6644952595233917,0.832069456577301,0.8695909976959229,0.0022559675853699446,-14.851078391075134,-11.366576180560505,5.785258897976906,0.8432859163206305,1.0047698020935059,0.9411764705882353,53.87917125926298,0.9132241673649375
10244950,1.8677841871976852,0.46003496646881104,0.7620341032743454,1.1011589765548706,0.02455509640276432,8.827957510948181,25.51454902340298,24.15228763674637,0.8536884182788482,1.0231883525848389,1.8888888888888888,34.08992290496826,0.8968678483085046
10249300,-35.21754443645477,0.5804643034934998,0.7037594020366669,0.6240040063858032,-0.11014143377542496,-35.67638099193573,-24.524246901764464,45.784980655960446,0.5559502772735323,0.7932965159416199,1.5384615384615385,56.36031444256122,0.8856285056596153
10258000,-5.253072455525398,0.5212309062480927,0.621807336807251,0.8542250990867615,0.05083417519927025,4.9467869102954865,-85.71329882114121,-91.72930796777146,0.678419164146038,1.197845697402954,0.9,83.94650459289551,0.7925849757818708
10258500,84.50019955635071,-0.4652444124221802,-0.14787256717681885,1.725990891456604,0.28963080048561096,94.87818479537964,-91.19667507186264,-3821345312500.0,-1.4326369699489323,3.316563606262207,0.45454545454545453,153.12011025168678,0.8444592939909132
10259000,30.890730023384094,0.11881119012832642,0.6185962557792664,0.9988428354263306,0.16901686787605286,47.95495867729187,-12.434239956580582,76.66564174654398,0.5510232822840223,1.4127751588821411,0.46153846153846156,34.845887697660004,0.823377741405605
10259200,36.52461767196655,0.06366103887557983,0.39701545238494873,1.083725929260254,0.11759919673204422,47.94795215129852,-88.28102857999647,-459.39627429189153,-0.15096726075015732,2.1160545349121094,0.8333333333333334,83.91125202178955,0.7314150428815069
10263500,-39.524754881858826,0.5772338509559631,0.659527987241745,0.5570024251937866,-0.09886308014392853,-37.77291476726532,8.234662864430673,-92.76522125596294,0.46341302102313575,0.7223091125488281,0.75,64.5702600479126,0.8793082200400058
10310500,-37.67964541912079,0.30307328701019287,0.5373562574386597,0.5811067819595337,-0.34295570850372314,-38.39390277862549,18.529359641317004,49.156398799416664,0.436618098506929,0.6526613235473633,0.4117647058823529,41.15399192361271,0.854111403290794
10316500,-26.949134469032288,0.7608081698417664,0.8740444630384445,0.8018233180046082,-0.04921106994152069,-24.551892280578613,-32.85472640471342,34.039900770815976,0.7727158124969604,0.9019011855125427,0.6666666666666666,30.242166519165036,0.9474573773173661
10329500,33.17289352416992,0.618585854768753,0.47181475162506104,1.4115290641784668,0.10460211336612701,31.52584433555603,-5.003577411553765,-785.6998510528103,0.5311631594356732,1.187792420387268,0.8666666666666667,46.57634735107422,0.8767692438884391
10336645,-3.4329984337091446,0.7606064677238464,0.8709408789873123,0.9809502959251404,0.0018774797208607197,-3.4278806298971176,-3.426136280712803,-628.6786310563274,0.9315950777345025,1.003676414489746,1.0,29.797763294643826,0.9344040691711092
10336660,-4.5416709035634995,0.7451944053173065,0.847152903676033,0.9073677659034729,0.05471114441752434,-1.2612017802894115,-6.8062000958903175,9.731039777832908,0.8370024745139273,1.1092116832733154,0.8333333333333334,27.909048398335774,0.9221522591369656
10336740,-11.9377501308918,0.38494014739990234,0.5314488708972931,0.7312197089195251,-0.18147382140159607,-21.658755838871002,-32.97167758722871,62.53351487547902,0.5564038163827069,0.7494081258773804,1.0526315789473684,52.31229882491263,0.7515277845105501
10343500,-26.227515935897827,0.6973183155059814,0.8021680563688278,0.7586486339569092,-0.016342423856258392,-23.18212240934372,1.4815918837303788,-75.89959756973805,0.7394589492264992,0.9653487801551819,0.6,32.56895065307617,0.9081825168578447
10348850,-59.930866956710815,0.5447555482387543,0.33096832036972046,0.39527150988578796,-0.045090097934007645,-49.07163381576538,4.171419431973336,77.78656203054425,0.2797552849796606,0.9117187261581421,0.5714285714285714,43.01142692565918,0.6188670580390956
10396000,-10.860660672187805,0.5883157551288605,0.7685007154941559,1.0352836847305298,0.1464015394449234,-5.154136568307877,2.017828178758662,-127.89982896471936,0.7808029200823354,1.1913930177688599,0.6363636363636364,32.95173861763694,0.8991479589418414
11098000,-35.26149392127991,0.6793512105941772,0.7776315063238144,0.6161273121833801,-0.022549614310264587,-30.176711082458496,-38.18169357730747,91.93467534174316,0.5890047640702372,0.8661961555480957,0.4166666666666667,56.31802479426066,0.9395403050347094
11124500,22.44032919406891,0.6046412289142609,0.6580753326416016,1.2064201831817627,0.04504005238413811,20.464707911014557,-53.303371314872464,57.7198249979574,0.6885850473917219,1.1979626417160034,0.0,57.49600330988566,0.8767897197144453
11141280,-28.135347366333008,0.5228064060211182,0.6985246241092682,0.7540749311447144,-0.11294633150100708,-26.057901978492737,47.33875644427618,-42.95326067273608,0.605293066231816,0.7309062480926514,0.21428571428571427,52.48546259743827,0.848662705331333
11143000,-27.596232295036316,0.6976827085018158,0.7979653775691986,0.7983782887458801,-0.07284557074308395,-26.667815446853638,10.194231335001485,18.22866340987021,0.7319013219003887,0.8527883291244507,0.4117647058823529,39.449618844424975,0.9022538455603075
11148900,-16.0922110080719,0.6421859860420227,0.7953212112188339,0.847274661064148,0.02692307159304619,-12.506075203418732,-84.39019086996038,75.44656367779588,0.7885476025675042,1.1001238822937012,0.06666666666666667,31.97166124979655,0.8934059315847438
11151300,-33.661949634552,0.5240110754966736,0.664640486240387,0.6371673345565796,0.003932336810976267,-31.415531039237976,-13.750216751292573,-9.76848062140278,0.6029813095676404,1.020633578300476,0.6666666666666666,64.87064997355144,0.840154596918251
11162500,-18.524563312530518,0.741948813199997,0.8806725740432739,0.8514232635498047,-0.0545041449368,-15.728528797626495,43.55900669340672,-332.61190535094016,0.7690656368893198,0.8321008682250977,0.16666666666666666,34.407681889004174,0.944632906881626
11176400,36.10895574092865,0.5550461113452911,0.40423333644866943,1.4032907485961914,0.08479702472686768,30.91793954372406,-85.90287198831778,-140.81041841431062,0.42838460397333256,1.375591516494751,0.26666666666666666,38.72360865275065,0.8482378643777685
11180500,-32.819125056266785,0.685581624507904,0.7482137978076935,0.7196151614189148,-0.07709801942110062,-33.44182074069977,-1.9302092508918411,-39.60009653004953,0.5633484032009644,0.6860756874084473,0.35294117647058826,60.49494462854722,0.8838084114708495
11180960,-21.551144123077393,0.6786527335643768,0.7567223459482193,0.8222189545631409,-0.048858605325222015,-19.888533651828766,164.52778902588204,16.642873386889796,0.7045359963308415,0.8012647032737732,0.6470588235294118,52.26501016055837,0.8727319396599268
11224500,23.874767124652863,0.36626166105270386,0.32861030101776123,1.1908609867095947,0.08569513261318207,29.54649031162262,5.874675575821145,39.977970939126365,0.46288534914089785,1.4273457527160645,0.6153846153846154,55.66837237431452,0.736485598960369
11230500,32.231804728507996,0.5857249796390533,0.6904179155826569,1.2385975122451782,0.14988254010677338,28.952690958976746,2.629353240700121,-576.0534679500199,0.6540288281989011,1.2326641082763672,1.0555555555555556,29.73778512742784,0.9070769587895425
11237500,-0.09916579583659768,0.6798465549945831,0.735869973897934,1.0247979164123535,0.04258217290043831,4.36239093542099,-33.1670718115589,83.99580027612282,0.839700322295302,1.0936893224716187,0.631578947368421,43.13493025930305,0.8723153851529284
11253310,-8.140751719474792,0.4653390645980835,0.5522911846637726,0.843974769115448,0.060998305678367615,1.3163832016289234,-80.17028556028806,-196.29778333435607,0.5627481315084519,1.3240948915481567,0.5833333333333334,53.072663148244224,0.7513882040224946
11264500,11.92951649427414,0.7124792337417603,0.8380636870861053,1.110604166984558,0.07662937790155411,15.46676903963089,-21.2952111639171,-373.4507235597124,0.8212002377540437,1.1246718168258667,0.6842105263157895,23.856489281905326,0.9352465343460289
11266500,3.0659539625048637,0.7371500730514526,0.860750675201416,1.0588611364364624,0.05822094902396202,9.64118093252182,-24.801679307202086,-528.9995173218438,0.873084071768421,1.093458890914917,0.5,29.268300533294678,0.9374823611670665
11274500,-6.509476155042648,0.6424573361873627,0.8155777156352997,0.9599738121032715,0.03156518191099167,-6.535573303699493,6.954246600298868,-2122.598191659398,0.7777039924891251,1.197090983390808,0.42857142857142855,38.96911825452532,0.9052975000130676
11274630,28.585955500602722,0.5247293710708618,0.4626317024230957,1.2445539236068726,0.04426282271742821,24.936304986476898,-1.7816136717582125,-21.57540392922605,0.6121210156258732,1.2326680421829224,0.5384615384615384,53.29482005192683,0.80892654000528
11284400,-29.227831959724426,0.6208117604255676,0.7584366947412491,0.7201873064041138,0.023494303226470947,-25.613901019096375,-80.6589115223915,58.80387706869801,0.678165510197861,1.111895203590393,0.11764705882352941,42.4470957587747,0.8870320455072221
11299600,-29.60590124130249,0.6725009977817535,0.7311252355575562,0.7412613034248352,-0.0010635742219164968,-26.737278699874878,-79.02043973026572,-123.81788196161206,0.7075592624133802,0.9951106905937195,0.3125,44.08006966114044,0.8637943960465624
11381500,-10.679403692483902,0.6406770348548889,0.8369593173265457,0.8804716467857361,-0.09964943677186966,-9.752416610717773,5.892932396481131,-171.3710780465842,0.8052347946617783,0.8679714798927307,0.05,21.47617816925049,0.9211651862017153
11383500,-15.831364691257477,0.7326074242591858,0.8362708389759064,0.8152234554290771,-0.0488998182117939,-14.238817989826202,-2.5122751152533156,-165.94641992348377,0.7820744094442648,0.914775550365448,0.10526315789473684,22.969865798950195,0.9219872780888693
11451100,-7.852857559919357,0.5627037882804871,0.6673315167427063,0.9874028563499451,0.0990837886929512,-3.079419396817684,-12.274738661327486,76.79942496330577,0.688193212948176,1.2652616500854492,0.10526315789473684,28.417464306480007,0.8365954669619412
11468500,-5.791373550891876,0.7932492047548294,0.8940076157450676,0.9710549712181091,0.008577927015721798,-3.085748665034771,1.381254934214438,19.170254143375924,0.9350625056897952,1.0212494134902954,0.4444444444444444,22.36254480150011,0.9458933839311509
11473900,-26.46591067314148,0.6857888698577881,0.7994436621665955,0.7812182307243347,-0.017465481534600258,-23.10597449541092,-31.426056222934097,60.21953580782129,0.7577159161989805,0.963615357875824,0.23809523809523808,33.73451232910156,0.9024691202059336
11475560,-40.341177582740784,0.7175086438655853,0.7317210733890533,0.6368709206581116,-0.0891876295208931,-37.336739897727966,-1.6414516068938356,22.060594078645977,0.5690428452695295,0.7909788489341736,0.2222222222222222,46.5408378177219,0.8991461485276235
11476600,-0.7542951963841915,0.6849120557308197,0.7450320422649384,0.9718025326728821,-0.03328359127044678,1.0081647895276546,-22.41468494211183,-255.71615563093388,0.8499169645012461,0.9308859705924988,0.3333333333333333,40.86049662695991,0.8697960395382867
11478500,-29.489752650260925,0.6846843957901001,0.7693944871425629,0.7206688523292542,-0.1173023134469986,-29.8272967338562,-27.083116401357415,-67.6288269483022,0.6135807572038913,0.7509664297103882,0.10526315789473684,38.680352662739,0.9036868544129567
11480390,-29.46082055568695,0.6742498576641083,0.7363094687461853,0.7039072513580322,-0.0949384868144989,-30.224621295928955,-46.32754400545913,-41.42790221654404,0.6064172778126331,0.7694271802902222,0.2222222222222222,41.90610779656304,0.8813719332655852
11481200,-21.43028974533081,0.7082295715808868,0.8081915825605392,0.8205090761184692,-0.06177675724029541,-19.342848658561707,-8.444955838269644,8.593332498873993,0.7595318545395425,0.8711705803871155,0.14814814814814814,47.88910194679543,0.9050741454209993
11482500,-16.474300622940063,0.6905525922775269,0.8080854266881943,0.8222984671592712,-0.0879092589020729,-16.071462631225586,-27.236834657930082,51.32164651380513,0.7441881790355209,0.8410939574241638,0.3181818181818182,45.45642679387873,0.9072060206473254
11522500,-30.92614710330963,0.6724966466426849,0.7854458391666412,0.7814991474151611,-0.03779418393969536,-26.134923100471497,-4.465149198565387,28.963036789753815,0.7516342300316421,0.9475893974304199,0.3333333333333333,37.02336152394612,0.8941885552032894
11523200,-10.927203297615051,0.7167470455169678,0.8057681769132614,0.9465700387954712,0.04761452227830887,-8.134222775697708,-0.16605303451953976,4.961253662991388,0.8667808936152862,1.0701007843017578,0.43478260869565216,28.345450111057445,0.900107810155635
11528700,-20.062178373336792,0.6648399829864502,0.7777536064386368,0.7557820081710815,-0.1438809037208557,-21.21940851211548,-18.987465247136317,53.738712006727276,0.6223072018095984,0.7276098728179932,0.3888888888888889,33.103768030802414,0.9061222023814156
11532500,-1.0869651101529598,0.7804542779922485,0.9113366231322289,0.985120952129364,-0.014524844475090504,-0.6334226578474045,-0.10565234889309985,-37.145857836284804,0.9470341540509403,0.9759462475776672,0.25,25.282069047292072,0.9552181759419296
12010000,-4.5182425528764725,0.7482827007770538,0.8894053995609283,0.9700073003768921,0.030943995341658592,-2.878771722316742,1.5630559505125683,8.065382747624836,0.9202383705428508,1.0481743812561035,0.18518518518518517,26.70543458726671,0.9439501606285159
12013500,0.30384277924895287,0.7638995051383972,0.8840383216738701,0.9447428584098816,-0.01506394986063242,-3.0646003782749176,-15.623041450010847,41.07574067847398,0.9153346717665425,0.9763692617416382,0.3076923076923077,29.291417048527645,0.9403639847279054
12020000,-21.26416116952896,0.6950843334197998,0.6330552101135254,0.7362031936645508,0.014533516019582748,-13.826632499694824,-20.55360050552357,29.928750974248295,0.6664359251072953,1.0308119058609009,0.2727272727272727,30.579664490439672,0.7981910222922123
12025000,-10.01356840133667,0.7821222841739655,0.9019076898694038,0.9048467874526978,-0.03781052306294441,-12.0121531188488,-2.595193556401506,13.36492307258996,0.8789712789396174,0.9429892897605896,0.56,30.56364631652832,0.9515892947640936
12025700,-14.136922359466553,0.710317075252533,0.842474639415741,0.8210088610649109,-0.06383781880140305,-16.747385263442993,-8.274192924043918,-20.71151156117323,0.7851672383461645,0.9070051908493042,0.4642857142857143,33.494956152779714,0.9260591240682192
12035000,-11.659088730812073,0.7738663405179977,0.9258817285299301,0.8917262554168701,-0.10226572304964066,-11.903176456689835,7.910512034629938,-24.369156264108813,0.8176459434814278,0.8561885356903076,0.0,19.726900100708008,0.9708785148759919
12040500,-23.162412643432617,0.6503795087337494,0.8282022178173065,0.778065025806427,-0.1576710045337677,-21.560080349445343,6.922798761214303,19.840192222291595,0.6782557093452648,0.7756702303886414,0.3548387096774194,38.66116616033739,0.9372273127488427
12041200,-17.07824319601059,0.57358518242836,0.7722780257463455,0.8216539025306702,-0.1541065126657486,-16.340328752994537,-8.592688845651317,10.950642829158559,0.7317966887244073,0.8292680978775024,0.29411764705882354,35.75940412633559,0.8952321457016195
12043000,-15.562207996845245,0.6687066555023193,0.812928780913353,0.8377202153205872,-0.10565365105867386,-12.884707748889923,-10.126889894584172,28.385894665633117,0.7539581310975872,0.8380371332168579,0.26666666666666666,35.69528261820476,0.9107256894690212
12048000,-1.860949583351612,0.4574626088142395,0.5452614426612854,0.8799246549606323,-0.07870391756296158,-7.988416403532028,-15.185824527336859,-13.29053135378791,0.7170584878448814,0.9308266043663025,0.6,35.511579513549805,0.7533162912740164
12054000,-25.278347730636597,0.4924434423446655,0.6850255727767944,0.7452165484428406,-0.13583911955356598,-26.45600736141205,-13.00984087482638,15.056300765894036,0.663055720970079,0.8435747027397156,0.34375,43.503355979919434,0.8446038405859222
12056500,-21.17161899805069,0.5147198140621185,0.6815533638000488,0.7314169406890869,-0.13270816206932068,-23.53636771440506,-14.929130433795592,11.024490276163075,0.6487926087153657,0.836391270160675,0.34375,45.14821767807007,0.8436607679930863
12073500,4.157976061105728,0.6898028552532196,0.8239820450544357,1.072908878326416,0.040401868522167206,7.0575051009655,25.325279012347828,-20.500425732546727,0.8781667077846089,1.057616949081421,0.2857142857142857,29.311762537275044,0.9212095581191876
12082500,-3.5869918763637543,0.6058928072452545,0.8556740283966064,0.9393391013145447,-0.03415388986468315,-5.512244999408722,-5.112803262321101,13.641351893681572,0.8991386035750915,0.9686763286590576,0.3870967741935484,20.05058103992093,0.9257564529862689
12092000,-4.528408125042915,0.5415135324001312,0.7633970081806183,0.8703051805496216,-0.06840196251869202,-8.991879224777222,-24.212312863631986,20.40498307064261,0.8122477030410629,0.9438009262084961,0.4411764705882353,29.998495999504538,0.8764207018709536
12095000,-12.312167137861252,0.6727232336997986,0.8501119017601013,0.8504911661148071,-0.06020791456103325,-12.424042075872421,7.114073598189659,28.775953036578056,0.8158798621661727,0.9210015535354614,0.3333333333333333,34.42010012539951,0.9271537289737712
12114500,6.419314444065094,0.6772861480712891,0.8309420943260193,1.0095521211624146,0.008480814285576344,3.0441632494330406,-4.185630196116379,-0.6115804284858759,0.9152470845815371,1.009734869003296,0.3225806451612903,25.317953478905466,0.9163516528632135
12115000,4.503614455461502,0.6548911929130554,0.8170239925384521,1.047573208808899,0.05577773228287697,6.626787781715393,-1.5878177801777071,9.411217478867183,0.8823557725423525,1.0662670135498047,0.36666666666666664,26.68379465738932,0.9152318634573015
12115500,-4.4067829847335815,0.6443444490432739,0.8337123095989227,0.9237693548202515,0.0030797473154962063,-1.4926728792488575,-8.295831050096789,33.58323508121514,0.8843587548233984,1.0042515993118286,0.24242424242424243,25.792509136777937,0.9131454651456482
12117000,1.3759933412075043,0.7064928710460663,0.8633307963609695,1.0257755517959595,0.0073851621709764,0.02335608733119443,7.649116829270874,6.826708780977778,0.9285405283348919,1.0071240663528442,0.2857142857142857,24.370513643537247,0.9337329290003664
12141300,-3.371574357151985,0.6287780702114105,0.8316226601600647,0.9384863376617432,-0.016074053943157196,-3.468155488371849,-14.002271734303775,5.7342394849275315,0.891249944457461,0.9805816411972046,0.36363636363636365,29.29441278631037,0.91244675181556
12143600,-8.684474229812622,0.6744042634963989,0.8516735732555389,0.9100894331932068,-0.005751806311309338,-6.915375590324402,-2.697371229770853,2.1376134150809394,0.8813833138653696,0.9927682280540466,0.375,26.48916244506836,0.9229694237295065
12144000,-4.802694916725159,0.6760248839855194,0.8799329325556755,0.9641982316970825,-0.04227413237094879,-4.191048815846443,6.6672560480114775,-16.5264092792206,0.9173262130286507,0.9567312002182007,0.375,25.742316246032715,0.9393287596631582
12145500,11.61966472864151,0.7538778334856033,0.8961312845349312,1.0365808010101318,0.013712961226701736,5.23194782435894,-18.74572356022188,22.555572288162644,0.9353646575093238,1.0200655460357666,0.14705882352941177,22.030231531928568,0.9506345631171902
12147500,28.920364379882812,0.37514829635620117,0.5839598178863525,1.3039418458938599,0.23176145553588867,31.824317574501038,11.003588816802125,12.396640580480842,0.5948910119803226,1.2470182180404663,0.24324324324324326,42.99093968159443,0.8964884236180662
12147600,-14.575296640396118,0.3884878158569336,0.6483060121536255,0.9331189393997192,0.13961724936962128,-6.995060294866562,-20.600368230392412,15.356428426242763,0.7087468505223318,1.222523808479309,0.42424242424242425,42.45586684255889,0.8243911292858295
12167000,5.164942145347595,0.5746060013771057,0.7493471205234528,1.0763620138168335,0.049297966063022614,7.456484436988831,9.315624296549604,12.68668902063241,0.8520567907964823,1.0581190586090088,0.25,25.10618269443512,0.8874024377631731
12175500,-1.727389171719551,0.675898551940918,0.8292702287435532,0.9464831948280334,-0.028497470542788506,-3.221495822072029,-10.752796375006426,5.588233787665846,0.8935019222977763,0.9737361073493958,0.5,29.965734481811523,0.9117503537610933
12178100,0.20283081103116274,0.605691134929657,0.7995532006025314,0.9331662058830261,-0.0007894537411630154,-4.99173067510128,-14.191996852751037,27.501989659426187,0.8755250697629956,0.9992135763168335,0.42857142857142855,23.105408804757253,0.8949922204823489
12186000,4.036243632435799,0.5175186097621918,0.6305394172668457,0.9347692728042603,0.07498352229595184,0.9938488714396954,-9.624509328850182,26.81981703709258,0.780104797417942,1.0842912197113037,0.34375,29.174894094467163,0.8076621653763877
12189500,5.480818822979927,0.5929453372955322,0.7995960414409637,0.9814276099205017,0.024033041670918465,-0.6501065567135811,-10.480966724603375,18.737516914602722,0.8944802470749469,1.0214754343032837,0.4117647058823529,26.559557634241443,0.8983718035898277
12358500,-7.044079154729843,0.7707059383392334,0.9195447564125061,0.9513483643531799,0.031468767672777176,-5.7818640023469925,-15.303027898665828,27.93130965951963,0.9238868414951201,1.0422413349151611,0.5,24.38115358352661,0.9594796240014579
12374250,-17.408598959445953,0.5312278568744659,0.6062348783016205,0.8614241480827332,0.024059366434812546,-15.693970024585724,-19.778753383730894,-39.907624873409716,0.7393249476305774,1.0403454303741455,1.0625,46.42156660556793,0.7829275180011757
12375900,-24.99595731496811,0.7199701368808746,0.8275888860225677,0.8792036771774292,-0.013235712423920631,-18.426325917243958,-10.55804423103424,-32.26755028323328,0.84865934877991,0.9834223985671997,0.6,32.59519894917806,0.9103483171658144
12377150,-14.4717276096344,0.7456780076026917,0.8880808725953102,0.9159725904464722,0.033345866948366165,-13.79842758178711,-10.360652363245046,5.208450442339323,0.8899393969466081,1.0429599285125732,0.47058823529411764,27.495286043952493,0.9433680714579258
12381400,-23.913313448429108,0.7411378920078278,0.8756915628910065,0.784125804901123,-0.07292234152555466,-20.476999878883362,-11.206461971680321,79.2272801915539,0.7540303608326764,0.8915162086486816,0.375,25.038009881973267,0.9538409023424522
12383500,-28.515172004699707,0.6515112519264221,0.7715220749378204,0.7121151685714722,-0.10855777561664581,-27.301794290542603,-14.571410381624617,40.727107461412665,0.6834958609824672,0.907970666885376,0.8,33.87523333231608,0.906043650054531
12388400,-36.367592215538025,0.7102325260639191,0.8048102259635925,0.6860080361366272,-0.09015225619077682,-34.69330072402954,-27.107602242709987,-25.22122285016049,0.6467461440840474,0.8515436053276062,1.0625,37.174755334854126,0.9355171943105337
12390700,-21.238529682159424,0.7132391929626465,0.8360365182161331,0.8060973286628723,-0.10874088853597641,-19.676542282104492,-1.2861442792772586,-1174.7017432047392,0.746463507358612,0.8529118895530701,0.5555555555555556,25.51848358578152,0.9289535721209422
12411000,-37.59340941905975,0.6656881272792816,0.7682947367429733,0.7273975014686584,-0.07462262362241745,-32.04371631145477,10.024803143652605,-39.6897303786716,0.6871979068555731,0.8875646591186523,0.2727272727272727,40.425122867931016,0.8956385061869094
12414500,-15.67317247390747,0.7692433893680573,0.8965976759791374,0.8894376158714294,-0.0181858129799366,-14.62637484073639,-3.1280381092612246,-0.5243314065929142,0.8759666274831885,0.976503849029541,0.625,25.271515051523846,0.9489297777244514
12447390,-10.717351734638214,0.650441586971283,0.7729037702083588,0.9732881188392639,-0.016584152355790138,-6.967759877443314,-4.665851934668919,-738.6957905705066,0.8771801130895223,0.9703546762466431,0.47058823529411764,32.05916741315056,0.8838434039534736
12451000,-4.9270108342170715,0.7107404470443726,0.8601921945810318,0.8845441341400146,-0.02476070262491703,-7.8740037977695465,-13.99556617686382,-867.4351714848156,0.861560351772253,0.9721856713294983,0.5416666666666666,27.4392565091451,0.9288533742152679
12488500,-17.241734266281128,0.6731885373592377,0.7888803333044052,0.8294352889060974,-0.09466840326786041,-19.147849082946777,4.718262632356499,-656.6360963113063,0.771983722909769,0.8903872966766357,0.5714285714285714,31.33441039494106,0.8956728356673743
13011500,-30.420783162117004,0.7759501188993454,0.8850466310977936,0.788079559803009,-0.02477709762752056,-27.42503583431244,1.85475095211842,18.516192036082664,0.7779478046588669,0.950436532497406,0.8666666666666667,29.847005208333332,0.9559504010046673
13011900,-21.230827271938324,0.8059449940919876,0.9147051870822906,0.8592090606689453,-0.02364649437367916,-18.736599385738373,0.9878343463612747,3.5120974252473576,0.8498622074907061,0.964051365852356,0.9333333333333333,19.19751485188802,0.962224825020102
13018300,-21.029971539974213,0.7231346666812897,0.8732223063707352,0.9154993295669556,0.020285002887248993,-16.350115835666656,5.556074193760591,46.70483955827163,0.8900524470881657,1.0266103744506836,1.0666666666666667,23.503915468851723,0.934884801626187
13023000,-5.160059034824371,0.78125861287117,0.9325989112257957,1.0217901468276978,0.05348159372806549,-1.6877500340342522,6.482448967600823,31.367062054905414,0.9293360672568445,1.059462308883667,1.1333333333333333,17.4636713663737,0.9686501241760042
13083000,37.513548135757446,0.22895598411560059,0.3758886456489563,1.4029970169067383,0.40265944600105286,34.86708104610443,-2.338622582367206,57.630785294687584,0.5172123834155762,1.2434736490249634,1.0,27.106451988220215,0.8932391957598308
13161500,0.9560534730553627,0.6819663643836975,0.8362725973129272,1.0236759185791016,0.08873944729566574,4.096471145749092,-18.496025323476033,42.58893412617638,0.8363856220063841,1.14302396774292,0.9375,31.79771900177002,0.9241497513732106
13235000,-17.065291106700897,0.7589133679866791,0.9163723737001419,0.9076008796691895,-0.047416988760232925,-16.822555661201477,17.46831052268459,5.636334215182249,0.8854682874530126,0.9455059170722961,0.8235294117647058,22.585727186763986,0.959871323633757
13240000,-19.44553405046463,0.766635000705719,0.8686966001987457,0.8116194009780884,-0.08292051404714584,-18.797077238559723,2.3156378665797845,-434.32864617883274,0.7541506290489021,0.8518362045288086,0.6842105263157895,41.41135466726203,0.9452080952989654
13310700,-18.42557191848755,0.7700215876102448,0.913264699280262,0.8603277802467346,-0.054108038544654846,-16.552641987800598,0.8643750684401581,13.063600795474528,0.8364061824534098,0.923461377620697,0.7894736842105263,30.061741879111842,0.9626309291935023
13313000,-20.84905356168747,0.78017957508564,0.9171641319990158,0.8549378514289856,-0.053396522998809814,-19.923096895217896,1.546678333951426,-1303.628358056528,0.826409002428958,0.9111037850379944,0.7058823529411765,30.169307484346277,0.9655287009948951
13331500,-16.890795528888702,0.7873838841915131,0.916508287191391,0.8758670091629028,-0.042116206139326096,-15.317212045192719,-7.0939912787281605,2.9078106414331626,0.8589916562480984,0.9448503851890564,0.6190476190476191,27.134141467866446,0.9621466833725741
13337000,-14.494085311889648,0.7925072908401489,0.9206875264644623,0.8801473379135132,-0.01082661934196949,-15.423417091369629,-6.690859530982928,47.649934107804754,0.8737709667177442,0.9854156374931335,0.75,18.946797847747803,0.9631706013567486
13338500,3.02437674254179,0.7299522161483765,0.8974726721644402,1.0222184658050537,0.11333080381155014,-0.7322235964238644,-2.729131975695294,47.59599207736346,0.8517136569259999,1.139971375465393,0.5,26.078047752380375,0.9563743954786219
13340000,-10.98880022764206,0.8043029308319092,0.9304723143577576,0.9075310230255127,-0.012375613674521446,-11.604244261980057,-7.318732989801919,31.51018874482197,0.9004562391380467,0.9846546053886414,0.4,16.54708981513977,0.966489292934121
13340600,-5.181467160582542,0.7268382608890533,0.886296421289444,0.9328407049179077,-0.04223201423883438,-7.467452436685562,7.9753905430032095,49.92298630826204,0.8989071726214392,0.9510619044303894,0.5,22.777748107910156,0.942428725622168
14020000,-15.991699695587158,0.7033451497554779,0.8120223730802536,0.8825483322143555,-0.03660241514444351,-14.826202392578125,0.04289253493738104,-49.533894422328494,0.840124596555711,0.9533481001853943,0.48,34.671791076660156,0.9020773233386018
14092750,-14.931535720825195,0.5221710503101349,0.7351226508617401,0.8482421040534973,-0.054350804537534714,-14.80916440486908,7.077495312929276,-9.852554596500966,0.7858807761579973,0.9453437924385071,0.2962962962962963,34.340031941731766,0.8591835165487112
14096850,18.766632676124573,0.533443957567215,0.5921025574207306,1.2694532871246338,-0.012635334394872189,16.478683054447174,21.68086539420731,11.416308648689043,0.6994354622095443,0.9823852777481079,0.4117647058823529,50.23908615112305,0.8680011780548454
14137000,14.724482595920563,0.6621986627578735,0.7841307073831558,1.1334000825881958,0.0194267425686121,15.746673941612244,9.869064457711328,-18.039994569444133,0.8392092056110342,1.021256685256958,0.3448275862068966,34.0371822488719,0.9127861773708786
14138800,-4.753496870398521,0.6496552228927612,0.8292794525623322,0.9268361926078796,0.020637718960642815,-4.6027712523937225,-17.999494778197857,34.9851683718916,0.8802298181766262,1.032776951789856,0.27586206896551724,25.78422612157361,0.9110189617207228
14138870,24.193406105041504,0.6538572609424591,0.794199600815773,1.1423919200897217,0.09464694559574127,21.13870680332184,-3.8258522613115966,28.76388972384986,0.7949857625783736,1.1256314516067505,0.06451612903225806,32.322662107406124,0.9227205266198455
14138900,1.8441667780280113,0.6730456650257111,0.8413270264863968,1.0024468898773193,-0.03289037197828293,1.2213801965117455,8.692437455223704,-40.24581388048753,0.9103370841319324,0.956925094127655,0.0967741935483871,25.107348349786573,0.9213997220362353
14139800,-5.399888381361961,0.7135414779186249,0.8609462827444077,0.944394052028656,-0.016502488404512405,-2.5943683460354805,-11.307471485771178,15.840530622098035,0.906404962421676,0.9774808287620544,0.15625,22.26923406124115,0.928160619878425
14141500,11.520534008741379,0.6943727731704712,0.8208861202001572,1.064029335975647,0.022800588980317116,11.109798401594162,5.643144288952898,7.886770549765106,0.892060980949444,1.028767704963684,0.22580645161290322,27.226617259363973,0.9180030785990325
14154500,-1.8185878172516823,0.7555009722709656,0.9109544530510902,0.9679641127586365,0.028882380574941635,-4.66243177652359,-11.789755890666633,36.81224343656719,0.9276614931955699,1.0466731786727905,0.23333333333333334,20.02732753753662,0.9549647261812366
14158500,-7.8185707330703735,0.5864147543907166,0.7977739423513412,0.9278510212898254,-0.15010859072208405,-9.779742360115051,10.556610380602898,5.821330476024236,0.8553867716820953,0.9171372056007385,0.6666666666666666,19.94959513346354,0.9059719830053249
14158790,5.643948912620544,0.6754034459590912,0.801945149898529,1.0144219398498535,-0.006831611972302198,0.7625565864145756,2.8447248169162433,25.70546843368654,0.9009810361014269,0.9904252886772156,0.3333333333333333,28.748505203812208,0.9025059603585969
14166500,-0.11107344180345535,0.7538692504167557,0.8816575407981873,1.058891773223877,0.08147400617599487,2.853202633559704,-5.6593297402213265,17.022808508759486,0.8396929448173815,1.1400644779205322,0.2,31.11011266708374,0.9488917520089052
14182500,-10.11277511715889,0.6849689185619354,0.8230878412723541,0.9042202830314636,-0.015491031110286713,-6.275850534439087,7.9392037909339175,37.964803000476174,0.8646747438483929,0.9763221144676208,0.21428571428571427,29.04301030295236,0.9073796539272246
14185000,3.3021386712789536,0.7711733281612396,0.9086626768112183,1.0179970264434814,-0.01243347767740488,1.9857201725244522,5.964863204319537,17.39173036105573,0.9487658759557108,0.9824063181877136,0.20689655172413793,21.988036714751143,0.9553737200064103
14185900,11.78986057639122,0.7351697683334351,0.8719183206558228,1.0444551706314087,0.019510749727487564,7.585884630680084,-5.060386949768504,26.915126671516497,0.9201415172707825,1.0279046297073364,0.36666666666666664,24.507360458374023,0.93981323477008
14187000,7.246861606836319,0.7751008123159409,0.9027978926897049,0.99395352602005,-0.00509813753888011,1.996120624244213,-8.664041311037108,28.70253017305738,0.9501752951826807,0.9923757314682007,0.4074074074074074,23.420657051934135,0.9511347578344505
14216500,12.430185079574585,0.6756396591663361,0.8281769305467606,1.0562140941619873,-0.0094692287966609,12.836579978466034,-6.73083405389881,-4.017874916531089,0.9018797864340404,0.9900304675102234,0.2962962962962963,26.86886964020906,0.9201992459326854
14222500,1.2415087781846523,0.7702303677797318,0.8936602026224136,1.007643699645996,0.02847427688539028,3.0038025230169296,-3.187187285970024,17.011906657535043,0.9347155271996785,1.0382708311080933,0.34615384615384615,20.77651023864746,0.947664737214441
14236200,4.587895795702934,0.7035422027111053,0.8571281135082245,1.0185225009918213,0.003765893168747425,3.677710145711899,5.218451155285488,-0.6933444343362978,0.9274475874029839,1.0051151514053345,0.2413793103448276,22.192520930849273,0.9300385480656945
14301000,-3.2406434416770935,0.8267221003770828,0.9448986165225506,0.9526993036270142,-0.023835863918066025,-4.989352449774742,-2.1301220567805483,27.124154210773437,0.9343670118384786,0.9637089371681213,0.375,17.376261949539185,0.9725538342172598
14303200,-12.992388010025024,0.7284297347068787,0.8813545256853104,0.9301313161849976,-0.05764829367399216,-9.853192418813705,8.415200868257392,6.507014055221476,0.8734485209124696,0.9127700924873352,0.30434782608695654,26.305468186088234,0.9406317667726856
14305500,-8.5059754550457,0.7733751237392426,0.8918003365397453,0.9580458402633667,0.015746813267469406,-5.572523921728134,6.78289306930548,16.045699345222324,0.9263569382646524,1.0243242979049683,0.13636363636363635,26.92617503079501,0.9445790873949226
14306340,5.641870945692062,0.651551753282547,0.7936680465936661,1.0457712411880493,0.10459950566291809,5.791234597563744,-20.838097811936095,9.468467705547361,0.7892213019316009,1.183824896812439,0.4583333333333333,41.22931957244873,0.9075821426811304
14306500,14.712950587272644,0.7855545729398727,0.8751131072640419,1.1265593767166138,0.06524273008108139,13.217426836490631,-3.222258469780443,-11.287983833734273,0.832313620538564,1.099727988243103,0.22727272727272727,35.83080335096879,0.953569682501942
14308990,10.924941301345825,0.7003978788852692,0.7896662503480911,1.0285290479660034,-0.039732497185468674,6.716914474964142,2.1118035354187987,-31.878460391000157,0.8692701431233234,0.9221676588058472,0.21052631578947367,32.30433464050293,0.8989133264698713
14309500,3.057796321809292,0.7158112525939941,0.7858112901449203,1.0613703727722168,0.04142453894019127,1.0139049030840397,0.13418304312950732,-12.433775010804968,0.8585146449533179,1.081148624420166,0.2727272727272727,35.50071499564431,0.9016807048784438
14316700,-2.9618196189403534,0.7709529548883438,0.9094749167561531,0.9732257723808289,0.005328057333827019,-2.729378826916218,-1.4556216827031334,23.2927538243468,0.9459683560713787,1.0086634159088135,0.25925925925925924,19.43759741606536,0.953875120533306
14325000,-8.175141364336014,0.7245410978794098,0.8479263484477997,0.9462435841560364,0.001746071968227625,-8.617278933525085,-12.579635202379341,42.8910273875768,0.9045382551722685,1.0030574798583984,0.28,25.064956665039062,0.9211720588998973
14362250,-13.176502287387848,0.6817232072353363,0.8401677012443542,0.842650294303894,-0.062130846083164215,-18.156498670578003,-11.686095214337874,-8.637036736496903,0.7585527760355025,0.8342409729957581,0.2857142857142857,44.07335008893694,0.9221425851693108
14400000,-8.498860895633698,0.7676375061273575,0.8992079123854637,0.9712600111961365,0.009131086058914661,-5.920310690999031,7.667986852432613,-9.904039898524148,0.9391402566354273,1.0152968168258667,0.34782608695652173,24.78762502255647,0.9485808518064396
