basin,NSE,Alpha-NSE,Beta-NSE,FHV,FMS,FLV,KGE,Beta-KGE,Peak-Timing,Peak-MAPE,Pearson-r
01013500,0.9097422361373901,0.9614194631576538,0.006349461618810892,-5.211080610752106,6.755817710472013,46.463749664903894,0.9393736275310524,1.0075998306274414,1.0416666666666667,16.944360733032227,0.9538552084181309
01022500,0.8852613195776939,0.8836735486984253,-0.056331437081098557,-10.180879384279251,-12.510256610123454,16.891350415846322,0.854780592596214,0.9330673217773438,0.21875,23.70176464319229,0.9445306426913787
01030500,0.8980695605278015,0.9894193410873413,0.017094429582357407,6.4495764672756195,-13.032579610366051,45.09071684136339,0.9433842587257563,1.0214729309082031,0.9655172413793104,19.112143023260707,0.9486940056599853
01031500,0.8916487917304039,0.8698534369468689,0.011848153546452522,-13.234397768974304,-15.322983204081602,-372.71366839594265,0.8583623291713673,1.0192506313323975,0.0625,22.4295437335968,0.9475355823769901
01047000,0.8668970465660095,0.8899213075637817,-0.03087822161614895,-10.890775173902512,-4.851860186686658,-539.2109052436786,0.8623989333145248,0.9523700475692749,0.09375,23.718056082725525,0.93256022941943
01052500,0.8115085810422897,0.7835685014724731,-0.04635830223560333,-23.38191717863083,-7.031741597292019,-431.2878126816947,0.7544512340197881,0.9256507158279419,0.35294117647058826,39.356184005737305,0.9109843448452096
01054200,0.6834106147289276,0.8065251708030701,0.014703591354191303,-22.786617279052734,-5.671087313132136,11.074313582631987,0.739034639704576,1.0276858806610107,0.21875,40.45904874801636,0.8270725534989789
01055000,0.7112103402614594,0.8910136222839355,0.012809401378035545,-12.546709179878235,-4.757592255845574,39.41017631728148,0.8089232708010843,1.0226807594299316,0.058823529411764705,38.454656039967254,0.8447007113172482
01057000,0.792262852191925,1.0681564807891846,0.07664021104574203,6.672916561365128,-7.717620626941912,47.830575989038,0.8366224036460355,1.1162948608398438,0.1875,23.645752668380737,0.907682946000894
01073000,0.8896087929606438,1.0207679271697998,0.09293746203184128,3.738686814904213,-22.60172367603122,65.26382978312697,0.8233466685913173,1.1682614088058472,0.26666666666666666,20.48740863800049,0.9503694549140617
01078000,0.8765595182776451,0.9229917526245117,0.022934040054678917,-8.088748157024384,-7.311111233003771,30.6791774460647,0.8948827799697215,1.033216118812561,0.34375,26.050424575805664,0.9366276934767291
01118300,0.8135269433259964,0.9152282476425171,0.003677955362945795,-7.460038363933563,-27.016981651026274,50.908426406591026,0.8703683951077256,1.005102276802063,0.16666666666666666,27.178786595662434,0.90206088748297
01121000,0.7934973835945129,0.7975322604179382,-0.019518030807375908,-20.63971906900406,-18.376414704591074,63.07504624467338,0.7706331566985911,0.9700231552124023,0.3870967741935484,36.966256172426284,0.8964753555371294
01123000,0.8142001628875732,1.0232990980148315,0.0948387086391449,1.1152193881571293,-10.319536399272836,-26.424373774714716,0.8393169388914558,1.1336365938186646,0.06666666666666667,27.644335428873696,0.913875329019771
01134500,0.8174513280391693,0.9149917364120483,-0.014626475982367992,-8.33677351474762,-7.739743996394466,43.10316659130951,0.8705055905323114,0.9803502559661865,0.2222222222222222,29.06057569715712,0.9043115222999533
01137500,0.765666276216507,0.813978910446167,-0.06273310631513596,-20.57293802499771,-7.633010901857368,1.956302286590535,0.7634813327271763,0.9171002507209778,0.23529411764705882,36.38047330519733,0.8797300296034261
01139000,0.8364927023649216,0.9223229289054871,0.03107260912656784,-9.619364887475967,-3.5805905216567355,25.32498696785711,0.8798963764982328,1.0345335006713867,0.09375,21.2862029671669,0.9151554931901212
01139800,0.7128081619739532,1.045112133026123,0.11209110915660858,2.057245932519436,-3.3318866844656645,26.497453976298825,0.8197287025516871,1.1159961223602295,0.4722222222222222,44.93492444356282,0.8695870568734754
01142500,0.8075012266635895,0.8967654705047607,0.02361130528151989,-12.293259054422379,-1.1380832652644441,41.862276533787295,0.8527536868560028,1.028419017791748,0.3055555555555556,31.23821152581109,0.8989234543420237
01144000,0.8504258990287781,0.9318036437034607,0.035825420171022415,-7.719023525714874,-5.215954572766529,7.600827633472594,0.8885224665005674,1.042845606803894,0.29411764705882354,24.187270332785214,0.9229237297179042
01162500,0.8321408033370972,0.8951990604400635,-0.009685448370873928,-8.01415890455246,-18.863441002749802,40.52760034334816,0.8628734598946693,0.9876614212989807,0.3125,23.12566637992859,0.9124316807044229
01169000,0.7198227941989899,0.8448079228401184,-0.014180466532707214,-16.179369390010834,1.3093617355014406,9.924893258683774,0.7821535634680586,0.979130744934082,0.2727272727272727,39.77345264319217,0.8485504595931035
01170100,0.7153528928756714,0.8169300556182861,-0.07917466759681702,-19.619934260845184,-2.5170502641182297,21.78660209144748,0.7412045153027269,0.8951191902160645,0.375,42.15203523635864,0.8501316774537107
01181000,0.7553824037313461,0.7707939743995667,-0.029744625091552734,-21.088285744190216,-1.0382587322366736,15.102495242450518,0.7351134829215182,0.9525980949401855,0.3870967741935484,38.30171092864006,0.8759736957128745
01187300,0.7528113722801208,0.7428819537162781,0.009117092937231064,-29.08070683479309,-18.821610298425657,50.38805459525817,0.7150248847973412,1.016155481338501,0.36666666666666664,40.700127283732094,0.8781799401464117
01195100,0.7140328586101532,0.9338752031326294,0.06838434934616089,-7.689162343740463,-26.400092018038755,80.93937471851892,0.8043336573518173,1.1092287302017212,0.1935483870967742,30.57867480862525,0.8517370127675669
01333000,0.7156446576118469,0.796542227268219,-0.08511525392532349,-19.29817944765091,-7.466033583600355,27.348564226800992,0.7290118346208782,0.899268627166748,0.37142857142857144,35.402404240199495,0.8520381433689965
01350000,0.6596446633338928,0.8557387590408325,0.009824614971876144,-18.199309706687927,-11.37699388602851,30.1030534329224,0.76342398074791,1.017850399017334,0.2727272727272727,37.981547731341735,0.8133498714251494
01350080,0.4996340274810791,1.1078709363937378,0.13920269906520844,7.323386520147324,-18.35269611910136,18.532108842844327,0.6688504418172179,1.2305504083633423,0.2413793103448276,45.75083502407732,0.788173655628753
01350140,0.5739901065826416,0.9940243363380432,0.1259038746356964,-5.40463849902153,-11.024970366208867,44.40433478626482,0.6917899409742019,1.2289116382598877,0.4375,40.652069449424744,0.7937060500216754
01365000,0.6101474761962891,1.1223244667053223,0.03541658818721771,6.54306560754776,1.9426772541767723,-5.225493774256059,0.7879610600127422,1.0478507280349731,0.5,43.26586723327637,0.8335441657895362
01411300,0.7023110687732697,1.0335211753845215,0.13789458572864532,5.387308448553085,12.18175596963475,29.444540831654304,0.807080759534186,1.1344046592712402,0.5666666666666667,44.67451095581055,0.8657258337991685
01413500,0.644622802734375,1.112229824066162,0.08323195576667786,8.319388329982758,-5.724960780107076,23.17276099154466,0.7766500386146099,1.1203910112380981,0.1935483870967742,54.08770653509325,0.8490176293271242
01414500,0.3263031840324402,1.245313286781311,0.1193901002407074,17.262163758277893,-6.620627939140198,18.34286275706537,0.6162100607574146,1.1709502935409546,0.25,47.42725160386827,0.7593922155651669
01415000,0.5624452829360962,1.1313973665237427,0.1087070107460022,4.757918044924736,-10.339667256918464,22.084277830235568,0.7262268679240285,1.1584303379058838,0.3,45.33147176106771,0.8194832751561782
01423000,0.7886668890714645,1.059263825416565,0.022761933505535126,0.9299807250499725,-2.2464849649524363,0.17140382739784737,0.8809490414590652,1.0329523086547852,0.06451612903225806,32.93815428210843,0.9021476874017273
01434025,0.5044366121292114,1.0384480953216553,0.09642230719327927,2.5312669575214386,3.119751677036995,28.546202175279323,0.7146455611679208,1.159575343132019,0.42857142857142855,57.69391196114676,0.7665806143620325
01435000,0.6377541720867157,1.0043355226516724,0.019059235230088234,-5.7511769235134125,10.072946327999606,-2.8181919457758804,0.8176009948360368,1.0282185077667236,0.40540540540540543,42.57368397068333,0.8198491849933516
01439500,0.8008685857057571,1.0257817506790161,0.05058395490050316,-1.8958238884806633,-0.7054712915513418,21.398871607165184,0.8849667123375633,1.058730125427246,0.21875,24.193228781223297,0.904507953369645
01440000,0.824012964963913,0.9298494458198547,0.08819186687469482,-9.603158384561539,-0.635094789000721,1.7929686623545462,0.8364246237378139,1.118854284286499,0.1875,25.001737475395203,0.9121964546599722
01440400,0.7399830520153046,0.9166267514228821,0.06524500995874405,-12.715351581573486,-3.325763631665129,-0.976335960743594,0.8153173482514727,1.0934703350067139,0.5172413793103449,46.866048615554284,0.8642801423803481
01451800,0.7796607613563538,0.9303591847419739,-0.03661584481596947,-8.58871415257454,4.403336566564856,55.775785217609894,0.8533493527796255,0.9415959119796753,0.16129032258064516,37.52041478310862,0.8849107664337521
01466500,0.5267102420330048,0.9398313164710999,0.19753067195415497,-9.512224048376083,-13.569900348320823,12.649482391351722,0.7338953543514564,1.1212419271469116,0.375,36.23112440109253,0.7708890944109403
01484100,0.6010321378707886,0.837043046951294,-0.03070591390132904,-19.62362825870514,-2.7958506989579996,58.536598079064284,0.7223146117967288,0.9637072086334229,0.1875,41.89075827598572,0.7781057919424094
01485500,0.868790790438652,0.9544323682785034,0.014187757857143879,-4.79072779417038,1.447786425981363,-3.068803157189141,0.9147425611625777,1.025105595588684,0.23333333333333334,27.17493693033854,0.9324564519250853
01486000,0.725847065448761,0.816623866558075,-0.06207200884819031,-20.3715980052948,10.575409503708874,-22.15445899079566,0.7403393101281253,0.886871337890625,0.25,41.48620963096619,0.855090464917004
01487000,0.7950988411903381,0.85670405626297,-0.09369085729122162,-17.876869440078735,-11.013878727220742,-42.14132248195241,0.8039493404675214,0.9139764308929443,0.2,28.224887847900394,0.8975203475331938
01491000,0.7311978340148926,0.8427544236183167,-0.05519670248031616,-22.41600900888443,1.7971219154907077,58.11385237360908,0.7686504785530173,0.9086371660232544,0.3793103448275862,42.550086975097656,0.8569990826956773
01510000,0.7821527868509293,0.8301759958267212,-0.050079572945833206,-17.457401752471924,-12.967915043254,22.61914082843829,0.7838910917738835,0.9275709986686707,0.29411764705882354,33.58247420367073,0.8876749912647032
01516500,0.35050177574157715,1.097661018371582,0.21797677874565125,18.252795934677124,-21.10488907515394,58.319305487667705,0.3995811015158681,1.5273865461349487,0.32142857142857145,53.9186988558088,0.7301322358943673
01518862,0.6841120719909668,0.714958667755127,-0.017358632758259773,-28.998717665672302,-25.90772160501158,50.25269400133864,0.6693443518718479,0.9649685025215149,0.41379310344827586,49.21944059174636,0.8361177534461677
01532000,0.6099227964878082,0.8805323243141174,0.10536357760429382,-2.7642404660582542,-8.90654509081283,45.84921690763446,0.6642868273145985,1.2356767654418945,0.12,36.43326187133789,0.7929075785752719
01539000,0.8462022393941879,0.9049993753433228,0.03276442363858223,-8.007639646530151,2.674598704453026,8.546643101122871,0.8650561294556562,1.0536811351776123,0.10714285714285714,34.41284043448312,0.9206081538294224
01542810,0.7561935037374496,0.8956021666526794,0.09482476115226746,-14.108151197433472,-16.027856835540454,-39.259320279020635,0.7547709914404259,1.1833336353302002,0.1935483870967742,37.73397630260837,0.8749914515398651
01543000,0.8500677198171616,0.958199143409729,0.061361830681562424,-3.5485830157995224,-8.71147984997181,46.36428471475112,0.8688398282059919,1.0988764762878418,0.1935483870967742,18.435519741427512,0.9246400538067259
01543500,0.8529097139835358,0.9659340977668762,0.06949494779109955,-3.1295601278543472,-6.058939669360211,27.249212191409477,0.8680587941916164,1.1044672727584839,0.2,21.438749631245933,0.9269617564722561
01544500,0.7932685762643814,1.0116441249847412,0.05255677551031113,0.7278113625943661,-1.6725555676285235,31.914804141391606,0.8711623329989,1.0794622898101807,0.2962962962962963,31.08180010760272,0.8992562493762073
01545600,0.7417701780796051,1.1136139631271362,0.10936179012060165,10.368628054857254,-3.5943017643341983,37.933429176003756,0.7800925389217295,1.1564384698867798,0.37037037037037035,32.53547527171947,0.8952232661326004
01547700,0.7873323261737823,0.7804448008537292,0.06760364025831223,-25.613519549369812,-24.26184938668493,42.16667079209788,0.7195881255967052,1.1411842107772827,0.4166666666666667,36.61994139353435,0.8975629341429268
01548500,0.7739554941654205,1.1713230609893799,0.12569372355937958,17.771700024604797,-6.456769599349356,-460.5866388763106,0.7354911660832815,1.1861470937728882,0.14285714285714285,31.057933398655486,0.9227821816345539
01549500,0.6818263530731201,1.1150059700012207,0.2128707319498062,11.714062094688416,-8.692777967361474,35.30689735642814,0.5955633833266931,1.3698477745056152,0.3448275862068966,29.35065894291319,0.8835730810187211
01550000,0.7189328670501709,0.9936749339103699,0.1435519903898239,0.42712418362498283,0.7820744873270191,-462.5639538424355,0.7264547008098015,1.2400330305099487,0.18518518518518517,34.82958122535988,0.8689611946321738
01552000,0.7934702783823013,1.1211836338043213,0.13142293691635132,12.16738224029541,10.27236395586486,2.4222976182414846,0.755759308623078,1.197248935699463,0.2,25.27127901713053,0.9221482203948674
01552500,0.7281539142131805,0.8995596170425415,0.06296779960393906,-9.36775952577591,-0.6092929855108151,21.54576087559138,0.7944142908797851,1.1079150438308716,0.22857142857142856,34.41592625209263,0.856711631383417
01557500,0.7891446948051453,0.9284510016441345,-0.029004080221056938,-9.480283409357071,-7.513212217280382,14.162964999144567,0.8618241105726209,0.9575983881950378,0.4666666666666667,37.05557823181152,0.8896577117798395
01567500,0.5981426239013672,1.1470942497253418,0.06463603675365448,12.977011501789093,7.48908143111058,16.275143146155184,0.7563220063336644,1.1042852401733398,0.3870967741935484,54.00115597632623,0.8360889418709699
01568000,0.7978311479091644,1.0029138326644897,0.05329146608710289,-3.8521353155374527,-1.1804157571749172,10.775349377229903,0.8667539837888282,1.0887213945388794,0.1,32.58882204691569,0.9006293576229493
01580000,0.6704204678535461,1.0256506204605103,0.11734519153833389,-1.05021046474576,-7.734795307674962,55.681818176786265,0.7961150435567896,1.131557583808899,0.09375,34.301555156707764,0.8463649672886904
01583500,0.6281061470508575,1.0035922527313232,0.07456278800964355,1.529837492853403,4.3749542007709,46.0325922047998,0.8002984906749628,1.0809919834136963,0.08823529411764706,36.42736603231991,0.8174949667276878
01586610,0.6153097450733185,0.8011231422424316,0.09408895671367645,-14.566729962825775,-12.740303497082381,62.21413400837514,0.6811718305069301,1.1343435049057007,0.21212121212121213,39.990633184259586,0.7901161754674039
01591400,0.589201956987381,0.8712151646614075,0.07820849120616913,-10.553265362977982,2.2832614491805714,69.00575230571262,0.7103875815135143,1.1329662799835205,0.21875,38.44892680644989,0.7772674529491772
01594950,0.636346161365509,1.0448721647262573,0.16973640024662018,8.151939511299133,-31.004307142424103,76.6298437572369,0.6895731085236512,1.2626498937606812,0.28125,44.254279136657715,0.8407317448706384
01596500,0.7622583210468292,0.9406392574310303,0.07758624106645584,-4.637149348855019,-24.035973295923135,-321.20046366637666,0.8087704845671492,1.1353936195373535,0.2,40.1390806833903,0.8787003808624372
01605500,0.7901101559400558,0.8930057883262634,0.018981415778398514,-11.670203506946564,-5.610266198662471,-33.80670786571569,0.8419719346613123,1.0349953174591064,0.2413793103448276,33.58837982703899,0.8890926699494548
01606500,0.796958789229393,0.9283974766731262,0.055354759097099304,-5.798748508095741,-13.562234397871492,15.714775040180843,0.8423209301030715,1.0934001207351685,0.23333333333333334,34.85177675882975,0.8950610406786835
01613050,0.6725001037120819,0.727253258228302,0.05100265517830849,-26.607006788253784,-27.10837397151754,-10.040337288167782,0.6594452776028461,1.1091970205307007,0.16,48.26594924926758,0.8277712436695227
01620500,0.3941861391067505,1.0576328039169312,0.09155070036649704,14.109987020492554,-8.264204103454745,50.77133758619009,0.6516270545120345,1.1978768110275269,0.4827586206896552,76.24654441044248,0.719131816116154
01632000,0.45228326320648193,0.8857694864273071,0.08952528238296509,-4.288329184055328,-22.618378880447143,60.09047376991563,0.5925392978787365,1.2541589736938477,0.37037037037037035,50.51382559317129,0.7027142290102637
01632900,0.47561419010162354,1.081637978553772,0.03337808698415756,-0.40607526898384094,-7.883198625560868,-457.4446414340456,0.7386273169116697,1.0679839849472046,0.10344827586206896,36.20226958702351,0.7611923415944437
01634500,0.44477736949920654,1.083079218864441,0.1228441372513771,6.0203853994607925,-4.384356994669389,-123.20678814997319,0.6256182991654897,1.2695605754852295,0.36,57.52337646484374,0.7538362385388804
01638480,0.6477235853672028,0.8969681859016418,0.05439484491944313,-1.6483161598443985,-21.128298807146766,-140.29009430684053,0.7477340504408068,1.1318167448043823,0.07407407407407407,53.427106362802014,0.8111961325084172
01639500,0.7408834397792816,0.9047797322273254,0.058640409260988235,-8.575866371393204,-8.190927126730209,81.55933400775099,0.808888955455548,1.0942531824111938,0.13333333333333333,32.35849698384603,0.8637176843551082
01644000,0.731967955827713,0.9413759112358093,0.06603802740573883,-4.61772046983242,-23.921319624668172,-165.7033643957966,0.7994649598549727,1.1329387426376343,0.06666666666666667,43.61778259277344,0.8617798522339783
01658500,0.548590213060379,0.774921178817749,0.013594480231404305,-23.185014724731445,-32.99745280906493,67.44786701527327,0.6548339606262044,1.0409893989562988,0.34375,58.05436372756958,0.7415449977938088
01664000,0.669880211353302,1.2149626016616821,0.09336410462856293,10.289981961250305,-9.086432777724823,20.29757712067555,0.7133235667809056,1.1521461009979248,0.1,35.10265032450358,0.8867479748472809
01666500,0.5216419696807861,1.1631492376327515,0.05068182572722435,8.075021207332611,8.314822724340956,44.046655568223954,0.7299639510867864,1.0949748754501343,0.10714285714285714,62.73950849260602,0.8069156479521373
01667500,0.7956926375627518,1.1099276542663574,0.058079734444618225,3.9638374000787735,-1.9396783826816546,59.453430246596994,0.825886577335089,1.1048520803451538,0.0,38.809486915325294,0.9149268783523281
01669000,0.6878233850002289,1.0053601264953613,0.030431928113102913,-11.5370973944664,-23.500621103518235,84.96663466511886,0.8404845868189371,1.038199543952942,0.1935483870967742,41.07941658266129,0.8452187642895103
01669520,0.739522248506546,0.7761579155921936,-0.06594473123550415,-18.89583319425583,-6.883412738396172,79.72821318986453,0.7216464593433601,0.9012035131454468,0.8,39.09095001220703,0.8672797339165784
02011400,0.7426025569438934,1.2426689863204956,0.1540086418390274,14.724856615066528,-7.443391247098914,-5.070676972940395,0.6427850834833472,1.2525235414505005,0.25,32.01097420283726,0.9296713381793758
02011460,0.811988964676857,0.8813638091087341,0.039127156138420105,-15.276506543159485,-16.466558372749184,40.94625299745683,0.8271864350154108,1.0788919925689697,0.3103448275862069,32.83342164138268,0.9021938858660075
02013000,0.7716531753540039,0.9115262627601624,0.10808064788579941,-12.858177721500397,-9.187406578821742,-3.2195977136784757,0.7242468268583915,1.234711766242981,0.42857142857142855,43.598008155822754,0.8854460952058711
02014000,0.7430456280708313,1.0413446426391602,0.1213163211941719,1.8483610823750496,-0.41534871851999944,-41.811812571776564,0.752812565843753,1.214603304862976,0.24,38.73423767089844,0.8845111707926794
02015700,0.7037768363952637,1.027484655380249,-0.009961101226508617,-0.9971215389668941,15.606248905029737,-63.170442810576525,0.8527743923138416,0.9838579297065735,0.4,33.18805694580078,0.8562661944988944
02016000,0.7741848677396774,1.0329333543777466,0.04119042679667473,-4.397218301892281,3.397684517263934,-28.31308827768886,0.8649619495983264,1.074128270149231,0.1935483870967742,31.937374607209236,0.8920385773046811
02017500,0.8160863369703293,0.9640901684761047,0.037236105650663376,-3.589331731200218,-21.173757755239933,11.885034323418578,0.8806768699187583,1.06413733959198,0.2,33.508636474609375,0.9060058776179413
02018000,0.8524517863988876,1.018890619277954,0.0571226067841053,1.263928133994341,-9.400010697697697,-8.112046629358472,0.8750472161557179,1.1013299226760864,0.17857142857142858,22.14916774204799,0.9293700526391983
02027000,0.5956601798534393,0.7583409547805786,0.09109655767679214,-25.7077157497406,-13.102919669868395,70.13415937663592,0.6360680269277958,1.156486988067627,0.23333333333333334,40.30386924743652,0.7773810218031995
02027500,0.41613781452178955,0.7933502197265625,0.11808757483959198,-12.31566071510315,-5.25685592993173,66.414837069428,0.5573447523431683,1.2069686651229858,0.3103448275862069,44.65527370058257,0.6677297662319414
02028500,0.6777651309967041,0.9845356345176697,0.14053857326507568,-9.888700395822525,-20.11997318272204,81.37368100139403,0.7284074546297888,1.2235225439071655,0.3,47.88580576578776,0.8465039529298283
02038850,0.5588296353816986,0.6637985110282898,-0.025083094835281372,-24.018608033657074,-12.41888110751578,65.33720809015522,0.5787407795542274,0.9402493834495544,0.41935483870967744,50.023201973207534,0.7533063571033362
02046000,0.7325486540794373,0.9692543148994446,0.04207921773195267,-3.3766206353902817,-30.793889732004065,82.64767965963938,0.826820656287829,1.1019576787948608,0.3793103448275862,38.964251814217405,0.8634334606463218
02051000,0.5958585739135742,0.603766143321991,0.020824933424592018,-40.58849215507507,-35.7934335104558,87.43403086455682,0.5497709686183605,1.06295907497406,0.27586206896551724,52.79059574521822,0.7956936946657519
02051500,0.7347409427165985,0.9017272591590881,0.007172332610934973,-12.855097651481628,-9.858459348474945,61.764505978448895,0.8269528927658182,1.0144493579864502,0.3103448275862069,34.44295422784213,0.8582996620204708
02053200,0.8252965360879898,0.9148733019828796,0.01936245523393154,-3.3609461039304733,-41.190525259744206,51.81963996632707,0.8679439638055313,1.0430574417114258,0.5652173913043478,19.56069158471149,0.9086857147355135
02053800,0.6862747073173523,0.8698471188545227,0.15069618821144104,-13.096345961093903,-30.444015675901902,-661.4667859195538,0.6702512801820699,1.2587947845458984,0.26666666666666666,40.995489756266274,0.8424572907337918
02055100,0.6249225437641144,0.7336036562919617,-0.00069986138259992,-19.70807909965515,-21.428683525045937,30.658766062424792,0.6624647187600632,0.9987099170684814,0.375,51.73667669296265,0.7927287047689869
02056900,0.7790693640708923,0.878947913646698,0.035277582705020905,-9.616939723491669,-20.318157722470144,42.372807941761984,0.8227065072820217,1.0563524961471558,0.2903225806451613,37.044798943304244,0.883364794647425
02059500,0.7143071293830872,0.8126847743988037,0.07857099920511246,-13.48581612110138,-20.76736752699933,49.958550162043345,0.710823711983368,1.1609970331192017,0.3793103448275862,44.64187950923525,0.8496142056713278
02064000,0.6815119385719299,0.7252687811851501,-0.005559698212891817,-10.898160189390182,-15.26354292764295,63.93617519245881,0.6779027237237345,0.9855179786682129,0.25,39.013395990644185,0.8324897500114049
02065500,0.7152187824249268,0.9119815230369568,0.0581054724752903,-0.0791650905739516,-12.229199958750007,90.28311428712419,0.7917546810979904,1.1144921779632568,0.5172413793103449,40.81774744494208,0.84996533152989
02069700,0.7403309345245361,1.0937678813934326,0.17018751800060272,8.975569158792496,-7.372875487632424,53.85378804460682,0.766622071046852,1.188100814819336,0.07894736842105263,38.365790718480156,0.8985558005317719
02070000,0.6503171026706696,1.062012791633606,0.09469284862279892,0.6908422335982323,-11.234807358174468,60.67897775192056,0.7839855847583884,1.1329009532928467,0.06060606060606061,51.16903709642815,0.8413999436323084
02074500,0.6635759770870209,0.8121378421783447,0.06464378535747528,-19.503264129161835,6.303687046252611,48.61363212166786,0.701670449261827,1.1424237489700317,0.18181818181818182,44.61180947043679,0.8171782118248675
02077200,0.5703102350234985,1.0596530437469482,0.07110519707202911,0.11601888108998537,-25.479164622246724,-16.311741102233125,0.6912920421673519,1.2286180257797241,0.17857142857142858,49.45183140890939,0.8013145302506746
02081500,0.7979303896427155,0.9497619867324829,0.07779547572135925,-7.548830658197403,-36.16922272663475,79.20189445028795,0.7366071356435704,1.2376459836959839,0.2,31.149806976318363,0.8981357302584195
02082950,0.6729397177696228,0.8923047184944153,0.04792289063334465,-1.8152948468923569,-13.936542934435977,72.50235234082744,0.7563391291439073,1.1303023099899292,0.2692307692307692,32.962311231173004,0.82451879206288
02092500,0.7956085056066513,0.7638323903083801,0.004261586349457502,-19.987402856349945,-26.24850444049442,57.98921081430226,0.7443975305148094,1.0097846984863281,0.24,38.96696090698242,0.9027285128364629
02096846,0.4654964804649353,1.0149520635604858,0.11053910106420517,-7.5026750564575195,-58.297404854024336,84.89413617207306,0.5264069032023875,1.3973948955535889,0.4642857142857143,60.70001465933663,0.742814941885054
02102908,0.37092125415802,1.2795337438583374,0.21436329185962677,22.99409806728363,-20.5479725208196,43.31528557030879,0.6047702515729467,1.1978060007095337,0.24324324324324326,44.33540138038429,0.8026672197288216
02108000,0.8032394796609879,0.82773756980896,-0.03297693282365799,-13.585522770881653,-18.282140577068155,34.12633801687248,0.7927326863426563,0.9431597590446472,0.6666666666666666,30.159223079681396,0.899727464061458
02111180,0.6211429238319397,1.1253236532211304,0.13386577367782593,8.979300409555435,-2.6269182101885042,38.3404558651629,0.7283932360084873,1.1858363151550293,0.1875,41.05985760688782,0.8466080831371751
02111500,0.6495997905731201,0.8314370512962341,0.06128019839525223,-13.684989511966705,-8.465891822989608,33.629733931058034,0.734996701525787,1.072035551071167,0.2857142857142857,40.72938101632255,0.8086256027876829
02112120,0.7021532654762268,0.888371467590332,0.15347027778625488,-9.303437918424606,-18.31031910641533,41.19373156802157,0.7464294688697324,1.1735515594482422,0.2571428571428571,31.72725132533482,0.8526333103349574
02112360,0.7220451533794403,0.9334424138069153,0.042938511818647385,-5.104279518127441,-0.616224369996954,29.310101459342736,0.8349707559525511,1.0403332710266113,0.21052631578947367,31.215330270620495,0.8544734857171503
02118500,0.7764563262462616,1.0052070617675781,0.09411166608333588,7.339879870414734,5.850722229659029,59.44230519021403,0.8154427479484688,1.150444746017456,0.12903225806451613,41.3537856071226,0.8932262008341738
02125000,0.6977692544460297,0.7618126273155212,0.019233984872698784,-19.347994029521942,-35.17813581585442,86.05539582811565,0.7034091940668984,1.0731374025344849,0.22580645161290322,48.67699530816847,0.8391155631882913
02128000,0.5914208590984344,0.7778473496437073,-0.0013172551989555359,-15.701921284198761,-14.099322436561962,77.91768180764133,0.679549074884696,0.9958125352859497,0.2,49.41829045613606,0.7690899298726936
02137727,0.837747648358345,1.1000975370407104,0.13099800050258636,9.236089140176773,-4.8832075558695305,42.047384251319905,0.7649150033350248,1.2036579847335815,0.23529411764705882,29.53968328588149,0.938608925814812
02140991,0.7952065020799637,1.0748624801635742,0.12273498624563217,4.367740452289581,-6.303821308179843,35.41660447892526,0.7937885424954283,1.1719963550567627,0.25,31.37570752037896,0.9143493834400109
02143000,0.7569739520549774,0.8437401056289673,0.012243094854056835,-8.647702634334564,7.187228107499433,-11.144279375884844,0.7961452128449413,1.0194952487945557,0.2,35.87466812133789,0.8705413002860513
02143040,0.8183192759752274,0.9043113589286804,0.029843514785170555,-14.739479124546051,-11.731284296940396,32.673105328073895,0.8560484087995097,1.0505985021591187,0.16666666666666666,36.354923248291016,0.9051024965642883
02149000,0.5231330692768097,1.2185508012771606,0.17256727814674377,-5.0657156854867935,-19.538293058129614,34.78699015978561,0.6517580260232423,1.2160108089447021,0.11428571428571428,36.94958550589425,0.8361483899395701
02152100,0.7759263068437576,0.9572188854217529,0.01629210263490677,-11.706355959177017,-4.810307199319591,-11.898817308365757,0.8730473915221362,1.0290251970291138,0.14285714285714285,41.316274234226775,0.8840505326782491
02177000,0.8427594304084778,1.0694044828414917,0.08299709111452103,7.654552161693573,-0.23256035290851224,30.09491848156124,0.8734644797466768,1.081019401550293,0.17647058823529413,31.160918404074277,0.9319550720500298
02178400,0.7932918816804886,1.043483018875122,0.014464044943451881,-4.283399507403374,0.9195203586127625,3.293738228995633,0.8919288360711426,1.013288140296936,0.35294117647058826,33.06237389059628,0.9019590449358398
02193340,0.5762255489826202,0.8689386248588562,0.0612446665763855,-16.00203663110733,-24.77900552756214,87.98425893126614,0.6648488950294189,1.2035096883773804,0.4,49.277801513671875,0.7681962341857765
02196000,0.7125102579593658,1.1427849531173706,0.12795895338058472,17.177942395210266,-47.53534218072084,74.13544656104939,0.5390049994088453,1.4243755340576172,0.2692307692307692,39.785916988666244,0.8902992532996187
02198100,0.579857736825943,0.7521219849586487,0.022281339392066002,-13.701418042182922,34.288491242395466,-257.1482898451599,0.6476031158329933,1.0776866674423218,0.3333333333333333,59.702578045073004,0.7618722289788936
02202600,0.6460623145103455,1.067455768585205,0.10950620472431183,8.568841964006424,-46.389690926806395,-8.706364041891177,0.6591252296258312,1.2943968772888184,1.1666666666666667,50.456274880303276,0.8419626404775947
02212600,0.8052678108215332,1.0282220840454102,0.07706154882907867,3.6105092614889145,-33.571494358042465,89.81561908282598,0.746950865694505,1.234264850616455,0.125,38.084280490875244,0.9085814126638118
02215100,0.7755998373031616,0.9017677307128906,0.024580005556344986,-5.658406391739845,-3.425304985832466,38.529712923952545,0.8351767922567357,1.0584690570831299,0.44,42.50340270996094,0.8812629777815959
02216180,0.7754812836647034,0.902249276638031,0.10720951110124588,-6.309979408979416,-85.60577142428775,23.69275951955979,0.6515195325502081,1.3149116039276123,0.17391304347826086,32.74134760317595,0.8872431199971554
02221525,0.7980002462863922,1.1105482578277588,0.02061813697218895,13.2317453622818,15.598992842381106,77.66460804273608,0.8540958563606856,1.0424162149429321,0.8,40.8560905456543,0.9147476303421188
02231000,0.8512653410434723,0.850259006023407,0.07660391181707382,-16.604536771774292,-31.814639988379774,26.837830724016055,0.7425148219587309,1.1971285343170166,0.631578947368421,29.05517126384534,0.9291720917161124
02231342,0.4414554238319397,1.2578476667404175,0.12157844752073288,8.823714405298233,-24.6555829473959,67.26696464773536,0.5715284495204034,1.2847959995269775,0.6363636363636364,54.864536632191054,0.8102799721159047
02235200,0.6440518796443939,1.0800455808639526,-0.03603074699640274,13.519516587257385,-23.200923041233064,38.91116016066224,0.812422403650738,0.9472054839134216,2.111111111111111,42.469379636976456,0.838783379555633
02245500,0.6488442420959473,0.8501297235488892,-0.020862620323896408,-17.701879143714905,-13.828741640609717,-11.216764802606317,0.7504292314098454,0.9494960904121399,0.48148148148148145,46.874798668755425,0.8069357001217228
02246000,0.7855407893657684,0.9966426491737366,0.06443614512681961,-5.430686101317406,-9.80501392151027,41.4913859883235,0.796252763633792,1.1742726564407349,0.34782608695652173,53.59024379564368,0.8944978401198043
02296500,0.7595471441745758,0.8123611807823181,-0.056602511554956436,-20.458386838436127,4.357583435784532,-68.30616356039047,0.7435554051799731,0.877152144908905,1.1764705882352942,43.48065432380228,0.8756460365146362
02297155,0.18570220470428467,1.4995037317276,0.14369189739227295,48.28639328479767,-44.597902258455456,71.29664282962923,0.3409582198586524,1.3897573947906494,0.42857142857142855,64.76951780773345,0.8185578241750724
02297310,0.6824848651885986,0.919410765171051,0.021183308213949203,-13.480296730995178,-30.213723128453463,67.24035446937019,0.8055201783243002,1.052929401397705,1.1904761904761905,43.338403247651605,0.8311028279207224
02298123,0.5799927413463593,1.0423320531845093,0.0035218286793679,8.509666472673416,28.025826223090167,-25.486821579118672,0.7948850763402948,1.0060052871704102,1.1428571428571428,60.75582050141834,0.7993907636545329
02298608,0.6242255568504333,0.8851722478866577,-0.00420556403696537,-11.906300485134125,-11.637994759990038,-3.5774305081856084,0.7649753701055171,0.9896553754806519,0.8518518518518519,48.522253389711736,0.7951972833549584
02299950,0.6704484522342682,0.933906078338623,0.03541773930191994,-3.0527306720614433,10.018024312548894,-264.6063842956598,0.7886099148428043,1.1011953353881836,0.6296296296296297,54.4576538933648,0.8265731689793668
02300700,0.6648415327072144,0.8360734581947327,0.05370123311877251,-13.753579556941986,-2.639709443569835,71.23506768192213,0.7036221807072521,1.1661629676818848,0.7037037037037037,46.699499200891566,0.8173589070563813
02310947,0.7302407920360565,1.0954903364181519,0.09722771495580673,11.276933550834656,-53.4320432790672,-44.72651625664042,0.722444400066037,1.2340404987335205,1.0588235294117647,31.946602989645566,0.8853537978910105
02312200,0.818136915564537,0.8669154047966003,0.010723307728767395,-8.859475702047348,-35.73694061251411,-17.25738917429662,0.8350314330326232,1.023498773574829,1.2857142857142858,29.201364517211914,0.9053906651154545
02314500,0.8456403166055679,0.9932254552841187,0.02373330481350422,-0.43506002984941006,-17.635955945447442,-79.83147898317895,0.9113927400512806,1.0425987243652344,1.875,30.316054821014404,0.9226003828047757
02315500,0.8554130345582962,1.1003745794296265,0.09124688804149628,17.694860696792603,-19.522678321983165,-216.75274981592477,0.7938542873036869,1.170685052871704,1.5,36.70509159564972,0.9426623039041503
02324400,0.6914745569229126,0.9815313816070557,0.06802553683519363,-10.049349814653397,-40.255794374213906,20.643815889713327,0.785850124600023,1.1469942331314087,1.05,49.454345703125,0.8453656742679991
02327100,0.5478897094726562,0.9640859365463257,0.1059633120894432,-2.279876172542572,-35.5607883371742,40.881516778048635,0.6707194110064734,1.2348599433898926,0.64,46.78346633911133,0.7720160239730307
02342933,0.7181558609008789,0.7851573824882507,0.03672951087355614,-22.964291274547577,-48.27020977833193,57.83600681356421,0.7124394363759788,1.119432806968689,0.3333333333333333,43.49468866984049,0.8507702038061942
02349900,0.725360631942749,1.1085162162780762,0.07041361182928085,11.104325950145721,-10.613205552503148,-35.7898406821693,0.7646339051934381,1.173461675643921,0.25,51.44405705588204,0.8836708270811467
02350900,0.8559403717517853,1.1189782619476318,0.09900526702404022,11.809767037630081,2.939273019955193,29.24873248286187,0.8153134704186823,1.1306647062301636,0.7692307692307693,27.071204552283657,0.9463341641405196
02361000,0.857547327876091,0.9970871210098267,0.08714156597852707,2.0268574357032776,-20.05499994005293,32.912625209420305,0.8490043584112416,1.1349756717681885,0.6451612903225806,28.981827151390817,0.9323777629361786
02363000,0.8253617733716965,0.7665230631828308,0.07510562241077423,-21.580366790294647,-31.641830054119964,59.027697545285605,0.7220798325733436,1.1309627294540405,0.5,31.114060084025063,0.9253213355041744
02369800,0.820572167634964,1.072800874710083,0.02131616696715355,8.344954252243042,-1.487174682148591,-39.52135808649683,0.8821745227847908,1.0450661182403564,0.2413793103448276,52.07747755379513,0.9190560644076111
02371500,0.8468053042888641,0.9729627966880798,0.05438753217458725,0.48554134555161,-23.188984687612532,10.562149235108697,0.8812398576089794,1.0864297151565552,1.4230769230769231,29.49661841759315,0.9231698926477249
02372250,0.7730709910392761,0.8252372741699219,0.007397357374429703,-13.437482714653015,-16.324800130560067,16.926434434287568,0.7881857747210037,1.0131511688232422,1.0,46.24861355485587,0.8810449561827455
02374500,0.6478999853134155,1.0634150505065918,0.027180267497897148,-3.9895322173833847,-20.91735599404131,11.906910269212151,0.8212815829074085,1.0353206396102905,0.43333333333333335,40.88417689005534,0.8366866313039625
02381600,0.4286278486251831,0.8358100056648254,0.11473330110311508,-21.048912405967712,-14.223765635096058,68.83875156813943,0.5920191393973233,1.1961878538131714,0.40625,49.327319860458374,0.6821944707930685
02384540,0.5914457440376282,1.1074072122573853,0.13195130228996277,7.605154812335968,3.000685185253894,51.68275900080728,0.687674750635896,1.2379804849624634,0.28125,39.41129744052887,0.8286055983339086
02395120,0.6966201663017273,0.7571932673454285,-0.024017537012696266,-27.094456553459167,35.77537335123529,-74.39349906484603,0.704372449121402,0.9498720765113831,0.34615384615384615,46.32605772752028,0.8389790985529864
02408540,0.8405008465051651,0.9882561564445496,0.08784259110689163,1.040007546544075,-8.937383736587218,53.10004461150124,0.8190282938188987,1.1634819507598877,0.25925925925925924,32.49309327867296,0.9232765202015342
02415000,0.8475496172904968,0.8990827202796936,0.08832918852567673,-8.595310151576996,-18.917841871348696,59.53096332054304,0.7907070337977605,1.1674139499664307,0.17857142857142858,33.42540264129639,0.9252215424589231
02422500,0.7553846389055252,1.1104815006256104,0.17733873426914215,11.203409731388092,-11.185437045080722,-16.603510411431056,0.6796424086703452,1.2867674827575684,0.23076923076923078,45.353126525878906,0.909516658025142
02427250,0.8193603008985519,0.849093496799469,0.034376148134469986,-15.299692749977112,-7.771615362766172,23.99896136840976,0.7999852875248814,1.0933812856674194,0.5862068965517241,37.143552714380725,0.9077338199263006
02430085,0.4384591579437256,1.0621589422225952,0.02083236537873745,2.283925376832485,-26.7805943847875,-22.464743909887076,0.7280325673184858,1.0359547138214111,0.4,71.44157409667969,0.7376837616632121
02430615,0.2752801775932312,1.1229779720306396,0.045408446341753006,9.343578666448593,-6.64365335209672,16.735725242649924,0.6543371799798527,1.0715391635894775,0.4,83.61807141985213,0.6849740461288468
02450250,0.8123825788497925,0.9610401391983032,0.06182777136564255,-3.8189299404621124,-30.44661718899374,47.97876213438158,0.8184400767391571,1.149842619895935,0.10344827586206896,23.55701183450633,0.9051668610478494
02464000,0.830313190817833,0.9062533974647522,0.06030908599495888,-10.70975735783577,-13.88113719843694,67.09791115877287,0.8129407948420585,1.1366552114486694,0.06666666666666667,34.325551986694336,0.9132355260988776
02464146,0.5399717390537262,0.8968683481216431,-0.009763151407241821,-11.972107738256454,-5.9998882382377055,8.596826780492897,0.7285602492961216,0.9826017022132874,0.59375,58.90010595321655,0.7495190628467909
02464360,0.7381883561611176,0.8859944939613342,-0.024526968598365784,-10.84354966878891,-5.349905574452596,-15.828273069647855,0.8144114058847272,0.9572842717170715,0.125,36.35099530220032,0.859924172621361
02465493,0.6412059962749481,0.7993952631950378,-0.031005771830677986,-12.566615641117096,-2.8233289700494195,9.767531281945377,0.7142652560101803,0.9559252858161926,0.18181818181818182,34.89546053337328,0.8013558380823758
02469800,0.7987636029720306,0.8659181594848633,0.035663582384586334,-15.811985731124878,-24.95706867370596,39.53819161003333,0.8109232518440335,1.0820343494415283,0.37037037037037035,33.51940578884548,0.8949169744962896
02472000,0.874020904302597,0.9440381526947021,0.07040023058652878,-3.4297630190849304,0.24248706924212401,-19.55353319280009,0.8335494425586041,1.1437891721725464,0.75,24.590437752859934,0.9375601594759901
02472500,0.8212121278047562,0.8513126969337463,0.02898211032152176,-15.973176062107086,37.30476830276015,-62.54056265714302,0.817247597425337,1.053971529006958,0.4642857142857143,36.29829542977469,0.9084707663620699
02479155,0.6672354638576508,1.2405678033828735,0.07130318880081177,20.81255167722702,-16.766037886683723,23.687477958207655,0.6807527913786633,1.1795014142990112,0.16129032258064516,41.97371390558058,0.8912564739733481
02479300,0.8367295414209366,0.9303871989250183,0.0334881953895092,-5.609352141618729,-4.455161657503189,-23.464252209248087,0.8770682647730695,1.0558558702468872,0.5333333333333333,27.869237263997398,0.9154636692814144
02479560,0.817427009344101,1.0063480138778687,0.05747979134321213,5.198570340871811,-19.093823352604137,-10.626970405907894,0.871905678141002,1.091859221458435,1.064516129032258,31.753115500173262,0.9109509042978361
02481000,0.7020488381385803,1.0400606393814087,0.06815198063850403,-0.05406696582213044,-28.89951653646859,8.089757759193184,0.7739403063058148,1.1727218627929688,0.21212121212121213,36.14172790989731,0.8597670210015189
02481510,0.7696781754493713,1.0527145862579346,0.0832955613732338,-2.8751717880368233,-14.338801977466861,25.43655195087539,0.7909609786659029,1.1730313301086426,0.3225806451612903,39.37037683302356,0.8952209771146636
03010655,0.7776271551847458,1.0350476503372192,0.07917764782905579,1.466373074799776,-7.569609570113238,15.543056753945491,0.8406493166032688,1.1157147884368896,0.21428571428571427,25.260218552180696,0.8962002396830747
03011800,0.8028037399053574,0.9739808440208435,0.02213590405881405,0.5038148257881403,-14.714475793791209,23.399560758272305,0.8927513937454511,1.0264246463775635,0.21052631578947367,39.91649276331851,0.8993669779371786
03015500,0.8288682997226715,0.8999239206314087,-0.0056222183629870415,-8.43738242983818,-1.2471391527514724,-34.216636994001924,0.8655163865119128,0.9922203421592712,0.2857142857142857,30.017980848039898,0.9105008516302762
03021350,0.685127466917038,0.7197310924530029,-0.0632820725440979,-29.610970616340637,-10.15593802906403,-291.11468273460434,0.6588614841836988,0.8914756178855896,0.19444444444444445,41.44864347245958,0.8386082873179449
03026500,0.7480471432209015,0.9862513542175293,0.08537579327821732,-0.8227372542023659,-12.199422294597666,44.356112013578205,0.8309156977063016,1.1141884326934814,0.45714285714285713,39.1193471636091,0.8760585708477541
03028000,0.8104257583618164,0.8724870085716248,-0.01612088456749916,-11.897856742143631,-6.842560703257022,13.95084318883611,0.837040647655408,0.978532612323761,0.2571428571428571,36.74200330461774,0.9008267233579829
03049000,0.6786206960678101,1.107123613357544,0.0969754084944725,10.437609255313873,-13.217900183318093,32.702400640489095,0.7669869243434907,1.1562111377716064,0.12121212121212122,42.19023675629587,0.8642881533386648
03049800,0.33669668436050415,0.7230712175369263,-0.011113714426755905,-29.663056135177612,-33.87162799986992,83.42908524367458,0.508146352768148,0.9725108742713928,0.5757575757575758,63.8974526349236,0.5944450620378646
03050000,0.8075713068246841,0.9164636731147766,0.09238756448030472,-10.223469138145447,-21.354491026323362,67.97572889906999,0.796260477627041,1.1587932109832764,0.18181818181818182,23.078260999737363,0.9034795813679444
03066000,0.7357992231845856,1.131615400314331,0.10733950883150101,18.577952682971954,-10.974545859792837,44.05726107145178,0.7816617168844656,1.1397669315338135,0.32432432432432434,25.556257608774548,0.8960086680364179
03069500,0.8595584034919739,0.9801919460296631,0.03486017510294914,-0.6403468549251556,-5.900484915381094,30.766745304248467,0.9118790565836637,1.0485540628433228,0.16216216216216217,21.634975639549463,0.9291801959343291
03070500,0.8105569034814835,0.8961634635925293,-0.0040092202834784985,-11.551707237958908,-17.45493129080014,-0.6647034877520717,0.8559443590599991,0.9940440058708191,0.25,33.27898383140564,0.9003278999545627
03076600,0.6359664797782898,1.0410295724868774,0.11741840094327927,5.876276642084122,-12.514237510549783,-430.50259393911875,0.7537117671195868,1.1759189367294312,0.2413793103448276,34.74370035631903,0.832587349531503
03078000,0.7375787794589996,0.9651637673377991,0.04771954193711281,-0.6792929489165545,-16.26852992067876,16.685177102609547,0.8444530545499388,1.0706275701522827,0.25806451612903225,32.708555652249245,0.8658618791426773
03140000,0.6894732415676117,1.0411633253097534,0.07404638826847076,6.127151474356651,-23.66168442794801,47.09892051847447,0.7904116918729146,1.1449507474899292,0.24242424242424243,49.80474529844342,0.8543218604075125
03144000,0.780903086066246,0.8085625767707825,0.014723854139447212,-15.702462196350098,-1.7795302953032468,-6.826168805569703,0.7752646723334733,1.0340429544448853,0.21428571428571427,29.65150220053537,0.8873112350702074
03159540,0.700786679983139,1.0572478771209717,0.07300899177789688,0.14016337227076292,-29.017724031030625,73.95714447026606,0.7654800111315991,1.1812013387680054,0.25,35.37647724151611,0.8625649950971023
03161000,0.7887409031391144,1.153748869895935,0.05927412211894989,9.16079431772232,-13.46354197048258,-13.137479639390124,0.8176766446053453,1.0568965673446655,0.2222222222222222,32.67847432030572,0.9202135879207346
03164000,0.8555851876735687,1.0243315696716309,0.13305482268333435,2.30448842048645,-12.32797076187565,9.491041822951797,0.8549422684006369,1.129073143005371,0.2,20.556674684797013,0.9384382913753813
03165000,0.6253559589385986,1.0120954513549805,0.04666723683476448,2.844597026705742,22.93065823308417,-15.219966183231353,0.8063864845733839,1.059226155281067,0.24324324324324326,42.53291310490789,0.8160648050453781
03170000,0.7447848916053772,1.105035662651062,0.13545015454292297,8.759069442749023,-17.285607717418742,34.909557529517535,0.7909958152821128,1.1490252017974854,0.20588235294117646,28.711801416733685,0.897815128173199
03173000,0.8457668274641037,1.00308358669281,0.08871255815029144,1.4181177131831646,-13.857429633505047,1.3299076404765873,0.833985670724829,1.149094820022583,0.07407407407407407,24.437840779622398,0.9270480729505629
03180500,0.8367545753717422,0.9863536357879639,0.012911811470985413,-0.06752045592293143,-5.173798631235016,32.104969776080125,0.9139245704358386,1.020110845565796,0.06666666666666667,23.960976600646973,0.91742694017371
03182500,0.8718678653240204,0.9511862397193909,0.02775292657315731,-8.80906954407692,-11.773217727607884,15.126785209707746,0.9053152274461618,1.0476067066192627,0.1724137931034483,24.21169774285678,0.9343035431266895
03186500,0.726333886384964,1.064002275466919,0.07480690628290176,7.153457403182983,-10.678862493161107,33.13050156874458,0.8223298608096783,1.109920859336853,0.3235294117647059,42.252248876235065,0.8759524616221157
03187500,0.7407803535461426,1.0270771980285645,0.026362163946032524,4.933802038431168,-4.8155034072167116,52.72561336815972,0.8664956625454963,1.036613941192627,0.2222222222222222,32.61808289421929,0.8745023793993258
03213700,0.853977769613266,0.9445964694023132,0.045627180486917496,-3.9268456399440765,2.0264602111721435,10.29789368070669,0.8847417700095539,1.0682255029678345,0.27586206896551724,27.385652476343616,0.9254333243155647
03237280,0.3370799422264099,0.9273899793624878,-0.0235416479408741,-15.218503773212433,-37.064298889107114,-21.737841010182265,0.6330524652471144,0.9377843141555786,0.2903225806451613,51.372992607855025,0.6457296419411462
03237500,0.7870885878801346,0.9209773540496826,0.019066182896494865,-6.1827559024095535,-15.963042093806425,26.138831943084757,0.8523795318433947,1.054796814918518,0.27586206896551724,41.506214799552126,0.8879976200227344
03238500,0.7105530202388763,1.0127824544906616,-0.001070668688043952,-4.776414483785629,21.637665744844266,13.29993765397627,0.8565768072478313,0.9967595338821411,0.24242424242424243,43.69853337605794,0.8571843129913281
03241500,0.8002573400735855,1.02655029296875,0.004700051620602608,2.2944046184420586,-17.54503824564306,-14.043801538483688,0.8991207464012859,1.008687138557434,0.27586206896551724,36.590260472790945,0.9030657987416663
03280700,0.652177482843399,0.8902822136878967,0.0733395591378212,-9.230633080005646,-17.56485919889822,44.67365337764487,0.7187204390655764,1.180684208869934,0.32142857142857145,36.59795692988804,0.8144375699898285
03281100,0.8148163557052612,0.9545567631721497,0.03979955241084099,-2.8864048421382904,-17.016334036292164,59.44730378749774,0.8591413276737543,1.0934573411941528,0.1111111111111111,24.63888062371148,0.9049116033732808
03281500,0.8599999845027924,0.9470410346984863,0.01739332266151905,-7.3037199676036835,-11.406844885410463,79.32648208522326,0.9036470890942574,1.0354359149932861,0.7096774193548387,25.215938014368856,0.9277260256884151
03285000,0.777712270617485,0.8183014988899231,0.023793933913111687,-19.295835494995117,-20.426516914847188,62.72801242514945,0.7754951725974082,1.0639766454696655,0.0967741935483871,29.487363753780244,0.8846957890800702
03291780,0.6824283599853516,0.9700340628623962,0.0017923573032021523,-4.951547086238861,-21.28581334561863,-13.283504653495024,0.8339708000945075,1.0049852132797241,0.1935483870967742,41.13688622751543,0.836773514767735
03300400,0.8411861807107925,0.984096884727478,-0.00041396572487428784,-11.113887280225754,-29.186937825386742,-12.258029924955096,0.917876933298365,0.9989398717880249,0.09375,33.00410509109497,0.9194384388353586
03338780,0.8053362667560577,0.894761860370636,-0.022782139480113983,-10.491320490837097,-14.60254666055498,5.767706367257143,0.8455396780698776,0.9518598318099976,0.41379310344827586,32.78184430352572,0.897699221778396
03340800,0.7166115045547485,1.0431751012802124,0.018689386546611786,-4.007983207702637,-27.923482416484287,10.130885542430788,0.8513396037995826,1.0455321073532104,0.10344827586206896,40.71994978806068,0.8652311192155838
03346000,0.8551636338233948,0.8876274824142456,0.009548847563564777,-11.098891496658325,-23.85220025366348,-94.0404534621908,0.8620310418917657,1.0294830799102783,0.25925925925925924,29.003641340467667,0.9255782377801012
03357350,0.60036301612854,0.8941323161125183,0.00804260466247797,-8.583500981330872,-39.445454006863045,77.01772182581867,0.7571607588533475,1.024463176727295,0.34375,54.11839485168457,0.7828261444524424
03364500,0.7028378248214722,0.9615016579627991,0.01664665713906288,-1.7779253423213959,-35.06343935817317,-11.39928641487481,0.8358095940360984,1.0433436632156372,0.23333333333333334,42.129408518473305,0.8463845908444504
03366500,0.8555077314376831,0.9920697808265686,0.03522227704524994,-1.2538577429950237,-20.617219778947053,-92.61972029470587,0.8772955226824755,1.098921537399292,0.0967741935483871,32.05536873109879,0.9278333192103952
03368000,0.6283900439739227,0.8957539796829224,0.03846845403313637,-12.683729827404022,-25.830172465687014,-18.219491722192117,0.7373608688156025,1.1337802410125732,0.5806451612903226,47.86250822005733,0.7994634008666637
03384450,0.6712038815021515,0.9970727562904358,0.041847389191389084,-1.6837900504469872,-21.47827037361947,-2.6675281355642158,0.7852905665060392,1.1385501623153687,0.25,41.60897135734558,0.8360017542839334
03439000,0.7783089280128479,1.0212442874908447,0.05566002428531647,-5.109512805938721,6.11399758437148,21.65711112759265,0.8775344764542454,1.0560342073440552,0.2571428571428571,36.776981353759766,0.893198069710021
03450000,0.7591719478368759,1.1390551328659058,0.11754438281059265,15.976788103580475,-20.48515560232439,22.373986664858343,0.7586606703635624,1.1749228239059448,0.25,45.06810009479523,0.9088388913528351
03455500,0.6125529408454895,1.0481218099594116,0.07337706536054611,2.7668818831443787,-1.029105744965094,27.7287467046322,0.7873810100131158,1.1003674268722534,0.4722222222222222,42.420729001363114,0.81884397351367
03456500,0.796539306640625,0.8823996186256409,0.059589166194200516,-16.333404183387756,-10.361403393052544,-3.606545742755632,0.817562297017377,1.0913023948669434,0.22580645161290322,35.859495593655495,0.8945602614677854
03460000,0.7613802999258041,1.0458714962005615,-0.002138613723218441,3.7774700671434402,-1.3983087721961662,-4.644429764783486,0.8779628541013086,0.9979244470596313,0.20588235294117646,36.6277722751393,0.8869311586005584
03463300,0.7341113686561584,0.8655261993408203,0.029414242133498192,-3.2928362488746643,-8.411467717731142,11.327987864339867,0.7958097201537777,1.0571008920669556,0.36363636363636365,38.139944365530305,0.8573467299880172
03471500,0.6285929381847382,1.1573607921600342,0.1944744884967804,14.78683203458786,1.5966315175986148,-14.225907829765433,0.6839070472129989,1.2394829988479614,0.27586206896551724,29.376092450372106,0.8665825005662333
03473000,0.7544014006853104,1.0827462673187256,0.14059236645698547,6.379169225692749,-0.7187259841846005,11.324997369061622,0.7949534133067543,1.1580218076705933,0.13333333333333333,29.371217091878254,0.8988749968608813
03479000,0.7993123680353165,0.9906993508338928,0.08179990947246552,6.091813743114471,11.785496874308501,21.30321530584768,0.8260884832036872,1.1434612274169922,0.2222222222222222,40.63177903493245,0.9021348385405039
03488000,0.8666114211082458,0.944421112537384,0.047043073922395706,-3.269309177994728,2.332483732033318,11.203587404547893,0.8834635435390737,1.0767674446105957,0.2,24.09767468770345,0.9321878152479487
03498500,0.8494977504014969,0.9156123995780945,0.03461546078324318,-3.5502810031175613,-10.843015471404675,24.206180574059776,0.8742785766895197,1.051537275314331,0.13793103448275862,26.372117009656183,0.9223564656431674
03500000,0.8325881958007812,1.107932209968567,0.09245443344116211,6.6802263259887695,-6.1990272845957035,32.55830991188543,0.8485710434997076,1.082870602607727,0.15151515151515152,21.9811453963771,0.9335633373693348
03500240,0.8382541686296463,0.956996738910675,0.03142920508980751,-6.3057854771614075,-12.88326146327417,26.992267232515943,0.9013507930326877,1.0314528942108154,0.19444444444444445,36.00898053910997,0.9169752987555738
03504000,0.8178280889987946,0.9515151381492615,-0.0707646831870079,-6.409433484077454,-5.431727374430758,-1.748903689475037,0.8813981085339668,0.9427526593208313,0.2972972972972973,35.606007962613496,0.9081394055331737
03574500,0.7974521219730377,0.9359989166259766,0.039542362093925476,-9.599269181489944,-17.950047640004282,-7.042389658724383,0.8488005905756316,1.0877681970596313,0.17857142857142858,29.131398882184712,0.8948245925982181
03592718,0.6255556643009186,0.9211328625679016,0.030665209516882896,-13.173188269138336,-31.93920241529583,28.63392498360155,0.7736887713552405,1.072458267211914,0.17647058823529413,51.18960773243624,0.8006346410315623
03604000,0.7019866406917572,1.1342319250106812,0.012806335464119911,8.942250162363052,10.969699658629798,-52.51622408199788,0.8158122620312919,1.0262666940689087,0.3793103448275862,42.898740439579406,0.8766429008583344
04015330,0.7444736063480377,0.9591721892356873,0.06047255918383598,-3.898879885673523,-9.696592206220279,89.08992578884126,0.8013193569940134,1.1442084312438965,0.5714285714285714,39.67828092903927,0.8695737138010893
04024430,0.7889543622732162,1.0766019821166992,0.09928400814533234,3.212183713912964,8.245274035519184,27.297903563208852,0.7735977806301695,1.1927732229232788,0.5517241379310345,29.19500942887931,0.9092884472895011
04027000,0.8365800678730011,1.0217856168746948,0.030039748176932335,0.7053523790091276,22.61539273453022,19.69396547804759,0.8999348726103582,1.0570164918899536,0.6428571428571429,33.60425404139927,0.9207060136614567
04040500,0.8617899268865585,0.97059565782547,0.04840643331408501,-0.1658026361837983,-17.675908859201545,63.93973431939474,0.8892153302686614,1.081067681312561,0.75,20.112289985020958,0.9304539091294847
04043050,0.818663477897644,0.8405539393424988,0.010557655245065689,-20.679430663585663,9.351691735289483,10.465136478217788,0.8146444129255598,1.018558144569397,0.52,35.214378356933594,0.9073218328264083
04045500,0.7919780910015106,1.1911367177963257,0.176668182015419,18.74082237482071,-5.090350666316134,17.428200177162392,0.7306325012356915,1.1804392337799072,1.44,20.322370529174805,0.9411163230299983
04056500,0.6679993867874146,1.2460203170776367,0.1744125485420227,26.103481650352478,-1.799989135530878,0.1920397849512788,0.6941779249190945,1.1537675857543945,1.0869565217391304,29.611398862755816,0.9032700937503034
04057510,0.6862929165363312,1.188537359237671,0.1297876089811325,19.610212743282318,-1.8347000366800807,20.0334617078065,0.7453885026469349,1.1311323642730713,1.3571428571428572,27.310839721134734,0.8900682857578857
04057800,0.7782006114721298,1.0473151206970215,0.10840261727571487,5.1713913679122925,-2.571006864165031,21.37155905739032,0.7920635283419248,1.1765109300613403,0.6521739130434783,29.456117878789488,0.900789379762465
04059500,0.7830270975828171,1.0758813619613647,0.10653068870306015,10.648424178361893,-8.289111403829196,64.29874454218923,0.7937869160502076,1.1677446365356445,1.0,28.84065586587657,0.9071151690936728
04063700,0.637154221534729,1.1217707395553589,0.24095311760902405,14.457480609416962,0.9091883084506205,-0.4103430432270733,0.6501070571347183,1.301485538482666,0.75,42.88118680318196,0.8707582554246303
04074950,0.8037539422512054,0.9334372282028198,0.12821249663829803,-1.101933978497982,-9.297830128602458,28.89754017986837,0.860431289120304,1.0788911581039429,0.9629629629629629,17.736807575932257,0.9060584881944336
04105700,0.6961898803710938,0.9200538396835327,0.2742004990577698,-1.1025614105165005,-19.016126429979316,16.335619071815024,0.8095359633803891,1.1236907243728638,0.2972972972972973,17.302130364082956,0.8792284578213625
04115265,0.49333202838897705,1.185602068901062,0.2743692100048065,21.390466392040253,-4.295875323203295,7.342795005525354,0.6887358574258607,1.1855107545852661,0.16666666666666666,26.54758294423421,0.832599287918884
04122200,0.6185127198696136,1.1070891618728638,0.33084961771965027,12.525524199008942,-8.149272082322735,27.974153553139512,0.776716228453424,1.156651496887207,0.7666666666666667,22.7988068262736,0.8823230584675634
04122500,0.6624341905117035,1.0902878046035767,0.24327276647090912,16.984140872955322,-13.345762771161926,12.407912941978132,0.8144270857698166,1.1045347452163696,0.8333333333333334,17.623709042867024,0.876072981645252
04124000,0.7299671471118927,1.1670575141906738,0.13733726739883423,12.863709032535553,3.5533768927270115,13.410179746964939,0.8039619669000951,1.0370588302612305,0.8571428571428571,12.060938562665667,0.9043478151123482
04127918,0.3828551769256592,1.3739618062973022,0.18027232587337494,40.42941331863403,5.221457291536565,0.6712049691781196,0.5295762788970689,1.2350531816482544,0.5666666666666667,37.231648763020836,0.8381326264986672
04127997,0.5287714600563049,0.9927683472633362,0.43458104133605957,2.8715668246150017,-9.161306550512709,25.329655703991204,0.8106366311855812,1.1248573064804077,0.4166666666666667,17.13658173878988,0.8578140595350601
04161580,0.6220362484455109,0.9615478515625,0.08436815440654755,-3.4506723284721375,-9.523446858268594,-2.0872063343970266,0.7848421541065156,1.0890157222747803,0.75,34.19584333896637,0.8079309183705924
04185000,0.8451763242483139,1.02692711353302,0.04141543060541153,9.49598252773285,-10.0521574852274,34.49760745899784,0.8993081392234228,1.0625224113464355,0.7428571428571429,24.131717681884766,0.925806135948742
04196800,0.8182788789272308,0.8409082293510437,-0.02602699212729931,-16.309455037117004,-15.070261393793356,-109.7868175077414,0.8066422107967702,0.9408174157142639,0.25806451612903225,36.24446007513231,0.9074015935633757
04197100,0.7485842704772949,0.7901979088783264,-0.0203794427216053,-22.818495333194733,-27.14179478844563,16.47412558129357,0.7480805871790956,0.9521095752716064,0.36666666666666664,45.69063186645508,0.8690306129802224
04197170,0.7408911287784576,0.7869831323623657,-0.027498625218868256,-24.257057905197144,31.563389688834988,-310.6640210911094,0.7317178576391262,0.9089517593383789,0.25806451612903225,48.039516325919855,0.8646879906142316
04213000,0.7145695984363556,0.8613371849060059,0.001360412803478539,-16.068829596042633,-13.060777190855102,-286.74634500296673,0.7923650112287145,1.0024603605270386,0.53125,40.38854241371155,0.8454721419991281
04213075,0.37981271743774414,0.8178263902664185,-0.05536545813083649,-20.674613118171692,23.780146153488786,-455.9687565879249,0.5873564018626679,0.9018389582633972,0.5882352941176471,48.54421054615694,0.6429959035451475
04216418,0.7040041089057922,0.9292340278625488,0.04071368649601936,-10.86011677980423,-4.287629890792859,11.755596821617633,0.8172507165828249,1.0644400119781494,0.35294117647058826,38.218186883365405,0.8443177510658699
04221000,0.8034434169530869,0.8784136176109314,-0.027158640325069427,-13.19553256034851,-6.127757537708548,4.861358855728993,0.8352233359108141,0.958173930644989,0.22580645161290322,29.55873858544134,0.8969530176656813
04224775,0.6618551015853882,0.7891901731491089,0.02570546604692936,-23.362642526626587,-6.227536175048767,-28.94169370753268,0.7157483112533027,1.0434547662734985,0.3,44.100001653035484,0.8143392266886671
04233000,0.6606179177761078,0.820612370967865,-0.09327485412359238,-17.65785664319992,0.14567176692373887,-3.9064860416752127,0.7072082842362978,0.8569349050521851,0.375,41.789430379867554,0.8181224423474562
04256000,0.8240282237529755,0.9209632277488708,-0.009249412454664707,-8.943179994821548,-0.48966565324877814,-17.960288165651157,0.8781431903263356,0.9890426993370056,0.45714285714285713,27.432994842529297,0.9079010952391531
04296000,0.8243681788444519,0.8808056116104126,-0.07596103847026825,-6.133829802274704,-12.811168219493254,13.851231255376339,0.8269044955030667,0.9108517169952393,0.47058823529411764,30.167153302360983,0.9116408743208538
05056000,0.6487525105476379,0.6143847107887268,-0.13841880857944489,-41.389042139053345,-27.67935762746106,-170.90108885748464,0.4639661979335844,0.6588859558105469,1.625,62.03156113624573,0.8507542478292961
05057000,0.6518070697784424,0.6730818748474121,-0.17612242698669434,-32.252687215805054,-17.27890385045989,-250.19526404853826,0.4819733763367323,0.6297686100006104,1.9230769230769231,54.64811325073242,0.8437795143721492
05057200,0.5661525130271912,0.53699791431427,-0.13366855680942535,-46.9405323266983,11.11749962915249,-123.49440589787785,0.3146256532063466,0.5308212637901306,1.4545454545454546,57.803617824207656,0.8122811214022395
05062500,0.5574146211147308,0.6386290192604065,-0.18430982530117035,-39.43576514720917,13.173377507955855,-14.347460778174012,0.4891324515003367,0.7118775248527527,1.5,51.168143230935804,0.7823256889194685
05087500,0.4121794104576111,0.4243933856487274,-0.11683685332536697,-61.80529594421387,-13.676866860661837,12.36230476553882,0.27580520494522986,0.6664195656776428,1.5454545454545454,69.57203258167614,0.7138894959341874
05120500,0.5112878382205963,1.099186897277832,-0.004440870136022568,6.981097161769867,-53.28879665347611,-17.030572131057752,0.760310144920318,0.9870880246162415,1.1818181818181819,46.869217265735976,0.782177900735015
05123400,0.6123148500919342,0.7433763742446899,-0.07902372628450394,-27.714014053344727,-79.88155379874699,-104.32869037432653,0.5973418016403791,0.7736777663230896,1.6153846153846154,53.961643805870644,0.7877355753926052
05129115,0.73538938164711,0.8943259119987488,0.10183295607566833,-12.758363783359528,2.3838999047399665,63.90757924941145,0.797827210540664,1.1060124635696411,0.8181818181818182,31.701087951660156,0.8641023124156694
05131500,0.8290299773216248,0.9441606402397156,0.03605432063341141,-5.137449130415916,-15.683825962050285,1.8347224081104847,0.8807133681607003,1.0577219724655151,0.8846153846153846,28.191340886629547,0.9117988643394176
05291000,0.6144131124019623,0.6781741380691528,-0.017768921330571175,-23.240812122821808,25.913214873710505,-299.5104062238328,0.6111771608788448,0.9330940246582031,0.6923076923076923,58.16752727215106,0.7923105556888702
05362000,0.8040957152843475,1.0919383764266968,0.07338187843561172,8.420881628990173,-6.150170878542161,8.25390578503153,0.7995467583258733,1.1574119329452515,0.4074074074074074,51.52438834861472,0.9166314183632198
05393500,0.834537073969841,0.9291484951972961,0.029223859310150146,-7.495938986539841,8.520347321936189,39.93875468553833,0.8717175550978304,1.0637277364730835,0.27586206896551724,30.23854288561591,0.9141208666713048
05399500,0.7169209420681,0.8796912431716919,0.043266937136650085,-15.903839468955994,-3.1628921767781404,-333.05946086496283,0.756648925494593,1.1475167274475098,0.34615384615384615,42.51127243041992,0.8483940515133384
05408000,0.6943322718143463,0.9280228018760681,0.04637313261628151,8.581097424030304,-4.732527194188166,-2046.0274975428315,0.8131900501633793,1.0622947216033936,0.14285714285714285,32.59503160204206,0.8392623007239911
05412500,0.7849277704954147,1.050610065460205,0.03457290306687355,10.62706634402275,3.4338815211268385,-1.420097128824917,0.8738620736888922,1.0568811893463135,0.782608695652174,33.69639438131581,0.8994319731389293
05413500,0.606465756893158,0.9090232849121094,-0.02939688041806221,-1.6282301396131516,-13.117689985333161,-1924.7093878857393,0.7669902794136435,0.9637611508369446,0.19230769230769232,40.1147328890287,0.788567947058905
05414000,0.36158233880996704,0.8984896540641785,0.005691047292202711,2.5807753205299377,-6.342086031284658,-1547.3836502926629,0.6359465670734513,1.0081238746643066,0.42857142857142855,60.475581032889224,0.6504795365732736
05444000,0.5823429226875305,0.8545493483543396,-0.04892808943986893,-14.521721005439758,-6.687493955955653,12.971337394944257,0.7161325602887267,0.9209340810775757,0.391304347826087,50.66481880519701,0.769406392696938
05454000,0.6517611145973206,0.8675562739372253,-0.03401731327176094,-11.58464252948761,-27.393375109003482,-4.322698427385559,0.7546868331739174,0.9189698100090027,0.23076923076923078,53.15832724938026,0.810075495117473
05458000,0.75078384578228,1.0601776838302612,-0.025265824049711227,5.679503828287125,-2.8583249404867055,20.058401946354902,0.8553517177073812,0.9371073246002197,0.38095238095238093,41.61299296787807,0.8844738846836433
05466500,0.7332490682601929,0.9527923464775085,-0.0029782189521938562,-5.725308507680893,-17.27415109516279,-31.204471629021608,0.8533032975881372,0.9951780438423157,1.0,40.825248586720434,0.8611903869098815
05487980,0.6969666481018066,1.112154245376587,0.058290351182222366,7.776174694299698,-15.33688566787123,-275.5211454849589,0.7485141005396427,1.1844221353530884,0.16,49.633365631103516,0.8709455197864081
05488200,0.6284566223621368,1.0537339448928833,0.013390450738370419,4.021177440881729,-18.446100278190002,1.320033589102177,0.8113399987571907,1.0462067127227783,0.125,69.42097345987955,0.8251566445799554
05489000,0.664503276348114,1.129804253578186,0.07726923376321793,6.979497522115707,-30.0719251380844,53.87389947448412,0.6788834766101131,1.2590725421905518,0.24,39.74346160888672,0.8616233573541309
05495000,0.7943796813488007,0.9759942293167114,0.03445417061448097,-5.392417684197426,-15.314062625156089,-121.81334812390241,0.8498872568270334,1.105122685432434,0.4230769230769231,31.693777671227085,0.8955644713505604
05495500,0.8065225034952164,0.876386284828186,0.010977322235703468,-12.57043331861496,-27.39795498780761,-117.17140670062123,0.8347911413421133,1.0411295890808105,0.25806451612903225,39.15463109170237,0.8984028873318395
05501000,0.784732386469841,1.0110201835632324,0.03952788561582565,2.48519703745842,-10.649621935663562,-154.39562795006447,0.8224168467636364,1.1423274278640747,0.17391304347826086,45.769770249076515,0.8943721857406909
05503800,0.6515746712684631,1.026650309562683,0.061966996639966965,0.05731546552851796,-34.575285269801526,-29.333045717381008,0.6827858031019824,1.2680801153182983,0.11538461538461539,41.70983754671537,0.8325256452921963
05507600,0.7388266921043396,0.7638648748397827,-0.016402771696448326,-24.320441484451294,-20.430205160104816,1.5184228581437937,0.7171631408819196,0.9212242960929871,0.14814814814814814,52.060007165979464,0.8657193982166299
05508805,0.744594544172287,1.003443717956543,0.03868898004293442,0.9176372550427914,-8.909175757882844,8.704141708782027,0.7994211891287856,1.155610203742981,0.3076923076923077,42.165594834547775,0.8734872944395933
05514500,0.7662774622440338,0.8780300617218018,0.009145251475274563,-14.833244681358337,-14.05365088693695,-151.55670610465822,0.8231231855408628,1.0298272371292114,0.19230769230769232,35.678881865281326,0.8754244101966107
05525500,0.800833985209465,0.8922417163848877,0.009489133022725582,-13.600689172744751,-19.504066071913094,-57.06132659344534,0.848231530877533,1.0196425914764404,0.25925925925925924,34.52547921074761,0.8949476838323309
05556500,0.7086493074893951,0.7140891551971436,-0.058061446994543076,-22.897203266620636,-37.355548891610674,-214.8163787986759,0.6538337812823045,0.8687233924865723,0.16,40.19875717163086,0.8555960799521363
05584500,0.8279906660318375,0.8225288987159729,-0.04320921748876572,-19.668015837669373,-20.585473316801785,-26.64535602901261,0.7785974719229619,0.897922158241272,0.4666666666666667,38.0389149983724,0.9157195048079433
05585000,0.811010867357254,0.9446086287498474,0.0011804528767243028,-3.146006539463997,-15.561135959172933,-324.2133186828552,0.8870454654773161,1.00241219997406,1.3225806451612903,36.09187218450731,0.901589105524088
05591550,0.7028511166572571,0.7051932215690613,-0.04888062924146652,-34.06364321708679,-49.483897721578295,72.95868017041894,0.6448277580425845,0.8676429390907288,0.2413793103448276,61.27836293187635,0.8526300801530796
05592050,0.7641077190637589,0.9568092226982117,0.009085926227271557,-6.110774353146553,-35.08339738322772,-8.668536927858824,0.8672936763224917,1.0282825231552124,0.21428571428571427,30.008319446018767,0.8777477035633202
05592575,0.67298623919487,0.9955129027366638,0.04586446285247803,-3.952018916606903,-35.567257390609,-37.739746413342864,0.7572151614229558,1.1797151565551758,0.3333333333333333,46.81682586669922,0.8368227763890455
05593575,0.8232750296592712,0.9694265723228455,-0.0045852926559746265,-3.2935719937086105,-12.38192160214195,4.173794349445312,0.9028322066787307,0.983021080493927,0.07407407407407407,40.22337595621745,0.909343715764427
05593900,0.7006584703922272,0.8105517625808716,-0.008333801291882992,-21.479083597660065,-29.268023668056152,-4.250544595486379,0.748391562017316,0.9680700302124023,0.1111111111111111,41.36828316582574,0.837529545971476
05595730,0.8430245816707611,0.8621578216552734,0.021133307367563248,-8.37748646736145,-41.42634880571721,-24.91147733743514,0.8156260858197448,1.0929080247879028,0.16666666666666666,35.08971532185872,0.9202417839383358
06037500,0.7861448377370834,0.8290284872055054,-0.14255766570568085,-14.565396308898926,-24.55015044663585,55.99654604194387,0.7907542762535191,0.9312019348144531,1.0,18.589724600315094,0.9009074122566386
06043500,0.9300882294774055,0.9297997355461121,-0.02843383140861988,-3.6853674799203873,4.369895594191404,11.571938547303152,0.9143005623195183,0.9649948477745056,0.8666666666666667,21.78427537282308,0.9654897724286707
06154410,0.607747495174408,0.6000046133995056,0.08590075373649597,-35.226163268089294,6.505261725063784,-250.3845742356726,0.5120287330738714,1.2073699235916138,0.9090909090909091,64.46972760287198,0.8126037278027647
06188000,0.902080237865448,0.8386187553405762,-0.006235212087631226,-18.48984658718109,-24.205740554074065,9.302637411447234,0.8326033352939424,0.988029956817627,0.6666666666666666,22.57656415303548,0.9571694584075849
06191500,0.9105425626039505,0.8040215969085693,-0.10480029881000519,-19.508768618106842,1.415971293110211,47.955436981192115,0.7607137988829334,0.8649832606315613,0.9333333333333333,21.482971509297688,0.9750835063244235
06221400,0.8965060636401176,0.8474081754684448,-0.03002109006047249,-20.121873915195465,-16.469865434622758,50.881132385635496,0.8352265470647738,0.9590575695037842,1.4375,40.965402126312256,0.9532053073159914
06224000,0.861842006444931,0.9113306999206543,-0.022403854876756668,-10.229307413101196,-8.017687855770566,11.450029542756697,0.8812673852182168,0.9658802151679993,1.3333333333333333,35.335121154785156,0.9287888399239541
06278300,0.751794770359993,0.9997352361679077,0.039099544286727905,-10.097701847553253,20.73564444950903,-821.0566797955333,0.8430026808041751,1.0970964431762695,0.8666666666666667,30.968538920084637,0.876629140972001
06280300,0.8743177205324173,0.9012455344200134,-0.05486085265874863,-4.814456403255463,-15.910092966070591,13.995758137209899,0.8570891832097107,0.9178632497787476,0.7333333333333333,29.05019442240397,0.9373532814365312
06289000,0.8084799647331238,0.9373536705970764,-0.037258442491292953,-15.4728502035141,27.929769635383657,56.167242798202125,0.8740738874223963,0.9545339941978455,0.8571428571428571,30.52448204585484,0.9006739432090142
06291500,0.7966133952140808,0.9840396642684937,0.003940184600651264,-2.6508206501603127,-5.896755742691865,72.02057864769455,0.8954161311991037,1.0056307315826416,0.7142857142857143,23.344363485063827,0.8967946311544552
06311000,0.7743737250566483,0.8024164438247681,-0.013973446562886238,-23.189830780029297,-9.91263928527522,43.99384179475426,0.7690103279546339,0.9712331295013428,0.7333333333333333,36.27455711364746,0.8838559769833666
06332515,-0.6839185953140259,1.2980937957763672,0.13022629916667938,29.77445423603058,112.87771631711014,16.330293500293607,-0.10616840255686588,1.874793529510498,0.7333333333333333,56.73987070719401,0.3921473003585395
06339100,0.27275192737579346,0.7315333485603333,0.0435025654733181,-8.412658423185349,-22.08210193607652,-11.035470787803291,0.3917729617624721,1.3138313293457031,0.6666666666666666,56.76364262898763,0.5534849567718053
06339500,0.5868368148803711,0.8379676938056946,0.03839365765452385,-2.475285530090332,-5.013770959791891,-65.65754566428659,0.6491947026216172,1.2095668315887451,0.8666666666666667,53.28705151875813,0.7700181930761805
06344600,0.1317504644393921,0.7437924742698669,0.02783704735338688,-12.828686833381653,-26.89529113459691,-19.067489441621788,0.3737019640000684,1.189916968345642,0.7333333333333333,51.055504480997726,0.4609837861520164
06350000,0.6211603879928589,0.7668061256408691,0.030231017619371414,-7.912784069776535,19.79982402764576,-211.05274145570633,0.6157253440098928,1.220860242843628,1.3076923076923077,56.31817670968863,0.7890299041836809
06352000,0.5969915688037872,0.6019904017448425,0.0011671875836327672,-31.829452514648438,-14.665161951289472,-84.43322803723163,0.5530633674496488,1.0082781314849854,1.5454545454545454,65.99368182095614,0.796844429681751
06353000,0.5868809819221497,0.541397750377655,-0.004294840153306723,-36.75861358642578,-23.306803972926062,-15.340518225441437,0.503917258584323,0.97337806224823,1.0833333333333333,57.940661907196045,0.8127212361153601
06354000,0.5992278456687927,0.57112056016922,-0.004483021330088377,-29.834261536598206,16.333229527918665,18.591565665209643,0.5303044305441117,0.9745715856552124,1.3636363636363635,62.58614280007102,0.8101849589710096
06360500,0.5357225239276886,0.5353674292564392,-0.04139989614486694,-43.235257267951965,3.205016509570149,6.451505141707055,0.45029765060368343,0.8177569508552551,1.7857142857142858,65.9801755632673,0.7696161503609983
06404000,0.6836626529693604,0.955258846282959,-0.029882175847887993,-3.27322818338871,-40.68136372944585,-12.79052458722748,0.811112188800413,0.9177770018577576,0.5714285714285714,45.90564455304827,0.8359383866946941
06406000,0.3365897536277771,0.9780802726745605,-0.1938806027173996,7.273593544960022,-42.80905669052001,-224.2441627937995,0.5283894143389094,0.653961718082428,0.6666666666666666,54.21119530995687,0.6803226978512391
06408700,-0.5388081073760986,0.41510069370269775,-0.3960190415382385,-20.259980857372284,-67.34076730140315,33.577572404562964,-0.3897942402615533,0.8566967248916626,1.0,36.38752102851868,-0.25255139738868476
06409000,0.1694704294204712,0.42514359951019287,-0.36079052090644836,-47.83762991428375,-53.62695424761509,47.2652975505441,0.24285887682765694,0.7685866355895996,1.0,55.49015522003173,0.5649705136581672
06431500,-0.018019676208496094,1.1777405738830566,-0.6276907324790955,9.920667856931686,-19.1564773342235,65.01410430671423,0.5772492404989926,0.7104001045227051,0.8333333333333334,39.58397441440159,0.7484877863921114
06440200,0.2597385048866272,0.767246663570404,0.047237664461135864,-26.67052447795868,-82.97326399328998,-268.08996606095656,0.4186093245612774,1.2919448614120483,0.9523809523809523,63.042894999186196,0.5543440791786951
06441500,0.58949214220047,0.7301886677742004,-0.03581330552697182,-32.53681659698486,-57.68143860465697,-44.45652174896787,0.6144871572409167,0.8491634726524353,0.8333333333333334,60.9275394015842,0.7696299955453049
06447000,0.49840742349624634,0.8948198556900024,0.049501243978738785,-11.936984211206436,-28.826157570208117,-11.518155648064743,0.6818680644169319,1.1255635023117065,0.5625,60.52924394607544,0.7272750972720394
06447500,0.47373270988464355,0.6621878147125244,-0.03903796896338463,-21.520842611789703,-15.081829588224538,-80.87712616130266,0.5380568181110448,0.9439488649368286,1.6842105263157894,53.22644083123458,0.6899472609004674
06450500,0.515518069267273,0.658240020275116,-0.12706616520881653,-25.120946764945984,9.24259093762991,31.057198742258898,0.538724106455847,0.8429269194602966,0.7727272727272727,57.69819779829546,0.7329726351229683
06452000,0.5465395450592041,0.7099326252937317,-0.03178437054157257,-29.71198856830597,-7.599614834456705,0.47970167721025175,0.6036531651826328,0.9247401356697083,0.9642857142857143,54.01901517595563,0.740601302197284
06453600,0.5604236423969269,0.777965784072876,-0.001620419672690332,-18.807122111320496,-15.170573149626765,-7.438088748013438,0.6649868153040642,0.9956537485122681,0.21052631578947367,51.66309758236534,0.7491698762593579
06464500,0.6286129951477051,0.7568708062171936,-0.083275705575943,-23.70782345533371,-13.08505240402124,-16.09591016913297,0.6655238776670446,0.89011549949646,1.2,41.72109603881836,0.7982876600440612
06468170,0.42842161655426025,0.374944806098938,-0.13503792881965637,-61.79949641227722,-42.258262283479255,-17.78763374719519,0.16996200036964637,0.4987768828868866,2.5,80.64526557922363,0.783102622701244
06468250,0.5217504799365997,0.4840206801891327,-0.13694100081920624,-50.25638937950134,-9.501929340781606,12.818387800981426,0.27063621544236904,0.5247318744659424,2.090909090909091,78.77682772549716,0.8003576182192564
06470800,0.3681625723838806,0.4028785228729248,-0.15041466057300568,-58.417028188705444,-34.17372223729876,14.84844587279171,0.1304547167193627,0.4511551260948181,1.3636363636363635,71.31459496238016,0.6864330284975975
06477500,0.4352797865867615,1.1114107370376587,0.04139488935470581,10.649645328521729,-48.59258025171018,-11.69948238792601,0.6692306668404422,1.1887866258621216,1.4615384615384615,66.96626956646259,0.7522993554163826
06479215,0.4815620183944702,0.9339287281036377,0.051835063844919205,6.2364362180233,-41.99497375542951,-8.666153223627838,0.6644991014971082,1.1823153495788574,0.5294117647058824,62.13452395270852,0.7262180553174047
06479438,0.4848010540008545,0.7401478290557861,-0.014789331704378128,-12.414746731519699,-4.531531040333022,-107.19725669318454,0.5972312294253495,0.9423018097877502,0.7333333333333333,61.058648427327476,0.6977245450718408
06601000,0.3991432785987854,0.658657431602478,-0.08172276616096497,-11.527463048696518,29.68322434347842,-795.8132831172384,0.4753437041485705,0.8348698616027832,0.19047619047619047,60.273983365013486,0.6373961980766862
06614800,0.8662019670009613,0.8983886241912842,-0.002489333041012287,-16.726896166801453,-18.482777584454933,-19.41417858494954,0.8772431897264314,0.9952563047409058,1.2666666666666666,27.459077835083008,0.9312842075641292
06622700,0.8762036934494972,0.9982361793518066,0.016062898561358452,-5.260089784860611,14.687314132587629,-24.75723766008133,0.9291765381989707,1.034411072731018,1.0666666666666667,34.18625195821126,0.9381232697073977
06623800,0.8735952973365784,0.9909864664077759,0.010358759202063084,-3.8159865885972977,22.65878934441115,-57.935803852847265,0.9329335959638242,1.019006609916687,0.875,26.3885498046875,0.9363179182029959
06632400,0.8636090159416199,1.0280909538269043,0.03428193926811218,-0.3126320196315646,-4.267848468267261,0.03250519282905411,0.8968326739454076,1.074701189994812,0.9333333333333333,31.612014770507812,0.9346231868954419
06746095,0.8036143332719803,0.790546178817749,-0.11898092180490494,-25.70972442626953,-9.083465048164074,-719.6036395161524,0.6787563950583476,0.772692084312439,0.9375,36.11903190612793,0.912491931950027
06784000,0.101773202419281,1.1655454635620117,0.11483290791511536,17.85702556371689,-12.926182001203676,64.33468905298925,0.5829258688994259,1.1057674884796143,0.8846153846153846,44.40330725449782,0.6320886401481299
06803510,0.5112130641937256,1.349727749824524,0.03735766559839249,37.080103158950806,69.29661857489533,-190.40394834062073,0.5927631427216729,1.1588765382766724,0.11538461538461539,49.632384226872375,0.8647572385899159
06803530,0.6150332987308502,1.1574034690856934,0.00783607643097639,8.266615122556686,67.76893041361221,-640.733312584259,0.7761512847230856,1.0335911512374878,0.19047619047619047,80.88665008544922,0.8444235563799761
06814000,0.7815799564123154,0.967151403427124,0.02519928477704525,-2.6041723787784576,-5.363186367473735,0.571744538773857,0.8460221735999733,1.1003928184509277,0.11538461538461539,31.079948865450348,0.8879668677151787
06847900,0.22169142961502075,0.5170789361000061,-0.0012384442379698157,-21.927575767040253,428.021782317064,31.584360354981296,0.28506328558794103,0.9901065230369568,0.8888888888888888,107.75468614366319,0.47290999746761503
06853800,0.48380589485168457,0.836943507194519,0.03994926065206528,-5.320653319358826,-50.379200369925215,-15.049785571562479,0.6167565280813876,1.1878578662872314,0.6842105263157895,69.0551055105109,0.7084565881447206
06876700,0.3885522484779358,0.7948090434074402,0.06009909138083458,-15.650098025798798,-29.55034949427296,-130.10410035705132,0.5456857441803795,1.1940075159072876,0.7058823529411765,43.556715460384595,0.644107884120694
06878000,0.6399779617786407,0.6323611736297607,-0.015617486089468002,-32.43544399738312,7.129093845031929,46.2523306336119,0.5869816372579508,0.9376890063285828,0.43478260869565216,52.46577470198922,0.8223959421214802
06879650,0.27219557762145996,0.7898561954498291,0.021022116765379906,-21.018482744693756,-85.69117784488945,-256.55427685426264,0.5107120710460311,1.090547800064087,0.5555555555555556,88.14758194817436,0.5675149080802926
06885500,0.7582276910543442,0.7138434648513794,-0.002813389990478754,-25.798523426055908,0.21302935409929477,-159.6347233422584,0.6924912147616631,0.9883571267127991,0.23076923076923078,41.17104090177096,0.8880154747649833
06888500,0.6988905668258667,1.0293127298355103,0.013177301734685898,-2.100377343595028,-4.723001927295186,-196.499533475817,0.8444074080801032,1.045850157737732,0.11538461538461539,38.050530507014344,0.8542344980272526
06889200,0.551486998796463,0.70512455701828,-0.01071819569915533,-15.161129832267761,-13.569634250493309,2.008679382734594,0.6047627860468376,0.9402393698692322,0.12,44.27642822265625,0.74370018434231
06889500,0.7391314804553986,0.7842274308204651,0.0065820589661598206,-13.870631158351898,-5.4454885833217945,-174.72713515514485,0.7426119259987397,1.0320687294006348,0.2222222222222222,46.8761267485442,0.8633895479021831
06892000,0.8228673189878464,0.9029814600944519,0.015413391403853893,-11.875324696302414,-12.645296034597736,-80.042274180027,0.8551146598545962,1.0545775890350342,0.41379310344827586,33.51171427759631,0.9072613808666108
06903400,0.5918872952461243,1.1068249940872192,0.038107067346572876,7.966188341379166,-35.09272419788402,-16.60241704508692,0.7612942492118574,1.1169977188110352,0.23076923076923078,40.737372178297775,0.8214491952115298
06906800,0.7250902950763702,0.7785454988479614,0.04333429038524628,-27.759215235710144,-29.600005628987574,-23.56148734440389,0.6924553874581754,1.157633662223816,0.21428571428571427,48.81881645747593,0.8561486143378844
06910800,0.6712619364261627,1.1860319375991821,0.041983336210250854,9.483521431684494,-38.9816304865632,-16.491243099412063,0.7092679579707576,1.1863479614257812,0.1875,50.83581209182739,0.8767454839446329
06911900,0.7356796860694885,1.0218682289123535,0.03707684949040413,0.04164024139754474,-38.22953760722553,-20.98138215451766,0.7737996116480088,1.184919834136963,0.06666666666666667,56.97229385375977,0.8715747252384226
06917000,0.8266820311546326,0.912288248538971,0.02675153873860836,-11.639302223920822,-45.613962335223576,-21.69841517740076,0.8338275299010136,1.108402132987976,0.25925925925925924,34.36940511067708,0.909617944048089
06918460,0.3623022437095642,1.4118456840515137,0.09928689897060394,47.11623191833496,-23.05325038710505,-381.78156009397884,0.5152534102540971,1.197555661201477,0.30434782608695654,55.244039452594265,0.8377219992553805
06919500,0.7925114333629608,1.0301156044006348,0.05618917569518089,-3.4058723598718643,-43.67671575456569,80.74227586953184,0.7967608155216022,1.175071120262146,0.3076923076923077,34.88881771381085,0.9012613584801475
06921070,0.6788603961467743,1.1784530878067017,0.08395187556743622,16.33065789937973,-32.777516852934596,-266.7499067130376,0.6611052486697113,1.2620370388031006,0.20689655172413793,41.145548327215785,0.8802471786270814
06921200,0.6561397314071655,1.0336753129959106,0.10515467822551727,3.351162374019623,-51.4296252844996,-22.00300890036133,0.5688622063929003,1.3987573385238647,0.27586206896551724,43.63503620542329,0.8395682221491343
06934000,0.7831868529319763,1.071772813796997,0.14461299777030945,6.481083482503891,-13.532733532282604,-44.68030942695534,0.7248224469049831,1.250304937362671,0.8846153846153846,36.787656637338486,0.9110124319981051
07014500,0.7727807015180588,1.051159381866455,0.12012015283107758,5.544009432196617,-19.031739818684116,9.804234321815965,0.7461210206741384,1.2276902198791504,0.3076923076923077,36.89329807574933,0.9000279160867013
07056000,0.8829459846019745,0.9662585258483887,0.044033315032720566,-0.5094169173389673,-33.58314192035474,8.62771775159125,0.8544152305148801,1.1287555694580078,0.12,36.23497009277344,0.9410216873617449
07057500,0.8351026624441147,1.232410192489624,0.09742847830057144,24.46952909231186,4.861680196698734,-43.21313631747483,0.7273300527979645,1.1365368366241455,0.30434782608695654,25.700293416562285,0.9588649203383758
07060710,0.5519872903823853,0.7725934982299805,0.04368080198764801,-17.393164336681366,-46.381872218221005,30.700855038839887,0.6045650439198754,1.1987674236297607,0.34782608695652173,64.22701296599016,0.744761682448737
07066000,0.6366634964942932,1.0788109302520752,-0.014108138158917427,2.6826292276382446,-2.332927259361637,-67.68308816485359,0.8151123023317882,0.9753705263137817,0.3076923076923077,41.189329440777115,0.8345742249593658
07067000,0.7630407959222794,1.0457258224487305,0.10018530488014221,1.6418499872088432,-8.5050848870406,-28.93866830588914,0.823894096795353,1.131780743598938,0.21428571428571427,42.427921295166016,0.8924998887376266
07068000,0.8603417128324509,0.9965355396270752,-0.008777318522334099,1.7424385994672775,7.950366854968068,-72.90482024976703,0.9290976539460135,0.9894487857818604,0.5,26.49644704965445,0.929972776230907
07071500,0.852395698428154,1.082502841949463,0.10439091920852661,14.499866962432861,-7.377958907757012,-28.46082918046332,0.8245175773875422,1.1427843570709229,0.4,32.050583362579346,0.9400000908997154
07083000,0.897557757794857,1.0203720331192017,0.008066613227128983,-0.43207909911870956,-0.24654719754244325,-294.03046760861736,0.9447139521008112,1.0120500326156616,0.8,19.109292030334473,0.9500367727937532
07142300,0.2110273241996765,0.9568446278572083,0.010077780112624168,10.215181857347488,-28.804669062437192,-15.88908679738696,0.5858485317499071,1.0230382680892944,1.1333333333333333,47.06085205078125,0.5887478988353122
07145700,0.6600179970264435,1.1194311380386353,0.022346459329128265,0.9993499144911766,40.42592556871119,-190.81966857013242,0.7898065898092446,1.0938977003097534,0.28125,45.413076877593994,0.8547392178495676
07148400,0.590277761220932,0.9382927417755127,0.0434577539563179,0.4400798585265875,-32.413716249386376,35.502659987039856,0.7569539588080643,1.0943937301635742,0.3076923076923077,42.891894854032074,0.7847015649678454
07149000,0.467104971408844,0.7226901650428772,-0.09820636361837387,-24.0887314081192,10.055614609550092,-0.28924406243597517,0.5462107326714192,0.8165346384048462,0.5,49.910237238957336,0.6911887053985508
07151500,0.6367825865745544,0.8365294337272644,-0.04559473320841789,-21.24910205602646,16.437503382762813,-268.1091311948228,0.7115079606088685,0.8713459968566895,0.5333333333333333,53.85986328125,0.8001170887000932
07167500,0.7238037288188934,0.8529655933380127,0.019136575981974602,-8.110091835260391,-19.61362838650941,-104.99119979266764,0.7657692901481213,1.1050673723220825,0.16,47.997161865234375,0.850984041228447
07180500,0.734902411699295,1.0012069940567017,-0.013646244071424007,-9.110117703676224,3.0811743111103405,-0.8266456737182656,0.8547569799878262,0.940066397190094,0.2857142857142857,52.78041703360421,0.8677047193516404
07184000,0.7225843966007233,0.9181963205337524,0.04110268875956535,-9.346242249011993,-48.88591853332087,65.54575261233421,0.7571170356792245,1.175606369972229,0.35714285714285715,38.38200569152832,0.8534984805259442
07195800,0.535658210515976,0.9027509689331055,0.028538288548588753,-12.452562898397446,-2.2031694146814886,90.44806472479911,0.7230585308248029,1.063172698020935,0.2692307692307692,65.42405348557693,0.748507627292153
07196900,0.5299744606018066,0.948415994644165,0.0411178283393383,0.3928184509277344,-42.523618919673225,88.56806170448881,0.7119825764344334,1.14150071144104,0.4,84.71300760904948,0.7544991337480136
07197000,0.7976948469877243,0.9558472633361816,0.0591372586786747,-2.760171890258789,-20.190243794967465,8.74339747282783,0.8088351706257817,1.15488862991333,0.2222222222222222,45.41285832722981,0.8970240797159794
07208500,-0.12423145771026611,1.6095386743545532,0.16423000395298004,57.70677328109741,-6.225744886275112,-424.27367649683595,0.2993005218975826,1.2619489431381226,0.7333333333333333,27.950239181518555,0.7745557402196395
07226500,0.022159874439239502,0.85560142993927,0.04373538866639137,-26.844319701194763,-52.589614381953645,-2056922656250.0,0.3326025371506639,1.336240291595459,0.5625,76.07659101486206,0.44186839124634036
07261000,0.7676806896924973,1.0525513887405396,0.10598528385162354,9.616336971521378,-30.64431942329507,86.49505385843682,0.7028991527451398,1.2734063863754272,0.25,27.603839124952046,0.8962878364408154
07263295,0.7832355946302414,0.8446435928344727,0.036024391651153564,-12.548623979091644,-56.734962543101716,-39.82954232277518,0.7726101415082174,1.1214182376861572,0.23076923076923078,32.91900708125188,0.8867385941517605
07290650,0.8465436100959778,0.9861560463905334,0.04997101053595543,-1.994127407670021,-15.501653378581285,-112.1373216768313,0.8270900289060794,1.1544759273529053,0.25,33.72546228869208,0.9235579244092671
07291000,0.6076762974262238,0.7473394870758057,0.02873832918703556,-14.416322112083435,38.74278953431322,-1101.9544510869646,0.6473454919418857,1.1116752624511719,0.25,37.67655917576381,0.7807820650150735
07292500,0.776814341545105,0.9574136734008789,0.025311289355158806,2.822721190750599,52.18975678234714,-148.31391394253944,0.8601927665320963,1.066664695739746,0.3,42.75776227315267,0.8847251733522492
07295000,0.6001383662223816,1.0032927989959717,0.0004854867875110358,1.6004137694835663,40.22198634006338,-869.454490493942,0.8006974033170215,1.0015795230865479,0.16666666666666666,46.34105313208796,0.800730866348626
07299670,0.3544043302536011,0.60279381275177,-0.10844513028860092,-30.43144941329956,115.20024723607295,-305.37354101364576,0.2695339921471215,0.5310890078544617,0.5454545454545454,74.94532845237039,0.6051198727647433
07301410,0.24134886264801025,0.9457322359085083,0.05755011364817619,10.129769891500473,-14.183208996772809,1.2563649233673329,0.5858031348316616,1.101892113685608,0.3181818181818182,88.76038464632902,0.6022160761613561
07301500,-0.00996708869934082,1.4717419147491455,0.02663443051278591,47.72496521472931,-12.448208687451851,4.615639704599877,0.45486092661503597,1.0565744638442993,0.4782608695652174,59.81653876926588,0.732725786427951
07315200,0.47957396507263184,0.8669580221176147,0.06419810652732849,-6.063586100935936,-78.32831596295688,-725.3214162012526,0.3202113299786413,1.6014331579208374,0.42857142857142855,61.673886435372495,0.7124402243638385
07315700,0.6303534805774689,1.1270478963851929,0.11093822866678238,13.128738105297089,-41.09908143800213,-25.450366113602808,0.3995233344486939,1.5670262575149536,0.64,53.25060272216797,0.8486319677597086
07335700,0.46533721685409546,0.8631049990653992,0.07439315319061279,-8.983688056468964,-38.656294332025595,63.33575706673825,0.6015431837636867,1.2293620109558105,0.32142857142857145,49.66554982321603,0.7043301485531516
07340300,0.667382001876831,1.079200267791748,0.0531698502600193,4.7937944531440735,2.402381716759285,-648.7851067064621,0.7826025921628482,1.1360975503921509,0.2,42.00639452253069,0.8501120175154651
07346045,0.825427457690239,1.0240023136138916,0.09710569679737091,7.716446369886398,-23.35546986882363,-20.782478309171417,0.7906363604389358,1.1918336153030396,0.95,31.47342443466187,0.9196452456216744
07359610,0.6992900967597961,1.013576626777649,0.0013754185056313872,3.994417190551758,42.47787278598461,-72.36697244897627,0.8510878718370225,1.003562569618225,0.13793103448275862,44.089251551134836,0.8517508677358185
07362100,0.7646236717700958,0.9302741885185242,0.06869448721408844,4.526939243078232,-35.94530471715138,44.09287890402804,0.7537196081259149,1.2026429176330566,0.4090909090909091,45.80501209605824,0.87864024321026
07362587,0.6756219267845154,0.7504393458366394,0.049276284873485565,-19.083455204963684,-50.32115451264742,-38.547317407105275,0.6445415623445601,1.1847624778747559,0.17857142857142858,40.06129332951137,0.826988417834001
07373000,0.7013913989067078,1.0288234949111938,0.019231664016842842,7.592648267745972,76.52926828181262,-63.711575996287465,0.8429202637011239,1.0543327331542969,0.27586206896551724,33.300886483028016,0.8554621025308144
07375000,0.6245288550853729,1.0145885944366455,0.04803180694580078,9.280078113079071,48.06048720052705,-1773.4661774996316,0.7808246636275705,1.118510127067566,0.46153846153846156,54.088449478149414,0.8162056835243264
07376000,0.8021877706050873,1.0171180963516235,0.02478039637207985,-3.174566477537155,35.013067003894015,-338.39276702511694,0.8902703184588902,1.0487666130065918,0.2962962962962963,30.59236738416884,0.903204384168108
08013000,0.7354975044727325,1.1042561531066895,0.09409849345684052,12.050029635429382,-28.689778539426186,-6.89740831429375,0.7379463481121434,1.213350772857666,1.125,34.80556011199951,0.8891658052395695
08014500,0.7790527492761612,1.1677889823913574,0.09134577214717865,19.867411255836487,29.055952398002695,-76.4771822388378,0.7378570455481397,1.1852805614471436,0.8518518518518519,36.094382957175924,0.921025956753791
08023080,0.7616127133369446,0.8419345021247864,0.0535820797085762,-13.817697763442993,-48.27304929269295,-59.8909916157077,0.7097878330444368,1.208821177482605,0.35,37.133893966674805,0.8749715389789872
08025500,0.8260700851678848,0.8639870882034302,0.008799723349511623,-9.045995026826859,-7.292062643128613,-4.271816587328096,0.8338027849868409,1.032235860824585,0.4583333333333333,38.169991970062256,0.910095320590935
08029500,0.6139896512031555,0.7402907013893127,-0.012238767929375172,-11.476486921310425,31.940020808220442,-9.01181636347473,0.6607486191805498,0.9626850485801697,0.5172413793103449,43.79739432499326,0.784941463774199
08050800,0.5691114664077759,1.0168343782424927,0.1266617476940155,31.57007396221161,-86.01377659352558,-500.1468142795619,-0.14562762729988976,2.1272199153900146,0.0625,53.39810848236084,0.7961507260496331
08066200,0.560286670923233,1.0760986804962158,0.06330911815166473,0.3552541835233569,-24.335203963201817,57.437495314189476,0.6412667919338801,1.2880903482437134,0.35714285714285715,62.55511556352887,0.8002440072364263
08066300,0.49760597944259644,1.138506531715393,0.1222228929400444,15.438126027584076,-4.386143106300534,8.67624281028113,0.6121663738680438,1.2982251644134521,0.84,43.36545944213867,0.7943483198672956
08070000,0.742360919713974,0.8375740647315979,0.013548396527767181,-14.713597297668457,24.622501007632263,-355.15387645612265,0.7813011907633115,1.0491831302642822,0.6086956521739131,43.37462134983229,0.8620579672067394
08070200,0.7128465175628662,1.0418576002120972,0.03547932580113411,6.270556151866913,20.58951441518599,-497.0172496320449,0.8211272407534447,1.1079277992248535,0.88,33.673892974853516,0.8636365318003385
08079600,0.2007625699043274,0.1870550811290741,-0.05009391903877258,-74.57622289657593,-89.33513415035826,-786.3187118865562,-0.009554563955483708,0.5241201519966125,0.391304347826087,85.50931681757388,0.6368755767652587
08082700,0.2528385519981384,0.32067543268203735,0.02311844378709793,-31.68584406375885,-80.81811779427761,-3614933203125.0,0.07735176147972234,1.4383240938186646,0.6,82.57436116536458,0.5553991755958154
08086212,0.5642691850662231,0.8041568994522095,0.008216251619160175,-15.614096820354462,-76.41479287843002,-92.25702240785874,0.6739305936897593,1.0833112001419067,0.3888888888888889,54.911862479315865,0.7529656266220103
08086290,0.5880939066410065,0.806526780128479,0.008900403045117855,-24.853135645389557,-82.18179732246328,-289.75700312671654,0.6854381155431787,1.0874377489089966,0.631578947368421,68.65480322586862,0.767896720377975
08101000,0.7061118185520172,0.8089705109596252,-0.000877782644238323,-19.170188903808594,-51.85128999087104,-32.37439577927212,0.7513569728712184,0.9953024983406067,0.20833333333333334,48.5004981358846,0.8409119025982855
08103900,0.4554588794708252,0.7270594239234924,-0.04160323739051819,-31.66908025741577,-84.01985769535042,-59.76097567696367,0.5357756067374331,0.8069068193435669,0.6,76.59543991088867,0.6779398304431226
08104900,0.6098092496395111,0.7048175930976868,-0.006809530314058065,-7.3422543704509735,-36.94706409198879,-12.117656853702684,0.6325552049008941,0.9590575695037842,0.17647058823529413,44.00635887594784,0.7850424658546632
08109700,0.712628185749054,0.6895564198493958,-0.02671736106276512,-32.86906182765961,80.20513856291663,22.090957252724046,0.6414334090553231,0.8852927684783936,0.7619047619047619,51.07193447294689,0.862025238823866
08150800,0.27920037508010864,0.5473660826683044,-0.01212385669350624,-34.86580550670624,6.6126425878846415,0.11088389351255952,0.3391955695565513,0.9009570479393005,0.3888888888888889,78.39647399054634,0.5288572129154936
08155200,0.5584551393985748,0.8661576509475708,0.0043180244974792,-7.184170186519623,-26.007920331363003,-9.001593871340654,0.7207229502299992,1.0168617963790894,0.5,50.698935985565186,0.7554645711737594
08158700,0.43451988697052,1.3369219303131104,0.04698957875370979,26.177456974983215,-36.490199273951674,-17.177034591868857,0.5916577416767008,1.1579046249389648,0.6111111111111112,68.5147868262397,0.831794345429339
08158810,0.4484357237815857,0.867681622505188,-0.030200228095054626,-11.15635335445404,-30.276879544433687,-16.056521504045584,0.6428180041674224,0.8747616410255432,0.5294117647058824,63.249369228587426,0.6927766633774886
08164000,0.6772272288799286,1.155630111694336,0.010124332271516323,-0.21428170148283243,-5.750690949097666,-133.15580137016008,0.7931936531438721,1.043289303779602,0.5185185185185185,51.77144297847042,0.8708714996127388
08164300,0.6886869370937347,0.9866923689842224,0.016959205269813538,-18.777477741241455,-39.01039956159273,-16.205749766160878,0.8131363086057748,1.0996407270431519,0.46153846153846156,56.50053391089806,0.842479615184141
08164600,0.7085762023925781,0.9651080965995789,0.03804393112659454,-4.685218632221222,-28.894546490711786,-30.81640981330232,0.7367498739656789,1.2137831449508667,0.3333333333333333,33.13273787498474,0.8504006989685502
08165300,-0.6546446084976196,1.3422540426254272,0.06747735291719437,88.00419569015503,153.69447875220982,-452.61649330120275,0.2634867236333269,1.3150089979171753,0.25,131.11422061920166,0.4289629540895437
08171300,0.6173636019229889,0.9604009985923767,0.018093906342983246,-10.045278072357178,-37.56423952534115,76.91094962676118,0.7831012693945808,1.0786504745483398,0.4,44.940388997395836,0.8017802197582637
08175000,0.7432763576507568,0.9132458567619324,-0.016573527827858925,-10.903376340866089,426.9638695662513,47.8878624212711,0.8083575225802868,0.8969123363494873,0.5714285714285714,46.87476385207403,0.8637154029771783
08176900,0.6905432939529419,0.8471699953079224,-0.00024367118021473289,-17.457425594329834,-10.549650516692608,3.7250438650519317,0.7722450500136758,0.9982897639274597,0.1111111111111111,49.28886625501845,0.8311439014969588
08178880,0.48015689849853516,0.529617965221405,0.012789425440132618,-1.3359693810343742,14.694266417007725,-1.61525451904937,0.43934956130234626,1.1170340776443481,0.2,114.55347061157227,0.7182684248449298
08189500,0.6787226498126984,1.1370381116867065,0.033959660679101944,2.153467945754528,-12.429413755575446,0.5841195733495698,0.7271832146059327,1.1951662302017212,0.3157894736842105,42.101066990902545,0.8674869933669034
08190000,0.5554937720298767,0.5587804317474365,-0.023377181962132454,-26.158761978149414,23.11074739337549,-18.68152272639652,0.4945491347719211,0.8948839902877808,0.2857142857142857,49.60603713989258,0.7769383622112136
08190500,0.4149494171142578,0.5260962843894958,0.030194824561476707,-9.59734097123146,-42.2348205149778,-53.569171326915956,0.2222032182290803,1.5134308338165283,0.09090909090909091,59.91001562638716,0.6582809912366266
08194200,0.21603679656982422,0.3577122092247009,-0.01268893200904131,-53.838151693344116,-50.75022713910188,-802.7276138217284,0.16494511448263727,0.8756006956100464,0.6470588235294118,73.3734130859375,0.48105118873370856
08195000,0.4460834860801697,1.0720285177230835,0.025986196473240852,22.315020859241486,31.301426147459743,47.964757428629085,0.70904445872416,1.118861198425293,0.5833333333333334,65.00260829925537,0.7443849864686435
08196000,0.3135133385658264,0.8553279638290405,0.041514940559864044,10.109461843967438,-31.748413547416366,77.17923081367972,0.5034948893670401,1.273858666419983,0.0,110.12401580810547,0.6119423268875297
08198500,0.45144879817962646,0.863900899887085,0.033579740673303604,8.059180527925491,254.86363827933457,32.16552431708769,0.4159272460873855,1.4784491062164307,0.1,54.78485107421876,0.693888142058791
08200000,0.5236009657382965,0.5535606741905212,-0.008109156973659992,-9.65287908911705,-39.90327605417827,-14.259090690935091,0.482661328238729,0.9243654012680054,0.3,61.19670867919922,0.7497788235477573
08202700,0.5044744312763214,0.9490845203399658,0.07711394131183624,61.70549392700195,320253849.029541,-2691072070312.5,-0.9910324388465623,2.9737772941589355,0.4444444444444444,57.66069624159071,0.7434440031242503
08267500,0.7923219949007034,1.0284749269485474,0.11592792719602585,-3.962443768978119,4.4725057832412345,44.364703907070044,0.8213385123654442,1.1492189168930054,1.6153846153846154,36.260883624737076,0.9059637275284385
08269000,0.6725752651691437,1.2407249212265015,0.1360265612602234,32.353025674819946,-2.7080839606598377,39.040072263390094,0.6636827574814415,1.2119706869125366,1.5,27.001911401748657,0.8988603549264239
08271000,0.7429474294185638,1.2029156684875488,0.17477987706661224,15.330865979194641,19.445330070255125,-16.053221007670047,0.6958300412904641,1.2130972146987915,1.0714285714285714,38.92167295728411,0.9229664206256187
08324000,0.742847353219986,1.0297714471817017,0.10010898113250732,4.094045981764793,-12.856449951212392,52.7506106919598,0.8073880213214252,1.148046612739563,1.25,44.3538236618042,0.8804373146858737
08377900,0.7097945809364319,1.0402421951293945,0.015857143327593803,3.3101636916399,-2.8168913435362164,-557.7907602150165,0.853312307557208,1.0262798070907593,1.3125,37.530457973480225,0.8614098972342131
08378500,0.6854626536369324,1.1872825622558594,0.06771890819072723,12.451844662427902,8.114056212560739,-798.0287741881867,0.7579179894204972,1.100642204284668,0.8125,46.53409719467163,0.8842412489795357
08380500,0.371496319770813,0.8981901407241821,0.05823962762951851,-6.702735275030136,-18.41420874679485,44.85984206104284,0.6283968153453661,1.103020429611206,0.8181818181818182,51.61162723194469,0.6577859288655321
09034900,0.9399606846272945,0.9760512709617615,0.016895759850740433,-2.764846570789814,-16.024523636881696,-1084.6828552268848,0.9508036663286932,1.030457615852356,0.6666666666666666,18.456041018168133,0.9696838119028479
09035800,0.8282422423362732,1.1511479616165161,0.07084673643112183,15.0672048330307,6.071229626411427,-1429.7308774071942,0.8041809707771319,1.1076716184616089,0.6666666666666666,23.167705535888672,0.9375003321383517
09035900,0.9397438019514084,0.9716314077377319,-0.04320605844259262,1.4987053349614143,10.106153436624716,-1723.2019561858551,0.924997105451302,0.9372103214263916,0.9333333333333333,19.427932103474934,0.9703670212708333
09047700,0.7406687438488007,0.8926524519920349,0.005499512888491154,-13.668502867221832,10.438006686174301,-16.771360807105697,0.8243668563945886,1.0078492164611816,1.1538461538461537,34.848756056565506,0.861212771227529
09065500,0.9110346883535385,0.8893376588821411,0.006507224403321743,-17.657120525836945,-16.07451189348271,0.4226548667246633,0.8806605081895689,1.011720895767212,0.8,29.718004862467446,0.9568910546835028
09066000,0.9394189044833183,0.9692337512969971,0.006367688067257404,-4.379202798008919,4.815519980704792,51.6329360126232,0.9547542342060339,1.01246976852417,0.4,16.0076109568278,0.9692571612244246
09066200,0.8841237500309944,0.9158530235290527,-0.025954436510801315,-9.996506571769714,-20.874574844812273,-702.0181587235716,0.8861741666661027,0.9510990381240845,1.2666666666666666,30.068820317586265,0.9409720183932716
09066300,0.89879409968853,0.9886001348495483,0.06734706461429596,-1.8567945808172226,-14.520191780415717,-5.729486827574844,0.8505338566427308,1.1408052444458008,1.1333333333333333,26.868953704833988,0.951173222293443
09081600,0.9396353363990784,0.9409952759742737,-0.011929783038794994,-3.348243609070778,-13.381856116884213,-25.509019760699925,0.9315875971393043,0.9829789400100708,0.9375,22.91184365749359,0.9698506563149174
09107000,0.9179635345935822,0.971447765827179,-0.07807139307260513,-1.2243186123669147,-6.998333786509965,-1354.547737543507,0.892691426079725,0.904058575630188,0.8,20.130602518717446,0.9613329203270383
09210500,0.8521644473075867,0.8959248065948486,-0.06877532601356506,-3.9859622716903687,1.0597012933712984,27.32533021431355,0.8454914641885917,0.9128685593605042,0.8,38.55711301167806,0.9261802613906578
09223000,0.9161410555243492,1.057614803314209,0.047266557812690735,8.324149250984192,-23.149860806392304,61.160162321553045,0.8882031867493424,1.0883662700653076,0.8666666666666667,21.801970799763996,0.9629802187092827
09306242,0.5034643709659576,0.8865151405334473,0.321481317281723,-15.350790321826935,-32.174483673524705,29.27648725584071,0.2617477653147299,1.6972297430038452,1.4444444444444444,35.96525986989339,0.7855046989781738
09312600,0.8006662428379059,0.8641713261604309,0.0487397164106369,-20.121002197265625,-28.133252301763594,-6.8830238499156575,0.796536024448088,1.1108185052871704,1.9166666666666667,43.26685667037964,0.8967167990605908
09352900,0.8498867750167847,0.8681166172027588,-0.016575857996940613,-12.171320617198944,-20.278855554206565,-670.0609850326923,0.8459295324031746,0.9770790338516235,0.8181818181818182,40.37334702231667,0.9237168980816475
09378170,0.5710491836071014,1.0275752544403076,0.1694108545780182,-0.9171834215521812,-33.12903843906229,-27.35348799371307,0.32313020360206246,1.647770643234253,0.7,38.092970848083496,0.8056150201733171
09378630,-0.2950195074081421,1.5881612300872803,0.38891342282295227,38.85449171066284,-74.98972859918612,-177.45156799918277,-0.4952879209459733,2.351613998413086,1.1818181818181819,126.28511949018998,0.7488189233980006
09386900,0.44952911138534546,0.7275397777557373,0.08935067802667618,-7.967008650302887,-61.89455828577688,-123.43392464258562,0.24231826766097164,1.629514217376709,0.8888888888888888,80.69039980570474,0.6781943366945391
09404450,0.5368792116641998,1.3192918300628662,0.2898755371570587,34.11238491535187,-23.302308319152772,-1121.8678598593633,0.532342978304297,1.3251512050628662,1.0,57.407379150390625,0.8949642392203162
09430500,0.5389253497123718,0.9243274331092834,0.07597074657678604,1.7145726829767227,5.19726427676955,42.02998786105736,0.6789482951919522,1.1954631805419922,0.4117647058823529,49.98664294972139,0.7568087073254216
09430600,0.3715173602104187,0.4624239206314087,0.000735071545932442,-30.795329809188843,-51.15321096171805,-29.311883653985237,0.3490369303605041,1.0040596723556519,0.75,61.11053228378296,0.6329190879580715
09447800,-2.273646354675293,2.0658373832702637,0.17032866179943085,121.30687236785889,51.290012182590885,-338.94473243282243,-0.371477373294941,1.6960442066192627,1.0714285714285714,68.93650463649205,0.48964392791370714
09480000,-0.3027634620666504,0.8717817068099976,0.014792243018746376,-28.39697003364563,-45.113696349397166,-26.11824706636259,0.23790076443134833,1.142328143119812,0.3,83.3087158203125,0.2623700020865257
09484000,0.1435328722000122,0.6287654638290405,0.03184487670660019,-24.072451889514923,-88.87304787335307,70.1425161493966,0.30479167808352436,1.1408292055130005,0.7083333333333334,87.03854084014893,0.42932788320224397
09484600,0.17819863557815552,0.35668349266052246,-0.07055748999118805,-71.04403972625732,627.9742824341579,55.40692397706067,0.05328661622323272,0.595870852470398,0.9444444444444444,85.52014032999674,0.43511971664467713
09492400,0.6537767648696899,1.0208250284194946,0.045065831393003464,-0.6672277580946684,-0.5165503561693436,-884.8698878199078,0.8212335303121931,1.0563411712646484,0.4090909090909091,34.213939580050386,0.8316270767121495
09494000,0.603560596704483,0.9399833679199219,0.07798442989587784,-4.403216764330864,-26.623500919338372,-199.14032571928317,0.7530634320984921,1.1226905584335327,0.6190476190476191,54.225549243745355,0.7942751854733892
09497800,0.5545501112937927,1.0608688592910767,0.0811842530965805,14.4367054104805,37.33523991542612,-1076.881583282302,0.6948595713892607,1.217583179473877,0.8947368421052632,66.68700669941148,0.7949067939901776
09497980,0.5763337314128876,0.9727640151977539,0.10148735344409943,8.008276671171188,56.80107674979769,-1204.7482461366014,0.3482445554009195,1.6156798601150513,0.3333333333333333,51.5976349512736,0.7879111729837993
09505200,-0.0187910795211792,1.364325761795044,0.06373196095228195,18.175186216831207,547.8725960909994,-262.8068370895403,0.45847873040556286,1.2367088794708252,0.7368421052631579,58.872112474943464,0.6767648981077421
09505350,0.15727299451828003,1.2413146495819092,0.0881645679473877,10.32082661986351,-81.78302188453759,-496535742187.5,0.41412942145048803,1.4325838088989258,1.0,52.61428952217102,0.6871376932489343
09505800,0.21070557832717896,1.2541543245315552,0.08847546577453613,22.029829025268555,374.96789542697644,-3836.183496958882,0.47291867964470213,1.3626834154129028,0.3333333333333333,83.49713484446207,0.7142010535816745
09508300,0.625807911157608,0.5804193019866943,0.005857191048562527,-33.47623348236084,-63.86989055429076,68.36026903256477,0.5447508951462217,1.045591950416565,0.5384615384615384,66.34584573599008,0.8293390513853648
09510200,0.7303989231586456,0.6534019112586975,-0.015846943482756615,-38.33935260772705,-69.00013343917652,-109.80538822677705,0.6124233354926176,0.8694365620613098,0.3076923076923077,76.97232319758488,0.8858132038054575
09512280,0.3987114429473877,0.8373757004737854,0.019670352339744568,-1.6860857605934143,-76.473956087423,-390.90903484818483,0.5162957380767335,1.2997797727584839,0.3333333333333333,68.59137217203775,0.6569909067514218
09513780,0.25905394554138184,0.8019817471504211,0.0213508028537035,4.394945129752159,-71.23067854842664,-1586.003335797059,0.4492438453658172,1.2701166868209839,0.4166666666666667,106.66110515594482,0.562783704664743
10023000,0.38899052143096924,0.5470167994499207,-0.2444191873073578,-36.78005337715149,-58.69080608951157,-47.49333278995866,0.39350257474024464,0.7498378753662109,1.875,45.452916622161865,0.6836706490620451
10166430,0.5923641324043274,0.908964216709137,-0.03687094897031784,-3.8525640964508057,-39.48676343509991,-1.9277073508576152,0.7542813764377093,0.9354845881462097,1.3529411764705883,49.29780399098116,0.7810756072081013
10172700,0.5168015658855438,1.1215755939483643,0.253690242767334,7.25817084312439,23.401195551897576,-155.85032808184064,0.7021541483639467,1.2036778926849365,0.8181818181818182,43.299583955244586,0.8198699294278388
10172800,0.8155159652233124,1.0723531246185303,0.012311898171901703,10.111632198095322,5.4718425419285195,-1.3583041836354626,0.8886894929850636,1.0134786367416382,1.6,27.09737459818522,0.9164932297268982
10173450,0.8497047126293182,0.7144501805305481,-0.08394685387611389,-28.29854190349579,-6.926566876859083,21.405041951625726,0.6606388970465279,0.8217805624008179,1.0769230769230769,35.616207122802734,0.9568133022726704
10205030,0.7707785815000534,0.9040994644165039,0.08813396841287613,-8.510617166757584,-18.00803222203238,71.52262018844839,0.8160101062184517,1.1042877435684204,1.5333333333333334,35.63447634379069,0.882614162566554
10234500,0.8898921981453896,0.845077395439148,0.013111187145113945,-19.19696033000946,-10.862584120618303,-2210.549559034876,0.8359646804909318,1.0179282426834106,0.7142857142857143,17.293357849121094,0.9491556221710926
10242000,0.8231858909130096,0.916141927242279,0.024142034351825714,-7.472971081733704,-8.690016142512194,-1383.890481802303,0.8652228311546177,1.0510433912277222,0.9411764705882353,49.53290153952206,0.9076567214827675
10244950,0.685653030872345,1.048444151878357,0.04864746704697609,-0.8467004634439945,4.964553828451853,-23.093990969594262,0.8379451995379626,1.0459396839141846,1.1111111111111112,44.30449803670247,0.8523366398071538
10249300,0.68791064620018,0.7225313186645508,-0.10859185457229614,-26.881590485572815,-14.627761916762452,5.250108685244932,0.6226386979405383,0.7962046265602112,1.4615384615384615,63.79654224102313,0.845468032645293
10258000,0.6606987416744232,0.7921202778816223,0.07853903621435165,0.9531429037451744,-89.01920352006051,83.46509059058035,0.587520402775646,1.3056726455688477,0.6,84.5676326751709,0.8169981611860332
10258500,-0.4803413152694702,1.8833657503128052,0.2114584743976593,99.4888961315155,-81.40893928928725,-3403814453125.0,-0.9160239545711908,2.6913154125213623,0.36363636363636365,178.5926645452326,0.8260318390261792
10259000,0.6372836232185364,0.8641058802604675,0.1700785756111145,26.69951021671295,-2.4215461839927506,84.94247607013124,0.5264094457901158,1.4153680801391602,0.23076923076923078,39.39553407522348,0.8175440895488694
10259200,0.4010605812072754,1.1635558605194092,0.10367611050605774,53.13326716423035,-58.00011372067123,-251.71312300586555,-0.026184892882642474,1.9839198589324951,0.8333333333333334,90.64321517944336,0.7587395057856031
10263500,0.6476667821407318,0.5344369411468506,-0.1132582426071167,-42.51511096954346,-5.346600431827228,23.9473540330825,0.42455054771387835,0.6818753480911255,0.9166666666666666,62.03092336654663,0.8851530748537267
10310500,0.5300554037094116,0.5859849452972412,-0.35326316952705383,-42.996782064437866,30.670778242232178,-533.5883257854673,0.4330866481036023,0.6422221064567566,0.4117647058823529,42.57912074818331,0.8517527000932561
10316500,0.8679502159357071,0.7756751775741577,-0.0838199332356453,-24.465595185756683,-21.516437800363388,-2.857919601858763,0.7161705847999905,0.8329108357429504,0.9333333333333333,33.17546844482422,0.951846888321995
10329500,0.2223142385482788,1.5086989402770996,0.1032470166683197,28.3096581697464,-11.179267842245531,-791.6699637013655,0.4329860036357399,1.1853595972061157,1.0666666666666667,47.57711410522461,0.8315598623916748
10336645,0.8560244292020798,0.931540846824646,-0.03263339400291443,-8.798611164093018,9.836704724494313,-608.0207380930523,0.8805248431425038,0.9360989332199097,0.6111111111111112,31.55082066853841,0.9258089552775863
10336660,0.832155242562294,0.8705418705940247,0.031091254204511642,-6.027240306138992,5.509610540857555,-408.5685174768195,0.8325325787607576,1.0620628595352173,0.9444444444444444,26.755454805162216,0.9137785909791571
10336740,0.5605036020278931,0.6647984385490417,-0.20148195326328278,-28.03587019443512,-36.692279966041994,-403.7072459275609,0.5139842701055283,0.721779465675354,1.5263157894736843,52.07408101935136,0.7844900531627275
10343500,0.8309957981109619,0.8633496761322021,-0.0322783961892128,-13.314488530158997,3.143852516631885,-226.17021606861135,0.8244077987473486,0.9315593838691711,1.0,34.63736534118652,0.9135408062077254
10348850,0.2534720301628113,0.4027326703071594,-0.03584493696689606,-48.82264733314514,-5.691458874212513,75.43423431396782,0.2290827155811641,0.9298197031021118,0.8571428571428571,42.033021790640696,0.5176516588350073
10396000,0.777130514383316,0.9610310196876526,0.07405306398868561,-12.584517896175385,3.1711882624271084,-799.6395920740844,0.8466883656546496,1.0968106985092163,0.45454545454545453,35.37010062824596,0.8876898737725937
11098000,0.8382904529571533,0.7252042293548584,-0.018283182755112648,-21.438542008399963,-56.43470589692888,92.69200640573277,0.6986914409631864,0.8915120959281921,0.25,51.73103014628092,0.9408011245504619
11124500,0.7873691320419312,1.0008232593536377,0.050148703157901764,3.531382977962494,-55.168523418474265,-62.617666236089505,0.7558625649919488,1.22041654586792,0.0,59.999660650889076,0.8950287862125896
11141280,0.6918338239192963,0.7717057466506958,-0.06843765079975128,-23.555457592010498,-4.083313497347853,-68.43881878897368,0.6756105344150428,0.8369478583335876,0.2857142857142857,49.78781427655901,0.8371373020972143
11143000,0.8126673847436905,0.8501730561256409,-0.03493253514170647,-20.78007310628891,-5.102930672567561,1.4646436689791846,0.8084369806062339,0.9294057488441467,0.47058823529411764,37.20425437478458,0.9037465377647621
11148900,0.7913380712270737,0.8803014755249023,0.01915331557393074,-11.999215930700302,-78.01285916822555,-97.38484194365556,0.8224078704729151,1.071229100227356,0.13333333333333333,41.287126541137695,0.8898290283729392
11151300,0.6380889713764191,0.5781069397926331,-0.023353539407253265,-38.03194761276245,14.21999690621251,15.757054680741492,0.5329210616133377,0.8774601817131042,0.6666666666666666,67.82402674357097,0.8414031104734743
11162500,0.8794458732008934,0.8123570084571838,-0.01551345270127058,-18.479441106319427,-13.483866177363923,35.1501977182278,0.7994073693594952,0.9522110819816589,0.16666666666666666,39.946746826171875,0.9476193689730941
11176400,0.4701762795448303,1.335038423538208,0.13026736676692963,28.952756524086,-81.16170222589575,34.49826563554362,0.31612691716293095,1.5769933462142944,0.2,39.82107162475586,0.8499655819268777
11180500,0.7371488809585571,0.8994073271751404,-0.04590562358498573,-22.179235517978668,-78.09107782439614,-368.4801858463632,0.746092705419571,0.8130834698677063,0.35294117647058826,56.9584846496582,0.8606721880656741
11180960,0.7736482471227646,0.9273871779441833,-0.021631233394145966,-10.307539999485016,-34.211140099072324,-41.423048224584456,0.8351925309840298,0.9120136499404907,0.5294117647058824,51.1015162748449,0.8810576521177348
11224500,0.27795642614364624,1.0657885074615479,0.024911971762776375,8.815118670463562,5.61795346359981,14.544295162937647,0.635395075645298,1.1242313385009766,0.6153846153846154,54.97067524836614,0.6635847838103401
11230500,0.6451858878135681,1.2724381685256958,0.198994979262352,29.784321784973145,15.968047850180165,20.273780190871378,0.5773766510295015,1.3089019060134888,0.8333333333333334,30.34023443857829,0.9053028411902547
11237500,0.6833561956882477,1.0943727493286133,0.06878352165222168,12.704823911190033,-27.080010299740405,-8.836211298644434,0.7742247131114606,1.1513376235961914,0.5263157894736842,37.082508990639134,0.8615616092334987
11253310,0.583595484495163,0.8539711236953735,0.06739822775125504,0.6723047699779272,-71.57244951646517,-125.06139003884036,0.5507290381156378,1.3580987453460693,0.5833333333333334,52.25944519042969,0.7713403116872607
11264500,0.8171505630016327,1.0878839492797852,0.12900269031524658,10.350385308265686,-23.07554506051987,27.951712833215442,0.761087785350103,1.2098802328109741,0.9473684210526315,20.99869502218146,0.9271594505572761
11266500,0.8350769430398941,1.0660077333450317,0.09233852475881577,9.677112847566605,-26.054584569259674,27.243916677658774,0.8227615621235308,1.148226022720337,0.85,24.448530673980713,0.9286873840891221
11274500,0.8323876857757568,0.9494274258613586,0.04553533345460892,-10.858192294836044,-71.23074562940442,-3331.53664255344,0.698732243598549,1.2843196392059326,0.35714285714285715,44.91596903119768,0.91416866216839
11274630,0.6309072077274323,1.1508982181549072,0.05969923734664917,17.183206975460052,1.3109635915971583,7.779832589454302,0.6212906554020761,1.3138097524642944,0.3076923076923077,40.86334155156062,0.8510908508460232
11284400,0.7158568203449249,0.7142181992530823,0.0031630939338356256,-24.33421164751053,-85.03633946618487,86.71001560196886,0.6806451904925185,1.0150647163391113,0.11764705882352941,44.1929817199707,0.8582632332842641
11299600,0.7143402993679047,0.790335476398468,-0.00210601557046175,-23.23269248008728,-83.17086424391398,-149.16079585327063,0.7403202581331012,0.9903184771537781,0.25,44.41076219081879,0.8470927601636211
11381500,0.8177311420440674,0.8166021108627319,-0.09257171303033829,-13.275843858718872,9.767359625223358,-99.55729219139363,0.7632872117450337,0.8773489594459534,0.05,23.069040775299072,0.9142393992882253
11383500,0.8485727608203888,0.8014529347419739,-0.05869375914335251,-15.84174782037735,30.190659395769188,-103.08401485528546,0.7666076424152688,0.8977063298225403,0.10526315789473684,20.87538242340088,0.9322721586198909
11451100,0.6987938284873962,0.9572844505310059,0.05490709841251373,-5.8279577642679214,-10.580765356437261,82.73358665048659,0.7822993170033478,1.1469942331314087,0.05263157894736842,36.28078259919819,0.8452044424510837
11468500,0.893496461212635,0.9801705479621887,0.015338454395532608,-3.655649721622467,20.60303954360842,-352.72454015980566,0.9310516891392456,1.0379966497421265,0.3333333333333333,21.93651861614651,0.9459915098266437
11473900,0.8002521097660065,0.7583650946617126,-0.05252532660961151,-23.734882473945618,-22.942185656104794,-21.5212229737436,0.7194446424471368,0.8905776739120483,0.14285714285714285,35.140632447742284,0.9086181871088465
11475560,0.7048172950744629,0.6336305737495422,-0.08786527067422867,-37.72208094596863,10.679810103511585,-484.91514439833037,0.5626765066273502,0.7940779328346252,0.2222222222222222,50.6773312886556,0.8790810865955732
11476600,0.7770746201276779,0.9127623438835144,-0.0352858304977417,-8.408552408218384,6.001796293961926,-213.97666902522522,0.836506278638502,0.9267283082008362,0.2777777777777778,38.07203504774306,0.8827351397015231
11478500,0.795240193605423,0.7659489512443542,-0.10326937586069107,-24.99278485774994,-8.95291527266367,13.067800095047467,0.666657267231421,0.7807584404945374,0.05263157894736842,35.57718176590769,0.9090570362720716
11480390,0.7449053525924683,0.6615713834762573,-0.09636767208576202,-35.43509840965271,-39.15873681234082,77.55359011591455,0.5767343712985444,0.7659562230110168,0.05555555555555555,42.3731353547838,0.90078621864582
11481200,0.7861402779817581,0.8493912816047668,-0.05989904701709747,-15.664345026016235,3.5826855195032086,17.10705369748593,0.7753220491793292,0.8750863671302795,0.14814814814814814,47.28110984519676,0.8895745507067786
11482500,0.8116384297609329,0.8265462517738342,-0.11445239931344986,-14.763815701007843,-8.31327628055359,39.41706297938734,0.71609782074217,0.793114185333252,0.13636363636363635,40.22767327048562,0.9121791351482184
11522500,0.7992233783006668,0.8027963042259216,-0.027377838268876076,-23.526184260845184,0.9144232799589955,14.090978450289542,0.7754941137486747,0.9620341658592224,0.375,35.96787055333455,0.8996396952349549
11523200,0.8251411020755768,0.9072322249412537,0.038222718983888626,-9.905219823122025,1.0866428153460677,-0.3021165413554663,0.8585040541570826,1.0562736988067627,0.2608695652173913,29.369615471881367,0.909178673081498
11528700,0.7916634976863861,0.7845941185951233,-0.14448341727256775,-20.605701208114624,-15.779643326421224,-342.3188604937584,0.6404171822879148,0.7264692187309265,0.16666666666666666,33.9462227291531,0.9101055021245394
11532500,0.9144313931465149,0.9419212341308594,-0.006479070521891117,-6.449564546346664,3.887528013535238,-50.760944284766516,0.9265829791446916,0.9892703890800476,0.2916666666666667,23.362366358439125,0.9563904671442954
12010000,0.8995314463973045,0.9874824285507202,0.014378772117197514,-2.556522749364376,13.03088473268566,-5.423154878300542,0.9431936259841857,1.0223852396011353,0.2222222222222222,23.77545392071759,0.9493129643613228
12013500,0.8941752687096596,0.9278478622436523,-0.029572073370218277,-6.841408461332321,-12.479265868178931,35.3190776835773,0.8987724412822821,0.9536104798316956,0.34615384615384615,29.36275005340576,0.9462496504226015
12020000,0.6384800672531128,0.7307968139648438,0.007085547316819429,-16.260908544063568,-7.409109690483505,15.435165886645875,0.6656457922361855,1.015021800994873,0.3181818181818182,29.553324526006524,0.802271078562696
12025000,0.9173784852027893,0.8861361742019653,-0.03737865760922432,-13.69946002960205,-9.353979730581997,13.171545100102486,0.8672416254879282,0.9436404705047607,0.32,29.604032516479496,0.961484826200605
12025700,0.8495339602231979,0.8245866894721985,-0.07509471476078033,-19.526460766792297,12.76028274156071,-31.482383100235257,0.7820096304803196,0.8906068801879883,0.32142857142857145,35.380639348711284,0.930839917359804
12035000,0.9322668761014938,0.8970539569854736,-0.084759421646595,-11.05683147907257,7.996755632752555,-23.474846621496482,0.8400623002608993,0.8808068037033081,0.16,19.405941009521484,0.9721582690540927
12040500,0.848891943693161,0.8106094002723694,-0.13466505706310272,-16.676877439022064,-8.998667790383191,22.588057838796388,0.7240181802188165,0.808402419090271,0.2903225806451613,37.598059254307906,0.9401039853238804
12041200,0.774771124124527,0.8259375095367432,-0.17786045372486115,-16.677701473236084,-7.2261167872413115,2.3933854296173034,0.7191116751367294,0.8029515147209167,0.3235294117647059,35.10178678175983,0.9011445757308088
12043000,0.8224117904901505,0.8526490926742554,-0.0941833108663559,-11.845097690820694,-16.22359726608284,38.400164819171245,0.7764178038729579,0.8556206822395325,0.16666666666666666,34.36473846435547,0.9137948891405336
12048000,0.6083167195320129,0.9606590270996094,0.004784223157912493,0.9355327114462852,-17.49729497621107,18.716315641034413,0.7931367997030938,1.0042048692703247,0.5333333333333333,30.187822977701824,0.7969556931043175
12054000,0.7357945144176483,0.8183079361915588,-0.12767080962657928,-20.74509710073471,11.292386347011508,-33.10072636709683,0.7319192443031454,0.8529808521270752,0.28125,39.70513939857483,0.8686963226609967
12056500,0.713822990655899,0.7650109529495239,-0.15092508494853973,-21.97451740503311,1.3013568530266266,-13.02601125946135,0.67082837180266,0.8139325976371765,0.34375,42.341452836990356,0.8639374028090446
12073500,0.7839870303869247,1.1281955242156982,0.042969610542058945,12.600156664848328,33.859317772703555,-34.456406615802756,0.8330611361319065,1.0612788200378418,0.2857142857142857,32.38843509129116,0.9123678252272489
12082500,0.8293585777282715,0.9352971911430359,-0.07572101801633835,-4.468006640672684,-10.985318339171315,31.738395612736664,0.871970801540622,0.930553674697876,0.2903225806451613,24.000320126933435,0.9140800949360306
12092000,0.7706070095300674,0.8662707209587097,-0.09452397376298904,-11.20053306221962,-26.850263166596015,28.95718964441211,0.8061293628146156,0.9223390817642212,0.2647058823529412,29.377861583934113,0.8830765820353367
12095000,0.8587015867233276,0.8782739043235779,-0.03858445957303047,-10.064271837472916,3.5847697716462035,15.929888803033835,0.8501876703424438,0.9493736028671265,0.24242424242424243,37.85279302886038,0.928842009147648
12114500,0.8040142208337784,1.0279476642608643,-0.02713378146290779,3.3964093774557114,-5.020467014082734,-2.8718039479533637,0.896566225684039,0.9688538312911987,0.25806451612903225,26.506356270082538,0.9054093561372476
12115000,0.8286456912755966,1.0464853048324585,-0.0017467010766267776,4.897283390164375,1.6281838898359176,6.4920573832998025,0.9067268492970799,0.9979248046875,0.3333333333333333,25.123875935872398,0.9191625665851642
12115500,0.8350397646427155,0.9416803121566772,-0.012193609960377216,1.2698953039944172,-10.9800900227732,27.525458316345215,0.8949780442101934,0.9831668138504028,0.30303030303030304,28.435131997773144,0.9142966217012043
12117000,0.8668875098228455,1.032281756401062,0.007149724289774895,0.9377813898026943,5.790558986760275,-10.302608364003955,0.9280368907755405,1.00689697265625,0.2857142857142857,24.89328724997384,0.9360546400346912
12141300,0.8265901803970337,0.9571777582168579,0.00917517114430666,-2.319374494254589,-9.704544968196537,-20.1374340358663,0.9000923251291083,1.0110840797424316,0.2727272727272727,25.378972833806817,0.9104179578094062
12143600,0.8447988331317902,0.8970198035240173,-0.012987119145691395,-8.990325778722763,-3.845128490860787,2.5039327950896064,0.8682712548645639,0.983671247959137,0.28125,28.881993889808655,0.9194958803196215
12144000,0.8578042387962341,0.9483107924461365,-0.05270365998148918,-6.316895037889481,0.3322497702179726,-18.18960991799524,0.8961727435366842,0.9460563063621521,0.25,26.214131712913513,0.9279000490717311
12145500,0.9010330513119698,1.0385781526565552,0.013560736551880836,4.7216445207595825,-10.816659330112751,-0.5258289569905996,0.9361562128745271,1.0198427438735962,0.14705882352941177,21.895746623768524,0.9531596241721196
12147500,0.6279512643814087,1.2732616662979126,0.1983647644519806,28.2427579164505,11.67204142878936,17.741960239074867,0.6399464709100794,1.2114230394363403,0.16216216216216217,43.360684369061445,0.8986742681363995
12147600,0.6529172658920288,0.9266000390052795,0.12778952717781067,-8.359918743371964,-12.929949153100367,13.851366367672144,0.7212623511828942,1.2036726474761963,0.24242424242424243,51.18883306329901,0.8244307109312713
12167000,0.7610689401626587,1.1022168397903442,0.029590951278805733,8.670834451913834,7.9850878271259145,8.614646887443532,0.850581780834514,1.0348857641220093,0.3125,24.18423593044281,0.8967502767873741
12175500,0.8039992600679398,0.981170117855072,-0.00466133700683713,-0.9875393472611904,-12.677963151522656,7.673852223766355,0.8984569596134836,0.9957039952278137,0.59375,30.949723720550537,0.9003106378175526
12178100,0.7853711396455765,0.9701189398765564,-0.027373768389225006,-6.193331256508827,-10.594533938099294,-21.121760322766633,0.8830097968026526,0.9727306962013245,0.22857142857142856,25.32381330217634,0.8902265288861132
12186000,0.716101735830307,0.8884162902832031,0.016807081177830696,-4.9639541655778885,-12.900081770934452,15.150912126232265,0.8100049740735363,1.0188933610916138,0.40625,26.83994174003601,0.847388642266386
12189500,0.8225700259208679,0.9320690631866455,-0.026064623147249222,-7.367119938135147,-8.68989612331434,8.966191792587749,0.8830218208399571,0.9767091870307922,0.4411764705882353,27.878750071806067,0.907659216732299
12358500,0.9277823492884636,0.902688205242157,-0.023012667894363403,-11.867653578519821,-11.925670739885938,-21.329846468821145,0.8922433453186583,0.9691095352172852,0.2,26.57505989074707,0.9655371154046966
12374250,0.7278953790664673,0.7931000590324402,0.0054798610508441925,-26.422542333602905,3.456340018166041,7.2497620002978405,0.7474462320194014,1.009189248085022,0.6875,39.81049358844757,0.855461500393666
12375900,0.8247236758470535,1.0063247680664062,0.026776831597089767,-4.761186987161636,-5.458937957198381,36.356933208308384,0.9068140479431097,1.033537745475769,0.9333333333333333,28.610623677571617,0.913288763138462
12377150,0.9015504941344261,0.9811628460884094,0.01817953772842884,-7.532482594251633,-1.8565474169192777,-53.003735948673715,0.9418152361888481,1.0234209299087524,0.5882352941176471,26.67959998635685,0.9501794378345659
12381400,0.8635631948709488,0.796318769454956,-0.07036295533180237,-23.408855497837067,-6.272715862970987,74.70087260952285,0.7641260011699931,0.8953236937522888,0.4375,20.971062779426575,0.9434900844271545
12383500,0.7691730558872223,0.759191632270813,-0.09013372659683228,-23.129624128341675,-3.929937810414287,41.24993974711356,0.7250543170062058,0.9235895872116089,0.9333333333333333,37.446603775024414,0.8915200136152465
12388400,0.8262932300567627,0.7308509945869446,-0.11392824351787567,-27.258938550949097,-17.17031338639938,7.939909365718181,0.6664037695020674,0.812390923500061,0.75,34.70303416252136,0.9396005604129234
12390700,0.8587455302476883,0.8457909822463989,-0.1038520336151123,-15.30904471874237,5.156137421822458,-1167.3830794895878,0.7820743563625522,0.8595247864723206,0.5555555555555556,31.30764166514079,0.9369295680796595
12411000,0.8200065493583679,0.8043122887611389,-0.04914860054850578,-24.825726449489594,5.962042981224244,-168.37495000803202,0.7735608993634288,0.925946831703186,0.36363636363636365,39.992159063165836,0.9134141222115343
12414500,0.9112594947218895,0.9121070504188538,-0.012115239165723324,-14.707574248313904,3.7018345686723455,30.455681646457457,0.9003235767251769,0.9843470454216003,0.5,27.32243537902832,0.9556693809680676
12447390,0.7384625375270844,0.9773426651954651,-0.01924808882176876,-6.994068622589111,-1.479860848557521,-734.6657394079983,0.8604330364356929,0.9655926823616028,0.5882352941176471,36.738678988288434,0.8666518879359506
12451000,0.8428303152322769,0.8663862943649292,-0.05914926156401634,-11.149264127016068,-11.00614693987208,11.805358376072672,0.8314438623401994,0.9335561394691467,0.6666666666666666,30.548900365829468,0.9216178425468473
12488500,0.6897957026958466,0.9182772636413574,-0.08405272662639618,-11.05249673128128,5.858860452075371,22.75590053484978,0.7945560916807098,0.9026787281036377,0.6785714285714286,32.345713887895855,0.8385776847395782
13011500,0.8573014885187149,0.7566198706626892,-0.06411648541688919,-30.154618620872498,17.725198870881766,-22.16046087938994,0.7199398833991064,0.8717429637908936,0.6666666666666666,31.5054194132487,0.9475603755055787
13011900,0.9146611839532852,0.8591770529747009,-0.036527711898088455,-15.099433064460754,3.2172821893355388,-103.84782863161404,0.8440848210700538,0.9444686770439148,0.9333333333333333,24.938387870788574,0.9626541463799002
13018300,0.8709462285041809,0.9048807621002197,0.0026497230865061283,-17.519883811473846,14.539114428708352,19.827828148009388,0.8839986496054207,1.0034760236740112,0.4666666666666667,24.656871159871418,0.9336934306863289
13023000,0.9433369114995003,1.0223437547683716,0.02963867224752903,0.997463334351778,4.483782743943095,14.830466512633661,0.9518727878250518,1.0329530239105225,0.7333333333333333,12.26826508839925,0.9729614462343881
13083000,0.6863422393798828,1.135722041130066,0.24798405170440674,3.5469327121973038,-2.9118676473003693,62.30572611495143,0.7730773979367135,1.1499470472335815,0.95,20.980589389801025,0.8970957828629387
13161500,0.7500944882631302,1.123661994934082,0.1463349312543869,13.21040540933609,-8.207795795831808,60.70396023616746,0.7173012583024605,1.2358523607254028,1.125,29.705101251602173,0.905131915237264
13235000,0.8983032926917076,0.7935351729393005,-0.1272002011537552,-21.481159329414368,-0.7272189729005802,14.661257263532038,0.7455828420554246,0.853814959526062,0.9411764705882353,33.786655874813306,0.9729759480272923
13240000,0.9024659246206284,0.8419161438941956,-0.08001912385225296,-16.30069613456726,-14.666228475903273,-437.8334695114835,0.7832592337157667,0.8570204377174377,0.6842105263157895,37.58827510632967,0.960720247229866
13310700,0.9186737686395645,0.8308083415031433,-0.08543404191732407,-17.43127852678299,2.264390910732744,-69.34123570583387,0.7902922755334129,0.8791491389274597,0.5263157894736842,25.38426298844187,0.9726763513771932
13313000,0.8876337334513664,0.80303955078125,-0.062486663460731506,-22.53253608942032,-15.276045883046576,45.786659731879524,0.773069944697068,0.8959702253341675,0.5882352941176471,32.39907657398897,0.9566221551213516
13331500,0.9104071259498596,0.8630384206771851,-0.05327283963561058,-12.804348766803741,-8.62341235881566,20.690066949524578,0.8413285591939257,0.9302411675453186,0.5714285714285714,26.646761667160764,0.9606063810822678
13337000,0.916428729891777,0.8564412593841553,-0.02191091701388359,-14.99004065990448,-7.925711711135131,47.02340867972871,0.8489671487410226,0.9704841375350952,0.8,20.978775024414062,0.9635222805652296
13338500,0.8886880353093147,1.0481046438217163,0.0800560787320137,1.2420368380844593,-0.2033566171813403,46.429776910172265,0.8796445697752648,1.098874807357788,1.0,25.48858165740967,0.951059778327768
13340000,0.9395332932472229,0.9570960998535156,0.015341746620833874,-3.703460469841957,-5.943881926232837,25.853614005311243,0.9440256624190748,1.0190232992172241,0.55,17.71487593650818,0.969495969008411
13340600,0.9119367003440857,0.9634572267532349,-0.019437983632087708,-6.4201682806015015,12.052625354894406,46.79288105504909,0.9379443565618479,0.9774754047393799,0.5833333333333334,15.559269984563192,0.9551873766188161
14020000,0.7881647944450378,0.8457836508750916,-0.0735916942358017,-19.60078775882721,-0.17142370719781758,-87.61255840772326,0.7896720830471744,0.9062031507492065,0.52,31.964715957641605,0.8920310165699289
14092750,0.7523436099290848,0.8858073353767395,-0.040601566433906555,-10.150986164808273,14.551021456622982,-3.6968091221669592,0.8211163181924779,0.9591702818870544,0.37037037037037035,28.512626224093967,0.8684996536807915
14096850,0.7377974390983582,1.2138187885284424,0.047826074063777924,21.512141823768616,14.387455040834842,37.268658629635176,0.7592743785890028,1.0666735172271729,0.6470588235294118,36.44441155826344,0.9117673950486678
14137000,0.8040656596422195,1.0675830841064453,0.013358398340642452,7.231131196022034,6.4199233213656255,-20.899312478761033,0.8868673098344496,1.0146167278289795,0.3793103448275862,30.80896180251549,0.910457364376912
14138800,0.8160687685012817,0.9264515042304993,0.001431025331839919,-5.682167783379555,1.1405146782102054,29.99539400198845,0.878768404776334,1.0022727251052856,0.27586206896551724,26.638137883153455,0.9036539924484966
14138870,0.7944652587175369,1.1206843852996826,0.09421683847904205,18.175917863845825,-5.243794810381554,28.347579936793128,0.808153391758205,1.1250605583190918,0.16129032258064516,29.571659334244266,0.9187580342948575
14138900,0.8346145451068878,0.9702230095863342,-0.019748277962207794,-1.6562135890126228,6.015849614470828,-28.703488975353515,0.9066826513355171,0.9741366505622864,0.16129032258064516,26.17504673619424,0.9154272765039706
14139800,0.8482680320739746,0.9304620027542114,-0.021010279655456543,-5.093344673514366,-10.599865009138478,11.155180485335393,0.8911365944093207,0.9713295698165894,0.28125,25.7439523935318,0.921299844670143
14141500,0.7927325367927551,1.083158016204834,0.03412821516394615,11.926202476024628,-4.764010535703606,-2.223884472830246,0.8687606996415607,1.0430598258972168,0.1935483870967742,30.26314089375158,0.9080524622779349
14154500,0.9133628308773041,0.9380610585212708,0.0015135533176362514,-7.980936765670776,-10.04203038896877,31.03086233401629,0.9239071924631712,1.0024458169937134,0.36666666666666664,25.272445678710938,0.9558672359061356
14158500,0.6636702120304108,0.9917400479316711,-0.18127784132957458,-3.288348764181137,17.12489570707979,23.614425091276516,0.8170251304217558,0.8999311923980713,0.8148148148148148,24.989954630533852,0.8470365735408214
14158790,0.7964341044425964,1.057026743888855,0.011334436945617199,4.687820747494698,-3.678613016074097,13.753792082995334,0.888325910789843,1.015885591506958,0.2962962962962963,28.40609373869719,0.9053073357391023
14166500,0.8741710484027863,1.0209722518920898,0.055572349578142166,-0.312185799703002,2.2482582126323605,22.87108098642966,0.885307750146734,1.0955361127853394,0.2,32.610037326812744,0.9401056932518154
14182500,0.8340933322906494,0.8818532228469849,-0.004571900237351656,-10.564938932657242,2.286451241428753,34.42559672516921,0.8536178550480757,0.9930118918418884,0.21428571428571427,28.83978230612619,0.9138591980914244
14185000,0.8978585973381996,1.0447475910186768,4.088468358531827e-06,4.498773440718651,1.5956173065199057,21.166540592610744,0.9344320755809163,1.000005841255188,0.1724137931034483,22.97975934784988,0.9520749984190752
14185900,0.8743551522493362,1.0552332401275635,0.0002825461851898581,8.637811243534088,-5.302885142977724,26.015551454139846,0.9198429023538127,1.0004041194915771,0.3333333333333333,28.03807258605957,0.9419113937548176
14187000,0.8889560624957085,0.9842435121536255,-0.01174628734588623,-0.2558355685323477,-15.671776253121706,33.22389492515691,0.9390333401119133,0.9824333786964417,0.5185185185185185,26.20716094970703,0.9437854064798645
14216500,0.7991092801094055,1.0734902620315552,-0.045335832983255386,16.173085570335388,-3.241601812955842,6.960691956842339,0.8743163074744165,0.9522688388824463,0.25925925925925924,30.81510331895616,0.9099038945804597
14222500,0.8921896740794182,0.9871325492858887,0.022679351270198822,-0.039003274287097156,0.10192939478106681,5.982964247043961,0.9364448697248761,1.0304821729660034,0.34615384615384615,25.101038125845104,0.9457365645422394
14236200,0.8516422063112259,1.0520325899124146,0.015258022584021091,5.367700755596161,5.760753193000814,2.189331151518129,0.9110423739208396,1.0207245349884033,0.41379310344827586,19.88725333378233,0.9308873204530409
14301000,0.9487445428967476,0.9506312608718872,-0.01662231795489788,-4.962039738893509,-7.276173253589119,44.631628943702374,0.9389293341884908,0.9746918678283691,0.16666666666666666,17.945408821105957,0.9744686023581816
14303200,0.8619217872619629,0.8991070985794067,-0.05301091447472572,-12.434551119804382,1.0358082623462384,16.08257721834483,0.8535334254315231,0.9197871088981628,0.30434782608695654,29.76585471111795,0.9304372800284343
14305500,0.8993169590830803,0.9731057286262512,0.020419426262378693,-4.937338829040527,12.387410538909426,25.465797626429048,0.9341652430148549,1.0315420627593994,0.3181818181818182,26.511448079889472,0.9488530384924933
14306340,0.7751477807760239,1.097507119178772,0.12403307855129242,12.928353250026703,-16.47919774955732,34.26999367939931,0.7444208483893329,1.21797776222229,0.375,38.93221219380696,0.9089024719103317
14306500,0.8454945832490921,1.1695159673690796,0.08531065285205841,17.377841472625732,6.112101800830433,16.08827226411124,0.7802115449394516,1.1304032802581787,0.3181818181818182,39.8737907409668,0.9493414737409903
14308990,0.8485523611307144,1.0203289985656738,-0.051070988178253174,5.380779504776001,0.8999016550553022,7.1532273139089675,0.8746514786568121,0.8999565839767456,0.3684210526315789,37.55510480780351,0.9272655615912345
14309500,0.8039811998605728,1.0587996244430542,0.051736798137426376,2.5348348543047905,1.162390569629193,-46.9594126686074,0.8524539626259948,1.1013497114181519,0.2727272727272727,34.304102984341704,0.9103301984747124
14316700,0.9070835560560226,0.983931303024292,-0.006830664351582527,-1.490269973874092,-7.764501843408252,6.338999698255124,0.9490451752063961,0.9888933300971985,0.2222222222222222,22.86544199343081,0.9529379873898284
14325000,0.8375384956598282,0.9425116181373596,0.0039825886487960815,-10.277129709720612,-11.95276758216051,33.07850551150433,0.8976236519732942,1.0069737434387207,0.24,27.937778472900394,0.9155762504472152
14362250,0.800373375415802,1.124727725982666,0.0013237814418971539,2.5811022147536278,-10.897849618122269,79.35443916620822,0.8507845189253083,1.0035316944122314,0.21428571428571427,37.38811356680734,0.9181722461622996
14400000,0.8953702747821808,0.9520303606987,-0.004163306672126055,-5.561976507306099,15.501519371521026,-0.9234197548757552,0.9276329585297169,0.9930254817008972,0.34782608695652173,24.989752147508703,0.9462667840999599
