basin,FHV_1%,mNSE,NSE,Alpha-NSE,Beta-NSE,FHV,FMS,FLV,KGE,Beta-KGE,Peak-Timing,Peak-MAPE,Pearson-r
01013500,-10.8415886759758,0.7311004400253296,0.9101685956120491,0.9361878037452698,-0.0054163685999810696,-7.85268247127533,7.493445960544301,46.32699485812776,0.9211935540389083,0.9935169816017151,1.1666666666666667,18.694750467936196,0.9542132114402664
01022500,-9.011588245630264,0.7305733859539032,0.8861891031265259,0.8917518854141235,-0.06928127259016037,-8.95189493894577,-6.392300684947713,21.39007336244428,0.8534733069698867,0.9176803827285767,0.3125,23.912832140922546,0.945448207442556
01030500,7.176756113767624,0.7269064486026764,0.8939637839794159,0.9820090532302856,0.046527113765478134,4.122965037822723,-18.424303556853413,50.84292257408515,0.9192591347949867,1.0584444999694824,0.7586206896551724,13.803440949012494,0.9472775799900971
01031500,-18.061955273151398,0.7190574407577515,0.8823264613747597,0.8378483653068542,0.00011562008148757741,-16.730664670467377,-20.888217535328142,29.38656919991217,0.8289239635465424,1.000187873840332,0.125,24.571384489536285,0.9454672362850964
01047000,-11.862047761678696,0.7352177202701569,0.8667469322681427,0.8769097924232483,-0.02712557464838028,-12.36150935292244,-9.831130841099277,18.682321037869457,0.853780204283313,0.958158552646637,0.03125,22.621910274028778,0.9330797284709812
01052500,-25.537380576133728,0.6650886535644531,0.8088300675153732,0.7681679129600525,-0.06766361743211746,-24.03380423784256,-4.59066648634984,-429.9401680854917,0.7298161614766423,0.891481339931488,0.4411764705882353,39.349547554464905,0.9135309856951475
01054200,-24.69519078731537,0.5989275276660919,0.6933525502681732,0.8002226948738098,-0.015310782939195633,-23.464670777320862,0.7061272455117718,18.034197223422073,0.738331985458014,0.9711707830429077,0.21875,41.123026609420776,0.833482570160049
01055000,-16.624829173088074,0.6656048595905304,0.7372992932796478,0.8497416377067566,-0.0072857532650232315,-16.59713238477707,-3.180919538373074,-337.4442223688077,0.7933637057626486,0.9870996475219727,0.14705882352941177,42.426555296953985,0.8587393771674486
01057000,7.22837820649147,0.6876747906208038,0.8131282776594162,1.0220599174499512,0.0520145557820797,1.605280302464962,-12.365311929601292,52.33996710085741,0.8783834441945891,1.0789276361465454,0.1875,26.4203280210495,0.9101424742139508
01073000,11.993872374296188,0.6895575225353241,0.8794031292200089,1.1247419118881226,0.08237159252166748,11.413808166980743,-16.749658897680362,73.98986119133467,0.8007297336725714,1.1491321325302124,0.2,15.701395670572918,0.9563227575539461
01078000,-3.1061995774507523,0.7171974778175354,0.8900313675403595,0.9643745422363281,0.039126429706811905,-1.7608722671866417,-14.757779026764231,36.484536654359786,0.9130069697062289,1.0566681623458862,0.34375,30.415046215057373,0.9444362217342801
01118300,-7.313665002584457,0.6682576537132263,0.8410307317972183,0.9097539186477661,-0.027488334104418755,-5.6310344487428665,-22.418239669130976,64.02123168407833,0.8719329876976718,0.9618661403656006,0.2,27.5498104095459,0.9175220442178966
01121000,-22.6544126868248,0.6648018956184387,0.7815501838922501,0.7868815064430237,-0.04066618159413338,-21.718986332416534,-14.278511208043426,71.36780514498683,0.7526565782246621,0.9375426769256592,0.41935483870967744,34.782182016680316,0.8911039082706587
01123000,-5.146575346589088,0.6717856228351593,0.8256067782640457,0.9797263145446777,0.04045714810490608,-4.815780371427536,-3.4949734521704676,1.3358738149008154,0.8932425055530465,1.057007908821106,0.06666666666666667,27.49421755472819,0.9120441097453137
01134500,-4.030655696988106,0.6399941444396973,0.8141142427921295,0.920630931854248,-0.01212830189615488,-6.678909063339233,-13.22537650665318,41.371629090498914,0.8732628529608288,0.9837064146995544,0.25,29.28878731197781,0.9025455258114816
01137500,-21.158872544765472,0.6306996941566467,0.7540569752454758,0.7923710942268372,-0.08933943510055542,-21.786226332187653,-6.550008046858011,33.64339448105761,0.7313634099242655,0.8819408416748047,0.17647058823529413,40.99394573884852,0.8770451702839464
01139000,-11.079101264476776,0.6732062697410583,0.827119380235672,0.9070913195610046,0.0007390766404569149,-10.981182008981705,-6.372767166798157,16.74700507974594,0.8702718691358264,1.0008213520050049,0.125,23.12805950641632,0.9094644245753049
01139800,-1.4219669625163078,0.535622239112854,0.7008572816848755,1.0748759508132935,0.11254584789276123,2.6267535984516144,2.778308445210253,16.931039404273786,0.809629566800836,1.116466760635376,0.4444444444444444,44.783364401923286,0.8693478377777671
01142500,-13.484908640384674,0.65310338139534,0.8170092701911926,0.9133481383323669,0.02499176375567913,-10.815130174160004,1.0191723519872882,-369.4422830853089,0.8674241142983141,1.0300806760787964,0.3611111111111111,33.77274407280816,0.9042765793247943
01144000,-5.864686146378517,0.7245188355445862,0.8858176022768021,0.9638856053352356,0.006992898881435394,-3.622850403189659,-1.1450193333138337,7.6208452134984,0.9307197016506223,1.0083632469177246,0.17647058823529413,20.362154175253476,0.941471662091175
01162500,-9.342429041862488,0.6735174655914307,0.8392624855041504,0.8803207278251648,-0.027234377339482307,-9.480071812868118,-23.800270866180046,-337.3554867321098,0.8504256243700612,0.9653053283691406,0.625,22.520890831947327,0.91726158439265
01169000,-16.25039577484131,0.6379521787166595,0.7234977185726166,0.8570960760116577,-0.03543027490377426,-13.458971679210663,-2.7394616584975084,8.669442826816056,0.7873052791025942,0.947857677936554,0.24242424242424243,38.562384518710054,0.8513437150464491
01170100,-25.73939859867096,0.6455911099910736,0.7221956551074982,0.7746391892433167,-0.08632206171751022,-23.22874367237091,-10.91849986490631,14.261256260449805,0.7102621997172583,0.8856512308120728,0.40625,41.33863151073456,0.8582789469663086
01181000,-23.96923005580902,0.6920470893383026,0.7444295883178711,0.7460337281227112,-0.037382401525974274,-21.883420646190643,-13.986925828303063,15.42427006544204,0.7098141851495975,0.9404263496398926,0.41935483870967744,40.207939763222974,0.8728783257193535
01187300,-32.79040455818176,0.6454987823963165,0.7567335963249207,0.7308388948440552,-0.003884918987751007,-29.75304424762726,-22.61227423646265,49.17112695328495,0.7064866931476096,0.9931159615516663,0.3333333333333333,41.580003102620445,0.8831455144836204
01195100,-13.343805074691772,0.6276748180389404,0.7661755532026291,0.8745911121368408,0.035703565925359726,-13.275517523288727,-28.51585253413781,87.21201077025582,0.81467646132004,1.0570284128189087,0.12903225806451613,28.62384242396201,0.876043616682543
01333000,-15.902730822563171,0.61723193526268,0.72559654712677,0.837225079536438,-0.05716479942202568,-15.600471198558807,-9.89003252755411,13.773369245199941,0.7710495856827384,0.9323471188545227,0.42857142857142855,33.15917151314871,0.8538983054278878
01350000,-4.924893379211426,0.6396180391311646,0.6609041094779968,0.9616641998291016,0.0033844904974102974,-7.788882404565811,-6.219810486025959,27.854919875403205,0.8202207296777484,1.0061492919921875,0.30303030303030304,36.55615719881924,0.8244632839806642
01350080,17.544537782669067,0.4440513253211975,0.4285008907318115,1.2137515544891357,0.13351483643054962,16.143374145030975,-10.90703577837919,-1.643662299055449,0.6280071400079316,1.221130132675171,0.3448275862068966,55.141412800755994,0.7907383808205194
01350140,-15.124131739139557,0.4480990767478943,0.6330971419811249,0.9072562456130981,0.11027338355779648,-12.22081258893013,-23.87309359537941,-281.3797877606405,0.7081279797973015,1.2004930973052979,0.375,45.07066011428833,0.8092373460754049
01365000,-1.9293580204248428,0.5982672870159149,0.6508716642856598,1.019600510597229,-0.007851039990782738,-2.7937324717640877,-4.626389185795816,8.771010590955097,0.8275639298985443,0.9893925786018372,0.4117647058823529,41.67200256796444,0.829010231687262
01411300,1.553552970290184,0.508079320192337,0.6665329337120056,1.0223308801651,0.16789758205413818,4.309506714344025,8.737756524687711,28.773171842056705,0.777517361026266,1.163648247718811,0.4666666666666667,42.779623667399086,0.8509392491152301
01413500,10.225087404251099,0.5994862020015717,0.6576092541217804,1.1230881214141846,0.06455792486667633,9.238151460886002,-6.9363595396330595,-437.71447289093766,0.7889118736147025,1.0933799743652344,0.16129032258064516,43.73698388376543,0.8561678344210502
01414500,12.508097290992737,0.4961673617362976,0.43703508377075195,1.1664886474609375,0.10698225349187851,11.918777972459793,-15.010092115940383,26.654682824552467,0.6812630377676321,1.153183937072754,0.2222222222222222,43.77618630727132,0.7754794824907172
01415000,9.400110691785812,0.5429775416851044,0.5290975272655487,1.169272541999817,0.09353338927030563,9.23159047961235,-12.572390263119306,-390.53354662261665,0.7143462423804368,1.136316180229187,0.3333333333333333,47.891575495402016,0.8146280097349651
01423000,4.093316942453384,0.634456604719162,0.7745563089847565,1.091559648513794,0.05340475216507912,5.514679104089737,-2.7684744300523207,-489.471149528153,0.8451187632392128,1.077313780784607,0.0967741935483871,31.77950459141885,0.9018796271645318
01434025,-3.555985540151596,0.48531168699264526,0.5740298330783844,0.9811976552009583,0.07904519140720367,-3.230876848101616,-5.048993789378536,29.150991392428065,0.7487326973245059,1.1308168172836304,0.5142857142857142,46.78924015590123,0.7862976613612814
01435000,-15.708659589290619,0.6182716190814972,0.6758617162704468,0.9328837990760803,-0.014723465777933598,-11.707811802625656,3.6343876229662904,-8.365449499373955,0.8148277307382875,0.9782009124755859,0.40540540540540543,38.83145306561444,0.8288013298527844
01439500,-10.728257149457932,0.6528483033180237,0.8068757653236389,0.9940351247787476,0.05638345330953598,-8.913449943065643,-4.104007195864525,22.510222682689648,0.8840430430694994,1.065463662147522,0.1875,28.19579541683197,0.9044754216841971
01440000,-18.642626702785492,0.6430182158946991,0.8061889559030533,0.8880987167358398,0.06758219003677368,-14.017480611801147,-4.208751490584577,-8.383601701281076,0.8247389735521515,1.0910789966583252,0.21875,28.996944427490234,0.9005055450635543
01440400,-21.344415843486786,0.6177369356155396,0.7239491641521454,0.892993688583374,0.04124659299850464,-16.831527650356293,-4.628432019604924,-1.2348174450258742,0.8086622388295049,1.0590901374816895,0.3793103448275862,45.61411430095804,0.8527989680092544
01451800,-10.420610755681992,0.6523171067237854,0.8266004621982574,0.9314960241317749,-0.020479122176766396,-10.04892885684967,-1.1900779170404685,41.699853926610736,0.882018494915286,0.9673348069190979,0.0967741935483871,35.23760764829574,0.9096682448233878
01466500,4.560724645853043,0.28596967458724976,0.4618438482284546,1.0964971780776978,0.29566511511802673,7.824289798736572,-9.921919486931682,11.093622252128114,0.7123151381144053,1.1814757585525513,0.375,38.053766886393234,0.7987105977977208
01484100,-20.164048671722412,0.5536084473133087,0.579064130783081,0.8190780282020569,-0.05087500065565109,-21.225586533546448,-6.440329417821928,56.46204425226734,0.6970813713572038,0.9398683905601501,0.1875,44.004249572753906,0.7646043219475984
01485500,-3.013358823955059,0.690339982509613,0.8581607639789581,0.9433338046073914,0.02258416824042797,-3.3008046448230743,-13.623660766984488,39.64913740267535,0.8991662294912764,1.0399632453918457,0.2,27.580410639444985,0.9267925509768047
01486000,-21.277005970478058,0.6440331935882568,0.7572775781154633,0.8148384690284729,-0.04084838554263115,-20.732837915420532,-8.387989234013725,30.95337400820693,0.7635150868889234,0.925552248954773,0.15625,37.160131335258484,0.8731226815315616
01487000,-22.259800136089325,0.651885986328125,0.7713069021701813,0.833637535572052,-0.11751741915941238,-22.243700921535492,-4.39144322046434,-20.20605601018468,0.7721264549974909,0.8920997977256775,0.26666666666666666,33.65253130594889,0.8877171905827497
01491000,-22.513359785079956,0.6395349204540253,0.7255263924598694,0.8193308711051941,-0.06335994601249695,-23.545648157596588,-8.995652283949743,60.049917485680226,0.7456330330160569,0.8951252102851868,0.27586206896551724,40.86009716165477,0.8548707533290546
01510000,-15.832053124904633,0.6339718401432037,0.7730495482683182,0.8442589044570923,-0.08527764678001404,-15.324603021144867,-10.369452091847123,18.480348209499585,0.770083120554255,0.8766647577285767,0.20588235294117646,31.64779719184427,0.8842636590045571
01516500,2.6520153507590294,0.29116177558898926,0.3645532727241516,1.0706462860107422,0.20122237503528595,9.810806065797806,-14.963929757774968,25.41869327716738,0.43615244425975563,1.4868499040603638,0.32142857142857145,49.69765458788191,0.7244816897127325
01518862,-30.98626434803009,0.6212308406829834,0.6771931052207947,0.7150615453720093,-0.027703145518898964,-30.29838800430298,-24.12269032862056,57.34468756021225,0.6643244017584595,0.9440922141075134,0.4827586206896552,47.605244866732896,0.8315882907704206
01532000,-8.49916860461235,0.585343211889267,0.5832464694976807,0.8852440118789673,0.07924143224954605,-3.360932692885399,-5.13157660649549,-258.69761576523433,0.6918722257541721,1.1772468090057373,0.16,40.13235092163086,0.7755955500678807
01539000,-22.96934276819229,0.6652442216873169,0.7759654074907303,0.801202654838562,0.039310477674007416,-18.66704374551773,-2.3269903670143837,13.38900012478165,0.7618686985544459,1.0644062757492065,0.10714285714285714,33.8050297328404,0.8858160960159682
01542810,-17.79780089855194,0.5872977077960968,0.7302677631378174,0.8724768757820129,0.06571023911237717,-16.17485284805298,-16.580189397750107,-303.90731485386067,0.7702399416501048,1.1270438432693481,0.3870967741935484,37.55307043752363,0.8572155502514913
01543000,-7.790131866931915,0.7042469084262848,0.847979724407196,0.9432733654975891,0.039620183408260345,-6.072206795215607,-7.463249622124975,43.405715594745025,0.8843082789299748,1.0638426542282104,0.1935483870967742,17.74372439230642,0.921956558486497
01543500,-8.281321823596954,0.6864892840385437,0.8700343668460846,0.9452727437019348,0.06996196508407593,-5.520471930503845,-8.889155656524064,34.37890159265665,0.8649993735451166,1.1051692962646484,0.3333333333333333,19.08308982849121,0.935428212937108
01544500,3.362777456641197,0.6344259977340698,0.7772009670734406,1.0710054636001587,0.07435470074415207,5.334987863898277,2.3092203682798775,46.445810784773684,0.8341791183079424,1.1124193668365479,0.37037037037037035,27.100278713085036,0.900920865445203
01545600,20.28667777776718,0.5363144278526306,0.6196574568748474,1.2265591621398926,0.14754897356033325,18.075497448444366,-6.339739739009014,23.12550805732933,0.665988673922366,1.2110639810562134,0.4444444444444444,37.86429299248589,0.874754210053544
01547700,-23.378805816173553,0.581301361322403,0.7672969102859497,0.7938241958618164,0.06362984329462051,-21.704572439193726,-23.03369980414147,54.0302732966159,0.7281293818406387,1.132885217666626,0.3333333333333333,39.46208953857422,0.8827537218841468
01548500,15.268002450466156,0.6799384355545044,0.8086608797311783,1.1431028842926025,0.09285782277584076,13.259550929069519,-0.4301448461821736,30.700577746711723,0.7892260483454379,1.1375185251235962,0.21428571428571427,27.09718772343227,0.9290360764116825
01549500,8.711084723472595,0.4576241970062256,0.6606358885765076,1.1128432750701904,0.1942053884267807,9.947994351387024,-7.582067834539402,-326.31122494532724,0.6212718501378787,1.3374180793762207,0.41379310344827586,34.16159070771316,0.870190730379217
01550000,2.547849714756012,0.5827213823795319,0.6814758777618408,1.0257313251495361,0.09543203562498093,4.77752760052681,-1.1229830180829345,-458.22104526917116,0.7791450481956569,1.1595717668533325,0.14814814814814814,40.5135296009205,0.8494953161331739
01552000,2.917914465069771,0.6340889632701874,0.7930873930454254,1.0750185251235962,0.10150842368602753,7.283719629049301,4.836891671945389,28.849678036514025,0.8083523747966742,1.1523510217666626,0.2,26.351858774820965,0.9111732061762404
01552500,-12.255291640758514,0.605842113494873,0.7470816373825073,0.9307799339294434,0.05683494731783867,-7.06976056098938,7.454829396864334,-364.72847808810593,0.8222764580883688,1.0974044799804688,0.2857142857142857,34.455800737653455,0.8684454216587747
01557500,-9.765060991048813,0.66746386885643,0.7910967618227005,0.9342694282531738,-0.01260058768093586,-8.365827798843384,-3.920268022358224,22.660200016535605,0.8710469715947713,0.9815789461135864,0.4666666666666667,36.81836128234863,0.8905968910568401
01567500,15.418420732021332,0.4915642738342285,0.6192752420902252,1.1495205163955688,0.05631617456674576,14.4275963306427,6.50225959863643,-1.5484861202389157,0.7665865784563516,1.0908617973327637,0.3548387096774194,52.36799793858682,0.8455021866854578
01568000,-15.560191869735718,0.6229867339134216,0.78983935713768,0.9151284098625183,0.06893306225538254,-10.353992879390717,-9.1278767353779,-475.3718213313132,0.8208322215128327,1.1147620677947998,0.13333333333333333,34.68283653259277,0.8917060766662148
01580000,-7.280055433511734,0.5726393759250641,0.7814676761627197,0.9803067445755005,0.06595126539468765,-5.187921971082687,-4.706093700774267,-370.05298584993324,0.8667873629183988,1.0739390850067139,0.15625,31.125694513320923,0.8909550822945436
01583500,-3.332243487238884,0.531762033700943,0.701096773147583,0.9616233706474304,0.09547652304172516,-1.2726430781185627,-5.873679765548414,-466.68037684296723,0.8137167654305939,1.1037089824676514,0.08823529411764706,37.62480511384852,0.850089610911384
01586610,-14.12038654088974,0.5097043812274933,0.6690175831317902,0.8616006374359131,0.12208791822195053,-9.18591320514679,-9.36253962824285,47.92560729712008,0.7185170833171386,1.1743214130401611,0.18181818181818182,38.12909848762281,0.8276912835001471
01591400,-16.773781180381775,0.46201038360595703,0.6355393528938293,0.8723438382148743,0.08019737154245377,-13.974256813526154,18.129477243538762,67.8762801520968,0.7293488431453472,1.1363476514816284,0.21875,38.3436918258667,0.8041294534635284
01594950,-4.7183748334646225,0.5076576471328735,0.6626504063606262,0.9733014702796936,0.1479310840368271,-0.7970158942043781,-27.946391754992145,81.22679285014654,0.7184743561286049,1.2289084196090698,0.375,37.991130352020264,0.838306425297554
01596500,-5.907632410526276,0.636709451675415,0.7693038135766983,0.934666633605957,0.053898539394140244,-7.988961786031723,-19.76684296976839,-319.0390124092142,0.8344314142662654,1.0940568447113037,0.16666666666666666,34.937988917032875,0.8804265172354487
01605500,-15.67622572183609,0.588942289352417,0.7536867558956146,0.9041690826416016,0.07717172801494598,-11.108913272619247,-9.1582585155534,-35.95340736670107,0.7860622661000563,1.142278790473938,0.3448275862068966,33.44955115482725,0.8721620750881641
01606500,-16.07218235731125,0.6431212425231934,0.7699062824249268,0.854256808757782,0.05413058027625084,-14.68711793422699,-13.891686022852323,-0.02734855086284046,0.7899764002339071,1.091334581375122,0.23333333333333334,33.68136723836263,0.8794727047085458
01613050,-30.44326901435852,0.5245627760887146,0.6569348871707916,0.7101860046386719,0.05492550507187843,-28.10094654560089,-30.204400094354057,81.8501754875398,0.6390018477934689,1.117595911026001,0.2,45.25258255004883,0.8197259982715235
01620500,-0.11424944968894124,0.4399886727333069,0.5247009098529816,1.041123628616333,0.10299482196569443,6.643827259540558,-8.744444541024253,43.05404149321304,0.6826840286478981,1.2226120233535767,0.3448275862068966,65.23631523395407,0.7776440693325666
01632000,-19.738052785396576,0.4877748489379883,0.5130509734153748,0.7989322543144226,0.07994171231985092,-12.468291074037552,-11.098739231837849,57.645779138803654,0.5903569556864976,1.2269515991210938,0.4074074074074074,45.01196190162941,0.7245509900984715
01632900,-15.535193681716919,0.5744001269340515,0.6361396014690399,0.7866296172142029,0.018076203763484955,-12.041297554969788,-14.497436766772953,-458.52179840921974,0.7037906889103944,1.0368173122406006,0.13793103448275862,41.83459446347993,0.7978675650831879
01634500,-3.0348699539899826,0.5394744277000427,0.4929671883583069,1.008221983909607,0.07298518717288971,2.1308695897459984,4.142184631066172,13.505370714016166,0.7040182878954785,1.1601536273956299,0.32,51.565086364746094,0.751226230255407
01638480,-17.44547039270401,0.4918699860572815,0.6365581154823303,0.8097904324531555,0.07565279304981232,-11.032883822917938,-36.007540421919835,76.12157426941201,0.6695378688131803,1.1833317279815674,0.1111111111111111,58.41928058200412,0.8014678412008024
01639500,-4.899321869015694,0.5442240536212921,0.7530936449766159,0.9812594056129456,0.10359856486320496,-3.866448998451233,-1.1766111606935672,78.61166821694276,0.7938021383229213,1.1665147542953491,0.13333333333333333,30.40162086486816,0.8798368405700854
01644000,-12.259893864393234,0.5553719401359558,0.7754136323928833,0.9068595170974731,0.08960770070552826,-7.271285355091095,-34.06244758678162,71.30929318045143,0.7668666323301617,1.1803860664367676,0.1,38.80757967631022,0.8853837507103196
01658500,-17.58117377758026,0.46907925605773926,0.5329636335372925,0.8524454236030579,0.03219309821724892,-16.591045260429382,-28.78880395657985,84.9898517237826,0.685220353430805,1.097066879272461,0.375,51.883137226104736,0.7394392703670568
01664000,18.827039003372192,0.5868476033210754,0.6525087952613831,1.2598291635513306,0.09852258116006851,19.478726387023926,-9.375038127392683,51.57964772988514,0.6762806381777556,1.1605523824691772,0.13333333333333333,44.56997871398926,0.892734145832478
01666500,15.78940749168396,0.5013378858566284,0.5267720520496368,1.2008092403411865,0.05973032861948013,19.544152915477753,-1.9861350711200734,38.15668281956574,0.7087759516592623,1.1119312047958374,0.10714285714285714,64.85718318394252,0.8212305934492252
01667500,-5.056256055831909,0.6129562854766846,0.8303272873163223,0.9586912989616394,0.05927407369017601,-1.5435515902936459,-15.644861747850344,60.968067711176744,0.8567743230485185,1.1070083379745483,0.034482758620689655,33.602872388116246,0.9142305336342921
01669000,-16.737444698810577,0.5701184868812561,0.6918924748897552,0.9442874193191528,0.027567602694034576,-16.109243035316467,-19.79224787950475,88.27904768666815,0.8260644726366493,1.0346041917800903,0.1935483870967742,40.745359851467995,0.8389030542055693
01669520,-25.554877519607544,0.6134938895702362,0.7486555874347687,0.7386853694915771,-0.04112197458744049,-23.310361802577972,-11.805326839335208,86.9205240932247,0.7047850534784968,0.9383922815322876,0.72,39.29310607910156,0.8772359272541698
02011400,15.095432102680206,0.5511095821857452,0.7557634264230728,1.1592271327972412,0.17791928350925446,12.637418508529663,-10.232746800709482,-25.62198027411224,0.6579757287889962,1.2917290925979614,0.35714285714285715,28.461902482169016,0.919244450280132
02011460,-24.581491947174072,0.6428576111793518,0.8032564073801041,0.7992306351661682,0.02820073813199997,-23.100709915161133,-15.934977769068725,14.477474833965376,0.7697345416549314,1.056861162185669,0.3793103448275862,38.11456746068494,0.9026313618972754
02013000,-18.552498519420624,0.6024993062019348,0.8065301477909088,0.8752232193946838,0.08130228519439697,-14.696851372718811,-4.088613987928326,-13.510960874343874,0.7626859851584932,1.1765588521957397,0.42857142857142855,38.05630888257708,0.9021446558777159
02014000,-1.8235398456454277,0.5839463174343109,0.7856716811656952,1.0483001470565796,0.1024312973022461,2.5933897122740746,4.768622156803795,-54.368276370930126,0.789281848833312,1.1811965703964233,0.2,38.759368896484375,0.9038904900543449
02015700,-9.352460503578186,0.6005456745624542,0.7014304101467133,0.9553378224372864,-0.018064429983496666,-10.38115993142128,5.571397009750456,-53.40753917176744,0.8360125632779247,0.9707263708114624,0.5666666666666667,40.51770528157552,0.8449508983187414
02016000,-7.320380210876465,0.6679310500621796,0.8232506066560745,0.9971473217010498,0.03344784677028656,-5.3678784519433975,14.411790600759792,-46.22374227873797,0.8932924578363993,1.0601943731307983,0.0967741935483871,30.88632091399162,0.911937526581923
02017500,0.7972812280058861,0.6496933102607727,0.818901389837265,1.0087989568710327,0.05351456627249718,-0.003999723048764281,-12.298370829768691,-5.5363966851192545,0.8720505211779825,1.0921761989593506,0.24,27.486166000366214,0.9116982682264169
02018000,3.100672923028469,0.6620004773139954,0.850457638502121,1.0189059972763062,0.07903093844652176,1.6583088785409927,0.11993534885170759,-27.259516300823545,0.8421023308733138,1.140193223953247,0.2857142857142857,22.388153416769846,0.9298565958893961
02027000,-33.464303612709045,0.5105888843536377,0.5988014340400696,0.7162802219390869,0.059598103165626526,-27.812719345092773,-14.147962827110216,54.401387091143796,0.6258472132618046,1.102378487586975,0.23333333333333334,44.6290397644043,0.7786133684243166
02027500,-19.873183965682983,0.41735154390335083,0.4005274176597595,0.7835257649421692,0.10621591657400131,-10.655806958675385,-3.147258961174379,57.34069816738969,0.5518378551844221,1.1861616373062134,0.3103448275862069,60.04040159028152,0.6545552744688438
02028500,-13.430026173591614,0.5201420485973358,0.6952567100524902,0.922539234161377,0.11409630626440048,-12.772820889949799,-26.972163853215786,71.84601708423584,0.7491785155328894,1.1814669370651245,0.26666666666666666,43.586813608805336,0.8451420083490001
02038850,-19.992125034332275,0.46409112215042114,0.5216713547706604,0.7467145323753357,0.010267053730785847,-15.499457716941833,-27.120617805781865,39.46802538484447,0.6236685083578914,1.0244572162628174,0.2903225806451613,46.61013695501512,0.722738917147748
02046000,-0.6202274467796087,0.6106565594673157,0.7158922255039215,0.9678727984428406,0.033092595636844635,0.17625808250159025,-27.68918068953005,87.83251390208645,0.8306444215681497,1.0801831483840942,0.4482758620689655,39.805882552574424,0.8543297642573934
02051000,-48.95584583282471,0.4762364625930786,0.5568651854991913,0.5278211832046509,0.00030549761140719056,-46.85282111167908,-32.46850134814318,86.32547132956503,0.48380454700895825,1.0009236335754395,0.27586206896551724,57.15582617397966,0.7914237368265765
02051500,-12.699687480926514,0.6253509223461151,0.759286180138588,0.8952391147613525,-0.004649114329367876,-14.520403742790222,3.4016595120741817,52.83496887502732,0.8340984778467747,0.9906339049339294,0.20689655172413793,31.488326500202046,0.8717005524564296
02053200,-5.690660327672958,0.6394745409488678,0.8339666575193405,0.8998177647590637,0.03984099626541138,-4.400914907455444,-39.438484673272114,27.307237330918475,0.8411050799912207,1.0885968208312988,0.782608695652174,20.804913147636082,0.9141995414621064
02053800,-13.574841618537903,0.4484785199165344,0.6966864764690399,0.8950179219245911,0.15542921423912048,-10.357847809791565,-26.793219378648025,16.113244282139355,0.6764155320589369,1.266922950744629,0.26666666666666666,35.207932790120445,0.8502074449732228
02055100,-18.49471926689148,0.5198892951011658,0.540981650352478,0.778170108795166,-0.0004957604687660933,-15.109498798847198,-18.430229630957555,38.97266694682535,0.6556967166187329,0.9990861415863037,0.4166666666666667,48.67360591888428,0.73668381140163
02056900,-18.78788322210312,0.5926376283168793,0.7399774789810181,0.8009241819381714,0.05545322224497795,-15.772444009780884,-17.09960142268673,62.209424111318846,0.7433230472255332,1.0885812044143677,0.2903225806451613,39.94678989533455,0.8643340611166549
02059500,-13.134030997753143,0.5327088236808777,0.7059140205383301,0.8657478094100952,0.08001266419887543,-7.777285575866699,-18.442301280348396,50.45117437135481,0.7370207724147966,1.1639511585235596,0.3448275862068966,44.598339343893116,0.8442616261741996
02064000,-0.9568640030920506,0.5855470299720764,0.5901564359664917,0.8130329251289368,0.0061185709200799465,2.8603214770555496,-8.611136458814011,63.024461021481926,0.7027582661115613,1.0159378051757812,0.25,41.387649944850374,0.7694746268946898
02065500,-0.2834741724655032,0.4972988963127136,0.736801028251648,0.9720379114151001,0.04208400845527649,2.957470528781414,15.405493859571825,89.43506653782535,0.8398956155441397,1.082923173904419,0.4482758620689655,43.08491082027041,0.8659280687333191
02069700,9.104891866445541,0.5054306387901306,0.7308694124221802,1.0824321508407593,0.1431540697813034,9.332749992609024,-9.146526846279372,45.197335693976484,0.7895031313553691,1.158221960067749,0.07894736842105263,37.745116886339694,0.8882874959134791
02070000,0.37223680410534143,0.5530178248882294,0.6992799937725067,1.0412507057189941,0.041622593998909,-1.1706176213920116,-13.067305938296489,45.77131738458313,0.8403348828954512,1.0584170818328857,0.09090909090909091,41.499094529585406,0.857245758564503
02074500,-12.2310571372509,0.4987630248069763,0.7046055495738983,0.9025726318359375,0.037052758038043976,-10.273555666208267,23.546963420259875,49.03509242285294,0.7975133257924822,1.0816349983215332,0.12121212121212122,38.0467414855957,0.8423786555910371
02077200,-1.6653509810566902,0.45747774839401245,0.5763420164585114,1.0503027439117432,0.08920660614967346,1.424494106322527,-48.13202689960328,81.01825634620171,0.648599717605816,1.2868179082870483,0.14285714285714285,46.711438042776926,0.803309176859966
02081500,-10.168571770191193,0.6223305761814117,0.8527366369962692,0.9291616082191467,0.06287308782339096,-9.606244415044785,-31.396892956356375,83.88933609669459,0.7821840009880863,1.1920617818832397,0.06666666666666667,28.65427017211914,0.9255822358889009
02082950,-9.836570173501968,0.6076985001564026,0.6428683400154114,0.8773443102836609,0.02663874626159668,-7.467872649431229,-5.69389163188731,65.40060291084244,0.7588756015276077,1.0724307298660278,0.3076923076923077,37.34681056096004,0.805448344417333
02092500,-20.300661027431488,0.6048851907253265,0.8043235540390015,0.7938849329948425,-0.006302929017692804,-19.098079204559326,-20.851825674226472,59.613021998269076,0.7719714502543817,0.9855284094810486,0.44,37.8598747253418,0.9035418654524092
02096846,-22.323669493198395,0.350608766078949,0.539814293384552,0.8644936084747314,0.08730874955654144,-20.7134947180748,-53.08784736195021,85.77488941213906,0.57579578596614,1.3138803243637085,0.4642857142857143,57.50120026724679,0.7488698046088073
02102908,13.896848261356354,0.4172762632369995,0.6276557743549347,1.0931270122528076,0.16964972019195557,11.487039923667908,-22.63038091324413,27.926712365880718,0.7620011374364187,1.1565461158752441,0.16216216216216217,38.9361149555928,0.8468199367580804
02108000,-20.071659982204437,0.6202151775360107,0.7696878612041473,0.8137692213058472,-0.03595586121082306,-19.42449063062668,-13.549486073829803,14.42734511962785,0.7702599042255021,0.938025176525116,0.75,29.64038848876953,0.8805942634179499
02111180,11.13961637020111,0.5040390491485596,0.5902549922466278,1.121835708618164,0.0729961171746254,6.46265372633934,-7.340060718503105,-0.18700588379462707,0.7649238851007848,1.1013352870941162,0.25,45.01118063926697,0.8263682071417452
02111500,-18.47369372844696,0.4682387709617615,0.6449178159236908,0.7799243927001953,0.10595886409282684,-15.29441773891449,-19.386383426449203,40.55194623604119,0.6840625667702618,1.1245558261871338,0.2857142857142857,36.644325256347656,0.8106087780538443
02112120,-12.13519424200058,0.4201100468635559,0.6903351545333862,0.8897609710693359,0.16901461780071259,-8.034112304449081,-22.52524966040659,50.29033166682858,0.7325589025187855,1.1911298036575317,0.22857142857142856,30.669141496930802,0.8488659691657301
02112360,-9.651515632867813,0.5413069427013397,0.7333803474903107,0.9032795429229736,0.048649732023477554,-5.985862761735916,-12.6850023116097,47.5522974838482,0.8229373211356952,1.0456979274749756,0.18421052631578946,30.785088661389477,0.8589041288559197
02118500,2.72813830524683,0.5094940066337585,0.762602761387825,0.9954800009727478,0.09890188276767731,7.53604918718338,9.688268342364784,62.187216389249656,0.8048474419074771,1.15810227394104,0.1935483870967742,38.24210628386467,0.8856856898130356
02125000,-19.48939561843872,0.5469512939453125,0.6982250213623047,0.8101890683174133,0.03477345407009125,-12.823331356048584,-42.30853869965464,80.3493233762686,0.7168661400501802,1.1322264671325684,0.2903225806451613,50.53618646437123,0.8367432872635481
02128000,-23.80099445581436,0.5495246648788452,0.5609792470932007,0.7283268570899963,0.0037885026540607214,-19.38396990299225,-6.335101615427127,84.35999223633848,0.6301247708118178,1.0120434761047363,0.16666666666666666,50.98553339640299,0.7492883264151314
02137727,-1.2072623707354069,0.5276552438735962,0.8398914188146591,1.099341869354248,0.09101073443889618,1.1310826987028122,-12.119286763618003,31.884437333287597,0.8154542606856857,1.141491174697876,0.23529411764705882,27.901461545158835,0.9354355331867016
02140991,7.19161331653595,0.5658320486545563,0.7777722477912903,1.133803367614746,0.08258763700723648,9.255589544773102,-5.812751909271886,26.664446445341184,0.8028096503330701,1.1157352924346924,0.2222222222222222,31.94792800479465,0.9129021532885259
02143000,-3.0434265732765198,0.6035172641277313,0.7767482101917267,1.061321496963501,0.026825912296772003,1.6474314033985138,8.211800824463369,45.616230293062266,0.8726911290206246,1.042716145515442,0.16,38.4196891784668,0.8969342270562036
02143040,-17.64604151248932,0.5440305471420288,0.8019687980413437,0.8934841156005859,0.054880738258361816,-15.687224268913269,-22.02524985101589,52.91387071610294,0.8251619215148113,1.093048095703125,0.16666666666666666,41.748622258504234,0.897214923529601
02149000,-4.86454963684082,0.42013853788375854,0.5196306705474854,1.196070671081543,0.15783843398094177,-7.299043238162994,-23.74148629826003,39.80335263203117,0.6715661844789834,1.1975740194320679,0.14285714285714285,38.44857079642159,0.8256739550016022
02152100,-14.633691310882568,0.525495857000351,0.7545206397771835,0.9802157878875732,0.04318023845553398,-12.632521986961365,-18.63365208591349,53.3443363373402,0.8526849229978879,1.0769277811050415,0.14285714285714285,46.293762751988005,0.8759337541573715
02177000,2.3702681064605713,0.6928656101226807,0.8600943833589554,1.005110502243042,0.06146533414721489,3.0905451625585556,-4.574631095812977,14.659061861512596,0.9093901539432335,1.0600007772445679,0.14705882352941177,24.46150499231675,0.9322952461100218
02178400,-0.6369509734213352,0.672568291425705,0.7876779735088348,1.065962314605713,0.022665124386548996,-1.720929890871048,1.9975319535719915,-9.852817666209662,0.8806106711006446,1.020822525024414,0.3235294117647059,34.16393504423254,0.9026901476801908
02193340,-21.240036189556122,0.4567101001739502,0.5768499374389648,0.8297171592712402,0.038445524871349335,-20.782671868801117,-23.374849937561976,92.69336106732872,0.6817056388848637,1.1277505159378052,0.36,53.366535186767585,0.763367668843285
02196000,12.54245936870575,0.4955001473426819,0.7611214071512222,1.1496220827102661,0.1447482854127884,18.142986297607422,-33.221829922600435,63.239055007599845,0.49002508689195745,1.4800572395324707,0.19230769230769232,39.18296740605281,0.9149547700487447
02198100,-23.617002367973328,0.49611902236938477,0.5662191808223724,0.7470424771308899,0.025527918711304665,-15.131095051765442,47.46384254198879,-1239.562616817445,0.6353733849252351,1.0890063047409058,0.3333333333333333,55.634553091866636,0.7529313096299464
02202600,15.0364950299263,0.5323777198791504,0.664806991815567,1.1122875213623047,0.14375123381614685,14.551922678947449,-48.811749137426105,-18.671666653073277,0.5752873931053315,1.3864612579345703,0.7777777777777778,46.105925242106125,0.864279673161296
02212600,1.1356722563505173,0.5335849523544312,0.7786240130662918,0.9804852604866028,0.07923101633787155,-2.696087397634983,-51.43618596223969,91.36263275628164,0.7347008472558594,1.2408599853515625,0.16666666666666666,44.125239054361984,0.8905044163222634
02215100,0.025863651535473764,0.5983044803142548,0.7963723242282867,0.9916989803314209,0.05370136722922325,3.056267648935318,-1.2564929870195525,57.79397456553881,0.8368330309882586,1.127740740776062,0.52,37.67471694946289,0.8988226507812971
02216180,-11.850334703922272,0.5820874273777008,0.8182622194290161,0.8643231391906738,0.08713144809007645,-10.408610105514526,-86.06770763172196,71.94999391408633,0.6966392025702824,1.2559354305267334,0.17391304347826086,29.733523078586742,0.9099077236428311
02221525,10.69900393486023,0.6394805014133453,0.8434839248657227,1.0658864974975586,0.020547309890389442,7.713114470243454,10.877645410087226,66.90700510323339,0.8941921323184815,1.042270541191101,0.76,35.38920974731445,0.9288137958714937
02231000,-14.415282011032104,0.6217207908630371,0.8805675357580185,0.8916294574737549,0.07346432656049728,-14.711841940879822,-20.846709236764653,-13.221948151907007,0.7746686126491857,1.1890493631362915,0.47368421052631576,23.721541856464587,0.9426380096599447
02231342,8.321384340524673,0.4940701723098755,0.5604192018508911,1.1400094032287598,0.05079274997115135,-2.2724416106939316,-25.671609397620998,84.44971219668092,0.740629500157702,1.1189813613891602,0.5,49.594584378329195,0.8169320922773406
02235200,43.64449679851532,0.48828059434890747,0.3679279685020447,1.3154487609863281,5.0442635256331414e-05,32.04140365123749,-17.93933694803507,-473.02084001063224,0.6251873617661621,1.0000739097595215,0.7777777777777778,60.28809017605252,0.7975732539673976
02245500,-11.239863932132721,0.5157914459705353,0.5999507009983063,0.9044995307922363,-0.011660000309348106,-15.057419240474701,-14.860167855776545,-19.242940873345493,0.7621243955099877,0.971773624420166,0.5185185185185185,47.119246588812935,0.7839728366287889
02246000,-5.4482996463775635,0.5511023700237274,0.7833773046731949,1.003737211227417,0.051423247903585434,-3.054589033126831,3.2097663174789783,31.54315492559719,0.8247377726937677,1.1390782594680786,0.391304347826087,51.21426375015922,0.8934161395148735
02296500,-17.114561796188354,0.6896414458751678,0.8342624604701996,0.8360100984573364,-0.021704887971282005,-17.369069159030914,-6.038559900223564,-86.81884990989116,0.8103667909363628,0.952892541885376,1.0,42.21897966721478,0.9172415952197025
02297155,39.75655734539032,0.33096301555633545,0.340156614780426,1.3920642137527466,0.15463976562023163,43.048685789108276,-37.06789439815833,81.45663431324135,0.4002884033707179,1.4194530248641968,0.5714285714285714,56.34288787841797,0.8267983505899587
02297310,-13.34703415632248,0.5385090708732605,0.7148080766201019,0.9031112790107727,0.047684576362371445,-11.521623283624649,-20.638045523381784,86.89928956384686,0.7843226150212128,1.1191463470458984,0.9047619047619048,42.536780947730655,0.8485620320990209
02298123,30.869436264038086,0.5778276324272156,0.567390650510788,1.096190094947815,0.017975447699427605,14.72061574459076,21.691521854416212,-43.735908388019425,0.7822290545290722,1.0306512117385864,1.4285714285714286,53.600851694742836,0.8070436486036583
02298608,-21.96086347103119,0.5456790328025818,0.7100855112075806,0.8548583388328552,0.01749451272189617,-15.570823848247528,-5.656545062625563,86.89785912104581,0.7818525437239839,1.043031930923462,0.9259259259259259,49.62824009082936,0.8429316588413296
02299950,-20.105373859405518,0.5100614428520203,0.6799497604370117,0.8198079466819763,0.025760376825928688,-15.420770645141602,20.774337020263353,43.58944155570747,0.7382592691559376,1.073602318763733,0.48148148148148145,57.47292836507162,0.8250093351735006
02300700,-26.507368683815002,0.44870197772979736,0.698188453912735,0.7729037404060364,0.030060699209570885,-22.208596765995026,-8.50508803890018,87.9152327848777,0.7063313293534639,1.093014121055603,0.8148148148148148,53.27977074517144,0.838702293004555
02310947,13.434089720249176,0.5754798948764801,0.7158209681510925,1.0827338695526123,0.11051492393016815,8.940424025058746,-52.09188471718556,-34.1270829501406,0.6956919035890488,1.2660247087478638,1.3529411764705883,38.261952119715076,0.8775688817917506
02312200,6.2216296792030334,0.5820383131504059,0.6790270805358887,1.0038775205612183,0.0413781963288784,1.315894816070795,-24.30477067251066,-12.634018311846996,0.8169153321188838,1.0906749963760376,1.3571428571428572,49.862595966884065,0.8409936935853124
02314500,11.255495995283127,0.6028383672237396,0.7453609108924866,1.1302980184555054,0.0571155771613121,13.746519386768341,-9.479673339794243,-65.56842218439539,0.8044530457666702,1.1025162935256958,1.9375,34.28336977958679,0.8963108141692001
02315500,34.21860933303833,0.62063068151474,0.7568140923976898,1.226052165031433,0.10923822969198227,32.83499479293823,-19.394024801857086,-208.504209818086,0.6865485115436218,1.2043393850326538,1.75,42.724451422691345,0.9265311629015567
02324400,-10.615219175815582,0.4983733296394348,0.5854946970939636,0.9160821437835693,0.035969845950603485,-14.195559918880463,-47.455038098736516,34.03992984726065,0.7505421272746481,1.077726125717163,1.1,72.46006488800049,0.7783117660909896
02327100,-1.9015172496438026,0.45739638805389404,0.5265131890773773,0.9755741953849792,0.09595786035060883,-1.710103452205658,-37.86033214636405,30.048886424560585,0.680146103130704,1.2126836776733398,0.6,41.565486907958984,0.7623541528603415
02342933,-25.6950706243515,0.5314432680606842,0.7340940535068512,0.7431409358978271,0.025853723287582397,-26.774460077285767,-50.909605543083934,74.56392965568392,0.6983082306847169,1.0840681791305542,0.3333333333333333,42.304693857828774,0.8659332773622966
02349900,8.060554414987564,0.5805040001869202,0.7314037382602692,1.1069351434707642,0.06780864298343658,11.748255044221878,-9.682026566088433,5.1259707011922115,0.7711906959503572,1.1670444011688232,0.2857142857142857,49.08110073634556,0.8859178333449167
02350900,22.175927460193634,0.6249873638153076,0.8296341150999069,1.189522624015808,0.09840640425682068,19.983260333538055,4.254349831127681,3.4867363410442596,0.7643383904405876,1.129874348640442,0.8461538461538461,25.986825502835785,0.9475574335914371
02361000,-2.4289801716804504,0.6420831382274628,0.877206951379776,0.9561628103256226,0.05636589601635933,-2.1043777465820312,-25.24721766266954,26.910064902152392,0.8845360626520662,1.0873064994812012,0.5483870967741935,29.65696088729366,0.9384549207679505
02363000,-22.70997315645218,0.6503347754478455,0.8213783651590347,0.7750206589698792,0.02252199687063694,-19.754627346992493,-30.095940221742158,29.637428302649266,0.757257593148016,1.0392719507217407,0.7666666666666667,37.09512074788412,0.917744993584245
02369800,5.7417526841163635,0.5497037172317505,0.8473087698221207,1.1023616790771484,0.024804698303341866,6.096364185214043,-5.0148670332347,-1.4256722478225659,0.8682697609401664,1.0524414777755737,0.3103448275862069,51.906990182810816,0.9357751298328926
02371500,0.36767576821148396,0.6501815617084503,0.8461365252733231,0.9623793959617615,0.05235564336180687,-2.35600583255291,-17.491015110074372,23.508577511832957,0.880052772643279,1.0832006931304932,1.3076923076923077,34.67709101163424,0.9222203615014282
02372250,-17.872323095798492,0.6514151394367218,0.7961409986019135,0.8294426798820496,-0.005528630688786507,-13.43933492898941,-3.2932114567605115,39.00357713574836,0.7992965850359394,0.9901710748672485,1.0344827586206897,42.59873423083075,0.8946650411157167
02374500,-1.8757162615656853,0.5669414699077606,0.6976082921028137,0.9955748915672302,0.037012599408626556,-5.702953040599823,-11.571624941961064,35.317019541754185,0.8413010765238903,1.0480977296829224,0.4666666666666667,36.614036560058594,0.8488299794033788
02381600,-20.277661085128784,0.3878708481788635,0.39189988374710083,0.8995468020439148,0.08893722295761108,-18.34435909986496,0.2836079031325872,73.2195038434992,0.6247649748526334,1.1520779132843018,0.375,49.438491463661194,0.6720018484673537
02384540,20.7366943359375,0.39005494117736816,0.4794873595237732,1.218941569328308,0.15675580501556396,19.01976466178894,-0.652816134929544,42.875969848536066,0.5979617247070015,1.2827166318893433,0.28125,52.07335948944092,0.8162320210869909
02395120,-34.15372371673584,0.6200026869773865,0.6700601577758789,0.7014061808586121,-0.023780468851327896,-31.053996086120605,0.7304103369920388,2.6290002033782742,0.6522292675307438,0.9503669142723083,0.2692307692307692,45.391035079956055,0.828761072375728
02408540,2.5340452790260315,0.6895876526832581,0.8307393789291382,1.035050630569458,0.057372115552425385,4.286087676882744,-11.285734274260568,63.70290424233701,0.8622961650607451,1.1067739725112915,0.2222222222222222,40.06991916232639,0.9204191087771764
02415000,-6.192145869135857,0.6550342440605164,0.8480110317468643,0.961362898349762,0.06539731472730637,-3.380240499973297,-19.52561492802244,62.895587342396595,0.8495347958316636,1.1239502429962158,0.21428571428571427,33.80821432386126,0.9239520591819385
02422500,12.286490201950073,0.534824013710022,0.7776060253381729,1.126455545425415,0.17307327687740326,12.447204440832138,-9.232955243155985,0.06131102888414067,0.6830578802574843,1.2798700332641602,0.2692307692307692,37.60881790748009,0.9216797166836214
02427250,-15.815943479537964,0.6469230651855469,0.8246804773807526,0.8278694152832031,0.02412785403430462,-17.958901822566986,7.785292720120873,4.811970858239198,0.796025894890289,1.065542221069336,0.5517241379310345,38.76362175777041,0.9123603136834725
02430085,-1.1890078894793987,0.5247886478900909,0.5153510868549347,0.9550074338912964,0.012642011977732182,-8.511355519294739,-30.601922221513007,28.745453380336638,0.7425008154895096,1.0218188762664795,0.45714285714285713,62.02475411551339,0.7474026214368218
02430615,6.10017217695713,0.44843024015426636,0.3976896405220032,1.0476359128952026,0.04123222455382347,4.103334620594978,-9.48588589641547,49.69735242077745,0.7032886585231327,1.0649596452713013,0.4,72.06236703055245,0.7144326971625261
02450250,1.5074391849339008,0.6474046409130096,0.8119362592697144,1.0016406774520874,0.030503328889608383,-0.31200835946947336,-24.812784994341804,13.751273865503128,0.8808630840667229,1.073926329612732,0.13793103448275862,25.348128943607723,0.9065879520319746
02464000,-8.924957364797592,0.5951497852802277,0.8320536017417908,0.9327012300491333,0.0893389880657196,-7.9569607973098755,-29.90829102045681,60.209884783208324,0.7709759231357739,1.2024345397949219,0.16666666666666666,31.5453306833903,0.9166743710216991
02464146,-5.1652878522872925,0.5385472476482391,0.5473097264766693,0.9384849667549133,-0.01971348375082016,-7.159580290317535,-3.213396762571537,16.754896380461286,0.7507625603414789,0.9648697972297668,0.59375,59.13994312286377,0.761041696386769
02464360,-6.905739009380341,0.6127615869045258,0.7587486952543259,0.896920382976532,-0.02406899631023407,-8.409904688596725,-7.204346794728187,-24.911732051743694,0.8302099224354802,0.9580819010734558,0.125,33.4890216588974,0.8717575110345824
02465493,-20.83848863840103,0.5717766284942627,0.6471614241600037,0.796768069267273,-0.06021948531270027,-13.068996369838715,9.562154687418497,-13.649869168626466,0.706799857924663,0.9143980145454407,0.21212121212121213,35.454368591308594,0.8067762806229959
02469800,-8.439037948846817,0.6659664511680603,0.8577239662408829,0.8979950547218323,0.014904702082276344,-13.050967454910278,-14.465358351730895,16.931692977855793,0.8697942507251437,1.034284234046936,0.37037037037037035,30.967525199607564,0.9266984339946296
02472000,-1.3004755601286888,0.6779552102088928,0.8758468925952911,0.9658185243606567,0.06343846768140793,-0.8985502645373344,5.847356827626462,0.580496418834677,0.8525227796513846,1.1295701265335083,0.75,30.545837538582937,0.9384147781122638
02472500,-19.33283656835556,0.5771591663360596,0.8256466239690781,0.8472681641578674,0.027167605236172676,-16.373097896575928,44.52519216812791,-186.73849889849046,0.8162814400668975,1.0505924224853516,0.39285714285714285,33.02380698067801,0.9113100773974375
02479155,17.871855199337006,0.5675767958164215,0.7080495357513428,1.1833369731903076,0.06140318512916565,15.213252604007721,-26.947464593623682,17.322473306474134,0.7371750668717678,1.1545788049697876,0.16129032258064516,34.70344543457031,0.8924365638825696
02479300,2.226157486438751,0.6657864153385162,0.8277315944433212,0.9889608025550842,0.01919776387512684,-2.009466476738453,6.395640873412647,-29.405697480822163,0.9067814524317683,1.0320204496383667,0.6333333333333333,28.04550170898438,0.9131522911329283
02479560,15.282431244850159,0.6430146098136902,0.8175737112760544,1.0714141130447388,0.07118292152881622,10.67969724535942,-7.046347343634215,-7.066448096258584,0.8434647506352803,1.1137583255767822,1.1612903225806452,32.40411819950227,0.9196112438603813
02481000,8.398991823196411,0.5299615859985352,0.7312038242816925,1.0897843837738037,0.09616086632013321,6.538596004247665,-30.945786707552713,45.90502590327229,0.7158035747535167,1.243706464767456,0.18181818181818182,34.056261814001836,0.8846157221117756
02481510,0.03702063113451004,0.6118406355381012,0.7903312593698502,1.0598876476287842,0.08686099946498871,-2.2650282829999924,-13.750886268226514,21.143190448917686,0.7880648656922586,1.1804379224777222,0.3548387096774194,37.06436464863439,0.9063403664994653
03010655,0.09326477302238345,0.6184528172016144,0.7698451280593872,1.0335692167282104,0.07660718262195587,0.2895456040278077,-7.497224178079789,28.75531344455619,0.8408901530130394,1.1119581460952759,0.32142857142857145,24.896761349269322,0.8920443395676849
03011800,1.4478360302746296,0.5965054333209991,0.7470303475856781,1.0310670137405396,0.028826072812080383,3.6798443645238876,-2.792478519753137,11.269015979085616,0.8696728105361319,1.0344109535217285,0.2894736842105263,39.05034065246582,0.8781972773353504
03015500,-13.183912634849548,0.6652533411979675,0.8241039365530014,0.8741493225097656,-0.02858910895884037,-11.5788072347641,-4.9999391231626475,-47.03547059142921,0.8396894028338509,0.9604402184486389,0.4,33.24985776628767,0.9089169707210781
03021350,-26.70084238052368,0.601285308599472,0.7147606313228607,0.7379466891288757,-0.07060808688402176,-27.99340784549713,-10.223103796898512,29.285013975730905,0.6776866113151401,0.8789119720458984,0.25,40.166240268283424,0.8566414555278055
03026500,-7.686691731214523,0.5733909904956818,0.7034418880939484,0.9885993599891663,0.08620920777320862,-2.489035949110985,-9.451000974420495,45.148919906450644,0.8134824422553111,1.1153030395507812,0.4,37.22823006766183,0.8538355931673592
03028000,-20.090918242931366,0.6463893353939056,0.7732235789299011,0.8632170557975769,-0.01945400983095169,-14.675471186637878,-4.932783254883976,12.114436195931654,0.8160093753269806,0.9740940928459167,0.37142857142857144,39.79936327253069,0.8797009554592858
03049000,10.243072360754013,0.5970339179039001,0.6967947781085968,1.0998859405517578,0.08274097740650177,8.441710472106934,-18.16079920256844,30.238133042560005,0.7886000936922202,1.1332818269729614,0.06060606060606061,38.55168024698894,0.8698129274245004
03049800,-33.843713998794556,0.46373122930526733,0.3715018630027771,0.6436055898666382,-0.009842177852988243,-33.9532732963562,-34.96254896592995,87.3847334979534,0.47148392215743795,0.9756559133529663,0.5757575757575758,66.48662230547737,0.6104879534480352
03050000,-15.888768434524536,0.6714670360088348,0.8433571606874466,0.8713724613189697,0.04147281497716904,-13.784852623939514,-19.162041276538467,66.43892220340352,0.8328745504587953,1.0712822675704956,0.21212121212121213,26.027436689897016,0.920597792806383
03066000,12.300100922584534,0.6247097849845886,0.7721520513296127,1.0635015964508057,0.06649795919656754,11.32337599992752,-3.770363108458464,37.90916881687413,0.8511073231409831,1.0865870714187622,0.24324324324324326,26.296767672976934,0.8968532330435665
03069500,-6.090651825070381,0.7289856970310211,0.8892753794789314,0.9396595358848572,0.01897333562374115,-4.650295898318291,-7.39423984466456,28.322637974376462,0.9130272513333442,1.0264264345169067,0.16216216216216217,20.243942415392077,0.943211524410968
03070500,-7.529579848051071,0.7029346525669098,0.8171058595180511,0.9057673215866089,-0.018225742504000664,-9.130653738975525,-12.18144654638018,30.66505154659413,0.8628685371629619,0.9729244112968445,0.375,32.47023820877075,0.904124284017057
03076600,9.372849017381668,0.5466130375862122,0.6431280672550201,1.0808312892913818,0.12250792980194092,9.739911556243896,-8.030524111923354,12.115353992874295,0.7464527058107251,1.1835441589355469,0.1724137931034483,32.43800525007577,0.8448740035234638
03078000,-5.089912563562393,0.6438890099525452,0.7725970149040222,0.9206051230430603,0.026145150884985924,-5.8257292956113815,-16.05146172439716,48.284256940679946,0.8512316214312172,1.0386962890625,0.22580645161290322,28.81834891534621,0.8802875061333676
03140000,2.6785502210259438,0.5699021220207214,0.7184682190418243,1.0127155780792236,0.08844352513551712,4.318350926041603,-23.9163071084707,49.06174759689302,0.7800514183829836,1.1731340885162354,0.2727272727272727,39.41797776655717,0.8649434191788462
03144000,-15.954427421092987,0.6645667552947998,0.7866705805063248,0.8452415466308594,0.013283542357385159,-11.872967332601547,-7.471484367886354,28.447875086224418,0.8065573597859069,1.0307127237319946,0.17857142857142858,31.330054146902903,0.888077684241467
03159540,1.3546016998589039,0.5842214822769165,0.6988963484764099,1.014343023300171,0.07088328152894974,-0.6553070154041052,-32.76172210253642,80.14308724935519,0.7710322444431212,1.1759254932403564,0.17857142857142858,32.454187529427664,0.8541551111779961
03161000,1.5429910272359848,0.6441485583782196,0.8411332070827484,1.056286096572876,0.0723343938589096,1.2039020657539368,-9.999849805567491,-2.8110730526122665,0.8857110909701914,1.0694329738616943,0.2222222222222222,27.498406834072536,0.9287757611445794
03164000,-3.3973492681980133,0.6408516466617584,0.8646871447563171,1.0042158365249634,0.12471079081296921,-0.9814783930778503,-8.93178835305489,-2.1158575230110457,0.8650623416901297,1.120978832244873,0.2,19.52351025172642,0.9403802004262598
03165000,-10.06794348359108,0.4278096556663513,0.6491701006889343,0.9483478665351868,0.02345844730734825,-4.7836098819971085,12.375526077526663,-16.17149158574879,0.8072748214114663,1.0297715663909912,0.21621621621621623,39.34713312097498,0.8167277833245253
03170000,1.3929258100688457,0.5474405288696289,0.7716148644685745,1.0031746625900269,0.14333045482635498,2.056335471570492,-21.279636242451623,35.418807988215725,0.8112988517655567,1.1576952934265137,0.17647058823529413,25.805434058694278,0.8964131316548155
03173000,1.1037567630410194,0.6627720296382904,0.838079571723938,1.0257490873336792,0.05910717695951462,3.7367407232522964,-0.06818461911738433,-23.84521917426167,0.8717618060365567,1.0993385314941406,0.14814814814814814,24.68640539381239,0.9230982766573084
03180500,2.439882420003414,0.6775937974452972,0.8450421839952469,0.9735494256019592,0.027110755443572998,-0.15043055173009634,-10.275485932981745,42.866031232751986,0.9067284762740447,1.0422264337539673,0.13333333333333333,24.30787404378255,0.9211528532881693
03182500,-17.84866601228714,0.7137323617935181,0.8718680292367935,0.8456451892852783,0.011007959954440594,-17.407433688640594,-15.102021699095763,22.85940559305358,0.8327377348291276,1.0188827514648438,0.13793103448275862,27.731234451820107,0.9383988680588528
03186500,-4.854471608996391,0.6423808932304382,0.7766349017620087,0.9787806868553162,0.04858852177858353,-2.7297964319586754,-10.519864173532811,36.816967414055,0.8649384933375953,1.0713956356048584,0.29411764705882354,37.83244245192584,0.8873322825820772
03187500,-6.717462837696075,0.6488678455352783,0.7898475080728531,0.9568669199943542,0.0254115778952837,-5.125383287668228,-5.6805229397033195,50.06805792215441,0.8780202717259192,1.035293698310852,0.2222222222222222,28.73903380499946,0.8914967909295411
03213700,-4.414104670286179,0.6530668139457703,0.8464132398366928,0.988832414150238,0.07843631505966187,-0.5515871103852987,3.7091512477050177,31.64314628166022,0.8606135088623977,1.1172842979431152,0.27586206896551724,25.523718472184807,0.9255132737064404
03237280,-16.118252277374268,0.48881030082702637,0.3436061143875122,0.9005172848701477,-0.008410939946770668,-15.612928569316864,-47.3889742804751,80.45963394681213,0.6268859416892281,0.9777716398239136,0.3225806451612903,52.758376829085805,0.6410805244857715
03237500,-7.041097432374954,0.605757474899292,0.7933002412319183,0.9452899694442749,0.03970860317349434,-8.376947790384293,-35.81945365942701,64.63370245077815,0.8343254008593337,1.114123821258545,0.1724137931034483,40.03819103898673,0.8930858345290028
03238500,-1.4219324104487896,0.63018399477005,0.7348136007785797,0.9425823092460632,-0.016757816076278687,-11.266562342643738,-10.791167983066144,0.43087411617486376,0.8414852492124535,0.9492815136909485,0.30303030303030304,41.63983084938743,0.8612276318850117
03241500,12.79064267873764,0.628017246723175,0.7651089876890182,1.1033828258514404,0.015240735374391079,10.344177484512329,-6.47680197985662,-42.57064557297757,0.8524116480366384,1.0281696319580078,0.3448275862068966,37.36367390073579,0.8985072180419601
03280700,-6.173282861709595,0.5168466866016388,0.6292713284492493,0.9526610970497131,0.07528387010097504,-3.15295048058033,-18.353467921647937,44.86258050203642,0.7299940322337142,1.1854743957519531,0.25,37.74604116167341,0.8095754757986257
03281100,2.886701375246048,0.6288715600967407,0.7935110479593277,1.0096068382263184,0.041245900094509125,4.65475358068943,-22.935874210509464,53.85431548976863,0.8594667631771693,1.0968537330627441,0.05555555555555555,29.272172186109756,0.898626168549246
03281500,-10.474856197834015,0.6845240592956543,0.860090896487236,0.9048298001289368,0.024196717888116837,-10.684166848659515,-21.04260848928064,78.307517582495,0.8708907551243135,1.0492966175079346,0.6129032258064516,25.8223872030935,0.92801615687428
03285000,-13.398052752017975,0.660877913236618,0.7688799500465393,0.8784942626953125,0.0010227808961644769,-16.028183698654175,-26.28551596821899,71.82032519031976,0.8269837063209518,1.002750039100647,0.06451612903225806,32.30070913991621,0.8768601162684329
03291780,-3.5829804837703705,0.5576712787151337,0.6389787793159485,0.9514060020446777,0.019919712096452713,-6.515997648239136,-36.050826216089604,-19.977762962409372,0.7978104689208136,1.0554035902023315,0.22580645161290322,47.53727759084394,0.8117191671108513
03300400,-6.572595238685608,0.6761189997196198,0.8299129158258438,0.9848383069038391,0.013207259587943554,-11.14749014377594,-35.40252105206898,81.22577066893257,0.9062173153943937,1.0338218212127686,0.1875,32.85608887672424,0.9138524556116427
03338780,-10.404574126005173,0.6534416079521179,0.7973619848489761,0.9054112434387207,-0.049029529094696045,-11.83822825551033,-9.057507650356598,-18.439544002323274,0.8243885466783212,0.8963974118232727,0.41379310344827586,36.31745700178475,0.8943645258777778
03340800,-9.42627266049385,0.6433815062046051,0.7642340958118439,0.9351820945739746,-0.03930648788809776,-8.83932113647461,-24.89887521852651,-298.1452385954723,0.8311930148285348,0.9042394757270813,0.1724137931034483,43.94502310917295,0.877018865797075
03346000,-4.359612613916397,0.6615132093429565,0.8482739925384521,0.9196957945823669,0.012528618797659874,-8.580316603183746,-20.730350949647477,-115.59007108873749,0.8809633658813052,1.0386834144592285,0.2962962962962963,28.73369852701823,0.9211041933920049
03357350,-13.47939819097519,0.5029154717922211,0.5668710768222809,0.8685849905014038,-0.0014933267375454307,-9.328129142522812,-30.696699186544546,-22.977162507835512,0.7268756473612215,0.9954577684402466,0.4375,52.68825888633728,0.7606124994589456
03364500,-9.866498410701752,0.5905639231204987,0.7092979848384857,0.9302805662155151,0.04358764365315437,-5.131810903549194,-25.094442590291738,-11.026803584013994,0.7974387325581689,1.1134912967681885,0.26666666666666666,40.33275286356608,0.8473894067297856
03366500,-7.041053473949432,0.6542337834835052,0.867351844906807,0.9451548457145691,0.04147575795650482,-6.281828135251999,-23.724855155863324,-103.07955554131864,0.8545488864429405,1.1164844036102295,0.0967741935483871,33.068032418527906,0.9323285939117189
03368000,-18.91983151435852,0.4677430987358093,0.5899161994457245,0.842199981212616,0.04655308276414871,-17.79269576072693,-41.96052449363031,-27.120737180681775,0.6793485542938813,1.1618958711624146,0.5806451612903226,50.31628147248299,0.7726099593106854
03384450,2.443702518939972,0.5533673465251923,0.641021341085434,1.0149258375167847,0.03678199276328087,0.7720204070210457,-28.98257854191955,-12.792546289247738,0.7853960201262441,1.121779441833496,0.21875,41.76260530948639,0.8239265633356351
03439000,-8.907696604728699,0.6023041605949402,0.7899291217327118,1.0030889511108398,0.08164358884096146,-7.209756970405579,5.1159783137205626,14.5779816467595,0.8694473763159395,1.0821924209594727,0.2857142857142857,36.598693302699495,0.8986153272498866
03450000,14.983701705932617,0.5123113095760345,0.726736456155777,1.1709372997283936,0.11359340697526932,14.153487980365753,-24.455782607025697,30.930136616633835,0.7401218594103555,1.1690431833267212,0.3125,46.03848457336426,0.901301014753621
03455500,-0.9677574969828129,0.463617742061615,0.6008197367191315,1.017632007598877,0.06411507725715637,0.18118384759873152,6.724835509068259,16.845134142407364,0.7864064995559854,1.0876985788345337,0.5277777777777778,42.879226472642685,0.8060405841152241
03456500,-18.82980167865753,0.5770877599716187,0.7777693122625351,0.87192302942276,0.03995552659034729,-16.973575949668884,-1.9214798464725669,13.236457504118093,0.8159687533863854,1.0612198114395142,0.22580645161290322,36.60683478078535,0.8828849965835796
03460000,4.709827899932861,0.5650844275951385,0.7750407010316849,1.0321605205535889,-0.03928085044026375,3.3089205622673035,13.72148025238923,-2.0260490091222305,0.8812874865396756,0.9618769288063049,0.23529411764705882,41.255541408763214,0.8922735259439429
03463300,-8.489200472831726,0.5508404672145844,0.6894078254699707,0.8376763463020325,0.05449710786342621,-6.334545463323593,9.43445794481958,26.474734267705667,0.7436253743375122,1.1057934761047363,0.42424242424242425,35.318256146980055,0.8321109874131137
03471500,6.486047059297562,0.4634161591529846,0.6592126786708832,1.1243070363998413,0.19461123645305634,9.20807346701622,-2.9032910632891187,-82.62497485165282,0.7012894808767813,1.2396514415740967,0.20689655172413793,29.25062508418642,0.8721605636440437
03473000,5.680088698863983,0.5454296767711639,0.7495265901088715,1.0876132249832153,0.15454426407814026,5.500854551792145,-6.726259469849238,-25.018745151201614,0.7809629117599628,1.1737034320831299,0.16666666666666666,31.669238408406574,0.8993606115119144
03479000,10.200159251689911,0.49669522047042847,0.7952151298522949,1.0727688074111938,0.11923033744096756,12.107855081558228,-1.1534041273869353,24.065101992823475,0.7623493066760033,1.2091069221496582,0.19444444444444445,44.74802547030979,0.9136469582792494
03488000,-8.15981775522232,0.6984833180904388,0.8639787137508392,0.9463076591491699,0.017658179625868797,-4.240968078374863,11.735093253651534,-4.341293176343931,0.9070556833116764,1.028815507888794,0.16666666666666666,26.134061813354492,0.9298184850282603
03498500,-3.171883150935173,0.6954911947250366,0.8457678258419037,0.9573548436164856,-0.004639933817088604,-0.7571229245513678,2.659021815497411,24.050606141092278,0.909441051299417,0.9930918216705322,0.13793103448275862,33.77015344027815,0.9204098567726587
03500000,8.364237844944,0.6913923621177673,0.8302293717861176,1.1114203929901123,0.09478182345628738,6.233377754688263,-2.7724583652110684,30.458353932506537,0.8447982196749633,1.0849567651748657,0.15151515151515152,20.681522831772313,0.9332509423810896
03500240,-4.854341968894005,0.6683352291584015,0.8516387045383453,0.9583181142807007,0.0027331835590302944,-6.267529726028442,-4.6043437936515454,26.063547445378372,0.9128414460902275,1.0027352571487427,0.19444444444444445,32.67716566721599,0.9235032530701061
03504000,-8.058129251003265,0.6251783668994904,0.7989723831415176,0.9190642833709717,-0.09558642655611038,-8.386006951332092,0.5077211725572853,-0.6510782172869034,0.849344628030043,0.9226723313331604,0.2972972972972973,35.477653709617826,0.8991690397957889
03574500,-8.971310406923294,0.601814866065979,0.8211686462163925,0.9034159779548645,0.07566411048173904,-9.70594808459282,-36.85326330266938,55.08652401584232,0.7861076139420227,1.167944073677063,0.2857142857142857,28.133569444928852,0.9093563702408556
03592718,-13.166649639606476,0.578587532043457,0.6655044257640839,0.8878548741340637,-0.023249438032507896,-14.154738187789917,-31.99070720012358,46.549448363892,0.7801128488246213,0.9450643658638,0.11764705882352941,42.01202392578125,0.8190140720978818
03604000,-0.4692730959504843,0.5525346994400024,0.7932993024587631,1.0184189081192017,-0.03274388983845711,1.0146401822566986,31.096916536506967,-88.5371882966458,0.8774929515840701,0.93284010887146,0.2413793103448276,32.459604329076306,0.89921175783415
04015330,2.579222619533539,0.6140976548194885,0.7492307722568512,0.9571219086647034,0.03401770070195198,-5.004565417766571,-15.955736621551878,83.36718744311612,0.8413395196609564,1.081121802330017,0.6428571428571429,44.383890875454604,0.8705632567947277
04024430,17.615528404712677,0.5968089699745178,0.7132575213909149,1.1914889812469482,0.10833713412284851,13.584654033184052,6.15576525179024,18.300881932418047,0.6984723000381894,1.2103511095046997,0.6551724137931034,35.73954023163894,0.8999833282127054
04027000,1.9765933975577354,0.657150387763977,0.8535409718751907,1.0503102540969849,0.0502447783946991,3.0441464856266975,12.455497711884075,-0.9891720268958926,0.8728891969778703,1.0953662395477295,0.8928571428571429,31.4863920211792,0.9326849576086254
04040500,-7.2844356298446655,0.6599260866641998,0.8361371010541916,0.9512160420417786,0.033181726932525635,-3.566219285130501,-16.15538876489941,58.122315657114264,0.8878614819777142,1.055570363998413,0.8333333333333334,25.38829843203227,0.9156963386604776
04043050,-22.540126740932465,0.6492675542831421,0.8214347660541534,0.8330659866333008,0.004787742625921965,-19.791279733181,-9.179156826074575,7.903618662178811,0.8099575388438552,1.0084158182144165,0.36,35.73291778564453,0.909565790613544
04045500,28.7986159324646,0.6196857690811157,0.8160153478384018,1.218464970588684,0.15765143930912018,29.16887402534485,-6.0321719092223525,20.837575200734523,0.7247853091683978,1.161016583442688,1.2,21.950511932373047,0.954285204455628
04056500,33.397555351257324,0.5051383078098297,0.6086554825305939,1.3476612567901611,0.18161337077617645,36.27729117870331,8.142354726784687,-16.960719293454606,0.6072285783667101,1.1601160764694214,1.0434782608695652,31.543559613435164,0.9118871051720598
04057510,17.345593869686127,0.5281182825565338,0.7197881639003754,1.1499663591384888,0.12795932590961456,19.235457479953766,-12.640940111980811,22.601002020079942,0.7759099465503413,1.1292850971221924,1.1428571428571428,30.38881165640695,0.8950628433588845
04057800,3.788144886493683,0.6274012923240662,0.7897950261831284,1.0320119857788086,0.08093149214982986,6.559625267982483,-7.0876977208178,13.62627755173368,0.8325826293164574,1.1317800283432007,0.782608695652174,26.425790786743164,0.9018275349043671
04059500,17.25582927465439,0.6146926879882812,0.7498348355293274,1.1030449867248535,0.10248633474111557,16.968493163585663,-6.539464441637517,46.906968593111024,0.7821930471184637,1.1613763570785522,0.5217391304347826,25.475958119268004,0.8961767328077654
04063700,11.539002507925034,0.45497918128967285,0.6267858743667603,1.1982545852661133,0.22708258032798767,19.836656749248505,10.443643769990638,-17.36602369246932,0.6340557884069433,1.2841304540634155,1.2083333333333333,33.471576372782394,0.8821858646293129
04074950,9.872272610664368,0.5214318931102753,0.7788897007703781,1.0234808921813965,0.15341493487358093,10.152104496955872,-15.117489704228587,-6.123689626411367,0.8631542165196671,1.0943986177444458,1.3333333333333333,22.717253367106117,0.9037486772732458
04105700,4.613319411873817,0.3842250108718872,0.6156241595745087,1.0299055576324463,0.2904277443885803,1.4178639277815819,-15.33026618257742,29.19210860886585,0.8021413685149918,1.1310107707977295,0.3783783783783784,19.323309047802077,0.854776470188893
04115265,16.876183450222015,0.3231051564216614,0.4986819624900818,1.1453001499176025,0.29368725419044495,17.302359640598297,-15.283958520744681,37.14727361161288,0.6997955989982987,1.1985723972320557,0.2777777777777778,26.364058918423122,0.8280129310900751
04122200,5.0391871482133865,0.47676390409469604,0.7196393013000488,1.0516083240509033,0.27794232964515686,6.687293201684952,-8.781354453550083,24.697405496070076,0.829515166794867,1.1316008567810059,0.6666666666666666,21.329970359802246,0.9046958881467114
04122500,17.42834895849228,0.5240395665168762,0.7261011600494385,1.091576337814331,0.210666686296463,14.61799293756485,-9.337092336658651,3.106360623916304,0.8361692782514316,1.0905238389968872,0.5666666666666667,17.079917589823403,0.8987097521256957
04124000,12.898138165473938,0.5455916225910187,0.7842839658260345,1.0862650871276855,0.18008814752101898,8.702734112739563,0.7755345637478402,21.21847794098909,0.8721163333008533,1.04859459400177,0.75,13.189121655055455,0.9190609341227958
04127918,46.726709604263306,0.47772496938705444,0.46192359924316406,1.4139294624328613,0.15972213447093964,41.831013560295105,14.612837240592658,-45.91347482760625,0.521179063914001,1.2082582712173462,0.6,37.33741760253906,0.8793335944271271
04127997,4.404711723327637,0.2257201075553894,0.5757655799388885,1.0216331481933594,0.4178904891014099,4.552307724952698,-12.766467381430443,17.21782910466074,0.8275192696959146,1.120061993598938,0.4444444444444444,18.969416618347168,0.8780708118680216
04161580,-13.301657140254974,0.4773693084716797,0.6770133972167969,0.9417238235473633,0.06424042582511902,-10.013426095247269,-0.6245217728305865,18.284385792852873,0.8101476284490702,1.0677791833877563,0.5625,33.83576273918152,0.8325073358595596
04185000,7.470287382602692,0.6907893419265747,0.8232319205999374,1.0463671684265137,0.043845195323228836,7.868772745132446,-0.9642057404140871,-299.83296695389873,0.8844971487232519,1.066190481185913,0.7714285714285715,22.559001105172293,0.9174783995214393
04196800,-7.561211287975311,0.6613748967647552,0.805822879076004,0.8907034397125244,0.007967247627675533,-10.148245841264725,-20.10391805136258,-131.9947078233672,0.8492312912672382,1.0181167125701904,0.41935483870967744,33.296311286187944,0.8977393029169091
04197100,-10.95961406826973,0.5873099565505981,0.6968040764331818,0.8465004563331604,-0.003707857569679618,-18.385542929172516,-28.161335712284775,6.365867221936458,0.7743528447950807,0.9912867546081543,0.4,51.55377388000488,0.8348376310993135
04197170,-20.928041636943817,0.6059965193271637,0.7312251031398773,0.8030251264572144,-0.015272200107574463,-22.376912832260132,2.620646670594888,-383.7886882034569,0.7513660482482026,0.9494335651397705,0.25806451612903225,49.141846933672504,0.8569518374041635
04213000,-12.648007273674011,0.6250625252723694,0.723695307970047,0.8858372569084167,0.005955565255135298,-12.18336746096611,-20.94245986469882,41.044461299538746,0.8123160161858808,1.0107706785202026,0.46875,37.50917315483093,0.8514195896009229
04213075,-25.168484449386597,0.38847529888153076,0.4187900424003601,0.7943233847618103,-0.031085887923836708,-21.330665051937103,4.933434848631961,0.9871005143858038,0.5999986932156709,0.944885790348053,0.5294117647058824,49.163167616900274,0.6613842896914351
04216418,-10.293734073638916,0.565131425857544,0.6996819972991943,0.9371911883354187,0.03087480552494526,-9.561491757631302,-4.086096226895613,4.9796389713844595,0.8234394762040362,1.0488674640655518,0.29411764705882354,36.42867032219382,0.8423908546556063
04221000,-16.347061097621918,0.6719672679901123,0.7717329412698746,0.8596596121788025,-0.031050538644194603,-15.747617185115814,-2.482132784896553,15.361240016444846,0.8087863070432167,0.9521802067756653,0.2903225806451613,30.508893535983177,0.8792501788972392
04224775,-27.403059601783752,0.5578758120536804,0.6700576543807983,0.7790548205375671,0.0012609466211870313,-23.1662318110466,-10.222216698037286,-733.8794813215414,0.7147370090710241,1.0021315813064575,0.2,45.725911458333336,0.8195736770113844
04233000,-14.13848102092743,0.6082778871059418,0.6707581579685211,0.8828915357589722,-0.05940907448530197,-13.01349401473999,1.0819555436357664,21.67383855906747,0.7692679525533298,0.9088782668113708,0.34375,39.91371393203735,0.823308984204797
04256000,-3.2566767185926437,0.6554344892501831,0.8295095562934875,0.9506503939628601,-0.009772082790732384,-5.703071132302284,-4.987464210059041,10.062052788718445,0.8981509594735593,0.9884235262870789,0.42857142857142855,27.533484867640905,0.9116607182703544
04296000,-5.128150433301926,0.651374876499176,0.8065519630908966,0.8794512748718262,-0.0680832788348198,-5.86339607834816,-17.301790486678602,-81.94803537821332,0.8246880308562925,0.9200971126556396,0.4411764705882353,33.44403996187098,0.9009150869756112
05056000,-37.73445188999176,0.5141465961933136,0.6441054940223694,0.6854771375656128,-0.12133931368589401,-33.02791118621826,-31.441101340751175,-168.5205893440639,0.5314249099545938,0.7009760141372681,1.25,74.65702295303345,0.8233007077096663
05057000,-31.187105178833008,0.5072327852249146,0.6325158774852753,0.706533670425415,-0.15058358013629913,-28.456464409828186,-13.857935698551675,-245.45967038100324,0.5311320538760058,0.6834544539451599,2.0,70.90418888972356,0.8169328495294774
05057200,-51.91761255264282,0.5250354111194611,0.49678903818130493,0.51374751329422,-0.10304044932126999,-47.225555777549744,-13.437318405398708,-182.66081996377468,0.34471486152210873,0.6383264064788818,1.7272727272727273,57.807787981900304,0.7507022991843781
05062500,-50.44241547584534,0.44981884956359863,0.475647509098053,0.5515552759170532,-0.2115182727575302,-47.36034572124481,7.071336222224504,-8.070219019919048,0.3882969102629973,0.669343888759613,0.9090909090909091,56.55389454053796,0.7475231980253431
05087500,-58.085936307907104,0.4926137924194336,0.42634451389312744,0.4651947021484375,-0.11998747289180756,-55.86962103843689,-34.46719439236728,-3.4750295922351055,0.30026718254885454,0.6574242115020752,0.9090909090909091,67.7092898975719,0.7063145588507245
05120500,55.29091954231262,0.36646318435668945,0.13698452711105347,1.4318071603775024,0.02028963714838028,38.11277747154236,-41.359610947711744,-10.296751916928553,0.5043302384090251,1.0589927434921265,1.4545454545454546,57.552263953469016,0.7638836197599921
05123400,-26.507174968719482,0.4865012764930725,0.517995148897171,0.7321634292602539,-0.06851068884134293,-28.470513224601746,-77.59079384412487,-89.79675778012016,0.5676246371243711,0.8037868738174438,2.076923076923077,64.26716584425705,0.7230299024987118
05129115,-1.2396174483001232,0.5531905889511108,0.7500545382499695,0.9239029288291931,0.0959218218922615,-6.711651384830475,-1.4545465762140646,38.6117959811283,0.8213092861597442,1.0998587608337402,1.0454545454545454,26.723634112964977,0.8728471987854172
05131500,-6.768232583999634,0.6658031046390533,0.8555729687213898,0.9492689967155457,0.052529316395521164,-3.182356432080269,-9.397924876305062,28.693101814029298,0.8774696495854407,1.084097981452942,0.8846153846153846,26.68764591217041,0.92673621908468
05291000,-23.25276881456375,0.5077406764030457,0.5779266059398651,0.7719700932502747,-0.006305967457592487,-13.598361611366272,7.280600631231929,-359.81381707947213,0.6683328783023634,0.9762558937072754,0.8461538461538461,50.61228825495794,0.7603301048123353
05362000,14.676740765571594,0.659734845161438,0.7799617946147919,1.1599143743515015,0.07358639687299728,13.437765836715698,7.3259816571748475,2.4648394389694954,0.7609799224770798,1.1578506231307983,0.5185185185185185,49.53681098090278,0.9185066192132803
05393500,1.3676290400326252,0.6293526589870453,0.7730328738689423,1.0153937339782715,0.04723932594060898,2.8494881466031075,1.611148286371102,41.676293954043864,0.8481133898968518,1.1030136346817017,0.3103448275862069,26.633678633591224,0.889452424936153
05399500,-20.869778096675873,0.6042172014713287,0.7381039559841156,0.844972550868988,0.01764398254454136,-18.7716007232666,-16.042329394214605,-341.04226506243197,0.7822581766933531,1.0601563453674316,0.46153846153846156,41.3221395932711,0.8594325580197575
05408000,0.6913955789059401,0.4658544063568115,0.6680805385112762,0.9141586422920227,0.04291464015841484,2.816646359860897,0.16415579800474356,-2044.7791568892192,0.7954358273565731,1.057648777961731,0.10714285714285714,33.63942418779646,0.8234939648746823
05412500,19.12870854139328,0.6256275773048401,0.7468935549259186,1.113150954246521,0.036386195570230484,16.61636084318161,-4.350212309994983,-4.583540908427361,0.8329384529936632,1.0598645210266113,0.782608695652174,27.694865931635317,0.8926563408323221
05413500,-20.82000970840454,0.4148864150047302,0.6657764315605164,0.7399938702583313,-0.03487475588917732,-16.845770180225372,-12.05698324963228,-1927.4078524981458,0.681236415958486,0.9570083022117615,0.23076923076923078,34.2648799602802,0.8206713940024218
05414000,-15.321797132492065,0.40018701553344727,0.40121346712112427,0.792666494846344,-0.01322267483919859,-12.245561182498932,-15.3570259566013,-43.809573290608334,0.5923501711350201,0.9811248183250427,0.2857142857142857,50.00305629911877,0.6495218578412005
05444000,-16.537612676620483,0.4731981158256531,0.6110181212425232,0.8617271780967712,-0.06717368215322495,-14.149422943592072,-15.762009925223525,-14.49845474410857,0.7246074624920418,0.8914499282836914,0.391304347826087,46.675740117612094,0.7880128344253492
05454000,-7.715875655412674,0.4855894446372986,0.6171999275684357,0.9517180919647217,-0.027870699763298035,-3.88120636343956,-33.355814263202205,77.23005058738195,0.7842923895581008,0.9336112141609192,0.3076923076923077,57.40800270667443,0.8005227840733691
05458000,9.482825547456741,0.5573077201843262,0.6328218281269073,1.082924723625183,-0.011192680336534977,5.532463267445564,-6.57395772725936,5.3254753290818835,0.812096356911798,0.9721387624740601,0.42857142857142855,50.60440245128813,0.8337020122159365
05466500,-5.259544774889946,0.617774486541748,0.7411684691905975,0.9479159116744995,-0.05831865221261978,-10.212936997413635,5.92887584537551,-456.89236758590096,0.8285422328129152,0.9055772423744202,1.0,39.62767370815935,0.8666982501447822
05487980,8.793557435274124,0.5844189524650574,0.6764945983886719,1.1070923805236816,0.049428246915340424,5.6754060089588165,-23.985640520925685,-282.2540553931399,0.7644685532983385,1.156383752822876,0.2,45.4918212890625,0.8601772326400947
05488200,5.83706796169281,0.5669701099395752,0.6459693610668182,1.0388296842575073,0.02220391109585762,1.2914055027067661,-31.157422102279813,-8.252151500384668,0.8100347212111676,1.0766196250915527,0.125,59.44612820943197,0.830564183784505
05489000,4.1038937866687775,0.5950963795185089,0.7047841846942902,1.0346570014953613,0.04640841484069824,-0.02317929465789348,-27.749711774462106,-91.20120839598925,0.7871488174223821,1.155600666999817,0.16,36.12358093261719,0.8589576283478859
05495000,6.906566023826599,0.6774753928184509,0.7805030047893524,1.0515249967575073,0.021468129009008408,1.4941543340682983,-18.199921642821177,-121.08618669022586,0.8675937363670023,1.065501093864441,0.46153846153846156,38.72205294095553,0.8971107388453419
05495500,-15.389169752597809,0.6387324929237366,0.7897317409515381,0.8711807727813721,0.017460471019148827,-12.895429134368896,-35.71713911919384,-144.2501861999673,0.8178159880802371,1.0654205083847046,0.2903225806451613,36.55804049584173,0.8890190197346294
05501000,1.5330222435295582,0.6088516712188721,0.7613814175128937,1.0436923503875732,0.05016147717833519,4.169968143105507,-32.902499916277364,-222.06972324806677,0.7829316207606092,1.1806156635284424,0.21739130434782608,48.00575505132261,0.8878053393810293
05503800,-0.6140770390629768,0.5388625860214233,0.6676874756813049,1.028752088546753,0.08206944912672043,2.0985081791877747,-51.344988011541446,-43.78508960004886,0.6103880099178488,1.3550468683242798,0.11538461538461539,45.341953864464394,0.8421629273171366
05507600,-25.217732787132263,0.6175795495510101,0.727362722158432,0.7588249444961548,-0.016139987856149673,-25.403067469596863,-18.34008753086602,4.224305270557686,0.7100065660774613,0.9224863052368164,0.14814814814814814,57.00140352602359,0.8588532272949074
05508805,4.559820890426636,0.5821442306041718,0.7499963343143463,1.0358220338821411,0.04712497815489769,5.06792776286602,-34.44305211801304,-10.902971437351429,0.7733574515455355,1.1895405054092407,0.3076923076923077,49.259391197791466,0.8810125070955328
05514500,-10.766380280256271,0.6230015456676483,0.7879511564970016,0.8995308876037598,0.02702171541750431,-11.918577551841736,-32.03413368965798,-183.08636418798133,0.8257256198477073,1.0881314277648926,0.23076923076923078,32.201884343073914,0.888150241520605
05525500,-11.77990585565567,0.6788277924060822,0.7915773391723633,0.8845598101615906,-0.011372595094144344,-15.670806169509888,-14.530603424725394,20.791672769169153,0.8386745293820798,0.9764586091041565,0.3333333333333333,35.11491351657444,0.8897944059729519
05556500,-18.58428567647934,0.5698944628238678,0.7735476791858673,0.8496144413948059,-0.052632976323366165,-14.549656212329865,-30.789251908506728,-213.16287876130394,0.7746580264748193,0.8809971213340759,0.16,40.46903610229492,0.881672050366575
05584500,-24.999839067459106,0.67934450507164,0.7920799404382706,0.7727034687995911,-0.0602988600730896,-25.4512220621109,-21.36937642308871,45.830118782493145,0.7141523045030771,0.8575494289398193,0.4,40.13500213623047,0.9012425864565525
05585000,-1.113109104335308,0.6655534207820892,0.8049794882535934,0.9102243781089783,-0.008345471695065498,-6.467831879854202,-24.615963102527573,43.92280055963449,0.8625591166708312,0.9829468131065369,1.3548387096774193,39.23097425891507,0.8973378212721008
05591550,-24.409790337085724,0.600847452878952,0.7183049023151398,0.8069633841514587,-0.039783626794815063,-23.389527201652527,-45.422424304747004,73.7490778793078,0.7325878807319923,0.8922754526138306,0.20689655172413793,56.581997049265894,0.8495289783260751
05592050,-4.106133058667183,0.6022267639636993,0.7630331069231033,0.9781097769737244,0.042096078395843506,-4.445457458496094,-42.31681753366395,65.48940904374346,0.8209864342938548,1.1310360431671143,0.21428571428571427,28.336782114846365,0.880015708387329
05592575,2.488563396036625,0.44897139072418213,0.61572265625,1.0734827518463135,0.089137963950634,3.4425392746925354,-43.368343106328396,-43.53941859743738,0.6034595309780739,1.3492778539657593,0.37037037037037035,49.422359466552734,0.8272296047284259
05593575,11.72143742442131,0.668834000825882,0.8084098547697067,1.0321708917617798,0.0022455572616308928,5.026306211948395,-14.551727829949664,9.204698214824857,0.9018958860726723,1.008315086364746,0.1111111111111111,39.746789579038264,0.9076944734511267
05593900,-15.729531645774841,0.586698979139328,0.70379438996315,0.8567427396774292,-0.005308748688548803,-15.815804898738861,-22.147571897043015,-7.892587849268469,0.783628315010366,0.979660153388977,0.18518518518518517,39.46104402895327,0.8391262791194142
05595730,-5.700293555855751,0.6631841361522675,0.8440748155117035,0.8837704062461853,0.01955779269337654,-5.241374671459198,-48.14671476661058,-29.19323937637316,0.8345934717611387,1.0859816074371338,0.16666666666666666,33.19521347681682,0.9196435173593129
06037500,-14.777074754238129,0.5165919065475464,0.8013578653335571,0.8544230461120605,-0.1556248962879181,-12.661902606487274,-25.894632348181666,34.382516177035924,0.8132546836626299,0.924895703792572,0.8125,15.944600105285645,0.9103311182079307
06043500,2.4094054475426674,0.7587472498416901,0.9341310784220695,1.0013363361358643,-0.06469608843326569,2.0339949056506157,33.26676793788751,6.715355541588782,0.9145938565400843,0.9203519821166992,0.6,15.112390518188477,0.9692003767281304
06154410,-43.33185851573944,0.42344313859939575,0.596735417842865,0.5963987112045288,0.03468348830938339,-35.87532639503479,32.79595839635089,5.169658214382675,0.5416239492626851,1.0837281942367554,0.8181818181818182,66.6146538474343,0.7994901671687289
06188000,-17.92151927947998,0.7836679220199585,0.9131409227848053,0.857746422290802,-0.0002946198801510036,-16.266600787639618,-25.33525211513641,43.80595533936816,0.8525393730924871,0.9994344115257263,0.4,21.09056313832601,0.9611639828694076
06191500,-14.924536645412445,0.8012855648994446,0.935120977461338,0.8498034477233887,-0.05642952024936676,-14.639778435230255,0.47823165361402903,15.635923835353601,0.8315528826253269,0.9273005127906799,0.9333333333333333,19.500295321146645,0.9769736760302921
06221400,-17.04009175300598,0.7324782013893127,0.8526341766119003,0.7532013058662415,-0.10182023793458939,-19.469740986824036,-30.308500863119907,34.83487683800026,0.7123485922170045,0.8611387610435486,1.125,39.455533027648926,0.9494896714632548
06224000,-22.37880229949951,0.7725744098424911,0.8815181106328964,0.8470059037208557,-0.03370388597249985,-21.147501468658447,-3.5916441936324444,-731.0432291548518,0.8293631060306075,0.9486709237098694,1.2666666666666666,33.28772862752279,0.9445465779734779
06278300,1.877390407025814,0.6699257791042328,0.7367166578769684,1.099217176437378,0.0704830139875412,3.6728128790855408,-23.483402766659953,-853.2545254765981,0.769231671487086,1.1750314235687256,0.9333333333333333,20.422895749409996,0.886977992815807
06280300,-6.963568180799484,0.7938570976257324,0.9111326262354851,0.9155541658401489,-0.029804453253746033,-6.905916333198547,-12.995883763757165,43.458707219796224,0.8947777220100711,0.9553772807121277,1.0,20.72263240814209,0.9558475164708421
06289000,-20.84203064441681,0.6595818400382996,0.7990159392356873,0.8236484527587891,-0.06400824338197708,-21.225593984127045,1.0821321412225047,60.66085393538678,0.7824463419280454,0.9218915700912476,1.1428571428571428,30.575180053710938,0.8993580648869001
06291500,2.4878062307834625,0.5855734050273895,0.7442129850387573,1.0434848070144653,0.06472558528184891,3.577956184744835,-6.04044304463072,57.925971608233304,0.8426378151988737,1.0924971103668213,0.8571428571428571,30.13500826699393,0.8803496204014103
06311000,-8.478892594575882,0.6850183606147766,0.7313096821308136,0.8842854499816895,-0.04452410340309143,-12.667886912822723,-7.1070784616626,-760.0288726245872,0.7943125650609637,0.9083391427993774,1.2,38.21551640828451,0.8567667948305727
06332515,27.507930994033813,-0.07946419715881348,-0.6585758924484253,1.3342921733856201,0.14456884562969208,27.82866656780243,32.63148023770595,-17.287241795205226,-0.17551265635223356,1.9711393117904663,0.6666666666666666,53.4974479675293,0.428189554876319
06339100,-24.73824769258499,0.20088934898376465,0.0774199366569519,0.7055105566978455,0.056771520525217056,-14.715149998664856,-26.32761361213883,-22.218812260702546,0.2236828712501835,1.4095547199249268,0.4666666666666667,59.168497721354164,0.40990747881271955
06339500,-4.923291876912117,0.34218478202819824,0.35088014602661133,0.8425076603889465,0.040983546525239944,1.3912803493440151,1.6071107683908983,-57.454571913663166,0.5402310751990336,1.223703384399414,1.0666666666666667,50.39829889933268,0.6304862343772275
06344600,-15.799327194690704,0.18528085947036743,0.04831141233444214,0.7771819829940796,0.055843908339738846,-11.214421689510345,-30.73980812229522,-31.538152618898607,0.27249816841873786,1.3809924125671387,0.5333333333333333,56.75142923990886,0.421678439086081
06350000,-17.740873992443085,0.2505797743797302,0.43203479051589966,0.710135281085968,0.048587147146463394,-3.7547633051872253,-1.6873893042498707,-284.7566962830417,0.4299156767198544,1.3549654483795166,1.4615384615384615,61.18458601144644,0.6609216744830194
06352000,-32.28660225868225,0.39024680852890015,0.5262739062309265,0.5879526138305664,0.007038143929094076,-24.879293143749237,-42.11400999593348,-105.31642114096533,0.5110595972341172,1.0499169826507568,1.0,67.24488518454812,0.741566326012175
06353000,-40.35404026508331,0.47361838817596436,0.5338237285614014,0.5557143092155457,-0.00032429269049316645,-29.732784628868103,-38.825722728660104,-17.654983041014905,0.49415440595680926,0.99798983335495,1.25,74.68472321828207,0.7581613157347488
06354000,-37.89636194705963,0.45867544412612915,0.5727870166301727,0.5833262801170349,0.009308554232120514,-28.478986024856567,-13.62729562873987,-30.40426153124139,0.5271125911564967,1.0527995824813843,1.1818181818181819,61.50628436695445,0.782703620160375
06360500,-51.510030031204224,0.43304383754730225,0.4627564549446106,0.5307127833366394,-0.018847431987524033,-45.08316218852997,-29.752240234465333,-20.613840286007488,0.4377577928903871,0.9170332551002502,1.5,64.79841641017369,0.7016674222070529
06404000,-11.430583149194717,0.556212842464447,0.7006835639476776,0.8581646084785461,-0.030549006536602974,-9.258758276700974,-46.92055347441278,-15.065542162114513,0.7687670654912764,0.9159421324729919,0.5714285714285714,40.69045952388218,0.8378714503232588
06406000,-4.437602683901787,0.21109998226165771,0.399078905582428,0.8885462284088135,-0.16405938565731049,0.034570827847346663,-52.26166460213697,45.17606786070508,0.5549993698267174,0.7071866989135742,0.4166666666666667,58.44335158665975,0.6839873604433069
06408700,-29.951152205467224,-0.03729712963104248,-0.22427356243133545,0.22670328617095947,-0.39251866936683655,-33.20349156856537,-83.10251591451261,57.47705560520204,-0.3049319031349005,0.8579633235931396,1.0,35.55249273777008,-0.04148213943196013
06409000,-46.459704637527466,0.15055525302886963,0.1501837968826294,0.46299052238464355,-0.32797861099243164,-43.24667155742645,-49.00174293943115,69.67659769936986,0.24311293922747157,0.7896324396133423,1.35,54.35134887695312,0.5098527432973585
06431500,15.552814304828644,-0.1614546775817871,-0.04453396797180176,1.0266499519348145,-0.6398113369941711,3.0364055186510086,-9.33857012301839,55.40254357275197,0.5718316472666891,0.7048079967498779,0.8888888888888888,35.06195015377468,0.691002266090172
06440200,-31.219682097434998,0.4324498772621155,0.39878714084625244,0.7166237831115723,0.011072407476603985,-28.276225924491882,-73.33054483208802,-168.29478121758729,0.5341490481472212,1.0684312582015991,0.8571428571428571,59.42313784644717,0.6366376575027499
06441500,-34.33237671852112,0.5035926997661591,0.5827354490756989,0.6667739748954773,-0.035398222506046295,-36.1061155796051,-65.64183001134339,-59.74440067644492,0.5692251330504694,0.8509117364883423,0.8333333333333334,63.22751045227051,0.7713078666164831
06447000,-26.7754465341568,0.3834129571914673,0.526873767375946,0.7671816349029541,0.05583054572343826,-24.64613914489746,-31.500707502789986,-12.674155047180378,0.6156844921039915,1.141618251800537,0.78125,66.11784100532532,0.7290050014486147
06447500,-49.03196096420288,0.4406513571739197,0.36257243156433105,0.4868218004703522,-0.0789429172873497,-42.07296967506409,-17.127531075791293,-698.849826078607,0.3527494939643382,0.886652946472168,1.4210526315789473,55.28981058221114,0.6221987314109599
06450500,-43.799880146980286,0.35323411226272583,0.41601794958114624,0.587072491645813,-0.1389104276895523,-34.27190184593201,6.685098131427074,16.45550083082443,0.44080524311590874,0.8282856345176697,0.5909090909090909,63.45372200012207,0.6642860955246842
06452000,-35.158342123031616,0.48293763399124146,0.547077089548111,0.6614497900009155,-0.06021725386381149,-32.00933039188385,11.733763312681798,14.317644541018229,0.5539613518461348,0.8574159741401672,1.0357142857142858,59.550489698137554,0.7470098291907256
06453600,-25.27575194835663,0.4656166434288025,0.5600663721561432,0.7874598503112793,-0.029282139614224434,-22.67017960548401,-21.747951429736972,-5.356836768245329,0.6625141492200038,0.9214603900909424,0.631578947368421,61.97188527960527,0.7498901962690645
06464500,-21.006502211093903,0.4693651795387268,0.5018486678600311,0.8035380840301514,-0.10784612596035004,-20.193006098270416,-9.927856263067355,-492.7906040750446,0.6304966402979748,0.857694149017334,0.92,43.08702087402344,0.7212806192948908
06468170,-66.52128100395203,0.5037989914417267,0.3781386613845825,0.3601737916469574,-0.12769192457199097,-62.84761428833008,-38.25686167787272,-11.746283525506586,0.15846509607805814,0.526043176651001,1.5,80.1980209350586,0.7276613372574385
06468250,-49.23458695411682,0.5616886615753174,0.5455181896686554,0.5274679064750671,-0.10385396331548691,-45.1153039932251,-9.613888124598088,12.66799955858653,0.3700371173012963,0.6395639181137085,1.3636363636363635,67.75051897222345,0.7910682287409035
06470800,-60.13370156288147,0.4248054027557373,0.30872756242752075,0.4192871153354645,-0.1452987641096115,-55.59083819389343,-52.30885788106113,0.5641919621667957,0.1191237825353646,0.4698224365711212,1.5454545454545454,70.28018778020684,0.6029770695337425
06477500,-6.720425933599472,0.5015864372253418,0.47157806158065796,0.9416764974594116,-0.002611530013382435,-9.72902700304985,-25.00693094131291,8.616350002957992,0.7149498559297449,0.9880897998809814,1.4615384615384615,79.18985806978665,0.7212346850503167
06479215,7.428482919931412,0.40147072076797485,0.31199151277542114,1.0074149370193481,0.02707916498184204,11.015402525663376,-51.441187720700874,-11.000482076979837,0.6457930814217285,1.0952433347702026,1.0,66.84103573069852,0.6589189728824477
06479438,-23.497876524925232,0.44485485553741455,0.4835302233695984,0.7018670439720154,-0.030450819060206413,-17.11582988500595,-32.45458667120962,-124.50745877649037,0.5579823542688679,0.8812009692192078,0.7333333333333333,55.579160054524735,0.6960540673849167
06601000,-12.342873960733414,0.07780271768569946,0.24089670181274414,0.7039462924003601,-0.09780248999595642,-1.1171869933605194,67.50922854193564,-201.13761499332315,0.41031998931917746,0.8023789525032043,0.47619047619047616,72.68649964105516,0.5298716783692871
06614800,-18.68014633655548,0.7942151427268982,0.9000229761004448,0.9468719363212585,-0.011860033497214317,-10.683918744325638,2.5065518813723138,-1035.4203368036106,0.922813547397538,0.9773992896080017,1.4,21.36203130086263,0.9487714415108455
06622700,-8.893826603889465,0.7468869686126709,0.8662267029285431,0.9716274738311768,0.010785053484141827,-7.531380653381348,-7.746108950191981,-44.752970424432036,0.9224584724091442,1.0231045484542847,1.4666666666666666,33.36332003275553,0.9316343061130329
06623800,-5.278390645980835,0.7526433765888214,0.8686637133359909,0.9977816343307495,0.022379742935299873,-3.855808451771736,5.636555802695526,-13.737133505119035,0.9226093057473208,1.0410633087158203,0.875,28.859078884124756,0.9344393175143944
06632400,-5.295155942440033,0.7409168183803558,0.8598112165927887,1.0329649448394775,0.055646274238824844,-1.072415430098772,-14.419333287713865,-165.1903592319289,0.8581434155254732,1.121254563331604,1.6666666666666667,30.69257418314616,0.9341673801085604
06746095,-15.840473771095276,0.6737084984779358,0.7661986947059631,0.8081263303756714,-0.10649146884679794,-16.521061956882477,4.997708474516233,-718.9725498288549,0.6976764756747574,0.7965526580810547,1.1875,37.48934268951416,0.8851383992300068
06784000,34.51811373233795,0.21953988075256348,-0.04679369926452637,1.3072807788848877,0.05413458123803139,29.67527210712433,-11.544904647851775,57.52368642492868,0.5216952624384186,1.049860954284668,0.7307692307692307,53.35048528817984,0.6368638958467883
06803510,31.54197633266449,0.27843964099884033,0.3721309304237366,1.4483526945114136,0.031032919883728027,36.54368817806244,36.50082491934128,-187.16031804848106,0.5100464128260669,1.1319782733917236,0.07692307692307693,55.229748212374176,0.8529758038229783
06803530,2.307097800076008,0.45801782608032227,0.5965730547904968,1.1382569074630737,-0.0036764475516974926,3.9130333811044693,26.471483260520156,-636.4336337657784,0.7812303065656556,0.9842400550842285,0.09523809523809523,71.00075767153785,0.831189957525164
06814000,0.09225559770129621,0.5272848010063171,0.7458170354366302,1.036385178565979,0.049207478761672974,3.0139612033963203,-41.233730064466926,-9.594339449647112,0.7668609970097623,1.1960402727127075,0.11538461538461539,36.612231914813705,0.8791772994395045
06847900,-41.2148118019104,-0.202720046043396,0.1664305329322815,0.4626980125904083,0.03657599166035652,-30.40655553340912,-31.63905229419971,-10.270124566558271,0.1520268090565301,1.2921923398971558,1.0,127.81873279147678,0.412642576117422
06853800,-12.243549525737762,0.23262041807174683,0.49357861280441284,0.8480764031410217,0.06007729843258858,-6.537472456693649,-58.37982854635375,-20.988624248513823,0.5723468199393595,1.282508134841919,0.9473684210526315,64.2409926966617,0.7171650359634627
06876700,5.231261253356934,0.29720139503479004,0.2361043095588684,0.9905279278755188,0.08111362904310226,-2.1494686603546143,-47.265969566635995,54.27190337960034,0.5365829662974961,1.2618452310562134,0.8235294117647058,50.29089871574851,0.6177661684931403
06878000,-29.96422052383423,0.5509508550167084,0.6740675866603851,0.715383768081665,-0.03255641832947731,-28.38415503501892,2.5337728342268364,-229.48829150271922,0.6437273678495299,0.8701056241989136,0.391304347826087,53.90508900518003,0.8295557566731019
06879650,-10.851434618234634,0.28871816396713257,0.14819830656051636,0.9253824353218079,0.04348690062761307,-11.25713661313057,-89.89483184737594,20.97115186433279,0.5012185991510651,1.1873096227645874,0.5,84.87486839294434,0.5437871000354007
06885500,-23.60106110572815,0.5502088963985443,0.7592232376337051,0.7813130617141724,0.02249189279973507,-19.3325936794281,-16.714358068500445,-181.23848897332536,0.7323149359163851,1.0930800437927246,0.19230769230769232,41.528173593374405,0.8768439120296357
06888500,0.27589588426053524,0.5079453885555267,0.6587414443492889,1.0600887537002563,0.03599925711750984,-1.8474472686648369,-30.104961239993916,-208.1601112251746,0.789125415310216,1.1252586841583252,0.11538461538461539,40.65327277550331,0.8413567077063648
06889200,-20.429834723472595,0.5991599857807159,0.5646725296974182,0.6702820658683777,-0.0002964336599688977,-16.440249979496002,-21.775828514154373,-5.6684301835581765,0.5900286769897956,0.9983472228050232,0.2,40.74528121948242,0.7563612552768828
06889500,-17.330224812030792,0.568778932094574,0.7181001603603363,0.7610205411911011,0.026091057807207108,-13.179494440555573,-17.696492510646785,-197.67496415265904,0.6918594001281693,1.1271194219589233,0.18518518518518517,49.23540397926613,0.8527583614679373
06892000,-17.391762137413025,0.625182181596756,0.8025142252445221,0.858062744140625,0.005768300499767065,-17.418816685676575,-23.11525412144958,-92.43284682033695,0.8232574215218575,1.0204250812530518,0.5862068965517241,35.68460530248181,0.8966821869084576
06903400,21.277344226837158,0.5755050778388977,0.5383526384830475,1.0739991664886475,0.0024818978272378445,3.667161241173744,-40.456561728169845,-16.76981843195902,0.7749800861287548,1.0076199769973755,0.2692307692307692,39.41781704242413,0.7876323448635185
06906800,-17.09955334663391,0.38031625747680664,0.6826563477516174,0.8452523350715637,0.09447412192821503,-24.062566459178925,-42.89940379910283,66.20427125418284,0.5872452119660909,1.3436609506607056,0.14285714285714285,42.730437006269185,0.8317239582260928
06910800,11.789123713970184,0.5242608785629272,0.6932259798049927,1.1919441223144531,0.05372752249240875,6.214796006679535,-44.57825515942237,-19.443497119327084,0.6740214522444922,1.238476037979126,0.125,44.16190981864929,0.8879792572087535
06911900,-1.0688800364732742,0.5411907732486725,0.796318531036377,0.9936479330062866,0.0334894098341465,-5.192863196134567,-40.989027941919915,-22.23203891475566,0.8042357858730181,1.1670275926589966,0.03333333333333333,41.20218276977539,0.8980928752824293
06917000,-16.408075392246246,0.5612773001194,0.7876346409320831,0.8655109405517578,0.024910056963562965,-18.962301313877106,-51.68867198534238,83.02166365860782,0.7980293161544949,1.1009401082992554,0.3333333333333333,40.151391205964266,0.8881253176170641
06918460,63.10083866119385,0.49545818567276,0.22648441791534424,1.5243990421295166,0.07885469496250153,60.28868556022644,-20.896570982316465,45.1337717773096,0.4293107423737802,1.1569007635116577,0.21739130434782608,64.3789001133131,0.8385254701413557
06919500,-1.228788960725069,0.5665862560272217,0.7927538901567459,1.006585955619812,0.10071969032287598,-3.8380835205316544,-47.466764679182546,86.63345764079085,0.67120565085428,1.313816785812378,0.5384615384615384,33.45605776860164,0.9021155060230701
06921070,10.367875546216965,0.5363584160804749,0.7217985093593597,1.1214721202850342,0.09329011291265488,10.85369661450386,-41.94835307242272,58.822799579859954,0.664674615137377,1.2911843061447144,0.20689655172413793,36.733587856950436,0.8864247492551937
06921200,-4.0717072784900665,0.4406217336654663,0.6970137059688568,0.947232723236084,0.08447001874446869,-4.995572939515114,-57.68318832484365,-23.8375668899966,0.6403897487798307,1.3203189373016357,0.27586206896551724,42.81228492999899,0.8453037631630805
06934000,9.029652923345566,0.5694740116596222,0.7711429595947266,1.0859665870666504,0.13765665888786316,6.8985819816589355,-6.503470048679604,-176.25964340248484,0.7300843811395464,1.2382644414901733,0.8846153846153846,41.987191713773285,0.9067570746152319
07014500,-0.062307092593982816,0.5343966782093048,0.7843212485313416,1.0137118101119995,0.12683293223381042,4.048595950007439,-24.460933518061502,16.549894696318518,0.7398836918987889,1.2404143810272217,0.3076923076923077,34.492595379169174,0.901646528282147
07056000,-5.678374320268631,0.6494729220867157,0.8709877133369446,0.9559745192527771,0.04784047231078148,-2.2639328613877296,-32.016220690587204,33.971832419486255,0.8394804340684593,1.1398879289627075,0.16,30.653385162353512,0.9347339642512995
07057500,36.57774329185486,0.5831944942474365,0.7797399014234543,1.2856844663619995,0.06599746644496918,34.53204929828644,11.2492350441285,-145.35393203157983,0.695209439247297,1.092489242553711,0.2608695652173913,29.72865933957307,0.947775373479099
07060710,-22.773155570030212,0.43784499168395996,0.5808893442153931,0.7364762425422668,0.048659224063158035,-18.653911352157593,-38.77954621370589,-31.356309148047824,0.5827876102025664,1.221421480178833,0.391304347826087,52.992829032566235,0.7642163373529495
07066000,0.511076720431447,0.5927835404872894,0.7513230592012405,1.0469412803649902,0.03341902792453766,-1.8898533657193184,-11.97064087312682,-53.69141128458597,0.8609392509658498,1.0583417415618896,0.23076923076923078,37.2554558974046,0.8828221466694326
07067000,5.070113390684128,0.5364116728305817,0.7126546800136566,1.1170439720153809,0.08707298338413239,4.7118958085775375,-4.727323137295527,-9.815122607825735,0.7975147009293446,1.1145331859588623,0.14285714285714285,32.249631200517925,0.8809069512158322
07068000,-0.9168814867734909,0.6388809680938721,0.8386817425489426,0.997263491153717,0.0033982733730226755,1.075049303472042,7.384651574572056,-46.192704702360345,0.9189797559474506,1.0040850639343262,0.34615384615384615,29.709023695725662,0.9191290922622891
07071500,10.072220116853714,0.5557912588119507,0.814026266336441,1.1222255229949951,0.10196896642446518,14.565752446651459,-6.268282621779224,-28.58204669259454,0.8012192452597325,1.1394716501235962,0.5,34.03924226760864,0.9284292741722466
07083000,-3.6881696432828903,0.7701375186443329,0.8785113170742989,0.9971401691436768,0.025700075551867485,-0.800802931189537,-5.19892026025296,-113.70947852052747,0.9282198003124453,1.0383912324905396,1.0,22.76350498199463,0.9394167374391591
07142300,-18.166272342205048,0.20955777168273926,0.3452141284942627,0.7301647067070007,0.06825345754623413,-10.016826540231705,-43.96693777820024,-30.947727170781032,0.49656700100763307,1.1560307741165161,1.1333333333333333,50.35013516743978,0.6046671067359429
07145700,7.696942985057831,0.5501666367053986,0.7003519535064697,1.094634771347046,0.05447306111454964,4.718087613582611,15.542131373610191,-214.1779057389016,0.7196088816827926,1.2288905382156372,0.21875,46.25208377838135,0.8685748852059757
07148400,-6.43547847867012,0.4561312794685364,0.5632551610469818,0.8599352240562439,0.03196491673588753,-2.8299016878008842,-49.02183884958076,71.56011044590016,0.7119487239569339,1.0694303512573242,0.4230769230769231,44.0983038682204,0.7580602916134918
07149000,-26.542100310325623,0.4267612099647522,0.4564861059188843,0.7148212194442749,-0.11804753541946411,-24.12188947200775,-1.9957755327063502,85.24086620939286,0.5222245689401017,0.7794680595397949,0.8461538461538461,49.28170717679537,0.6864587923700016
07151500,-35.33472716808319,0.54209765791893,0.6239815950393677,0.6591728329658508,-0.09764803200960159,-32.418620586395264,25.640946634614014,-261.79247800012155,0.5223669500311162,0.7244679927825928,0.4,62.21435546875001,0.8101256056420428
07167500,-7.550594210624695,0.5414817929267883,0.7117665708065033,0.8709437847137451,0.016669219359755516,-7.004691660404205,-39.23547169490538,-113.56092856269382,0.7779869445904251,1.0915206670761108,0.2,54.70404815673828,0.8442493737854434
07180500,5.220884084701538,0.5403043329715729,0.6810136437416077,1.1092170476913452,0.010028799995779991,0.16660250257700682,1.4444384115228344,-1.4962905025657136,0.8183031118291424,1.0440459251403809,0.21428571428571427,54.721566608973916,0.8616332693777601
07184000,-6.38749822974205,0.5940845012664795,0.7218559682369232,0.9256696701049805,0.0400162935256958,-3.155873715877533,-39.39656141263744,-34.06910656957521,0.7629682939317087,1.1709648370742798,0.32142857142857145,39.99988692147391,0.8536099176053673
07195800,-9.081603586673737,0.4356505870819092,0.46806538105010986,0.9644765853881836,-0.016138162463903427,-9.058552980422974,-5.623235520699655,90.9798177209624,0.7204488039204866,0.9642763733863831,0.15384615384615385,67.0175552368164,0.7250258544055924
07196900,-3.573347255587578,0.40818578004837036,0.5650244653224945,0.9505776166915894,0.06562670320272446,0.8891250006854534,-37.35575482629435,81.17561430761629,0.6772251651172028,1.2258442640304565,0.36666666666666664,56.50254567464192,0.7747548214361183
07197000,1.2136546894907951,0.502874881029129,0.7807031720876694,1.017490029335022,0.10674355179071426,3.6935240030288696,-30.834812156369235,24.390702994511823,0.7018798386415017,1.2795761823654175,0.25925925925925924,50.39015875922309,0.8979858454122375
07208500,44.11255419254303,0.5520153939723969,0.41154950857162476,1.3523434400558472,0.09564165771007538,43.92259120941162,-27.041173620376753,-426.5990159894062,0.5807900174848704,1.1525496244430542,1.1333333333333333,37.692670822143555,0.8317153549124875
07226500,-41.742199659347534,0.25622129440307617,0.2124922275543213,0.6845440864562988,0.021540598943829536,-40.65853953361511,10.489020857284652,-1765432812500.0,0.38426935388961814,1.1656054258346558,0.625,72.76964783668518,0.4978181224855485
07261000,12.418584525585175,0.6103511154651642,0.7256728708744049,1.1068567037582397,0.09186271578073502,12.498781830072403,-39.808491524323365,63.36108177073972,0.7157653130871546,1.2369749546051025,0.21428571428571427,27.142911297934397,0.8850483884572443
07263295,-12.060758471488953,0.5638841390609741,0.7750466465950012,0.8431500792503357,0.0448710173368454,-12.848886847496033,-57.57022520259372,-41.81684893285831,0.752395773810858,1.1512353420257568,0.23076923076923078,33.12325110802284,0.8823827116878639
07290650,-1.4171730726957321,0.6267786920070648,0.8218887150287628,1.0179334878921509,0.07043147832155228,1.3874970376491547,-14.382006522967231,29.782952937439987,0.7656227738867081,1.2177255153656006,0.32142857142857145,30.71590620895912,0.9151078679065788
07291000,-20.058055222034454,0.546528548002243,0.6324460804462433,0.7446423172950745,0.02913665771484375,-13.725955784320831,2.8394993020416703,-2.2022785034093424,0.6550206313186653,1.1132230758666992,0.21428571428571427,37.33010632651193,0.7975555538162962
07292500,-0.5341444164514542,0.6255179941654205,0.7933445423841476,1.0124555826187134,0.013064244762063026,5.666492134332657,28.513629644956346,-19.71798714633233,0.8917327011442935,1.034408450126648,0.26666666666666666,39.98037338256836,0.898104342472207
07295000,9.617011994123459,0.5475093424320221,0.5471070110797882,1.0447866916656494,0.01015605591237545,5.133964121341705,-4.071236988686863,-14.299553107439777,0.7772058955377341,1.0330435037612915,0.16666666666666666,44.948061050907256,0.784269862810115
07299670,-40.50123393535614,0.14429181814193726,0.32084935903549194,0.5466851592063904,-0.11043095588684082,-39.3632173538208,34.31011804571922,-310.52409449687303,0.21793355297195183,0.5225023627281189,0.7727272727272727,88.87596997347745,0.5779459879552021
07301410,3.740353509783745,0.36531662940979004,0.32519978284835815,1.0213290452957153,0.0631154403090477,12.069357186555862,-27.335641918299036,-5.084568587297263,0.6526604453390281,1.1117454767227173,0.36363636363636365,65.09380340576172,0.6718189729876691
07301500,67.16299057006836,0.2666316628456116,-0.35681772232055664,1.668817400932312,0.07613348960876465,66.50112867355347,-34.06963466860921,-11.724348278956347,0.2605536639386349,1.161716103553772,0.8695652173913043,59.07981292061184,0.729237982766951
07315200,-19.849124550819397,0.11302590370178223,0.4320341944694519,0.7783661484718323,0.08091872930526733,-12.891541421413422,-86.90696227815337,-861.4851671201588,0.1443709422648065,1.7580784559249878,0.5,60.27169227600098,0.6709155504129806
07315700,3.9289243519306183,0.38414466381073,0.564832478761673,1.0520780086517334,0.1007116511464119,4.613465070724487,-54.622323258720265,-55.52394113728544,0.44505120245953544,1.514756202697754,0.56,50.76398086547852,0.7992959873578348
07335700,-6.4091116189956665,0.41494637727737427,0.4486560821533203,0.9442593455314636,0.06871192157268524,-0.1267589395865798,-31.709767272422834,-27.479859488207254,0.6383169653537195,1.211846113204956,0.35714285714285715,63.786670139857705,0.7122000324699207
07340300,-1.1891028843820095,0.6004651784896851,0.6869466304779053,0.9912493824958801,0.038275305181741714,-2.398061379790306,-14.014360910158278,-17.76409284427323,0.8146212563318056,1.0979723930358887,0.17142857142857143,37.17826298304966,0.842869113475052
07346045,2.9761873185634613,0.6772286593914032,0.8497774302959442,1.0224906206130981,0.07016324996948242,6.517372280359268,-18.69862247441307,-20.113524569338754,0.8427377672968359,1.138608455657959,1.05,26.136276721954342,0.9291954956281916
07359610,-7.358131557703018,0.5972816348075867,0.698623925447464,0.9086329340934753,-0.005557388998568058,-4.537869617342949,16.241106274105917,-57.03791519374537,0.8141232552222986,0.9856055378913879,0.1724137931034483,41.01548688165072,0.8387702788646235
07362100,-7.676336914300919,0.5791950821876526,0.7422568798065186,0.8754421472549438,0.06659714132547379,-1.071006152778864,-41.39762664935851,69.69388380604519,0.7306400400213439,1.1964558362960815,0.4090909090909091,43.88389153914018,0.86418676889032
07362587,-14.523959159851074,0.5100422203540802,0.6751214265823364,0.791905403137207,0.05413077399134636,-13.479815423488617,-44.597013109931694,69.4442829938301,0.6602199999039842,1.202964425086975,0.25,32.486844062805176,0.8240666905589681
07373000,11.656676977872849,0.5405049026012421,0.6851260364055634,1.1314294338226318,0.03854800760746002,13.53406012058258,16.6961180586283,54.26349946765341,0.7849236094114542,1.1089046001434326,0.2413793103448276,40.845061992776806,0.8691415047417318
07375000,0.10218315292149782,0.5049153566360474,0.5493963360786438,0.9533092379570007,0.029470378533005714,4.636735841631889,42.68365994718235,-112.38912476144236,0.749862095273405,1.072713017463684,0.38461538461538464,66.38182126558743,0.765262356635794
07376000,5.098846927285194,0.6056064963340759,0.7856592237949371,1.0476973056793213,0.05923428013920784,-0.21271109580993652,43.772505792669655,-14.512092565770072,0.8394694746464059,1.116569995880127,0.2962962962962963,35.57639298615632,0.9004688357259824
08013000,6.537455320358276,0.5235810279846191,0.7242344319820404,1.0685147047042847,0.13529814779758453,9.328898787498474,-38.3807442716099,15.1200697041016,0.6641607774664069,1.3067634105682373,1.25,33.18205078442891,0.881720971563865
08014500,18.990817666053772,0.5270436406135559,0.6858934462070465,1.17601478099823,0.1274208277463913,21.080484986305237,14.902779864499985,-38.1240082249511,0.6673513932210584,1.258453130722046,0.7777777777777778,43.95766081633391,0.8865281017956907
08023080,-23.439066112041473,0.5260013937950134,0.7567544430494308,0.7824773192405701,0.06599316000938416,-20.534886419773102,-52.29665719403825,67.92311890935063,0.6416031393675231,1.2571899890899658,0.4,40.468525886535645,0.8775847126444191
08025500,-18.690964579582214,0.5835371911525726,0.7313836812973022,0.791049599647522,0.042320817708969116,-15.328334271907806,-1.430063880975515,-205.65725940772657,0.7040398545715911,1.1550331115722656,0.5416666666666666,38.827665646870926,0.8589437268648945
08029500,-7.7558718621730804,0.5953335762023926,0.5593703985214233,0.8091721534729004,-0.006672835908830166,-8.128748834133148,11.433872202838637,21.773387271421967,0.6850386547166749,0.9796550869941711,0.3793103448275862,36.97830726360453,0.7502571992483128
08050800,22.72586077451706,-0.07006359100341797,0.5854107439517975,1.0284550189971924,0.16122649610042572,35.00957190990448,-87.30179556913097,-518.6295792466871,-0.44743958169001274,2.4348270893096924,0.0625,54.302871227264404,0.8114718102778676
08066200,2.8673863038420677,0.4501008987426758,0.5663856267929077,1.0992177724838257,0.07277984917163849,2.191796712577343,-49.616170686339785,79.59028609379362,0.6053324567772209,1.3311872482299805,0.25,60.99081720624652,0.8096495077319071
08066300,10.26018038392067,0.5087331235408783,0.6193171739578247,1.0689008235931396,0.10803741216659546,9.734026342630386,9.631071641247518,-20.182032037890067,0.6786402029222682,1.2636123895645142,0.92,39.60789489746094,0.8296083812093011
08070000,-11.31063774228096,0.5705701410770416,0.7319324314594269,0.8657639026641846,0.04571202024817467,-10.378996282815933,7.418169995727341,-2.7809601630337277,0.742972335078121,1.1659427881240845,0.5652173913043478,38.829965176789656,0.8567977591765812
08070200,4.837745428085327,0.5658382475376129,0.6926265358924866,0.9919723868370056,0.06242874637246132,4.13539819419384,4.2007453748993635,14.177043316440201,0.7560367323405609,1.1899077892303467,0.96,36.27103805541992,0.8470664687401136
08079600,-76.64504051208496,0.45660144090652466,0.19427341222763062,0.18370327353477478,-0.06552831828594208,-76.96380615234375,-85.8822512350354,-692.6270735359943,-0.09043429102520961,0.3774971067905426,0.5217391304347826,88.31164318582286,0.632308899547917
08082700,-41.74436926841736,0.19061428308486938,0.3821069598197937,0.3387836813926697,0.019908910617232323,-31.87905251979828,-80.08499122831614,-3061231445312.5,0.19346898941157542,1.3774715662002563,0.6,64.89171346028645,0.7339164271164408
08086212,-15.625041723251343,0.3613626956939697,0.4872303605079651,0.7962611317634583,0.024219799786806107,-10.326466709375381,-80.21824618197697,-105.60502269989829,0.5650606607787299,1.2455841302871704,0.3888888888888889,61.5602970123291,0.7044477418069313
08086290,-24.410182237625122,0.3829190731048584,0.7182009518146515,0.7408711910247803,0.03099106438457966,-22.901420295238495,-86.69394773075567,-349.5355383381476,0.5749824374246395,1.3044568300247192,0.7368421052631579,67.13868191367702,0.8557840941231387
08101000,-22.611108422279358,0.5718930959701538,0.7238835990428925,0.7856265306472778,-9.26203210838139e-05,-19.220833480358124,-53.7588633397418,-34.35705860567319,0.7403594145207338,0.9995043277740479,0.3333333333333333,51.350319385528564,0.8535179069826689
08103900,-24.72422420978546,0.5581513345241547,0.5181557536125183,0.7408320307731628,-0.03702333942055702,-22.299371659755707,-84.79878597720875,-136.1615465974384,0.5822594633968385,0.8281635046005249,0.4,71.03479862213135,0.7210531618799727
08104900,-2.3133141919970512,0.456548810005188,0.5350189507007599,0.7442657351493835,0.021095767617225647,3.423450142145157,-54.1241839859248,77.8828907049793,0.6083527652934205,1.1268386840820312,0.23529411764705882,49.25242031321806,0.7318591965870096
08109700,-26.548832654953003,0.5349907279014587,0.5903016924858093,0.7785599827766418,-0.0012328977463766932,-26.12971067428589,34.686619070070776,2.883848328508064,0.6795131579032911,0.9947067499160767,0.8571428571428571,51.44680568150112,0.7683793700190142
08150800,-16.37871414422989,0.42320847511291504,0.026121437549591064,0.9025004506111145,-0.021058153361082077,-15.932002663612366,23.88344167901202,29.006474213290222,0.43053451115305086,0.8279705047607422,0.4444444444444444,96.12687428792319,0.4659675724973386
08155200,21.929748356342316,0.5721477270126343,0.5056326389312744,1.0609469413757324,0.059106819331645966,18.570315837860107,-40.07861760246376,-34.392883176770916,0.66879288031116,1.2308104038238525,0.5625,44.92110013961792,0.770413014401533
08158700,67.14668869972229,0.47514110803604126,0.20798611640930176,1.5520706176757812,0.1395261287689209,59.40976142883301,-52.91363199442009,-53.419902885611236,0.260185910359241,1.468865990638733,0.4444444444444444,84.99094115363228,0.84930957843172
08158810,14.216230809688568,0.5801846086978912,0.4810786247253418,1.0273311138153076,0.019266244024038315,9.125330299139023,-50.314195260572184,-58.9434017615686,0.7342157247805066,1.0798958539962769,0.5294117647058824,59.35250450583065,0.7479862232222775
08164000,6.030865013599396,0.6168013513088226,0.7162278890609741,1.0984553098678589,0.01727740652859211,-4.930498078465462,-14.386457917702897,-140.73880832110615,0.824839698011069,1.0738742351531982,0.6296296296296297,54.54444885253906,0.8753794530095163
08164300,-7.555530220270157,0.5992865264415741,0.6620175838470459,1.0683841705322266,0.0070741502568125725,-9.550459682941437,-0.8230062968553248,0.08480017153791813,0.8247053697998357,1.0415629148483276,0.6153846153846154,54.0765065413255,0.8440373868295918
08164600,-6.586028635501862,0.6100941002368927,0.7509421855211258,0.932648241519928,0.01123835053294897,-3.510211780667305,345.44119973089636,33.11515659226325,0.8397148712396522,1.063152551651001,0.375,36.39751672744751,0.8689777944341839
08165300,92.5843596458435,-0.6469053030014038,-1.5588083267211914,1.599706768989563,0.05107739940285683,105.23093938827515,152.31847292237703,-435.4121311822395,0.05774005694473905,1.2384480237960815,0.25,138.35020065307617,0.31345201809170997
08171300,17.80882030725479,0.6170873045921326,0.6349714994430542,1.163194179534912,0.0396646186709404,17.575812339782715,-28.62317065060655,73.69373780635462,0.7219331945235992,1.1724138259887695,0.13333333333333333,44.484761555989586,0.8552164350428829
08175000,2.0771753042936325,0.5560258328914642,0.7717513591051102,1.0334346294403076,0.024852966889739037,-0.10907289106398821,-12.354458991318912,-11.109806194293064,0.8075807140986642,1.1545859575271606,0.2857142857142857,47.80698957897368,0.8904076240043121
08176900,-24.96824562549591,0.5649767518043518,0.6879296004772186,0.6837942600250244,-0.013457456603646278,-20.828795433044434,15.59546361845664,17.019356745845,0.635423916801148,0.9055479168891907,0.2222222222222222,51.3848622639974,0.8450533819551933
08178880,-11.740238964557648,0.4362890124320984,0.4096750020980835,0.4941091239452362,0.012553025037050247,-6.824850291013718,1.4075771441095957,87.60251491779746,0.3807115414997376,1.1148707866668701,0.2,84.58272933959961,0.6617732731928047
08189500,2.800671197474003,0.5268220901489258,0.6328700184822083,1.0460131168365479,0.04732206091284752,0.12927079806104302,-23.33366843253355,-15.673740049068346,0.6741937889101153,1.2719600200653076,0.21052631578947367,45.98563344855058,0.8265923076971203
08190000,-16.280999779701233,0.4849512577056885,0.6090390980243683,0.7577881217002869,0.01783495582640171,-9.361765533685684,12.461884376029692,-10.882252668742252,0.6637298069125884,1.0801951885223389,0.2857142857142857,50.01322541918073,0.7809571263258342
08190500,-6.267186254262924,0.09337639808654785,0.4433966279029846,0.6818454265594482,0.050096653401851654,1.7628829926252365,274.0399958524038,-2.276027481546583,0.03194043552214909,1.8518401384353638,0.09090909090909091,67.52805709838867,0.6679075936936721
08194200,-51.70561671257019,0.26380038261413574,0.2273768186569214,0.4601345956325531,0.006130678113549948,-46.58890664577484,-84.08031330479118,-1167.680885286675,0.24607485026789433,1.0601037740707397,0.7058823529411765,70.47470317167395,0.4771845326425351
08195000,32.67678916454315,0.278204083442688,0.3652157187461853,1.0943695306777954,0.06589128077030182,35.81318557262421,17.610424499185235,67.75774317560945,0.5752891594616228,1.3013876676559448,0.25,69.57221031188965,0.7160296432101104
08196000,34.97167229652405,0.19165503978729248,0.15793436765670776,1.0161932706832886,0.07691095024347305,35.053426027297974,-29.527650730904803,78.81679383649956,0.3466824331608588,1.5073530673980713,0.0,125.33877877628102,0.5887160517027663
08198500,22.65043556690216,0.39241766929626465,0.49681150913238525,0.9705800414085388,0.03733829781413078,22.429825365543365,-9.754323474274806,-11.101225083402822,0.4079829126298883,1.5320014953613281,0.2,48.92569065093994,0.741943597816334
08200000,-5.889717116951942,0.5177420675754547,0.5236703157424927,0.590939462184906,0.004536747932434082,-3.558984026312828,-46.08549957590873,85.20054083459107,0.512694467271607,1.0423145294189453,0.3,54.966726303100586,0.7385700108438548
08202700,65.31431078910828,-0.29760146141052246,0.5109260380268097,1.0699793100357056,0.08127781748771667,87.11484670639038,185580277.44293213,-3335453906250.0,-1.093460012320457,3.0803542137145996,0.3333333333333333,52.697663837009,0.7768317566686402
08267500,-5.772769078612328,0.6050323843955994,0.8021383136510849,1.0528844594955444,0.1463218629360199,-3.257567062973976,6.4339301115537655,64.85475913937229,0.7877034411674999,1.1883411407470703,1.5384615384615385,34.12127128014198,0.9175337794119464
08269000,17.70716905593872,0.7070713639259338,0.8318195939064026,1.03316330909729,0.029077554121613503,11.012808233499527,-14.779025214423577,56.70163365625343,0.9018924856770035,1.045311689376831,1.1666666666666667,16.39766494433085,0.9195504499566832
08271000,11.316849291324615,0.6408438682556152,0.7934248596429825,1.1353987455368042,0.13387927412986755,14.123553037643433,12.066715358130184,2.624482135579906,0.7750502711941664,1.1632298231124878,0.7857142857142857,34.34089592524937,0.924996099811118
08324000,-0.9494428522884846,0.5846900939941406,0.7753851562738419,0.9960439205169678,0.07894856482744217,0.17713415436446667,-5.850528701549798,-247.1158868123761,0.8398036632435371,1.1167534589767456,1.0,43.9228630065918,0.8903831875929636
08377900,-4.190290719270706,0.6289170980453491,0.7581300288438797,0.96761155128479,0.013988877646625042,-1.6107071191072464,-12.930414386445344,-564.0239312537575,0.8694363250684082,1.0231834650039673,0.75,33.586883544921875,0.8756601891915771
08378500,2.813299745321274,0.6164268255233765,0.7560035437345505,1.0742653608322144,0.09491916745901108,6.62238746881485,-1.4663681169106346,-813.2417643135577,0.808108821356661,1.1410666704177856,1.3125,40.1876300573349,0.8931960903392077
08380500,-29.850322008132935,0.5173257291316986,0.47840094566345215,0.7569966316223145,-0.0028471413534134626,-23.457704484462738,-25.910018246449173,-77.02184774944611,0.6095996019514095,0.9949636459350586,0.5454545454545454,51.57368399880149,0.6944898219513312
09034900,-3.295973315834999,0.8123429119586945,0.9304225593805313,0.9759688973426819,0.005567717831581831,-2.5217803195118904,-12.44854701460332,-1073.1922695236829,0.9561058838712637,1.010036826133728,1.2666666666666666,18.880612055460613,0.9646664230942049
09035800,8.224957436323166,0.7125400304794312,0.8125307410955429,1.0618088245391846,0.02404733933508396,7.811811566352844,3.712253282972338,-1424.919647877671,0.8878053711152724,1.0365467071533203,1.2,27.170982360839847,0.9137930272198618
09035900,-5.932563170790672,0.7974854707717896,0.9368782937526703,0.9582766890525818,-0.06778203696012497,-5.57444766163826,4.6417353778759916,-1706.9641163866208,0.8889956399991479,0.9014950394630432,1.5333333333333334,18.32056999206543,0.9703705212263796
09047700,-27.45894491672516,0.6626041531562805,0.8053467869758606,0.8655678033828735,0.016967397183179855,-19.968484342098236,-8.898491818516279,-1004.2314666678349,0.8296204202477183,1.0242167711257935,1.3846153846153846,32.653126349815956,0.8981632006320932
09065500,-15.269267559051514,0.7988907098770142,0.9215104728937149,0.9013676643371582,-0.0031770975328981876,-13.48876804113388,-18.62654272481647,-964.3124318983315,0.8940966307798717,0.9942774176597595,1.1333333333333333,28.211050033569336,0.9618629048664361
09066000,-4.362217336893082,0.8111806511878967,0.9358169957995415,1.025589942932129,0.029847359284758568,-0.9232892654836178,-13.515882773395434,19.629001849212194,0.9292627936923645,1.0584498643875122,0.8666666666666667,13.926897048950195,0.9694628008812071
09066200,-2.5389015674591064,0.7612441182136536,0.8853629678487778,1.0519120693206787,0.03982258588075638,2.702226862311363,-24.589385781559407,-709.284915657645,0.8947578238462844,1.0750300884246826,1.4,23.42551867167155,0.9475448903213514
09066300,-6.371533125638962,0.7641020715236664,0.90876255184412,0.9771748185157776,0.0690077543258667,-4.933928698301315,-21.362616089327403,-6.465037344430249,0.847450753614771,1.1442773342132568,0.9333333333333333,26.384463310241703,0.9560189302627844
09081600,1.88888069242239,0.8193343579769135,0.9397391490638256,1.0470600128173828,0.015944214537739754,4.307625815272331,-3.2009785494314302,-105.43388301108595,0.9408919824714151,1.0227487087249756,1.0625,21.132630109786987,0.9724027323610926
09107000,-6.665416061878204,0.7642600983381271,0.9189369007945061,0.9122702479362488,-0.09799706190824509,-6.188531219959259,-10.073621562621602,-109.93208287482217,0.846961660896737,0.8795720338821411,1.1333333333333333,21.91252072652181,0.9650524848517965
09210500,-1.3074321672320366,0.7158580124378204,0.867667093873024,0.9003954529762268,-0.036991458386182785,-3.8777079433202744,-15.571588482179703,24.431102597916603,0.871021523304342,0.9531355500221252,1.0,38.091182708740234,0.9327831494996038
09223000,0.07978114881552756,0.7555818557739258,0.9321812763810158,0.9808987975120544,0.057033538818359375,-1.1543980799615383,-21.993844622180898,-325.4781564478999,0.8868411153293757,1.106626033782959,1.0,22.44223912556966,0.967274380630316
09306242,-30.979394912719727,0.007000148296356201,0.49720537662506104,0.7866412401199341,0.2499873787164688,-29.837971925735474,-8.567387921633966,-581.0962171261417,0.36561965629458304,1.5421735048294067,1.4444444444444444,46.88349829779731,0.749073017147935
09312600,-14.686942100524902,0.6202343702316284,0.7759749293327332,0.7988352179527283,0.015049508772790432,-17.912045121192932,-36.34203413186835,-7.4461405001763525,0.7658942895759687,1.0342177152633667,1.75,45.1257864634196,0.8852508732967035
09352900,-9.354077279567719,0.693121999502182,0.8421195596456528,0.938210666179657,0.016563838347792625,-7.582371681928635,-18.82408568341177,-669.6341214534973,0.8948349627978236,1.022904396057129,1.0,36.115336418151855,0.918041767240676
09378170,-8.964832872152328,0.26704835891723633,0.5678960084915161,1.0967655181884766,0.21488527953624725,3.66300530731678,-15.047023498729953,-26.284524624344165,0.15504878784043663,1.8216496706008911,0.6,67.39933967590332,0.8283293728645513
09378630,30.61957061290741,-0.00043129920959472656,-0.3188912868499756,1.6389516592025757,0.4149710536003113,46.64669930934906,-74.10698807093988,-175.05683170143928,-0.5933842349804443,2.442173719406128,0.8181818181818182,124.43326603282581,0.7747244786027863
09386900,-31.341159343719482,0.12452977895736694,0.43428099155426025,0.626672089099884,0.08052617311477661,-20.77215015888214,-73.88882633971747,-134.05838549656576,0.2427216926973359,1.5673418045043945,0.7222222222222222,79.70038519965279,0.6650074888660336
09404450,7.634726166725159,0.22968852519989014,0.5881156623363495,1.1988030672073364,0.27171164751052856,20.886726677417755,-30.997081575296225,46.5177679244734,0.6154024865465861,1.304776906967163,0.5714285714285714,49.78171757289341,0.8754864473118155
09430500,-8.218301832675934,0.3269011378288269,0.5412908792495728,0.861407995223999,0.09526394307613373,-4.287594556808472,7.999810836534388,38.57866024316974,0.6235664699893471,1.2451021671295166,0.8235294117647058,40.90641526614918,0.7501612792282498
09430600,-32.408612966537476,0.47664690017700195,0.35188841819763184,0.47299763560295105,-0.008041292428970337,-30.78419268131256,-45.69078272462196,84.31142050943173,0.3420171367537337,0.955589771270752,0.875,66.17560386657715,0.6085441431912268
09447800,51.47126317024231,-0.5045088529586792,-0.7778784036636353,1.4269897937774658,0.16698016226291656,50.439196825027466,-51.76427309276283,-436.7367805180921,0.025494453595534705,1.6823606491088867,1.3571428571428572,64.17130742754254,0.4507052516811749
09480000,-37.76455819606781,0.21932542324066162,-0.00959765911102295,0.5607002377510071,-0.020397504791617393,-28.532642126083374,434.45488602474865,77.24507067116633,0.12750361151202216,0.8037391304969788,0.9,96.41014099121094,0.2721625607908998
09484000,-33.08326303958893,0.27675795555114746,0.11933022737503052,0.5839431881904602,0.005541387014091015,-26.103657484054565,-88.31192029856092,-119.38752879291216,0.26465739552456136,1.0245059728622437,0.875,85.25087038675943,0.3941741730516291
09484600,-70.09012699127197,0.28786951303482056,0.2039172649383545,0.37821832299232483,-0.04876935854554176,-70.35031318664551,-13.041218796266401,-0.6360289962205927,0.1315142156849326,0.7206658124923706,0.7222222222222222,87.4969376458062,0.4618294736941334
09492400,-14.162355661392212,0.5923142731189728,0.744984894990921,0.8946038484573364,-0.0539400577545166,-15.668956935405731,12.004819068899133,-9.02763801654186,0.8161559152365091,0.9325643181800842,0.8181818181818182,40.517785332419656,0.8653050574074713
09494000,-17.321819067001343,0.6195310652256012,0.6860105693340302,0.8905731439590454,0.020043715834617615,-12.79272735118866,-13.2706949880947,62.16004426138196,0.7959324532321274,1.031534194946289,0.7142857142857143,42.795331137520925,0.8306632899518255
09497800,29.584035277366638,0.30547773838043213,0.5136502385139465,1.2629292011260986,0.0965995267033577,28.276121616363525,6.233147066956921,32.615171923220856,0.597213449772198,1.2588977813720703,0.631578947368421,65.72047785708779,0.8385157003290261
09497980,3.3276189118623734,0.4410746693611145,0.7685899585485458,1.0205888748168945,0.07540981471538544,5.745674669742584,51.36177575620482,-6.46005828995949,0.5289439015678186,1.4574787616729736,0.5,34.964609146118164,0.8896227889368195
09505200,22.797313332557678,0.40463143587112427,0.26431965827941895,1.2885615825653076,0.02622598595917225,13.840194046497345,1171.5360576421158,-2978.8641493754208,0.6041358451310732,1.0974067449569702,0.6842105263157895,52.05122295178866,0.7471115498596612
09505350,7.011963427066803,0.5419389605522156,0.4057410955429077,1.1284639835357666,0.046175435185432434,0.27214805595576763,-75.609956600751,-3414485156250.0,0.6354694092687823,1.2265620231628418,1.0,54.06292676925659,0.7449525413313578
09505800,11.8431955575943,0.3907579183578491,0.3522639870643616,1.1343885660171509,0.05902837589383125,13.66388201713562,388.317135179427,-3763.4247674564535,0.6091175715071242,1.2419723272323608,0.25,58.782172203063965,0.7239960524157356
09508300,-29.155921936035156,0.5589525401592255,0.6429991722106934,0.6660518646240234,0.0018005752936005592,-24.051760137081146,-64.2193952718381,-103.22418190788385,0.6183249591582953,1.014015555381775,0.46153846153846156,62.715926537146935,0.8157229154567346
09510200,-37.31811344623566,0.5729968547821045,0.718917191028595,0.6820489168167114,-0.010358789004385471,-36.36154532432556,-71.0380240758904,-135.0066835146879,0.6453644243284238,0.9146536588668823,0.23076923076923078,72.60406934298001,0.8681307378891001
09512280,-11.867635697126389,0.3352010250091553,0.4764748215675354,0.6962295174598694,0.021475903689861298,-7.465653121471405,-73.1502934397428,-391.8175043102432,0.4567592466552781,1.3272967338562012,0.5,64.9797479311625,0.6906282850050118
09513780,-10.150110721588135,0.4769631028175354,0.40563052892684937,0.7420660853385925,0.007517702411860228,-9.4685398042202,-75.16750405653524,-1790.4824754005328,0.5505121803680127,1.0951091051101685,0.5833333333333334,84.50249036153158,0.6443827144385378
10023000,6.5497711300849915,0.26555341482162476,0.46012330055236816,0.80426025390625,-0.11105410009622574,4.683943092823029,-61.65033580333906,34.69556590514025,0.6208695066332051,0.8863365650177002,1.0,35.13603210449219,0.6958511773033995
10166430,15.165625512599945,0.4973173141479492,0.5943520367145538,1.062013030052185,0.040185604244470596,13.540861010551453,-11.575341431593584,-3.7277145976743467,0.7895525626517679,1.0703152418136597,0.8235294117647058,33.668288062600524,0.8115901415560443
10172700,7.710070908069611,0.300431489944458,0.680810809135437,1.0442708730697632,0.18375109136104584,10.318699479103088,-13.028072282962135,55.118899429550495,0.7947077057796899,1.147526502609253,0.8181818181818182,37.62398199601607,0.8642762110322535
10172800,19.559575617313385,0.6294447481632233,0.7493947744369507,1.1638857126235962,0.08787261694669724,19.906647503376007,1.1077370601593195,-16.148908683100938,0.7885160496699276,1.0962001085281372,1.8666666666666667,28.10317357381185,0.9071965864623331
10173450,-30.353423953056335,0.6841384470462799,0.857125386595726,0.763979971408844,-0.03901499882340431,-26.028060913085938,-24.94073831614308,-263.72974599324783,0.7436641920503894,0.917171061038971,1.3846153846153846,29.835981589097244,0.9439468162224508
10205030,-22.269095480442047,0.49281036853790283,0.7659311294555664,0.8112978935241699,0.10488971322774887,-18.70255023241043,-32.147314287738794,52.3286846166745,0.7463070386705204,1.1241146326065063,0.8666666666666667,34.56525166829427,0.8844699536369118
10234500,-14.01388943195343,0.6796452105045319,0.8701053708791733,0.9252387285232544,0.07652926445007324,-10.891452431678772,-13.915352580547808,-2226.1135804333194,0.8563431959387834,1.1046459674835205,0.7142857142857143,22.142786639077322,0.9359902262955015
10242000,-1.4252335764467716,0.6511225998401642,0.8173551261425018,0.9729229211807251,0.01777641475200653,-0.033171448740176857,-6.589581441619987,-246.83001142161095,0.8958112372715489,1.037584662437439,0.8235294117647058,58.1202507019043,0.9066751735551358
10244950,4.7860585153102875,0.42216187715530396,0.5977014601230621,1.2304489612579346,0.09269093722105026,14.640668034553528,6.634555733697313,12.721706423115393,0.7172909484950185,1.087531566619873,1.1111111111111112,26.52546564737956,0.8615951268811104
10249300,-37.249013781547546,0.5735340118408203,0.6716325879096985,0.6108220815658569,-0.15265792608261108,-37.093883752822876,-16.372947333130618,61.20299125975097,0.5006524994877138,0.7135053873062134,1.3076923076923077,55.53499001723069,0.8742649175107746
10258000,-5.528783798217773,0.4637749195098877,0.7350596487522125,0.8368365168571472,0.07774130254983902,-0.1991230994462967,-87.83731051835109,81.5411089726911,0.6292846949921506,1.3025678396224976,1.0,67.02602863311768,0.8612188140923654
10258500,88.9225423336029,-0.05586838722229004,-0.36986076831817627,1.824277639389038,0.19445985555648804,94.53644752502441,-72.26962568092543,-2647611718750.0,-0.769337814507709,2.5553548336029053,0.2727272727272727,171.4710235595703,0.8211312865864183
10259000,27.94339656829834,0.11175727844238281,0.5917480885982513,0.9276649355888367,0.1860688179731369,44.585251808166504,-27.883790142584182,85.70602220363924,0.498844937318196,1.4544196128845215,0.38461538461538464,37.96613033001239,0.8014380430844888
10259200,48.52946400642395,-0.05055713653564453,0.3757908344268799,1.1682542562484741,0.143863707780838,60.4828417301178,-84.53042080702356,-521.4283730388217,-0.3974958779444915,2.3653132915496826,0.6666666666666666,99.36351776123047,0.753819476717005
10263500,-30.36869466304779,0.5190610587596893,0.7153819501399994,0.6737195253372192,-0.13702823221683502,-28.180643916130066,-5.422410286698236,48.0120638987169,0.48174199454504507,0.6151091456413269,0.6666666666666666,85.81105868021646,0.8817145727359907
10310500,-44.038379192352295,0.2764059901237488,0.48910027742385864,0.5663789510726929,-0.34776461124420166,-41.92981719970703,29.06227389123786,46.43576622704638,0.4136065354020346,0.6477909088134766,0.47058823529411764,44.893895878511316,0.8217338020376537
10316500,-26.2905091047287,0.7316586077213287,0.8349631577730179,0.76166832447052,-0.060362014919519424,-25.123879313468933,-28.580328272349742,24.58128734992857,0.7243284961827264,0.8796725869178772,0.6,35.17544746398926,0.9313406662051552
10329500,21.22424989938736,0.6237102448940277,0.5922649204730988,1.284195065498352,0.08392202854156494,18.883049488067627,-12.388024751283007,-35.306823562416376,0.6550612688123333,1.1506654024124146,0.7333333333333333,38.95277341206869,0.875437447297954
10336645,-7.09843784570694,0.7489459812641144,0.8456337153911591,0.9559222459793091,-0.0039839050732553005,-8.110062032938004,-7.659928656818132,-66.80358155606723,0.9085746670336704,0.9921989440917969,0.7777777777777778,30.39897282918294,0.9202824571677426
10336660,-8.187643438577652,0.7759029418230057,0.8853439465165138,0.8971807956695557,0.022096354514360428,-4.878127574920654,-6.687554331536753,19.95843994397839,0.8741011801651307,1.0441076755523682,0.7222222222222222,27.19329728020562,0.9422658072366623
10336740,-13.248653709888458,0.36649090051651,0.5041406154632568,0.7091498374938965,-0.18141813576221466,-23.74425083398819,-29.099062429288995,-404.0540306458389,0.5325438301780715,0.7494850158691406,1.4736842105263157,56.35751423082853,0.7332347541363828
10343500,-21.735858917236328,0.70951908826828,0.8098251223564148,0.7696976661682129,0.005382542032748461,-18.5915544629097,0.6810853350497155,-60.0942307728641,0.752811707858531,1.0114127397537231,0.4666666666666667,26.20177904764811,0.910934652222303
10348850,-53.18596959114075,0.519249439239502,0.3467482328414917,0.4349972903728485,-0.02120642550289631,-41.64702594280243,-6.056765841629662,67.90665215277276,0.31592151663929635,0.9584802389144897,1.2142857142857142,38.592651912144255,0.6165793185671131
10396000,-9.679005295038223,0.6082473695278168,0.760432705283165,1.0016541481018066,0.1286526769399643,-5.766122788190842,-0.9009295017333826,40.1792200610625,0.7982993172142756,1.1681896448135376,0.6363636363636364,31.606468287381258,0.8886776185675999
11098000,-26.34710967540741,0.6861056387424469,0.8278463929891586,0.7355577349662781,-0.03430786728858948,-23.412662744522095,-48.08118734259072,91.38567976874076,0.6592798961905082,0.7964255809783936,0.16666666666666666,46.88283999760945,0.9313127848591819
11124500,18.509267270565033,0.6462413370609283,0.6237000524997711,1.199336290359497,0.030139287933707237,14.831958711147308,-42.48605047189817,-54.38617485296475,0.7227548459374731,1.1324700117111206,0.0,52.20389366149902,0.8600656768547327
11141280,-22.565001249313354,0.5753308832645416,0.729722261428833,0.7891236543655396,-0.06479042023420334,-21.093055605888367,23.591435045833663,-852.8153905468524,0.7033296332336609,0.845637321472168,0.2857142857142857,53.86898858206612,0.8595840577183526
11143000,-22.280465066432953,0.6925963759422302,0.7948308438062668,0.8682482242584229,-0.013470676727592945,-19.605807960033417,1.271083268793952,-9.607170975195963,0.827447149640557,0.9727774858474731,0.4117647058823529,37.86596690907198,0.8919495928775603
11148900,-11.6377554833889,0.7279627919197083,0.8193182051181793,0.896987795829773,-0.014252331107854843,-10.99230945110321,-76.45408938534254,-71.45089490226171,0.8503786584232844,0.9469971656799316,0.2,29.17055447896322,0.9053124548779141
11151300,-40.66054821014404,0.5120973289012909,0.6376438438892365,0.5443546175956726,-0.02379041723906994,-40.59642255306244,-42.881282367918125,-23.66479062335532,0.5067955989313385,0.8751678466796875,0.4,69.73535537719727,0.8583850282472741
11162500,-16.60226285457611,0.7721563279628754,0.8858017399907112,0.8823084831237793,-0.018209610134363174,-13.69006335735321,18.109350557384126,-406.28180923229434,0.8578370744614908,0.9439055919647217,0.1111111111111111,32.18337164984809,0.9433217710208437
11176400,17.638887465000153,0.5089317262172699,0.5349293649196625,1.1897730827331543,0.0984579473733902,14.346292614936829,-84.31038240945573,66.02758546196479,0.4927956875357936,1.436099886894226,0.26666666666666666,28.852513631184895,0.8237635670382343
11180500,-21.842247247695923,0.6978245973587036,0.7896634340286255,0.8409162759780884,-0.054792992770671844,-24.145127832889557,-3.1470023799641886,-110.18643184969955,0.7053869093245075,0.7768962979316711,0.5294117647058824,50.20902858060949,0.8917688581225692
11180960,-21.19641900062561,0.6712409853935242,0.7698385864496231,0.8420349359512329,-0.040449801832437515,-20.0395330786705,163.4537793593111,-1.2370456966110843,0.7418605238993277,0.8354679942131042,0.35294117647058826,44.78043948902803,0.8791188735437192
11224500,26.240697503089905,0.4515364170074463,0.45079827308654785,1.1710858345031738,0.07423106580972672,28.745290637016296,6.776668845476616,-42.62910254950468,0.536815103368685,1.3701765537261963,0.38461538461538464,44.38923689035269,0.7803657477279304
11230500,32.056280970573425,0.5412227213382721,0.5885128378868103,1.3054605722427368,0.16318774223327637,31.06491267681122,10.631224725231874,-45.25197503292963,0.5877556414957907,1.253317952156067,0.9444444444444444,30.821826722886826,0.8883341366435411
11237500,3.842034190893173,0.6556985974311829,0.652492493391037,1.0269639492034912,0.029753847047686577,6.58620297908783,-36.794963195975875,-9.796237226866433,0.8173159464040509,1.0654644966125488,0.42105263157894735,43.306877738551094,0.8315933238708609
11253310,-1.5138386748731136,0.5290149450302124,0.6347950994968414,0.8974444270133972,0.05045270547270775,6.6278524696826935,-73.038003447076,-120.43246425338074,0.6523404551155974,1.268064260482788,0.3333333333333333,50.53091049194336,0.803808598938599
11264500,3.4545503556728363,0.7019250392913818,0.8466841727495193,1.0201151371002197,0.06999247521162033,7.248900085687637,-18.175855234874938,36.51488466497854,0.8634901430477674,1.1138739585876465,0.8421052631578947,26.742330350373923,0.9274531609224954
11266500,7.811163365840912,0.728539377450943,0.8412055671215057,1.0705938339233398,0.040791984647512436,13.611219823360443,-16.92179210534653,24.636361288956614,0.8803320751084138,1.065481185913086,0.9,26.83167219161987,0.9289427192240085
11274500,-4.4988881796598434,0.596734881401062,0.7915891259908676,0.956470251083374,0.04882277920842171,-3.122933954000473,8.450352714126165,-1627.2545096985518,0.6740960288447757,1.3048462867736816,0.35714285714285715,38.98822239467076,0.8932887034363322
11274630,15.640555322170258,0.5046835541725159,0.5333983600139618,1.1212406158447266,0.04936373233795166,13.970309495925903,-82.98318526734919,-132.6611843273793,0.6504248988607721,1.2594809532165527,0.3076923076923077,49.563037432157074,0.79956771885766
11284400,-33.17227363586426,0.6093593239784241,0.7271262109279633,0.6886849999427795,0.017320265993475914,-30.85976243019104,-84.9598963100673,74.55765192652929,0.6536104111710341,1.0824904441833496,0.17647058823529413,43.86954588048598,0.8724694365773188
11299600,-27.826714515686035,0.6519499719142914,0.7241724729537964,0.7642381191253662,0.00602534506469965,-25.55510699748993,-82.58524154350933,66.17200530053407,0.722318435011474,1.0276989936828613,0.375,48.85913133621216,0.855930041959162
11381500,-18.547531962394714,0.6225123703479767,0.8076035231351852,0.801919162273407,-0.12459857761859894,-16.9181227684021,12.463112794668238,-159.65002713592966,0.7282403259094287,0.8349156379699707,0.1,30.090932846069336,0.9141835936403598
11383500,-14.674223959445953,0.7406475841999054,0.8465506583452225,0.8243723511695862,-0.060513075441122055,-13.339464366436005,3.2009802414280015,-105.36862054596124,0.7828084306050251,0.8945355415344238,0.0,20.489447995236045,0.9278587858217248
11451100,-17.02837496995926,0.5735650956630707,0.6974441707134247,0.890974760055542,0.07718632370233536,-13.52250725030899,-15.145522294139393,82.5337779342822,0.7169552781760155,1.2066389322280884,0.10526315789473684,30.00262912951018,0.8402246474104793
11468500,-4.317900910973549,0.7859923392534256,0.8711692243814468,0.9880119562149048,0.014149734750390053,-1.7641348764300346,-4.367989265985192,53.64261174370733,0.9251646370265991,1.035051941871643,0.3333333333333333,18.828961584303112,0.93497708305071
11473900,-23.165056109428406,0.6956859529018402,0.8116519600152969,0.7866123914718628,-0.015196018852293491,-19.970697164535522,-34.23979196959372,49.704462618618365,0.7660119873092265,0.968343198299408,0.23809523809523808,32.31988407316662,0.9093690697625283
11475560,-40.79260230064392,0.7092418372631073,0.7172342836856842,0.6222602725028992,-0.10893009603023529,-37.73033618927002,17.59132807714981,-477.35526370976646,0.5325883143541542,0.7447101473808289,0.3333333333333333,50.758912828233505,0.8969782872478387
11476600,-7.857216894626617,0.7121397852897644,0.7852032333612442,0.9341084957122803,-0.029126137495040894,-5.7463981211185455,-9.06614615038676,53.03299645700871,0.8565161615037148,0.9395190477371216,0.2777777777777778,33.808610174391006,0.8878038503971509
11478500,-26.17812156677246,0.6997934281826019,0.7954261302947998,0.7547621130943298,-0.1060754582285881,-26.689019799232483,-12.874123644594935,-15.75932877178399,0.6555583004657994,0.7748011350631714,0.15789473684210525,35.242557525634766,0.9117733915691291
11480390,-25.59543251991272,0.686532735824585,0.7601179629564285,0.7449758648872375,-0.10162204504013062,-26.47668421268463,-27.165403847379537,-28.166757010393688,0.6283252372650167,0.7531951069831848,0.16666666666666666,40.62236150105794,0.8895818649539303
11481200,-18.6823308467865,0.6927517652511597,0.7929947972297668,0.8361443877220154,-0.04048158973455429,-16.417962312698364,-18.801779271034842,45.44491909009131,0.7869949599108501,0.915579617023468,0.1111111111111111,45.76083642465097,0.8932494291983281
11482500,-17.928481101989746,0.7124645411968231,0.8207904547452927,0.8207549452781677,-0.09946753829717636,-16.685810685157776,-11.699205210780216,56.92539857179247,0.7327154461766199,0.8202009797096252,0.13636363636363635,39.9391694502397,0.9164263476151
11522500,-32.904642820358276,0.6641163229942322,0.7358741164207458,0.7839441299438477,-0.0163965355604887,-26.83520019054413,0.10861650013966845,19.77927992746293,0.742349678175768,0.9772623181343079,0.3333333333333333,37.91833718617757,0.8614844876059584
11523200,-0.40889051742851734,0.7008435130119324,0.8143850862979889,1.022011160850525,0.06381499022245407,1.0645811446011066,1.2403825309849383,2.0118318704138516,0.8690123196545624,1.0939520597457886,0.13043478260869565,24.919460130774457,0.9114207040566779
11528700,-19.803522527217865,0.6821697652339935,0.7814508825540543,0.7811610698699951,-0.13568083941936493,-20.531491935253143,6.945153725624645,-328.1443939784689,0.648763175171841,0.7431339025497437,0.2777777777777778,33.237666553921166,0.9025493060281403
11532500,3.165435791015625,0.7840885370969772,0.9148988947272301,1.024570107460022,0.006981127895414829,2.7314012870192528,-1.264210092127746,-83.89732467622117,0.9506466092022943,1.0115610361099243,0.2916666666666667,24.160059293111168,0.958788236549511
12010000,-3.2795391976833344,0.7607322186231613,0.8950552493333817,0.9752774238586426,0.00946426298469305,-2.4052035063505173,4.298801058510608,1.8725380971199552,0.9393000718774285,1.014734148979187,0.2222222222222222,24.646359902841073,0.9465567557414479
12013500,-3.9201315492391586,0.7764132171869278,0.8952483907341957,0.925039529800415,-0.030256755650043488,-6.454995274543762,-13.028144039547792,23.198215241610626,0.8966065534439106,0.952536404132843,0.34615384615384615,27.16078758239746,0.9469119621236267
12020000,-25.9682297706604,0.7053156793117523,0.6545071601867676,0.705138087272644,0.010039237327873707,-19.889742136001587,-7.142762525489791,3.4969365066988454,0.6521766342725345,1.021283745765686,0.2727272727272727,32.55256956273859,0.816739124920432
12025000,-8.188672363758087,0.7886146903038025,0.9062709882855415,0.9305026531219482,-0.03266756981611252,-10.490581393241882,3.768972678023476,-11.894964647274435,0.9026166906577551,0.9507438540458679,0.32,32.6033821105957,0.9528040277025215
12025700,-16.876550018787384,0.7119963467121124,0.8592913299798965,0.8178941607475281,-0.06617926061153412,-18.587838113307953,-3.8525289160744753,-44.307043278133946,0.7845140521536123,0.9035943746566772,0.2857142857142857,33.96683420453753,0.9369316844083189
12035000,-11.372896283864975,0.7823865860700607,0.919244147837162,0.879743754863739,-0.09177243709564209,-11.739081144332886,-4.707215394464844,-38.72138965619357,0.820560114527574,0.8709447383880615,0.12,21.655132293701172,0.9671085504369451
12040500,-19.217416644096375,0.6748396456241608,0.8385712802410126,0.7821033596992493,-0.1342606246471405,-19.385169446468353,-10.356846513759814,-8.719334077680168,0.703809056395796,0.8089778423309326,0.25806451612903225,36.187999479232296,0.9386757429865805
12041200,-18.206842243671417,0.5190221071243286,0.7690399438142776,0.7989136576652527,-0.21338872611522675,-18.820589780807495,-0.04753618416486401,3.252682930890764,0.676643684560633,0.7635903358459473,0.35294117647058826,35.847851809333356,0.9092582766555303
12043000,-11.41044944524765,0.6743025183677673,0.8177925497293472,0.8741028308868408,-0.09543021768331528,-9.371856600046158,-9.904774985513885,22.68617144583291,0.7870633390586491,0.8537092208862305,0.26666666666666666,34.43123499552409,0.9100503900595966
12048000,-9.555765986442566,0.46169424057006836,0.5702717304229736,0.8228999376296997,-0.1249043196439743,-12.770698964595795,-24.19245864578537,-27.333048101309025,0.6877429727075959,0.8902208209037781,0.6333333333333333,42.32133229573567,0.7674305462041832
12054000,-27.426493167877197,0.5268178284168243,0.7111945748329163,0.7299312949180603,-0.149556964635849,-27.681100368499756,-19.15355675508498,-5.34098393268263,0.6533497767049878,0.8277779221534729,0.28125,45.284661650657654,0.8674525452976525
12056500,-20.037057995796204,0.5019317269325256,0.69964200258255,0.7515694499015808,-0.16642174124717712,-22.578832507133484,-12.394654398335952,-28.880962549974615,0.6485635964475666,0.7948276400566101,0.40625,48.531317710876465,0.8596642945116043
12073500,4.274101182818413,0.6926637291908264,0.8302383273839951,1.048296570777893,0.01631219871342182,8.058401942253113,7.985519256644541,-25.84761873575386,0.9039234127397758,1.0232627391815186,0.2857142857142857,25.093688283647808,0.9202692227779004
12082500,-5.7193465530872345,0.575903594493866,0.8395219892263412,0.9194531440734863,-0.07488340139389038,-6.715107709169388,0.3738438937904791,24.30813576394707,0.8669005295191006,0.931321918964386,0.22580645161290322,22.285855200982862,0.919309268017232
12092000,-9.260609745979309,0.5319560766220093,0.7665529698133469,0.8251585960388184,-0.12026012688875198,-13.857820630073547,-20.804998031610527,13.818074237220056,0.7689877651807161,0.9011942148208618,0.4411764705882353,29.46949005126953,0.8858310334976407
12095000,-9.588777273893356,0.6806254088878632,0.8771307170391083,0.8700259327888489,-0.026769809424877167,-9.941589087247849,-3.2005363506230524,25.447033890976435,0.85239822950814,0.9648755192756653,0.30303030303030304,31.498406150124293,0.9395078901114476
12114500,12.547530233860016,0.6631252765655518,0.8090523481369019,1.046711802482605,-0.017232516780495644,7.47736319899559,-1.155831110208546,0.1003038677510602,0.8966632748561434,0.9802192449569702,0.25806451612903225,29.182557136781757,0.9099710713036597
12115000,8.493151515722275,0.6707558035850525,0.8233401924371719,1.069227695465088,0.0182629581540823,8.924956619739532,0.6933812315563928,13.110017698811122,0.8918449365031151,1.0216974020004272,0.3333333333333333,30.30411720275879,0.9197861191124622
12115500,-3.380364179611206,0.6404232084751129,0.8254069536924362,0.924254834651947,-0.03154787793755531,-0.8559827692806721,-7.5078255652254455,38.03001475175439,0.8739830971242124,0.9564484357833862,0.21212121212121213,28.24189735181404,0.9091914597018103
12117000,0.28531732968986034,0.720307856798172,0.8570688366889954,1.0045430660247803,-0.033076606690883636,-1.1077944189310074,2.2003527468753505,-16.421243548372512,0.9224027965591629,0.9680925607681274,0.2857142857142857,28.596901893615723,0.9294124525528935
12141300,1.306707225739956,0.6464079022407532,0.8343911021947861,0.963918924331665,-0.023998461663722992,-1.2309746816754341,-7.722591661043955,-9.621983270053839,0.9032764741025792,0.9710085391998291,0.36363636363636365,29.495357744621508,0.9150700780565701
12143600,-5.9550512582063675,0.6688860058784485,0.8524643778800964,0.9212023019790649,-0.014701617881655693,-5.429285019636154,-6.975830559111482,-7.173401412214255,0.8885691585822252,0.9815155863761902,0.34375,29.25179898738861,0.9234096503555524
12144000,0.605804892256856,0.6638080775737762,0.8601496368646622,0.9963610768318176,-0.04987260699272156,-0.3632059320807457,2.563202836528976,-13.777733989880861,0.9141530692091109,0.9489539861679077,0.3125,25.165796279907227,0.931074255635172
12145500,8.09270590543747,0.7695363759994507,0.9032820984721184,1.0291712284088135,-0.007705238647758961,3.3329911530017853,-8.983301614259046,7.427680067819331,0.9439231937960254,0.9887253046035767,0.17647058823529413,25.749815211576575,0.9534540133751918
12147500,31.543433666229248,0.4540082812309265,0.6234197914600372,1.3151483535766602,0.17661909759044647,33.07838439941406,19.77646580848748,-7.995197747755666,0.6211771088028883,1.1882457733154297,0.16216216216216217,45.89743227572055,0.9064488003191038
12147600,-11.905696243047714,0.3816308379173279,0.6447272896766663,0.9586777091026306,0.179212287068367,-4.934192821383476,-17.191121121016188,17.492565789871264,0.6662340607404102,1.2856309413909912,0.3333333333333333,42.49750484119762,0.8323481708870271
12167000,6.135069951415062,0.5873143076896667,0.7579892873764038,1.0780446529388428,0.02029525488615036,7.056206464767456,9.718401606967781,-29.95757813002629,0.863638458324695,1.0239267349243164,0.21875,26.10945701599121,0.8907708209699303
12175500,6.392276287078857,0.67059126496315,0.7957730442285538,0.9955657720565796,-0.0349629782140255,2.55182608962059,-11.311193647338351,2.9136788075395987,0.8929923421658368,0.9677773714065552,0.5625,31.263774633407593,0.8980555118496931
12178100,11.99314221739769,0.610073983669281,0.7723682224750519,1.0223431587219238,-0.029568547382950783,3.3922817558050156,-13.272094263897365,12.093153767624433,0.8833305430081196,0.9705442786216736,0.42857142857142855,21.831546510968888,0.8893432969441546
12186000,4.015442728996277,0.5640869140625,0.6669058799743652,0.9435510039329529,0.06287454068660736,1.2335277162492275,-11.553647131852566,-0.25702187760212597,0.8050209929057098,1.0706790685653687,0.28125,26.016956567764282,0.8272724882445484
12189500,-0.3620173782110214,0.6227533221244812,0.8287839442491531,0.94251549243927,0.03742862865328789,-5.223248898983002,-13.865680230792632,-2.505863869230508,0.8894296083498301,1.0334454774856567,0.4411764705882353,26.39485527487362,0.9116668638849001
12358500,-10.057657212018967,0.7868438959121704,0.9283544644713402,0.9655135869979858,-0.0008974743541330099,-7.5115881860256195,-6.7131490019787,22.553305681490414,0.9497805729998572,0.9987952709197998,0.4,28.458054065704346,0.9635140192084617
12374250,-36.12598180770874,0.6203348636627197,0.7605601400136948,0.7567439675331116,-0.01212905254215002,-31.061458587646484,-7.599876788032119,-12.572632939183734,0.7284297249697337,0.97966068983078,1.125,45.718806982040405,0.8809906330983864
12375900,-16.728225350379944,0.7166579067707062,0.8384464532136917,0.9608973860740662,0.0030478155240416527,-9.340716153383255,-3.9582442831248,3.0961576363426104,0.9079327057532328,1.0038173198699951,0.8666666666666667,29.48568344116211,0.9167365607058517
12377150,-11.861439049243927,0.7503579556941986,0.8780294433236122,0.9206204414367676,-0.0038413526490330696,-10.708744823932648,-13.482082555198998,-28.0764888837803,0.8986533941337157,0.9950511455535889,0.6470588235294118,31.121049207799572,0.9371865536481991
12381400,-21.442465484142303,0.7242850065231323,0.839872419834137,0.7694118618965149,-0.0765819102525711,-21.28673940896988,-9.348698166537519,68.48856386532486,0.7345452930107067,0.886072039604187,0.6875,22.973737120628357,0.9343057698972755
12383500,-26.11684799194336,0.6212868988513947,0.7306343913078308,0.709040105342865,-0.153288334608078,-28.19248139858246,-7.909214307829703,46.64756659203134,0.6616685210299464,0.8700505495071411,0.4666666666666667,37.43886947631836,0.8863176808831876
12388400,-38.111430406570435,0.7260220050811768,0.805041953921318,0.6868806481361389,-0.11297065764665604,-36.70228719711304,-8.384615283727031,15.07664356725468,0.6306707827378227,0.8139678239822388,0.8125,36.23080551624298,0.9387433946586591
12390700,-19.35877948999405,0.7217721343040466,0.8481250703334808,0.8170292377471924,-0.07966117560863495,-16.83368682861328,-13.817168628069723,-1188.9578624496044,0.7768604786009359,0.8922464847564697,0.4444444444444444,26.204583379957413,0.9314279493999761
12411000,-35.710808634757996,0.7012506127357483,0.7774570286273956,0.7699642181396484,-0.05635211989283562,-29.27033007144928,3.340327374491852,-10.411105133983868,0.7320278375524067,0.915093183517456,0.36363636363636365,38.58170509338379,0.891909984616822
12414500,-19.342347979545593,0.7631660401821136,0.8896609544754028,0.8789875507354736,0.008895762264728546,-17.132429778575897,-2.8496075985199765,25.761261946743524,0.8668295908683424,1.0114933252334595,0.5416666666666666,24.547662337621055,0.9456102172612225
12447390,-6.209172680974007,0.6436404883861542,0.7632046788930893,1.0071032047271729,0.007361738942563534,-2.9263798147439957,-5.94164097820276,-744.8514001716076,0.8815416271313478,1.0131596326828003,0.7058823529411765,32.080526912913605,0.8824893423856955
12451000,-12.011867761611938,0.6996764242649078,0.8533713519573212,0.8696056604385376,-0.03134961053729057,-11.518434435129166,-11.673002624306696,30.243891483705966,0.8460069398145807,0.9647842049598694,0.5833333333333334,28.036832809448242,0.9260336118544935
12488500,-13.082215189933777,0.6440680921077728,0.7355287969112396,0.8512982726097107,-0.06595970690250397,-15.731382369995117,1.3685252341667338,6.15303719052988,0.782085964358594,0.9236279129981995,0.6428571428571429,39.66618265424456,0.860208628565074
13011500,-29.71317768096924,0.7492942810058594,0.8394902944564819,0.727591335773468,-0.06895576417446136,-29.464969038963318,-4.876201809275258,20.55950796447336,0.6895589056544751,0.8620626330375671,0.8666666666666667,31.670494079589844,0.9439600543519641
13011900,-16.993556916713715,0.7901834696531296,0.914803758263588,0.8510265946388245,-0.06547247618436813,-16.907717287540436,-3.583927325876596,17.384510671485522,0.8175436946693952,0.9004653096199036,0.8666666666666667,20.7552703221639,0.9655025615309181
13018300,-7.789523154497147,0.7544207870960236,0.9025274068117142,0.9128747582435608,-0.023158494383096695,-9.957437217235565,8.814358874206867,48.955089651672814,0.8955561918493357,0.9696201086044312,1.2,20.808585484822594,0.9510636790442084
13023000,3.5500317811965942,0.8301294147968292,0.9585526138544083,1.0484519004821777,0.02779216691851616,5.837802961468697,9.868101201676872,30.52028966243146,0.9396966624514084,1.0309001207351685,0.9333333333333333,7.006062666575113,0.9817219148235778
13083000,6.85892179608345,0.42062264680862427,0.7104426920413971,1.0808066129684448,0.20679359138011932,5.454447865486145,-16.225012491547368,63.8310428738455,0.814206376379562,1.1250406503677368,1.15,23.71027946472168,0.8888496620149341
13161500,-0.8773094043135643,0.7136250436306,0.8789327368140221,0.9529147744178772,0.034427523612976074,0.16359358560293913,-21.622643833164624,55.75002950999725,0.9045657804593265,1.055487871170044,1.375,29.933297634124756,0.9382604831227626
13235000,-15.003487467765808,0.7657076418399811,0.9231837093830109,0.896468997001648,-0.093545101583004,-15.129449963569641,12.197801718515862,29.41536165623872,0.8473584952426932,0.8924931287765503,1.1764705882352942,24.243884928086224,0.9680151124361095
13240000,-14.949585497379303,0.7650948613882065,0.8812338411808014,0.864880383014679,-0.05250111594796181,-13.577604293823242,-10.98412819495573,59.3250162264599,0.826071189134355,0.9061900973320007,0.8947368421052632,36.9938473952444,0.943487855143359
13310700,-21.67997509241104,0.788602888584137,0.9179772436618805,0.8440642356872559,-0.07668083906173706,-19.983665645122528,4.576786721554667,3.6966218504991524,0.8075837189550905,0.8915309906005859,0.631578947368421,28.392199466103,0.9692992407379929
13313000,-15.421494841575623,0.7845087498426437,0.9233815297484398,0.8776243329048157,-0.04517053812742233,-16.61747097969055,9.985037128596623,-8.253154618428503,0.8524056384833021,0.9247986674308777,0.5294117647058824,25.589435240801645,0.9660433918896688
13331500,-20.061208307743073,0.7653686553239822,0.9001867175102234,0.8312867283821106,-0.06798858195543289,-18.701374530792236,-5.259876002738474,9.099668561473647,0.8050614379657716,0.9109714031219482,0.47619047619047616,34.20141083853586,0.9598654277973919
13337000,-7.084323465824127,0.7749289125204086,0.9177306368947029,0.9144546389579773,0.022472674027085304,-7.87147581577301,-10.715604691056178,47.52588421554305,0.9005446746128747,1.0302726030349731,0.7,19.14141297340393,0.9592946876005615
13338500,6.193557754158974,0.742815762758255,0.9017114192247391,1.0423861742019653,0.10657768696546555,2.0346632227301598,-1.7366207644389464,59.932875590990854,0.8558097170708486,1.1316308975219727,0.9,28.522443771362305,0.9591642712166258
13340000,-7.195710390806198,0.8161323666572571,0.9406323283910751,0.9447805285453796,-0.010324378497898579,-7.8331902623176575,-0.7421289804830158,38.684609775813946,0.935983894211952,0.9871980547904968,0.5,22.34154224395752,0.9702513534527738
13340600,-7.200506329536438,0.7363852262496948,0.8903728798031807,0.9629409909248352,-0.0016545428661629558,-6.883405894041061,12.289081024198218,46.89708478909343,0.9326468557932095,0.9980827569961548,0.5,18.297046422958374,0.943791459188378
14020000,-22.071664035320282,0.6879751980304718,0.802129328250885,0.8501580953598022,-0.05481196194887161,-20.214922726154327,-1.4742829305816862,-97.13434889042894,0.806053317157483,0.9301390051841736,0.48,31.15587043762207,0.8985990098531733
14092750,-20.00715732574463,0.5439045429229736,0.7480722069740295,0.7935101985931396,-0.08479277789592743,-19.70837414264679,7.235690716330829,-2.9230611947390974,0.7428506872894447,0.9147307276725769,0.4444444444444444,35.11546452840169,0.8726544773491504
14096850,5.441270396113396,0.6139151751995087,0.777690514922142,1.1405013799667358,-0.01643400825560093,2.024170942604542,5.824865540863464,18.280527908293994,0.8322764778392369,0.9770896434783936,0.6470588235294118,48.221156176398786,0.9113114568982678
14137000,9.976807236671448,0.6698893904685974,0.8178901672363281,1.0845972299575806,-0.01619062013924122,11.201784759759903,7.7510163704354245,-34.92817673001877,0.8818642837612402,0.9822842478752136,0.2413793103448276,32.40918784305967,0.9194673466139222
14138800,-0.4148106090724468,0.6593541204929352,0.8255188465118408,0.9737758636474609,0.022992728278040886,-0.32976935617625713,-4.640211566788358,27.284995582702486,0.9003201926615776,1.0365172624588013,0.2413793103448276,25.031267363449622,0.9110345673528001
14138870,28.607916831970215,0.6202296316623688,0.7638587355613708,1.2028930187225342,0.13987641036510468,27.617135643959045,-4.410817827213399,27.99711116668753,0.715475512547703,1.185667634010315,0.03225806451612903,37.79947834630166,0.9270881587486544
14138900,2.022249810397625,0.6701143980026245,0.8433483988046646,1.0230982303619385,0.002456954913213849,3.173397481441498,11.669557429048721,-18.39601512986129,0.9202214197635187,1.0032176971435547,0.0967741935483871,23.30860476340017,0.9237062253929728
14139800,-6.387560069561005,0.7237075865268707,0.8658542186021805,0.9468280673027039,0.0019181560492143035,-2.660227008163929,-14.145711398582211,20.100055952228367,0.9125769968798214,1.0026174783706665,0.125,25.49833655357361,0.9306553833757512
14141500,11.810147762298584,0.7014613151550293,0.8266447335481644,1.0696030855178833,0.03421887755393982,11.829287558794022,-0.6305194693013857,17.10787986112187,0.8867401981464563,1.0431742668151855,0.1935483870967742,30.14983207948746,0.9217748385283523
14154500,-1.6401076689362526,0.7665410190820694,0.9118686392903328,0.9860979914665222,0.019624833017587662,-2.84984577447176,-5.666274638701722,13.429595016937803,0.9436991004674326,1.0317132472991943,0.23333333333333334,20.328211784362793,0.955606358646181
14158500,-1.951858401298523,0.5349262654781342,0.7432888150215149,0.9555175304412842,-0.14236627519130707,-4.905631020665169,10.645592709192227,-15.35435254906236,0.8476593998611807,0.9214111566543579,0.8148148148148148,22.40348038850007,0.8773103017600594
14158790,10.356481373310089,0.6601878106594086,0.782264232635498,1.0356152057647705,-0.00145593227352947,4.142415523529053,-14.874031393492757,-3.409474771240231,0.8895688486243521,0.9979594945907593,0.37037037037037035,28.29932106865777,0.8954895572195813
14166500,3.009900078177452,0.749502569437027,0.8722498416900635,1.0613470077514648,0.07128558307886124,4.481871426105499,-0.33082982478561085,35.338190286795154,0.8519473410623439,1.122549295425415,0.25,32.813518047332764,0.9439838893782692
14182500,-11.553101986646652,0.6856522858142853,0.8368466198444366,0.9077475666999817,0.010050584562122822,-7.7039934694767,4.525233297597071,34.54572318619629,0.8735382639328222,1.01536226272583,0.32142857142857145,26.240583828517366,0.914876207067044
14185000,7.355619966983795,0.76920185983181,0.9018477648496628,1.0526297092437744,0.007493121549487114,5.132245644927025,-0.38970959401100647,4.634559551417524,0.9297676013560144,1.0106029510498047,0.2413793103448276,22.27642125096814,0.9547199718061161
14185900,12.448754906654358,0.7376321852207184,0.875872515141964,1.0511767864227295,0.01835070364177227,7.5251467525959015,-7.888530307618341,25.06863349378082,0.9185762531069088,1.0262455940246582,0.3333333333333333,26.09337011973063,0.9423637971076744
14187000,8.98074209690094,0.7834006398916245,0.9092064127326012,1.0234357118606567,0.0044060866348445415,3.9650559425354004,-2.5363738682720816,13.271398070081789,0.9496447814343251,1.0065892934799194,0.48148148148148145,21.054938987449365,0.9559205642298287
14216500,8.39841216802597,0.6765334010124207,0.817723274230957,1.0318598747253418,0.005488641560077667,11.264023929834366,-13.682595633775726,-16.697674541153937,0.9064028360048981,1.0057786703109741,0.2962962962962963,23.666909888938623,0.9121820948789565
14222500,3.3571485430002213,0.7528847455978394,0.8979681357741356,1.0365755558013916,0.04646649584174156,5.382783338427544,1.3857071974449844,14.481290699234743,0.9134136487931103,1.062453269958496,0.2692307692307692,20.208483475905197,0.9524709141195273
14236200,0.24508701171725988,0.7179975509643555,0.8901314213871956,1.0022855997085571,0.008198253810405731,0.49485722556710243,11.882004235528964,-27.64221889178422,0.9440599339072541,1.011135458946228,0.2413793103448276,17.40832493222993,0.9452271181834487
14301000,4.701605439186096,0.8280457109212875,0.9314175173640251,1.0128284692764282,-0.0016342647140845656,0.3339275252074003,-9.90527441856542,-4.507031348340285,0.9637858115208398,0.9975117444992065,0.5833333333333334,22.496473789215088,0.9662256545912338
14303200,-11.150886863470078,0.7385804951190948,0.8772085830569267,0.9317939281463623,-0.04313405230641365,-9.646835923194885,-5.64432800047888,-9.286412973029265,0.8868403187278251,0.9347321391105652,0.2608695652173913,27.758270761241082,0.9376048754882723
14305500,-6.1098504811525345,0.7920403629541397,0.9058142974972725,0.9577091932296753,-0.003627452766522765,-4.950939118862152,7.0275230217508176,11.842856229201917,0.9356088906577281,0.9943966269493103,0.18181818181818182,25.748289715160023,0.9517682175790871
14306340,2.9976410791277885,0.6556549966335297,0.7983153313398361,1.0315383672714233,0.10516142845153809,3.886798769235611,-14.935711006220984,13.298744223119282,0.7911963438166334,1.1848124265670776,0.25,37.25038369496663,0.9080833790232534
14306500,19.924122095108032,0.7835500985383987,0.834442675113678,1.1608974933624268,0.06834331154823303,17.1115905046463,0.8256428445745774,6.528176019081979,0.7995450293526916,1.104467511177063,0.22727272727272727,39.363306218927555,0.9418559461735652
14308990,0.940949097275734,0.7232668697834015,0.8360335528850555,0.9367586374282837,-0.05881628766655922,-3.0034691095352173,-2.5005006618668792,-68.02912138442693,0.8442677653018701,0.8847842812538147,0.3684210526315789,34.22653800562808,0.9164631989004483
14309500,1.9296841695904732,0.7071585059165955,0.8155242949724197,1.0283466577529907,0.04427595064043999,1.1093590408563614,-19.171530680784798,32.41193152296858,0.8729868302720105,1.0867342948913574,0.22727272727272727,32.0484226400202,0.9116485746109043
14316700,2.3108216002583504,0.7708752453327179,0.9086783602833748,1.0070624351501465,0.00023204612080007792,0.6783605087548494,-6.3501259298417905,8.722836647590956,0.9541355997000178,1.0003772974014282,0.25925925925925924,17.915407816569008,0.9546841874033152
14325000,-7.711523771286011,0.7204962074756622,0.833911269903183,0.9465553760528564,-0.008087880909442902,-8.394316583871841,-14.836042591603357,29.484516044740257,0.8976008117428281,0.9858377575874329,0.28,25.908687591552738,0.9138101118649999
14362250,6.662922352552414,0.6997913122177124,0.8008144795894623,1.0772777795791626,-0.007377858739346266,0.18229535780847073,12.426810158752968,-6.724750789140492,0.8800137897526348,0.9803165793418884,0.21428571428571427,37.24419048854283,0.9103484613403924
14400000,-3.9452217519283295,0.763062134385109,0.8906545639038086,0.9937069416046143,-0.00016961463552433997,-2.7848094701766968,20.44046847879814,-19.78418664502066,0.9446413987319993,0.9997158646583557,0.4782608695652174,23.664982422538426,0.9450009871225912
